"Probe_ID","Gene","PC_ME_Other","PC_ME_Other_Label","N_MGUS","N_GEP70_High","Mean_MGUS","Mean_GEP70_High","Log2FC_GEP70_High_vs_MGUS","FoldChange_GEP70_High_over_MGUS","T_Statistic","B_Statistic","PValue","FDR"
"PROBE0972_at","GENE0972",0,"Other",45,43,6.97465955555556,6.93711139534884,-0.0375481602067227,0.974309366154931,-0.346018982839024,-7.00125173335528,0.730087168375072,0.999330380285523
"PROBE0973_at","GENE0973",1,"PlasmaCells",45,43,10.3325313333333,10.3230906976744,-0.00944063565891007,0.99347761371731,-0.0905937631940228,-7.05715090343116,0.928004528927322,0.999330380285523
"PROBE0974_at","GENE0974",1,"PlasmaCells",45,43,8.76107844444445,8.60321581395349,-0.157862630490955,0.896352043716818,-1.38918486854808,-6.10299726376784,0.167997098684156,0.989347380354554
"PROBE0975_at","GENE0975",0,"Other",45,43,9.37489,9.45318720930232,0.078297209302324,1.05577119443802,0.677216236348821,-6.83178619331218,0.499900823193443,0.999330380285523
"PROBE0976_at","GENE0976",2,"Microenvironment",45,43,9.74104266666667,9.70168627906977,-0.0393563875968912,0.973088963215311,-0.340045025339537,-7.00330491267466,0.734567039848589,0.999330380285523
"PROBE0977_at","GENE0977",2,"Microenvironment",45,43,6.34363577777778,6.25788395348837,-0.0857518242894031,0.942293355428292,-0.840144919477454,-6.70854001899287,0.402918946455694,0.999330380285523
"PROBE0978_at","GENE0978",2,"Microenvironment",45,43,11.3484755555556,11.3808681395349,0.0323925839793198,1.02270679016401,0.281162142946348,-7.02163305296438,0.77919238724642,0.999330380285523
"PROBE0979_at","GENE0979",0,"Other",45,43,9.82289155555556,9.65537279069767,-0.167518764857876,0.890372682473974,-1.38341912701064,-6.11085670201867,0.169751623270427,0.989347380354554
"PROBE0980_at","GENE0980",1,"PlasmaCells",45,43,9.15315111111111,9.06026,-0.0928911111111095,0.937641863268436,-0.828589385293495,-6.71814169346192,0.409396327218917,0.999330380285523
"PROBE0981_at","GENE0981",0,"Other",45,43,8.07662444444444,8.06041604651163,-0.0162083979328145,0.988828069414745,-0.168827577887696,-7.04697311290245,0.866288201207703,0.999330380285523
"PROBE0982_at","GENE0982",1,"PlasmaCells",45,43,7.127998,7.06838837209302,-0.0596096279069762,0.959523717229889,-0.586515360476525,-6.88903612169984,0.558908701522459,0.999330380285523
"PROBE0983_at","GENE0983",2,"Microenvironment",45,43,8.31746955555556,8.47425,0.156780444444447,1.11479655126891,1.2866685664345,-6.23804355156699,0.201310252274268,0.999330380285523
"PROBE0984_at","GENE0984",0,"Other",45,43,8.26662666666667,8.25478046511628,-0.0118462015503873,0.991822458297855,-0.103961209721782,-7.0558465824472,0.917417458063198,0.999330380285523
"PROBE0985_at","GENE0985",1,"PlasmaCells",45,43,7.44822422222222,7.54600465116279,0.0977804289405659,1.07012581816822,1.02295257986509,-6.53926796640745,0.308906393885962,0.999330380285523
"PROBE0986_at","GENE0986",1,"PlasmaCells",45,43,8.54774666666667,8.34463627906977,-0.203110387596901,0.868675716014253,-2.06867972675355,-4.96169738507999,0.0412698888802848,0.471655872917541
"PROBE0987_at","GENE0987",2,"Microenvironment",45,43,9.27844133333333,9.38094139534884,0.102500062015505,1.07363236067908,0.89801373236714,-6.65848678111191,0.371429545603919,0.999330380285523
"PROBE0988_at","GENE0988",2,"Microenvironment",45,43,7.24899866666667,7.3058188372093,0.0568201705426352,1.04017060296301,0.498614553106664,-6.93672980971859,0.619193824544538,0.999330380285523
"PROBE0989_at","GENE0989",1,"PlasmaCells",45,43,8.811964,8.88897604651163,0.0770120465116282,1.05483112487706,0.615180198118237,-6.87182398322421,0.539894268364539,0.999330380285523
"PROBE0990_at","GENE0990",2,"Microenvironment",45,43,8.75354222222222,8.72817,-0.0253722222222201,0.982567058837772,-0.210729813092506,-7.03899894592403,0.833545676185807,0.999330380285523
"PROBE0991_at","GENE0991",1,"PlasmaCells",45,43,8.18418088888889,8.26925418604651,0.0850732971576171,1.0607416317396,0.762429407645212,-6.77058895764451,0.447676860246216,0.999330380285523
"PROBE0992_at","GENE0992",0,"Other",45,43,8.99977711111111,9.07469674418605,0.0749196330749307,1.05330235894606,0.68947201087718,-6.8234259247936,0.492192894052477,0.999330380285523
"PROBE0993_at","GENE0993",2,"Microenvironment",45,43,10.2317017777778,10.3427037209302,0.111001943152456,1.07997801444419,0.899404755739972,-6.65724327382004,0.370692204803109,0.999330380285523
"PROBE0994_at","GENE0994",0,"Other",45,43,10.6266517777778,10.486841627907,-0.139810149870797,0.907638587325208,-1.25078791889475,-6.28294968522482,0.214057951093026,0.999330380285523
"PROBE0995_at","GENE0995",1,"PlasmaCells",45,43,8.93370244444444,8.83074093023256,-0.102961514211882,0.931119658340725,-0.93250473954597,-6.62709561458959,0.353419879959514,0.999330380285523
"PROBE0996_at","GENE0996",2,"Microenvironment",45,43,9.99333311111111,10.0798830232558,0.0865499121447026,1.06182786880745,0.74762394339301,-6.78173590621613,0.456518190764454,0.999330380285523
"PROBE0997_at","GENE0997",1,"PlasmaCells",45,43,7.82449133333333,7.88438976744186,0.0598984341085274,1.04239237371878,0.602738841438228,-6.87939463318029,0.54810655789671,0.999330380285523
"PROBE0998_at","GENE0998",0,"Other",45,43,8.41396066666667,8.39087139534884,-0.0230892713178292,0.984123124419328,-0.193490198128559,-7.04249272678983,0.846984719184047,0.999330380285523
"PROBE0999_at","GENE0999",1,"PlasmaCells",45,43,7.26215488888889,7.24449488372093,-0.0176600051679543,0.987833633270708,-0.133869810887333,-7.05227931133014,0.893786338525619,0.999330380285523
"PROBE1000_at","GENE1000",0,"Other",45,43,8.68010533333333,8.67943186046512,-0.000673472868218283,0.999533293121763,-0.00511484641057283,-7.06125415665436,0.995929596398483,0.999330380285523
"PROBE1001_at","GENE1001",0,"Other",45,43,8.97330244444444,9.08113209302326,0.107829648578816,1.07760589532775,0.896016777861845,-6.6602686529812,0.372489687204449,0.999330380285523
"PROBE1002_at","GENE1002",2,"Microenvironment",45,43,8.38039044444444,8.39537279069767,0.0149823462532286,1.01043908202697,0.113994349246929,-7.05474988315438,0.909480826996057,0.999330380285523
"PROBE1003_at","GENE1003",0,"Other",45,43,8.14666644444444,8.24449302325581,0.0978265788113681,1.07016005059902,0.855300779281163,-6.69574820057487,0.394518614160279,0.999330380285523
"PROBE1004_at","GENE1004",2,"Microenvironment",45,43,9.02116066666667,9.02080860465116,-0.000352062015503307,0.999755998979664,-0.00335293790389759,-7.0612616399026,0.997331719524952,0.999330380285523
"PROBE1005_at","GENE1005",0,"Other",45,43,8.90724711111111,8.81855697674419,-0.0886901343669209,0.940376157152685,-0.830834564752097,-6.7162863965011,0.408132904613582,0.999330380285523
"PROBE1006_at","GENE1006",1,"PlasmaCells",45,43,9.02089888888889,8.91009,-0.110808888888887,0.92606868898793,-1.0865852508531,-6.47271775357372,0.279946488500778,0.999330380285523
"PROBE1007_at","GENE1007",1,"PlasmaCells",45,43,6.74743244444444,6.78683209302326,0.0393996485788115,1.02768608470587,0.330884474205924,-7.00638399972284,0.741454346881253,0.999330380285523
"PROBE1008_at","GENE1008",1,"PlasmaCells",45,43,9.73034377777778,9.76922465116279,0.0388808733850166,1.02731660800482,0.348133171444761,-7.00051656665253,0.72850396734229,0.999330380285523
"PROBE1009_at","GENE1009",1,"PlasmaCells",45,43,7.41769866666667,7.44919023255814,0.0314915658914758,1.02206827017093,0.299644791855525,-7.01625347970045,0.76509724829195,0.999330380285523
"PROBE1010_at","GENE1010",2,"Microenvironment",45,43,11.9328497777778,12.0734188372093,0.14056905943152,1.10233983919972,1.29780409742722,-6.22385752875673,0.197470685854742,0.999330380285523
"PROBE1011_at","GENE1011",2,"Microenvironment",45,43,9.66821311111111,9.70508418604651,0.0368710749353962,1.02588646387653,0.323578266878223,-7.00877966045304,0.746962628316654,0.999330380285523
"PROBE1012_at","GENE1012",1,"PlasmaCells",45,43,8.95875933333333,9.00366465116279,0.0449053178294569,1.03161547351832,0.379959600523008,-6.98890994353879,0.704816427176237,0.999330380285523
"PROBE1013_at","GENE1013",1,"PlasmaCells",45,43,8.07624155555555,8.0727111627907,-0.00353039276485489,0.997555909872638,-0.0341738755016748,-7.06068151442368,0.972809598804824,0.999330380285523
"PROBE1014_at","GENE1014",2,"Microenvironment",45,43,8.66498044444444,8.53784744186047,-0.12713300258398,0.915649268485652,-1.20199622165339,-6.34204124966893,0.232327688055164,0.999330380285523
"PROBE1015_at","GENE1015",1,"PlasmaCells",45,43,8.72050133333333,8.76673,0.0462286666666678,1.03256218326395,0.414099870806286,-6.97533504420106,0.679726605720258,0.999330380285523
"PROBE1016_at","GENE1016",2,"Microenvironment",45,43,8.74264288888889,8.72295767441861,-0.0196852144702877,0.986447916750367,-0.166235790041429,-7.04740855995787,0.868321722684614,0.999330380285523
"PROBE1017_at","GENE1017",0,"Other",45,43,9.63864755555556,9.63975162790698,0.00110407235142063,1.00076557754252,0.00953715551894309,-7.06122165668938,0.992410397994874,0.999330380285523
"PROBE1018_at","GENE1018",0,"Other",45,43,6.68177155555556,6.75971372093023,0.0779421653746777,1.05551140354634,0.735867486250078,-6.79043338769449,0.463609213920465,0.999330380285523
"PROBE1019_at","GENE1019",2,"Microenvironment",45,43,8.01794866666667,8.03046906976744,0.0125204031007726,1.00871624930956,0.0989709000934175,-7.05635447088721,0.921368166768203,0.999330380285523
"PROBE1020_at","GENE1020",2,"Microenvironment",45,43,8.73604155555556,8.81675139534884,0.0807098397932844,1.05753824619204,0.718017686684312,-6.803378146688,0.474493697691232,0.999330380285523
"PROBE1021_at","GENE1021",1,"PlasmaCells",45,43,7.69872977777778,7.73747162790698,0.0387418501292016,1.02721761687058,0.405189263026904,-6.978990285113,0.68624177321516,0.999330380285523
"PROBE1022_at","GENE1022",1,"PlasmaCells",45,43,6.84747933333333,6.83219906976744,-0.0152802635658906,0.989464420525817,-0.120234082033859,-7.05401692355816,0.90454951054783,0.999330380285523
"PROBE1023_at","GENE1023",2,"Microenvironment",45,43,8.99180533333333,9.11547860465116,0.123673271317836,1.08950534283617,1.12820168908855,-6.42707539017076,0.262052160475045,0.999330380285523
"PROBE1024_at","GENE1024",2,"Microenvironment",45,43,8.52933044444444,8.51505697674419,-0.0142734677002565,0.990155166899365,-0.124551456869552,-7.05348692559711,0.901139626191114,0.999330380285523
"PROBE1025_at","GENE1025",1,"PlasmaCells",45,43,9.90793066666667,9.94858418604651,0.0406535193798447,1.02857965241477,0.408694873261127,-6.97756169437514,0.683675716416016,0.999330380285523
"PROBE1026_at","GENE1026",1,"PlasmaCells",45,43,8.54331333333333,8.60366162790698,0.0603482945736431,1.04271746268305,0.510721443393673,-6.9306169566562,0.610720982450353,0.999330380285523
"PROBE1027_at","GENE1027",1,"PlasmaCells",45,43,6.53637911111111,6.34920209302326,-0.187177018087855,0.878322691793577,-1.5150370152036,-5.92365347482243,0.133055488394746,0.927215947001714
"PROBE1028_at","GENE1028",2,"Microenvironment",45,43,8.97402866666667,9.01464186046512,0.0406131937984515,1.02855090240757,0.3623068377521,-6.99547261708298,0.717920740434848,0.999330380285523
"PROBE1029_at","GENE1029",1,"PlasmaCells",45,43,8.58476355555556,8.62615581395349,0.0413922583979307,1.02910647650236,0.365727284340292,-6.99422532825184,0.715374875687522,0.999330380285523
"PROBE1030_at","GENE1030",1,"PlasmaCells",45,43,8.74760533333333,8.62438534883721,-0.123219984496124,0.918136152726632,-1.07372284604727,-6.48648603075798,0.285643911982098,0.999330380285523
"PROBE1031_at","GENE1031",1,"PlasmaCells",45,43,8.255802,8.18576093023256,-0.070041069767445,0.952610879309176,-0.60018779263875,-6.88092800102669,0.549798167856449,0.999330380285523
"PROBE1032_at","GENE1032",2,"Microenvironment",45,43,10.5567564444444,10.5482495348837,-0.00850690956072064,0.994120810097576,-0.0694853001961625,-7.05884562550424,0.944748162823473,0.999330380285523
"PROBE1033_at","GENE1033",0,"Other",45,43,9.131628,9.24735953488372,0.115731534883725,1.08352431955205,1.03583393398019,-6.52611275254321,0.302887135388756,0.999330380285523
"PROBE1034_at","GENE1034",2,"Microenvironment",45,43,10.0540142222222,9.97128046511628,-0.0827337571059417,0.944266663246002,-0.678943937091747,-6.83061663402535,0.498810307939029,0.999330380285523
"PROBE1035_at","GENE1035",0,"Other",45,43,7.70262688888889,7.67376860465116,-0.028858284237729,0.980195695119564,-0.248791317950599,-7.03023124103265,0.804054773569335,0.999330380285523
"PROBE1036_at","GENE1036",0,"Other",45,43,8.03842555555556,7.94417674418605,-0.0942488113695088,0.936759876616151,-0.913874985587197,-6.64419539583088,0.363076787707284,0.999330380285523
"PROBE1037_at","GENE1037",0,"Other",45,43,9.25602088888889,9.24276651162791,-0.0132543772609814,0.990854839462322,-0.124798771984277,-7.05345599939693,0.900944350950421,0.999330380285523
"PROBE1038_at","GENE1038",2,"Microenvironment",45,43,7.39204733333333,7.41268837209302,0.0206410387596883,1.01441011678265,0.180418584265705,-7.04494332562451,0.857205061653239,0.999330380285523
"PROBE1039_at","GENE1039",2,"Microenvironment",45,43,9.68196177777778,9.8089176744186,0.126955896640832,1.09198716305781,1.13786941762262,-6.41623332230095,0.258012680074093,0.999330380285523
"PROBE1040_at","GENE1040",2,"Microenvironment",45,43,9.68553422222222,9.67821162790698,-0.00732259431524795,0.994937223668867,-0.0629116223835722,-7.05928214469911,0.949967951454169,0.999330380285523
"PROBE1041_at","GENE1041",1,"PlasmaCells",45,43,8.62453044444444,8.63439348837209,0.00986304392765014,1.00685996358308,0.0788306462149953,-7.05815044893996,0.937331748608417,0.999330380285523
"PROBE1042_at","GENE1042",2,"Microenvironment",45,43,9.09672177777778,9.30555720930233,0.208835431524555,1.15575486187609,1.8433734644767,-5.38664020583945,0.0683660455431746,0.662755571257945
"PROBE1043_at","GENE1043",2,"Microenvironment",45,43,7.67531155555556,7.83161348837209,0.156301932816537,1.11442685799261,1.33051124139175,-6.18150879046456,0.186508207217304,0.999330380285523
"PROBE1044_at","GENE1044",2,"Microenvironment",45,43,8.65381844444445,8.70345558139535,0.0496371369509063,1.03500456933974,0.445964408969701,-6.96161577622794,0.656629218987743,0.999330380285523
"PROBE1045_at","GENE1045",1,"PlasmaCells",45,43,6.63334911111111,6.56110720930233,-0.0722419018087859,0.951158778784956,-0.657171733085136,-6.84513942102378,0.512646201948118,0.999330380285523
"PROBE1046_at","GENE1046",1,"PlasmaCells",45,43,9.35971155555556,9.37858674418605,0.0188751886304885,1.01316924441238,0.156517420392346,-7.04898139104739,0.875954546465737,0.999330380285523
"PROBE1047_at","GENE1047",2,"Microenvironment",45,43,9.34722711111111,9.35790744186047,0.0106803307493539,1.00743051140144,0.0936091404981357,-7.05687233205343,0.925615138316802,0.999330380285523
"PROBE1048_at","GENE1048",0,"Other",45,43,10.2095762222222,10.1326958139535,-0.0768804082687353,0.948105554769632,-0.726604864364235,-6.79718992144881,0.469239678708626,0.999330380285523
"PROBE1049_at","GENE1049",2,"Microenvironment",45,43,8.33512466666667,8.31659697674419,-0.0185276899224807,0.987239695911608,-0.161216653973651,-7.04823268269874,0.872262251131506,0.999330380285523
"PROBE1050_at","GENE1050",2,"Microenvironment",45,43,7.17318066666667,7.35655813953488,0.18337747286822,1.13553917058081,1.56774666836414,-5.84413816683348,0.120237432866067,0.882920735322926
"PROBE1051_at","GENE1051",2,"Microenvironment",45,43,10.7311364444444,10.7354109302326,0.00427448578811429,1.00296724134393,0.0368630188857899,-7.06058570036102,0.970670928617778,0.999330380285523
"PROBE1052_at","GENE1052",1,"PlasmaCells",45,43,7.58934822222222,7.55806790697674,-0.0312803152454775,0.978551499640502,-0.289894217671005,-7.01913408120857,0.772523666095547,0.999330380285523
"PROBE1053_at","GENE1053",1,"PlasmaCells",45,43,9.42556488888889,9.38475069767442,-0.0408141912144693,0.972106180230911,-0.394403483501734,-6.98330873775104,0.694159769602637,0.999330380285523
"PROBE1054_at","GENE1054",1,"PlasmaCells",45,43,11.0511257777778,10.982038372093,-0.0690874056847548,0.953240791441551,-0.600195407612049,-6.88092343347261,0.549793114453048,0.999330380285523
"PROBE1055_at","GENE1055",0,"Other",45,43,8.34598888888889,8.42612790697674,0.0801390180878574,1.05711989972266,0.722615380655102,-6.80007393516719,0.471676549566422,0.999330380285523
"PROBE1056_at","GENE1056",0,"Other",45,43,8.04597466666667,8.18416651162791,0.138191844961238,1.10052494391512,1.30838962151967,-6.21026280576407,0.193871487291642,0.999330380285523
"PROBE1057_at","GENE1057",0,"Other",45,43,8.70496222222222,8.58168720930233,-0.123275012919898,0.918101133113811,-1.10589985747048,-6.45174255465309,0.271539234293732,0.999330380285523
"PROBE1058_at","GENE1058",2,"Microenvironment",45,43,8.67752666666667,8.69594813953488,0.0184214728682193,1.01285066109013,0.175237898160725,-7.04586719530279,0.861262540291431,0.999330380285523
"PROBE1059_at","GENE1059",0,"Other",45,43,7.83668333333333,8.00467186046512,0.16798852713178,1.12349096856198,1.38233361986652,-6.11233287425641,0.170083500147526,0.989347380354554
"PROBE1060_at","GENE1060",1,"PlasmaCells",45,43,7.72387533333333,7.88221651162791,0.15834117829457,1.11600321111863,1.2855712976983,-6.23943501939633,0.201691567317617,0.999330380285523
"PROBE1061_at","GENE1061",2,"Microenvironment",45,43,10.6444771111111,10.6521913953488,0.00771428423772313,1.00536145580724,0.067671223189369,-7.05897041780976,0.946188388588239,0.999330380285523
"PROBE1062_at","GENE1062",0,"Other",45,43,8.53592666666667,8.5182176744186,-0.0177089922480622,0.987800091695809,-0.159718572167717,-7.04847376895817,0.873439025403506,0.999330380285523
"PROBE1063_at","GENE1063",0,"Other",45,43,8.56033888888889,8.53236837209302,-0.0279705167958681,0.980799047589061,-0.233624653271804,-7.03389885004233,0.815774865512216,0.999330380285523
"PROBE1064_at","GENE1064",2,"Microenvironment",45,43,10.3733373333333,10.4646874418605,0.0913501085271324,1.06536671174405,0.784135523511899,-6.75385629540235,0.434895078639258,0.999330380285523
"PROBE1065_at","GENE1065",1,"PlasmaCells",45,43,7.98802777777778,8.03234744186046,0.0443196640826855,1.03119678014432,0.359167316444087,-6.99660717726994,0.720260314780501,0.999330380285523
"PROBE1066_at","GENE1066",1,"PlasmaCells",45,43,7.41076911111111,7.66293162790698,0.252162516795865,1.19099100463344,2.48825524079541,-4.05271647816375,0.0145636069366067,0.207311130770202
"PROBE1067_at","GENE1067",0,"Other",45,43,7.72629111111111,7.64184325581395,-0.0844478552971584,0.943145425155297,-0.730841578659022,-6.79410999128444,0.466659554699669,0.999330380285523
"PROBE1068_at","GENE1068",2,"Microenvironment",45,43,8.77545622222222,8.92628,0.150823777777775,1.11020321631417,1.32438049086725,-6.18952417841887,0.188527511449296,0.999330380285523
"PROBE1069_at","GENE1069",0,"Other",45,43,9.26097288888889,9.18294744186047,-0.0780254470284252,0.947353360525537,-0.729307039207221,-6.79522758840526,0.467593151858098,0.999330380285523
"PROBE1070_at","GENE1070",2,"Microenvironment",45,43,8.50763555555556,8.64774906976744,0.140113514211885,1.10199181944752,1.19820538562093,-6.34653689937517,0.233792846856639,0.999330380285523
"PROBE1071_at","GENE1071",0,"Other",45,43,8.65690933333333,8.52510674418605,-0.131802589147282,0.912690367781354,-1.13603335971581,-6.41829933247719,0.258776449844895,0.999330380285523
"PROBE1072_at","GENE1072",1,"PlasmaCells",45,43,9.00705777777778,8.87493302325581,-0.132124754521962,0.912486579456048,-1.20961582637412,-6.33296329865159,0.22940275715922,0.999330380285523
"PROBE1073_at","GENE1073",0,"Other",45,43,8.45537844444445,8.60311069767442,0.147732253229973,1.10782672952831,1.31983855808295,-6.19543932679099,0.190034031925854,0.999330380285523
"PROBE1074_at","GENE1074",0,"Other",45,43,9.24805488888889,9.27146488372093,0.0234099948320399,1.01635893771135,0.228281528594505,-7.03513605791777,0.819913923163845,0.999330380285523
"PROBE1075_at","GENE1075",2,"Microenvironment",45,43,8.59538244444444,8.57926581395349,-0.0161166304909539,0.988890969130791,-0.154719853430669,-7.04926193648863,0.877367666005668,0.999330380285523
"PROBE1076_at","GENE1076",1,"PlasmaCells",45,43,7.15342266666667,7.11523023255814,-0.0381924341085247,0.97387435949243,-0.380520800590284,-6.98869620482619,0.704401258107516,0.999330380285523
"PROBE1077_at","GENE1077",2,"Microenvironment",45,43,8.90425022222222,8.7794776744186,-0.124772547803616,0.917148627486437,-1.1159150601625,-6.44072448410349,0.267249659412868,0.999330380285523
"PROBE1078_at","GENE1078",0,"Other",45,43,8.09857244444444,7.99637720930233,-0.102195235142119,0.931614348489356,-0.974181444760359,-6.5876155873801,0.332419808796497,0.999330380285523
"PROBE1079_at","GENE1079",1,"PlasmaCells",45,43,7.35597666666667,7.41063604651163,0.0546593798449635,1.03861385771952,0.509666736103142,-6.93115528541512,0.61145702545412,0.999330380285523
"PROBE1080_at","GENE1080",2,"Microenvironment",45,43,9.66026911111111,9.62103302325581,-0.0392360878552953,0.973170108036835,-0.335528834705034,-7.00483339887271,0.737959841758112,0.999330380285523
"PROBE1081_at","GENE1081",0,"Other",45,43,7.43109066666667,7.49738697674419,0.0662963100775205,1.04702530474975,0.523980182547564,-6.92375522247764,0.601502444333784,0.999330380285523
"PROBE1082_at","GENE1082",0,"Other",45,43,10.7704591111111,10.7674358139535,-0.00302329715762006,0.997906604314724,-0.0247962095976014,-7.06095888445698,0.980269089720071,0.999330380285523
"PROBE1083_at","GENE1083",1,"PlasmaCells",45,43,8.72737666666667,8.67272953488372,-0.0546471317829464,0.962829912496456,-0.438933868718831,-6.9647298305134,0.661697793910641,0.999330380285523
"PROBE1084_at","GENE1084",1,"PlasmaCells",45,43,8.47845222222222,8.65275441860465,0.174302196382431,1.12841847865162,1.54261199056784,-5.88237777504442,0.126221735620369,0.896779649167807
"PROBE1085_at","GENE1085",2,"Microenvironment",45,43,10.0239442222222,10.0528281395349,0.0288839173126654,1.0202225664024,0.267378110072756,-7.02542252193867,0.789752806410785,0.999330380285523
"PROBE1086_at","GENE1086",1,"PlasmaCells",45,43,8.82346466666667,8.66297674418605,-0.16048792248062,0.894722422757802,-1.56331455785076,-5.85092377188024,0.12127597243016,0.883613642478398
"PROBE1087_at","GENE1087",1,"PlasmaCells",45,43,7.92237977777778,7.7799476744186,-0.142432103359173,0.905990543288873,-1.22134489752642,-6.31888065884143,0.224952497514212,0.999330380285523
"PROBE1088_at","GENE1088",2,"Microenvironment",45,43,9.48563644444445,9.4060988372093,-0.0795376072351424,0.946360912702698,-0.74747035876454,-6.78185040721509,0.456610425912798,0.999330380285523
"PROBE1089_at","GENE1089",2,"Microenvironment",45,43,8.80007088888889,8.98619813953488,0.186127250645997,1.13770557297693,1.71428215891508,-5.60956828197469,0.0897104140756242,0.760257746403595
"PROBE1090_at","GENE1090",1,"PlasmaCells",45,43,8.21320955555556,8.15849744186047,-0.054712113695091,0.962786545660105,-0.540694252381447,-6.91485616869972,0.589973247764452,0.999330380285523
"PROBE1091_at","GENE1091",0,"Other",45,43,8.57827355555555,8.53810441860465,-0.0401691369509063,0.972540923142166,-0.366457406626727,-6.99395757063182,0.714831855088004,0.999330380285523
"PROBE1092_at","GENE1092",2,"Microenvironment",45,43,9.46412755555555,9.31680093023256,-0.147326625322997,0.902922065976066,-1.374715368268,-6.12266154738285,0.172426573442307,0.995409041977317
"PROBE1093_at","GENE1093",1,"PlasmaCells",45,43,6.32180422222222,6.21940139534884,-0.102402826873384,0.931480306632506,-0.873627722264164,-6.67997917438165,0.384505619872587,0.999330380285523
"PROBE1094_at","GENE1094",0,"Other",45,43,8.86931044444444,8.84727627906977,-0.0220341653746772,0.984843119925932,-0.210609413397489,-7.03902437858398,0.83363936688416,0.999330380285523
"PROBE1095_at","GENE1095",1,"PlasmaCells",45,43,8.276664,8.28445255813953,0.00778855813953783,1.0054132159077,0.0684764011146784,-7.0589154361474,0.94554912217203,0.999330380285523
"PROBE1096_at","GENE1096",1,"PlasmaCells",45,43,8.13402177777778,8.14547093023256,0.011449152454782,1.00796752084269,0.102152081942448,-7.05603359202326,0.918849467170787,0.999330380285523
"PROBE1097_at","GENE1097",2,"Microenvironment",45,43,8.89084577777778,8.9154988372093,0.0246530594315271,1.01723503711275,0.24178212223181,-7.03195483370452,0.809465768407351,0.999330380285523
"PROBE1098_at","GENE1098",0,"Other",45,43,7.57101844444444,7.53551534883721,-0.0355030956072362,0.975691459000509,-0.322662964557886,-7.00907602064996,0.747653624246265,0.999330380285523
"PROBE1099_at","GENE1099",2,"Microenvironment",45,43,9.16002888888889,9.08096069767442,-0.0790681912144766,0.946668884408893,-0.693818926061115,-6.82042501467041,0.489474657713519,0.999330380285523
"PROBE1100_at","GENE1100",0,"Other",45,43,9.62922288888889,9.57563418604651,-0.053588702842374,0.963536548987102,-0.43374082983244,-6.96699835039155,0.665451801644777,0.999330380285523
"PROBE1101_at","GENE1101",1,"PlasmaCells",45,43,7.22806288888889,7.29915348837209,0.071090599483207,1.05051051271409,0.69651855132188,-6.81855191961308,0.487790654522139,0.999330380285523
"PROBE1102_at","GENE1102",1,"PlasmaCells",45,43,7.06334355555556,6.97813604651163,-0.0852075090439257,0.942648940908068,-0.716177233901519,-6.80469497239387,0.475624025121305,0.999330380285523
"PROBE1103_at","GENE1103",0,"Other",45,43,9.92299555555556,9.86897162790698,-0.0540239276485739,0.963245918086012,-0.469937172408567,-6.95062706280743,0.639467857977278,0.999330380285523
"PROBE1104_at","GENE1104",1,"PlasmaCells",45,43,7.73748755555556,7.56970186046512,-0.167785695090436,0.890207959233803,-1.65721896481427,-5.70326520985306,0.100746571581811,0.799575964935009
"PROBE1105_at","GENE1105",0,"Other",45,43,8.23780733333333,8.15234255813954,-0.0854647751937989,0.942480859618966,-0.817550433135779,-6.72719170703227,0.415642535110364,0.999330380285523
"PROBE1106_at","GENE1106",1,"PlasmaCells",45,43,8.77108844444444,8.76197697674419,-0.00911146770025795,0.993704313261219,-0.0986269414583258,-7.05638855727219,0.921640544353794,0.999330380285523
"PROBE1107_at","GENE1107",1,"PlasmaCells",45,43,7.60625,7.76052534883721,0.154275348837213,1.11286249821578,1.30670603557089,-6.21243211847735,0.194440631480532,0.999330380285523
"PROBE1108_at","GENE1108",1,"PlasmaCells",45,43,7.79285088888889,7.70041162790698,-0.0924392609819114,0.937935577420752,-0.824200635826009,-6.72175403145962,0.411872808354003,0.999330380285523
"PROBE1109_at","GENE1109",0,"Other",45,43,10.5918148888889,10.3916051162791,-0.200209772609817,0.870423991579647,-1.73475678768071,-5.5752222065002,0.0859999254045857,0.747825438300745
"PROBE1110_at","GENE1110",0,"Other",45,43,8.03081866666667,8.20502325581395,0.174204589147287,1.12834213675062,1.47013839714192,-5.98934078807785,0.144800876477924,0.950935725171886
"PROBE1111_at","GENE1111",2,"Microenvironment",45,43,9.72928,9.67040534883721,-0.0588746511627836,0.960012668301494,-0.523088335093581,-6.92422226143042,0.602120524057223,0.999330380285523
"PROBE1112_at","GENE1112",0,"Other",45,43,7.83125333333333,7.89065697674419,0.0594036434108549,1.0420349332334,0.598242500207501,-6.88209292719796,0.551089852349215,0.999330380285523
"PROBE1113_at","GENE1113",0,"Other",45,43,7.877052,7.99601,0.118958000000003,1.08595024148149,1.03170170964603,-6.5303503664121,0.30480937092439,0.999330380285523
"PROBE1114_at","GENE1114",0,"Other",45,43,8.02127711111111,7.96982860465116,-0.0514485064599457,0.964966988345455,-0.453146184369825,-6.95838385937399,0.651468133607766,0.999330380285523
"PROBE1115_at","GENE1115",0,"Other",45,43,9.45717111111111,9.54415069767442,0.0869795865633112,1.0621441575632,0.769321398463512,-6.7653263645684,0.443595141981087,0.999330380285523
"PROBE1116_at","GENE1116",1,"PlasmaCells",45,43,6.73315733333333,6.79393813953488,0.0607808062015494,1.04303011020933,0.531445669378387,-6.91981470530326,0.59634006080393,0.999330380285523
"PROBE1117_at","GENE1117",1,"PlasmaCells",45,43,9.00259311111111,9.01253813953488,0.00994502842377543,1.00691718236456,0.0882475041620219,-7.05736135117808,0.929864166349758,0.999330380285523
"PROBE1118_at","GENE1118",0,"Other",45,43,7.66490311111111,7.60363697674419,-0.0612661343669245,0.958422621689543,-0.563544265222836,-6.90224090869039,0.574381035880038,0.999330380285523
"PROBE1119_at","GENE1119",0,"Other",45,43,6.12017466666667,6.07877767441861,-0.0413969922480639,0.971713560825321,-0.401058758543819,-6.98065779136331,0.689269963222206,0.999330380285523
"PROBE1120_at","GENE1120",0,"Other",45,43,6.60050488888889,6.71438395348837,0.113879064599483,1.08213392973033,1.05016625263024,-6.51128659881623,0.29628355481228,0.999330380285523
"PROBE1121_at","GENE1121",2,"Microenvironment",45,43,8.33058733333333,8.41744488372093,0.0868575503875988,1.06205431561788,0.762139855085172,-6.77080903051475,0.447848818401885,0.999330380285523
"PROBE1122_at","GENE1122",2,"Microenvironment",45,43,9.358632,9.26365046511628,-0.0949815348837184,0.936284230900206,-0.850037307625404,-6.7002161959321,0.397423690804662,0.999330380285523
"PROBE1123_at","GENE1123",0,"Other",45,43,7.16775688888889,7.11225511627907,-0.055501772609821,0.962259708783615,-0.550953190020279,-6.9092564837806,0.582948338228952,0.999330380285523
"PROBE1124_at","GENE1124",2,"Microenvironment",45,43,9.91310933333333,9.78098674418605,-0.132122589147288,0.912487949029489,-1.07332862862231,-6.48690548500425,0.285819779774366,0.999330380285523
"PROBE1125_at","GENE1125",1,"PlasmaCells",45,43,6.23409022222222,6.23765744186047,0.0035672196382448,1.00247566765149,0.0323014213032872,-7.06074394589041,0.974298875986197,0.999330380285523
"PROBE1126_at","GENE1126",1,"PlasmaCells",45,43,8.86918311111111,8.60993069767442,-0.259252413436689,0.835520763702701,-2.48431398075455,-4.06194635040294,0.0147156877231234,0.207995586192557
"PROBE1127_at","GENE1127",1,"PlasmaCells",45,43,7.45968622222222,7.32974441860465,-0.129941803617569,0.913868313707614,-1.14552825328524,-6.40758026266637,0.25484386182943,0.999330380285523
"PROBE1128_at","GENE1128",1,"PlasmaCells",45,43,8.62502088888889,8.67596604651163,0.0509451576227402,1.03594338262637,0.44665536920229,-6.96130706806778,0.65613194056331,0.999330380285523
"PROBE1129_at","GENE1129",2,"Microenvironment",45,43,9.06484355555556,8.91101,-0.153833555555558,0.898858822418618,-1.37691481160029,-6.11968521756841,0.171747607365958,0.995409041977317
"PROBE1130_at","GENE1130",2,"Microenvironment",45,43,8.144472,8.25184209302326,0.107370093023258,1.07726268980151,0.855589314714959,-6.69550248666498,0.394359740445904,0.999330380285523
"PROBE1131_at","GENE1131",2,"Microenvironment",45,43,10.6419666666667,10.7684681395349,0.126501472868219,1.09164326031376,1.18927119891546,-6.35707766942744,0.237272194821629,0.999330380285523
"PROBE1132_at","GENE1132",0,"Other",45,43,6.73791377777778,6.88972186046512,0.151808082687339,1.11096093108703,1.35942387077896,-6.14322784139554,0.177203525567401,0.999330380285523
"PROBE1133_at","GENE1133",1,"PlasmaCells",45,43,7.938792,7.91624023255814,-0.0225517674418603,0.984489846789642,-0.187420486579272,-7.04365193827727,0.851727323051119,0.999330380285523
"PROBE1134_at","GENE1134",2,"Microenvironment",45,43,9.50372777777778,9.49567069767442,-0.00805708010335948,0.994430823326151,-0.0694949409410225,-7.05884495348964,0.944740509362288,0.999330380285523
"PROBE1135_at","GENE1135",0,"Other",45,43,8.16968288888889,8.11648720930233,-0.0531956795865636,0.963799074224772,-0.486139405499456,-6.94287598320786,0.62797846382851,0.999330380285523
"PROBE1136_at","GENE1136",2,"Microenvironment",45,43,9.20339377777778,9.28089441860465,0.0775006408268766,1.05518842268322,0.683668087371845,-6.82740357496751,0.495835018830384,0.999330380285523
"PROBE1137_at","GENE1137",1,"PlasmaCells",45,43,9.23624911111111,9.38262534883721,0.146376237726102,1.1067859520857,1.47830797333009,-5.97752896977809,0.14260566369154,0.950440623274599
"PROBE1138_at","GENE1138",1,"PlasmaCells",45,43,7.85511533333333,7.68207953488372,-0.173035798449612,0.886974295858651,-1.62782174602851,-5.75036664371244,0.106847137715775,0.82191752634415
"PROBE1139_at","GENE1139",1,"PlasmaCells",45,43,7.59355777777778,7.7226088372093,0.129051059431522,1.09357416024945,1.14620765169452,-6.40680994193063,0.25456409619017,0.999330380285523
"PROBE1140_at","GENE1140",1,"PlasmaCells",45,43,8.87415844444445,8.7513311627907,-0.12282728165375,0.918386104201298,-1.1777803917993,-6.3705222000371,0.241801621223892,0.999330380285523
"PROBE1141_at","GENE1141",2,"Microenvironment",45,43,8.03987955555556,8.11017139534884,0.0702918397932795,1.04992905011683,0.719577142708289,-6.80225975485896,0.473537120515481,0.999330380285523
"PROBE1142_at","GENE1142",1,"PlasmaCells",45,43,6.24338533333333,6.25274534883721,0.00936001550387289,1.00650896016336,0.0808839107976784,-7.05798597488722,0.935703006091009,0.999330380285523
"PROBE1143_at","GENE1143",0,"Other",45,43,9.55223022222222,9.5335776744186,-0.0186525478036188,0.987154259059533,-0.158141609189451,-7.04872511925748,0.874678069748329,0.999330380285523
"PROBE1144_at","GENE1144",0,"Other",45,43,7.62698177777778,7.76098906976744,0.134007291989666,1.09733748397203,1.163473537834,-6.38708434770262,0.247527009646717,0.999330380285523
"PROBE1145_at","GENE1145",2,"Microenvironment",45,43,11.1017337777778,11.1786165116279,0.0768827338501339,1.05473658174534,0.624925807163971,-6.86578654276668,0.53350536312552,0.999330380285523
"PROBE1146_at","GENE1146",2,"Microenvironment",45,43,10.5562202222222,10.50187,-0.0543502222222241,0.963028085233555,-0.526997888586046,-6.92216905636941,0.599413234314057,0.999330380285523
"PROBE1147_at","GENE1147",2,"Microenvironment",45,43,8.98693577777778,8.89552348837209,-0.0914122894056817,0.938603477474147,-0.806672321633072,-6.73599276766689,0.421853320792273,0.999330380285523
"PROBE1148_at","GENE1148",1,"PlasmaCells",45,43,6.76908022222222,6.79061604651163,0.0215358242894075,1.0150394674117,0.180614807410965,-7.04490780456242,0.857051455590246,0.999330380285523
"PROBE1149_at","GENE1149",2,"Microenvironment",45,43,7.170942,7.14747906976744,-0.0234629302325589,0.983868268922054,-0.207003871362308,-7.0397792672842,0.836446175576757,0.999330380285523
"PROBE1150_at","GENE1150",0,"Other",45,43,9.38479822222222,9.43524,0.0504417777777775,1.03558198812517,0.421443601129275,-6.97226300584192,0.67437526576821,0.999330380285523
"PROBE1151_at","GENE1151",1,"PlasmaCells",45,43,9.48785422222222,9.5755088372093,0.0876546149870823,1.06264124477643,0.789872188963,-6.74935658562737,0.431553097029966,0.999330380285523
"PROBE1152_at","GENE1152",0,"Other",45,43,9.71061955555555,9.67218651162791,-0.0384330439276592,0.973711952200577,-0.313142087707552,-7.01210905077702,0.754853409425937,0.999330380285523
"PROBE1153_at","GENE1153",1,"PlasmaCells",45,43,7.04781933333333,6.99414069767442,-0.0536786356589163,0.963476487191334,-0.50360298463558,-6.9342287846693,0.615696422617859,0.999330380285523
"PROBE1154_at","GENE1154",0,"Other",45,43,9.41198711111111,9.19263953488372,-0.219347576227387,0.858953789596991,-2.00839955218693,-5.07980559669431,0.0474159242136701,0.521054112238133
"PROBE1155_at","GENE1155",1,"PlasmaCells",45,43,7.63134288888889,7.66162069767442,0.0302778087855264,1.02120875315939,0.256757934712206,-7.02821248989114,0.797916236870899,0.999330380285523
"PROBE1156_at","GENE1156",0,"Other",45,43,7.88396022222222,7.92645674418605,0.042496521963824,1.02989447381161,0.357306564789556,-6.99727496787883,0.721648207196706,0.999330380285523
"PROBE1157_at","GENE1157",0,"Other",45,43,7.92048422222222,7.99665209302326,0.0761678708010347,1.05421408363261,0.739418910581321,-6.78782039253049,0.461460591485832,0.999330380285523
"PROBE1158_at","GENE1158",0,"Other",45,43,7.22065133333333,7.23191186046512,0.0112605271317818,1.00783574263234,0.108566912396075,-7.05535567703318,0.913773068291983,0.999330380285523
"PROBE1159_at","GENE1159",1,"PlasmaCells",45,43,9.551892,9.60753558139535,0.0556435813953531,1.03932263822532,0.575202554094312,-6.89560468176382,0.566502797443776,0.999330380285523
"PROBE1160_at","GENE1160",1,"PlasmaCells",45,43,7.64560711111111,7.82872488372093,0.183117772609816,1.13533478000156,1.69377807155763,-5.64357948198668,0.0935564192741578,0.776401819702554
"PROBE1161_at","GENE1161",1,"PlasmaCells",45,43,8.478194,8.47238813953488,-0.00580586046510945,0.995983770895304,-0.0515605457476204,-7.05993386156105,0.95898621073485,0.999330380285523
"PROBE1162_at","GENE1162",1,"PlasmaCells",45,43,9.57208955555556,9.60460093023256,0.0325113746770054,1.02279100273247,0.282415110957906,-7.02127916309173,0.778234462382515,0.999330380285523
"PROBE1163_at","GENE1163",0,"Other",45,43,8.33208755555555,8.23188511627907,-0.100202439276483,0.932902077333188,-0.968278029157488,-6.59331075341918,0.335343639026211,0.999330380285523
"PROBE1164_at","GENE1164",0,"Other",45,43,10.2191848888889,10.0063551162791,-0.212829772609819,0.862843147673595,-1.76849299491053,-5.51779569484841,0.0801614881792435,0.719981388727664
"PROBE1165_at","GENE1165",2,"Microenvironment",45,43,8.04387,7.87062395348837,-0.173246046511627,0.886845043983744,-1.57808473994403,-5.82823959441459,0.11784248398062,0.871293781742106
"PROBE1166_at","GENE1166",1,"PlasmaCells",45,43,8.522564,8.51302069767442,-0.00954330232558043,0.993406917275586,-0.085782815335629,-7.05757647551015,0.931818089685629,0.999330380285523
"PROBE1167_at","GENE1167",0,"Other",45,43,7.41043955555556,7.40047069767442,-0.00996885788113655,0.993113932634404,-0.0898075860560544,-7.05722203463222,0.928627606441738,0.999330380285523
"PROBE1168_at","GENE1168",2,"Microenvironment",45,43,9.43780044444444,9.4279088372093,-0.00989160723514182,0.993167111403789,-0.0897728371836365,-7.05722516431265,0.928655147371961,0.999330380285523
"PROBE1169_at","GENE1169",2,"Microenvironment",45,43,8.50600933333333,8.54889139534884,0.0428820620155062,1.0301697354693,0.349392116369602,-7.00007667191657,0.727561769859126,0.999330380285523
"PROBE1170_at","GENE1170",2,"Microenvironment",45,43,8.91573822222222,9.16010069767442,0.244362475452199,1.18456919610193,2.06327889560623,-4.97240971625983,0.0417911001585769,0.476251853658996
"PROBE1171_at","GENE1171",1,"PlasmaCells",45,43,8.06241711111111,8.03658511627907,-0.0258319948320427,0.982253974346243,-0.246370067595919,-7.03083219855733,0.80592287930642,0.999330380285523
"PROBE1172_at","GENE1172",0,"Other",45,43,9.095722,9.20917186046512,0.113449860465119,1.08181204099986,1.04866341367748,-6.51285056359047,0.296971356596198,0.999330380285523
"PROBE1173_at","GENE1173",0,"Other",45,43,7.79135155555556,7.89014139534884,0.098789839793282,1.0708748154011,0.763570130231277,-6.7697211540798,0.446999784103638,0.999330380285523
"PROBE1174_at","GENE1174",0,"Other",45,43,6.95745644444444,6.96989604651163,0.0124396020671842,1.00865975571193,0.116714557563541,-7.05443514973311,0.907330574994696,0.999330380285523
"PROBE1175_at","GENE1175",1,"PlasmaCells",45,43,8.43240222222222,8.45180465116279,0.0194024289405679,1.01353957998117,0.184920970568811,-7.04411857206926,0.853681928908807,0.999330380285523
"PROBE1176_at","GENE1176",2,"Microenvironment",45,43,8.29469444444444,8.30649395348837,0.0117995090439305,1.00821233415167,0.108447470679256,-7.05536867657062,0.913867556943043,0.999330380285523
"PROBE1177_at","GENE1177",1,"PlasmaCells",45,43,8.426754,8.45444302325581,0.0276890232558191,1.01937792969722,0.270104154795162,-7.02468816944561,0.787661107596302,0.999330380285523
"PROBE1178_at","GENE1178",2,"Microenvironment",45,43,8.01370777777778,8.00142604651163,-0.0122817312661532,0.991523085980726,-0.118079713916653,-7.05427440229341,0.90625171425786,0.999330380285523
"PROBE1179_at","GENE1179",1,"PlasmaCells",45,43,8.58373711111111,8.68044279069767,0.0967056795865613,1.06932891465759,0.943077714350977,-6.61724024148427,0.348013331921324,0.999330380285523
"PROBE1180_at","GENE1180",1,"PlasmaCells",45,43,7.64939844444444,7.61211651162791,-0.0372819328165352,0.974489176694889,-0.318841348356108,-7.01030434832722,0.750540924918424,0.999330380285523
"PROBE1181_at","GENE1181",2,"Microenvironment",45,43,9.33229488888889,9.31670860465116,-0.0155862842377221,0.989254560197606,-0.140901998403299,-7.05131033429104,0.888243204959882,0.999330380285523
"PROBE1182_at","GENE1182",0,"Other",45,43,9.59302955555555,9.4254623255814,-0.167567229974155,0.89034277227843,-1.60066087618441,-5.79317599524879,0.112744609825311,0.853053547678568
"PROBE1183_at","GENE1183",0,"Other",45,43,8.04254888888889,8.01669860465116,-0.0258502842377251,0.982241522145994,-0.214913763793568,-7.03810612786234,0.830291377154471,0.999330380285523
"PROBE1184_at","GENE1184",2,"Microenvironment",45,43,7.83360733333333,7.73554046511628,-0.0980668682170514,0.934284042266338,-0.995445591279626,-6.56682041970948,0.322027204305342,0.999330380285523
"PROBE1185_at","GENE1185",1,"PlasmaCells",45,43,7.15302177777778,7.0553076744186,-0.0977141033591744,0.934512519432863,-0.895518734113171,-6.66071244707894,0.372754384709451,0.999330380285523
"PROBE1186_at","GENE1186",2,"Microenvironment",45,43,8.99983866666667,9.08206930232558,0.0822306356589166,1.05865362243424,0.727271261201874,-6.79670664988826,0.468833318191066,0.999330380285523
"PROBE1187_at","GENE1187",2,"Microenvironment",45,43,11.0500051111111,10.9683369767442,-0.081668134366927,0.944964387788836,-0.729419275059755,-6.79514592635171,0.4675248331636,0.999330380285523
"PROBE1188_at","GENE1188",2,"Microenvironment",45,43,7.08063911111111,7.15212697674419,0.0714878656330775,1.05079982522945,0.650727630856263,-6.84934790354444,0.516779961661507,0.999330380285523
"PROBE1189_at","GENE1189",0,"Other",45,43,8.02223555555556,8.04410604651163,0.0218704909560721,1.01527495673491,0.204625290091031,-7.0402701388266,0.838298992246266,0.999330380285523
"PROBE1190_at","GENE1190",2,"Microenvironment",45,43,10.0814686666667,9.99531255813953,-0.0861561085271294,0.942029334988785,-0.86119264809179,-6.69071456356086,0.391282227729407,0.999330380285523
"PROBE1191_at","GENE1191",0,"Other",45,43,8.40719133333333,8.52314046511628,0.115949131782946,1.08368775624983,1.16914161245579,-6.38054629712302,0.245247303800128,0.999330380285523
"PROBE1192_at","GENE1192",1,"PlasmaCells",45,43,7.71133577777778,7.67460674418605,-0.0367290335917296,0.974862712024396,-0.360392663169496,-6.99616553312609,0.719346867168595,0.999330380285523
"PROBE1193_at","GENE1193",0,"Other",45,43,8.80663688888889,8.7437111627907,-0.062925726098193,0.957320742426908,-0.53539320630439,-6.91770867374089,0.593618649903015,0.999330380285523
"PROBE1194_at","GENE1194",0,"Other",45,43,8.13956888888889,8.14127813953488,0.00170925064599459,1.0011854643742,0.0173902972332176,-7.06111559100298,0.986161415274264,0.999330380285523
"PROBE1195_at","GENE1195",2,"Microenvironment",45,43,8.189104,8.15362581395349,-0.0354781860465092,0.975708305426662,-0.326374411828864,-7.00786912560053,0.744852995387077,0.999330380285523
"PROBE1196_at","GENE1196",1,"PlasmaCells",45,43,8.164436,8.24097581395349,0.0765398139534863,1.05448590702409,0.721838670717845,-6.80063359546808,0.472151805148744,0.999330380285523
"PROBE1197_at","GENE1197",2,"Microenvironment",45,43,10.0430624444444,9.90162674418605,-0.1414357002584,0.906616485411394,-1.49700497714625,-5.95026113005918,0.137679364641813,0.937938183044813
"PROBE1198_at","GENE1198",1,"PlasmaCells",45,43,8.82289888888889,8.8489376744186,0.0260387855297122,1.01821257310551,0.217142319591902,-7.03762341630093,0.828559196915819,0.999330380285523
"PROBE1199_at","GENE1199",0,"Other",45,43,8.06208,8.02733302325581,-0.0347469767441844,0.97620295453808,-0.304963350607101,-7.01464213686345,0.761055603847585,0.999330380285523
"PROBE1200_at","GENE1200",0,"Other",45,43,9.97858911111111,9.84919046511628,-0.129398645994831,0.914212439096555,-1.08992499290579,-6.46911664425847,0.278480059201617,0.999330380285523
"PROBE1201_at","GENE1201",1,"PlasmaCells",45,43,8.90877022222222,8.72229930232558,-0.186470919896642,0.878752674457274,-1.97058992478251,-5.15224911207315,0.0516570745907818,0.551008795635006
"PROBE1202_at","GENE1202",0,"Other",45,43,9.434014,9.29483627906977,-0.139177720930231,0.908036552749056,-1.28383429287305,-6.24163540473227,0.202296292143255,0.999330380285523
"PROBE1203_at","GENE1203",2,"Microenvironment",45,43,8.41420733333333,8.24486930232558,-0.169338031007751,0.889250613048252,-1.50607531200019,-5.93691512097825,0.135338006533239,0.932832559266353
"PROBE1204_at","GENE1204",1,"PlasmaCells",45,43,7.81690511111111,7.89128930232558,0.0743841912144712,1.05291150882632,0.688186336960974,-6.82430991679463,0.492998431735035,0.999330380285523
"PROBE1205_at","GENE1205",1,"PlasmaCells",45,43,7.68877,7.63855651162791,-0.0502134883720942,0.96579340134036,-0.446809585368904,-6.96123810219161,0.656020973564154,0.999330380285523
"PROBE1206_at","GENE1206",2,"Microenvironment",45,43,8.18788688888889,7.9475776744186,-0.240309214470287,0.84656384792334,-2.17181692607783,-4.75223966506641,0.0323381406794849,0.395573586293394
"PROBE1207_at","GENE1207",0,"Other",45,43,9.21291444444444,9.19592697674419,-0.0169874677002593,0.98829423650689,-0.164480199036958,-7.0476996925356,0.869699666302304,0.999330380285523
"PROBE1208_at","GENE1208",2,"Microenvironment",45,43,9.33421622222222,9.34559627906977,0.0113800568475426,1.00791924698148,0.107349462774036,-7.05548750891888,0.914736233211921,0.999330380285523
"PROBE1209_at","GENE1209",0,"Other",45,43,7.97641511111111,7.99338162790698,0.0169665167958648,1.01182971741246,0.156333859658105,-7.04901018777329,0.87609883055037,0.999330380285523
"PROBE1210_at","GENE1210",2,"Microenvironment",45,43,8.81637444444444,8.60266465116279,-0.213709793281657,0.862316987781404,-1.87772956428994,-5.32476981114509,0.0634600462781096,0.628851024667437
"PROBE1211_at","GENE1211",2,"Microenvironment",45,43,10.2866362222222,10.3129193023256,0.026283080103358,1.01838500377223,0.240521737258516,-7.03225954994835,0.810439757298572,0.999330380285523
"PROBE1212_at","GENE1212",0,"Other",45,43,9.08656511111111,9.06200441860465,-0.0245606925064568,0.983119917656178,-0.221498666216246,-7.03666545240004,0.82517560944605,0.999330380285523
"PROBE1213_at","GENE1213",0,"Other",45,43,7.91593288888889,8.04326279069767,0.127329901808787,1.09227028719244,1.13624454784107,-6.41806185990559,0.258688518163738,0.999330380285523
"PROBE1214_at","GENE1214",0,"Other",45,43,9.75301066666667,9.64272395348837,-0.110286713178295,0.926403935235726,-0.891391315112487,-6.66438094753232,0.374952554668361,0.999330380285523
"PROBE1215_at","GENE1215",0,"Other",45,43,6.45782511111111,6.4009776744186,-0.0568474366925065,0.961362585978838,-0.493933878556174,-6.93905401317995,0.622483441001145,0.999330380285523
"PROBE1216_at","GENE1216",1,"PlasmaCells",45,43,8.84093288888889,8.76611302325581,-0.0748198656330779,0.949460662855507,-0.729625650538759,-6.7949957365053,0.467399225733237,0.999330380285523
"PROBE1217_at","GENE1217",1,"PlasmaCells",45,43,7.21544466666667,7.27968534883721,0.0642406821705439,1.04553451026335,0.633216223613085,-6.8605765168103,0.528101149319312,0.999330380285523
"PROBE1218_at","GENE1218",1,"PlasmaCells",45,43,6.90193466666667,6.98646209302326,0.0845274263565923,1.06034035611408,0.89786949095031,-6.65861561764346,0.371506056608695,0.999330380285523
"PROBE1219_at","GENE1219",0,"Other",45,43,7.52500888888889,7.55848418604651,0.0334752971576222,1.02347459880973,0.300911983603844,-7.01587213123268,0.764133697764778,0.999330380285523
"PROBE1220_at","GENE1220",0,"Other",45,43,7.06140466666667,7.02798046511628,-0.0334242015503863,0.977098423904501,-0.303308363245032,-7.01514657424754,0.762312547305917,0.999330380285523
"PROBE1221_at","GENE1221",1,"PlasmaCells",45,43,8.65848733333333,8.63883348837209,-0.0196538449612387,0.986469365998059,-0.166737656137676,-7.04732476690398,0.867927888102674,0.999330380285523
"PROBE1222_at","GENE1222",2,"Microenvironment",45,43,8.59796622222222,8.56799651162791,-0.0299697105943171,0.979440860747753,-0.241305440263506,-7.03207026547875,0.809834099226078,0.999330380285523
"PROBE1223_at","GENE1223",1,"PlasmaCells",45,43,7.21508888888889,7.33234976744186,0.117260878552973,1.08467352962411,1.05562465823592,-6.5055877738472,0.293794528414532,0.999330380285523
"PROBE1224_at","GENE1224",2,"Microenvironment",45,43,9.00639311111111,9.12139604651163,0.115002935400524,1.08297724901915,1.00706748902597,-6.5552689926512,0.31643914196557,0.999330380285523
"PROBE1225_at","GENE1225",2,"Microenvironment",45,43,10.41645,10.3185351162791,-0.0979148837209252,0.934382472055828,-0.954365044380427,-6.60659865658698,0.342300762915365,0.999330380285523
"PROBE1226_at","GENE1226",2,"Microenvironment",45,43,9.93600955555556,9.95888604651163,0.0228764909560741,1.01598316100738,0.210201717095239,-7.03911039057528,0.833956639247155,0.999330380285523
"PROBE1227_at","GENE1227",0,"Other",45,43,8.91979888888889,8.87953674418605,-0.0402621447028437,0.972478227335543,-0.345439200179451,-7.00145256069158,0.730521540678023,0.999330380285523
"PROBE1228_at","GENE1228",1,"PlasmaCells",45,43,7.85286866666667,7.92102511627907,0.0681564496124025,1.04837615799727,0.604533302822176,-6.87831216326373,0.546918210878531,0.999330380285523
"PROBE1229_at","GENE1229",0,"Other",45,43,7.04658466666667,6.89930651162791,-0.147278155038758,0.902952401995208,-1.26225683785506,-6.26872937041232,0.20992049832453,0.999330380285523
"PROBE1230_at","GENE1230",2,"Microenvironment",45,43,8.42528088888889,8.39494418604651,-0.0303367028423711,0.979191742618844,-0.270483555620513,-7.02458537536941,0.787370115586336,0.999330380285523
"PROBE1231_at","GENE1231",2,"Microenvironment",45,43,8.86067577777778,8.77331953488372,-0.0873562428940584,0.941246015134042,-0.730542187877565,-6.79432821842549,0.466841618272595,0.999330380285523
"PROBE1232_at","GENE1232",2,"Microenvironment",45,43,8.32360711111111,8.46265720930232,0.139050098191216,1.10117983636634,1.22301858686542,-6.31686038687079,0.224322605914155,0.999330380285523
"PROBE1233_at","GENE1233",1,"PlasmaCells",45,43,9.19453555555556,9.08199302325581,-0.11254253229974,0.924956528346128,-1.03385085975229,-6.52814847065664,0.303808601390341,0.999330380285523
"PROBE1234_at","GENE1234",1,"PlasmaCells",45,43,9.66881044444444,9.52714093023256,-0.141669514211891,0.906469564265777,-1.36941332474409,-6.12981757663302,0.174071690004178,0.998976700167449
"PROBE1235_at","GENE1235",0,"Other",45,43,6.72155133333333,6.65992325581395,-0.0616280775193809,0.958182202900774,-0.532942251465206,-6.91901809433558,0.595307645778896,0.999330380285523
"PROBE1236_at","GENE1236",0,"Other",45,43,8.58087577777778,8.59286697674419,0.0119911989664061,1.00834630354832,0.115933934972322,-7.05452622840262,0.90794756644137,0.999330380285523
"PROBE1237_at","GENE1237",0,"Other",45,43,8.91748266666667,9.01856720930233,0.101084542635659,1.07257946865829,0.866526858309094,-6.68612801227745,0.388366326280298,0.999330380285523
"PROBE1238_at","GENE1238",2,"Microenvironment",45,43,10.0421246666667,10.0857739534884,0.043649286821708,1.03071772513464,0.368677518304172,-6.99314011812998,0.713181572460999,0.999330380285523
"PROBE1239_at","GENE1239",2,"Microenvironment",45,43,9.66659777777778,9.55407511627907,-0.11252266149871,0.924969268220592,-1.03101168209946,-6.53105637877561,0.305131158750163,0.999330380285523
"PROBE1240_at","GENE1240",2,"Microenvironment",45,43,9.66269755555555,9.6620788372093,-0.000618718346251157,0.999571229071274,-0.00572970466972902,-7.06125081221324,0.995440296254749,0.999330380285523
"PROBE1241_at","GENE1241",0,"Other",45,43,6.69427422222222,6.64287093023256,-0.0514032919896605,0.964997231157475,-0.460965198112363,-6.95480672424235,0.645868336867507,0.999330380285523
"PROBE1242_at","GENE1242",0,"Other",45,43,9.28600288888889,9.29502348837209,0.00902059948320044,1.00627219142623,0.0892981599774068,-7.05726779517581,0.929031371187132,0.999330380285523
"PROBE1243_at","GENE1243",2,"Microenvironment",45,43,8.87195711111111,8.94278279069767,0.070825679586564,1.05031762677623,0.63055330530334,-6.86225742320377,0.529833913332871,0.999330380285523
"PROBE1244_at","GENE1244",0,"Other",45,43,7.69885688888889,7.68449674418605,-0.0143601447028461,0.99009568024318,-0.12025034796259,-7.05401496183862,0.904536660238923,0.999330380285523
"PROBE1245_at","GENE1245",1,"PlasmaCells",45,43,8.26191333333333,8.21183720930233,-0.0500761240310084,0.965885362486985,-0.433140324452902,-6.96725893970721,0.665886454578826,0.999330380285523
"PROBE1246_at","GENE1246",2,"Microenvironment",45,43,8.43369044444444,8.3746388372093,-0.0590516072351424,0.959894923630339,-0.564798483128215,-6.90153345133812,0.573530958539753,0.999330380285523
"PROBE1247_at","GENE1247",0,"Other",45,43,7.93513266666667,7.8436611627907,-0.0914715038759679,0.93856495390155,-0.841063371183302,-6.7077712419608,0.402406803848534,0.999330380285523
"PROBE1248_at","GENE1248",2,"Microenvironment",45,43,10.8137028888889,10.8499827906977,0.0362799018087845,1.02546617251193,0.335027116317422,-7.00500194515667,0.738337080827554,0.999330380285523
"PROBE1249_at","GENE1249",0,"Other",45,43,9.318198,9.27988813953488,-0.0383098604651124,0.97379509543408,-0.344187469004945,-7.00188499454356,0.731459635049264,0.999330380285523
"PROBE1250_at","GENE1250",0,"Other",45,43,7.24965,7.29038209302326,0.0407320930232542,1.02863567357614,0.360473155315936,-6.99613646933388,0.719286877682076,0.999330380285523
"PROBE1251_at","GENE1251",0,"Other",45,43,8.88126422222222,8.74721093023256,-0.134053291989666,0.911267618525546,-1.28932310928549,-6.23467253246276,0.200389973831614,0.999330380285523
"PROBE1252_at","GENE1252",2,"Microenvironment",45,43,8.37964488888889,8.34855139534884,-0.0310934935400464,0.978678225311646,-0.310303189951668,-7.01299588355104,0.757004439848503,0.999330380285523
"PROBE1253_at","GENE1253",2,"Microenvironment",45,43,10.2717293333333,10.318286744186,0.0465574108527136,1.032797498062,0.442145440429442,-6.9633134351911,0.65938048166223,0.999330380285523
"PROBE1254_at","GENE1254",0,"Other",45,43,10.0324991111111,10.0505346511628,0.0180355400516827,1.01257975142559,0.17811227862728,-7.04535792991744,0.859010878231416,0.999330380285523
"PROBE1255_at","GENE1255",0,"Other",45,43,8.37156866666667,8.28409581395349,-0.0874728527131765,0.941169939394672,-0.844682360456265,-6.70473396363404,0.400392662456973,0.999330380285523
"PROBE1256_at","GENE1256",1,"PlasmaCells",45,43,7.63560244444444,7.54064581395349,-0.094956630490957,0.936300393561629,-0.775199192134188,-6.76080124073122,0.440131195546898,0.999330380285523
"PROBE1257_at","GENE1257",0,"Other",45,43,8.16043911111111,8.21439860465116,0.0539594935400523,1.03811012317978,0.426362268856962,-6.97017533856843,0.670800368518636,0.999330380285523
"PROBE1258_at","GENE1258",0,"Other",45,43,10.4143357777778,10.2586039534884,-0.155731824289404,0.8976769000433,-1.29546377593278,-6.22684875812923,0.198273084616738,0.999330380285523
"PROBE1259_at","GENE1259",2,"Microenvironment",45,43,9.60260911111111,9.77253837209302,0.169929260981911,1.12500332155375,1.45155998223429,-6.01596906389467,0.149890842461327,0.950935725171886
"PROBE1260_at","GENE1260",2,"Microenvironment",45,43,10.5696375555556,10.5422413953488,-0.0273961602067132,0.981189594814146,-0.225635344229378,-7.03573819918257,0.821965688887247,0.999330380285523
"PROBE1261_at","GENE1261",2,"Microenvironment",45,43,9.37467133333333,9.49331372093023,0.118642387596902,1.0857126986408,1.03554449148011,-6.52641011647986,0.303021511535984,0.999330380285523
"PROBE1262_at","GENE1262",0,"Other",45,43,7.4372,7.41812,-0.0190799999999989,0.986861821129451,-0.173734914532945,-7.04613018815861,0.862440368350576,0.999330380285523
"PROBE1263_at","GENE1263",1,"PlasmaCells",45,43,8.32817022222222,8.34142930232558,0.0132590801033654,1.00923285625763,0.114231496764065,-7.05472273995392,0.909293341182629,0.999330380285523
"PROBE1264_at","GENE1264",2,"Microenvironment",45,43,7.30891044444444,7.2507876744186,-0.0581227700258378,0.96051312302058,-0.438891575695974,-6.96474841434585,0.66172833251026,0.999330380285523
"PROBE1265_at","GENE1265",2,"Microenvironment",45,43,8.15863844444444,8.16106581395349,0.0024273695090411,1.00168394056961,0.0228366418610767,-7.06100570121804,0.981828076901631,0.999330380285523
"PROBE1266_at","GENE1266",0,"Other",45,43,10.1955786666667,10.1549820930233,-0.0405965736434073,0.972252824764629,-0.319166083549075,-7.0102005410497,0.750295442888545,0.999330380285523
"PROBE1267_at","GENE1267",2,"Microenvironment",45,43,8.51643488888889,8.45287627906977,-0.0635586098191219,0.956900875564366,-0.561353769328321,-6.90347273834327,0.575867150139807,0.999330380285523
"PROBE1268_at","GENE1268",1,"PlasmaCells",45,43,7.62058222222222,7.51511395348837,-0.10546826873385,0.929503196285726,-0.902728841399968,-6.654264039431,0.36893394586829,0.999330380285523
"PROBE1269_at","GENE1269",1,"PlasmaCells",45,43,7.05234555555556,7.12961418604651,0.0772686304909573,1.05501874376335,0.652352131700814,-6.84829085711381,0.515736226394267,0.999330380285523
"PROBE1270_at","GENE1270",1,"PlasmaCells",45,43,9.70237,9.58438953488372,-0.117980465116283,0.921476663414669,-1.0676142376975,-6.4929688101544,0.288377425125851,0.999330380285523
"PROBE1271_at","GENE1271",1,"PlasmaCells",45,43,9.25814022222222,9.38713348837209,0.128993266149875,1.09353035336596,1.1412657972796,-6.4124030145431,0.256604030375972,0.999330380285523
"PROBE1272_at","GENE1272",0,"Other",45,43,9.00420377777778,8.88177697674419,-0.122426801033596,0.918641076235888,-1.35946958852246,-6.1431666830498,0.177189095929777,0.999330380285523
"PROBE1273_at","GENE1273",1,"PlasmaCells",45,43,7.04550177777778,6.84982976744186,-0.195672010335915,0.873166078609316,-1.81977448909202,-5.42852220750658,0.0719162819432341,0.68984443111016
"PROBE1274_at","GENE1274",2,"Microenvironment",45,43,9.19364911111111,9.17898790697674,-0.014661204134363,0.989889090121803,-0.120117755266073,-7.05403094518061,0.904641411044856,0.999330380285523
"PROBE1275_at","GENE1275",1,"PlasmaCells",45,43,6.76811888888889,6.79927046511628,0.0311515762273906,1.02182743500088,0.311274712206503,-7.01269330048265,0.75626810208667,0.999330380285523
"PROBE1276_at","GENE1276",1,"PlasmaCells",45,43,8.18721644444445,8.12886418604651,-0.0583522583979281,0.960360347100435,-0.491259729480178,-6.94037208103568,0.624366303038736,0.999330380285523
"PROBE1277_at","GENE1277",0,"Other",45,43,8.77439377777778,8.83461372093023,0.0602199431524575,1.04262469996381,0.56485625125037,-6.90150082886858,0.573491819357255,0.999330380285523
"PROBE1278_at","GENE1278",2,"Microenvironment",45,43,11.6942795555556,11.6849306976744,-0.00934885788113959,0.993540816310605,-0.078467499802878,-7.05817909825329,0.937619840719656,0.999330380285523
"PROBE1279_at","GENE1279",2,"Microenvironment",45,43,9.30725111111111,9.34509139534884,0.0378402842377312,1.02657589077398,0.356713980444378,-6.99748690958061,0.722090398159948,0.999330380285523
"PROBE1280_at","GENE1280",2,"Microenvironment",45,43,9.28729111111111,9.28583,-0.00146111111111402,0.99898774762628,-0.0129793994100728,-7.06118278082245,0.989671219073884,0.999330380285523
"PROBE1281_at","GENE1281",2,"Microenvironment",45,43,7.61783533333333,7.43841813953488,-0.179417193798449,0.883059654274516,-1.83153125932318,-5.40771987390911,0.0701288648717872,0.677573573640456
"PROBE1282_at","GENE1282",0,"Other",45,43,8.40675444444445,8.36691325581395,-0.0398411886304899,0.972762022824706,-0.367051782415808,-6.99373920210367,0.714389902710098,0.999330380285523
"PROBE1283_at","GENE1283",0,"Other",45,43,8.85904755555556,8.81172604651163,-0.0473215090439236,0.967731340944464,-0.425210955190414,-6.9706661625428,0.671636471087878,0.999330380285523
"PROBE1284_at","GENE1284",2,"Microenvironment",45,43,9.90139288888889,9.91807023255814,0.0166773436692509,1.01162692705625,0.155898957883935,-7.0490782796899,0.876440692700195,0.999330380285523
"PROBE1285_at","GENE1285",1,"PlasmaCells",45,43,8.05098688888889,7.99641395348837,-0.0545729354005182,0.962879431162157,-0.485426995643801,-6.9432222918625,0.628481758030244,0.999330380285523
"PROBE1286_at","GENE1286",2,"Microenvironment",45,43,10.4674411111111,10.334941627907,-0.132499483204137,0.91224959902697,-1.19397355125322,-6.35153926354435,0.235436295896338,0.999330380285523
"PROBE1287_at","GENE1287",2,"Microenvironment",45,43,10.78563,10.7470581395349,-0.0385718604651188,0.973618265859981,-0.357466605346338,-6.99721766814492,0.721528799907352,0.999330380285523
"PROBE1288_at","GENE1288",0,"Other",45,43,8.98429666666667,8.92733302325581,-0.0569636434108531,0.961285152918551,-0.562325019914978,-6.90292714174536,0.575207989920767,0.999330380285523
"PROBE1289_at","GENE1289",0,"Other",45,43,9.25561111111111,9.13566302325581,-0.119948087855299,0.920220762108977,-0.96255317611468,-6.59880123748082,0.338195049667242,0.999330380285523
"PROBE1290_at","GENE1290",0,"Other",45,43,8.49246444444444,8.4686388372093,-0.0238256072351408,0.983620966798375,-0.197552081925541,-7.04169635882936,0.843814072838555,0.999330380285523
"PROBE1291_at","GENE1291",2,"Microenvironment",45,43,8.37639644444445,8.39725488372093,0.0208584392764841,1.01456299032443,0.16898358106721,-7.04694668794488,0.866165829366753,0.999330380285523
"PROBE1292_at","GENE1292",0,"Other",45,43,7.20441622222222,7.17502790697674,-0.0293883152454768,0.979835647657453,-0.251986795254587,-7.02942913459624,0.801591056839929,0.999330380285523
"PROBE1293_at","GENE1293",1,"PlasmaCells",45,43,7.93552266666667,7.9872988372093,0.0517761705426389,1.03654027268193,0.452960567754242,-6.95846803708942,0.651601312535043,0.999330380285523
"PROBE1294_at","GENE1294",2,"Microenvironment",45,43,8.92452955555556,9.04428348837209,0.119753932816538,1.08654952399248,1.15346201710662,-6.39855704728574,0.25159038659812,0.999330380285523
"PROBE1295_at","GENE1295",2,"Microenvironment",45,43,6.88104266666667,6.82373534883721,-0.0573073178294585,0.961056185770232,-0.539133337953427,-6.91569900190821,0.591045562613327,0.999330380285523
"PROBE1296_at","GENE1296",0,"Other",45,43,9.05585288888889,9.01960023255814,-0.036252656330749,0.975184664409758,-0.345751647479072,-7.00134437573843,0.730287444710393,0.999330380285523
"PROBE1297_at","GENE1297",2,"Microenvironment",45,43,6.89361755555556,6.89849953488372,0.00488197932816359,1.00338966216238,0.0440103907355613,-7.06029577800556,0.96498772169794,0.999330380285523
"PROBE1298_at","GENE1298",0,"Other",45,43,10.3333188888889,10.3208453488372,-0.0124735400516727,0.991391270044898,-0.11360450452316,-7.05479438107364,0.909789044403615,0.999330380285523
"PROBE1299_at","GENE1299",2,"Microenvironment",45,43,10.3068684444444,10.4268818604651,0.120013416020672,1.08674496842145,1.13876900764382,-6.41521988038625,0.257639045587635,0.999330380285523
"PROBE1300_at","GENE1300",2,"Microenvironment",45,43,10.952672,11.0148520930233,0.0621800930232634,1.04404224809544,0.557708288588122,-6.90551221586032,0.57834446069484,0.999330380285523
"PROBE1301_at","GENE1301",1,"PlasmaCells",45,43,9.02363511111111,8.99966558139535,-0.0239695297157692,0.983522846194554,-0.218744035011653,-7.03727340754898,0.827314760539856,0.999330380285523
"PROBE1302_at","GENE1302",0,"Other",45,43,7.421498,7.65918441860465,0.237686418604655,1.17910027745726,2.16160546936272,-4.77339041253549,0.0331403273134974,0.401700937133302
"PROBE1303_at","GENE1303",0,"Other",45,43,8.83234288888889,8.90940186046512,0.0770589715762267,1.05486543484713,0.693520052138717,-6.82063194120491,0.48966128798807,0.999330380285523
"PROBE1304_at","GENE1304",1,"PlasmaCells",45,43,7.361118,7.3245011627907,-0.0366168372093023,0.974938528686736,-0.324654738865159,-7.00843004422704,0.74615022370699,0.999330380285523
"PROBE1305_at","GENE1305",2,"Microenvironment",45,43,7.78841044444444,7.8125611627907,0.0241507183462497,1.0168809012875,0.207907799030261,-7.0395912360632,0.835742294223045,0.999330380285523
"PROBE1306_at","GENE1306",0,"Other",45,43,9.12829022222222,9.03574767441861,-0.0925425478036157,0.937868430231458,-0.862985184134105,-6.68917638511814,0.390300850091976,0.999330380285523
"PROBE1307_at","GENE1307",2,"Microenvironment",45,43,7.94542066666667,7.94962953488372,0.00420886821705491,1.00292162478899,0.0373866038247336,-7.06056620136722,0.970254547021984,0.999330380285523
"PROBE1308_at","GENE1308",2,"Microenvironment",45,43,10.37195,10.3678618604651,-0.0040881395348773,0.997170328696003,-0.0399001991578655,-7.06046876278043,0.968255723804895,0.999330380285523
"PROBE1309_at","GENE1309",0,"Other",45,43,8.04896,8.08370418604651,0.0347441860465096,1.02437516808257,0.287720566017269,-7.01976327534491,0.77418211988857,0.999330380285523
"PROBE1310_at","GENE1310",1,"PlasmaCells",45,43,8.27727488888889,8.25106790697674,-0.0262069819121429,0.981998698855069,-0.23902747618362,-7.03261874830444,0.811594865079222,0.999330380285523
"PROBE1311_at","GENE1311",2,"Microenvironment",45,43,7.04686466666667,7.08216604651163,0.0353013798449631,1.02477087591454,0.309459676650469,-7.01325783231843,0.757643938633477,0.999330380285523
"PROBE1312_at","GENE1312",2,"Microenvironment",45,43,10.1189637777778,10.2052946511628,0.0863308733850126,1.06166666786219,0.802236190491755,-6.73954849041411,0.424401884831698,0.999330380285523
"PROBE1313_at","GENE1313",2,"Microenvironment",45,43,7.14229244444444,7.10928604651163,-0.0330063979328159,0.977381431998871,-0.311975734909526,-7.01247437888401,0.755736921347649,0.999330380285523
"PROBE1314_at","GENE1314",2,"Microenvironment",45,43,8.63880933333333,8.56639674418605,-0.0724125891472855,0.951046252469802,-0.605764639559506,-6.87756753870818,0.546103532318546,0.999330380285523
"PROBE1315_at","GENE1315",0,"Other",45,43,8.83862177777778,8.95294139534884,0.114319617571066,1.08246442931788,0.963689305691638,-6.5977141591194,0.337627916771972,0.999330380285523
"PROBE1316_at","GENE1316",0,"Other",45,43,9.17922066666667,9.27091627906977,0.0916956124031039,1.06562188168444,0.776162182443459,-6.76005662306903,0.439565185027197,0.999330380285523
"PROBE1317_at","GENE1317",0,"Other",45,43,8.23654444444444,8.17340325581395,-0.0631411886304871,0.957177779885542,-0.594648015562594,-6.88423558590807,0.553480590651953,0.999330380285523
"PROBE1318_at","GENE1318",2,"Microenvironment",45,43,8.16265844444444,8.26856674418605,0.105908299741602,1.07617171922454,0.922038219414668,-6.63674429023421,0.358824825443497,0.999330380285523
"PROBE1319_at","GENE1319",1,"PlasmaCells",45,43,8.34831777777778,8.3797823255814,0.0314645478036173,1.02204912955495,0.296990774160687,-7.01704697415952,0.767116512497055,0.999330380285523
"PROBE1320_at","GENE1320",0,"Other",45,43,6.736238,6.57929255813954,-0.156945441860462,0.896922077761978,-1.42904072908343,-6.04781120521869,0.156245063187978,0.959126792932384
"PROBE1321_at","GENE1321",1,"PlasmaCells",45,43,9.96751977777778,9.86532627906977,-0.102193498708008,0.931615469785168,-0.883281665492358,-6.6715403543923,0.379295213380026,0.999330380285523
"PROBE1322_at","GENE1322",0,"Other",45,43,8.86693688888889,8.87814953488372,0.0112126459948296,1.00780229445439,0.114563644526272,-7.05468462850347,0.909030758011244,0.999330380285523
"PROBE1323_at","GENE1323",0,"Other",45,43,6.56062888888889,6.62786418604651,0.0672352971576258,1.04770698952561,0.59121768881603,-6.88626843802806,0.555766948243671,0.999330380285523
"PROBE1324_at","GENE1324",0,"Other",45,43,7.548632,7.72260558139535,0.17397358139535,1.12816147839543,1.62684533735283,-5.75191741187247,0.107054757806326,0.82191752634415
"PROBE1325_at","GENE1325",2,"Microenvironment",45,43,7.72100444444444,7.96653534883721,0.245530904392769,1.18552895926978,2.21814456852731,-4.65515083136034,0.0289074153838527,0.367078290588606
"PROBE1326_at","GENE1326",2,"Microenvironment",45,43,9.35456688888889,9.29278488372093,-0.0617820051679576,0.958079975568403,-0.547819175906269,-6.91097823272299,0.585090178589338,0.999330380285523
"PROBE1327_at","GENE1327",1,"PlasmaCells",45,43,7.96542044444444,7.91622162790698,-0.0491988165374648,0.966472899105195,-0.411776053072438,-6.97629593954109,0.681423395630066,0.999330380285523
"PROBE1328_at","GENE1328",2,"Microenvironment",45,43,8.80623888888889,8.76243209302326,-0.0438067958656294,0.97009181527296,-0.399178586743605,-6.98141118696309,0.69065005046797,0.999330380285523
"PROBE1329_at","GENE1329",2,"Microenvironment",45,43,7.74704711111111,7.87340860465116,0.126361493540051,1.09153734737103,1.14243572845773,-6.41108103860775,0.256120059245022,0.999330380285523
"PROBE1330_at","GENE1330",1,"PlasmaCells",45,43,8.16630533333333,8.12808534883721,-0.0382199844961217,0.973855762104117,-0.325655303273995,-7.00810404231776,0.745395362833034,0.999330380285523
"PROBE1331_at","GENE1331",1,"PlasmaCells",45,43,7.68429822222222,7.70103209302326,0.0167338708010361,1.01166656501667,0.137877719378359,-7.05173313082212,0.890626434140503,0.999330380285523
"PROBE1332_at","GENE1332",0,"Other",45,43,7.47451844444444,7.64426348837209,0.16974504392765,1.12485967957736,1.53897633652947,-5.88786036663403,0.127106525909249,0.899869209976982
"PROBE1333_at","GENE1333",1,"PlasmaCells",45,43,8.97108777777778,8.99922023255814,0.0281324547803656,1.01969129722924,0.266792860435293,-7.02557920893318,0.790202070754806,0.999330380285523
"PROBE1334_at","GENE1334",1,"PlasmaCells",45,43,8.22224377777778,8.20629395348837,-0.0159498242894092,0.989005312549212,-0.158144651547713,-7.04872463673939,0.874675679018581,0.999330380285523
"PROBE1335_at","GENE1335",1,"PlasmaCells",45,43,8.56207244444444,8.64972023255814,0.0876477881136939,1.06263621634016,0.791088144959251,-6.74839865929111,0.430846670280935,0.999330380285523
"PROBE1336_at","GENE1336",1,"PlasmaCells",45,43,8.07065533333333,7.95805906976744,-0.112596263565891,0.924922080206696,-1.03345444008932,-6.52855495646257,0.303993030529534,0.999330380285523
"PROBE1337_at","GENE1337",1,"PlasmaCells",45,43,7.12670511111111,7.03891162790698,-0.0877934832041305,0.940960793150584,-0.78626696311592,-6.75218822253375,0.433651607809756,0.999330380285523
"PROBE1338_at","GENE1338",2,"Microenvironment",45,43,8.58822866666667,8.61932255813953,0.0310938914728691,1.02178657904401,0.267546446417023,-7.02537739030833,0.789623596884148,0.999330380285523
"PROBE1339_at","GENE1339",0,"Other",45,43,8.23503288888889,8.27792558139535,0.0428926925064612,1.03017732629764,0.362025636500625,-6.99557463908296,0.718130182755764,0.999330380285523
"PROBE1340_at","GENE1340",2,"Microenvironment",45,43,8.89518266666667,8.75739697674419,-0.137785689922486,0.90891312403463,-1.17218407935503,-6.37702411734543,0.244029809000043,0.999330380285523
"PROBE1341_at","GENE1341",1,"PlasmaCells",45,43,6.85152844444444,6.72739488372093,-0.124133560723515,0.917554933676937,-1.10617386492643,-6.45144239750033,0.271421241462602,0.999330380285523
"PROBE1342_at","GENE1342",1,"PlasmaCells",45,43,7.86729422222222,7.85995604651163,-0.00733817571059525,0.994926478205638,-0.0676500577347462,-7.05897185432387,0.946205193256643,0.999330380285523
"PROBE1343_at","GENE1343",0,"Other",45,43,8.591914,8.66303511627907,0.0711211162790679,1.05053273401036,0.652384183403493,-6.84826997511475,0.515715644486391,0.999330380285523
"PROBE1344_at","GENE1344",0,"Other",45,43,7.23069266666667,7.27633441860465,0.0456417519379873,1.03214220351636,0.381702733231151,-6.98824502517684,0.703527171212696,0.999330380285523
"PROBE1345_at","GENE1345",2,"Microenvironment",45,43,8.29869222222222,8.25066558139535,-0.0480266408268673,0.967258468040574,-0.417232621390065,-6.97403112858684,0.677441761316694,0.999330380285523
"PROBE1346_at","GENE1346",2,"Microenvironment",45,43,10.8189666666667,10.7042627906977,-0.114703875968988,0.923571861361064,-0.96843699533892,-6.59315783959212,0.335264686866496,0.999330380285523
"PROBE1347_at","GENE1347",2,"Microenvironment",45,43,11.0712655555556,11.2084753488372,0.137209793281652,1.0997760645067,1.25730267599592,-6.27488744030318,0.211700458960264,0.999330380285523
"PROBE1348_at","GENE1348",1,"PlasmaCells",45,43,8.90376533333333,8.92228162790698,0.0185162945736472,1.01291723329044,0.180523726427472,-7.04492429718779,0.857122754300485,0.999330380285523
"PROBE1349_at","GENE1349",1,"PlasmaCells",45,43,5.75598422222222,5.47888,-0.277104222222222,0.825245789497967,-2.55728559017477,-3.88898229480989,0.0121186944687777,0.178154166509502
"PROBE1350_at","GENE1350",1,"PlasmaCells",45,43,7.75809844444444,7.88125674418605,0.123158299741603,1.0891165121107,1.14699021231216,-6.4059221024323,0.254242118982811,0.999330380285523
"PROBE1351_at","GENE1351",2,"Microenvironment",45,43,8.59714022222222,8.54788418604651,-0.0492560361757075,0.966434567973919,-0.436578177474284,-6.9657622198192,0.663399641747845,0.999330380285523
"PROBE1352_at","GENE1352",2,"Microenvironment",45,43,8.451346,8.36562651162791,-0.0857194883720975,0.942314475804135,-0.723843971843986,-6.79918745513767,0.470925342811563,0.999330380285523
"PROBE1353_at","GENE1353",2,"Microenvironment",45,43,9.04586022222222,9.10584418604651,0.0599839638242905,1.04245417345035,0.561003909659548,-6.90366904124356,0.576104678689296,0.999330380285523
"PROBE1354_at","GENE1354",0,"Other",45,43,7.92325177777778,7.91200069767442,-0.0112510801033583,0.992231676156541,-0.103554460074003,-7.05588891417821,0.917739395857718,0.999330380285523
"PROBE1355_at","GENE1355",0,"Other",45,43,8.65472266666667,8.56418813953488,-0.0905345271317799,0.93917471490079,-0.727892204609537,-6.79625594687865,0.468454852684147,0.999330380285523
"PROBE1356_at","GENE1356",0,"Other",45,43,9.76056733333333,9.83347953488372,0.0729122015503929,1.05183776530451,0.642273490159505,-6.85480675345838,0.522229605608101,0.999330380285523
"PROBE1357_at","GENE1357",1,"PlasmaCells",45,43,9.329886,9.37492581395349,0.0450398139534887,1.0317116509823,0.364496556020328,-6.99467546768452,0.716290547731444,0.999330380285523
"PROBE1358_at","GENE1358",2,"Microenvironment",45,43,10.0099282222222,9.89326302325581,-0.116665198966405,0.922317131888469,-0.979958603067666,-6.58200937465749,0.329574752080666,0.999330380285523
"PROBE1359_at","GENE1359",2,"Microenvironment",45,43,9.36952577777778,9.49440465116279,0.124878873385018,1.09041617903704,1.16297677842411,-6.3876558814452,0.24772752270338,0.999330380285523
"PROBE1360_at","GENE1360",1,"PlasmaCells",45,43,7.48051311111111,7.54052325581395,0.0600101447028401,1.04247309124862,0.530008197835251,-6.92057775580127,0.597332477736015,0.999330380285523
"PROBE1361_at","GENE1361",2,"Microenvironment",45,43,8.475268,8.61495744186047,0.139689441860465,1.10166794255608,1.26616042470551,-6.26386067961619,0.208525764417727,0.999330380285523
"PROBE1362_at","GENE1362",0,"Other",45,43,7.72268222222222,7.66682046511628,-0.0558617571059434,0.962019633540332,-0.546101839269411,-6.91191755508516,0.586265409895767,0.999330380285523
"PROBE1363_at","GENE1363",1,"PlasmaCells",45,43,7.04163,6.89342139534884,-0.148208604651165,0.902370240953695,-1.37301677692277,-6.12495698511506,0.172952321043559,0.995409041977317
"PROBE1364_at","GENE1364",2,"Microenvironment",45,43,8.07055577777778,8.16661534883721,0.0960595710594347,1.06885012473747,0.888812686671107,-6.66666440518447,0.376329995241982,0.999330380285523
"PROBE1365_at","GENE1365",2,"Microenvironment",45,43,10.4714951111111,10.3790506976744,-0.0924444134366915,0.937932227674698,-0.959838810682392,-6.60139332129258,0.339552520114813,0.999330380285523
"PROBE1366_at","GENE1366",1,"PlasmaCells",45,43,9.20702,9.25353023255814,0.0465102325581412,1.03276372458492,0.380228987986636,-6.9888073838529,0.704617126411531,0.999330380285523
"PROBE1367_at","GENE1367",1,"PlasmaCells",45,43,7.68703466666667,7.53216697674419,-0.154867689922482,0.898214744701773,-1.23294500722428,-6.30482334444392,0.220613113123752,0.999330380285523
"PROBE1368_at","GENE1368",1,"PlasmaCells",45,43,8.77339533333333,8.75878209302325,-0.0146132403100694,0.989922000511243,-0.115770545378948,-7.05454521445365,0.90807671408071,0.999330380285523
"PROBE1369_at","GENE1369",0,"Other",45,43,9.63839111111111,9.58711604651163,-0.0512750645994835,0.965083004361186,-0.468740969308425,-6.95118895643779,0.64031965257111,0.999330380285523
"PROBE1370_at","GENE1370",0,"Other",45,43,7.867554,7.96273,0.0951760000000004,1.06819571346454,0.834412787724688,-6.71331931675333,0.406124225641221,0.999330380285523
"PROBE1371_at","GENE1371",1,"PlasmaCells",45,43,8.38293888888889,8.21805465116279,-0.164884237726101,0.892000090897931,-1.54351775285441,-5.88100996449518,0.12600206474744,0.896779649167807
"PROBE1372_at","GENE1372",1,"PlasmaCells",45,43,8.01772688888889,8.06892558139535,0.0511986925064605,1.03612545219578,0.478742831619622,-6.9464469065469,0.633212420474354,0.999330380285523
"PROBE1373_at","GENE1373",2,"Microenvironment",45,43,9.26860266666667,9.15268488372093,-0.115917782945738,0.922795079880621,-0.994784362358497,-6.56747369147219,0.322347092699618,0.999330380285523
"PROBE1374_at","GENE1374",2,"Microenvironment",45,43,9.28625888888889,9.28037906976744,-0.00587981912144642,0.995932713858807,-0.0533947607835317,-7.05983730558223,0.957528562462984,0.999330380285523
"PROBE1375_at","GENE1375",1,"PlasmaCells",45,43,5.84035444444444,5.8172488372093,-0.0231056072351423,0.984111981064349,-0.241628190758915,-7.03199213412877,0.809584706141994,0.999330380285523
"PROBE1376_at","GENE1376",2,"Microenvironment",45,43,7.49807377777778,7.75689953488372,0.258825757105949,1.19650444551785,2.07671621753695,-4.94570996841906,0.0405046771641542,0.465129835930131
"PROBE1377_at","GENE1377",2,"Microenvironment",45,43,8.14105088888889,8.10683604651163,-0.0342148423772599,0.976563090908592,-0.317501280688854,-7.01073160895071,0.751554213853102,0.999330380285523
"PROBE1378_at","GENE1378",0,"Other",45,43,9.04311666666667,9.0277776744186,-0.0153389922480613,0.989424142603537,-0.135473284485217,-7.05206272953221,0.892521923781324,0.999330380285523
"PROBE1379_at","GENE1379",2,"Microenvironment",45,43,9.93883022222222,9.93609418604651,-0.0027360361757065,0.998105321412777,-0.0243588469511986,-7.06096966757177,0.980617038996563,0.999330380285523
"PROBE1380_at","GENE1380",2,"Microenvironment",45,43,10.568312,10.5855851162791,0.01727311627908,1.01204477286524,0.147108678415697,-7.05041391679794,0.883355377727811,0.999330380285523
"PROBE1381_at","GENE1381",2,"Microenvironment",45,43,8.03388955555556,8.02352465116279,-0.0103649043927661,0.992841341881857,-0.0932718142330222,-7.05690394845482,0.925882402833827,0.999330380285523
"PROBE1382_at","GENE1382",1,"PlasmaCells",45,43,9.244226,9.05133976744186,-0.192886232558145,0.874853751036773,-1.67017689643757,-5.68225080272952,0.0981485551787504,0.796337161693715
"PROBE1383_at","GENE1383",1,"PlasmaCells",45,43,9.26002044444444,9.26479953488372,0.00477909043927838,1.00331810582974,0.0398055596138873,-7.0604725462669,0.96833097804026,0.999330380285523
"PROBE1384_at","GENE1384",2,"Microenvironment",45,43,9.91361333333333,9.94730744186047,0.0336941085271327,1.02362983942265,0.303853804395239,-7.01498062736237,0.761898220622641,0.999330380285523
"PROBE1385_at","GENE1385",0,"Other",45,43,8.41368511111111,8.42224069767442,0.00855558656331112,1.00594789963019,0.0789212007549326,-7.05814328431644,0.937259910977909,0.999330380285523
"PROBE1386_at","GENE1386",1,"PlasmaCells",45,43,7.87995622222222,7.87450651162791,-0.00544971059431543,0.996229674061706,-0.0504459373793829,-7.05999088787401,0.959872056894273,0.999330380285523
"PROBE1387_at","GENE1387",2,"Microenvironment",45,43,9.10122666666667,9.17006302325581,0.0688363565891432,1.04887034854514,0.556678668771439,-6.9060858496828,0.579045066269481,0.999330380285523
"PROBE1388_at","GENE1388",1,"PlasmaCells",45,43,7.540878,7.52723790697674,-0.0136400930232528,0.990589962109235,-0.122315789180586,-7.05376370785979,0.902905140566276,0.999330380285523
"PROBE1389_at","GENE1389",1,"PlasmaCells",45,43,6.80064844444444,6.60525651162791,-0.195391932816536,0.873335607111297,-1.80020916629208,-5.46286381008426,0.0749747996187038,0.692986898379596
"PROBE1390_at","GENE1390",0,"Other",45,43,7.97426488888889,8.04280348837209,0.0685385994832055,1.04865389505758,0.530791965170191,-6.92016196467317,0.596791277516162,0.999330380285523
"PROBE1391_at","GENE1391",2,"Microenvironment",45,43,10.2804593333333,10.29082,0.0103606666666671,1.0072073154619,0.0985355560250454,-7.05639759364237,0.921712913183936,0.999330380285523
"PROBE1392_at","GENE1392",1,"PlasmaCells",45,43,7.57714955555556,7.68405418604651,0.106904630490956,1.07691518424726,0.939610035017914,-6.62048458510179,0.34978063311881,0.999330380285523
"PROBE1393_at","GENE1393",0,"Other",45,43,7.34086155555556,7.41818488372093,0.0773233281653747,1.0550587440157,0.71872608868853,-6.80287040100907,0.474059027214196,0.999330380285523
"PROBE1394_at","GENE1394",0,"Other",45,43,9.82199,9.6315688372093,-0.190421162790692,0.876349853084875,-1.79868665715556,-5.46552162422685,0.0752172620470962,0.692986898379596
"PROBE1395_at","GENE1395",1,"PlasmaCells",45,43,7.62229022222222,7.5868223255814,-0.0354678966408297,0.975715264273886,-0.280236382452318,-7.02189351678212,0.779900372894401,0.999330380285523
"PROBE1396_at","GENE1396",2,"Microenvironment",45,43,8.59330377777778,8.65482534883721,0.0615215710594317,1.04356580099839,0.55115086161962,-6.90914756075637,0.582813370606926,0.999330380285523
"PROBE1397_at","GENE1397",0,"Other",45,43,8.20559888888889,8.13671930232558,-0.0688795865633072,0.953378114941717,-0.562208973504887,-6.90299237969274,0.575286728268587,0.999330380285523
"PROBE1398_at","GENE1398",2,"Microenvironment",45,43,8.30485155555556,8.19590232558139,-0.10894922997416,0.927263177272748,-0.982881261572218,-6.57916082316005,0.32814156122364,0.999330380285523
"PROBE1399_at","GENE1399",2,"Microenvironment",45,43,8.83105222222222,8.78667558139535,-0.0443766408268758,0.969708717835901,-0.368894657759003,-6.99305990234592,0.71302023852992,0.999330380285523
"PROBE1400_at","GENE1400",0,"Other",45,43,8.68064133333333,8.70966581395349,0.0290244806201549,1.02032197261131,0.260987715814445,-7.02711483566437,0.794662177513854,0.999330380285523
"PROBE1401_at","GENE1401",2,"Microenvironment",45,43,9.87466266666667,9.84788790697674,-0.0267747596899248,0.981612305803639,-0.249325479542707,-7.03009787113644,0.803642795983135,0.999330380285523
"PROBE1402_at","GENE1402",1,"PlasmaCells",45,43,8.95620488888889,8.98978395348837,0.033579064599488,1.02354821600353,0.288885838419011,-7.01942655863103,0.773292909075741,0.999330380285523
"PROBE1403_at","GENE1403",1,"PlasmaCells",45,43,8.2235,8.31793441860465,0.0944344186046546,1.06764677520205,0.827976091749428,-6.71864762618139,0.409741854414586,0.999330380285523
"PROBE1404_at","GENE1404",0,"Other",45,43,8.47015888888889,8.53407302325581,0.0639141343669234,1.04529788481442,0.618097740520282,-6.8700264269166,0.537977550033612,0.999330380285523
"PROBE1405_at","GENE1405",2,"Microenvironment",45,43,9.18965555555556,9.27196232558139,0.0823067700258413,1.05870949151801,0.717636014453043,-6.80365150415707,0.474727981223376,0.999330380285523
"PROBE1406_at","GENE1406",2,"Microenvironment",45,43,7.42786244444444,7.42608395348837,-0.00177849095607119,0.998768003539678,-0.015775135453625,-7.06114245913885,0.987446590768483,0.999330380285523
"PROBE1407_at","GENE1407",2,"Microenvironment",45,43,6.07138333333333,6.24070744186047,0.169324108527133,1.12453152693426,1.39295258174529,-6.09784443551086,0.166858070918633,0.989347380354554
"PROBE1408_at","GENE1408",2,"Microenvironment",45,43,8.311988,8.3366311627907,0.0246431627906976,1.01722805907859,0.214052464318133,-7.03829135490333,0.83096106079062,0.999330380285523
"PROBE1409_at","GENE1409",0,"Other",45,43,7.84399888888889,7.83226441860465,-0.0117344702842388,0.991899274164848,-0.0992409040494875,-7.05632763030721,0.921154359754059,0.999330380285523
"PROBE1410_at","GENE1410",2,"Microenvironment",45,43,9.15480844444444,9.24441069767442,0.0896022532299714,1.06407677917865,0.816553421317357,-6.72800319018845,0.416209479065471,0.999330380285523
"PROBE1411_at","GENE1411",0,"Other",45,43,10.0795522222222,10.0209388372093,-0.0586133850129187,0.960186538398125,-0.620520703803331,-6.86852717803482,0.536388393318633,0.999330380285523
"PROBE1412_at","GENE1412",1,"PlasmaCells",45,43,9.17306288888889,8.99011209302326,-0.182950795865633,0.880899417312085,-1.6126288954125,-5.77439675062955,0.110114618693736,0.840499739394244
"PROBE1413_at","GENE1413",2,"Microenvironment",45,43,8.51686466666667,8.45806953488372,-0.0587951317829489,0.960065584346645,-0.582988176356584,-6.89109774014284,0.561271045623243,0.999330380285523
"PROBE1414_at","GENE1414",2,"Microenvironment",45,43,8.62638022222222,8.58664,-0.0397402222222212,0.972830103549775,-0.343125802398825,-7.00225053974452,0.732255607690581,0.999330380285523
"PROBE1415_at","GENE1415",0,"Other",45,43,7.65028288888889,7.5887376744186,-0.0615452144702822,0.958237238911072,-0.548081222293274,-6.91083464490602,0.584910949247977,0.999330380285523
"PROBE1416_at","GENE1416",1,"PlasmaCells",45,43,7.84782288888889,7.67935511627907,-0.168467772609815,0.889787186091799,-1.44745467306117,-6.02180947103693,0.151034066347049,0.950935725171886
"PROBE1417_at","GENE1417",0,"Other",45,43,8.88828666666667,8.89669162790698,0.00840496124031453,1.00584287860117,0.082121603798687,-7.05788478852105,0.934721343485294,0.999330380285523
"PROBE1418_at","GENE1418",1,"PlasmaCells",45,43,11.8717033333333,11.9255360465116,0.0538327131782914,1.03801890071728,0.502326505114838,-6.9348711246575,0.616590526298926,0.999330380285523
"PROBE1419_at","GENE1419",1,"PlasmaCells",45,43,9.73969511111111,9.71214255813953,-0.0275525529715761,0.981083236483209,-0.252797840103892,-7.02922392515513,0.800966057986471,0.999330380285523
"PROBE1420_at","GENE1420",0,"Other",45,43,10.1297922222222,10.2604469767442,0.130654754521968,1.09479044959685,1.01618867745808,-6.54611119049115,0.312099010202709,0.999330380285523
"PROBE1421_at","GENE1421",2,"Microenvironment",45,43,7.46328022222222,7.37270488372093,-0.090575338501294,0.939148147633893,-0.867115210816115,-6.68562041796474,0.388045533443703,0.999330380285523
"PROBE1422_at","GENE1422",0,"Other",45,43,10.8741968888889,10.8263934883721,-0.047803400516802,0.967408151640693,-0.381076376879438,-6.98848429819861,0.703990337541254,0.999330380285523
"PROBE1423_at","GENE1423",2,"Microenvironment",45,43,6.74613511111111,6.7339488372093,-0.0121862739018086,0.991588693270629,-0.102733637346417,-7.05597383458548,0.918389109526841,0.999330380285523
"PROBE1424_at","GENE1424",2,"Microenvironment",45,43,7.65938066666667,7.76219395348837,0.102813286821708,1.07386548326364,1.05996344520291,-6.50103729549043,0.291826236707464,0.999330380285523
"PROBE1425_at","GENE1425",1,"PlasmaCells",45,43,8.15666244444444,8.08845604651163,-0.0682063979328156,0.953823082901946,-0.616200933806858,-6.87119604707962,0.539223287818234,0.999330380285523
"PROBE1426_at","GENE1426",2,"Microenvironment",45,43,7.65059066666667,7.60902837209302,-0.0415622945736462,0.971602229390053,-0.398798128530227,-6.98156320952038,0.690929442410844,0.999330380285523
"PROBE1427_at","GENE1427",2,"Microenvironment",45,43,6.99496177777778,6.96339720930233,-0.0315645684754475,0.978358715291839,-0.323630478721743,-7.00876272984221,0.746923217866393,0.999330380285523
"PROBE1428_at","GENE1428",2,"Microenvironment",45,43,8.829248,8.6889588372093,-0.140289162790699,0.907337277326958,-1.29728451919445,-6.224522066059,0.197648618801764,0.999330380285523
"PROBE1429_at","GENE1429",0,"Other",45,43,7.95491822222222,7.84699930232558,-0.107918919896644,0.927925624838969,-1.04851046267973,-6.51300961295084,0.297041418178563,0.999330380285523
"PROBE1430_at","GENE1430",1,"PlasmaCells",45,43,7.78411555555556,7.77527372093023,-0.00884183462532206,0.993890049388043,-0.0840641106747106,-7.0577228829386,0.933180869334815,0.999330380285523
"PROBE1431_at","GENE1431",2,"Microenvironment",45,43,9.56594244444444,9.4233788372093,-0.142563607235147,0.905907964618488,-1.21282496989207,-6.329123296645,0.228178863692027,0.999330380285523
"PROBE1432_at","GENE1432",1,"PlasmaCells",45,43,9.15765933333333,9.13392348837209,-0.0237358449612426,0.983682168091016,-0.208094213964326,-7.03955235700494,0.835597150980099,0.999330380285523
"PROBE1433_at","GENE1433",0,"Other",45,43,9.65905022222222,9.70533023255814,0.04628001033592,1.03259893148385,0.400363770168664,-6.98093668824402,0.689779977861796,0.999330380285523
"PROBE1434_at","GENE1434",2,"Microenvironment",45,43,9.39490866666667,9.29530441860465,-0.0996042480620165,0.933288970973903,-0.881615342540072,-6.67300345573593,0.380191394311561,0.999330380285523
"PROBE1435_at","GENE1435",1,"PlasmaCells",45,43,7.52649377777778,7.55051744186046,0.0240236640826907,1.01679135127074,0.236836542813339,-7.03314137396093,0.813289273766964,0.999330380285523
"PROBE1436_at","GENE1436",1,"PlasmaCells",45,43,8.57340355555556,8.48487906976744,-0.0885244857881116,0.940484136256158,-0.823400320894591,-6.72241072432084,0.412325380732054,0.999330380285523
"PROBE1437_at","GENE1437",2,"Microenvironment",45,43,8.72983088888889,8.72545255813954,-0.00437833074935412,0.996969772819833,-0.0423640769288351,-7.06036710050971,0.966296632730053,0.999330380285523
"PROBE1438_at","GENE1438",1,"PlasmaCells",45,43,8.35020377777778,8.39728930232558,0.047085524547807,1.03317563365596,0.436531650199901,-6.96578255482421,0.663433272765542,0.999330380285523
"PROBE1439_at","GENE1439",0,"Other",45,43,7.44665155555556,7.54499465116279,0.098343095607234,1.07054326020737,0.970203479035751,-6.59145695532345,0.334388163355956,0.999330380285523
"PROBE1440_at","GENE1440",1,"PlasmaCells",45,43,8.092036,8.05310627906977,-0.0389297209302395,0.973376789826275,-0.344471202978348,-7.00178711060156,0.731246958346325,0.999330380285523
"PROBE1441_at","GENE1441",0,"Other",45,43,7.11919822222222,7.17383604651163,0.0546378242894052,1.03859833972658,0.497860380589419,-6.9371057702058,0.619723342285833,0.999330380285523
"PROBE1442_at","GENE1442",2,"Microenvironment",45,43,9.13053955555556,9.10688813953488,-0.0236514160206731,0.983739736510642,-0.218166242723916,-7.03739996370011,0.827763619731932,0.999330380285523
"PROBE1443_at","GENE1443",1,"PlasmaCells",45,43,7.30495466666667,7.30549511627907,0.000540449612404181,1.00037468130058,0.00469278085733425,-7.06125623291011,0.996265474290844,0.999330380285523
"PROBE1444_at","GENE1444",2,"Microenvironment",45,43,8.87823666666667,8.96809162790698,0.0898549612403112,1.06426318328368,0.807531584294302,-6.73530180088725,0.421360728838726,0.999330380285523
"PROBE1445_at","GENE1445",0,"Other",45,43,6.96434644444444,6.90281,-0.0615364444444442,0.958243063975032,-0.583288806549337,-6.89092250487893,0.56106950634157,0.999330380285523
"PROBE1446_at","GENE1446",0,"Other",45,43,9.83044666666667,9.95198976744186,0.121543100775199,1.08789785158885,1.10314385111694,-6.45475754783872,0.272728007631492,0.999330380285523
"PROBE1447_at","GENE1447",2,"Microenvironment",45,43,7.44704088888889,7.44559790697674,-0.00144298191214354,0.999000301188138,-0.0128860910262759,-7.06118399135847,0.989745468099514,0.999330380285523
"PROBE1448_at","GENE1448",2,"Microenvironment",45,43,8.98473022222222,9.16415139534884,0.179421173126613,1.13242944961115,1.80076671853083,-5.4618899766864,0.0748861707092708,0.692986898379596
"PROBE1449_at","GENE1449",1,"PlasmaCells",45,43,7.59062155555556,7.57540930232558,-0.0152122532299721,0.989511066138293,-0.125859281107663,-7.05332268978753,0.900107062600569,0.999330380285523
"PROBE1450_at","GENE1450",1,"PlasmaCells",45,43,7.47447377777778,7.36066930232558,-0.113804475452197,0.924147811207522,-0.943285028333344,-6.61704590794074,0.347907857428708,0.999330380285523
"PROBE1451_at","GENE1451",0,"Other",45,43,8.39633622222222,8.43663813953488,0.0403019173126626,1.02832900577353,0.376772592855705,-6.99011778306557,0.707175827881844,0.999330380285523
"PROBE1452_at","GENE1452",0,"Other",45,43,9.32103911111111,9.25010488372093,-0.0709342273901772,0.952021310254017,-0.617990251959308,-6.87009280246473,0.538048104472131,0.999330380285523
"PROBE1453_at","GENE1453",0,"Other",45,43,9.63298711111111,9.67114534883721,0.0381582377261012,1.0268021612932,0.359402316136836,-6.99652259404104,0.720085100303294,0.999330380285523
"PROBE1454_at","GENE1454",0,"Other",45,43,9.14381022222222,9.18202372093023,0.0382134987080143,1.0268414926701,0.356396809582466,-6.99760020368358,0.722327112244373,0.999330380285523
"PROBE1455_at","GENE1455",1,"PlasmaCells",45,43,9.00284622222222,8.94237325581395,-0.0604729664082715,0.958949690197158,-0.55921532808077,-6.90467069768018,0.577319725046028,0.999330380285523
"PROBE1456_at","GENE1456",2,"Microenvironment",45,43,9.97777111111111,9.99408604651163,0.0163149354005139,1.01137283599156,0.143288069769659,-7.05097028863044,0.886363626757548,0.999330380285523
"PROBE1457_at","GENE1457",1,"PlasmaCells",45,43,6.09756266666667,5.90842511627907,-0.189137550387596,0.877129916843669,-1.76780070002013,-5.51898454870754,0.0802779248431346,0.719981388727664
"PROBE1458_at","GENE1458",1,"PlasmaCells",45,43,6.54065288888889,6.46023465116279,-0.0804182377260956,0.945783424079915,-0.792761274344577,-6.74707819601754,0.429875756861509,0.999330380285523
"PROBE1459_at","GENE1459",1,"PlasmaCells",45,43,5.50748,5.34112558139535,-0.166354418604655,0.891091559660142,-1.63455716272874,-5.73964523962872,0.105423757191504,0.82191752634415
"PROBE1460_at","GENE1460",2,"Microenvironment",45,43,8.27031955555556,8.26252325581395,-0.00779629974160478,0.994610592065815,-0.0655537316165196,-7.05911190727514,0.947869725834072,0.999330380285523
"PROBE1461_at","GENE1461",0,"Other",45,43,8.49959444444444,8.41173023255814,-0.0878642118863038,0.940914663314669,-0.829778277975838,-6.71715987211591,0.408727011350176,0.999330380285523
"PROBE1462_at","GENE1462",0,"Other",45,43,7.940806,7.95449325581395,0.0136872558139531,1.00953242970523,0.13701156099761,-7.05185253127331,0.891309180737555,0.999330380285523
"PROBE1463_at","GENE1463",1,"PlasmaCells",45,43,9.24436977777778,9.11878744186047,-0.125582335917315,0.916633974260035,-1.10969252914129,-6.44758149199573,0.269909207447158,0.999330380285523
"PROBE1464_at","GENE1464",1,"PlasmaCells",45,43,9.53926133333333,9.57098441860465,0.0317230852713131,1.02223230178752,0.290585329098218,-7.01893303881905,0.771996582198249,0.999330380285523
"PROBE1465_at","GENE1465",2,"Microenvironment",45,43,11.022464,11.0625204651163,0.0400564651162778,1.02815406641651,0.345568078247381,-7.00140794845107,0.730424977827855,0.999330380285523
"PROBE1466_at","GENE1466",0,"Other",45,43,8.03280533333333,8.1570211627907,0.124215829457363,1.08991515304624,1.32368722590659,-6.19042831290377,0.188756881170696,0.999330380285523
"PROBE1467_at","GENE1467",0,"Other",45,43,8.880414,8.79195465116279,-0.0884593488372065,0.940526599597495,-0.780617120360798,-6.7566000318369,0.436952264610189,0.999330380285523
"PROBE1468_at","GENE1468",1,"PlasmaCells",45,43,6.47971666666667,6.5032488372093,0.023532170542639,1.01644501247418,0.200088118349415,-7.04119076424599,0.841835779679909,0.999330380285523
"PROBE1469_at","GENE1469",0,"Other",45,43,8.77507022222222,8.79189511627907,0.0168248940568496,1.01173039561631,0.159943659561988,-7.04843768925343,0.873262196372299,0.999330380285523
"PROBE1470_at","GENE1470",1,"PlasmaCells",45,43,6.92191044444444,7.11962186046512,0.197711416020672,1.14687759001189,1.73555429685119,-5.57387664186344,0.0858579847514955,0.747825438300745
"PROBE1471_at","GENE1471",2,"Microenvironment",45,43,8.79304266666667,8.9391911627907,0.146148496124029,1.10661125036095,1.28562927833585,-6.23936152171412,0.201671404921116,0.999330380285523
"PROBE1472_at","GENE1472",0,"Other",45,43,8.49015377777778,8.49456046511628,0.0044066873385038,1.00305915259048,0.0398057818834906,-7.06047253739157,0.968330801298487,0.999330380285523
"PROBE1473_at","GENE1473",0,"Other",45,43,8.58992844444444,8.58458395348837,-0.00534449095607314,0.996302334426885,-0.0456921252270605,-7.06022011388904,0.96365074821416,0.999330380285523
"PROBE1474_at","GENE1474",2,"Microenvironment",45,43,9.04245822222222,8.97326953488372,-0.069188687338503,0.953173873338824,-0.693573945936023,-6.8205946341452,0.489627631410358,0.999330380285523
"PROBE1475_at","GENE1475",0,"Other",45,43,7.59874911111111,7.54799604651163,-0.0507530645994816,0.96543225660323,-0.454283882561477,-6.95786715942771,0.650652088148679,0.999330380285523
"PROBE1476_at","GENE1476",2,"Microenvironment",45,43,9.17910733333333,9.17245697674419,-0.00665035658914803,0.995400932330098,-0.0650077839364794,-7.05914765791734,0.948303259453296,0.999330380285523
"PROBE1477_at","GENE1477",2,"Microenvironment",45,43,8.61376688888889,8.60601093023256,-0.00775595865632894,0.994638404063884,-0.0696684656831284,-7.05883284189155,0.944602754826651,0.999330380285523
"PROBE1478_at","GENE1478",2,"Microenvironment",45,43,10.473736,10.4893111627907,0.0155751627907001,1.01085436596857,0.130470455967402,-7.05272993828497,0.89646779353767,0.999330380285523
"PROBE1479_at","GENE1479",1,"PlasmaCells",45,43,8.46820044444445,8.49582093023256,0.0276204857881126,1.01932950371637,0.249293111140071,-7.03010596103605,0.803667758868719,0.999330380285523
"PROBE1480_at","GENE1480",1,"PlasmaCells",45,43,9.97721866666667,10.2312434883721,0.254024821705428,1.19252938973573,2.18562317154859,-4.72349966459446,0.0312804545932053,0.386178451767967
"PROBE1481_at","GENE1481",2,"Microenvironment",45,43,9.45595311111111,9.30162302325581,-0.154330087855298,0.898549515440544,-1.46772790123123,-5.99281400587153,0.145453590325163,0.950935725171886
"PROBE1482_at","GENE1482",1,"PlasmaCells",45,43,8.55203288888889,8.45655906976744,-0.0954738191214481,0.935964801411421,-0.951726283506557,-6.60909758079013,0.343630766793309,0.999330380285523
"PROBE1483_at","GENE1483",2,"Microenvironment",45,43,9.421048,9.33410511627907,-0.0869428837209245,0.941515738399967,-0.811874666624094,-6.73179825658111,0.418876207020751,0.999330380285523
"PROBE1484_at","GENE1484",0,"Other",45,43,9.03358866666667,8.9507888372093,-0.0827998294573682,0.944223418839939,-0.765033293967492,-6.76860617756792,0.446132189708701,0.999330380285523
"PROBE1485_at","GENE1485",1,"PlasmaCells",45,43,9.78589911111111,9.78328558139535,-0.00261352971576301,0.998190079131991,-0.0231858818828164,-7.06099763947193,0.981550224208128,0.999330380285523
"PROBE1486_at","GENE1486",1,"PlasmaCells",45,43,10.09416,10.090526744186,-0.00363325581394847,0.997484787437443,-0.0361723988834083,-7.06061099937989,0.971220157463274,0.999330380285523
"PROBE1487_at","GENE1487",0,"Other",45,43,11.3182226666667,11.5032506976744,0.185028031007754,1.13683906136557,1.66196873102779,-5.69558024777582,0.09978787182181,0.799575964935009
"PROBE1488_at","GENE1488",0,"Other",45,43,8.24642155555556,8.45782162790698,0.211400072351424,1.15781124398043,1.99255729254761,-5.1103136413976,0.0491553502513094,0.531409191906048
"PROBE1489_at","GENE1489",0,"Other",45,43,8.26238088888889,8.28446162790698,0.0220807390180866,1.01542292643107,0.199325508564462,-7.0413434787503,0.842430564853353,0.999330380285523
"PROBE1490_at","GENE1490",0,"Other",45,43,8.38470488888889,8.4803488372093,0.0956439483204132,1.06854224648171,0.906277529906671,-6.65107158016402,0.36706270969848,0.999330380285523
"PROBE1491_at","GENE1491",1,"PlasmaCells",45,43,8.19744133333333,8.16026697674419,-0.037174356589146,0.974561843318701,-0.328030246140767,-7.00732623565438,0.743604617705784,0.999330380285523
"PROBE1492_at","GENE1492",0,"Other",45,43,7.97802177777778,7.98121790697674,0.00319612919896528,1.00221784372801,0.0295307473334486,-7.06082987347981,0.976502727645223,0.999330380285523
"PROBE1493_at","GENE1493",2,"Microenvironment",45,43,10.4642828888889,10.6027793023256,0.138496413436695,1.10075730112018,1.15578117559776,-6.39590798671962,0.25064492908798,0.999330380285523
"PROBE1494_at","GENE1494",0,"Other",45,43,9.35146311111111,9.43904418604651,0.0875810749354073,1.0625870789977,0.76390129288979,-6.76946898238143,0.446803333304787,0.999330380285523
"PROBE1495_at","GENE1495",0,"Other",45,43,9.22627955555556,9.12460348837209,-0.101676067183462,0.931949659377635,-0.869246505792213,-6.68377882871329,0.386884841501227,0.999330380285523
"PROBE1496_at","GENE1496",0,"Other",45,43,9.083244,9.11543976744186,0.0321957674418627,1.02256727912792,0.261193662020976,-7.0270609341288,0.794503830883103,0.999330380285523
"PROBE1497_at","GENE1497",0,"Other",45,43,7.40474733333333,7.44601627906977,0.0412689457364346,1.02901851859598,0.362240042753849,-6.99549685798114,0.717970488262354,0.999330380285523
"PROBE1498_at","GENE1498",2,"Microenvironment",45,43,8.61870955555556,8.78881488372093,0.170105328165373,1.12514062586807,1.64564241417297,-5.72190869436638,0.103114444872085,0.813943878863475
"PROBE1499_at","GENE1499",2,"Microenvironment",45,43,8.63353666666667,8.54441139534884,-0.0891252713178279,0.94009256935397,-0.77255192165008,-6.76284349856491,0.441689350960752,0.999330380285523
"PROBE1500_at","GENE1500",0,"Other",45,43,9.68352888888889,9.60755953488372,-0.0759693540051654,0.948704467482141,-0.670442895905708,-6.83634290723364,0.504188485269269,0.999330380285523
"PROBE1501_at","GENE1501",2,"Microenvironment",45,43,8.02442088888889,7.98548232558139,-0.0389385633074948,0.973370823951182,-0.387543443548447,-6.98599497014218,0.69921358981665,0.999330380285523
"PROBE1502_at","GENE1502",0,"Other",45,43,8.44017222222222,8.45007837209302,0.0099061498707993,1.00689004776271,0.0851440981636258,-7.05763123038522,0.932324512004003,0.999330380285523
"PROBE1503_at","GENE1503",0,"Other",45,43,9.45479955555555,9.48522837209302,0.0304288165374675,1.0213156492841,0.256204585911486,-7.02835476255192,0.798342204984906,0.999330380285523
"PROBE1504_at","GENE1504",2,"Microenvironment",45,43,8.18991177777778,8.19659395348837,0.00668217571059415,1.00464247430091,0.0544951675688086,-7.05977775884444,0.956654139547901,0.999330380285523
"PROBE1505_at","GENE1505",0,"Other",45,43,9.31657666666667,9.19862302325581,-0.117953643410853,0.921493795105481,-0.934220252772343,-6.62550394931038,0.352538995550699,0.999330380285523
"PROBE1506_at","GENE1506",0,"Other",45,43,9.71793888888889,9.69493488372093,-0.0230040051679588,0.984181289774572,-0.215365600840271,-7.0380086607336,0.829940111661559,0.999330380285523
"PROBE1507_at","GENE1507",0,"Other",45,43,7.184584,7.19728790697674,0.0127039069767454,1.008844561329,0.10861881224457,-7.05535002401184,0.913732011442393,0.999330380285523
"PROBE1508_at","GENE1508",0,"Other",45,43,7.88634022222222,7.84989325581395,-0.0364469664082705,0.975053330037429,-0.349413730485769,-7.00006910578218,0.727545597448603,0.999330380285523
"PROBE1509_at","GENE1509",2,"Microenvironment",45,43,8.10953488888889,7.90709534883721,-0.202439540051675,0.86907974074863,-1.70070777172329,-5.63212790152263,0.0922418362821776,0.768681969018146
"PROBE1510_at","GENE1510",1,"PlasmaCells",45,43,7.91988488888889,7.95322581395349,0.0333409250646008,1.02337927719586,0.312777905551596,-7.01222326695245,0.755129242392,0.999330380285523
"PROBE1511_at","GENE1511",0,"Other",45,43,7.5381,7.4862176744186,-0.0518823255813974,0.964676865910868,-0.397967000471798,-6.98189480707163,0.691539935370419,0.999330380285523
"PROBE1512_at","GENE1512",0,"Other",45,43,9.21503644444445,9.11364511627907,-0.101391328165375,0.93213361275093,-0.9758098315095,-6.58603867272459,0.331616256833553,0.999330380285523
"PROBE1513_at","GENE1513",2,"Microenvironment",45,43,8.76687555555556,8.75725720930233,-0.00961834625322666,0.993355245081635,-0.087633449196547,-7.05741551731301,0.930350929010653,0.999330380285523
"PROBE1514_at","GENE1514",2,"Microenvironment",45,43,9.47890377777778,9.51789139534884,0.0389876175710562,1.02739262138877,0.348726677061089,-7.00030938398948,0.728059734263675,0.999330380285523
"PROBE1515_at","GENE1515",2,"Microenvironment",45,43,9.92238777777778,9.89544604651163,-0.0269417312661435,0.981498704616262,-0.22097931128516,-7.03678065693909,0.825578822150022,0.999330380285523
"PROBE1516_at","GENE1516",2,"Microenvironment",45,43,9.73519466666667,9.81840255813954,0.083207891472874,1.05937097839563,0.680548496057113,-6.82952779185672,0.497798670475415,0.999330380285523
"PROBE1517_at","GENE1517",2,"Microenvironment",45,43,8.20377177777778,8.14968930232558,-0.0540824754521942,0.963206828197345,-0.60597943805704,-6.87743748989725,0.54596147967873,0.999330380285523
"PROBE1518_at","GENE1518",2,"Microenvironment",45,43,8.47729044444444,8.42252511627907,-0.0547653281653737,0.962751033490392,-0.443771665484617,-6.96259230137133,0.658208340981424,0.999330380285523
"PROBE1519_at","GENE1519",1,"PlasmaCells",45,43,9.311182,9.33457837209302,0.0233963720930213,1.01634934072321,0.217243521790883,-7.0376013775297,0.828480555933488,0.999330380285523
"PROBE1520_at","GENE1520",2,"Microenvironment",45,43,9.41493377777778,9.42042069767442,0.00548691989664363,1.00381048456268,0.0449834996353981,-7.06025234201867,0.964214090834476,0.999330380285523
"PROBE1521_at","GENE1521",1,"PlasmaCells",45,43,6.16244755555556,6.22070813953488,0.0582605839793233,1.04120964716332,0.500391825601075,-6.9358415874652,0.617946764323445,0.999330380285523
"PROBE1522_at","GENE1522",0,"Other",45,43,7.83637155555556,7.84421325581395,0.00784170025839792,1.00545025129714,0.0714149007502748,-7.05870926347343,0.943216422422397,0.999330380285523
"PROBE1523_at","GENE1523",2,"Microenvironment",45,43,9.57453511111111,9.66670255813954,0.0921674470284248,1.06597045121308,0.878452185218088,-6.67577336318057,0.381896234169175,0.999330380285523
"PROBE1524_at","GENE1524",2,"Microenvironment",45,43,8.85848133333333,8.89249488372093,0.0340135503875967,1.0238565168665,0.341852519897993,-7.00268746127883,0.733210622911763,0.999330380285523
"PROBE1525_at","GENE1525",2,"Microenvironment",45,43,8.47536333333333,8.64201813953488,0.166654806201551,1.12245282053298,1.51529970455236,-5.92326361255544,0.132989041642878,0.927215947001714
"PROBE1526_at","GENE1526",0,"Other",45,43,6.99729822222222,7.01674790697674,0.0194496847545214,1.01357277925121,0.170009877240146,-7.04677223834806,0.865360864630925,0.999330380285523
"PROBE1527_at","GENE1527",1,"PlasmaCells",45,43,8.55294911111111,8.51232604651163,-0.0406230645994832,0.972234972294301,-0.328795589539469,-7.00707438012522,0.743027835910776,0.999330380285523
"PROBE1528_at","GENE1528",1,"PlasmaCells",45,43,9.38805755555556,9.33512441860465,-0.0529331369509016,0.963974483003111,-0.485028911856734,-6.9434155837794,0.628763067602251,0.999330380285523
"PROBE1529_at","GENE1529",0,"Other",45,43,10.1730028888889,10.0214669767442,-0.151535912144695,0.900291490054431,-1.29211368644481,-6.23112152948781,0.199425902010701,0.999330380285523
"PROBE1530_at","GENE1530",0,"Other",45,43,9.99475088888889,9.84968744186047,-0.145063447028425,0.904339605522833,-1.42631445757638,-6.05163378755572,0.157028211279592,0.959126792932384
"PROBE1531_at","GENE1531",0,"Other",45,43,6.91303933333333,6.81400581395349,-0.0990335193798471,0.933658252174798,-0.874621525276015,-6.6791146728708,0.383967202118444,0.999330380285523
"PROBE1532_at","GENE1532",1,"PlasmaCells",45,43,10.177538,10.2152625581395,0.0377245581395425,1.02649354706706,0.329751905151941,-7.00675885736873,0.742307338603834,0.999330380285523
"PROBE1533_at","GENE1533",2,"Microenvironment",45,43,10.7705171111111,10.7150393023256,-0.0554778087855308,0.962275692490112,-0.516351264361118,-6.92772474299667,0.606798899947853,0.999330380285523
"PROBE1534_at","GENE1534",0,"Other",45,43,6.44737977777778,6.28839418604651,-0.158985591731264,0.895654614994367,-1.31406349356442,-6.2029321418526,0.191962555875858,0.999330380285523
"PROBE1535_at","GENE1535",2,"Microenvironment",45,43,9.45594,9.38831302325581,-0.0676269767441866,0.954206238236579,-0.599682284401161,-6.88123108241228,0.550133682224818,0.999330380285523
"PROBE1536_at","GENE1536",0,"Other",45,43,8.29478911111111,8.42269674418605,0.127907633074937,1.09270777747665,1.21252586859167,-6.3294816126116,0.228292734011685,0.999330380285523
"PROBE1537_at","GENE1537",2,"Microenvironment",45,43,9.727198,9.81208976744186,0.0848917674418583,1.06060817039982,0.822531680191012,-6.72312276963991,0.412816929596893,0.999330380285523
"PROBE1538_at","GENE1538",1,"PlasmaCells",45,43,6.21871555555556,6.17253953488372,-0.0461760206718349,0.968500017042623,-0.436193523207979,-6.96593027026817,0.663677699665855,0.999330380285523
"PROBE1539_at","GENE1539",2,"Microenvironment",45,43,8.21199622222222,8.06941558139535,-0.142580640826871,0.905897268820084,-1.28865355703805,-6.23552343339483,0.200621799903503,0.999330380285523
"PROBE1540_at","GENE1540",1,"PlasmaCells",45,43,7.30164511111111,7.24777534883721,-0.0538697622738988,0.963348855365339,-0.49128668583575,-6.94035882997141,0.624347310668393,0.999330380285523
"PROBE1541_at","GENE1541",2,"Microenvironment",45,43,7.88959622222222,7.98263325581395,0.0930370335917301,1.06661316015186,0.820487510926667,-6.72479549991058,0.41397508056585,0.999330380285523
"PROBE1542_at","GENE1542",1,"PlasmaCells",45,43,7.82457133333333,7.84146953488372,0.0168982015503909,1.01178180586012,0.16554664306562,-7.04752321065657,0.868862578193866,0.999330380285523
"PROBE1543_at","GENE1543",1,"PlasmaCells",45,43,7.51594022222222,7.43784488372093,-0.0780953385012886,0.947307467030365,-0.739932409119543,-6.78744155184048,0.461150391501587,0.999330380285523
"PROBE1544_at","GENE1544",0,"Other",45,43,9.61044577777778,9.51750279069767,-0.0929429870801055,0.937608148446974,-0.832085460061145,-6.71525057675492,0.40743001684034,0.999330380285523
"PROBE1545_at","GENE1545",2,"Microenvironment",45,43,11.2102544444444,11.0846660465116,-0.125588397932816,0.91663012269229,-1.13463658057112,-6.41986887285624,0.259358551736415,0.999330380285523
"PROBE1546_at","GENE1546",2,"Microenvironment",45,43,7.65090244444444,7.59078395348837,-0.0601184909560732,0.959185336594459,-0.517190901610473,-6.92729069340056,0.606214937372619,0.999330380285523
"PROBE1547_at","GENE1547",1,"PlasmaCells",45,43,7.71615888888889,7.73296581395349,0.0168069250645964,1.01171779443455,0.150925727269246,-7.04984345072081,0.880351636733799,0.999330380285523
"PROBE1548_at","GENE1548",2,"Microenvironment",45,43,8.02948422222222,8.12167860465116,0.0921943824289393,1.06599035327711,0.837506176175805,-6.71074413715402,0.40439255558266,0.999330380285523
"PROBE1549_at","GENE1549",0,"Other",45,43,9.32286866666667,9.3464788372093,0.0236101705426375,1.01649996854736,0.19588783239275,-7.04202464856018,0.845112853641562,0.999330380285523
"PROBE1550_at","GENE1550",0,"Other",45,43,8.34459266666667,8.30918162790698,-0.0354110387596904,0.975753718828844,-0.321819701840046,-7.00934831421458,0.748290417127989,0.999330380285523
"PROBE1551_at","GENE1551",1,"PlasmaCells",45,43,8.88201111111111,8.95054697674419,0.0685358656330735,1.04865190790174,0.65420650362649,-6.8470810432623,0.514546159257383,0.999330380285523
"PROBE1552_at","GENE1552",1,"PlasmaCells",45,43,7.38065333333333,7.30789418604651,-0.072759147286825,0.950817823573188,-0.656895341289869,-6.84532076917298,0.512823141642728,0.999330380285523
"PROBE1553_at","GENE1553",1,"PlasmaCells",45,43,7.83938577777778,7.81182162790698,-0.0275641498708019,0.981075350216621,-0.220473451501381,-7.03689260822796,0.825971602529759,0.999330380285523
"PROBE1554_at","GENE1554",1,"PlasmaCells",45,43,8.05107044444444,8.03610418604651,-0.0149662583979318,0.989679802673171,-0.130590737218383,-7.05271419122195,0.896372893445571,0.999330380285523
"PROBE1555_at","GENE1555",1,"PlasmaCells",45,43,7.02902511111111,6.88096697674419,-0.148058134366921,0.902464361321367,-1.3410563927653,-6.16763856756346,0.183072957797428,0.999330380285523
"PROBE1556_at","GENE1556",1,"PlasmaCells",45,43,9.32580022222222,9.17019813953488,-0.155602082687336,0.897757631780018,-1.56539303266319,-5.84774387822159,0.120788056661358,0.883276465530952
"PROBE1557_at","GENE1557",2,"Microenvironment",45,43,11.4181111111111,11.4230439534884,0.00493284237725788,1.00342503786955,0.0477756057934958,-7.06012244004617,0.961994532279736,0.999330380285523
"PROBE1558_at","GENE1558",2,"Microenvironment",45,43,9.34203133333333,9.19888953488372,-0.143141798449609,0.905544975167671,-1.17055679240728,-6.37890908876077,0.244680458148814,0.999330380285523
"PROBE1559_at","GENE1559",2,"Microenvironment",45,43,9.25298177777778,9.16434046511628,-0.0886413126615011,0.940407980610353,-0.795577825495053,-6.74484910592102,0.428244236670624,0.999330380285523
"PROBE1560_at","GENE1560",1,"PlasmaCells",45,43,7.73252755555556,7.72356790697674,-0.00895964857881015,0.993808889245553,-0.0942181599779764,-7.05681496180507,0.92513263214125,0.999330380285523
"PROBE1561_at","GENE1561",2,"Microenvironment",45,43,7.09734244444444,7.14911720930233,0.0517747648578846,1.03653926273312,0.445975424980735,-6.96161085821286,0.656621289642007,0.999330380285523
"PROBE1562_at","GENE1562",1,"PlasmaCells",45,43,7.01209822222222,7.14281348837209,0.130715266149869,1.09483636986397,1.25910634952364,-6.27264816852169,0.211051146060398,0.999330380285523
"PROBE1563_at","GENE1563",2,"Microenvironment",45,43,7.68761244444444,7.53281372093023,-0.154798723514211,0.898257683870281,-1.2922264510686,-6.23097788094247,0.199387017242279,0.999330380285523
"PROBE1564_at","GENE1564",0,"Other",45,43,8.52929133333333,8.55718720930233,0.0278958759689942,1.01952409794611,0.260237958490597,-7.02731070823115,0.795238718781365,0.999330380285523
"PROBE1565_at","GENE1565",2,"Microenvironment",45,43,7.93443977777778,7.84618976744186,-0.0882500103359192,0.940663082158522,-0.828018920263554,-6.71861230705594,0.409717719277406,0.999330380285523
"PROBE1566_at","GENE1566",2,"Microenvironment",45,43,8.19095711111111,8.28038511627907,0.0894280051679583,1.06394826822191,0.848327767670797,-6.70166152639541,0.398370051742292,0.999330380285523
"PROBE1567_at","GENE1567",0,"Other",45,43,7.859436,7.86218023255814,0.00274423255814238,1.00190396730883,0.0253058064053927,-7.06094607837929,0.979863678474889,0.999330380285523
"PROBE1568_at","GENE1568",1,"PlasmaCells",45,43,7.57987377777778,7.62930372093023,0.0494299431524539,1.03485593700661,0.440168407737296,-6.96418658011052,0.660806620164201,0.999330380285523
"PROBE1569_at","GENE1569",1,"PlasmaCells",45,43,8.60059644444445,8.65972837209302,0.0591319276485827,1.04183869588112,0.515354705261788,-6.92823900303582,0.607492331839017,0.999330380285523
"PROBE1570_at","GENE1570",0,"Other",45,43,7.53266911111111,7.55020906976744,0.0175399586563296,1.01223197903281,0.158264561413621,-7.04870561164269,0.874581453012737,0.999330380285523
"PROBE1571_at","GENE1571",0,"Other",45,43,9.65801,9.59666720930232,-0.0613427906976778,0.9583716981003,-0.582919546090397,-6.89113773167552,0.56131705961043,0.999330380285523
"PROBE1572_at","GENE1572",0,"Other",45,43,9.10774022222222,9.15673209302326,0.0489918708010357,1.03454175213765,0.483410681794363,-6.94419970037439,0.629907168091409,0.999330380285523
"PROBE1573_at","GENE1573",0,"Other",45,43,7.54331511111111,7.61666697674419,0.0733518656330734,1.05215836373129,0.705573745013569,-6.81221653349601,0.482165362478996,0.999330380285523
"PROBE1574_at","GENE1574",2,"Microenvironment",45,43,8.87272022222222,8.88228186046512,0.00956163824289646,1.00664963388083,0.0893562494107727,-7.05726259028591,0.928985329288585,0.999330380285523
"PROBE1575_at","GENE1575",2,"Microenvironment",45,43,8.29846666666667,8.36937209302326,0.0709054263565942,1.05037568599933,0.62439458229219,-6.86611806397861,0.533852614292728,0.999330380285523
"PROBE1576_at","GENE1576",2,"Microenvironment",45,43,10.3636028888889,10.3957255813953,0.0321226925064604,1.02251548568347,0.303249272944026,-7.01516453421794,0.762357437493474,0.999330380285523
"PROBE1577_at","GENE1577",1,"PlasmaCells",45,43,7.25255933333333,7.1805523255814,-0.0720070077519379,0.951313655406299,-0.696577983581029,-6.81851060241693,0.487753616942726,0.999330380285523
"PROBE1578_at","GENE1578",0,"Other",45,43,8.89469422222222,8.75559581395349,-0.13909840826873,0.908086473746469,-1.32106838901572,-6.19383960055073,0.189625220992162,0.999330380285523
"PROBE1579_at","GENE1579",2,"Microenvironment",45,43,8.74467511111111,8.77675162790698,0.0320765167958701,1.02248275900028,0.300063352573614,-7.01612769576572,0.764778941087417,0.999330380285523
"PROBE1580_at","GENE1580",1,"PlasmaCells",45,43,9.67460022222222,9.5142,-0.160400222222217,0.894776813859513,-1.40814427709445,-6.07693198413864,0.162325174834912,0.971121253448065
"PROBE1581_at","GENE1581",1,"PlasmaCells",45,43,7.12989022222222,7.20858348837209,0.0786932661498687,1.05606107053811,0.690478140282406,-6.8227330001031,0.491563005204533,0.999330380285523
"PROBE1582_at","GENE1582",0,"Other",45,43,9.21675844444444,9.10935744186047,-0.107401002583977,0.928258803374038,-0.950049435617664,-6.61068203939252,0.34447768119746,0.999330380285523
"PROBE1583_at","GENE1583",2,"Microenvironment",45,43,10.0557257777778,10.0462458139535,-0.00947996382429217,0.993450531681092,-0.0776693501309797,-7.05824160098851,0.938253059670284,0.999330380285523
"PROBE1584_at","GENE1584",1,"PlasmaCells",45,43,7.44077977777778,7.53650348837209,0.0957237105943172,1.06860132460495,0.850091760799837,-6.70017011140268,0.397393569458012,0.999330380285523
"PROBE1585_at","GENE1585",2,"Microenvironment",45,43,8.913604,8.89080511627907,-0.0227988837209274,0.984321229981342,-0.226883037319332,-7.03545515944536,0.820998113009674,0.999330380285523
"PROBE1586_at","GENE1586",2,"Microenvironment",45,43,9.361954,9.39114627906977,0.0291922790697683,1.02044065216394,0.271972074156808,-7.02418068785411,0.786228746463556,0.999330380285523
"PROBE1587_at","GENE1587",0,"Other",45,43,9.77448577777778,9.75713930232558,-0.0173464754521984,0.988048334816019,-0.160496475507726,-7.04834886176697,0.872827930556027,0.999330380285523
"PROBE1588_at","GENE1588",2,"Microenvironment",45,43,7.57258866666667,7.46941930232558,-0.103169364341083,0.930985520913738,-0.862494127251288,-6.68959807506115,0.390569542688591,0.999330380285523
"PROBE1589_at","GENE1589",2,"Microenvironment",45,43,8.49263755555556,8.54758697674419,0.0549494211886294,1.03882268303137,0.549872510248937,-6.90985128465927,0.583686474105559,0.999330380285523
"PROBE1590_at","GENE1590",1,"PlasmaCells",45,43,7.184466,7.18714488372093,0.00267888372092973,1.00185858573159,0.0228012611331294,-7.06100651111015,0.981856225664001,0.999330380285523
"PROBE1591_at","GENE1591",2,"Microenvironment",45,43,9.15436688888889,9.25107976744186,0.0967128785529709,1.06933425056153,0.915894998965918,-6.64235766189998,0.362021657434497,0.999330380285523
"PROBE1592_at","GENE1592",1,"PlasmaCells",45,43,6.16426666666667,6.09143325581395,-0.0728334108527102,0.950768880932684,-0.699922798766194,-6.81617966881589,0.485671648715025,0.999330380285523
"PROBE1593_at","GENE1593",2,"Microenvironment",45,43,8.75945088888889,8.78230860465116,0.0228577157622745,1.01596993911635,0.208906948593888,-7.0393824447579,0.83496441979317,0.999330380285523
"PROBE1594_at","GENE1594",2,"Microenvironment",45,43,9.53345222222222,9.45266441860465,-0.0807878036175698,0.945541179863469,-0.723242828709319,-6.79962139119624,0.471292820470709,0.999330380285523
"PROBE1595_at","GENE1595",1,"PlasmaCells",45,43,8.98978066666667,9.02437302325581,0.0345923565891457,1.02426736834821,0.306084733527613,-7.01429878419487,0.760204290372996,0.999330380285523
"PROBE1596_at","GENE1596",2,"Microenvironment",45,43,8.714436,8.76241511627907,0.0479791162790697,1.03381577114743,0.459679622666658,-6.9553990496348,0.646787648183135,0.999330380285523
"PROBE1597_at","GENE1597",1,"PlasmaCells",45,43,7.54205355555556,7.58231860465116,0.0402650490956091,1.02830272705801,0.377359757129548,-6.98989601673963,0.706740923766817,0.999330380285523
"PROBE1598_at","GENE1598",0,"Other",45,43,6.09755222222222,6.07737581395349,-0.0201764082687355,0.98611211839399,-0.179508005437414,-7.04510765708999,0.857917946553255,0.999330380285523
"PROBE1599_at","GENE1599",2,"Microenvironment",45,43,7.72538844444444,7.69593651162791,-0.0294519328165377,0.9797924414442,-0.267758762075645,-7.02532042720711,0.789460638639017,0.999330380285523
"PROBE1600_at","GENE1600",0,"Other",45,43,7.21845644444444,7.16091023255814,-0.0575462118863035,0.960897058860659,-0.504910776092835,-6.93356900646372,0.614780987180041,0.999330380285523
"PROBE1601_at","GENE1601",0,"Other",45,43,8.96485,8.94277069767442,-0.0220793023255794,0.984812308064166,-0.206059068764026,-7.03997492622275,0.837182028103084,0.999330380285523
"PROBE1602_at","GENE1602",2,"Microenvironment",45,43,9.22850733333333,9.2616711627907,0.0331638294573597,1.02325366170111,0.26511842974682,-7.02602560529134,0.791487830949251,0.999330380285523
"PROBE1603_at","GENE1603",2,"Microenvironment",45,43,6.69912333333333,6.69345069767442,-0.00567263565891274,0.996075748664589,-0.0482386005596361,-7.06010014347133,0.961626507386961,0.999330380285523
"PROBE1604_at","GENE1604",1,"PlasmaCells",45,43,7.10409844444444,7.07855674418605,-0.0255417002584002,0.982451640298037,-0.201081846131373,-7.04099089348196,0.841060875348608,0.999330380285523
"PROBE1605_at","GENE1605",1,"PlasmaCells",45,43,7.59035577777778,7.52169325581395,-0.0686625219638239,0.953521568826148,-0.642688087042516,-6.8545406977433,0.521961653365438,0.999330380285523
"PROBE1606_at","GENE1606",2,"Microenvironment",45,43,10.9460068888889,10.8707065116279,-0.0753003772609819,0.949144483131049,-0.700724074483362,-6.81561963523209,0.485173623729724,0.999330380285523
"PROBE1607_at","GENE1607",0,"Other",45,43,10.3920244444444,10.5159788372093,0.12395439276486,1.08971766294037,1.09829387385766,-6.46004547806116,0.274828763898317,0.999330380285523
"PROBE1608_at","GENE1608",2,"Microenvironment",45,43,11.1924311111111,11.1879088372093,-0.00452227390180937,0.996870306328955,-0.0396119155688738,-7.06048025974268,0.96848495827243,0.999330380285523
"PROBE1609_at","GENE1609",1,"PlasmaCells",45,43,8.34980977777778,8.39460139534884,0.0447916175710574,1.03153417406096,0.396886516068216,-6.98232486020978,0.692333893921142,0.999330380285523
"PROBE1610_at","GENE1610",2,"Microenvironment",45,43,6.62568711111111,6.57320837209302,-0.0524787390180901,0.964278148704354,-0.471028997666538,-6.95011295437221,0.638690810184019,0.999330380285523
"PROBE1611_at","GENE1611",2,"Microenvironment",45,43,9.14847488888889,9.07556209302326,-0.0729127958656317,0.950716565840982,-0.600712922254495,-6.88061288709422,0.549449738947319,0.999330380285523
"PROBE1612_at","GENE1612",0,"Other",45,43,7.86456288888889,7.66484744186047,-0.199715447028423,0.870722285090296,-1.65932616634839,-5.69985839016324,0.100320334817312,0.799575964935009
"PROBE1613_at","GENE1613",0,"Other",45,43,7.81005711111111,7.78639581395349,-0.0236612971576244,0.983732998819378,-0.220293965141619,-7.03693226855824,0.826110977322332,0.999330380285523
"PROBE1614_at","GENE1614",2,"Microenvironment",45,43,9.31829888888889,9.30167651162791,-0.0166223772609797,0.988544367286416,-0.148830579061183,-7.05015838332058,0.882000153032986,0.999330380285523
"PROBE1615_at","GENE1615",0,"Other",45,43,7.34216777777778,7.31137325581395,-0.0307945219638208,0.978881059093607,-0.29344897185006,-7.01809492094299,0.769813734099261,0.999330380285523
"PROBE1616_at","GENE1616",1,"PlasmaCells",45,43,8.38913666666667,8.31076,-0.0783766666666654,0.947122758355645,-0.634656568554889,-6.85966440475307,0.527165138870133,0.999330380285523
"PROBE1617_at","GENE1617",2,"Microenvironment",45,43,9.58581977777778,9.6869188372093,0.101099059431522,1.07259026130337,0.709782511033153,-6.80924434105003,0.479563026574232,0.999330380285523
"PROBE1618_at","GENE1618",2,"Microenvironment",45,43,9.92996866666667,9.99203162790698,0.0620629612403167,1.04395748620031,0.580554906374281,-6.89251277524255,0.562903591882878,0.999330380285523
"PROBE1619_at","GENE1619",0,"Other",45,43,8.27362444444444,8.41239,0.138765555555556,1.10096267216543,1.12697982173112,-6.42843926738214,0.262565837047443,0.999330380285523
"PROBE1620_at","GENE1620",1,"PlasmaCells",45,43,8.75336711111111,8.77120511627907,0.0178380051679579,1.01244111774003,0.165192546346907,-7.04758193522212,0.869140504217582,0.999330380285523
"PROBE1621_at","GENE1621",1,"PlasmaCells",45,43,8.29372066666667,8.29615953488372,0.0024388682170553,1.00169192431997,0.0214666932802111,-7.06103614338356,0.982918018824515,0.999330380285523
"PROBE1622_at","GENE1622",2,"Microenvironment",45,43,7.91388066666667,8.03672255813954,0.122841891472872,1.08887767599217,1.20824553094958,-6.3345999631957,0.229926799261766,0.999330380285523
"PROBE1623_at","GENE1623",0,"Other",45,43,7.90958866666667,7.88229,-0.0272986666666659,0.981255903269247,-0.255463575188077,-7.0285448052751,0.79891273080748,0.999330380285523
"PROBE1624_at","GENE1624",1,"PlasmaCells",45,43,5.70522422222222,5.6816676744186,-0.0235565478036168,0.983804427038237,-0.254756386561806,-7.02872566120786,0.799457317723934,0.999330380285523
"PROBE1625_at","GENE1625",1,"PlasmaCells",45,43,9.90783688888889,10.086971627907,0.179134739018091,1.13220463825962,1.75703862270261,-5.53740981461023,0.0821060076342654,0.724997859905213
"PROBE1626_at","GENE1626",0,"Other",45,43,7.79862644444444,7.72831953488372,-0.0703069095607241,0.952435361586067,-0.707703403857383,-6.8107147738054,0.480847592389754,0.999330380285523
"PROBE1627_at","GENE1627",0,"Other",45,43,7.97168022222222,8.12805581395349,0.156375591731265,1.11448375814556,1.40922839095168,-6.07543130540611,0.162005340187224,0.971121253448065
"PROBE1628_at","GENE1628",0,"Other",45,43,6.17770822222222,6.18691255813954,0.00920433591731573,1.0064003547822,0.0931859414592554,-7.05691197878419,0.92595044142389,0.999330380285523
"PROBE1629_at","GENE1629",0,"Other",45,43,8.90902088888889,8.92964627906977,0.0206253901808804,1.01439911377084,0.205704320970362,-7.04004815993338,0.837458358203134,0.999330380285523
"PROBE1630_at","GENE1630",1,"PlasmaCells",45,43,8.338442,8.15172162790698,-0.186720372093026,0.878600745027701,-1.60808023914404,-5.78154974097318,0.111108334085572,0.844930297228687
"PROBE1631_at","GENE1631",2,"Microenvironment",45,43,8.94280933333333,8.84828837209302,-0.0945209612403062,0.936583182978318,-0.910841206567287,-6.64694792578415,0.364665115392971,0.999330380285523
"PROBE1632_at","GENE1632",0,"Other",45,43,7.03626177777778,7.15531627906977,0.119054501291989,1.08602288268653,1.19241246418214,-6.35338025578557,0.236044642010222,0.999330380285523
"PROBE1633_at","GENE1633",2,"Microenvironment",45,43,8.71108844444444,8.68310651162791,-0.0279819328165356,0.980791286574029,-0.295102556080327,-7.01760722101583,0.768554110463834,0.999330380285523
"PROBE1634_at","GENE1634",1,"PlasmaCells",45,43,7.98359288888889,7.87392069767442,-0.109672191214467,0.9267986249058,-1.0222359159533,-6.53999513841543,0.309243622678079,0.999330380285523
"PROBE1635_at","GENE1635",0,"Other",45,43,7.90900044444444,7.87061093023256,-0.038389514211886,0.973741331967448,-0.320702345672326,-7.00970801863762,0.749134461320087,0.999330380285523
"PROBE1636_at","GENE1636",0,"Other",45,43,9.08006822222222,8.91858279069768,-0.161485431524543,0.894104007077388,-1.3831789461429,-6.11118341789677,0.16982501230785,0.989347380354554
"PROBE1637_at","GENE1637",2,"Microenvironment",45,43,7.11512377777778,7.19638325581395,0.0812594780361762,1.0579412240813,0.712542608499659,-6.8072856892819,0.477860656412286,0.999330380285523
"PROBE1638_at","GENE1638",1,"PlasmaCells",45,43,6.13207377777778,6.07124627906977,-0.0608274987080089,0.958714063915034,-0.552522325192384,-6.90839077378989,0.581877360974941,0.999330380285523
"PROBE1639_at","GENE1639",0,"Other",45,43,9.89178288888889,10.1182695348837,0.226486645994836,1.16998225275108,2.30982243890671,-4.45759319413636,0.0230449855027266,0.303223493456928
"PROBE1640_at","GENE1640",0,"Other",45,43,7.84162911111111,7.81247348837209,-0.0291556227390171,0.979993698246392,-0.226657285154673,-7.03550648695467,0.821173161531711,0.999330380285523
"PROBE1641_at","GENE1641",1,"PlasmaCells",45,43,7.21573911111111,7.20009465116279,-0.0156444599483221,0.989214669974764,-0.140021176686641,-7.05143442023996,0.888937215905159,0.999330380285523
"PROBE1642_at","GENE1642",2,"Microenvironment",45,43,10.3184813333333,10.2612137209302,-0.0572676124031037,0.961082636038399,-0.508143780854244,-6.93193065769439,0.612520545735621,0.999330380285523
"PROBE1643_at","GENE1643",2,"Microenvironment",45,43,9.45047377777778,9.37567511627907,-0.0747986614987095,0.94947461773776,-0.679638732267743,-6.83014546348139,0.498372119385724,0.999330380285523
"PROBE1644_at","GENE1644",1,"PlasmaCells",45,43,8.97664688888889,9.08121209302326,0.104565204134371,1.07517030945401,1.01744965080376,-6.54483879798699,0.311502151568757,0.999330380285523
"PROBE1645_at","GENE1645",0,"Other",45,43,10.8163348888889,10.7723688372093,-0.0439660516795861,0.969984734961087,-0.373880181312012,-6.99120519362597,0.709319610003402,0.999330380285523
"PROBE1646_at","GENE1646",1,"PlasmaCells",45,43,8.79230444444444,8.84217581395349,0.0498713695090434,1.03517262387828,0.412397603835433,-6.97603945702874,0.680969394962732,0.999330380285523
"PROBE1647_at","GENE1647",1,"PlasmaCells",45,43,7.41468666666667,7.52154418604651,0.106857519379845,1.07688001822734,0.961219112011089,-6.60007609938395,0.33886178020293,0.999330380285523
"PROBE1648_at","GENE1648",2,"Microenvironment",45,43,6.608204,6.54273720930233,-0.0654667906976751,0.95563606706777,-0.611039621370761,-6.87436059066671,0.542620422098718,0.999330380285523
"PROBE1649_at","GENE1649",2,"Microenvironment",45,43,8.50165488888889,8.41058139534884,-0.091073493540053,0.938823920679246,-0.798007205186362,-6.7429201670547,0.426839934374557,0.999330380285523
"PROBE1650_at","GENE1650",1,"PlasmaCells",45,43,6.47590088888889,6.51425511627907,0.0383542273901778,1.0269416615167,0.353571857035377,-6.99860484825675,0.724436647566695,0.999330380285523
"PROBE1651_at","GENE1651",2,"Microenvironment",45,43,7.94342577777778,7.81934790697674,-0.124077870801034,0.917590353185516,-1.15325610714857,-6.39879199801305,0.251674452424825,0.999330380285523
"PROBE1652_at","GENE1652",1,"PlasmaCells",45,43,8.935044,8.69543651162791,-0.239607488372098,0.846975716285471,-2.15541549319491,-4.78616758224916,0.0336349714517592,0.40558174318385
"PROBE1653_at","GENE1653",0,"Other",45,43,7.17353844444444,7.10367697674419,-0.0698614677002594,0.952729477854501,-0.770791718907317,-6.76419760224372,0.442727160995441,0.999330380285523
"PROBE1654_at","GENE1654",0,"Other",45,43,9.24053555555555,9.12774348837209,-0.112792067183463,0.924796557629173,-0.98146201194177,-6.58054512450329,0.328837008338237,0.999330380285523
"PROBE1655_at","GENE1655",1,"PlasmaCells",45,43,6.80924422222222,6.90661302325581,0.0973688010335954,1.06982053478976,0.949602465548418,-6.6111039199701,0.344703657564426,0.999330380285523
"PROBE1656_at","GENE1656",2,"Microenvironment",45,43,10.087972,10.0651844186047,-0.0227875813953506,0.984328941356426,-0.194887678243409,-7.04222060390051,0.845893580207907,0.999330380285523
"PROBE1657_at","GENE1657",2,"Microenvironment",45,43,9.82324644444444,9.86704139534884,0.0437949509043953,1.03082179850249,0.35549139569242,-6.9979230664402,0.723002998159678,0.999330380285523
"PROBE1658_at","GENE1658",2,"Microenvironment",45,43,10.0121922222222,9.99304674418605,-0.0191454780361759,0.986817032517965,-0.197068553165654,-7.0417920256807,0.844191374530657,0.999330380285523
"PROBE1659_at","GENE1659",1,"PlasmaCells",45,43,8.864226,8.8230211627907,-0.0412048372093015,0.971842993648588,-0.366886761580049,-6.99379986472007,0.714512595386234,0.999330380285523
"PROBE1660_at","GENE1660",1,"PlasmaCells",45,43,7.18222466666667,7.21535232558139,0.033127658914732,1.02322800750867,0.304852295334388,-7.01467607207542,0.761139929018135,0.999330380285523
"PROBE1661_at","GENE1661",0,"Other",45,43,7.12327288888889,7.00045279069767,-0.122820098191212,0.918390677037838,-1.18718845697492,-6.35952393287831,0.238088616663948,0.999330380285523
"PROBE1662_at","GENE1662",2,"Microenvironment",45,43,8.11430066666667,8.08488534883721,-0.0294153178294589,0.979817308475567,-0.258694869333302,-7.02771206628393,0.796425665979314,0.999330380285523
"PROBE1663_at","GENE1663",0,"Other",45,43,8.22781311111111,8.30772232558139,0.0799092144702858,1.05695152690413,0.655016928255701,-6.84655124407664,0.514026514416381,0.999330380285523
"PROBE1664_at","GENE1664",1,"PlasmaCells",45,43,10.5740293333333,10.517273255814,-0.0567560775193794,0.961423466531837,-0.54413189356323,-6.91299143642633,0.587614877796378,0.999330380285523
"PROBE1665_at","GENE1665",1,"PlasmaCells",45,43,8.07472466666667,8.01017255813954,-0.0645521085271312,0.956242141394426,-0.612015126492256,-6.87376450541509,0.541977523006693,0.999330380285523
"PROBE1666_at","GENE1666",2,"Microenvironment",45,43,10.1339955555556,10.2918353488372,0.157839793281653,1.11561542988345,1.48131276112268,-5.97316883177582,0.141804817824413,0.948653015411418
"PROBE1667_at","GENE1667",1,"PlasmaCells",45,43,8.047022,8.00193604651163,-0.045085953488373,0.969232069901323,-0.464265118868472,-6.95327875580753,0.643511089536432,0.999330380285523
"PROBE1668_at","GENE1668",1,"PlasmaCells",45,43,10.5176242222222,10.5322625581395,0.0146383359173168,1.01019817175923,0.126279742324673,-7.05326952420882,0.899775133170078,0.999330380285523
"PROBE1669_at","GENE1669",1,"PlasmaCells",45,43,8.05864844444444,8.21384,0.155191555555552,1.11356946392762,1.42030885149021,-6.06002974209019,0.15876403868148,0.965130934233923
"PROBE1670_at","GENE1670",0,"Other",45,43,8.93797222222222,8.95650511627907,0.018532894056845,1.01292888786666,0.140761483870072,-7.05133018144959,0.888353912378333,0.999330380285523
"PROBE1671_at","GENE1671",0,"Other",45,43,7.16652888888889,7.05014046511628,-0.11638842377261,0.922494091664402,-1.08041873886508,-6.47933852337861,0.282668094598175,0.999330380285523
"PROBE1672_at","GENE1672",0,"Other",45,43,7.283088,7.29823162790698,0.0151436279069754,1.01055204726979,0.141695771427985,-7.051197845043,0.887617855337571,0.999330380285523
"PROBE1673_at","GENE1673",1,"PlasmaCells",45,43,9.83702133333333,9.96916976744186,0.132148434108522,1.09592451668658,1.44686517098929,-6.0226468250472,0.15119878030233,0.950935725171886
"PROBE1674_at","GENE1674",1,"PlasmaCells",45,43,7.90409222222222,8.02796,0.123867777777779,1.08965224159674,1.2083887107571,-6.334429035104,0.229872002579939,0.999330380285523
"PROBE1675_at","GENE1675",1,"PlasmaCells",45,43,8.06705288888889,8.17279488372093,0.105741994832043,1.07604767199326,0.985034360073144,-6.57705700131761,0.327088372101451,0.999330380285523
"PROBE1676_at","GENE1676",0,"Other",45,43,8.44121733333333,8.42380558139535,-0.0174117519379813,0.98800363038288,-0.1639358018633,-7.04778934333574,0.87012703936591,0.999330380285523
"PROBE1677_at","GENE1677",0,"Other",45,43,9.73202266666667,9.71577255813953,-0.0162501085271316,0.988799481245336,-0.161817576468768,-7.04813534411854,0.871790294594888,0.999330380285523
"PROBE1678_at","GENE1678",1,"PlasmaCells",45,43,7.34492444444444,7.41421348837209,0.0692890439276495,1.04919951362411,0.646213877646764,-6.8522712442956,0.519685854791951,0.999330380285523
"PROBE1679_at","GENE1679",2,"Microenvironment",45,43,9.62905533333333,9.42728209302326,-0.20177324031008,0.869481212529046,-1.94288707773463,-5.20452236392683,0.0549655259695092,0.576620857469869
"PROBE1680_at","GENE1680",2,"Microenvironment",45,43,11.46395,11.4575239534884,-0.0064260465116277,0.995555709197365,-0.0638077166829839,-7.05922519185962,0.949256279775579,0.999330380285523
"PROBE1681_at","GENE1681",1,"PlasmaCells",45,43,8.10678311111111,8.04099976744186,-0.0657833436692457,0.955426406507051,-0.635407125304854,-6.85918829319967,0.526677729350426,0.999330380285523
"PROBE1682_at","GENE1682",1,"PlasmaCells",45,43,7.51951911111111,7.50787139534884,-0.0116477157622734,0.991958922484336,-0.100571492531129,-7.05619429114759,0.920100796517253,0.999330380285523
"PROBE1683_at","GENE1683",2,"Microenvironment",45,43,10.343874,10.2692723255814,-0.0746016744186058,0.949604268839888,-0.614808102034909,-6.87205263241353,0.540138971227429,0.999330380285523
"PROBE1684_at","GENE1684",1,"PlasmaCells",45,43,7.09195666666667,7.14689744186046,0.0549407751937974,1.0388164574408,0.499482037302869,-6.93629666244635,0.618584996824652,0.999330380285523
"PROBE1685_at","GENE1685",0,"Other",45,43,10.1719353333333,10.1520113953488,-0.0199239379844887,0.986284702193946,-0.179028075629389,-7.04519393527104,0.858293727178019,0.999330380285523
"PROBE1686_at","GENE1686",2,"Microenvironment",45,43,11.0136315555556,10.9180304651163,-0.0956010904392794,0.935882236339674,-0.803941323232431,-6.73818405220061,0.423421203564779,0.999330380285523
"PROBE1687_at","GENE1687",2,"Microenvironment",45,43,8.20939977777778,8.14306209302326,-0.0663376847545205,0.95505936402323,-0.618859821877805,-6.86955550361913,0.537477462613295,0.999330380285523
"PROBE1688_at","GENE1688",2,"Microenvironment",45,43,8.60010511111111,8.52013279069767,-0.0799723204134395,0.946075797987637,-0.77749951040611,-6.75902104052229,0.438779856883464,0.999330380285523
"PROBE1689_at","GENE1689",1,"PlasmaCells",45,43,6.82309666666667,6.7025823255814,-0.120514341085271,0.91985964924956,-1.15279363684412,-6.39931954471188,0.251863335390542,0.999330380285523
"PROBE1690_at","GENE1690",0,"Other",45,43,6.32061977777778,6.30066372093023,-0.019956056847545,0.986262744684036,-0.187876718832137,-7.04356608879734,0.851370651729707,0.999330380285523
"PROBE1691_at","GENE1691",2,"Microenvironment",45,43,8.14390288888889,8.09224186046512,-0.0516610284237693,0.964824850492688,-0.468809905807694,-6.95115661353767,0.64027055104947,0.999330380285523
"PROBE1692_at","GENE1692",2,"Microenvironment",45,43,10.073494,10.0011495348837,-0.072344465116279,0.951091161915145,-0.614698418587631,-6.87212000556494,0.540211113494674,0.999330380285523
"PROBE1693_at","GENE1693",1,"PlasmaCells",45,43,6.82655,6.72531837209302,-0.101231627906977,0.932236801723026,-0.890161421611806,-6.66547086892418,0.375609138647118,0.999330380285523
"PROBE1694_at","GENE1694",1,"PlasmaCells",45,43,6.23753822222222,6.27224093023256,0.034702708010335,1.02434571732666,0.306309184789936,-7.01422990910981,0.760033930459223,0.999330380285523
"PROBE1695_at","GENE1695",2,"Microenvironment",45,43,9.388608,9.36947534883721,-0.0191326511627903,0.986825806259498,-0.158665136109361,-7.04864195130962,0.874266691737332,0.999330380285523
"PROBE1696_at","GENE1696",0,"Other",45,43,7.42432222222222,7.5102676744186,0.0859454521963832,1.06138307766177,0.787196692171531,-6.75145921297752,0.433109863352638,0.999330380285523
"PROBE1697_at","GENE1697",0,"Other",45,43,6.56792955555556,6.57022093023256,0.00229137467700014,1.00158952184973,0.0196032648271888,-7.06107452932098,0.984400628827038,0.999330380285523
"PROBE1698_at","GENE1698",0,"Other",45,43,9.71515844444444,9.72841162790698,0.0132531834625347,1.00922873128919,0.107548790821633,-7.05546602637609,0.914578529413697,0.999330380285523
"PROBE1699_at","GENE1699",2,"Microenvironment",45,43,8.27312777777778,8.30095976744186,0.0278319896640831,1.01947895175553,0.253637844289397,-7.02901069423332,0.800318879192401,0.999330380285523
"PROBE1700_at","GENE1700",2,"Microenvironment",45,43,7.74613888888889,7.65611976744186,-0.0900191214470292,0.939510296883534,-0.871024811426417,-6.68223884197057,0.38591803386908,0.999330380285523
"PROBE1701_at","GENE1701",1,"PlasmaCells",45,43,9.02834888888889,9.15016302325581,0.121814134366929,1.08810224999069,1.04695249455806,-6.51462840782857,0.297755709242376,0.999330380285523
"PROBE1702_at","GENE1702",2,"Microenvironment",45,43,10.9609413333333,10.8335090697674,-0.12743226356589,0.915459353310702,-1.28285509566745,-6.24287455561864,0.202637783101792,0.999330380285523
"PROBE1703_at","GENE1703",0,"Other",45,43,7.72712844444444,7.79695,0.0698215555555564,1.04958685401861,0.606602845262227,-6.87705979165337,0.545549307340473,0.999330380285523
"PROBE1704_at","GENE1704",0,"Other",45,43,9.03540933333333,8.85353930232558,-0.181870031007755,0.881559571951833,-1.63572070607325,-5.73778887730058,0.105179423153023,0.82191752634415
"PROBE1705_at","GENE1705",1,"PlasmaCells",45,43,8.33922,8.18737209302326,-0.151847906976744,0.90009681556366,-1.38582359978172,-6.10758291625131,0.169018249443081,0.989347380354554
"PROBE1706_at","GENE1706",0,"Other",45,43,8.66739688888889,8.66378348837209,-0.00361340051679093,0.997498515559181,-0.0341953634566214,-7.06068077755925,0.972792508670664,0.999330380285523
"PROBE1707_at","GENE1707",2,"Microenvironment",45,43,9.22112533333333,9.2041923255814,-0.0169330077519394,0.988331544092622,-0.13342818776197,-7.05233850878889,0.894134627540596,0.999330380285523
"PROBE1708_at","GENE1708",1,"PlasmaCells",45,43,7.80189866666667,7.68069837209302,-0.121200294573645,0.919422390552545,-1.22990201246644,-6.30852337994584,0.221745497418285,0.999330380285523
"PROBE1709_at","GENE1709",2,"Microenvironment",45,43,7.74228955555556,7.85005325581395,0.107763700258398,1.07755663704891,0.926804702326196,-6.6323635194306,0.35635688377524,0.999330380285523
"PROBE1710_at","GENE1710",0,"Other",45,43,10.0136757777778,10.0385430232558,0.0248672454780383,1.01738606953395,0.214338151794453,-7.03822999865175,0.830738917205845,0.999330380285523
"PROBE1711_at","GENE1711",0,"Other",45,43,7.14127866666667,7.35003162790698,0.208752961240308,1.15568879614146,1.85758651576374,-5.36117337814767,0.0662993101939147,0.649993237195242
"PROBE1712_at","GENE1712",1,"PlasmaCells",45,43,9.18832466666667,9.0595723255814,-0.128752341085274,0.914622083781549,-1.09098953080922,-6.46796653047174,0.27801375485235,0.999330380285523
"PROBE1713_at","GENE1713",0,"Other",45,43,7.569774,7.48855093023256,-0.0812230697674421,0.9452559498054,-0.75551843767013,-6.77581906495976,0.4517915060163,0.999330380285523
"PROBE1714_at","GENE1714",2,"Microenvironment",45,43,7.53680133333333,7.47251720930233,-0.0642841240310057,0.9564197824502,-0.53903930113215,-6.9157497007967,0.591110192963007,0.999330380285523
"PROBE1715_at","GENE1715",1,"PlasmaCells",45,43,9.48115066666667,9.40247139534884,-0.078679271317835,0.946924120605892,-0.627916742634946,-6.86391477224974,0.531552414562817,0.999330380285523
"PROBE1716_at","GENE1716",2,"Microenvironment",45,43,9.97066844444444,10.0162027906977,0.0455343462532287,1.03206536550796,0.36623164098224,-6.99404042249942,0.71499975021518,0.999330380285523
"PROBE1717_at","GENE1717",1,"PlasmaCells",45,43,8.886992,8.90761976744186,0.0206277674418658,1.01440078529071,0.214839912269058,-7.0381220391526,0.830348793812169,0.999330380285523
"PROBE1718_at","GENE1718",1,"PlasmaCells",45,43,6.24250155555556,6.4713776744186,0.22887611886305,1.17192164894891,2.58279884092123,-3.82747853955074,0.0113130311887217,0.168851211771966
"PROBE1719_at","GENE1719",0,"Other",45,43,8.16713222222222,8.04586302325581,-0.121269198966409,0.919378479173589,-1.23086444213925,-6.30735410088051,0.221386893755205,0.999330380285523
"PROBE1720_at","GENE1720",2,"Microenvironment",45,43,8.77807555555555,8.81312581395349,0.035050258397936,1.02459251559428,0.312910480671565,-7.01218170359902,0.755028825812863,0.999330380285523
"PROBE1721_at","GENE1721",1,"PlasmaCells",45,43,8.48357533333333,8.58077418604651,0.0971988527131789,1.06969451821001,0.795568884776503,-6.74485619417527,0.428249409889213,0.999330380285523
"PROBE1722_at","GENE1722",2,"Microenvironment",45,43,8.95876377777778,8.93042558139535,-0.0283381963824336,0.980549116849067,-0.256801603859054,-7.02820124897637,0.797882622945138,0.999330380285523
"PROBE1723_at","GENE1723",0,"Other",45,43,9.52636133333333,9.49188860465116,-0.0344727286821627,0.976388542766107,-0.360065595251987,-6.99628356295496,0.719590643624498,0.999330380285523
"PROBE1724_at","GENE1724",2,"Microenvironment",45,43,7.52568044444444,7.62928465116279,0.103604206718344,1.07445436338742,0.990199103716835,-6.57199207468349,0.324571133901143,0.999330380285523
"PROBE1725_at","GENE1725",2,"Microenvironment",45,43,6.946024,6.98866976744186,0.0426457674418614,1.03000102096081,0.38745526764909,-6.98602919194778,0.699278638158773,0.999330380285523
"PROBE1726_at","GENE1726",2,"Microenvironment",45,43,8.84036933333333,8.80654627906977,-0.0338230542635642,0.976828329061267,-0.307962431979295,-7.01372104146402,0.758779470257629,0.999330380285523
"PROBE1727_at","GENE1727",1,"PlasmaCells",45,43,8.70452355555556,8.69368372093023,-0.0108398346253242,0.992514555727152,-0.101837711303389,-7.05606575379885,0.919098333611846,0.999330380285523
"PROBE1728_at","GENE1728",1,"PlasmaCells",45,43,8.01100933333333,8.00146790697674,-0.00954142635658961,0.993408209025908,-0.0926179395495587,-7.05696490882993,0.926400493692338,0.999330380285523
"PROBE1729_at","GENE1729",0,"Other",45,43,8.19264355555556,8.20095720930233,0.00831365374677517,1.00577922129085,0.0631561744650458,-7.05926668167319,0.949773725895266,0.999330380285523
"PROBE1730_at","GENE1730",1,"PlasmaCells",45,43,8.74085422222222,8.85964581395349,0.118791591731272,1.08582498931607,1.03906187659932,-6.52279096254813,0.301391262827748,0.999330380285523
"PROBE1731_at","GENE1731",1,"PlasmaCells",45,43,5.98866644444444,6.03096046511628,0.042294020671835,1.02974992467294,0.366251031168883,-6.99403330865377,0.714985329765925,0.999330380285523
"PROBE1732_at","GENE1732",2,"Microenvironment",45,43,7.52364155555556,7.40188581395349,-0.121755741602066,0.91906847505186,-1.16629131458852,-6.38383793834793,0.246391819971807,0.999330380285523
"PROBE1733_at","GENE1733",0,"Other",45,43,7.851824,7.85552674418605,0.00370274418604932,1.00256984309338,0.0401437429310855,-7.06045898511251,0.968062067172956,0.999330380285523
"PROBE1734_at","GENE1734",2,"Microenvironment",45,43,10.9289546666667,10.8795381395349,-0.0494165271317772,0.96632706404791,-0.424357340824767,-6.97102921886953,0.672256646232338,0.999330380285523
"PROBE1735_at","GENE1735",0,"Other",45,43,8.09938444444444,8.1298523255814,0.0304678811369516,1.02134330435036,0.287065346232586,-7.01995201069946,0.774682245587748,0.999330380285523
"PROBE1736_at","GENE1736",1,"PlasmaCells",45,43,7.40893177777778,7.48519186046512,0.0762600826873383,1.0542814673646,0.683149584424551,-6.82775730471669,0.496161103430466,0.999330380285523
"PROBE1737_at","GENE1737",2,"Microenvironment",45,43,8.19172933333333,8.19721325581395,0.0054839224806198,1.00380839899753,0.0490573030371273,-7.06006019069609,0.960975758222624,0.999330380285523
"PROBE1738_at","GENE1738",2,"Microenvironment",45,43,8.106042,8.08547511627907,-0.0205668837209263,0.985845256402681,-0.172049303395402,-7.04642244399608,0.863761683781171,0.999330380285523
"PROBE1739_at","GENE1739",2,"Microenvironment",45,43,8.72199777777778,8.56218255813953,-0.159815219638242,0.895139713068746,-1.60432308882404,-5.7874436178406,0.111934545454621,0.849598067966766
"PROBE1740_at","GENE1740",1,"PlasmaCells",45,43,8.15214266666667,8.1682288372093,0.0160861705426356,1.01121247762485,0.144730120146938,-7.05076201093421,0.885227995499107,0.999330380285523
"PROBE1741_at","GENE1741",2,"Microenvironment",45,43,10.6370166666667,10.6040093023256,-0.0330073643410902,0.977380777287265,-0.289328988274909,-7.01929814962896,0.772954823916086,0.999330380285523
"PROBE1742_at","GENE1742",1,"PlasmaCells",45,43,6.73223244444444,6.73508651162791,0.00285406718346159,1.0019802467253,0.0298607396324213,-7.06082004330875,0.976240235019822,0.999330380285523
"PROBE1743_at","GENE1743",0,"Other",45,43,8.365168,8.2147188372093,-0.150449162790693,0.900969914641714,-1.1861640114819,-6.36072565767368,0.238490931268614,0.999330380285523
"PROBE1744_at","GENE1744",1,"PlasmaCells",45,43,8.71955044444444,8.67319069767442,-0.0463597467700243,0.968376687167296,-0.455565164980418,-6.95728370439839,0.649733561985069,0.999330380285523
"PROBE1745_at","GENE1745",2,"Microenvironment",45,43,10.3787288888889,10.2077209302326,-0.171007958656329,0.888221895934863,-1.68312087938566,-5.66110495666499,0.0956078702328669,0.783261370388597
"PROBE1746_at","GENE1746",2,"Microenvironment",45,43,9.30861177777778,9.14163209302326,-0.166979684754519,0.8907054429471,-1.45639944921869,-6.00906388892168,0.148551797328154,0.950935725171886
"PROBE1747_at","GENE1747",2,"Microenvironment",45,43,10.3860264444444,10.4569795348837,0.0709530904392786,1.05041038912034,0.628979979762058,-6.86324724771464,0.530859055598813,0.999330380285523
"PROBE1748_at","GENE1748",1,"PlasmaCells",45,43,8.25272177777778,8.45061627906977,0.197894501291985,1.14702314379344,1.91216108748469,-5.26170003567389,0.0588431732485584,0.597392621812775
"PROBE1749_at","GENE1749",1,"PlasmaCells",45,43,9.48608311111111,9.34580209302326,-0.140281018087853,0.907342399693887,-1.33570727490004,-6.17468753640712,0.184809518519481,0.999330380285523
"PROBE1750_at","GENE1750",1,"PlasmaCells",45,43,7.43598355555556,7.39900627906977,-0.0369772764857865,0.974694982937715,-0.329163385406854,-7.00695313929984,0.742750707899265,0.999330380285523
"PROBE1751_at","GENE1751",0,"Other",45,43,9.67078822222222,9.69910744186046,0.028319219638238,1.01982331045605,0.231661594851912,-7.03435672141056,0.817294950973787,0.999330380285523
"PROBE1752_at","GENE1752",0,"Other",45,43,7.47601466666667,7.63240604651163,0.156391379844961,1.11449595455025,1.43974204251086,-6.03273901642352,0.153200071815525,0.955931748574201
"PROBE1753_at","GENE1753",2,"Microenvironment",45,43,7.49782177777778,7.51750976744186,0.0196879896640878,1.01374021541238,0.180430928746055,-7.04494109211695,0.857195398069432,0.999330380285523
"PROBE1754_at","GENE1754",0,"Other",45,43,6.94581066666667,6.97561511627907,0.0298044496124037,1.02087374179345,0.297439885812559,-7.01691319468894,0.766774700193431,0.999330380285523
"PROBE1755_at","GENE1755",2,"Microenvironment",45,43,7.45893888888889,7.47216023255814,0.013221343669251,1.00920645819704,0.108904483237956,-7.05531885988163,0.913506027476154,0.999330380285523
"PROBE1756_at","GENE1756",2,"Microenvironment",45,43,7.56113377777778,7.44739255813954,-0.113741219638244,0.924188331901036,-0.990475624910542,-6.57172016589555,0.324436722789519,0.999330380285523
"PROBE1757_at","GENE1757",1,"PlasmaCells",45,43,7.27250288888889,7.1371823255814,-0.135320563307493,0.910467507462582,-1.27717397197342,-6.25004585976852,0.20462747160706,0.999330380285523
"PROBE1758_at","GENE1758",2,"Microenvironment",45,43,9.58982422222222,9.61729976744186,0.0274755452196356,1.01922710177256,0.252343957977721,-7.02933884692746,0.801315807940008,0.999330380285523
"PROBE1759_at","GENE1759",2,"Microenvironment",45,43,8.84280911111111,8.89354209302326,0.0507329819121516,1.03579103867643,0.457819132100726,-6.95625334924429,0.648119049550751,0.999330380285523
"PROBE1760_at","GENE1760",0,"Other",45,43,6.91965044444444,6.97703906976744,0.0573886253230036,1.04058053468182,0.498294066763557,-6.93688964366333,0.619418819120707,0.999330380285523
"PROBE1761_at","GENE1761",1,"PlasmaCells",45,43,7.200148,7.16571186046512,-0.0344361395348827,0.976413305918547,-0.297721371877091,-7.01682924395261,0.766560488763687,0.999330380285523
"PROBE1762_at","GENE1762",0,"Other",45,43,9.66801333333333,9.51020906976744,-0.157804263565893,0.896388308048082,-1.47553854772788,-5.98154009399027,0.143346898890277,0.950935725171886
"PROBE1763_at","GENE1763",1,"PlasmaCells",45,43,6.711084,6.61666651162791,-0.0944174883720974,0.936650358937835,-0.9600420445272,-6.60119949173485,0.33945075889344,0.999330380285523
"PROBE1764_at","GENE1764",0,"Other",45,43,8.720322,8.61638232558139,-0.103939674418609,0.930488564809857,-0.970192858877621,-6.59146719017596,0.33439342855681,0.999330380285523
"PROBE1765_at","GENE1765",0,"Other",45,43,10.141292,10.0166418604651,-0.124650139534884,0.917226448048199,-1.16333508605027,-6.38724366368081,0.247582883024305,0.999330380285523
"PROBE1766_at","GENE1766",1,"PlasmaCells",45,43,7.58548933333333,7.52065186046512,-0.0648374728682155,0.956053015893099,-0.514622120824984,-6.92861641266489,0.608002312203776,0.999330380285523
"PROBE1767_at","GENE1767",1,"PlasmaCells",45,43,7.24032133333333,6.94643930232558,-0.29388203100775,0.815704190641251,-2.51393205635871,-3.99227105509538,0.0136068127126898,0.195709368931307
"PROBE1768_at","GENE1768",2,"Microenvironment",45,43,9.31841555555556,9.32108069767442,0.00266514211886282,1.00184904312136,0.0235506103462551,-7.06098908958493,0.981260051456087,0.999330380285523
"PROBE1769_at","GENE1769",1,"PlasmaCells",45,43,8.82641,8.91077790697674,0.0843679069767429,1.0602231203294,0.737263762996321,-6.78940754711562,0.462763787687405,0.999330380285523
"PROBE1770_at","GENE1770",2,"Microenvironment",45,43,9.41586577777778,9.44381162790698,0.0279458501292051,1.01955941431,0.254994172189227,-7.02866490594494,0.79927419434669,0.999330380285523
"PROBE1771_at","GENE1771",2,"Microenvironment",45,43,9.19844288888889,9.25828302325581,0.0598401343669224,1.04235025117975,0.560496532865016,-6.90395350948714,0.576449233010414,0.999330380285523
"PROBE1772_at","GENE1772",1,"PlasmaCells",45,43,8.53649377777778,8.50491418604651,-0.0315795917312673,0.978348527375253,-0.288863310567225,-7.01943308114989,0.773310097053419,0.999330380285523
"PROBE1773_at","GENE1773",2,"Microenvironment",45,43,8.86086422222222,8.97717930232558,0.116315080103359,1.08396267506768,1.14096745473491,-6.41273991892756,0.256727550332285,0.999330380285523
"PROBE1774_at","GENE1774",0,"Other",45,43,7.64957733333333,7.59698093023256,-0.0525964031007762,0.964199506805769,-0.509733101281066,-6.93112144487127,0.611410699773949,0.999330380285523
"PROBE1775_at","GENE1775",2,"Microenvironment",45,43,9.01963244444444,9.03882372093023,0.0191912764857918,1.01339124945829,0.155467338408429,-7.04914567025238,0.876779997892767,0.999330380285523
"PROBE1776_at","GENE1776",2,"Microenvironment",45,43,7.61437533333333,7.41348511627907,-0.200890217054265,0.870013554514422,-1.63164425246747,-5.74428713322796,0.10603744952273,0.82191752634415
"PROBE1777_at","GENE1777",2,"Microenvironment",45,43,8.83965333333333,8.76415139534884,-0.0755019379844999,0.949011886234375,-0.706498240749021,-6.81156516209275,0.481593066939328,0.999330380285523
"PROBE1778_at","GENE1778",2,"Microenvironment",45,43,9.37047,9.39263325581395,0.0221632558139611,1.01548100651054,0.225437258717362,-7.03578299155565,0.822119327940853,0.999330380285523
"PROBE1779_at","GENE1779",1,"PlasmaCells",45,43,6.40859044444444,6.34059976744186,-0.0679906770025811,0.953965715253828,-0.572627587406936,-6.8970820372106,0.568238327251871,0.999330380285523
"PROBE1780_at","GENE1780",0,"Other",45,43,9.52569711111111,9.41563627906977,-0.110060832041343,0.926548992611451,-0.969386581996906,-6.59224389413782,0.334793318365042,0.999330380285523
"PROBE1781_at","GENE1781",1,"PlasmaCells",45,43,7.38439466666667,7.39327651162791,0.00888184496124023,1.00617541553197,0.0697216312369209,-7.05882912502317,0.944560549100334,0.999330380285523
"PROBE1782_at","GENE1782",1,"PlasmaCells",45,43,6.39949977777778,6.3249676744186,-0.0745321033591724,0.94965006269521,-0.64931133636265,-6.85026734071189,0.517690831400811,0.999330380285523
"PROBE1783_at","GENE1783",0,"Other",45,43,7.28120088888889,7.41917720930233,0.137976320413437,1.10036054851755,1.25099132623852,-6.28269857423793,0.213984054456678,0.999330380285523
"PROBE1784_at","GENE1784",1,"PlasmaCells",45,43,7.28369955555556,7.38103465116279,0.0973350956072361,1.0697955410558,0.885966434109459,-6.66917729819798,0.377854071682939,0.999330380285523
"PROBE1785_at","GENE1785",2,"Microenvironment",45,43,8.12980222222222,8.18290465116279,0.0531024289405693,1.03749359426479,0.538726069302045,-6.91591851279217,0.591325497147455,0.999330380285523
"PROBE1786_at","GENE1786",2,"Microenvironment",45,43,8.30314622222222,8.39459534883721,0.0914491266149895,1.06543983474779,0.9361278396551,-6.6237307041593,0.351561143434188,0.999330380285523
"PROBE1787_at","GENE1787",2,"Microenvironment",45,43,8.38338511111111,8.43822209302326,0.0548369819121444,1.03874172349661,0.496817529968495,-6.93762470617446,0.620455876101621,0.999330380285523
"PROBE1788_at","GENE1788",0,"Other",45,43,7.95794355555556,8.02842627906977,0.0704827235142114,1.05006797595851,0.689577961908239,-6.82335300308938,0.492126542538851,0.999330380285523
"PROBE1789_at","GENE1789",1,"PlasmaCells",45,43,7.92150022222222,7.90481,-0.0166902222222189,0.988497880554693,-0.154117209983032,-7.04935526580636,0.877841510602454,0.999330380285523
"PROBE1790_at","GENE1790",0,"Other",45,43,10.5430415555556,10.6470034883721,0.103961932816533,1.07472081472504,0.887724001789187,-6.66762651704237,0.376912495266887,0.999330380285523
"PROBE1791_at","GENE1791",0,"Other",45,43,6.65236333333333,6.74457790697674,0.0922145736434112,1.06600527243179,0.846024459062585,-6.70360432642609,0.399647287014934,0.999330380285523
"PROBE1792_at","GENE1792",0,"Other",45,43,8.57712622222222,8.55152906976744,-0.0255971524547807,0.982413878988289,-0.220220401999415,-7.03694851416729,0.826168102200009,0.999330380285523
"PROBE1793_at","GENE1793",1,"PlasmaCells",45,43,8.694494,8.61665186046512,-0.0778421395348818,0.947473738012053,-0.730469738508695,-6.7943810137741,0.466885681725029,0.999330380285523
"PROBE1794_at","GENE1794",0,"Other",45,43,10.0177226666667,10.0445241860465,0.0268015193798412,1.01875103099582,0.224774887348976,-7.03593248582765,0.822633126607206,0.999330380285523
"PROBE1795_at","GENE1795",0,"Other",45,43,8.01590088888889,8.06350534883721,0.0476044599483227,1.03354733234077,0.407379983600845,-6.9780989696677,0.684637764050997,0.999330380285523
"PROBE1796_at","GENE1796",1,"PlasmaCells",45,43,6.85393622222222,6.7588211627907,-0.0951150594315227,0.936197579778598,-0.777675152096245,-6.75888489862933,0.438676774496871,0.999330380285523
"PROBE1797_at","GENE1797",1,"PlasmaCells",45,43,7.43327,7.65148279069767,0.218212790697678,1.16329160890729,2.20813277151607,-4.67628928259331,0.0296206135508447,0.372586333972889
"PROBE1798_at","GENE1798",1,"PlasmaCells",45,43,7.31775022222222,7.30601348837209,-0.0117367338501264,0.991897717891667,-0.106433492435474,-7.05558571523449,0.915460971755576,0.999330380285523
"PROBE1799_at","GENE1799",2,"Microenvironment",45,43,8.77648022222222,8.77650069767442,2.04754522012962e-05,1.00001419260268,0.000183397837461043,-7.06126726185039,0.999854051042222,0.999950050990318
"PROBE1800_at","GENE1800",0,"Other",45,43,7.93819511111111,8.04361790697674,0.105422795865633,1.07580962077612,0.988094435714257,-6.57405919920722,0.325595375052778,0.999330380285523
"PROBE1801_at","GENE1801",2,"Microenvironment",45,43,8.107638,7.98868279069767,-0.118955209302328,0.920854286106019,-1.20072876230756,-6.34354589529895,0.232816822993087,0.999330380285523
"PROBE1802_at","GENE1802",0,"Other",45,43,8.068482,8.0393888372093,-0.0290931627906996,0.980036126950343,-0.258207871830152,-7.02783823967841,0.796800364879242,0.999330380285523
"PROBE1803_at","GENE1803",0,"Other",45,43,8.83006311111111,8.81014720930233,-0.0199159018087851,0.986290196064106,-0.170526203789924,-7.04668407413432,0.864955942854353,0.999330380285523
"PROBE1804_at","GENE1804",0,"Other",45,43,6.49035333333333,6.51892046511628,0.028567131782947,1.01999857154797,0.265158631833775,-7.02601492045974,0.791456953842786,0.999330380285523
"PROBE1805_at","GENE1805",1,"PlasmaCells",45,43,7.98805888888889,7.93431744186046,-0.0537414470284201,0.963434540724089,-0.460446004598464,-6.95504613949108,0.646239544629168,0.999330380285523
"PROBE1806_at","GENE1806",1,"PlasmaCells",45,43,7.28420888888889,7.38815372093023,0.10394483204134,1.07470807575415,1.05493337072862,-6.50631110575602,0.294108964537647,0.999330380285523
"PROBE1807_at","GENE1807",0,"Other",45,43,7.23568133333333,7.12383139534884,-0.111849937984497,0.925400678641857,-0.988884091493547,-6.5732841345023,0.325210837406499,0.999330380285523
"PROBE1808_at","GENE1808",0,"Other",45,43,8.84568066666667,8.79629325581395,-0.0493874108527113,0.966346566528744,-0.460632341047046,-6.95496024523033,0.646106309369142,0.999330380285523
"PROBE1809_at","GENE1809",1,"PlasmaCells",45,43,7.62492222222222,7.61077976744186,-0.0141424547803579,0.990245088196818,-0.126674617996978,-7.05321943241153,0.899463418235389,0.999330380285523
"PROBE1810_at","GENE1810",1,"PlasmaCells",45,43,7.93272066666667,7.9091511627907,-0.0235695038759696,0.983795592056662,-0.205599754621745,-7.04006972242748,0.837539813843872,0.999330380285523
"PROBE1811_at","GENE1811",2,"Microenvironment",45,43,9.05347133333333,9.07631837209302,0.022847038759684,1.01596242022065,0.192671552346482,-7.04265122785928,0.847624048473843,0.999330380285523
"PROBE1812_at","GENE1812",2,"Microenvironment",45,43,9.60816955555556,9.61056372093023,0.0023941653746764,1.0016608867263,0.0222387952065567,-7.06101921772673,0.982303724311599,0.999330380285523
"PROBE1813_at","GENE1813",1,"PlasmaCells",45,43,6.08166533333333,6.16349906976744,0.0818337364341053,1.05836241674081,0.758054234779762,-6.77390548056344,0.450279228605385,0.999330380285523
"PROBE1814_at","GENE1814",2,"Microenvironment",45,43,7.80450733333333,7.80483976744186,0.000332434108528012,1.0002304523151,0.0034932789040797,-7.06126115798558,0.99722003608399,0.999330380285523
"PROBE1815_at","GENE1815",1,"PlasmaCells",45,43,7.81687577777778,7.77763511627907,-0.0392406614987086,0.973167022890028,-0.388573340682371,-6.9855946836,0.698453989413631,0.999330380285523
"PROBE1816_at","GENE1816",1,"PlasmaCells",45,43,9.12887177777778,9.07315186046512,-0.0557199173126559,0.962114219970618,-0.548527861156555,-6.91058975272895,0.58460552572963,0.999330380285523
"PROBE1817_at","GENE1817",0,"Other",45,43,9.61389266666667,9.58672511627907,-0.027167550387599,0.981345086683491,-0.249362885320221,-7.03008852092912,0.803613948469303,0.999330380285523
"PROBE1818_at","GENE1818",0,"Other",45,43,6.42284911111111,6.42059325581395,-0.00225585529715744,0.998437582108715,-0.0204933597750815,-7.06105662823361,0.983692430458749,0.999330380285523
"PROBE1819_at","GENE1819",0,"Other",45,43,8.593246,8.61982395348837,0.0265779534883706,1.01859317342389,0.226409784249905,-7.03556270065061,0.821365084449795,0.999330380285523
"PROBE1820_at","GENE1820",0,"Other",45,43,8.44942733333333,8.32060674418605,-0.128820589147287,0.914578817736751,-1.22296327662101,-6.31692719343212,0.224343401399166,0.999330380285523
"PROBE1821_at","GENE1821",2,"Microenvironment",45,43,9.74271666666667,9.89870744186046,0.1559907751938,1.11418652652255,1.43380249999133,-6.04111782046121,0.154884421061006,0.955931748574201
"PROBE1822_at","GENE1822",2,"Microenvironment",45,43,6.98006955555556,6.98285534883721,0.00278579328165218,1.0019328302718,0.0269718325386264,-7.0609023934387,0.978538303892539,0.999330380285523
"PROBE1823_at","GENE1823",2,"Microenvironment",45,43,11.4726288888889,11.493838372093,0.0212094832041387,1.01480988901144,0.207835282796782,-7.03960635078363,0.835798757121453,0.999330380285523
"PROBE1824_at","GENE1824",1,"PlasmaCells",45,43,8.62070511111111,8.83318209302326,0.212476981912143,1.15867582273161,1.77964192833971,-5.49859001897451,0.0783054753664943,0.708646835895876
"PROBE1825_at","GENE1825",0,"Other",45,43,8.10937577777778,8.10376069767442,-0.0056150801033592,0.996115487372387,-0.0536961562249435,-7.05982111683195,0.957289057568885,0.999330380285523
"PROBE1826_at","GENE1826",1,"PlasmaCells",45,43,7.43316577777778,7.35300395348837,-0.0801618242894078,0.945951535235494,-0.708170228014613,-6.81038498755355,0.480559001833002,0.999330380285523
"PROBE1827_at","GENE1827",1,"PlasmaCells",45,43,7.23985355555556,7.22413511627907,-0.015718439276486,0.989163945768793,-0.147462501448503,-7.05036165138134,0.883076872293669,0.999330380285523
"PROBE1828_at","GENE1828",2,"Microenvironment",45,43,9.18986711111111,9.08340488372093,-0.10646222739018,0.928863026648866,-0.986055575829817,-6.5760575804594,0.326589624317464,0.999330380285523
"PROBE1829_at","GENE1829",1,"PlasmaCells",45,43,8.27768177777778,8.43513372093023,0.157451943152456,1.11531555123983,1.38266065314859,-6.11188826153941,0.16998346287372,0.989347380354554
"PROBE1830_at","GENE1830",0,"Other",45,43,9.72045688888889,9.78893255813954,0.0684756692506525,1.04860815386325,0.624913950122796,-6.86579394543482,0.533513112572922,0.999330380285523
"PROBE1831_at","GENE1831",2,"Microenvironment",45,43,9.99123577777778,10.1275895348837,0.136353757105944,1.09912369597657,1.1587493468865,-6.39251004340093,0.249438566137909,0.999330380285523
"PROBE1832_at","GENE1832",1,"PlasmaCells",45,43,7.06644422222222,7.07660139534884,0.0101571731266157,1.0070652579084,0.100569004643255,-7.05619454211725,0.920102766300669,0.999330380285523
"PROBE1833_at","GENE1833",0,"Other",45,43,9.162138,9.07489023255814,-0.0872477674418608,0.941316789568572,-0.877556133167456,-6.67655623581774,0.382380041786805,0.999330380285523
"PROBE1834_at","GENE1834",0,"Other",45,43,10.6302451111111,10.633211627907,0.00296651679586368,1.00205834824944,0.0227228621761175,-7.06100830124854,0.981918599635077,0.999330380285523
"PROBE1835_at","GENE1835",0,"Other",45,43,9.528702,9.46327139534884,-0.0654306046511639,0.955660036876964,-0.588925064438577,-6.88762056552758,0.557297618669386,0.999330380285523
"PROBE1836_at","GENE1836",0,"Other",45,43,8.55032977777778,8.49239093023256,-0.0579388475452181,0.960635582176883,-0.508377485486035,-6.93181182307731,0.612357289617892,0.999330380285523
"PROBE1837_at","GENE1837",2,"Microenvironment",45,43,10.1231213333333,10.1629039534884,0.0397826201550391,1.02795892601432,0.370120242681252,-6.99260626297545,0.712109877474438,0.999330380285523
"PROBE1838_at","GENE1838",1,"PlasmaCells",45,43,8.19695155555556,8.09091558139535,-0.106035974160203,0.92913750555811,-0.919955762995239,-6.6386512662361,0.359906476558859,0.999330380285523
"PROBE1839_at","GENE1839",2,"Microenvironment",45,43,10.0319915555556,10.0547702325581,0.0227786770025826,1.01591428022658,0.21416205771579,-7.03826782752032,0.830875842025619,0.999330380285523
"PROBE1840_at","GENE1840",1,"PlasmaCells",45,43,6.40117533333333,6.29337255813954,-0.107802775193798,0.928000330844882,-0.951973754997648,-6.60886351208874,0.343505892483736,0.999330380285523
"PROBE1841_at","GENE1841",0,"Other",45,43,9.45743222222222,9.40844837209302,-0.0489838501291935,0.966616917543675,-0.452294643211976,-6.95876975335882,0.652079202714129,0.999330380285523
"PROBE1842_at","GENE1842",2,"Microenvironment",45,43,8.59873955555556,8.65335744186046,0.0546178863049107,1.0385839864406,0.495066842858144,-6.93849343672517,0.621686478367655,0.999330380285523
"PROBE1843_at","GENE1843",1,"PlasmaCells",45,43,8.860512,8.78696348837209,-0.0735485116279069,0.950297730016923,-0.638630890024474,-6.85713697088471,0.524586886411641,0.999330380285523
"PROBE1844_at","GENE1844",0,"Other",45,43,9.45306355555556,9.40531581395349,-0.0477477416020626,0.967445474792836,-0.403083746275363,-6.97984242084582,0.68778475175029,0.999330380285523
"PROBE1845_at","GENE1845",1,"PlasmaCells",45,43,7.78029044444444,7.65208348837209,-0.128206956072354,0.914967905635736,-1.11746388125065,-6.43901193258911,0.266590538048549,0.999330380285523
"PROBE1846_at","GENE1846",1,"PlasmaCells",45,43,8.62844733333333,8.68563697674419,0.0571896434108528,1.04043702380786,0.511465057152459,-6.93023674660679,0.610202280687322,0.999330380285523
"PROBE1847_at","GENE1847",2,"Microenvironment",45,43,9.69261888888889,9.62034093023256,-0.0722779586563327,0.951135007053898,-0.633733284432337,-6.86024931959242,0.527765037584432,0.999330380285523
"PROBE1848_at","GENE1848",2,"Microenvironment",45,43,8.18493022222222,8.07794930232558,-0.106980919896641,0.928529132320289,-0.983952761619697,-6.57811440972163,0.327617157491685,0.999330380285523
"PROBE1849_at","GENE1849",1,"PlasmaCells",45,43,8.68217088888889,8.74493744186046,0.0627665529715724,1.04446674073666,0.617915382063707,-6.8701390288076,0.538097251125285,0.999330380285523
"PROBE1850_at","GENE1850",0,"Other",45,43,7.36221622222222,7.30025953488372,-0.0619566873384993,0.957963977832659,-0.614182051043608,-6.87243702454413,0.540550810502703,0.999330380285523
"PROBE1851_at","GENE1851",0,"Other",45,43,7.71531066666667,7.81828720930233,0.102976542635658,1.07398700908739,1.01079452013778,-6.55153676490402,0.314660872536442,0.999330380285523
"PROBE1852_at","GENE1852",2,"Microenvironment",45,43,9.38836155555556,9.48605186046512,0.0976903049095608,1.07005897033319,0.881824651662548,-6.67281982281885,0.380078751259171,0.999330380285523
"PROBE1853_at","GENE1853",1,"PlasmaCells",45,43,6.29837133333333,6.33926790697674,0.0408965736434102,1.02875295427215,0.374894838729447,-6.99082468161868,0.708567304351755,0.999330380285523
"PROBE1854_at","GENE1854",1,"PlasmaCells",45,43,7.30960866666667,7.27448348837209,-0.0351251782945736,0.97594707711998,-0.309217569185562,-7.01333288612609,0.757827520446622,0.999330380285523
"PROBE1855_at","GENE1855",1,"PlasmaCells",45,43,7.61867533333333,7.61775790697674,-0.000917426356588535,0.999364290656421,-0.00822490727438443,-7.06123334754069,0.993454650325813,0.999330380285523
"PROBE1856_at","GENE1856",2,"Microenvironment",45,43,8.84175088888889,8.93125744186047,0.0895065529715797,1.06400619666301,0.852151644805754,-6.69842466574362,0.39625515007364,0.999330380285523
"PROBE1857_at","GENE1857",0,"Other",45,43,7.81973266666667,7.82271046511628,0.00297779844961354,1.00206618422253,0.0284443692039125,-7.06086146393647,0.977366906060472,0.999330380285523
"PROBE1858_at","GENE1858",2,"Microenvironment",45,43,8.71452866666667,8.68833093023256,-0.0261977364341099,0.98200499199134,-0.228581944498025,-7.03506725477633,0.819681069229831,0.999330380285523
"PROBE1859_at","GENE1859",0,"Other",45,43,8.70753733333333,8.85463279069767,0.147095457364342,1.10733785017988,1.33163276909421,-6.18003863773412,0.186140568936593,0.999330380285523
"PROBE1860_at","GENE1860",1,"PlasmaCells",45,43,8.58560355555556,8.50983534883721,-0.0757682067183474,0.948836749515415,-0.730492051959256,-6.79436475405444,0.46687211051282,0.999330380285523
"PROBE1861_at","GENE1861",2,"Microenvironment",45,43,8.24410666666667,8.19849302325581,-0.0456136434108512,0.968877621832744,-0.406255614728024,-6.97855702806329,0.685460828357091,0.999330380285523
"PROBE1862_at","GENE1862",2,"Microenvironment",45,43,7.82716,7.89072023255814,0.0635602325581397,1.04504149837654,0.572249146151286,-6.89729860839546,0.568493614531241,0.999330380285523
"PROBE1863_at","GENE1863",1,"PlasmaCells",45,43,7.80469577777778,7.63785744186047,-0.166838335917314,0.890792714576139,-1.48035091650466,-5.97456544944917,0.14206078905786,0.948653015411418
"PROBE1864_at","GENE1864",2,"Microenvironment",45,43,10.7826948888889,10.752541627907,-0.0301532609819102,0.979316256927308,-0.258225024152974,-7.02783379981496,0.796787166966806,0.999330380285523
"PROBE1865_at","GENE1865",2,"Microenvironment",45,43,10.3627551111111,10.4134439534884,0.050688842377264,1.03575934893327,0.450292864744211,-6.95967405536882,0.653516620553592,0.999330380285523
"PROBE1866_at","GENE1866",2,"Microenvironment",45,43,7.72175,7.64856581395349,-0.0731841860465128,0.950537740193887,-0.668466894249714,-6.83766369845919,0.505443037316577,0.999330380285523
"PROBE1867_at","GENE1867",2,"Microenvironment",45,43,9.60302266666667,9.5175188372093,-0.0855038294573625,0.942455346675028,-0.808354267499495,-6.73463956915976,0.420889428220022,0.999330380285523
"PROBE1868_at","GENE1868",0,"Other",45,43,8.99153377777778,9.0142023255814,0.0226685478036224,1.01583673261427,0.181796023485713,-7.04469316107449,0.856126900472213,0.999330380285523
"PROBE1869_at","GENE1869",1,"PlasmaCells",45,43,8.23670688888889,8.24293395348837,0.00622706459948397,1.0043256007901,0.0558845020812092,-7.05970084241728,0.955550200047576,0.999330380285523
"PROBE1870_at","GENE1870",2,"Microenvironment",45,43,8.56989022222222,8.62216255813953,0.0522723359173156,1.03689681639036,0.459314108572887,-6.95556715857308,0.647049126349843,0.999330380285523
"PROBE1871_at","GENE1871",1,"PlasmaCells",45,43,8.90586866666667,8.95014953488372,0.0442808682170543,1.03116905035203,0.424900010853243,-6.97079849647491,0.671862354741013,0.999330380285523
"PROBE1872_at","GENE1872",2,"Microenvironment",45,43,8.52673155555556,8.54920162790698,0.0224700723514193,1.01569699082465,0.200238672461793,-7.04116054654073,0.841718368257132,0.999330380285523
"PROBE1873_at","GENE1873",0,"Other",45,43,6.64194177777778,6.89861976744186,0.256677989664085,1.19472451191902,2.34436652470079,-4.38129809982272,0.0211244154880696,0.283549201182143
"PROBE1874_at","GENE1874",2,"Microenvironment",45,43,8.53637777777778,8.4273176744186,-0.109060103359173,0.927191918376072,-1.02367739338818,-6.53853201823194,0.30856558151205,0.999330380285523
"PROBE1875_at","GENE1875",1,"PlasmaCells",45,43,8.80959622222222,8.6761611627907,-0.133435059431523,0.911658204216046,-1.1085628031704,-6.44882240260353,0.270394030324134,0.999330380285523
"PROBE1876_at","GENE1876",2,"Microenvironment",45,43,7.96174466666667,8.13623906976744,0.174494403100776,1.12856882509008,1.69598365497483,-5.63993944988785,0.0931363679183441,0.77452281013176
"PROBE1877_at","GENE1877",1,"PlasmaCells",45,43,7.52606088888889,7.39828418604651,-0.127776702842377,0.91524081612129,-1.1249899671057,-6.43065731018681,0.263403888562796,0.999330380285523
"PROBE1878_at","GENE1878",1,"PlasmaCells",45,43,7.63657355555556,7.61079441860465,-0.0257791369509022,0.982289963112749,-0.256763148144661,-7.0282111479971,0.797912223859018,0.999330380285523
"PROBE1879_at","GENE1879",1,"PlasmaCells",45,43,7.29068155555556,7.28371069767442,-0.00697085788113494,0.995179824028097,-0.0555192899731688,-7.05972124889611,0.955840382529327,0.999330380285523
"PROBE1880_at","GENE1880",2,"Microenvironment",45,43,8.69836688888889,8.68865953488372,-0.00970735400516531,0.993293961451104,-0.0918256258416255,-7.05703820123031,0.927028317742258,0.999330380285523
"PROBE1881_at","GENE1881",2,"Microenvironment",45,43,10.8987344444444,10.835038372093,-0.0636960723514139,0.956809704701923,-0.630131257065124,-6.86252318661696,0.530108809803583,0.999330380285523
"PROBE1882_at","GENE1882",0,"Other",45,43,9.02609977777778,8.98639534883721,-0.0397044289405706,0.972854239775979,-0.372599426156448,-6.99168402826073,0.710269621778729,0.999330380285523
"PROBE1883_at","GENE1883",1,"PlasmaCells",45,43,8.77067755555556,8.69327860465116,-0.0773989509043869,0.947764841869857,-0.795525261367303,-6.74489077794326,0.428274651503371,0.999330380285523
"PROBE1884_at","GENE1884",0,"Other",45,43,6.73171933333333,6.88871325581395,0.156993922480621,1.1149615218137,1.50508935507877,-5.93836957319097,0.135590991693769,0.932832559266353
"PROBE1885_at","GENE1885",1,"PlasmaCells",45,43,9.60685555555555,9.65079255813954,0.0439370025839825,1.03092330101887,0.424504684150929,-6.97096660321292,0.672149580917813,0.999330380285523
"PROBE1886_at","GENE1886",0,"Other",45,43,8.35257511111111,8.25442,-0.0981551111111116,0.934226898237888,-0.782321589628179,-6.75527236635553,0.435954963217239,0.999330380285523
"PROBE1887_at","GENE1887",0,"Other",45,43,9.61263311111111,9.71192534883721,0.0992922377261021,1.07124779719248,0.897330252979161,-6.6590970851396,0.371792176401363,0.999330380285523
"PROBE1888_at","GENE1888",0,"Other",45,43,9.238934,9.24605418604651,0.00712018604651377,1.00494753571848,0.0640460258706622,-7.0592099101244,0.949067023221594,0.999330380285523
"PROBE1889_at","GENE1889",2,"Microenvironment",45,43,9.29013933333333,9.42061162790698,0.130472294573648,1.09465199845365,1.15973694508326,-6.39137756884175,0.249038088893723,0.999330380285523
"PROBE1890_at","GENE1890",2,"Microenvironment",45,43,8.00890466666667,8.03805186046512,0.0291471937984547,1.02040876314825,0.257032494915654,-7.02814178336917,0.797704902997328,0.999330380285523
"PROBE1891_at","GENE1891",1,"PlasmaCells",45,43,10.4046435555556,10.350826744186,-0.0538168113695114,0.963384213585756,-0.541491355320633,-6.91442482993636,0.589426006469144,0.999330380285523
"PROBE1892_at","GENE1892",2,"Microenvironment",45,43,8.16481844444444,8.22132581395349,0.0565073695090454,1.03994510057995,0.479552461966295,-6.94605868803913,0.632638594434038,0.999330380285523
"PROBE1893_at","GENE1893",1,"PlasmaCells",45,43,7.79995088888889,7.89110069767442,0.0911498087855307,1.06521880947899,0.820483076740722,-6.7247991239153,0.413977594933027,0.999330380285523
"PROBE1894_at","GENE1894",1,"PlasmaCells",45,43,8.10526866666667,8.25208441860465,0.146815751937984,1.10712318361899,1.35200544615826,-6.15312553642788,0.179556756612554,0.999330380285523
"PROBE1895_at","GENE1895",2,"Microenvironment",45,43,10.6469151111111,10.77695,0.130034888888884,1.09432016503299,1.12615963198311,-6.42935397540828,0.262911043110354,0.999330380285523
"PROBE1896_at","GENE1896",0,"Other",45,43,7.71479288888889,7.80721581395349,0.0924229250645965,1.06615923411176,0.82860988808657,-6.71812477343108,0.409384779067056,0.999330380285523
"PROBE1897_at","GENE1897",0,"Other",45,43,9.03692222222222,9.04127,0.00434777777777384,1.00301819551639,0.0387312129408596,-7.0605148664511,0.9691852829014,0.999330380285523
"PROBE1898_at","GENE1898",1,"PlasmaCells",45,43,7.79091777777778,7.68281976744186,-0.108098010335916,0.927810442982196,-0.828502993608109,-6.7182129840924,0.409444989302403,0.999330380285523
"PROBE1899_at","GENE1899",0,"Other",45,43,7.18260311111111,7.14519348837209,-0.0374096227390197,0.97440293051157,-0.348407621703679,-7.00042080451227,0.728298532517657,0.999330380285523
"PROBE1900_at","GENE1900",0,"Other",45,43,8.15444244444445,8.02950465116279,-0.124937793281658,0.917043583814748,-1.28419071165294,-6.24118413849399,0.202172098379454,0.999330380285523
"PROBE1901_at","GENE1901",2,"Microenvironment",45,43,8.65261422222222,8.66677372093023,0.0141594987080076,1.00986293791282,0.119192613621343,-7.05414197547154,0.905372337722002,0.999330380285523
"PROBE1902_at","GENE1902",0,"Other",45,43,10.1479606666667,10.1270155813953,-0.0209450852713147,0.985586851592819,-0.182212991501083,-7.04461705825294,0.855800581321255,0.999330380285523
"PROBE1903_at","GENE1903",1,"PlasmaCells",45,43,6.76305933333333,6.62986093023256,-0.133198403100774,0.911807762768544,-1.28197215777871,-6.24399110956138,0.202946069596614,0.999330380285523
"PROBE1904_at","GENE1904",0,"Other",45,43,7.93871111111111,8.03461813953488,0.0959070284237757,1.06873711638083,0.938242626324234,-6.62176070078738,0.350479119999773,0.999330380285523
"PROBE1905_at","GENE1905",2,"Microenvironment",45,43,9.55005222222222,9.53356906976744,-0.0164831524547822,0.98863976966539,-0.129525824575809,-7.05285310389201,0.897213145651248,0.999330380285523
"PROBE1906_at","GENE1906",0,"Other",45,43,8.06739177777778,8.06036860465116,-0.00702317312661194,0.995143737307505,-0.0518019868781413,-7.05992134458847,0.958794329718957,0.999330380285523
"PROBE1907_at","GENE1907",0,"Other",45,43,7.16442777777778,7.05418651162791,-0.110241266149872,0.926433118790069,-1.00507014155646,-6.55726357068514,0.317394883195514,0.999330380285523
"PROBE1908_at","GENE1908",0,"Other",45,43,9.32079466666667,9.32343697674419,0.00264231007751548,1.00183318801885,0.0227233562767898,-7.06100828998571,0.981918206529737,0.999330380285523
"PROBE1909_at","GENE1909",1,"PlasmaCells",45,43,6.91413155555556,7.01009558139535,0.0959640258397911,1.06877934045149,0.807899280924514,-6.73500589993154,0.421150043103673,0.999330380285523
"PROBE1910_at","GENE1910",1,"PlasmaCells",45,43,7.53315422222222,7.31061906976744,-0.22253515245478,0.857058061047021,-2.04411400193323,-5.01021574411837,0.0436865405551133,0.489485048236563
"PROBE1911_at","GENE1911",1,"PlasmaCells",45,43,9.00474755555556,9.01414348837209,0.00939593281653828,1.00653401850626,0.0831985077267671,-7.05779549734334,0.933867290926687,0.999330380285523
"PROBE1912_at","GENE1912",2,"Microenvironment",45,43,8.01826066666667,7.93472976744186,-0.0835308992248063,0.943745065268341,-0.743623148037712,-6.78471100853066,0.458924334028765,0.999330380285523
"PROBE1913_at","GENE1913",1,"PlasmaCells",45,43,7.93691688888889,8.02525139534884,0.088334506459943,1.06314214827106,0.762601310417679,-6.77045826479861,0.447574789445036,0.999330380285523
"PROBE1914_at","GENE1914",1,"PlasmaCells",45,43,9.029232,8.90392558139535,-0.125306418604648,0.916809298470925,-1.04412958551457,-6.51755553725614,0.299052913082297,0.999330380285523
"PROBE1915_at","GENE1915",1,"PlasmaCells",45,43,5.86076466666667,5.72878930232558,-0.131975364341084,0.912581071770279,-1.30613496533806,-6.21316733459354,0.194633967042723,0.999330380285523
"PROBE1916_at","GENE1916",2,"Microenvironment",45,43,8.05539333333333,8.09379511627907,0.0384017829457353,1.02697551315185,0.37809656285751,-6.98961724516939,0.706195319931896,0.999330380285523
"PROBE1917_at","GENE1917",1,"PlasmaCells",45,43,8.64148777777778,8.68430139534884,0.0428136175710616,1.0301208632401,0.371885403510732,-6.99195026790538,0.710799453291174,0.999330380285523
"PROBE1918_at","GENE1918",0,"Other",45,43,6.67318044444444,6.67405930232558,0.000878857881135175,1.00060936344894,0.00865594491217154,-7.06122969793174,0.993111640667009,0.999330380285523
"PROBE1919_at","GENE1919",2,"Microenvironment",45,43,8.06848111111111,8.17509069767442,0.106609586563311,1.07669496806237,0.950012420499107,-6.6107169841625,0.344496391425318,0.999330380285523
"PROBE1920_at","GENE1920",0,"Other",45,43,7.72711866666667,7.70913930232558,-0.017979364341083,0.987614987743514,-0.147302200001895,-7.05038534606134,0.883203048876503,0.999330380285523
"PROBE1921_at","GENE1921",0,"Other",45,43,7.40130888888889,7.39978953488372,-0.00151935400516923,0.998947418408084,-0.0122157815140008,-7.06119243088107,0.990278861454578,0.999330380285523
"PROBE1922_at","GENE1922",1,"PlasmaCells",45,43,6.361528,6.33967186046512,-0.0218561395348829,0.984964655202971,-0.191047697039985,-7.04296364148881,0.848892514896505,0.999330380285523
"PROBE1923_at","GENE1923",1,"PlasmaCells",45,43,7.33567822222222,7.41706953488372,0.0813913126615002,1.05803790401277,0.7147327344854,-6.80572615553335,0.476512224540167,0.999330380285523
"PROBE1924_at","GENE1924",0,"Other",45,43,6.63487133333333,6.77405255813953,0.139181224806205,1.10127992719811,1.3742220786839,-6.12332844874321,0.172579131063321,0.995409041977317
"PROBE1925_at","GENE1925",2,"Microenvironment",45,43,8.32296222222222,8.01680279069767,-0.306159431524549,0.808791964217871,-2.72376968146756,-3.47814854650988,0.00767098547088703,0.118470818083197
"PROBE1926_at","GENE1926",2,"Microenvironment",45,43,8.70744155555556,8.63919976744186,-0.0682417881136921,0.953799685332503,-0.620006687991888,-6.8688457201211,0.536725321916072,0.999330380285523
"PROBE1927_at","GENE1927",1,"PlasmaCells",45,43,8.65254955555556,8.53178581395349,-0.120763741602063,0.9197006456923,-1.08324389552155,-6.47630981381138,0.281418951282193,0.999330380285523
"PROBE1928_at","GENE1928",2,"Microenvironment",45,43,9.820948,9.79614674418605,-0.0248012558139497,0.982956000226961,-0.226237271210224,-7.03560184642721,0.821498864954846,0.999330380285523
"PROBE1929_at","GENE1929",1,"PlasmaCells",45,43,7.92772355555556,7.92782302325581,9.94677002550404e-05,1.0000689481328,0.000855665192960841,-7.06126691148516,0.999319057246487,0.999818966729852
"PROBE1930_at","GENE1930",2,"Microenvironment",45,43,8.94132355555556,8.87959418604651,-0.0617293695090435,0.958114931043624,-0.577540983244359,-6.89425733366832,0.564928934960324,0.999330380285523
"PROBE1931_at","GENE1931",2,"Microenvironment",45,43,7.77490666666667,7.69527023255814,-0.0796364341085303,0.946296087715999,-0.664416022281639,-6.84035929167234,0.508020123596347,0.999330380285523
"PROBE1932_at","GENE1932",0,"Other",45,43,11.0822051111111,11.109638372093,0.0274332609819119,1.0191972294792,0.218822741249995,-7.03725614232974,0.827253621858225,0.999330380285523
"PROBE1933_at","GENE1933",2,"Microenvironment",45,43,8.59629444444444,8.49934023255814,-0.0969542118863007,0.935004872373476,-0.849810096611546,-6.70040845660702,0.397549390058064,0.999330380285523
"PROBE1934_at","GENE1934",2,"Microenvironment",45,43,10.0978642222222,10.0758302325581,-0.0220339896640773,0.984843239873239,-0.192233335399261,-7.04273579674637,0.847966320093158,0.999330380285523
"PROBE1935_at","GENE1935",0,"Other",45,43,6.86288777777778,6.88286139534884,0.0199736175710603,1.01394093777763,0.182075882430136,-7.04464210190952,0.85590788011365,0.999330380285523
"PROBE1936_at","GENE1936",1,"PlasmaCells",45,43,8.41652088888889,8.28716162790698,-0.129359260981909,0.914237397080876,-1.41252230193256,-6.07086493211855,0.161036536159685,0.970099615419791
"PROBE1937_at","GENE1937",2,"Microenvironment",45,43,9.979032,10.0243713953488,0.0453393953488348,1.03192591227833,0.416258071098599,-6.97443780579895,0.678152219409153,0.999330380285523
"PROBE1938_at","GENE1938",0,"Other",45,43,7.47341155555556,7.31689860465116,-0.15651295090439,0.89719099726725,-1.41453219838916,-6.06807357579099,0.160447573538383,0.969471743434338
"PROBE1939_at","GENE1939",2,"Microenvironment",45,43,11.181544,11.0534227906977,-0.128121209302321,0.915022288489993,-1.21025977491578,-6.3321935528624,0.22915679026963,0.999330380285523
"PROBE1940_at","GENE1940",0,"Other",45,43,8.75934644444444,8.89775023255814,0.138403788113694,1.10068663148818,1.11050357485173,-6.4466898658192,0.269561520163369,0.999330380285523
"PROBE1941_at","GENE1941",0,"Other",45,43,8.71542955555556,8.71598418604651,0.000554630490956498,1.0003845144678,0.0051869824507822,-7.06125378391641,0.995872190929767,0.999330380285523
"PROBE1942_at","GENE1942",1,"PlasmaCells",45,43,8.63139844444444,8.37541465116279,-0.255983793281656,0.837415894685222,-2.33413926914341,-4.40399157751414,0.0216777091281265,0.289298964091732
"PROBE1943_at","GENE1943",2,"Microenvironment",45,43,7.53714222222222,7.56347302325581,0.0263308010335939,1.01841869008993,0.225959251987928,-7.03566487040265,0.821714474546312,0.999330380285523
"PROBE1944_at","GENE1944",2,"Microenvironment",45,43,9.887654,9.87630604651163,-0.0113479534883751,0.992165052503308,-0.101290736854818,-7.05612147593944,0.919531356276419,0.999330380285523
"PROBE1945_at","GENE1945",2,"Microenvironment",45,43,9.44550555555556,9.37832976744186,-0.0671757881136941,0.954504703485428,-0.571694367204318,-6.8976158356187,0.568867955566079,0.999330380285523
"PROBE1946_at","GENE1946",1,"PlasmaCells",45,43,7.50425777777778,7.34470302325581,-0.159554754521958,0.895301336773605,-1.35238144721445,-6.15262512782862,0.17943691877748,0.999330380285523
"PROBE1947_at","GENE1947",2,"Microenvironment",45,43,8.29273488888889,8.30257674418605,0.00984185529715731,1.006845176101,0.083423736291368,-7.05777667551289,0.933688680248937,0.999330380285523
"PROBE1948_at","GENE1948",0,"Other",45,43,8.31211222222222,8.32948790697674,0.0173756847545192,1.01211672679628,0.169361239193133,-7.0468826164567,0.865869600697235,0.999330380285523
"PROBE1949_at","GENE1949",1,"PlasmaCells",45,43,7.86591022222222,8.02644302325581,0.160532801033592,1.1176998390673,1.45793146219358,-6.00687336143376,0.148129839691676,0.950935725171886
"PROBE1950_at","GENE1950",1,"PlasmaCells",45,43,7.81136444444444,7.84260860465116,0.0312441602067191,1.02189301219017,0.280344641724023,-7.02186310218756,0.779817570823851,0.999330380285523
"PROBE1951_at","GENE1951",0,"Other",45,43,8.023458,8.0185823255814,-0.00487567441861003,0.996626144308429,-0.0405544194672694,-7.06044236273275,0.967735517341373,0.999330380285523
"PROBE1952_at","GENE1952",0,"Other",45,43,8.26887244444444,8.29451418604651,0.0256417416020671,1.01793238950288,0.254135160718906,-7.02888412000045,0.799935788770229,0.999330380285523
"PROBE1953_at","GENE1953",0,"Other",45,43,7.51958888888889,7.56856302325581,0.0489741343669223,1.03452903360164,0.458272554370156,-6.95604546480489,0.647794466654703,0.999330380285523
"PROBE1954_at","GENE1954",2,"Microenvironment",45,43,9.70404,9.71142186046512,0.00738186046512013,1.005129828514,0.0661330667558539,-7.05907364335922,0.947409696590332,0.999330380285523
"PROBE1955_at","GENE1955",2,"Microenvironment",45,43,8.98054533333333,8.81622534883721,-0.164319984496123,0.892349029763517,-1.5924130115005,-5.80604072089869,0.114586188176918,0.85993386999563
"PROBE1956_at","GENE1956",2,"Microenvironment",45,43,9.98672155555556,10.0526555813953,0.0659340258397929,1.04676241264099,0.633513095735854,-6.86038868785626,0.527908156149251,0.999330380285523
"PROBE1957_at","GENE1957",0,"Other",45,43,5.62378622222222,5.69693837209302,0.0731521498708005,1.05201272098644,0.687100869724088,-6.82505498067826,0.493679088324316,0.999330380285523
"PROBE1958_at","GENE1958",2,"Microenvironment",45,43,7.22345755555556,7.29708,0.0736224444444442,1.05235571552785,0.664768180459197,-6.84012559744191,0.507795809795296,0.999330380285523
"PROBE1959_at","GENE1959",0,"Other",45,43,8.80851733333333,8.84766023255814,0.0391428992248066,1.0275032087317,0.349285631385695,-7.00011394072651,0.727641447313863,0.999330380285523
"PROBE1960_at","GENE1960",0,"Other",45,43,5.89529955555556,6.00796395348837,0.112664397932817,1.0812232183235,0.928826564106944,-6.6304985694412,0.355313314743769,0.999330380285523
"PROBE1961_at","GENE1961",0,"Other",45,43,9.45184022222222,9.46029279069768,0.00845256847545173,1.00587607077773,0.0807801311931122,-7.05799438947239,0.935785322277213,0.999330380285523
"PROBE1962_at","GENE1962",1,"PlasmaCells",45,43,8.940042,8.90379790697674,-0.036244093023253,0.975190452764673,-0.328586568593469,-7.00714322186078,0.743185344761222,0.999330380285523
"PROBE1963_at","GENE1963",1,"PlasmaCells",45,43,9.47392533333333,9.59028511627907,0.116359782945739,1.0839962628752,1.0528144158062,-6.50852540009851,0.295074211065718,0.999330380285523
"PROBE1964_at","GENE1964",0,"Other",45,43,8.93442688888889,8.75546976744186,-0.178957121447034,0.883341305009065,-1.73240618425692,-5.57918478850304,0.0864194062927248,0.749843004709109
"PROBE1965_at","GENE1965",0,"Other",45,43,9.63539333333333,9.73587534883721,0.100482015503879,1.07213161011598,0.823129142696803,-6.72263309504905,0.412478797966463,0.999330380285523
"PROBE1966_at","GENE1966",0,"Other",45,43,9.63607733333333,9.73259976744186,0.0965224341085253,1.06919310130915,0.882895489222936,-6.67187967528126,0.379502788913145,0.999330380285523
"PROBE1967_at","GENE1967",1,"PlasmaCells",45,43,8.31911511111111,8.31469279069768,-0.00442232041343615,0.996939374367248,-0.0388433631960286,-7.06051050280113,0.96909610095213,0.999330380285523
"PROBE1968_at","GENE1968",0,"Other",45,43,8.91716266666667,8.93723139534884,0.0200687286821708,1.01400778504985,0.178919324406601,-7.04521345367184,0.858378882920656,0.999330380285523
"PROBE1969_at","GENE1969",0,"Other",45,43,8.58798622222222,8.5312523255814,-0.0567338966408215,0.961438248159613,-0.556893262835369,-6.90596637940203,0.578899012188365,0.999330380285523
"PROBE1970_at","GENE1970",0,"Other",45,43,8.75316622222222,8.76144604651163,0.00827982428940643,1.0057556372586,0.0791789338229467,-7.05812284760796,0.937055452144138,0.999330380285523
"PROBE1971_at","GENE1971",0,"Other",45,43,8.68521111111111,8.64069093023256,-0.044520180878548,0.969612242065667,-0.416977961002872,-6.97413748913095,0.677627383502482,0.999330380285523
"PROBE1972_at","GENE1972",2,"Microenvironment",45,43,9.28673622222222,9.27662139534884,-0.0101148268733855,0.993013456440546,-0.08935422552136,-7.05726277168598,0.928986933426719,0.999330380285523
"PROBE1973_at","GENE1973",0,"Other",45,43,8.66091977777778,8.77391697674419,0.11299719896641,1.08147266377154,0.979198261635144,-6.58274907417117,0.329948276573573,0.999330380285523
"PROBE1974_at","GENE1974",2,"Microenvironment",45,43,9.82030822222222,9.78340186046512,-0.0369063617571026,0.974742894607967,-0.318146019511811,-7.01052626771932,0.75106664171532,0.999330380285523
"PROBE1975_at","GENE1975",2,"Microenvironment",45,43,9.95205555555555,9.87295023255814,-0.0791053229974192,0.946644519556875,-0.780083194031494,-6.75701533604397,0.437264944328604,0.999330380285523
"PROBE1976_at","GENE1976",2,"Microenvironment",45,43,7.43864666666667,7.32500488372093,-0.113641782945733,0.924252033095993,-0.989540147818327,-6.57263973932834,0.324891586845697,0.999330380285523
"PROBE1977_at","GENE1977",0,"Other",45,43,6.78815177777778,6.70748488372093,-0.0806668940568454,0.945620427213933,-0.721942243255478,-6.80055900041452,0.472088415396413,0.999330380285523
"PROBE1978_at","GENE1978",1,"PlasmaCells",45,43,8.18409844444444,8.25991720930233,0.0758187648578836,1.05395901387321,0.656801683497901,-6.84538220344034,0.512883106546703,0.999330380285523
"PROBE1979_at","GENE1979",1,"PlasmaCells",45,43,8.31033288888889,8.26744372093023,-0.0428891679586556,0.970709039605129,-0.394415167125457,-6.98330412264011,0.694151173921445,0.999330380285523
"PROBE1980_at","GENE1980",2,"Microenvironment",45,43,10.2966971111111,10.2938762790698,-0.00282083204134054,0.99804665848325,-0.0268347581254924,-7.06090609279074,0.978647348545991,0.999330380285523
"PROBE1981_at","GENE1981",0,"Other",45,43,8.65687,8.70634069767442,0.049470697674419,1.03488517094277,0.476002236011272,-6.94775617954079,0.635156481969758,0.999330380285523
"PROBE1982_at","GENE1982",1,"PlasmaCells",45,43,7.50560377777778,7.50677139534884,0.00116761757105976,1.00080965842392,0.0105688727736941,-7.06121125213179,0.991589393962988,0.999330380285523
"PROBE1983_at","GENE1983",2,"Microenvironment",45,43,9.35518466666667,9.37712232558139,0.021937658914732,1.0153222262769,0.215050770411747,-7.0380765953559,0.830184862331358,0.999330380285523
"PROBE1984_at","GENE1984",2,"Microenvironment",45,43,9.36006355555556,9.42391558139535,0.0638520258397932,1.04525288534277,0.572804920994657,-6.89698050530778,0.568118721485667,0.999330380285523
"PROBE1985_at","GENE1985",2,"Microenvironment",45,43,11.1966217777778,11.2021769767442,0.00555519896641243,1.00385799347211,0.0524420757574226,-7.05988787762545,0.958285642307567,0.999330380285523
"PROBE1986_at","GENE1986",0,"Other",45,43,8.90223777777778,8.94668953488372,0.0444517571059446,1.03129120074774,0.381238583462704,-6.98842237160604,0.703870381328453,0.999330380285523
"PROBE1987_at","GENE1987",2,"Microenvironment",45,43,9.23030622222222,9.18842302325581,-0.0418831989664046,0.971386136078121,-0.329270286557661,-7.00691787486531,0.742670166026361,0.999330380285523
"PROBE1988_at","GENE1988",0,"Other",45,43,10.0709124444444,10.023633255814,-0.0472791886304886,0.96775972905836,-0.432840068494746,-6.96738910092799,0.666103826180013,0.999330380285523
"PROBE1989_at","GENE1989",1,"PlasmaCells",45,43,8.29469422222222,8.1839488372093,-0.110745385012919,0.926109453143782,-0.989525924350783,-6.57265371441913,0.324898506081113,0.999330380285523
"PROBE1990_at","GENE1990",0,"Other",45,43,7.21792711111111,7.16960674418605,-0.0483203669250614,0.967061558695201,-0.470393847290981,-6.95041217249698,0.6391427952852,0.999330380285523
"PROBE1991_at","GENE1991",0,"Other",45,43,8.58802933333333,8.49241279069767,-0.095616542635657,0.935872212489694,-0.985269396112335,-6.57682707133343,0.326973539237057,0.999330380285523
"PROBE1992_at","GENE1992",0,"Other",45,43,6.98833377777778,6.93662046511628,-0.0517133126614997,0.964789885225359,-0.545085589284089,-6.91247202752774,0.586961387277112,0.999330380285523
"PROBE1993_at","GENE1993",1,"PlasmaCells",45,43,7.32570422222222,7.31767511627907,-0.00802910594315165,0.994450105735865,-0.0748068090009955,-7.05846051029766,0.940524404791965,0.999330380285523
"PROBE1994_at","GENE1994",1,"PlasmaCells",45,43,8.28678755555556,8.35628627906977,0.0694987235142168,1.04935201411918,0.552954527526988,-6.90815189306664,0.581582535303029,0.999330380285523
"PROBE1995_at","GENE1995",0,"Other",45,43,8.991244,9.18636279069768,0.195118790697677,1.14481842042238,1.70328903422124,-5.62785102530656,0.0917560319983995,0.768681969018146
"PROBE1996_at","GENE1996",2,"Microenvironment",45,43,8.83464044444444,8.82942534883721,-0.0052150956072321,0.996391696811805,-0.0532308298296853,-7.05984607249199,0.957658832379523,0.999330380285523
"PROBE1997_at","GENE1997",0,"Other",45,43,8.50807244444444,8.53326069767442,0.0251882532299774,1.01761246883692,0.199106739989029,-7.04138718015038,0.842601206738651,0.999330380285523
"PROBE1998_at","GENE1998",1,"PlasmaCells",45,43,7.77454911111111,7.83419604651163,0.0596469354005196,1.04221067385949,0.510818466913035,-6.93056737969525,0.610653293211934,0.999330380285523
"PROBE1999_at","GENE1999",1,"PlasmaCells",45,43,8.37244844444444,8.37778023255814,0.00533178811369517,1.0037025514696,0.0420383356125969,-7.06038089026863,0.966555626236506,0.999330380285523
"PROBE2000_at","GENE2000",0,"Other",45,43,8.24399466666667,8.20462581395349,-0.0393688527131779,0.973080555607092,-0.364272990708115,-6.994757074403,0.716456926701458,0.999330380285523
"PROBE2001_at","GENE2001",1,"PlasmaCells",45,43,8.18430288888889,8.09317767441861,-0.0911252144702885,0.938790264241293,-0.899585656132328,-6.65708141861708,0.370596382667355,0.999330380285523
"PROBE2002_at","GENE2002",0,"Other",45,43,8.55006444444444,8.53045046511628,-0.0196139793281631,0.986496625237206,-0.194576831155199,-7.04228130250175,0.84613626073142,0.999330380285523
"PROBE2003_at","GENE2003",2,"Microenvironment",45,43,10.0998357777778,9.91499186046512,-0.184843917312662,0.879744248786469,-1.70106020544117,-5.63154431625132,0.0921753833635809,0.768681969018146
"PROBE2004_at","GENE2004",1,"PlasmaCells",45,43,7.28271177777778,7.39303162790698,0.110319850129199,1.0794675313997,0.904758358269252,-6.65243975936615,0.367863037694413,0.999330380285523
"PROBE2005_at","GENE2005",2,"Microenvironment",45,43,9.85502755555556,9.89477813953488,0.0397505839793251,1.02793609963299,0.345914351865932,-7.00128800067444,0.730165551245126,0.999330380285523
"PROBE2006_at","GENE2006",1,"PlasmaCells",45,43,7.66510422222222,7.83455953488372,0.1694553126615,1.12463380072785,1.53928389377557,-5.88739704468582,0.127031487987165,0.899869209976982
"PROBE2007_at","GENE2007",2,"Microenvironment",45,43,9.51159955555556,9.47122325581395,-0.0403762997416006,0.972401281831006,-0.360900295002294,-6.99598213108006,0.71896856682472,0.999330380285523
"PROBE2008_at","GENE2008",2,"Microenvironment",45,43,11.3088035555556,11.2642611627907,-0.0445423927648623,0.969597313927365,-0.373213633604867,-6.9914545995878,0.709813970643271,0.999330380285523
"PROBE2009_at","GENE2009",2,"Microenvironment",45,43,8.08908755555555,8.21053581395349,0.121448258397933,1.08782633583248,1.08595862239518,-6.47339222071724,0.280222224179296,0.999330380285523
"PROBE2010_at","GENE2010",2,"Microenvironment",45,43,10.7688106666667,10.8196627906977,0.0508521240310031,1.03587658096451,0.475760935398499,-6.94787109848622,0.635327773021003,0.999330380285523
"PROBE2011_at","GENE2011",0,"Other",45,43,9.04424333333333,8.85220302325581,-0.192040310077518,0.875366870887387,-1.98721896004899,-5.12054381948716,0.0497536037070128,0.53642699414569
"PROBE2012_at","GENE2012",1,"PlasmaCells",45,43,7.51544644444444,7.42750372093023,-0.087942723514213,0.94086346002513,-0.839628048673326,-6.70897229447954,0.403207335839763,0.999330380285523
"PROBE2013_at","GENE2013",0,"Other",45,43,7.69850555555556,7.70221790697674,0.00371235142118564,1.00257651945673,0.0313567384687064,-7.06077410875435,0.975050274813669,0.999330380285523
"PROBE2014_at","GENE2014",2,"Microenvironment",45,43,9.63770488888889,9.54308860465116,-0.0946162842377252,0.936521302286665,-0.810454053203752,-6.73294629861139,0.419687923999706,0.999330380285523
"PROBE2015_at","GENE2015",0,"Other",45,43,9.34528755555556,9.28887209302326,-0.0564154625323017,0.961650481869964,-0.535011652402352,-6.91791291108582,0.593881438914127,0.999330380285523
"PROBE2016_at","GENE2016",1,"PlasmaCells",45,43,7.71322022222222,7.87651255813953,0.163292335917312,1.11983978083506,1.54933802363883,-5.87220243586089,0.124597706364459,0.894777065453923
"PROBE2017_at","GENE2017",2,"Microenvironment",45,43,9.16571377777778,9.20779767441861,0.0420838966408255,1.0295999557311,0.3480654438138,-7.0005401868338,0.728554666695027,0.999330380285523
"PROBE2018_at","GENE2018",0,"Other",45,43,8.34624288888889,8.31023023255814,-0.0360126563307492,0.975346905064341,-0.351198622809817,-6.99944268383272,0.72621050680931,0.999330380285523
"PROBE2019_at","GENE2019",1,"PlasmaCells",45,43,8.01769911111111,7.95325790697674,-0.0644412041343658,0.956315653486294,-0.548421577459197,-6.91064804607418,0.584678198513635,0.999330380285523
"PROBE2020_at","GENE2020",0,"Other",45,43,8.01687155555556,7.93000162790698,-0.086869927648582,0.941563351391756,-0.733244113201311,-6.79235557270432,0.465199990995075,0.999330380285523
"PROBE2021_at","GENE2021",2,"Microenvironment",45,43,9.15346911111111,9.13915813953488,-0.014310971576224,0.990129427451423,-0.128086576113292,-7.05303904006534,0.898348947416507,0.999330380285523
"PROBE2022_at","GENE2022",2,"Microenvironment",45,43,8.64673688888889,8.54172232558139,-0.105014563307497,0.929795556730101,-0.876533387760676,-6.67744883857817,0.382932721472757,0.999330380285523
"PROBE2023_at","GENE2023",2,"Microenvironment",45,43,11.3419528888889,11.4078755813953,0.0659226925064633,1.04675418965526,0.602079395891205,-6.87979162699959,0.548543588236558,0.999330380285523
"PROBE2024_at","GENE2024",1,"PlasmaCells",45,43,7.81693066666667,7.83418093023256,0.0172502635658915,1.01202874190575,0.155683760362891,-7.04911190272548,0.876609861140997,0.999330380285523
"PROBE2025_at","GENE2025",0,"Other",45,43,8.36029244444445,8.45940813953488,0.0991156950904415,1.07111671658756,0.82648964959919,-6.71987232538606,0.410580040589621,0.999330380285523
"PROBE2026_at","GENE2026",1,"PlasmaCells",45,43,8.79227666666667,8.82158511627907,0.0293084496124063,1.02052282470483,0.289330243135849,-7.0192977857361,0.772953866627407,0.999330380285523
"PROBE2027_at","GENE2027",0,"Other",45,43,9.88804777777778,9.9424088372093,0.0543610594315265,1.03839911539731,0.459233307684421,-6.95560430292446,0.647106934933566,0.999330380285523
"PROBE2028_at","GENE2028",1,"PlasmaCells",45,43,9.825768,9.72267418604651,-0.103093813953485,0.931034275610096,-0.936246583654054,-6.62362020529657,0.351500331573875,0.999330380285523
"PROBE2029_at","GENE2029",1,"PlasmaCells",45,43,8.92547488888889,9.02152720930233,0.09605232041344,1.0688447529616,0.883556056611014,-6.67129916687833,0.379147767158738,0.999330380285523
"PROBE2030_at","GENE2030",1,"PlasmaCells",45,43,8.27383333333333,8.21582837209302,-0.0580049612403108,0.960591560598553,-0.488526867770011,-6.94171173247906,0.626293081893676,0.999330380285523
"PROBE2031_at","GENE2031",1,"PlasmaCells",45,43,6.67747666666667,6.59894790697674,-0.0785287596899202,0.947022915237886,-0.719774577228152,-6.80211798998567,0.473416090183759,0.999330380285523
"PROBE2032_at","GENE2032",1,"PlasmaCells",45,43,5.82950511111111,5.82018627906977,-0.00931883204134554,0.993561494421344,-0.0854869053950324,-7.05760189364974,0.932052705547823,0.999330380285523
"PROBE2033_at","GENE2033",1,"PlasmaCells",45,43,6.03519755555556,5.99066720930233,-0.0445303462532305,0.969605410104142,-0.417896983830571,-6.97375334878514,0.676957600596766,0.999330380285523
"PROBE2034_at","GENE2034",1,"PlasmaCells",45,43,9.04673377777778,9.02193558139535,-0.0247981963824255,0.982958084721381,-0.224022105159518,-7.03610185193982,0.823217150351197,0.999330380285523
"PROBE2035_at","GENE2035",2,"Microenvironment",45,43,8.59328066666667,8.56350790697674,-0.0297727596899247,0.979574579188269,-0.255764211885866,-7.02846776899268,0.798681248658504,0.999330380285523
"PROBE2036_at","GENE2036",1,"PlasmaCells",45,43,8.54349955555556,8.36518790697674,-0.178311648578811,0.883736607133551,-1.59632776570201,-5.79994248025177,0.113709128155984,0.856565937144889
"PROBE2037_at","GENE2037",0,"Other",45,43,8.46525244444445,8.40315558139535,-0.0620968630490921,0.957870904276517,-0.588953269182143,-6.88760396282213,0.557278775114525,0.999330380285523
"PROBE2038_at","GENE2038",1,"PlasmaCells",45,43,7.988586,8.07295976744186,0.0843737674418605,1.06022742713927,0.668181242003142,-6.83785431350358,0.505624534314697,0.999330380285523
"PROBE2039_at","GENE2039",2,"Microenvironment",45,43,7.87155777777778,8.01793511627907,0.146377338501293,1.10678679656284,1.28333756745728,-6.24226411312498,0.20246946979458,0.999330380285523
"PROBE2040_at","GENE2040",1,"PlasmaCells",45,43,8.77753622222222,8.84655186046512,0.0690156382428917,1.04900069826545,0.646244129027739,-6.85225171906803,0.519666350899398,0.999330380285523
"PROBE2041_at","GENE2041",1,"PlasmaCells",45,43,8.28911644444444,8.28390255813954,-0.00521388630491337,0.99639253201208,-0.0461090181598628,-7.06020091835932,0.963319335587902,0.999330380285523
"PROBE2042_at","GENE2042",2,"Microenvironment",45,43,6.46054444444444,6.5621123255814,0.101567881136953,1.07293886949456,0.852977367634626,-6.6977238202153,0.395799366633816,0.999330380285523
"PROBE2043_at","GENE2043",2,"Microenvironment",45,43,8.48536933333333,8.4613,-0.0240693333333297,0.983454809818158,-0.188147167680643,-7.04351509981997,0.851159235945485,0.999330380285523
"PROBE2044_at","GENE2044",0,"Other",45,43,8.36741377777778,8.40309069767442,0.0356769198966376,1.02503766313516,0.346308074649967,-7.00115147111381,0.729870614067455,0.999330380285523
"PROBE2045_at","GENE2045",2,"Microenvironment",45,43,9.33171711111111,9.24400511627907,-0.0877119948320413,0.941013943349761,-0.843615533605721,-6.70563064573189,0.400985762272331,0.999330380285523
"PROBE2046_at","GENE2046",0,"Other",45,43,9.82228866666667,9.86190674418605,0.039618077519382,1.02784169165707,0.355110631020146,-6.99805859916691,0.723287302263017,0.999330380285523
"PROBE2047_at","GENE2047",0,"Other",45,43,8.28174555555556,8.31868325581395,0.0369377002584006,1.02593384159209,0.317121567907044,-7.01085234821859,0.751841411968872,0.999330380285523
"PROBE2048_at","GENE2048",1,"PlasmaCells",45,43,8.98413066666667,8.88946581395349,-0.0946648527131781,0.936489774732355,-0.841917726540362,-6.70705537292327,0.401930758441942,0.999330380285523
"PROBE2049_at","GENE2049",0,"Other",45,43,7.59311,7.58799813953488,-0.00511186046511369,0.99646299831065,-0.0467694811058989,-7.06017015095225,0.962794308082322,0.999330380285523
"PROBE2050_at","GENE2050",0,"Other",45,43,8.36774,8.46072697674419,0.092986976744184,1.06657615277013,0.771844203205348,-6.76338830486578,0.442106449380416,0.999330380285523
"PROBE2051_at","GENE2051",0,"Other",45,43,8.192604,8.29812,0.105515999999998,1.07587912482278,0.940371601501855,-6.61977307252975,0.349392006179902,0.999330380285523
"PROBE2052_at","GENE2052",0,"Other",45,43,10.1043882222222,10.2408895348837,0.136501312661503,1.09923611758826,1.17295511803176,-6.37613009471667,0.243721950697909,0.999330380285523
"PROBE2053_at","GENE2053",2,"Microenvironment",45,43,8.78483666666667,8.99898325581395,0.214146589147285,1.16001751540804,1.85523567187906,-5.36539816059508,0.0666374964424623,0.651711456649998
"PROBE2054_at","GENE2054",0,"Other",45,43,7.40053177777778,7.20012744186046,-0.200404335917314,0.870306613237785,-1.67271599735079,-5.67811495163747,0.0976458992206538,0.79548594069779
"PROBE2055_at","GENE2055",1,"PlasmaCells",45,43,7.081432,7.0333511627907,-0.0480808372092998,0.967222132624059,-0.408365297936599,-6.97769652373072,0.683916803455943,0.999330380285523
"PROBE2056_at","GENE2056",2,"Microenvironment",45,43,8.85933777777778,9.02609953488372,0.166761757105942,1.12253603409559,1.53279426387259,-5.89715471379803,0.128622271927734,0.907388161747684
"PROBE2057_at","GENE2057",2,"Microenvironment",45,43,9.26406466666667,9.25958744186046,-0.00447722480620172,0.996901434741832,-0.0425323053287125,-7.06035993713997,0.966162877504865,0.999330380285523
"PROBE2058_at","GENE2058",0,"Other",45,43,7.52481111111111,7.55814441860465,0.0333333074935398,1.02337387366735,0.312991724953926,-7.01215622418469,0.754967290907649,0.999330380285523
"PROBE2059_at","GENE2059",0,"Other",45,43,8.87252933333333,8.9016311627907,0.0291018294573675,1.02037667775106,0.25163500784123,-7.02951793859011,0.801862187689467,0.999330380285523
"PROBE2060_at","GENE2060",2,"Microenvironment",45,43,9.15307555555555,9.23776418604651,0.0846886304909589,1.06045884324721,0.744514121838508,-6.78404982135887,0.458387863945916,0.999330380285523
"PROBE2061_at","GENE2061",1,"PlasmaCells",45,43,8.27677511111111,8.17969139534884,-0.0970837157622721,0.934920945197556,-0.965555076265835,-6.59592621301024,0.336697909284756,0.999330380285523
"PROBE2062_at","GENE2062",2,"Microenvironment",45,43,9.51083822222222,9.36468744186046,-0.146150780361756,0.903658277793706,-1.29615552076589,-6.22596516253895,0.198035662387715,0.999330380285523
"PROBE2063_at","GENE2063",0,"Other",45,43,9.38035288888889,9.49619837209302,0.115845483204136,1.08360990288658,0.990741961380297,-6.57145820163597,0.324307297063779,0.999330380285523
"PROBE2064_at","GENE2064",0,"Other",45,43,8.766296,8.84478534883721,0.0784893488372091,1.05591181244067,0.841994349902435,-6.70699113479797,0.401888080805118,0.999330380285523
"PROBE2065_at","GENE2065",0,"Other",45,43,8.28567555555555,8.24916837209302,-0.036507183462529,0.975012632861467,-0.317756643055791,-7.01065032895277,0.75136108859595,0.999330380285523
"PROBE2066_at","GENE2066",2,"Microenvironment",45,43,6.86472622222222,6.89618069767442,0.0314544754521942,1.02204199401918,0.277518934760444,-7.02265312043727,0.781979640395266,0.999330380285523
"PROBE2067_at","GENE2067",2,"Microenvironment",45,43,8.199164,8.24921697674419,0.0500529767441851,1.03530294017225,0.442799182687488,-6.96302385640307,0.658909178933544,0.999330380285523
"PROBE2068_at","GENE2068",0,"Other",45,43,9.87038044444444,9.7512611627907,-0.119119281653749,0.920749566721246,-1.0310924117723,-6.53097380282069,0.305093499408882,0.999330380285523
"PROBE2069_at","GENE2069",0,"Other",45,43,8.81775044444444,8.77061837209302,-0.0471320723514186,0.967858419679533,-0.400973231063279,-6.98069213931366,0.689332719513863,0.999330380285523
"PROBE2070_at","GENE2070",0,"Other",45,43,9.14592666666667,9.33779720930232,0.191870542635664,1.14224374528363,1.44404471565068,-6.02664860367198,0.151988773644655,0.954403602164236
"PROBE2071_at","GENE2071",2,"Microenvironment",45,43,8.21310666666667,8.12113046511628,-0.0919762015503878,0.938236673364041,-0.794805741698657,-6.74546092879364,0.4286911107335,0.999330380285523
"PROBE2072_at","GENE2072",2,"Microenvironment",45,43,8.18347688888889,8.08265976744186,-0.100817121447029,0.93250468487404,-0.900873133545819,-6.65592856245101,0.369914862892698,0.999330380285523
"PROBE2073_at","GENE2073",2,"Microenvironment",45,43,7.90599222222222,8.06286372093023,0.156871498708011,1.11486691276559,1.4036512316592,-6.0831396477235,0.16365587127796,0.976737640957802
"PROBE2074_at","GENE2074",0,"Other",45,43,8.45322466666667,8.50900627906977,0.0557816124031003,1.03942208101125,0.45340470867695,-6.9582665605726,0.651282662622799,0.999330380285523
"PROBE2075_at","GENE2075",1,"PlasmaCells",45,43,6.13287866666667,6.06721418604651,-0.0656644806201534,0.955505126937254,-0.59032080124493,-6.88679801894989,0.55636550685866,0.999330380285523
"PROBE2076_at","GENE2076",1,"PlasmaCells",45,43,7.99066044444444,7.91043418604651,-0.0802262583979303,0.945909287788145,-0.773421153351552,-6.76217368358189,0.441177376945002,0.999330380285523
"PROBE2077_at","GENE2077",2,"Microenvironment",45,43,8.22333466666667,8.2348788372093,0.0115441705426367,1.00803390930161,0.103078162494727,-7.05593827309554,0.918116397472599,0.999330380285523
"PROBE2078_at","GENE2078",0,"Other",45,43,10.1181833333333,10.1309476744186,0.0127643410852727,1.00888682244239,0.113682611237613,-7.0547854779722,0.909727290892936,0.999330380285523
"PROBE2079_at","GENE2079",0,"Other",45,43,9.08960488888889,9.12707069767442,0.0374658087855266,1.02630946053607,0.334274023965624,-7.00525446520355,0.73890344659334,0.999330380285523
"PROBE2080_at","GENE2080",1,"PlasmaCells",45,43,9.44814777777778,9.36805558139535,-0.080092196382429,0.94599719021666,-0.702427164043605,-6.81442719278419,0.484116018925208,0.999330380285523
"PROBE2081_at","GENE2081",0,"Other",45,43,8.26822911111111,8.08125418604651,-0.186974925064602,0.878445736037888,-1.68098062684402,-5.66461198126935,0.0960242365646675,0.783871318895245
"PROBE2082_at","GENE2082",2,"Microenvironment",45,43,9.40559311111111,9.31514023255814,-0.0904528785529735,0.939227868511558,-0.835671823889033,-6.7122723293051,0.405418878718565,0.999330380285523
"PROBE2083_at","GENE2083",0,"Other",45,43,9.35348022222222,9.45454511627907,0.101064894056844,1.07256486091506,0.958057914483013,-6.603090087962,0.340445082531411,0.999330380285523
"PROBE2084_at","GENE2084",2,"Microenvironment",45,43,10.0249084444444,9.9338976744186,-0.0910107700258411,0.938864738463997,-0.788671025456881,-6.75030143057912,0.43225159895248,0.999330380285523
"PROBE2085_at","GENE2085",2,"Microenvironment",45,43,10.2225737777778,10.2844379069767,0.0618641291989661,1.04381361803063,0.509517886358335,-6.93123117007065,0.611560934566892,0.999330380285523
"PROBE2086_at","GENE2086",1,"PlasmaCells",45,43,7.36864866666667,7.41120348837209,0.0425548217054263,1.02993609299874,0.369217388408344,-6.99294059198447,0.712780474767384,0.999330380285523
"PROBE2087_at","GENE2087",2,"Microenvironment",45,43,9.19828155555556,9.05432023255814,-0.143961322997418,0.905030725395431,-1.37622599772483,-6.12061782574743,0.171960024631369,0.995409041977317
"PROBE2088_at","GENE2088",2,"Microenvironment",45,43,7.62346577777778,7.54447186046512,-0.078993917312661,0.946717622776849,-0.727006368693226,-6.79689880262801,0.46899482266567,0.999330380285523
"PROBE2089_at","GENE2089",0,"Other",45,43,7.67415755555556,7.57033953488372,-0.103818020671833,0.930567030590769,-0.887613047402751,-6.66772450649067,0.376971893025524,0.999330380285523
"PROBE2090_at","GENE2090",2,"Microenvironment",45,43,7.97096377777778,7.93518581395349,-0.0357779638242892,0.975505583941855,-0.33074829293935,-7.00642914081589,0.741556894440657,0.999330380285523
"PROBE2091_at","GENE2091",0,"Other",45,43,7.97500333333333,8.06895534883721,0.0939520155038736,1.06728983904995,0.831951703428217,-6.71536140896599,0.407505140709924,0.999330380285523
"PROBE2092_at","GENE2092",2,"Microenvironment",45,43,8.89268533333333,8.80674465116279,-0.0859406821705413,0.942170011357668,-0.824519290467386,-6.7214923865467,0.411692694767524,0.999330380285523
"PROBE2093_at","GENE2093",2,"Microenvironment",45,43,8.99542022222222,8.98340325581395,-0.0120169664082681,0.991705068001869,-0.119544149766076,-7.05409988717665,0.905094589926958,0.999330380285523
"PROBE2094_at","GENE2094",1,"PlasmaCells",45,43,7.037422,7.23134162790698,0.193919627906976,1.14386724693938,1.72163422539638,-5.59727931313595,0.0883632548053818,0.755986861945461
"PROBE2095_at","GENE2095",2,"Microenvironment",45,43,6.95053311111111,6.93742139534884,-0.0131117157622729,0.990952825399536,-0.128550325600157,-7.05297935516542,0.897982950224823,0.999330380285523
"PROBE2096_at","GENE2096",2,"Microenvironment",45,43,9.89803355555556,9.9750011627907,0.0769676072351437,1.05479863345737,0.694876095718909,-6.81969237089423,0.488814825835721,0.999330380285523
"PROBE2097_at","GENE2097",2,"Microenvironment",45,43,7.81781333333333,7.76166465116279,-0.0561486821705399,0.961828324849905,-0.478347205359743,-6.94663637226394,0.633492902425895,0.999330380285523
"PROBE2098_at","GENE2098",0,"Other",45,43,7.48910644444444,7.52849441860465,0.0393879741602072,1.02767776861088,0.338141087522166,-7.00395177827827,0.735996741828296,0.999330380285523
"PROBE2099_at","GENE2099",0,"Other",45,43,9.23307244444444,9.16003186046512,-0.0730405839793296,0.950632358927694,-0.647407454780492,-6.8515001833689,0.518916614083945,0.999330380285523
"PROBE2100_at","GENE2100",0,"Other",45,43,9.27869066666667,9.33480930232558,0.0561186356589207,1.03966492535776,0.502403979802054,-6.93483218467739,0.616536243056965,0.999330380285523
"PROBE2101_at","GENE2101",1,"PlasmaCells",45,43,7.27230622222222,7.23099906976744,-0.0413071524547783,0.971774073450066,-0.362355808623232,-6.99545484199385,0.717884268498895,0.999330380285523
"PROBE2102_at","GENE2102",2,"Microenvironment",45,43,9.52558222222222,9.46256627906977,-0.0630159431524557,0.957260879493605,-0.56843049408126,-6.89947595788929,0.571072695759917,0.999330380285523
"PROBE2103_at","GENE2103",0,"Other",45,43,7.90462844444444,7.82085790697674,-0.0837705374677009,0.94358831791639,-0.775258384279328,-6.76075549763154,0.44009639232185,0.999330380285523
"PROBE2104_at","GENE2104",0,"Other",45,43,9.57620177777778,9.57619534883721,-6.4289405639073e-06,0.999995543807903,-6.27653698435507e-05,-7.06126727674484,0.999950050990318,0.999950050990318
"PROBE2105_at","GENE2105",1,"PlasmaCells",45,43,8.26279555555556,8.18942441860465,-0.073371136950902,0.950414573223868,-0.758282356268401,-6.77373302303518,0.450143326377533,0.999330380285523
"PROBE2106_at","GENE2106",1,"PlasmaCells",45,43,8.38502155555556,8.39266348837209,0.00764193281653824,1.00531103800988,0.0663459437410949,-7.05905949868818,0.94724066308157,0.999330380285523
"PROBE2107_at","GENE2107",1,"PlasmaCells",45,43,9.16765666666667,9.19027790697674,0.0226212403100803,1.01580342280146,0.217250185578022,-7.03759992599887,0.828475377779537,0.999330380285523
"PROBE2108_at","GENE2108",2,"Microenvironment",45,43,8.06038511111111,7.91108697674419,-0.149298134366925,0.901689024192966,-1.2752057487708,-6.25252318234197,0.205320153799368,0.999330380285523
"PROBE2109_at","GENE2109",0,"Other",45,43,8.67745955555556,8.8140411627907,0.13658160723514,1.09929729832923,1.2934381725447,-6.22943352999686,0.198969532807811,0.999330380285523
"PROBE2110_at","GENE2110",0,"Other",45,43,8.17125844444444,7.93418023255814,-0.237078211886302,0.848461903346695,-1.95817744906832,-5.17575496754382,0.0531179220736894,0.561405043537868
"PROBE2111_at","GENE2111",0,"Other",45,43,7.44404911111111,7.30002348837209,-0.144025622739017,0.904990389812831,-1.28815953630801,-6.23615098633351,0.200792977284901,0.999330380285523
"PROBE2112_at","GENE2112",1,"PlasmaCells",45,43,8.61110355555556,8.54321604651163,-0.0678875090439242,0.954033936334344,-0.667469431315854,-6.83832895188378,0.506076954358465,0.999330380285523
"PROBE2113_at","GENE2113",1,"PlasmaCells",45,43,7.62878044444444,7.50026651162791,-0.12851393281654,0.914773239416829,-1.13034278308359,-6.4246819808203,0.261153739834273,0.999330380285523
"PROBE2114_at","GENE2114",0,"Other",45,43,8.286868,8.41965767441861,0.132789674418602,1.09641173481471,1.27335662955002,-6.25484722966381,0.205972495082693,0.999330380285523
"PROBE2115_at","GENE2115",1,"PlasmaCells",45,43,7.64545288888889,7.63906,-0.00639288888888956,0.995578590429384,-0.0578264270859456,-7.05959008903536,0.954007327959203,0.999330380285523
"PROBE2116_at","GENE2116",0,"Other",45,43,8.81499644444444,8.77346069767442,-0.0415357467700268,0.971620108527207,-0.404897778537366,-6.97910851731935,0.686455301758701,0.999330380285523
"PROBE2117_at","GENE2117",1,"PlasmaCells",45,43,8.73940955555556,8.49307697674419,-0.246332578811367,0.843036745903917,-2.51456415311919,-3.99077619053488,0.0135839872398448,0.195709368931307
"PROBE2118_at","GENE2118",1,"PlasmaCells",45,43,7.60426,7.69541395348837,0.0911539534883765,1.06522186973888,0.901505042878609,-6.65536213383464,0.369580654403778,0.999330380285523
"PROBE2119_at","GENE2119",0,"Other",45,43,9.098922,8.99265279069767,-0.106269209302328,0.928987307494198,-0.965065287285319,-6.59639590032681,0.336941886174435,0.999330380285523
"PROBE2120_at","GENE2120",0,"Other",45,43,7.669384,7.74738837209302,0.0780043720930248,1.05555691650253,0.787530770182817,-6.75119705149563,0.432915296378057,0.999330380285523
"PROBE2121_at","GENE2121",0,"Other",45,43,7.56090466666667,7.57643093023256,0.0155262635658922,1.01082010428762,0.134814537600859,-7.05215201869853,0.893041343450619,0.999330380285523
"PROBE2122_at","GENE2122",0,"Other",45,43,8.37993755555556,8.42404139534884,0.0441038397932783,1.03104252670907,0.441523547332814,-6.96358851075524,0.659828950875887,0.999330380285523
"PROBE2123_at","GENE2123",2,"Microenvironment",45,43,8.10722133333333,7.93701186046512,-0.170209472868222,0.888713634552881,-1.50582039922434,-5.93729124721906,0.135403378679847,0.932832559266353
"PROBE2124_at","GENE2124",1,"PlasmaCells",45,43,9.28706555555556,9.2578476744186,-0.029217881136951,0.979951408282507,-0.252827467804756,-7.02921641632765,0.800943229046316,0.999330380285523
"PROBE2125_at","GENE2125",2,"Microenvironment",45,43,9.26784111111111,9.21674906976744,-0.0510920413436668,0.965205444539497,-0.443482919863957,-6.96272053534142,0.658416399121285,0.999330380285523
"PROBE2126_at","GENE2126",2,"Microenvironment",45,43,8.68117488888889,8.6121188372093,-0.0690560516795848,0.953261508391866,-0.588734569854942,-6.8877326793815,0.55742489612019,0.999330380285523
"PROBE2127_at","GENE2127",0,"Other",45,43,8.08962355555555,8.07189093023256,-0.0177326253229975,0.987783910478213,-0.151097525346232,-7.04981743165697,0.880216484864066,0.999330380285523
"PROBE2128_at","GENE2128",2,"Microenvironment",45,43,9.236362,9.17361395348837,-0.0627480465116239,0.957438651495498,-0.575424871747168,-6.89547682105094,0.566353076338466,0.999330380285523
"PROBE2129_at","GENE2129",2,"Microenvironment",45,43,8.65502822222222,8.55966674418605,-0.0953614780361765,0.936037686804761,-0.842634898386842,-6.70645389787958,0.401531416520203,0.999330380285523
"PROBE2130_at","GENE2130",0,"Other",45,43,8.90092533333333,8.78539744186046,-0.115527891472871,0.923044500959946,-1.07109094905315,-6.48928356640986,0.286819458857415,0.999330380285523
"PROBE2131_at","GENE2131",1,"PlasmaCells",45,43,7.88768577777778,7.70199441860465,-0.185691359173124,0.879227637055531,-1.71254505207531,-5.61246463380287,0.0900311546194913,0.76136282976314
"PROBE2132_at","GENE2132",1,"PlasmaCells",45,43,6.13064666666667,6.23923209302326,0.108585426356592,1.07817056348629,0.908608878900891,-6.6489675594191,0.36583665706878,0.999330380285523
"PROBE2133_at","GENE2133",0,"Other",45,43,8.41129555555556,8.62347441860465,0.212178863049092,1.15843641840677,1.81458422154426,-5.43766607093856,0.0727173494815719,0.690901182722773
"PROBE2134_at","GENE2134",2,"Microenvironment",45,43,8.42875288888889,8.43631372093023,0.00756083204134406,1.00525452626583,0.0692311151085099,-7.05886331001539,0.944949953631771,0.999330380285523
"PROBE2135_at","GENE2135",0,"Other",45,43,8.24746822222222,8.17116,-0.076308222222222,0.948481656680779,-0.680832870623242,-6.82933455179238,0.497619494642991,0.999330380285523
"PROBE2136_at","GENE2136",1,"PlasmaCells",45,43,7.19857777777778,7.16839441860465,-0.0301833591731242,0.979295826178148,-0.275974491289337,-7.02308154269453,0.783162085129371,0.999330380285523
"PROBE2137_at","GENE2137",1,"PlasmaCells",45,43,8.04779711111111,8.11179906976744,0.0640019586563323,1.0453615194258,0.52914118438348,-6.9210369977138,0.597931424249515,0.999330380285523
"PROBE2138_at","GENE2138",2,"Microenvironment",45,43,7.73089466666667,7.79677348837209,0.0658788217054278,1.04672235947267,0.616253798208944,-6.87116349782988,0.539188548967959,0.999330380285523
"PROBE2139_at","GENE2139",2,"Microenvironment",45,43,9.155354,9.11732953488372,-0.038024465116278,0.973987751590618,-0.352330558094668,-6.9990437726591,0.72536426206168,0.999330380285523
"PROBE2140_at","GENE2140",1,"PlasmaCells",45,43,7.53088466666667,7.4866023255814,-0.0442823410852728,0.969772103560206,-0.399808547898318,-6.98115915096891,0.690187528552603,0.999330380285523
"PROBE2141_at","GENE2141",1,"PlasmaCells",45,43,7.83200888888889,7.58942023255814,-0.24258865633075,0.845227342720375,-2.13702975822551,-4.82392283973621,0.0351421825493556,0.415883817152137
"PROBE2142_at","GENE2142",2,"Microenvironment",45,43,7.85741866666667,7.98229162790698,0.124872961240311,1.09041171053549,1.0272967046229,-6.53484947708753,0.306867536592834,0.999330380285523
"PROBE2143_at","GENE2143",2,"Microenvironment",45,43,9.11100533333333,9.11740744186046,0.00640210852713174,1.00444746421815,0.0581576203776992,-7.0595708225927,0.953744210039003,0.999330380285523
"PROBE2144_at","GENE2144",1,"PlasmaCells",45,43,9.84048555555556,9.83606976744186,-0.00441578811369148,0.996943888364579,-0.045047681276121,-7.06024944379695,0.96416306701223,0.999330380285523
"PROBE2145_at","GENE2145",2,"Microenvironment",45,43,8.88033911111111,8.78489372093023,-0.0954453901808776,0.93598324519138,-0.858966052610223,-6.69262082422255,0.392503361084655,0.999330380285523
"PROBE2146_at","GENE2146",2,"Microenvironment",45,43,9.50614466666667,9.54425069767442,0.0381060310077572,1.02676500513767,0.391963802801281,-6.98426944315616,0.695955524680604,0.999330380285523
"PROBE2147_at","GENE2147",2,"Microenvironment",45,43,11.0021913333333,11.0794918604651,0.0773005271317881,1.05504206950094,0.715034856925634,-6.80551065007777,0.47632637802468,0.999330380285523
"PROBE2148_at","GENE2148",2,"Microenvironment",45,43,8.198318,8.19853255813953,0.000214558139530752,1.0001487314289,0.00187266766690816,-7.06126551975048,0.998509722152843,0.999818966729852
"PROBE2149_at","GENE2149",0,"Other",45,43,7.34510044444444,7.42396534883721,0.0788649043927654,1.05618671819348,0.687106772453439,-6.82505093219832,0.493675385558587,0.999330380285523
"PROBE2150_at","GENE2150",0,"Other",45,43,8.60604355555556,8.59172511627907,-0.0143184392764848,0.990124302341516,-0.118371432269412,-7.05423981007134,0.906021196729139,0.999330380285523
"PROBE2151_at","GENE2151",2,"Microenvironment",45,43,9.66060711111111,9.70762465116279,0.0470175400516801,1.0331269481972,0.396204966505605,-6.98259553040576,0.692834885021061,0.999330380285523
"PROBE2152_at","GENE2152",2,"Microenvironment",45,43,6.98838622222222,7.00361790697674,0.0152316847545251,1.01061372956632,0.139716849705053,-7.0514771115762,0.889177019239687,0.999330380285523
"PROBE2153_at","GENE2153",2,"Microenvironment",45,43,10.3946115555556,10.4584488372093,0.0638372816537469,1.04524220302681,0.644794016989778,-6.85318664941539,0.520601709121211,0.999330380285523
"PROBE2154_at","GENE2154",1,"PlasmaCells",45,43,6.61546244444444,6.51747697674419,-0.0979854677002585,0.934336758431056,-0.824228439496092,-6.72173120604687,0.41185709095836,0.999330380285523
"PROBE2155_at","GENE2155",0,"Other",45,43,7.30901577777778,7.27893813953488,-0.0300776382428927,0.979367591767061,-0.265185508187167,-7.02600777641314,0.791436311716061,0.999330380285523
"PROBE2156_at","GENE2156",1,"PlasmaCells",45,43,7.80321355555556,7.78939093023256,-0.0138226253229972,0.990464638862983,-0.120096107329811,-7.0540335530498,0.904658513495133,0.999330380285523
"PROBE2157_at","GENE2157",1,"PlasmaCells",45,43,8.35237844444444,8.34005581395349,-0.0123226304909583,0.991494977510374,-0.102878316008298,-7.05595891551773,0.918274586609884,0.999330380285523
"PROBE2158_at","GENE2158",0,"Other",45,43,10.0279246666667,9.96480604651163,-0.0631186201550431,0.957192753398012,-0.531753724205526,-6.9196509137805,0.596127481921712,0.999330380285523
"PROBE2159_at","GENE2159",1,"PlasmaCells",45,43,9.28560866666667,9.19709209302326,-0.0885165736434104,0.940489294149385,-0.72413373738622,-6.79897816008906,0.470748267065268,0.999330380285523
"PROBE2160_at","GENE2160",1,"PlasmaCells",45,43,7.38009422222222,7.25256930232558,-0.12752491989664,0.915400560302878,-1.15879545780926,-6.39245718907958,0.249419857702275,0.999330380285523
"PROBE2161_at","GENE2161",2,"Microenvironment",45,43,7.957936,7.88392930232558,-0.0740066976744185,0.949995972532913,-0.74013790865077,-6.78728986886003,0.461026284197443,0.999330380285523
"PROBE2162_at","GENE2162",1,"PlasmaCells",45,43,7.17408511111111,7.12502395348837,-0.0490611576227398,0.966565122308439,-0.463710879098349,-6.95353614461803,0.643906748483205,0.999330380285523
"PROBE2163_at","GENE2163",2,"Microenvironment",45,43,9.87594777777778,9.89797348837209,0.0220257105943169,1.01538419609939,0.189842763041082,-7.04319375116466,0.849834000155814,0.999330380285523
"PROBE2164_at","GENE2164",2,"Microenvironment",45,43,7.09178933333333,7.25614558139535,0.164356248062014,1.12066590868529,1.21321947866336,-6.32865055384519,0.22802873382036,0.999330380285523
"PROBE2165_at","GENE2165",0,"Other",45,43,8.88799711111111,8.88980953488372,0.00181242377261093,1.00125706587375,0.0170996750223033,-7.06112061856442,0.98639265920322,0.999330380285523
"PROBE2166_at","GENE2166",2,"Microenvironment",45,43,9.52202,9.40869046511628,-0.113329534883718,0.924452094183877,-0.983082519837869,-6.57896436208824,0.328043021085915,0.999330380285523
"PROBE2167_at","GENE2167",1,"PlasmaCells",45,43,9.339488,9.33008930232558,-0.00939869767442048,0.993506493732252,-0.0803496624451574,-7.05802917711031,0.936126770072039,0.999330380285523
"PROBE2168_at","GENE2168",0,"Other",45,43,8.52791888888889,8.62054348837209,0.0926245994832051,1.06630828298689,0.833898452836249,-6.71374657904649,0.406412584277182,0.999330380285523
"PROBE2169_at","GENE2169",2,"Microenvironment",45,43,6.75633333333333,6.70013325581395,-0.0562000775193816,0.961794060767498,-0.544204457845947,-6.91295194769561,0.587565143348753,0.999330380285523
"PROBE2170_at","GENE2170",0,"Other",45,43,8.28064355555555,8.21961627906977,-0.0610272764857882,0.958581314789738,-0.601308006285146,-6.88025546511594,0.549055028279026,0.999330380285523
"PROBE2171_at","GENE2171",0,"Other",45,43,7.238454,7.18349813953488,-0.0549558604651166,0.962623894316162,-0.455812166611629,-6.95717103965,0.649556553468825,0.999330380285523
"PROBE2172_at","GENE2172",2,"Microenvironment",45,43,8.88357688888889,9.02643,0.14285311111111,1.10408642819686,1.24376765713934,-6.29159213925916,0.216619837675308,0.999330380285523
"PROBE2173_at","GENE2173",2,"Microenvironment",45,43,9.28258444444444,9.23827,-0.0443144444444439,0.969750524089227,-0.352207199022207,-6.99908730842986,0.725456469871068,0.999330380285523
"PROBE2174_at","GENE2174",2,"Microenvironment",45,43,7.74271044444444,7.85898046511628,0.116270020671839,1.08392882038751,1.00818539637782,-6.55415094343974,0.315905055584225,0.999330380285523
"PROBE2175_at","GENE2175",2,"Microenvironment",45,43,9.27593044444444,9.27412720930232,-0.00180323514211622,0.998750873454206,-0.0167410984336264,-7.06112670492954,0.986677975054917,0.999330380285523
"PROBE2176_at","GENE2176",1,"PlasmaCells",45,43,8.444582,8.44004976744186,-0.00453223255813917,0.996863425141843,-0.0423291182377959,-7.06036858553069,0.966324427846403,0.999330380285523
"PROBE2177_at","GENE2177",2,"Microenvironment",45,43,10.017142,9.81643023255814,-0.200711767441863,0.870121174752506,-1.80583133416098,-5.4530311063194,0.0740850694449688,0.692986898379596
"PROBE2178_at","GENE2178",0,"Other",45,43,8.26993911111111,8.36908,0.0991408888888916,1.07113542167321,1.08406045834469,-6.47543298002205,0.281058617805044,0.999330380285523
"PROBE2179_at","GENE2179",2,"Microenvironment",45,43,8.87664511111111,8.85153,-0.0251151111111092,0.982742183457773,-0.214273582670985,-7.03824387312166,0.830789123373934,0.999330380285523
"PROBE2180_at","GENE2180",2,"Microenvironment",45,43,8.38477688888889,8.57069581395349,0.1859189250646,1.13754129982379,1.90976763841315,-5.26611856844693,0.059154683747648,0.597522058057051
"PROBE2181_at","GENE2181",0,"Other",45,43,8.66431933333333,8.58134976744186,-0.0829695658914726,0.944112335288723,-0.768808475765875,-6.76571963359459,0.443898170124197,0.999330380285523
"PROBE2182_at","GENE2182",0,"Other",45,43,8.804068,8.83594651162791,0.031878511627907,1.02234243622099,0.328412527682376,-7.00720050948123,0.743316502550642,0.999330380285523
"PROBE2183_at","GENE2183",1,"PlasmaCells",45,43,8.23714511111111,8.31208953488372,0.0749444237726085,1.0533204586303,0.648105733115143,-6.85104843574494,0.518466862367969,0.999330380285523
"PROBE2184_at","GENE2184",2,"Microenvironment",45,43,9.515844,9.59877348837209,0.082929488372093,1.05916656672056,0.735033896521793,-6.7910449071668,0.46411435728919,0.999330380285523
"PROBE2185_at","GENE2185",1,"PlasmaCells",45,43,8.20459866666667,8.2809676744186,0.0763690077519357,1.05436106978159,0.722099506810895,-6.80044571575566,0.471992174106968,0.999330380285523
"PROBE2186_at","GENE2186",0,"Other",45,43,8.55491555555555,8.63697930232558,0.0820637467700251,1.05853116598762,0.65788388099962,-6.84467181314531,0.512190450134777,0.999330380285523
"PROBE2187_at","GENE2187",0,"Other",45,43,7.94583688888889,7.87806046511628,-0.0677764237726057,0.954107398289836,-0.643857885933932,-6.85378909509607,0.521206004511782,0.999330380285523
"PROBE2188_at","GENE2188",2,"Microenvironment",45,43,8.48769822222222,8.47566860465116,-0.0120296175710592,0.991696371661415,-0.0968449671109571,-7.05656325179269,0.923051821713875,0.999330380285523
"PROBE2189_at","GENE2189",0,"Other",45,43,10.0850506666667,10.1142341860465,0.0291835193798473,1.02043445631776,0.253825448340957,-7.0289629753696,0.800174359196648,0.999330380285523
"PROBE2190_at","GENE2190",0,"Other",45,43,8.37909333333333,8.36991046511628,-0.00918286821705294,0.993655134991518,-0.0813617768185112,-7.05794708950572,0.935323980056027,0.999330380285523
"PROBE2191_at","GENE2191",2,"Microenvironment",45,43,7.956586,8.01666069767442,0.0600746976744224,1.04251973744861,0.540798390359875,-6.9147998520587,0.589901739605537,0.999330380285523
"PROBE2192_at","GENE2192",2,"Microenvironment",45,43,8.37523022222222,8.43253697674419,0.0573067545219637,1.04052148495733,0.462233966636698,-6.95422052790246,0.644961582500287,0.999330380285523
"PROBE2193_at","GENE2193",2,"Microenvironment",45,43,8.80119711111111,8.84320441860465,0.0420073074935416,1.02954529824125,0.400669847622439,-6.98081391962706,0.689555346403773,0.999330380285523
"PROBE2194_at","GENE2194",0,"Other",45,43,8.75718422222222,8.54894674418605,-0.208237478036175,0.865594070748799,-1.87734014840815,-5.32547704086215,0.0635139534914111,0.628851024667437
"PROBE2195_at","GENE2195",1,"PlasmaCells",45,43,10.8630675555556,10.7502874418605,-0.112780113695093,0.924804220087544,-1.03536845187373,-6.52659093418637,0.303103259109125,0.999330380285523
"PROBE2196_at","GENE2196",1,"PlasmaCells",45,43,8.98464466666667,8.94986744186047,-0.0347772248062004,0.976182487331134,-0.330000419765665,-7.00667671383325,0.742120142831926,0.999330380285523
"PROBE2197_at","GENE2197",2,"Microenvironment",45,43,10.2009762222222,10.1574048837209,-0.0435713385012964,0.97025015358838,-0.402063702899767,-6.9802536574942,0.688532742148796,0.999330380285523
"PROBE2198_at","GENE2198",2,"Microenvironment",45,43,10.4576506666667,10.34534,-0.112310666666669,0.925105196540021,-0.887724570796424,-6.66762601449216,0.376912190672549,0.999330380285523
"PROBE2199_at","GENE2199",2,"Microenvironment",45,43,9.59410355555556,9.57218465116279,-0.0219189043927592,0.984921804967758,-0.204144426436492,-7.04036868665878,0.838673676226791,0.999330380285523
"PROBE2200_at","GENE2200",1,"PlasmaCells",45,43,8.50091311111111,8.52290930232558,0.0219961912144679,1.01536342025676,0.195243430805371,-7.04215101787736,0.845615859885634,0.999330380285523
"PROBE2201_at","GENE2201",2,"Microenvironment",45,43,8.200784,8.17709186046512,-0.0236921395348819,0.98371196849828,-0.234112304515917,-7.03378450996948,0.815397363887582,0.999330380285523
"PROBE2202_at","GENE2202",2,"Microenvironment",45,43,10.6050946666667,10.8156169767442,0.210522310077515,1.15710702451512,1.9271972632728,-5.23382468898998,0.0569176818565505,0.585271792869414
"PROBE2203_at","GENE2203",2,"Microenvironment",45,43,9.15818755555556,9.14571534883721,-0.0124722067183445,0.991392186285402,-0.109668553834466,-7.05523510451539,0.912901633883485,0.999330380285523
"PROBE2204_at","GENE2204",0,"Other",45,43,8.40935822222222,8.66199790697674,0.252639684754522,1.19138498723066,2.46408905091246,-4.10910797255897,0.015518691096385,0.218573114033592
"PROBE2205_at","GENE2205",1,"PlasmaCells",45,43,9.03437288888889,9.00339697674419,-0.030975912144708,0.978757992024316,-0.266264018423246,-7.02572049924105,0.790608094955854,0.999330380285523
"PROBE2206_at","GENE2206",0,"Other",45,43,8.50840044444444,8.38024046511628,-0.12815997932816,0.914997699120726,-1.10939032933791,-6.44791355417131,0.27003883737986,0.999330380285523
"PROBE2207_at","GENE2207",1,"PlasmaCells",45,43,8.08920688888889,8.19189744186047,0.102690552971579,1.07377413059698,0.978671744098815,-6.58326096795682,0.330207096092855,0.999330380285523
"PROBE2208_at","GENE2208",0,"Other",45,43,8.16357288888889,8.10346279069767,-0.060110098191215,0.959190916595896,-0.588692734469446,-6.88775729639484,0.557452850027284,0.999330380285523
"PROBE2209_at","GENE2209",2,"Microenvironment",45,43,8.98806977777778,8.90234930232558,-0.085720475452197,0.94231383108053,-0.750932313963,-6.77926379295614,0.454533935353532,0.999330380285523
"PROBE2210_at","GENE2210",0,"Other",45,43,8.68960777777778,8.79724488372093,0.107637105943152,1.07746208722658,1.0317986114642,-6.53025118282961,0.304764200002809,0.999330380285523
"PROBE2211_at","GENE2211",1,"PlasmaCells",45,43,6.65963933333333,6.73201093023256,0.0723715968992256,1.0514436959776,0.636903673961329,-6.85823730036928,0.525706572820269,0.999330380285523
"PROBE2212_at","GENE2212",0,"Other",45,43,8.04855688888889,8.25153930232558,0.202982413436692,1.15107545954402,1.81628998172967,-5.43466366549639,0.0724532674710486,0.690901182722773
"PROBE2213_at","GENE2213",0,"Other",45,43,9.47752311111111,9.45645279069767,-0.0210703204134379,0.985501300073732,-0.18024722230512,-7.04497431465821,0.857339210546724,0.999330380285523
"PROBE2214_at","GENE2214",2,"Microenvironment",45,43,7.92666355555556,7.91988162790698,-0.00678192764858032,0.99531015778678,-0.0675510404394014,-7.05897856872854,0.946283810025152,0.999330380285523
"PROBE2215_at","GENE2215",0,"Other",45,43,6.85663755555556,6.72868651162791,-0.127951043927651,0.915130221413571,-1.35047776844454,-6.15515729992453,0.180044274666552,0.999330380285523
"PROBE2216_at","GENE2216",0,"Other",45,43,7.75881022222222,7.87808348837209,0.119273266149869,1.08618757560424,1.10890245033933,-6.44844945774537,0.270248206733826,0.999330380285523
"PROBE2217_at","GENE2217",2,"Microenvironment",45,43,10.3603733333333,10.3903613953488,0.0299880620155033,1.02100367709113,0.289578506029726,-7.01922576183418,0.772764482618898,0.999330380285523
"PROBE2218_at","GENE2218",0,"Other",45,43,8.28637066666667,8.26415720930233,-0.0222134573643427,0.984720735426111,-0.19612136544276,-7.04197874923175,0.844930578504636,0.999330380285523
"PROBE2219_at","GENE2219",0,"Other",45,43,10.2506773333333,10.2043246511628,-0.0463526821705393,0.968381429132854,-0.431305283483818,-6.96805302724209,0.667215385125838,0.999330380285523
"PROBE2220_at","GENE2220",2,"Microenvironment",45,43,9.69555822222222,9.69956139534884,0.00400317312661969,1.00277864145389,0.0354655188498392,-7.0606363985723,0.971782331766441,0.999330380285523
"PROBE2221_at","GENE2221",0,"Other",45,43,9.59159733333333,9.58555976744186,-0.00603756589147153,0.995823822807296,-0.0581932668809999,-7.05956874237743,0.953715890827459,0.999330380285523
"PROBE2222_at","GENE2222",1,"PlasmaCells",45,43,7.12549644444444,7.03686488372093,-0.0886315607235106,0.940414337346217,-0.777600631278375,-6.7589426642802,0.438720508308026,0.999330380285523
"PROBE2223_at","GENE2223",1,"PlasmaCells",45,43,9.51759911111111,9.36237186046512,-0.155227250645991,0.897990911880628,-1.44943793263649,-6.01898996809495,0.150480939285778,0.950935725171886
"PROBE2224_at","GENE2224",1,"PlasmaCells",45,43,10.5847951111111,10.4109569767442,-0.173838134366923,0.886481153881977,-1.6580269281765,-5.70195941743189,0.100582966860571,0.799575964935009
"PROBE2225_at","GENE2225",0,"Other",45,43,9.54567933333333,9.63555627906977,0.089876945736437,1.06427940117273,0.768375174966792,-6.76605165292232,0.444154252198201,0.999330380285523
"PROBE2226_at","GENE2226",1,"PlasmaCells",45,43,7.53104266666667,7.53214325581395,0.00110058914728217,1.00076316132392,0.00930491491210186,-7.06122385153244,0.992595207997203,0.999330380285523
"PROBE2227_at","GENE2227",2,"Microenvironment",45,43,7.58267444444444,7.5517088372093,-0.0309656072351396,0.978764983140479,-0.275581937817934,-7.02319005494192,0.783462710073754,0.999330380285523
"PROBE2228_at","GENE2228",1,"PlasmaCells",45,43,7.83988377777778,7.82014418604651,-0.0197395917312635,0.986410736803525,-0.163785898707018,-7.04781397708388,0.87024472597459,0.999330380285523
"PROBE2229_at","GENE2229",0,"Other",45,43,9.44538244444444,9.51908488372093,0.073702439276488,1.05241406836769,0.667396861450323,-6.83837731362481,0.506123091217628,0.999330380285523
"PROBE2230_at","GENE2230",0,"Other",45,43,7.52396511111111,7.63833418604651,0.114369074935404,1.08250153816888,1.04688911878052,-6.51469420815719,0.297784790173576,0.999330380285523
"PROBE2231_at","GENE2231",2,"Microenvironment",45,43,8.65660488888889,8.69760674418605,0.0410018552971554,1.02882803095939,0.368805350609976,-6.99309289994666,0.713086591882196,0.999330380285523
"PROBE2232_at","GENE2232",2,"Microenvironment",45,43,10.1129291111111,10.20298,0.0900508888888893,1.06440772716636,0.817277074208548,-6.72741429519573,0.415797932682029,0.999330380285523
"PROBE2233_at","GENE2233",2,"Microenvironment",45,43,9.39715488888889,9.36312581395349,-0.0340290749354004,0.97668884534897,-0.302726467487274,-7.01532328413018,0.762754641838693,0.999330380285523
"PROBE2234_at","GENE2234",2,"Microenvironment",45,43,8.38835111111111,8.4520988372093,0.0637477260981925,1.04517732144183,0.580997483692411,-6.89225583763711,0.56260648178103,0.999330380285523
"PROBE2235_at","GENE2235",0,"Other",45,43,9.15518533333333,8.92299,-0.23219533333333,0.851338433191633,-2.14921848675733,-4.79892597630655,0.0341365893584324,0.410049121422611
"PROBE2236_at","GENE2236",0,"Other",45,43,9.80292288888889,9.71264465116279,-0.0902782377260944,0.939341570614394,-0.822942624605102,-6.72278600113781,0.412584339263576,0.999330380285523
"PROBE2237_at","GENE2237",2,"Microenvironment",45,43,9.08443222222222,9.01729581395349,-0.0671364082687358,0.954530758028612,-0.571143201014402,-6.89793069443051,0.569239977280082,0.999330380285523
"PROBE2238_at","GENE2238",0,"Other",45,43,6.31422866666667,6.25603744186047,-0.0581912248062002,0.960467548486047,-0.5020482789066,-6.93501091622206,0.616785485204963,0.999330380285523
"PROBE2239_at","GENE2239",0,"Other",45,43,6.72812311111111,6.81428488372093,0.0861617726098167,1.0615422353727,0.800096437596774,-6.74125666566129,0.425634437469398,0.999330380285523
"PROBE2240_at","GENE2240",0,"Other",45,43,8.89717488888889,8.97921465116279,0.0820397622739026,1.05851356827993,0.727634351614353,-6.79644315201899,0.468611993431358,0.999330380285523
"PROBE2241_at","GENE2241",1,"PlasmaCells",45,43,8.980058,9.06536534883721,0.0853073488372118,1.06091373221347,0.872328392558875,-6.6811079922164,0.385210271530274,0.999330380285523
"PROBE2242_at","GENE2242",2,"Microenvironment",45,43,8.239286,8.20870395348837,-0.0305820465116273,0.979025236141732,-0.286313144413933,-7.02016815200103,0.775256514240056,0.999330380285523
"PROBE2243_at","GENE2243",2,"Microenvironment",45,43,7.36021088888889,7.44361465116279,0.0834037622738997,1.05951481609017,0.703953458920916,-6.81335610152759,0.483169282163094,0.999330380285523
"PROBE2244_at","GENE2244",1,"PlasmaCells",45,43,6.71939555555556,6.70627720930233,-0.0131183462532318,0.990948271083853,-0.120283056992414,-7.05401101622891,0.904510819729366,0.999330380285523
"PROBE2245_at","GENE2245",0,"Other",45,43,7.07977955555556,7.01325930232558,-0.0665202532299727,0.954938511940848,-0.541236093531313,-6.91456302926918,0.589601227454812,0.999330380285523
"PROBE2246_at","GENE2246",1,"PlasmaCells",45,43,6.92791822222222,6.88737162790698,-0.0405465943152441,0.972286507132223,-0.352937372851536,-6.99882939478187,0.724910742166035,0.999330380285523
"PROBE2247_at","GENE2247",2,"Microenvironment",45,43,6.769982,6.79396209302326,0.0239800930232574,1.01676064345921,0.232618208702471,-7.03413407916525,0.816554113766318,0.999330380285523
"PROBE2248_at","GENE2248",2,"Microenvironment",45,43,8.33552955555556,8.39499906976744,0.0594695142118873,1.04208251171728,0.533367033211441,-6.91879158287463,0.595014761711055,0.999330380285523
"PROBE2249_at","GENE2249",1,"PlasmaCells",45,43,8.08595711111111,8.10697651162791,0.0210194005167974,1.01467619125947,0.212885068388671,-7.03854122345244,0.831868941667413,0.999330380285523
"PROBE2250_at","GENE2250",1,"PlasmaCells",45,43,8.85796066666667,8.96467,0.106709333333338,1.07676941245642,0.926163683466164,-6.63295395707675,0.35668815020453,0.999330380285523
"PROBE2251_at","GENE2251",2,"Microenvironment",45,43,9.51526822222222,9.56493651162791,0.0496682894056839,1.03502691867916,0.426810921751029,-6.96998371246102,0.670474661545529,0.999330380285523
"PROBE2252_at","GENE2252",2,"Microenvironment",45,43,9.40310266666667,9.42597906976744,0.0228764031007724,1.0159830991374,0.19925645495783,-7.04135727813755,0.842484426611617,0.999330380285523
"PROBE2253_at","GENE2253",1,"PlasmaCells",45,43,8.73492488888889,8.63892860465116,-0.0959962842377244,0.935625907598451,-0.832855217061322,-6.71461240636475,0.40699784898221,0.999330380285523
"PROBE2254_at","GENE2254",2,"Microenvironment",45,43,8.76099111111111,8.75343,-0.00756111111111579,0.994772747035765,-0.0675365033839414,-7.05897955366456,0.94629535205678,0.999330380285523
"PROBE2255_at","GENE2255",0,"Other",45,43,9.43773666666667,9.52563697674419,0.0879003100775222,1.06282223102954,0.759645015772903,-6.77270179856881,0.449332020678015,0.999330380285523
"PROBE2256_at","GENE2256",2,"Microenvironment",45,43,10.0394948888889,9.99139348837209,-0.0481014005167939,0.967208346519706,-0.456594682202578,-6.95681370971198,0.648995912848286,0.999330380285523
"PROBE2257_at","GENE2257",1,"PlasmaCells",45,43,7.64636933333333,7.64948418604651,0.0031148527131748,1.00216138380573,0.0257017125704569,-7.06093594951873,0.979548717797019,0.999330380285523
"PROBE2258_at","GENE2258",0,"Other",45,43,7.36270733333333,7.35160953488372,-0.0110977984496081,0.992337103144076,-0.100912185198161,-7.05615986460437,0.919831058053909,0.999330380285523
"PROBE2259_at","GENE2259",0,"Other",45,43,7.57877666666667,7.58500604651163,0.00622937984495842,1.00432721253902,0.052853209415393,-7.05986616479707,0.957958917837264,0.999330380285523
"PROBE2260_at","GENE2260",0,"Other",45,43,9.07687666666667,9.12595372093023,0.0490770542635648,1.03460283812451,0.455012418825095,-6.95753560798565,0.650129748620845,0.999330380285523
"PROBE2261_at","GENE2261",2,"Microenvironment",45,43,9.87426044444445,9.77869302325581,-0.095567421188635,0.935904077976604,-0.909022406300548,-6.64859380005757,0.36561945504747,0.999330380285523
"PROBE2262_at","GENE2262",2,"Microenvironment",45,43,8.64703533333333,8.65712279069767,0.0100874573643424,1.00701659438368,0.0855066248091637,-7.05760020251811,0.932037070579325,0.999330380285523
"PROBE2263_at","GENE2263",2,"Microenvironment",45,43,9.62142577777778,9.71411953488372,0.0926937571059518,1.06635939920439,0.801937998198647,-6.73978680870395,0.42457352405684,0.999330380285523
"PROBE2264_at","GENE2264",0,"Other",45,43,9.43887911111111,9.38893697674419,-0.0499421343669244,0.965975072828833,-0.424149246150604,-6.97111761479258,0.672407867308427,0.999330380285523
"PROBE2265_at","GENE2265",0,"Other",45,43,9.08582533333333,8.97433813953488,-0.11148719379845,0.92563338611731,-1.10301152858203,-6.45490212047605,0.272785174362361,0.999330380285523
"PROBE2266_at","GENE2266",1,"PlasmaCells",45,43,9.259804,9.1753676744186,-0.0844363255813949,0.943152962605569,-0.764637833943389,-6.76890773838905,0.446366584730309,0.999330380285523
"PROBE2267_at","GENE2267",2,"Microenvironment",45,43,9.76706488888889,9.89622581395349,0.129160925064603,1.09365744243238,1.12079383811347,-6.43532212194697,0.265177279874022,0.999330380285523
"PROBE2268_at","GENE2268",1,"PlasmaCells",45,43,9.00602755555555,8.99148348837209,-0.0145440671834614,0.98996946559539,-0.130275543518468,-7.05275542516827,0.896621579712752,0.999330380285523
"PROBE2269_at","GENE2269",0,"Other",45,43,8.04583377777778,8.08181906976744,0.0359852919896664,1.02525678553114,0.315340825878489,-7.0114166565366,0.753188752368712,0.999330380285523
"PROBE2270_at","GENE2270",2,"Microenvironment",45,43,8.66571533333333,8.68930930232558,0.0235939689922482,1.01648855325686,0.21630280789765,-7.03780584097231,0.829211621741136,0.999330380285523
"PROBE2271_at","GENE2271",0,"Other",45,43,10.7630262222222,10.7574890697674,-0.00553715245478159,0.996169294332242,-0.0513580763859463,-7.05994431305285,0.959147121496287,0.999330380285523
"PROBE2272_at","GENE2272",1,"PlasmaCells",45,43,7.79880977777778,7.65592209302326,-0.142887684754524,0.905704490269667,-1.33646674130347,-6.17368837824266,0.184562210654565,0.999330380285523
"PROBE2273_at","GENE2273",2,"Microenvironment",45,43,7.79122422222222,7.75353069767442,-0.0376935245478052,0.97421120077693,-0.336853634386042,-7.00438713889342,0.73696404101597,0.999330380285523
"PROBE2274_at","GENE2274",0,"Other",45,43,9.02849244444444,8.95180837209302,-0.0766840723514193,0.948234590938373,-0.659830855479348,-6.84339083654693,0.510945545362561,0.999330380285523
"PROBE2275_at","GENE2275",0,"Other",45,43,8.80704333333333,8.82005720930233,0.0130138759689906,1.00906133903956,0.113820111800346,-7.05476978991741,0.909618580170991,0.999330380285523
"PROBE2276_at","GENE2276",0,"Other",45,43,9.29594088888889,9.41443604651163,0.118495157622739,1.08560190509689,1.02277572003732,-6.53944746577944,0.308989592958322,0.999330380285523
"PROBE2277_at","GENE2277",0,"Other",45,43,8.60117244444444,8.59621558139535,-0.00495686304909526,0.996570060082209,-0.0480930911812811,-7.06010717397885,0.961742168868876,0.999330380285523
"PROBE2278_at","GENE2278",0,"Other",45,43,8.59108577777778,8.56512674418605,-0.0259590335917341,0.982167484250146,-0.246194625232513,-7.03087551551936,0.806058284999861,0.999330380285523
"PROBE2279_at","GENE2279",2,"Microenvironment",45,43,7.32653,7.47573744186047,0.149207441860466,1.10896008700524,1.38714937087005,-6.10577549070749,0.168614917826191,0.989347380354554
"PROBE2280_at","GENE2280",0,"Other",45,43,8.02200933333333,7.9240988372093,-0.0979104961240305,0.934385313751232,-0.831539823344862,-6.71570258702248,0.407736524160021,0.999330380285523
"PROBE2281_at","GENE2281",0,"Other",45,43,7.95886266666667,7.8822888372093,-0.0765738294573639,0.948307052627592,-0.620812785064056,-6.86834605492109,0.536196987211541,0.999330380285523
"PROBE2282_at","GENE2282",2,"Microenvironment",45,43,9.05970711111111,9.08021,0.0205028888888918,1.01431298335319,0.151898965431125,-7.04969566146958,0.879586046667775,0.999330380285523
"PROBE2283_at","GENE2283",0,"Other",45,43,8.90603377777778,8.81716441860465,-0.088869359173124,0.940259342260093,-0.763867670426838,-6.7694945899335,0.44682327639254,0.999330380285523
"PROBE2284_at","GENE2284",2,"Microenvironment",45,43,9.23811444444445,9.11806395348837,-0.120050490956073,0.920155446770337,-1.0624059875346,-6.49846756085353,0.290722145306875,0.999330380285523
"PROBE2285_at","GENE2285",1,"PlasmaCells",45,43,7.83009622222222,7.97977906976744,0.14968284754522,1.10932557852506,1.48829993207909,-5.96299732284226,0.139956143278724,0.945206762896939
"PROBE2286_at","GENE2286",2,"Microenvironment",45,43,10.1699593333333,10.32536,0.155400666666667,1.11373088170339,1.29647126731606,-6.22556169447013,0.197927361380363,0.999330380285523
"PROBE2287_at","GENE2287",0,"Other",45,43,8.24523688888889,8.27412604651163,0.028889157622741,1.02022627216983,0.250690078190596,-7.02975585999138,0.802590587135746,0.999330380285523
"PROBE2288_at","GENE2288",2,"Microenvironment",45,43,7.959162,7.98818604651163,0.0290240465116272,1.02032166559535,0.24742815459598,-7.03057030202122,0.805106377559744,0.999330380285523
"PROBE2289_at","GENE2289",2,"Microenvironment",45,43,8.40633822222222,8.39502186046512,-0.0113163617571033,0.992186778893164,-0.108912899512371,-7.05531794050096,0.913499369774209,0.999330380285523
"PROBE2290_at","GENE2290",1,"PlasmaCells",45,43,8.51249488888889,8.46223069767442,-0.0502641912144632,0.965759459579472,-0.471699449880407,-6.94979666962778,0.638213851496563,0.999330380285523
"PROBE2291_at","GENE2291",1,"PlasmaCells",45,43,8.025908,8.16957023255814,0.143662232558137,1.10470581797811,1.27704397670698,-6.25020959339669,0.204673167889267,0.999330380285523
"PROBE2292_at","GENE2292",1,"PlasmaCells",45,43,6.73762844444444,6.6866111627907,-0.0510172816537473,0.965255462268356,-0.440980497213164,-6.96382839715398,0.660220665193279,0.999330380285523
"PROBE2293_at","GENE2293",2,"Microenvironment",45,43,8.31702488888889,8.29418720930233,-0.0228376795865657,0.984294760713999,-0.209926252192695,-7.03916841135146,0.8341710236784,0.999330380285523
"PROBE2294_at","GENE2294",0,"Other",45,43,8.07396533333333,7.72905441860465,-0.344910914728686,0.787356593711583,-3.07331910271086,-2.5445518848642,0.00275703139267663,0.0451972359455185
"PROBE2295_at","GENE2295",2,"Microenvironment",45,43,9.92772511111111,9.98451651162791,0.0567914005167953,1.04014986023091,0.505565523275559,-6.93323804844998,0.614322902140844,0.999330380285523
"PROBE2296_at","GENE2296",1,"PlasmaCells",45,43,7.35664955555556,7.30393255813954,-0.0527169974160211,0.96411891311386,-0.441989044231468,-6.96338264860113,0.659493252822319,0.999330380285523
"PROBE2297_at","GENE2297",2,"Microenvironment",45,43,7.87202711111111,8.02284162790698,0.150814516795867,1.11019608969446,1.21616693499517,-6.32511387820717,0.226909344140671,0.999330380285523
"PROBE2298_at","GENE2298",0,"Other",45,43,8.57645488888889,8.71956,0.14310511111111,1.10427929922855,1.259955325052,-6.2715930855435,0.210746026204316,0.999330380285523
"PROBE2299_at","GENE2299",0,"Other",45,43,7.58260222222222,7.50680046511628,-0.0758017571059399,0.948814684235051,-0.610413933852453,-6.87474242222994,0.543032979731086,0.999330380285523
"PROBE2300_at","GENE2300",0,"Other",45,43,5.39160466666667,5.48159465116279,0.0899899844961238,1.06436279338888,0.811809474615351,-6.73185098368825,0.418913436194713,0.999330380285523
"PROBE2301_at","GENE2301",0,"Other",45,43,7.69691311111111,7.77881488372093,0.0819017726098217,1.05841232931917,0.733953861637667,-6.79183619907552,0.464769305481166,0.999330380285523
"PROBE2302_at","GENE2302",0,"Other",45,43,8.41807977777778,8.40872023255814,-0.00935954521964,0.993533456288295,-0.0764240489513209,-7.05833784382801,0.939241109206826,0.999330380285523
"PROBE2303_at","GENE2303",2,"Microenvironment",45,43,8.20561111111111,8.35378581395349,0.148174702842377,1.10816653292563,1.23173492148001,-6.30629577147751,0.221062914735016,0.999330380285523
"PROBE2304_at","GENE2304",0,"Other",45,43,7.08232488888889,7.18032511627907,0.0980002273901821,1.07028886712004,0.848897003085791,-6.7011805846071,0.398054783458955,0.999330380285523
"PROBE2305_at","GENE2305",2,"Microenvironment",45,43,8.09464155555556,8.12177395348837,0.0271323979328191,1.01898470583003,0.224681343759701,-7.03595356278931,0.822705694204379,0.999330380285523
"PROBE2306_at","GENE2306",2,"Microenvironment",45,43,8.55375155555556,8.47396511627907,-0.0797864392764911,0.946197701071438,-0.736140818516441,-6.79023272259465,0.463443646255483,0.999330380285523
"PROBE2307_at","GENE2307",1,"PlasmaCells",45,43,8.36840777777778,8.2271276744186,-0.141280103359174,0.906714270679468,-1.29012481629576,-6.23365312108601,0.200112651805651,0.999330380285523
"PROBE2308_at","GENE2308",1,"PlasmaCells",45,43,8.78115688888889,8.69376348837209,-0.0873934005167953,0.941221772994886,-0.75675022916899,-6.77489031142443,0.45105653645546,0.999330380285523
"PROBE2309_at","GENE2309",1,"PlasmaCells",45,43,8.92348622222222,8.95512372093023,0.0316374987080099,1.02217166059027,0.256861300343864,-7.02818587936142,0.797836672738618,0.999330380285523
"PROBE2310_at","GENE2310",2,"Microenvironment",45,43,9.83564911111111,9.77884093023256,-0.0568081808785514,0.961388745065266,-0.472136129046272,-6.94959042614142,0.637903280350647,0.999330380285523
"PROBE2311_at","GENE2311",0,"Other",45,43,9.48985711111111,9.55177441860465,0.0619173074935375,1.04385209411152,0.555681334335581,-6.90664049219181,0.579724088972193,0.999330380285523
"PROBE2312_at","GENE2312",0,"Other",45,43,7.81253155555556,7.7750088372093,-0.037522718346251,0.974326548207145,-0.340626643914614,-7.00310658446027,0.734130477744725,0.999330380285523
"PROBE2313_at","GENE2313",0,"Other",45,43,8.90218377777778,9.07079186046512,0.168608082687335,1.12397354771631,1.58398200679709,-5.81912597098774,0.116493427477164,0.868580800841892
"PROBE2314_at","GENE2314",2,"Microenvironment",45,43,8.65434355555556,8.48416953488372,-0.170174020671833,0.888735473705671,-1.42621439599325,-6.05177395367931,0.157057012342678,0.959126792932384
"PROBE2315_at","GENE2315",0,"Other",45,43,9.79479533333333,9.82150604651163,0.0267107131782982,1.01868691072263,0.271399514856858,-7.02433661351964,0.786667719518818,0.999330380285523
"PROBE2316_at","GENE2316",1,"PlasmaCells",45,43,10.4897444444444,10.5639211627907,0.0741767183462532,1.0527601013163,0.66049159115542,-6.84295526501803,0.510523433051068,0.999330380285523
"PROBE2317_at","GENE2317",1,"PlasmaCells",45,43,6.93799311111111,6.90139837209302,-0.0365947390180876,0.974953462225995,-0.288590873101002,-7.01951192013084,0.773517966426799,0.999330380285523
"PROBE2318_at","GENE2318",2,"Microenvironment",45,43,8.75399688888889,8.67554139534884,-0.078455493540055,0.947071010284117,-0.749809015464256,-6.78010436464514,0.455207099974443,0.999330380285523
"PROBE2319_at","GENE2319",2,"Microenvironment",45,43,8.20165044444444,8.30299418604651,0.101343741602069,1.07277218885034,0.881883369810232,-6.67276829999512,0.380047154891334,0.999330380285523
"PROBE2320_at","GENE2320",0,"Other",45,43,9.172196,9.05783279069767,-0.114363209302326,0.923789972111142,-1.06920748097841,-6.491281456413,0.287662751096249,0.999330380285523
"PROBE2321_at","GENE2321",2,"Microenvironment",45,43,8.87930777777778,8.93199,0.0526822222222183,1.03719145259095,0.485533530568582,-6.94317053644011,0.628406483436797,0.999330380285523
"PROBE2322_at","GENE2322",0,"Other",45,43,7.918744,7.92491790697674,0.00617390697674125,1.00428859603418,0.0523346368189559,-7.05989352375767,0.958371024306326,0.999330380285523
"PROBE2323_at","GENE2323",2,"Microenvironment",45,43,11.184414,11.203058372093,0.0186443720930214,1.01300716060123,0.154636848264519,-7.04927481283124,0.877432928400564,0.999330380285523
"PROBE2324_at","GENE2324",0,"Other",45,43,7.87236466666667,7.62845976744186,-0.24390489922481,0.844456551180496,-1.99675079022719,-5.1022596783611,0.0486897056848728,0.529235931357313
"PROBE2325_at","GENE2325",0,"Other",45,43,8.88963155555555,8.81453604651163,-0.075095509043928,0.949279274850308,-0.701969451839828,-6.81474794802069,0.484400129653224,0.999330380285523
"PROBE2326_at","GENE2326",1,"PlasmaCells",45,43,8.00749688888889,8.02079697674419,0.0133000878553027,1.00926154351144,0.116444500460045,-7.05446672761136,0.907544017347303,0.999330380285523
"PROBE2327_at","GENE2327",1,"PlasmaCells",45,43,9.09336844444444,9.12088418604651,0.0275157416020679,1.01925549988301,0.267777189849335,-7.0253154810108,0.789446495244977,0.999330380285523
"PROBE2328_at","GENE2328",1,"PlasmaCells",45,43,8.31667422222222,8.28499697674419,-0.0316772454780345,0.978282306751176,-0.273180627111949,-7.02385048422156,0.785302392873478,0.999330380285523
"PROBE2329_at","GENE2329",1,"PlasmaCells",45,43,7.24191844444444,6.99550558139535,-0.246412863049096,0.84298983323186,-2.06203918951329,-4.97486501067076,0.0419115344222777,0.476267436616792
"PROBE2330_at","GENE2330",0,"Other",45,43,9.14059355555556,9.04540069767442,-0.0951928578811359,0.936147095958819,-0.856270533402865,-6.69492204380311,0.393984803052068,0.999330380285523
"PROBE2331_at","GENE2331",2,"Microenvironment",45,43,9.35089355555556,9.39796279069767,0.0470692351421125,1.03316396818158,0.451688370264567,-6.95904405837938,0.652514411108397,0.999330380285523
"PROBE2332_at","GENE2332",0,"Other",45,43,8.81017977777778,8.78604279069767,-0.0241369870801034,0.983408692765855,-0.223739798910454,-7.036165220806,0.823436194949193,0.999330380285523
"PROBE2333_at","GENE2333",1,"PlasmaCells",45,43,8.49109911111111,8.36319069767442,-0.127908413436691,0.915157263183263,-1.1792863295761,-6.36876743283507,0.241204518572395,0.999330380285523
"PROBE2334_at","GENE2334",2,"Microenvironment",45,43,8.857472,8.65767046511628,-0.199801534883719,0.870670329288444,-1.78637560215433,-5.48693558539388,0.077201799961273,0.701834545102481
"PROBE2335_at","GENE2335",0,"Other",45,43,9.94165466666667,9.98034418604651,0.0386895193798438,1.02718035737276,0.335699205673343,-7.00477610755683,0.737831755412955,0.999330380285523
"PROBE2336_at","GENE2336",1,"PlasmaCells",45,43,6.68504933333333,6.57174627906977,-0.113303054263564,0.92446906262747,-0.993323069207306,-6.56891589158116,0.323054781702959,0.999330380285523
"PROBE2337_at","GENE2337",1,"PlasmaCells",45,43,8.29455155555556,8.40365186046512,0.10910030490956,1.078555416802,0.911422955896286,-6.64642080500114,0.364360200677064,0.999330380285523
"PROBE2338_at","GENE2338",1,"PlasmaCells",45,43,8.94596133333333,8.80543860465116,-0.140522728682168,0.907190395359346,-1.18784331335294,-6.35875522657819,0.237831700197689,0.999330380285523
"PROBE2339_at","GENE2339",1,"PlasmaCells",45,43,8.09303888888889,8.04083674418605,-0.0522021447028447,0.964463038383453,-0.477149724171743,-6.94720889692151,0.634342190899609,0.999330380285523
"PROBE2340_at","GENE2340",0,"Other",45,43,5.93754577777778,5.89291813953488,-0.0446276382428943,0.969540024380843,-0.381629793505384,-6.98827290887612,0.703581101578748,0.999330380285523
"PROBE2341_at","GENE2341",0,"Other",45,43,8.99499288888889,9.02243,0.0274371111111122,1.01919994942079,0.268643261602889,-7.02508263544666,0.788781861078741,0.999330380285523
"PROBE2342_at","GENE2342",1,"PlasmaCells",45,43,8.40162288888889,8.30094325581395,-0.100679633074936,0.932593556504405,-0.973269125418471,-6.5884979406143,0.332870564398625,0.999330380285523
"PROBE2343_at","GENE2343",1,"PlasmaCells",45,43,8.15974466666667,8.18453767441861,0.0247930077519403,1.01733371856372,0.216603761013461,-7.03774052547318,0.828977722849668,0.999330380285523
"PROBE2344_at","GENE2344",0,"Other",45,43,7.66097577777778,7.73545627906977,0.0744805012919905,1.05298180044792,0.742556641311874,-6.78550142876379,0.459566965075671,0.999330380285523
"PROBE2345_at","GENE2345",1,"PlasmaCells",45,43,10.2880137777778,10.34046,0.0524462222222226,1.03702179985333,0.425564495073415,-6.97051558333001,0.671379680746276,0.999330380285523
"PROBE2346_at","GENE2346",0,"Other",45,43,6.85743488888889,7.04697162790698,0.189536739018088,1.14039746626955,1.68363392375689,-5.66026365583812,0.0955082806608695,0.783261370388597
"PROBE2347_at","GENE2347",0,"Other",45,43,9.46190266666667,9.45080837209302,-0.0110942945736454,0.992339513237856,-0.097517412522847,-7.05649770322279,0.92251923327555,0.999330380285523
"PROBE2348_at","GENE2348",1,"PlasmaCells",45,43,8.01875155555556,8.16126627906977,0.142514723514209,1.10382749243387,1.50703602557593,-5.93549703344408,0.135091854951956,0.932832559266353
"PROBE2349_at","GENE2349",0,"Other",45,43,7.42177444444444,7.35822255813954,-0.0635518863049089,0.956905335101168,-0.612071104932946,-6.87373027100367,0.541940642562381,0.999330380285523
"PROBE2350_at","GENE2350",1,"PlasmaCells",45,43,7.28209933333333,7.3446876744186,0.0625883410852746,1.04433772879249,0.485134680338869,-6.94336424266568,0.628688319988236,0.999330380285523
"PROBE2351_at","GENE2351",2,"Microenvironment",45,43,9.90339133333333,10.0492427906977,0.145851457364344,1.10638343187726,1.23905020520517,-6.2973732141874,0.218353911256156,0.999330380285523
"PROBE2352_at","GENE2352",1,"PlasmaCells",45,43,8.32792733333333,8.35572930232558,0.0278019689922484,1.01945773789968,0.243467674342805,-7.03154484117356,0.808163691331174,0.999330380285523
"PROBE2353_at","GENE2353",2,"Microenvironment",45,43,7.97398466666667,7.88226906976744,-0.0917155968992214,0.938406169285972,-0.859460174876839,-6.69219820960276,0.392232166825882,0.999330380285523
"PROBE2354_at","GENE2354",0,"Other",45,43,9.11243266666667,9.14897139534884,0.0365387286821672,1.02565016289506,0.342669220028392,-7.0024074004069,0.732598015254903,0.999330380285523
"PROBE2355_at","GENE2355",0,"Other",45,43,8.29692866666667,8.29531534883721,-0.00161331782945418,0.998882358322374,-0.0147508742808288,-7.06115814169248,0.98826160720355,0.999330380285523
"PROBE2356_at","GENE2356",1,"PlasmaCells",45,43,7.20176244444444,7.21930976744186,0.0175473229974132,1.01223714605728,0.176258293165717,-7.04568735582226,0.860463076006637,0.999330380285523
"PROBE2357_at","GENE2357",2,"Microenvironment",45,43,11.210188,11.0062751162791,-0.203912883720927,0.86819265131337,-1.7454496016739,-5.55713292830864,0.0841127607434077,0.737831234591295
"PROBE2358_at","GENE2358",1,"PlasmaCells",45,43,7.63085333333333,7.66345558139535,0.0326022480620223,1.02285542896617,0.311821692970805,-7.01252252660192,0.755853632361327,0.999330380285523
"PROBE2359_at","GENE2359",2,"Microenvironment",45,43,9.12679288888889,9.0440611627907,-0.0827317260981939,0.944267992573549,-0.691002152172355,-6.82237171518449,0.491235120923907,0.999330380285523
"PROBE2360_at","GENE2360",0,"Other",45,43,7.95178888888889,7.97043534883721,0.0186464599483225,1.01300862661715,0.175534124168017,-7.04581509445325,0.861030436715223,0.999330380285523
"PROBE2361_at","GENE2361",0,"Other",45,43,9.45027222222222,9.51092790697674,0.0606556847545274,1.0429396546564,0.553138021272626,-6.90805041889215,0.581457386989218,0.999330380285523
"PROBE2362_at","GENE2362",0,"Other",45,43,9.50667711111111,9.57671837209302,0.0700412609819132,1.0497467058795,0.614751134309723,-6.87208762637596,0.540176440088345,0.999330380285523
"PROBE2363_at","GENE2363",2,"Microenvironment",45,43,9.36417222222222,9.46087372093023,0.0967014987080113,1.06932581578519,0.848637626694937,-6.7013997687515,0.398198418877618,0.999330380285523
"PROBE2364_at","GENE2364",0,"Other",45,43,8.48370733333333,8.37310418604651,-0.11060314728682,0.926200764330721,-0.851009873409354,-6.69939266129727,0.396885916363459,0.999330380285523
"PROBE2365_at","GENE2365",2,"Microenvironment",45,43,8.04301088888889,8.03037813953488,-0.0126327493540046,0.991281870622909,-0.106545693776513,-7.05557373071751,0.915372191411323,0.999330380285523
"PROBE2366_at","GENE2366",0,"Other",45,43,6.84855733333333,6.77911046511628,-0.0694468682170548,0.953003311132363,-0.621251710646357,-6.86807371288079,0.535909417058954,0.999330380285523
"PROBE2367_at","GENE2367",2,"Microenvironment",45,43,9.19058688888889,9.09355604651163,-0.0970308423772597,0.934955209778446,-0.894262800938096,-6.66183049977352,0.373422406436409,0.999330380285523
"PROBE2368_at","GENE2368",2,"Microenvironment",45,43,10.284738,10.3211165116279,0.0363785116279089,1.02553626666688,0.329956713477956,-7.00669116489874,0.742153063846802,0.999330380285523
"PROBE2369_at","GENE2369",2,"Microenvironment",45,43,9.47529466666667,9.37616930232558,-0.0991253643410879,0.933598815444206,-0.84221678053797,-6.70680462474855,0.401764207160223,0.999330380285523
"PROBE2370_at","GENE2370",0,"Other",45,43,8.57728955555556,8.52988046511628,-0.0474090904392774,0.96767259485731,-0.435253701877441,-6.96634024537472,0.664357273220226,0.999330380285523
"PROBE2371_at","GENE2371",2,"Microenvironment",45,43,7.57091022222222,7.57906023255814,0.00815001033591667,1.00566514326088,0.0731027779412069,-7.05858692161403,0.941876739627883,0.999330380285523
"PROBE2372_at","GENE2372",1,"PlasmaCells",45,43,6.25298,6.19125744186046,-0.0617225581395333,0.95811945458467,-0.525093232726836,-6.92317123536017,0.600731472002605,0.999330380285523
"PROBE2373_at","GENE2373",2,"Microenvironment",45,43,9.35006022222222,9.24385488372093,-0.106205338501292,0.929028436405894,-0.959143456780864,-6.60205619447728,0.33990084106073,0.999330380285523
"PROBE2374_at","GENE2374",2,"Microenvironment",45,43,10.061484,10.0452697674419,-0.0162142325581378,0.988824070350865,-0.147553208411157,-7.05034823227698,0.883005476302641,0.999330380285523
"PROBE2375_at","GENE2375",2,"Microenvironment",45,43,7.74415955555556,7.79349744186047,0.049337886304909,1.03478990604844,0.447134538599704,-6.96109270464121,0.655787177113621,0.999330380285523
"PROBE2376_at","GENE2376",0,"Other",45,43,6.79400222222222,6.69329162790698,-0.100710594315247,0.932573542611955,-0.879406435021849,-6.67493877934943,0.381381423248184,0.999330380285523
"PROBE2377_at","GENE2377",1,"PlasmaCells",45,43,8.14188133333333,8.12334744186047,-0.0185338914728668,0.987235452184843,-0.146978030149654,-7.05043318394598,0.883458218863699,0.999330380285523
"PROBE2378_at","GENE2378",0,"Other",45,43,7.86827711111111,7.80619162790698,-0.062085483204136,0.957878459903355,-0.540927445401014,-6.91473004559569,0.589813127339853,0.999330380285523
"PROBE2379_at","GENE2379",0,"Other",45,43,8.16773444444445,8.01358279069767,-0.154151653746766,0.898660655905185,-1.3151455310017,-6.20153067223816,0.191600111911106,0.999330380285523
"PROBE2380_at","GENE2380",1,"PlasmaCells",45,43,9.029924,9.12811697674419,0.0981929767441851,1.07043187119475,0.76515430078792,-6.76851387219257,0.446060481398927,0.999330380285523
"PROBE2381_at","GENE2381",1,"PlasmaCells",45,43,8.25556088888889,8.15543558139535,-0.100125307493538,0.932951955042655,-0.873697495500434,-6.67991851075515,0.384467803165392,0.999330380285523
"PROBE2382_at","GENE2382",0,"Other",45,43,10.6529302222222,10.6299653488372,-0.0229648733850141,0.984207985153592,-0.20773696258179,-7.03962683547217,0.835875312998383,0.999330380285523
"PROBE2383_at","GENE2383",2,"Microenvironment",45,43,9.366088,9.29376139534884,-0.0723266046511633,0.951102936431025,-0.645479253041494,-6.85274511681518,0.520159605100826,0.999330380285523
"PROBE2384_at","GENE2384",0,"Other",45,43,8.50223644444444,8.5452511627907,0.0430147183462513,1.03026446430413,0.41788209370097,-6.97375957939343,0.676968450442054,0.999330380285523
"PROBE2385_at","GENE2385",2,"Microenvironment",45,43,8.47128955555556,8.48226837209302,0.0109788165374702,1.00763896487967,0.100600893755161,-7.05619132478194,0.920077518157201,0.999330380285523
"PROBE2386_at","GENE2386",1,"PlasmaCells",45,43,8.16229933333333,8.22068325581395,0.0583839224806173,1.04129866578708,0.565213274961337,-6.90129913903198,0.573249956424898,0.999330380285523
"PROBE2387_at","GENE2387",0,"Other",45,43,8.25758488888889,8.34535488372093,0.0877699948320423,1.06272623313606,0.841065962539466,-6.70776907173193,0.402405359430122,0.999330380285523
"PROBE2388_at","GENE2388",2,"Microenvironment",45,43,10.0914331111111,10.0213130232558,-0.0701200878552957,0.952558705130541,-0.659017770920557,-6.84392624694993,0.511465240160721,0.999330380285523
"PROBE2389_at","GENE2389",1,"PlasmaCells",45,43,9.74310733333333,9.62309534883721,-0.120011984496122,0.920180006639686,-1.09584253105068,-6.46270953487033,0.275894816085352,0.999330380285523
"PROBE2390_at","GENE2390",2,"Microenvironment",45,43,8.003522,7.96937255813953,-0.034149441860464,0.976607361649582,-0.307686407644774,-7.01380619155286,0.758988868815636,0.999330380285523
"PROBE2391_at","GENE2391",0,"Other",45,43,8.27027533333333,8.44982372093023,0.179548387596897,1.13252930977578,1.60033764594529,-5.79368134402325,0.112816331680491,0.853053547678568
"PROBE2392_at","GENE2392",2,"Microenvironment",45,43,9.310768,9.27223209302326,-0.0385359069767457,0.973642529760663,-0.346948136776837,-7.0009291888831,0.729391231064813,0.999330380285523
"PROBE2393_at","GENE2393",1,"PlasmaCells",45,43,7.03620688888889,6.92147627906977,-0.114730609819119,0.923554747277864,-1.06161725893706,-6.49929799296159,0.291078358301692,0.999330380285523
"PROBE2394_at","GENE2394",2,"Microenvironment",45,43,7.24137377777778,7.15754162790698,-0.0838321498707995,0.943548021456802,-0.795944479702218,-6.74455835259942,0.42803211749216,0.999330380285523
"PROBE2395_at","GENE2395",1,"PlasmaCells",45,43,8.29367666666667,8.23002813953488,-0.0636485271317788,0.956841237684214,-0.58321381359309,-6.89096622615219,0.561119777491005,0.999330380285523
"PROBE2396_at","GENE2396",2,"Microenvironment",45,43,9.09863177777778,9.11195395348837,0.0133221757105897,1.00927699555982,0.138489354167583,-7.05164836351203,0.890144364544328,0.999330380285523
"PROBE2397_at","GENE2397",2,"Microenvironment",45,43,9.51841311111111,9.58164255813954,0.0632294470284265,1.04480191553399,0.576614330227937,-6.89479189876637,0.565552356403356,0.999330380285523
"PROBE2398_at","GENE2398",2,"Microenvironment",45,43,6.90597044444444,6.81757488372093,-0.0883955607235176,0.94056818547829,-0.784507586217705,-6.75356543970952,0.43467786867312,0.999330380285523
"PROBE2399_at","GENE2399",0,"Other",45,43,7.69283888888889,7.52700069767442,-0.165838191214474,0.891410468484975,-1.41466645020538,-6.06788699047278,0.160408292542335,0.969471743434338
"PROBE2400_at","GENE2400",1,"PlasmaCells",45,43,9.06042688888889,9.02506744186046,-0.0353594470284229,0.975788613052737,-0.324152444166104,-7.00859332351729,0.746529265807147,0.999330380285523
"PROBE2401_at","GENE2401",1,"PlasmaCells",45,43,8.88796377777778,8.89934837209302,0.0113845943152437,1.0079224170265,0.100362460423328,-7.05621535594769,0.920266299272243,0.999330380285523
"PROBE2402_at","GENE2402",2,"Microenvironment",45,43,9.09340955555555,9.09792093023256,0.00451137467700136,1.0031319409484,0.0377935812447873,-7.06055085504366,0.969930903388186,0.999330380285523
"PROBE2403_at","GENE2403",1,"PlasmaCells",45,43,7.810108,7.84254069767442,0.0324326976744214,1.02273522660937,0.329131718112536,-7.00696358347875,0.742774567342199,0.999330380285523
"PROBE2404_at","GENE2404",2,"Microenvironment",45,43,8.93431066666667,8.98460860465116,0.0502979379845012,1.03547874352433,0.473395407706457,-6.94899460537392,0.637008028765141,0.999330380285523
"PROBE2405_at","GENE2405",0,"Other",45,43,10.4425417777778,10.6007530232558,0.158211245478032,1.11590270553235,1.44784983587812,-6.0212479821086,0.150923730886994,0.950935725171886
"PROBE2406_at","GENE2406",0,"Other",45,43,7.80721933333333,7.77107511627907,-0.0361442170542636,0.975257966314044,-0.337088283744111,-7.00430791415886,0.736787710857232,0.999330380285523
"PROBE2407_at","GENE2407",0,"Other",45,43,8.92545377777778,8.90218906976744,-0.0232647080103341,0.984003458929394,-0.194392685760728,-7.0423172146066,0.846280031339599,0.999330380285523
"PROBE2408_at","GENE2408",2,"Microenvironment",45,43,9.23080555555556,9.09839325581395,-0.132412299741603,0.912304728822016,-1.34303746815825,-6.16502105913645,0.182432939203598,0.999330380285523
"PROBE2409_at","GENE2409",0,"Other",45,43,8.30385066666667,8.35533720930233,0.0514865426356614,1.03633220316704,0.459848334628516,-6.9553214099392,0.646666971483774,0.999330380285523
"PROBE2410_at","GENE2410",1,"PlasmaCells",45,43,10.2028968888889,10.1859076744186,-0.0169892144702875,0.988293039911866,-0.148163069898781,-7.05025779578027,0.882525475782454,0.999330380285523
"PROBE2411_at","GENE2411",2,"Microenvironment",45,43,8.44228177777778,8.27657186046512,-0.165709917312663,0.891489729714248,-1.56748756902828,-5.84453535256891,0.120297950187749,0.882920735322926
"PROBE2412_at","GENE2412",2,"Microenvironment",45,43,7.57785844444444,7.53825139534884,-0.0396070490956104,0.972919908257335,-0.327902168687101,-7.00736832556834,0.743701154341565,0.999330380285523
"PROBE2413_at","GENE2413",1,"PlasmaCells",45,43,8.05125333333333,8.0193623255814,-0.0318910077519359,0.978137366654526,-0.298226820810889,-7.01667829931806,0.766175886660768,0.999330380285523
"PROBE2414_at","GENE2414",0,"Other",45,43,8.52526666666667,8.5305323255814,0.00526565891473041,1.00365654554134,0.0480583719499586,-7.06010884835313,0.961769766370764,0.999330380285523
"PROBE2415_at","GENE2415",0,"Other",45,43,7.74306888888889,7.66088976744186,-0.0821791214470275,0.944629750823294,-0.718747308662812,-6.8028551839958,0.474046010217221,0.999330380285523
"PROBE2416_at","GENE2416",0,"Other",45,43,8.07611755555556,8.06337558139535,-0.0127419741602086,0.991206824636994,-0.125102894238296,-7.05341788551621,0.900704230237772,0.999330380285523
"PROBE2417_at","GENE2417",1,"PlasmaCells",45,43,8.41773222222222,8.35372465116279,-0.0640075710594274,0.956603137960797,-0.544254149943699,-6.91292490275207,0.587531086287533,0.999330380285523
"PROBE2418_at","GENE2418",2,"Microenvironment",45,43,10.1292155555556,10.2389002325581,0.109684677002587,1.07899238049466,1.10576477386615,-6.45189050318932,0.271597416997435,0.999330380285523
"PROBE2419_at","GENE2419",1,"PlasmaCells",45,43,7.25385066666667,7.22940372093023,-0.0244469457364307,0.983197433084261,-0.238516502011382,-7.032741065971,0.811989958884395,0.999330380285523
"PROBE2420_at","GENE2420",2,"Microenvironment",45,43,10.4038833333333,10.3834276744186,-0.0204556589147256,0.985921263231115,-0.194340438802758,-7.04232739764073,0.84632082384113,0.999330380285523
"PROBE2421_at","GENE2421",1,"PlasmaCells",45,43,9.11501422222222,9.03748767441861,-0.0775265478036093,0.947681022002227,-0.730926304897172,-6.79404821793843,0.466608038797177,0.999330380285523
"PROBE2422_at","GENE2422",0,"Other",45,43,7.00950355555556,7.21606860465116,0.206565049095606,1.15393747023882,1.8036568043385,-5.45683757352288,0.0744281523465613,0.692986898379596
"PROBE2423_at","GENE2423",2,"Microenvironment",45,43,9.19410111111111,9.04643372093023,-0.147667390180874,0.902708820788341,-1.28481424148816,-6.24039438865495,0.201954965800102,0.999330380285523
"PROBE2424_at","GENE2424",1,"PlasmaCells",45,43,9.65587177777778,9.61542581395349,-0.0404459638242862,0.97235432817422,-0.39565393992312,-6.98281402580214,0.693240031533778,0.999330380285523
"PROBE2425_at","GENE2425",2,"Microenvironment",45,43,9.06334911111111,8.9404288372093,-0.122920273901808,0.918326909407085,-1.16993525533938,-6.37962837612918,0.24492929763612,0.999330380285523
"PROBE2426_at","GENE2426",0,"Other",45,43,9.08219177777778,9.16564395348837,0.0834521757105939,1.0595503715005,0.771690238930917,-6.76350676226888,0.442197219528849,0.999330380285523
"PROBE2427_at","GENE2427",1,"PlasmaCells",45,43,8.25648,8.21630139534884,-0.0401786046511621,0.972534540853829,-0.339721417343747,-7.00341511453561,0.734809977307182,0.999330380285523
"PROBE2428_at","GENE2428",2,"Microenvironment",45,43,9.85028622222222,9.73991302325581,-0.110373198966411,0.926348401411381,-0.989132884553,-6.5730398129243,0.325089745171376,0.999330380285523
"PROBE2429_at","GENE2429",1,"PlasmaCells",45,43,9.41196333333333,9.27471604651163,-0.137247286821705,0.909252386979937,-1.19808294210242,-6.3466818785895,0.233840281949442,0.999330380285523
"PROBE2430_at","GENE2430",1,"PlasmaCells",45,43,8.19143466666667,8.31743418604651,0.125999519379848,1.0912635135108,1.12109308848633,-6.43499000925253,0.265050533019859,0.999330380285523
"PROBE2431_at","GENE2431",0,"Other",45,43,9.24736022222222,9.35327720930233,0.105916987080104,1.07617819952419,0.809754053102206,-6.73351126123851,0.420088238610469,0.999330380285523
"PROBE2432_at","GENE2432",2,"Microenvironment",45,43,8.40694333333333,8.45100441860465,0.0440610852713217,1.03101197203471,0.472325578652725,-6.94950089004823,0.637768561726641,0.999330380285523
"PROBE2433_at","GENE2433",0,"Other",45,43,9.17342555555556,9.11813813953488,-0.0552874160206667,0.962402692593492,-0.446055036162626,-6.96157531280465,0.656563986529318,0.999330380285523
"PROBE2434_at","GENE2434",0,"Other",45,43,8.28183355555556,8.31272279069768,0.0308892351421157,1.02164164178795,0.270914301831357,-7.02446849524991,0.787039779353313,0.999330380285523
"PROBE2435_at","GENE2435",1,"PlasmaCells",45,43,9.26753377777778,8.94784302325581,-0.319690754521959,0.801241607430377,-3.08995013395455,-2.49780958069932,0.00262056636650586,0.0431368949219072
"PROBE2436_at","GENE2436",2,"Microenvironment",45,43,9.39489688888889,9.56198,0.167083111111108,1.12278610193317,1.48083559538534,-5.97386179426941,0.14193175870629,0.948653015411418
"PROBE2437_at","GENE2437",0,"Other",45,43,9.22569088888889,9.13753395348837,-0.0881569354005158,0.940723770645961,-0.747041232761988,-6.78217020763787,0.456868193634977,0.999330380285523
"PROBE2438_at","GENE2438",1,"PlasmaCells",45,43,9.09417844444445,9.06039720930232,-0.0337812351421221,0.976856644605041,-0.301587146097741,-7.01566829205078,0.763620467301532,0.999330380285523
"PROBE2439_at","GENE2439",1,"PlasmaCells",45,43,8.25148111111111,8.20417139534884,-0.0473097157622675,0.967739251677221,-0.43264189228686,-6.96747496123509,0.666247312313228,0.999330380285523
"PROBE2440_at","GENE2440",1,"PlasmaCells",45,43,8.51751644444444,8.50175906976744,-0.0157573746770012,0.989137250608959,-0.142987963638126,-7.05101337138075,0.886599993668482,0.999330380285523
"PROBE2441_at","GENE2441",0,"Other",45,43,6.498478,6.5620211627907,0.0635431627906966,1.04502913366376,0.59422697059409,-6.88448573063091,0.553760970452748,0.999330380285523
"PROBE2442_at","GENE2442",2,"Microenvironment",45,43,9.41739111111111,9.55155860465116,0.134167493540055,1.09745934266153,1.20945943334005,-6.3331501835708,0.229462522875374,0.999330380285523
"PROBE2443_at","GENE2443",0,"Other",45,43,8.84867755555556,8.82134697674419,-0.0273305788113696,0.981234198312093,-0.266519153124756,-7.02565237004967,0.790412205302483,0.999330380285523
"PROBE2444_at","GENE2444",2,"Microenvironment",45,43,9.61106244444444,9.76262953488372,0.151567090439274,1.11077536823106,1.31715282266793,-6.19892785515712,0.190929095247002,0.999330380285523
"PROBE2445_at","GENE2445",2,"Microenvironment",45,43,9.630502,9.66045953488372,0.0299575348837227,1.02098207309087,0.27029620745909,-7.02463615309895,0.787513803701193,0.999330380285523
"PROBE2446_at","GENE2446",2,"Microenvironment",45,43,10.1317171111111,10.0438790697674,-0.087838041343673,0.940931731697074,-0.778259996403254,-6.75843136021261,0.438333637018429,0.999330380285523
"PROBE2447_at","GENE2447",2,"Microenvironment",45,43,10.0885944444444,10.1060127906977,0.0174183462532369,1.01214665623642,0.162414108735115,-7.04803835868552,0.871321831935436,0.999330380285523
"PROBE2448_at","GENE2448",1,"PlasmaCells",45,43,9.27345266666667,9.23209209302326,-0.0413605736434075,0.971738090540663,-0.389701917592749,-6.98515482749407,0.697621959875822,0.999330380285523
"PROBE2449_at","GENE2449",2,"Microenvironment",45,43,9.11595066666667,9.06970604651163,-0.0462446201550382,0.968453966408753,-0.427214993035008,-6.96981095596672,0.670181373157396,0.999330380285523
"PROBE2450_at","GENE2450",2,"Microenvironment",45,43,9.12163733333333,8.99881697674419,-0.122820356589145,0.91839051254692,-1.02318503907727,-6.53903199168009,0.308797062420899,0.999330380285523
"PROBE2451_at","GENE2451",0,"Other",45,43,8.52803888888889,8.44335511627907,-0.0846837726098162,0.942991209512853,-0.751380642347473,-6.77892795867109,0.454265422566861,0.999330380285523
"PROBE2452_at","GENE2452",1,"PlasmaCells",45,43,9.99758377777778,10.0253618604651,0.0277780826873339,1.01944085915809,0.279931770257022,-7.02197903226772,0.780133369043002,0.999330380285523
"PROBE2453_at","GENE2453",1,"PlasmaCells",45,43,7.55607555555556,7.39282697674419,-0.163248578811373,0.893011971613345,-1.44791898594894,-6.02114971133137,0.15090442955292,0.950935725171886
"PROBE2454_at","GENE2454",2,"Microenvironment",45,43,12.0174157777778,11.9619151162791,-0.0555006614987086,0.96226044988124,-0.463329698443411,-6.95371298718327,0.644178924045347,0.999330380285523
"PROBE2455_at","GENE2455",2,"Microenvironment",45,43,7.47755244444444,7.58337186046512,0.105819416020672,1.07610541886479,1.01180014312118,-6.55052742807902,0.314182207322649,0.999330380285523
"PROBE2456_at","GENE2456",1,"PlasmaCells",45,43,9.10528466666667,8.93051186046512,-0.174772806201551,0.885907019639838,-1.77699306198457,-5.50316331025001,0.0787431951758912,0.710999504974187
"PROBE2457_at","GENE2457",2,"Microenvironment",45,43,9.25421333333333,9.20453348837209,-0.0496798449612399,0.966150708048687,-0.421192345354819,-6.97236900035812,0.674558080414313,0.999330380285523
"PROBE2458_at","GENE2458",2,"Microenvironment",45,43,7.94490266666667,8.09938813953488,0.154485472868215,1.11302459497029,1.35418480365505,-6.15022323347761,0.178862998218376,0.999330380285523
"PROBE2459_at","GENE2459",2,"Microenvironment",45,43,7.12125066666667,7.16411860465116,0.0428679379844956,1.03015965012371,0.38410980982059,-6.98732185758253,0.701748271941934,0.999330380285523
"PROBE2460_at","GENE2460",0,"Other",45,43,9.17424133333333,9.14494302325581,-0.0292983100775182,0.979896778402727,-0.27204387512624,-7.02416111107017,0.786173702550626,0.999330380285523
"PROBE2461_at","GENE2461",1,"PlasmaCells",45,43,5.79540622222222,5.65041069767442,-0.144995524547805,0.904382183083277,-1.34465521946055,-6.16288083580884,0.18191154945682,0.999330380285523
"PROBE2462_at","GENE2462",2,"Microenvironment",45,43,6.57098888888889,6.45625558139535,-0.114733307493539,0.923553020337923,-0.938110216067419,-6.62188417398765,0.350546804245507,0.999330380285523
"PROBE2463_at","GENE2463",0,"Other",45,43,7.78586888888889,7.62720046511628,-0.158668423772609,0.895851541001605,-1.43669019385324,-6.03704834606761,0.154063746270228,0.955931748574201
"PROBE2464_at","GENE2464",1,"PlasmaCells",45,43,8.66366844444445,8.62475976744186,-0.0389086770025813,0.973390988128454,-0.336597379395175,-7.00447359547309,0.7371566230635,0.999330380285523
"PROBE2465_at","GENE2465",1,"PlasmaCells",45,43,6.90482933333333,6.87210139534884,-0.0327279379844976,0.977570098239814,-0.302025402279123,-7.01553573351025,0.763287379614251,0.999330380285523
"PROBE2466_at","GENE2466",1,"PlasmaCells",45,43,7.91787466666667,7.89564023255814,-0.0222344341085261,0.984706417719178,-0.197568815853626,-7.04169304380423,0.843801015860265,0.999330380285523
"PROBE2467_at","GENE2467",2,"Microenvironment",45,43,10.9007046666667,10.9550806976744,0.0543760310077612,1.03840989144612,0.480811919959637,-6.9454534791301,0.631746399179356,0.999330380285523
"PROBE2468_at","GENE2468",1,"PlasmaCells",45,43,8.58241888888889,8.42271953488372,-0.15969935400517,0.895211606359793,-1.45389527256067,-6.01263970843203,0.149243521724003,0.950935725171886
"PROBE2469_at","GENE2469",0,"Other",45,43,9.24264688888889,9.22345720930233,-0.0191896795865638,0.986786798703225,-0.156621132232207,-7.04896510596112,0.875873027789291,0.999330380285523
"PROBE2470_at","GENE2470",2,"Microenvironment",45,43,10.3878793333333,10.353803255814,-0.03407607751938,0.976657025629371,-0.286415375712906,-7.02013880960828,0.775178458391999,0.999330380285523
"PROBE2471_at","GENE2471",1,"PlasmaCells",45,43,8.22809444444444,8.14580279069767,-0.0822916537467702,0.944556071210118,-0.751308764323974,-6.77898181446721,0.45430846563051,0.999330380285523
"PROBE2472_at","GENE2472",2,"Microenvironment",45,43,9.15732133333333,9.28456372093023,0.127242387596905,1.09220403183599,1.22222731288577,-6.31781584965946,0.224620241456674,0.999330380285523
"PROBE2473_at","GENE2473",1,"PlasmaCells",45,43,8.81085066666667,8.82463023255814,0.0137795658914719,1.00959702616923,0.124856938015465,-7.05344871695729,0.900898425058956,0.999330380285523
"PROBE2474_at","GENE2474",2,"Microenvironment",45,43,7.66632,7.7559288372093,0.0896088372093038,1.06408163528151,0.83614069405506,-6.71188202941784,0.405156394789404,0.999330380285523
"PROBE2475_at","GENE2475",0,"Other",45,43,8.70777666666667,8.63577488372093,-0.0720017829457351,0.951317100651723,-0.659572871270124,-6.84356078816654,0.511110409356678,0.999330380285523
"PROBE2476_at","GENE2476",0,"Other",45,43,8.50708911111111,8.4767088372093,-0.0303802739018053,0.979162170341852,-0.260683511979691,-7.02719437613149,0.794896087575661,0.999330380285523
"PROBE2477_at","GENE2477",0,"Other",45,43,8.65756022222222,8.75154930232558,0.0939890801033574,1.06731725938305,0.789495145632321,-6.74965332379246,0.431772284091926,0.999330380285523
"PROBE2478_at","GENE2478",1,"PlasmaCells",45,43,8.41786066666667,8.27379255813953,-0.144068108527131,0.904963739229916,-1.46788017670974,-5.99259475746115,0.145412289586493,0.950935725171886
"PROBE2479_at","GENE2479",0,"Other",45,43,7.72663911111111,7.76272441860465,0.0360853074935408,1.02532786439781,0.350666956899159,-6.9996296090584,0.726608102164691,0.999330380285523
"PROBE2480_at","GENE2480",2,"Microenvironment",45,43,7.09397844444444,7.04405023255814,-0.0499282118863063,0.965984394850286,-0.452213230976027,-6.95880660919344,0.652137636874066,0.999330380285523
"PROBE2481_at","GENE2481",1,"PlasmaCells",45,43,7.63909488888889,7.53207395348837,-0.107020935400514,0.928503378405042,-1.01405599051309,-6.54825967654234,0.313110219680279,0.999330380285523
"PROBE2482_at","GENE2482",2,"Microenvironment",45,43,9.10192155555556,9.21314279069767,0.111221235142114,1.08014218533345,1.00214209882209,-6.56018054624856,0.318799438071517,0.999330380285523
"PROBE2483_at","GENE2483",1,"PlasmaCells",45,43,3.61310888888889,3.69110302325581,0.0779941343669273,1.0555494260323,0.71458414137835,-6.80583211468803,0.476603644371225,0.999330380285523
"PROBE2484_at","GENE2484",0,"Other",45,43,8.77356777777778,8.86987813953488,0.0963103617571104,1.0690359443051,0.891107555659781,-6.66463254413502,0.375103976908918,0.999330380285523
"PROBE2485_at","GENE2485",1,"PlasmaCells",45,43,10.0879511111111,9.96173953488372,-0.126211576227391,0.916234265891742,-1.08368350484718,-6.47583783677221,0.281224920587266,0.999330380285523
"PROBE2486_at","GENE2486",2,"Microenvironment",45,43,9.58761488888889,9.5482076744186,-0.0394072144702768,0.973054681404602,-0.384536895953609,-6.98715745620299,0.701432815922491,0.999330380285523
"PROBE2487_at","GENE2487",0,"Other",45,43,9.30097444444444,9.13787697674419,-0.163097467700259,0.893105512586913,-1.32873354211488,-6.18383663947251,0.187092055447466,0.999330380285523
"PROBE2488_at","GENE2488",0,"Other",45,43,6.515742,6.3890411627907,-0.126700837209301,0.915923596165775,-1.10383728307733,-6.45399964320591,0.272428563356337,0.999330380285523
"PROBE2489_at","GENE2489",2,"Microenvironment",45,43,10.018104,9.97016046511628,-0.0479435348837161,0.967314188231118,-0.437764784684443,-6.96524287698918,0.662542166891057,0.999330380285523
"PROBE2490_at","GENE2490",0,"Other",45,43,8.92135488888889,9.05649046511628,0.135135576227391,1.09819601111721,1.09901011737594,-6.4592659872815,0.274517820348164,0.999330380285523
"PROBE2491_at","GENE2491",2,"Microenvironment",45,43,8.71319866666667,8.81942976744186,0.106231100775194,1.07641253810884,0.962180719860721,-6.5991573396044,0.338381107459566,0.999330380285523
"PROBE2492_at","GENE2492",2,"Microenvironment",45,43,9.25719177777778,9.26278023255814,0.00558845478036041,1.00388113384377,0.0491863634090895,-7.06005383118756,0.960873176432543,0.999330380285523
"PROBE2493_at","GENE2493",2,"Microenvironment",45,43,10.7791366666667,10.8262769767442,0.0471403100775145,1.03321486866233,0.441487025540056,-6.96360465307625,0.659855291900789,0.999330380285523
"PROBE2494_at","GENE2494",0,"Other",45,43,9.98668066666667,9.99441465116279,0.00773398449612372,1.00537518429117,0.0688192963941284,-7.05889182407992,0.945276893210698,0.999330380285523
"PROBE2495_at","GENE2495",2,"Microenvironment",45,43,9.39750422222222,9.48849139534884,0.0909871731266172,1.06509873365314,0.788822375919403,-6.75018245522519,0.432163548861627,0.999330380285523
"PROBE2496_at","GENE2496",0,"Other",45,43,10.1038271111111,10.095718372093,-0.00810873901808939,0.994395216149353,-0.075248208042068,-7.05842729078153,0.940174134664901,0.999330380285523
"PROBE2497_at","GENE2497",1,"PlasmaCells",45,43,8.91707555555556,8.92898604651163,0.0119104909560761,1.00828989568299,0.103940382579967,-7.0558487540243,0.91743394217924,0.999330380285523
"PROBE2498_at","GENE2498",1,"PlasmaCells",45,43,7.923944,8.11685186046512,0.192907860465113,1.14306532977656,1.52341570730585,-5.9111867728239,0.130948943082254,0.918939951454412
"PROBE2499_at","GENE2499",1,"PlasmaCells",45,43,7.22966177777778,7.26626395348837,0.036602175710593,1.02569527006195,0.323189695807271,-7.00890557584904,0.747255949942157,0.999330380285523
"PROBE2500_at","GENE2500",2,"Microenvironment",45,43,10.6090368888889,10.560353255814,-0.0486836330749369,0.966818086239375,-0.408622705567363,-6.97759122746707,0.683728504873044,0.999330380285523
"PROBE2501_at","GENE2501",2,"Microenvironment",45,43,8.65653688888889,8.68828930232558,0.0317524134366938,1.02225308268846,0.288684394104455,-7.01948486504088,0.773446608182457,0.999330380285523
"PROBE2502_at","GENE2502",0,"Other",45,43,9.05599688888889,8.99853255813954,-0.0574643307493599,0.960951596773542,-0.504062810942142,-6.93399699721827,0.615374481394266,0.999330380285523
"PROBE2503_at","GENE2503",1,"PlasmaCells",45,43,7.03490377777778,7.11884813953488,0.0839443617571067,1.05991190658577,0.720160938298423,-6.80184045795688,0.47317929504238,0.999330380285523
"PROBE2504_at","GENE2504",2,"Microenvironment",45,43,8.37605711111111,8.33984488372093,-0.0362122273901786,0.975211992593572,-0.314756743146695,-7.01160105882832,0.753630846086933,0.999330380285523
"PROBE2505_at","GENE2505",2,"Microenvironment",45,43,9.38339622222222,9.57915,0.19575377777778,1.1453224111394,1.63034638490769,-5.7463528403309,0.106311809546041,0.82191752634415
"PROBE2506_at","GENE2506",0,"Other",45,43,9.02959688888889,8.98577255813954,-0.043824330749354,0.970080024601108,-0.384927465527875,-6.98700695197462,0.701144377655744,0.999330380285523
"PROBE2507_at","GENE2507",1,"PlasmaCells",45,43,5.747668,5.81052697674419,0.0628589767441854,1.04453365484256,0.569815767243741,-6.89868776531189,0.570136441802098,0.999330380285523
"PROBE2508_at","GENE2508",2,"Microenvironment",45,43,7.85049022222222,7.88880813953488,0.0383179173126633,1.02691581554022,0.331363888302431,-7.00622493698264,0.74109337439325,0.999330380285523
"PROBE2509_at","GENE2509",2,"Microenvironment",45,43,8.68732644444444,8.65554674418605,-0.0317797002583955,0.978212835284827,-0.296318434345965,-7.01724687074988,0.767628306498938,0.999330380285523
"PROBE2510_at","GENE2510",0,"Other",45,43,11.3718164444444,11.3295955813953,-0.0422208630490974,0.971158808876134,-0.398722170238792,-6.98159354344575,0.69098522799457,0.999330380285523
"PROBE2511_at","GENE2511",0,"Other",45,43,9.53370311111111,9.4184988372093,-0.115204273901808,0.923251576548558,-0.946824792819483,-6.61372130830294,0.34611012878983,0.999330380285523
"PROBE2512_at","GENE2512",0,"Other",45,43,8.68953533333333,8.71388232558139,0.0243469922480628,1.01701925399111,0.238425896824052,-7.03276272786945,0.812060021414502,0.999330380285523
"PROBE2513_at","GENE2513",1,"PlasmaCells",45,43,9.93411244444444,9.98266209302326,0.0485496485788133,1.03422468773415,0.409639456963404,-6.97717466442565,0.682984927261322,0.999330380285523
"PROBE2514_at","GENE2514",1,"PlasmaCells",45,43,8.35962511111111,8.21064790697674,-0.148977204134368,0.901889628928474,-1.29571846208188,-6.22652348945641,0.198185646078379,0.999330380285523
"PROBE2515_at","GENE2515",0,"Other",45,43,7.22155688888889,7.25094302325581,0.0293861343669235,1.02057777824482,0.290824882861123,-7.01886324176999,0.771813908754466,0.999330380285523
"PROBE2516_at","GENE2516",0,"Other",45,43,8.84577111111111,8.83599418604651,-0.00977692506459782,0.99324606300751,-0.096062139463769,-7.05663898895062,0.923671878926146,0.999330380285523
"PROBE2517_at","GENE2517",1,"PlasmaCells",45,43,7.74595777777778,7.7025523255814,-0.043405452196386,0.97036172288195,-0.388726623885596,-6.98553501701445,0.698340961617467,0.999330380285523
"PROBE2518_at","GENE2518",1,"PlasmaCells",45,43,6.52934644444444,6.5451676744186,0.015821229974156,1.01102679277628,0.13993026797895,-7.05144718274259,0.889008848996571,0.999330380285523
"PROBE2519_at","GENE2519",0,"Other",45,43,7.98563822222222,7.9607523255814,-0.0248858966408259,0.982898333314847,-0.219278635998911,-7.03715601392979,0.826899505626793,0.999330380285523
"PROBE2520_at","GENE2520",2,"Microenvironment",45,43,11.3349177777778,11.3380288372093,0.00311105943152512,1.00215874882378,0.0296301367416643,-7.0608269242551,0.976423667991487,0.999330380285523
"PROBE2521_at","GENE2521",2,"Microenvironment",45,43,10.1352357777778,10.13425,-0.00098577777777642,0.999316944301504,-0.00931525341592511,-7.06122375497673,0.99258698092205,0.999330380285523
"PROBE2522_at","GENE2522",0,"Other",45,43,8.61870866666667,8.73650232558139,0.117793658914726,1.08507416833067,1.08017790806275,-6.47959634909988,0.282774754266276,0.999330380285523
"PROBE2523_at","GENE2523",1,"PlasmaCells",45,43,8.75656555555556,8.86311674418605,0.10655118863049,1.07665138609523,0.917928969762667,-6.64050320202978,0.360961210524912,0.999330380285523
"PROBE2524_at","GENE2524",1,"PlasmaCells",45,43,6.97574111111111,6.98425558139535,0.00851447028423813,1.00591923089284,0.0768310869378906,-7.05830655709128,0.938918145725851,0.999330380285523
"PROBE2525_at","GENE2525",0,"Other",45,43,7.97234955555556,7.94967325581395,-0.0226762997415992,0.984404870069014,-0.205906423206033,-7.04000645364231,0.837300928563398,0.999330380285523
"PROBE2526_at","GENE2526",0,"Other",45,43,8.250952,8.10023953488372,-0.150712465116278,0.900805496091339,-1.35087182215783,-6.15463343238877,0.179918427310058,0.999330380285523
"PROBE2527_at","GENE2527",0,"Other",45,43,7.74495666666667,7.62274604651163,-0.122210620155039,0.918778740474779,-1.15495063181354,-6.39685727063704,0.250983229107299,0.999330380285523
"PROBE2528_at","GENE2528",2,"Microenvironment",45,43,9.18945911111111,9.15664651162791,-0.032812599483206,0.977512733295083,-0.275894091359361,-7.02310377993709,0.783223654254926,0.999330380285523
"PROBE2529_at","GENE2529",2,"Microenvironment",45,43,8.22844,8.1689776744186,-0.0594623255813964,0.959621691705993,-0.496573726880933,-6.93774586962822,0.620627186900692,0.999330380285523
"PROBE2530_at","GENE2530",2,"Microenvironment",45,43,8.41078533333333,8.57582325581395,0.16503792248062,1.12119554923099,1.44955934062878,-6.01881724832219,0.150447129861973,0.950935725171886
"PROBE2531_at","GENE2531",1,"PlasmaCells",45,43,5.43385711111111,5.37532302325581,-0.0585340878552953,0.960239316118757,-0.541631280090195,-6.91434904685697,0.589329967364153,0.999330380285523
"PROBE2532_at","GENE2532",1,"PlasmaCells",45,43,9.58143733333333,9.51815418604651,-0.0632831472868229,0.95708359990799,-0.529823547794793,-6.92067562435046,0.597460013662142,0.999330380285523
"PROBE2533_at","GENE2533",2,"Microenvironment",45,43,6.87953933333333,6.83864325581395,-0.0408960775193803,0.972051005767988,-0.371412981347918,-6.99212614138312,0.711150086263521,0.999330380285523
"PROBE2534_at","GENE2534",2,"Microenvironment",45,43,10.5136726666667,10.4915718604651,-0.0221008062015482,0.984797629200443,-0.201143522082946,-7.04097845584771,0.841012785872965,0.999330380285523
"PROBE2535_at","GENE2535",0,"Other",45,43,10.1617364444444,10.0901439534884,-0.0715924909560748,0.951587027209078,-0.614339166803993,-6.87234059278236,0.540447439013024,0.999330380285523
"PROBE2536_at","GENE2536",0,"Other",45,43,8.20925755555556,8.42306604651163,0.213808490956072,1.15974569505804,1.96167339965675,-5.16914844184231,0.0527029726453281,0.56066992175881
"PROBE2537_at","GENE2537",2,"Microenvironment",45,43,8.33525177777778,8.36332697674419,0.028075198966409,1.01965082984352,0.245369179451336,-7.03107890562183,0.806695439851242,0.999330380285523
"PROBE2538_at","GENE2538",1,"PlasmaCells",45,43,7.73194955555556,7.68013651162791,-0.0518130439276501,0.964723193105117,-0.466152098798853,-6.95240014795063,0.642164788305377,0.999330380285523
"PROBE2539_at","GENE2539",1,"PlasmaCells",45,43,8.35345511111111,8.51713790697674,0.163682795865634,1.12014290224761,1.43824827481126,-6.0348493687028,0.153622340231634,0.955931748574201
"PROBE2540_at","GENE2540",1,"PlasmaCells",45,43,8.94712333333333,8.90875976744186,-0.0383635658914763,0.973758845841544,-0.377758530906388,-6.98974520738145,0.706445613200718,0.999330380285523
"PROBE2541_at","GENE2541",0,"Other",45,43,7.89065177777778,7.98149674418605,0.0908449664082749,1.06499375184712,0.779281751004586,-6.75763819630336,0.437734533558879,0.999330380285523
"PROBE2542_at","GENE2542",2,"Microenvironment",45,43,8.27369977777778,8.19163209302326,-0.0820676847545236,0.944702718760169,-0.756767636170153,-6.77487717607755,0.451046155196715,0.999330380285523
"PROBE2543_at","GENE2543",1,"PlasmaCells",45,43,7.00291822222222,7.04202720930233,0.0391089870801018,1.0274790564147,0.330877247026253,-7.00638639583971,0.741459788993074,0.999330380285523
"PROBE2544_at","GENE2544",0,"Other",45,43,6.53466311111111,6.52432744186047,-0.010335669250642,0.992861461277162,-0.0944124148428812,-7.05679658455704,0.924978736253154,0.999330380285523
"PROBE2545_at","GENE2545",2,"Microenvironment",45,43,9.07522977777778,9.19385139534884,0.118621617571058,1.08569706808975,1.12000472904771,-6.43619747332388,0.265511708680604,0.999330380285523
"PROBE2546_at","GENE2546",0,"Other",45,43,9.677948,9.72790255813953,0.0499545581395289,1.0352323156865,0.473953722709968,-6.94872993628829,0.636611281182711,0.999330380285523
"PROBE2547_at","GENE2547",1,"PlasmaCells",45,43,9.69057933333333,9.53650906976744,-0.154070263565888,0.898711355612655,-1.39069928326667,-6.10092771909068,0.167538561072308,0.989347380354554
"PROBE2548_at","GENE2548",0,"Other",45,43,8.60530444444444,8.44487953488372,-0.160424909560724,0.89476150260629,-1.45172261376976,-6.01573737070398,0.149845692159782,0.950935725171886
"PROBE2549_at","GENE2549",0,"Other",45,43,8.54809133333333,8.51268186046512,-0.0354094728682153,0.975754777905929,-0.337617103219405,-7.0041291668973,0.736390374548924,0.999330380285523
"PROBE2550_at","GENE2550",0,"Other",45,43,7.95584955555556,8.02762558139535,0.0717760258397933,1.05100973025332,0.639989769642137,-6.85626921494628,0.52370685091056,0.999330380285523
"PROBE2551_at","GENE2551",1,"PlasmaCells",45,43,7.95786577777778,8.04830325581395,0.090437478036181,1.06469298746098,0.856781748204478,-6.6944861565923,0.393703578454208,0.999330380285523
"PROBE2552_at","GENE2552",2,"Microenvironment",45,43,8.04617333333333,8.00453488372093,-0.0416384496124049,0.971550943116469,-0.369319015376057,-6.99290299995114,0.712704979804031,0.999330380285523
"PROBE2553_at","GENE2553",1,"PlasmaCells",45,43,8.43954955555555,8.36211976744186,-0.0774297881136938,0.947744583873799,-0.726600239490592,-6.79719327388028,0.469242499590301,0.999330380285523
"PROBE2554_at","GENE2554",1,"PlasmaCells",45,43,8.58922622222222,8.55786720930233,-0.0313590129198928,0.978498122021,-0.318561450340917,-7.01039373800467,0.750752533084416,0.999330380285523
"PROBE2555_at","GENE2555",1,"PlasmaCells",45,43,8.28644088888889,8.38863860465116,0.102197715762275,1.07340738263411,1.0276248176628,-6.53451500340918,0.306713909667221,0.999330380285523
"PROBE2556_at","GENE2556",0,"Other",45,43,8.16617911111111,8.29935441860465,0.133175307493541,1.09670484536875,1.1315442896404,-6.42333694872289,0.260650526449567,0.999330380285523
"PROBE2557_at","GENE2557",0,"Other",45,43,9.85508777777778,9.86364139534884,0.00855361757105655,1.00594652671199,0.0725073448067388,-7.05863040641261,0.942349321212767,0.999330380285523
"PROBE2558_at","GENE2558",0,"Other",45,43,8.23776044444444,8.26235627906977,0.0245958346253232,1.01719468906846,0.234966675813484,-7.03358361057447,0.814736081119228,0.999330380285523
"PROBE2559_at","GENE2559",2,"Microenvironment",45,43,8.87203644444445,8.79407,-0.0779664444444474,0.947392105677943,-0.697688028860171,-6.81773825975908,0.487062131355698,0.999330380285523
"PROBE2560_at","GENE2560",1,"PlasmaCells",45,43,7.34269977777778,7.29846581395349,-0.044233963824289,0.969804623048675,-0.366483683700394,-6.99394792411789,0.714812314528171,0.999330380285523
"PROBE2561_at","GENE2561",0,"Other",45,43,7.48328311111111,7.4605311627907,-0.0227519483204093,0.984353253563162,-0.214495490559454,-7.03819617256016,0.830616580300784,0.999330380285523
"PROBE2562_at","GENE2562",2,"Microenvironment",45,43,9.16259733333333,9.20879953488372,0.0462022015503845,1.03254324188907,0.464628626542081,-6.95310977673785,0.64325164554188,0.999330380285523
"PROBE2563_at","GENE2563",1,"PlasmaCells",45,43,9.67749,9.71169209302326,0.0342020930232554,1.02399033116219,0.285236094676998,-7.02047665101766,0.77607900544892,0.999330380285523
"PROBE2564_at","GENE2564",2,"Microenvironment",45,43,7.52774822222222,7.52428,-0.00346822222222531,0.99759889881124,-0.0303751708721276,-7.06080450099152,0.975831035522193,0.999330380285523
"PROBE2565_at","GENE2565",2,"Microenvironment",45,43,9.30589111111111,9.31297651162791,0.00708540051679485,1.00492330522628,0.0628839377421711,-7.05928389141894,0.94998993904673,0.999330380285523
"PROBE2566_at","GENE2566",0,"Other",45,43,7.70541111111111,7.5724688372093,-0.132942273901807,0.911969655141734,-1.21202372139847,-6.33008297985612,0.228483998004241,0.999330380285523
"PROBE2567_at","GENE2567",1,"PlasmaCells",45,43,7.43087422222222,7.42947395348837,-0.00140026873385057,0.999029878547482,-0.0118892604936226,-7.06119637868408,0.99053868952041,0.999330380285523
"PROBE2568_at","GENE2568",2,"Microenvironment",45,43,9.61618333333333,9.72228162790698,0.106098294573643,1.07631345432685,0.95459542297781,-6.60638016433722,0.342184805043512,0.999330380285523
"PROBE2569_at","GENE2569",1,"PlasmaCells",45,43,7.7611,7.67765255813953,-0.083447441860466,0.943799660835459,-0.80778712236004,-6.73509617273251,0.421214301952364,0.999330380285523
"PROBE2570_at","GENE2570",1,"PlasmaCells",45,43,8.04718577777778,7.95789465116279,-0.089291126614981,0.939984500520324,-0.810909556751074,-6.73257840795774,0.419427553941229,0.999330380285523
"PROBE2571_at","GENE2571",1,"PlasmaCells",45,43,6.63224933333333,6.62923674418605,-0.00301258914729097,0.997914011031722,-0.028684037569051,-7.06085459647553,0.977176255326969,0.999330380285523
"PROBE2572_at","GENE2572",1,"PlasmaCells",45,43,8.76512088888889,8.71416186046512,-0.0509590284237706,0.965294438200251,-0.502955708927771,-6.93455470431531,0.616149731344739,0.999330380285523
"PROBE2573_at","GENE2573",0,"Other",45,43,7.76139466666667,7.7643888372093,0.00299417054262818,1.00207755600479,0.0257099439179455,-7.06093573725949,0.979542169434106,0.999330380285523
"PROBE2574_at","GENE2574",0,"Other",45,43,9.85270933333333,9.83474348837209,-0.0179658449612425,0.987624242647938,-0.156637376913617,-7.04896255420495,0.875860259407536,0.999330380285523
"PROBE2575_at","GENE2575",0,"Other",45,43,8.10994666666667,8.10600860465116,-0.00393806201550717,0.997274065542133,-0.037844548897173,-7.06054892144658,0.969890372362062,0.999330380285523
"PROBE2576_at","GENE2576",0,"Other",45,43,7.40830888888889,7.27362023255814,-0.134688656330749,0.910866383712169,-1.22852489340973,-6.31019493426271,0.222259350180196,0.999330380285523
"PROBE2577_at","GENE2577",0,"Other",45,43,6.13891444444444,6.34147511627907,0.202560671834627,1.15073901598175,1.82387554923857,-5.42128000983832,0.0712885276397473,0.687118338696359
"PROBE2578_at","GENE2578",1,"PlasmaCells",45,43,7.45475866666667,7.53215279069767,0.0773941240310076,1.05511051908089,0.66945525645575,-6.83700354403994,0.504815323219714,0.999330380285523
"PROBE2579_at","GENE2579",1,"PlasmaCells",45,43,9.73093577777778,9.76433627906977,0.0334005012919896,1.02342153861194,0.280748266132967,-7.02174960369744,0.779508881189664,0.999330380285523
"PROBE2580_at","GENE2580",1,"PlasmaCells",45,43,6.87434177777778,6.91799186046512,0.0436500826873427,1.03071829373231,0.386263262409339,-6.98649105738328,0.700158213532604,0.999330380285523
"PROBE2581_at","GENE2581",2,"Microenvironment",45,43,9.36442977777778,9.42253581395349,0.0581060361757135,1.04109811420537,0.476999714339695,-6.94728051707644,0.634448616740578,0.999330380285523
"PROBE2582_at","GENE2582",1,"PlasmaCells",45,43,4.974048,4.95365395348837,-0.0203940465116261,0.985963369340648,-0.182844763431423,-7.04450141856557,0.855306204369292,0.999330380285523
"PROBE2583_at","GENE2583",0,"Other",45,43,7.45070911111111,7.48916604651163,0.0384569354005171,1.02701477391147,0.312325581300329,-7.01236494190829,0.755471878676982,0.999330380285523
"PROBE2584_at","GENE2584",0,"Other",45,43,8.70861355555556,8.61093651162791,-0.0976770439276464,0.934536525162807,-0.888979947898958,-6.66651648735526,0.376240552279748,0.999330380285523
"PROBE2585_at","GENE2585",1,"PlasmaCells",45,43,7.49741244444444,7.53245674418605,0.0350442997416032,1.02458828380454,0.311702076979033,-7.01255989769499,0.755944264205171,0.999330380285523
"PROBE2586_at","GENE2586",2,"Microenvironment",45,43,9.32305777777778,9.25047651162791,-0.0725812661498733,0.950935064554797,-0.73760781986981,-6.78915447426804,0.462555600197946,0.999330380285523
"PROBE2587_at","GENE2587",0,"Other",45,43,9.74574066666667,9.70685720930233,-0.0388834573643386,0.973408004048285,-0.384312498764364,-6.98724385775649,0.701598554533628,0.999330380285523
"PROBE2588_at","GENE2588",2,"Microenvironment",45,43,10.0233046666667,9.89128255813953,-0.132022108527131,0.912551504074314,-1.1889674782036,-6.35743466074506,0.237391126153554,0.999330380285523
"PROBE2589_at","GENE2589",0,"Other",45,43,8.70581577777778,8.73775604651163,0.0319402687338535,1.02238620032894,0.28828819842339,-7.01959942218864,0.773748926094794,0.999330380285523
"PROBE2590_at","GENE2590",2,"Microenvironment",45,43,8.58338733333333,8.41249279069767,-0.17089454263566,0.888291725351259,-1.55581417125359,-5.86236536173923,0.123049697789722,0.890052063578458
"PROBE2591_at","GENE2591",0,"Other",45,43,8.449104,8.47720372093023,0.0280997209302285,1.01966816133254,0.2529851224134,-7.02917644565459,0.800821754835795,0.999330380285523
"PROBE2592_at","GENE2592",0,"Other",45,43,7.46893133333333,7.54667720930233,0.0777458759689909,1.05536780312748,0.715425921078199,-6.80523156825743,0.476085880136646,0.999330380285523
"PROBE2593_at","GENE2593",0,"Other",45,43,9.43030644444444,9.25366930232558,-0.176637142118865,0.884762937541427,-1.66394975896471,-5.69236887833867,0.0993902083701856,0.798314926668158
"PROBE2594_at","GENE2594",1,"PlasmaCells",45,43,5.56336111111111,5.76650651162791,0.203145400516798,1.15120550852926,1.93565249771813,-5.21806095941579,0.0558585073817144,0.58053851379509
"PROBE2595_at","GENE2595",2,"Microenvironment",45,43,10.6274993333333,10.5822418604651,-0.0452574728682222,0.969116846519298,-0.409312309606782,-6.97730880925675,0.683224144864266,0.999330380285523
"PROBE2596_at","GENE2596",1,"PlasmaCells",45,43,9.66412266666667,9.72072139534884,0.0565987286821681,1.04001095755601,0.551736253424076,-6.90882476445367,0.582413759508787,0.999330380285523
"PROBE2597_at","GENE2597",0,"Other",45,43,8.83287066666667,8.86657837209302,0.0337077054263553,1.02363948682349,0.278008374790972,-7.02251685369574,0.781605025770539,0.999330380285523
"PROBE2598_at","GENE2598",2,"Microenvironment",45,43,7.54887266666667,7.57438069767442,0.0255080310077522,1.01783805075923,0.212225173282935,-7.03868186296002,0.832382241331791,0.999330380285523
"PROBE2599_at","GENE2599",2,"Microenvironment",45,43,7.31666222222222,7.31069697674419,-0.00596524547803501,0.995873743402888,-0.050711809220681,-7.05997739834125,0.95966074797432,0.999330380285523
"PROBE2600_at","GENE2600",2,"Microenvironment",45,43,10.2507917777778,10.3610569767442,0.110265198966411,1.07942664054145,1.02666086480242,-6.5354973456066,0.30716539267113,0.999330380285523
"PROBE2601_at","GENE2601",2,"Microenvironment",45,43,9.87113422222222,9.81953558139535,-0.0515986408268745,0.964866574075045,-0.426794550160021,-6.96999070853254,0.670486545666886,0.999330380285523
"PROBE2602_at","GENE2602",0,"Other",45,43,7.84041644444444,7.72217465116279,-0.118241793281653,0.921309763279474,-1.02849389586076,-6.53362857289388,0.306307245715144,0.999330380285523
"PROBE2603_at","GENE2603",2,"Microenvironment",45,43,8.94832222222222,9.08527302325581,0.136950801033592,1.09957865070673,1.14609276046433,-6.40694024000345,0.254611391350146,0.999330380285523
"PROBE2604_at","GENE2604",1,"PlasmaCells",45,43,7.36146044444444,7.47270697674419,0.111246532299734,1.08016112541844,1.02695009478507,-6.53520269266595,0.307029880188648,0.999330380285523
"PROBE2605_at","GENE2605",1,"PlasmaCells",45,43,9.38340666666667,9.46316906976744,0.07976240310078,1.05684397499489,0.754850071106369,-6.77632237834405,0.452190586102516,0.999330380285523
"PROBE2606_at","GENE2606",2,"Microenvironment",45,43,8.41168533333333,8.44745325581395,0.035767922480618,1.02510232268929,0.282853669422885,-7.02115492493011,0.777899254417572,0.999330380285523
"PROBE2607_at","GENE2607",2,"Microenvironment",45,43,9.416038,9.49074465116279,0.0747066511627921,1.05314687370078,0.686912576343725,-6.82518410659071,0.493797212161998,0.999330380285523
"PROBE2608_at","GENE2608",1,"PlasmaCells",45,43,6.86556755555556,6.8101923255814,-0.0553752299741603,0.962344114854679,-0.470877671927658,-6.95018428010508,0.638798484098347,0.999330380285523
"PROBE2609_at","GENE2609",0,"Other",45,43,9.56177288888889,9.55969860465116,-0.00207428423772349,0.998563248845555,-0.0190586826519457,-7.06108508977377,0.984833928354273,0.999330380285523
"PROBE2610_at","GENE2610",2,"Microenvironment",45,43,9.47549422222222,9.57205,0.0965557777777803,1.06921781286087,0.831053385873072,-6.71610530972913,0.408009894406224,0.999330380285523
"PROBE2611_at","GENE2611",0,"Other",45,43,8.25425133333333,8.32719232558139,0.0729409922480624,1.05185875618921,0.668712018230616,-6.83750006348169,0.505287318850545,0.999330380285523
"PROBE2612_at","GENE2612",2,"Microenvironment",45,43,6.23600711111111,6.31526372093023,0.0792566098191232,1.056473521867,0.66970635435604,-6.83683567490051,0.504655916113619,0.999330380285523
"PROBE2613_at","GENE2613",0,"Other",45,43,11.2413406666667,11.3736588372093,0.132318170542636,1.09605346234552,1.17273640964766,-6.37638374604327,0.243809247840028,0.999330380285523
"PROBE2614_at","GENE2614",0,"Other",45,43,8.79705377777778,8.80991279069768,0.0128590129198933,1.00895302929666,0.124807592338619,-7.05345489529881,0.900937386681271,0.999330380285523
"PROBE2615_at","GENE2615",0,"Other",45,43,9.53753866666667,9.64480674418605,0.107268077519379,1.07718651735511,1.00800910042584,-6.55432734240551,0.315989241994035,0.999330380285523
"PROBE2616_at","GENE2616",2,"Microenvironment",45,43,7.96894733333333,8.10541604651163,0.136468713178292,1.09921127926589,1.11594634707574,-6.44068991265683,0.267236333598333,0.999330380285523
"PROBE2617_at","GENE2617",0,"Other",45,43,7.77322555555556,7.75549813953488,-0.0177274160206684,0.987787477187857,-0.156951404033564,-7.04891317404005,0.875613439343006,0.999330380285523
"PROBE2618_at","GENE2618",0,"Other",45,43,7.74129622222222,7.69844255813953,-0.0428536640826875,0.970732928477301,-0.336388450357613,-7.00454403641337,0.737313650878514,0.999330380285523
"PROBE2619_at","GENE2619",0,"Other",45,43,7.85760688888889,7.88555255813954,0.0279456692506503,1.01955928648228,0.207392349934068,-7.03969855791011,0.836143654039665,0.999330380285523
"PROBE2620_at","GENE2620",1,"PlasmaCells",45,43,8.19377022222222,8.28598930232558,0.092219080103364,1.06600860225371,0.782166627106157,-6.7553931897465,0.436045578158511,0.999330380285523
"PROBE2621_at","GENE2621",2,"Microenvironment",45,43,9.44298355555556,9.46529162790698,0.0223080723514197,1.01558294477198,0.210101569659856,-7.03913149327976,0.834034578946417,0.999330380285523
"PROBE2622_at","GENE2622",1,"PlasmaCells",45,43,8.41828711111111,8.42645023255814,0.00816312144703168,1.00567428271654,0.0751018415634278,-7.05843832792012,0.940290281794375,0.999330380285523
"PROBE2623_at","GENE2623",2,"Microenvironment",45,43,10.2812577777778,10.2124195348837,-0.0688382428940564,0.953405436526059,-0.60797682663606,-6.87622598900819,0.544641438851985,0.999330380285523
"PROBE2624_at","GENE2624",1,"PlasmaCells",45,43,7.42725933333333,7.41509813953488,-0.0121611937984518,0.991605931399531,-0.105432071674858,-7.05569212042829,0.916253402467084,0.999330380285523
"PROBE2625_at","GENE2625",2,"Microenvironment",45,43,6.30443755555556,6.41613674418605,0.111699188630492,1.08050008720203,0.957087295234381,-6.60401355380335,0.340932186782795,0.999330380285523
"PROBE2626_at","GENE2626",1,"PlasmaCells",45,43,8.95779088888889,8.97244976744186,0.0146588785529769,1.01021255614411,0.117061899710515,-7.05439442736956,0.907056059624234,0.999330380285523
"PROBE2627_at","GENE2627",2,"Microenvironment",45,43,10.8081775555556,10.7301227906977,-0.0780547648578835,0.947334109012732,-0.664349717948153,-6.84040327789228,0.508062363300025,0.999330380285523
"PROBE2628_at","GENE2628",1,"PlasmaCells",45,43,7.475744,7.50488209302326,0.0291380930232581,1.0204023262498,0.24820328983538,-7.03037773003126,0.804508360191146,0.999330380285523
"PROBE2629_at","GENE2629",2,"Microenvironment",45,43,8.147004,8.28800418604651,0.141000186046515,1.10266930526651,1.20876378703431,-6.33398117582601,0.229728500983655,0.999330380285523
"PROBE2630_at","GENE2630",0,"Other",45,43,7.16604888888889,7.21823511627907,0.0521862273901812,1.03683493013539,0.517896499653513,-6.92692539294693,0.605724395780566,0.999330380285523
"PROBE2631_at","GENE2631",0,"Other",45,43,8.12,8.1331376744186,0.0131376744186031,1.00914793085951,0.11888177435567,-7.05417908803522,0.905617940814462,0.999330380285523
"PROBE2632_at","GENE2632",1,"PlasmaCells",45,43,6.98301266666667,6.91650093023256,-0.0665117364341086,0.954944149334853,-0.558134982604385,-6.90527418246362,0.578054235122514,0.999330380285523
"PROBE2633_at","GENE2633",2,"Microenvironment",45,43,10.94432,10.9454304651163,0.00111046511627677,1.00077001207166,0.0105269634602803,-7.061211695581,0.991622743739233,0.999330380285523
"PROBE2634_at","GENE2634",2,"Microenvironment",45,43,8.63698177777778,8.63252813953488,-0.00445363824289657,0.996917733176598,-0.0405160142194846,-7.06044392437901,0.967766055077983,0.999330380285523
"PROBE2635_at","GENE2635",1,"PlasmaCells",45,43,6.91040622222222,6.94816279069767,0.0377565684754568,1.02651632302931,0.339421057185007,-7.00351730588828,0.735035486380737,0.999330380285523
"PROBE2636_at","GENE2636",1,"PlasmaCells",45,43,8.95977022222222,8.96933581395349,0.0095655917312687,1.00665239245625,0.102006604448922,-7.05604848745843,0.918964631077666,0.999330380285523
"PROBE2637_at","GENE2637",0,"Other",45,43,11.0358522222222,11.1768041860465,0.140951963824287,1.10263244905357,1.21359319746771,-6.32820258633199,0.227886581486078,0.999330380285523
"PROBE2638_at","GENE2638",0,"Other",45,43,10.0707404444444,9.96398023255814,-0.106760211886302,0.928671192484104,-0.957555087071415,-6.6035686022646,0.34069736937382,0.999330380285523
"PROBE2639_at","GENE2639",0,"Other",45,43,8.74942577777778,8.50584465116279,-0.243581126614986,0.844646087136355,-2.38416191515108,-4.29215575595622,0.0190885931081617,0.258828381127616
"PROBE2640_at","GENE2640",2,"Microenvironment",45,43,9.99022466666667,10.04804,0.0578153333333358,1.04088835421973,0.459288892726215,-6.95557875105326,0.647067166666621,0.999330380285523
"PROBE2641_at","GENE2641",0,"Other",45,43,6.86034155555556,6.92133023255814,0.0609886770025829,1.04318040609242,0.529415764997731,-6.9208916380223,0.597741709671177,0.999330380285523
"PROBE2642_at","GENE2642",0,"Other",45,43,5.62266933333333,5.43806930232558,-0.184600031007753,0.879892981335223,-1.64124589853402,-5.72895673043576,0.104025404416083,0.819097672567581
"PROBE2643_at","GENE2643",1,"PlasmaCells",45,43,9.62676155555556,9.69939697674419,0.072635421188636,1.0516359900822,0.639739466060897,-6.85642919168012,0.523868894322874,0.999330380285523
"PROBE2644_at","GENE2644",2,"Microenvironment",45,43,7.52393311111111,7.43902488372093,-0.0849082273901773,0.942844510165656,-0.765856511829711,-6.76797793299881,0.445644484690343,0.999330380285523
"PROBE2645_at","GENE2645",1,"PlasmaCells",45,43,6.26363844444444,6.24115465116279,-0.0224837932816513,0.984536233202015,-0.203388617570532,-7.04052311335153,0.839262669723005,0.999330380285523
"PROBE2646_at","GENE2646",1,"PlasmaCells",45,43,8.54341466666667,8.59004302325581,0.0466283565891494,1.03284828799242,0.413688438725085,-6.97550556331363,0.680026902780381,0.999330380285523
"PROBE2647_at","GENE2647",0,"Other",45,43,8.31883466666667,8.36302209302326,0.0441874263565882,1.0311022647657,0.411298545211606,-6.97649272101691,0.681772262354469,0.999330380285523
"PROBE2648_at","GENE2648",0,"Other",45,43,9.03576111111111,9.10723744186046,0.0714763307493591,1.05079142372741,0.640866145111023,-6.85570860747483,0.523139702204226,0.999330380285523
"PROBE2649_at","GENE2649",2,"Microenvironment",45,43,7.78692266666667,7.85142674418605,0.0645040775193779,1.04572541274786,0.63106067527392,-6.86193769919207,0.529503540923156,0.999330380285523
"PROBE2650_at","GENE2650",1,"PlasmaCells",45,43,7.78914266666667,7.62972372093023,-0.159418945736436,0.895385620358779,-1.43862655106696,-6.03431514913874,0.153515321632792,0.955931748574201
"PROBE2651_at","GENE2651",2,"Microenvironment",45,43,8.30414333333333,8.21297279069768,-0.0911705426356626,0.938760768768826,-0.905151203606735,-6.65208617571163,0.367655973698884,0.999330380285523
"PROBE2652_at","GENE2652",2,"Microenvironment",45,43,8.92591266666667,8.98965976744186,0.063747100775192,1.04517686841935,0.615920904277611,-6.87136841843623,0.53940732296516,0.999330380285523
"PROBE2653_at","GENE2653",2,"Microenvironment",45,43,10.0500148888889,10.0231353488372,-0.0268795400516808,0.981541015645538,-0.208600170161317,-7.03944665833754,0.835203240599501,0.999330380285523
"PROBE2654_at","GENE2654",1,"PlasmaCells",45,43,8.09704,8.11809418604651,0.0210541860465128,1.01470065691113,0.172069237511838,-7.04641900440341,0.863746055573587,0.999330380285523
"PROBE2655_at","GENE2655",2,"Microenvironment",45,43,9.572974,9.53451744186047,-0.0384565581395346,0.973696081984133,-0.369966753703644,-6.99266315773885,0.712223865864122,0.999330380285523
"PROBE2656_at","GENE2656",0,"Other",45,43,8.03510644444444,8.02172046511628,-0.0133859793281648,0.990764458200735,-0.120709215657802,-7.05395951172002,0.904174158881659,0.999330380285523
"PROBE2657_at","GENE2657",0,"Other",45,43,9.10401866666667,9.04484069767442,-0.05917796899225,0.959810852711677,-0.538595129236674,-6.91598905223725,0.591415511442716,0.999330380285523
"PROBE2658_at","GENE2658",2,"Microenvironment",45,43,8.79132288888889,8.69199604651163,-0.0993268423772591,0.933468443801718,-0.886316421955257,-6.66886872920242,0.37766645647165,0.999330380285523
"PROBE2659_at","GENE2659",2,"Microenvironment",45,43,10.5848575555556,10.5126274418605,-0.0722301136950936,0.951166550637852,-0.652322327780248,-6.84831027374839,0.515755365283824,0.999330380285523
"PROBE2660_at","GENE2660",0,"Other",45,43,8.31932555555556,8.30362627906977,-0.0156992764857922,0.989177084559047,-0.135859679651398,-7.05201015355987,0.892217274286658,0.999330380285523
"PROBE2661_at","GENE2661",2,"Microenvironment",45,43,10.008782,9.99942372093023,-0.00935827906976883,0.993534328241669,-0.0832421546482518,-7.05779185384538,0.933832677795784,0.999330380285523
"PROBE2662_at","GENE2662",2,"Microenvironment",45,43,8.71578755555556,8.57632953488372,-0.139458020671832,0.907860148394679,-1.20763719903939,-6.33532597097728,0.230159720617464,0.999330380285523
"PROBE2663_at","GENE2663",1,"PlasmaCells",45,43,5.589464,5.4634476744186,-0.126016325581393,0.916358275078295,-1.06326435134752,-6.49756312724035,0.290334821592256,0.999330380285523
"PROBE2664_at","GENE2664",1,"PlasmaCells",45,43,7.51831577777778,7.44677604651163,-0.0715397312661494,0.951621827602157,-0.59327721958161,-6.88504933622316,0.554393682390596,0.999330380285523
"PROBE2665_at","GENE2665",2,"Microenvironment",45,43,10.2032015555556,10.3970041860465,0.193802630490961,1.14377448715165,1.66500382485711,-5.69065870095445,0.0991791435158054,0.798314926668158
"PROBE2666_at","GENE2666",0,"Other",45,43,8.85828422222222,8.82348395348837,-0.03480026873385,0.976166895055345,-0.33210349439395,-7.00597909560526,0.740536605155798,0.999330380285523
"PROBE2667_at","GENE2667",1,"PlasmaCells",45,43,9.11739244444444,9.02888534883721,-0.0885070956072305,0.940495472877796,-0.780326412227583,-6.7568261882925,0.437122493855745,0.999330380285523
"PROBE2668_at","GENE2668",1,"PlasmaCells",45,43,9.15671266666667,9.12791930232558,-0.028793364341082,0.980239803980534,-0.252737352402316,-7.02923925239491,0.801012665922994,0.999330380285523
"PROBE2669_at","GENE2669",0,"Other",45,43,7.46016711111111,7.45573837209302,-0.00442873901809016,0.996934938956235,-0.0391526516107021,-7.06049840333469,0.96885015665927,0.999330380285523
"PROBE2670_at","GENE2670",1,"PlasmaCells",45,43,7.70148666666667,7.68934813953488,-0.0121385271317802,0.991621510975981,-0.109901698781074,-7.05520943122233,0.912717222206649,0.999330380285523
"PROBE2671_at","GENE2671",0,"Other",45,43,9.17201066666667,9.13141604651163,-0.0405946201550336,0.972254141249279,-0.345855616184791,-7.00130835491522,0.730209553536341,0.999330380285523
"PROBE2672_at","GENE2672",0,"Other",45,43,8.82791555555556,8.89256627906977,0.0646507235142124,1.04583171327103,0.593135018390237,-6.88513364488179,0.554488445909484,0.999330380285523
"PROBE2673_at","GENE2673",0,"Other",45,43,9.12667644444444,9.16403418604651,0.0373577416020705,1.02623258620313,0.316988526013912,-7.01089461814017,0.75194204728967,0.999330380285523
"PROBE2674_at","GENE2674",0,"Other",45,43,6.45610955555556,6.38534139534884,-0.0707681602067174,0.95213090278244,-0.66132436080265,-6.8424056695881,0.50999168038722,0.999330380285523
"PROBE2675_at","GENE2675",2,"Microenvironment",45,43,5.76292933333333,5.68866,-0.0742693333333335,0.949823046098616,-0.652008412585453,-6.84851472957243,0.515956971839081,0.999330380285523
"PROBE2676_at","GENE2676",2,"Microenvironment",45,43,9.52068311111111,9.48153465116279,-0.0391484599483203,0.973229219246863,-0.319231944665431,-7.01017947453152,0.750245658621333,0.999330380285523
"PROBE2677_at","GENE2677",0,"Other",45,43,9.91722222222222,9.74988093023256,-0.167341291989663,0.890482218244786,-1.61789955964603,-5.76608444472145,0.1089721047255,0.833438659468449
"PROBE2678_at","GENE2678",1,"PlasmaCells",45,43,7.34902222222222,7.38745046511628,0.0384282428940583,1.02699434871129,0.340955517105517,-7.00299429116347,0.733883664598713,0.999330380285523
"PROBE2679_at","GENE2679",1,"PlasmaCells",45,43,6.65017022222222,6.77857,0.128399777777781,1.09308059506046,1.20501420372256,-6.3384522983822,0.231165978545298,0.999330380285523
"PROBE2680_at","GENE2680",1,"PlasmaCells",45,43,9.14689288888889,9.13235,-0.0145428888888901,0.989970274135026,-0.125467931153501,-7.05337201509531,0.900416026346162,0.999330380285523
"PROBE2681_at","GENE2681",0,"Other",45,43,6.88303422222222,6.81700813953488,-0.0660260826873369,0.955265665843474,-0.581549431304263,-6.89193513285626,0.562236057214754,0.999330380285523
"PROBE2682_at","GENE2682",0,"Other",45,43,7.555136,7.60797860465116,0.0528426046511639,1.03730676215144,0.421457821627179,-6.97225700491354,0.674364919464133,0.999330380285523
"PROBE2683_at","GENE2683",2,"Microenvironment",45,43,9.40592244444444,9.50567488372093,0.0997524392764806,1.07158956625682,0.883590939033403,-6.67126850023913,0.379129025381779,0.999330380285523
"PROBE2684_at","GENE2684",1,"PlasmaCells",45,43,8.26039866666667,8.26115279069768,0.000754124031010051,1.00052285558724,0.00705328217639824,-7.06124232590838,0.994387008166371,0.999330380285523
"PROBE2685_at","GENE2685",0,"Other",45,43,8.03391311111111,8.0374123255814,0.00349921447028834,1.00242841447776,0.0318044206969419,-7.06075992626421,0.974694186424228,0.999330380285523
"PROBE2686_at","GENE2686",0,"Other",45,43,7.88563444444444,7.96732046511628,0.0816860206718379,1.05825405786841,0.802181361015947,-6.73959231724295,0.424433441538753,0.999330380285523
"PROBE2687_at","GENE2687",1,"PlasmaCells",45,43,6.64125911111111,6.54940418604651,-0.0918549250646006,0.938315547156532,-0.766158722087536,-6.76774713161858,0.445465521501012,0.999330380285523
"PROBE2688_at","GENE2688",0,"Other",45,43,9.39952977777778,9.32558697674419,-0.0739428010335867,0.950038048573918,-0.810812959836287,-6.73265644217035,0.419482761573495,0.999330380285523
"PROBE2689_at","GENE2689",1,"PlasmaCells",45,43,7.46474844444444,7.37769674418605,-0.0870517002583995,0.941444726428594,-0.857362110432072,-6.69399100035141,0.393384464809443,0.999330380285523
"PROBE2690_at","GENE2690",2,"Microenvironment",45,43,8.92482666666667,8.93752837209302,0.0127017054263536,1.00884302183494,0.117495299602504,-7.05434344595657,0.90671354594169,0.999330380285523
"PROBE2691_at","GENE2691",2,"Microenvironment",45,43,9.85755,9.8699311627907,0.0123811627906942,1.0086188987388,0.126061227370436,-7.05329717664199,0.899947635671181,0.999330380285523
"PROBE2692_at","GENE2692",1,"PlasmaCells",45,43,8.58656311111111,8.58010604651163,-0.00645706459948414,0.995534304880017,-0.0577991843292825,-7.05959166892566,0.95402897131021,0.999330380285523
"PROBE2693_at","GENE2693",1,"PlasmaCells",45,43,8.89547777777778,8.93147744186047,0.0359996640826896,1.02526699916526,0.314029015301318,-7.01183033436343,0.754181779940338,0.999330380285523
"PROBE2694_at","GENE2694",0,"Other",45,43,8.318724,8.31655930232558,-0.00216469767441652,0.998500671028651,-0.0197397982161539,-7.0610718350432,0.984291996082018,0.999330380285523
"PROBE2695_at","GENE2695",2,"Microenvironment",45,43,9.70386,9.59298837209302,-0.110871627906979,0.926028417568619,-1.01379919866619,-6.54851807277369,0.313232124673252,0.999330380285523
"PROBE2696_at","GENE2696",0,"Other",45,43,7.49776133333333,7.52108976744186,0.0233284341085236,1.01630148092053,0.222185435886517,-7.03651269669961,0.824642492542866,0.999330380285523
"PROBE2697_at","GENE2697",0,"Other",45,43,8.38115355555555,8.41542790697674,0.0342743514211872,1.02404161972404,0.291759044184198,-7.018590513454,0.771101680147473,0.999330380285523
"PROBE2698_at","GENE2698",2,"Microenvironment",45,43,6.85744777777778,6.83623953488372,-0.0212082428940601,0.985407090082591,-0.186954836248566,-7.04373934488644,0.852091388963927,0.999330380285523
"PROBE2699_at","GENE2699",2,"Microenvironment",45,43,10.1873155555556,10.1239334883721,-0.0633820671834577,0.95701797871818,-0.514010250208468,-6.92893122429692,0.608428407526357,0.999330380285523
"PROBE2700_at","GENE2700",0,"Other",45,43,9.90911755555556,9.77982348837209,-0.12929406718346,0.914278711394447,-1.28924891339641,-6.23476684538688,0.200415653659833,0.999330380285523
"PROBE2701_at","GENE2701",0,"Other",45,43,9.09972488888889,9.18505069767442,0.0853258087855284,1.06092730718074,0.766572655153346,-6.76743086031076,0.445220465710021,0.999330380285523
"PROBE2702_at","GENE2702",0,"Other",45,43,8.74555111111111,8.7129623255814,-0.0325887855297164,0.97766439248466,-0.302396680328126,-7.01542328340018,0.763005232111772,0.999330380285523
"PROBE2703_at","GENE2703",0,"Other",45,43,8.88220888888889,8.89826186046512,0.0160529715762223,1.01118920810366,0.154206332072019,-7.04934148671296,0.877771433160895,0.999330380285523
"PROBE2704_at","GENE2704",2,"Microenvironment",45,43,10.7642788888889,10.8627472093023,0.0984683204134384,1.0706361865617,0.878680349755605,-6.67557389230196,0.381773101669222,0.999330380285523
"PROBE2705_at","GENE2705",2,"Microenvironment",45,43,10.0205311111111,10.0631355813953,0.0426044702842354,1.02997153759494,0.37473548030264,-6.99088451152205,0.708685439666523,0.999330380285523
"PROBE2706_at","GENE2706",1,"PlasmaCells",45,43,8.73333844444444,8.75025441860465,0.0169159741602076,1.01179427011175,0.139648788355627,-7.05148664659522,0.889230651578303,0.999330380285523
"PROBE2707_at","GENE2707",2,"Microenvironment",45,43,11.4507446666667,11.4343351162791,-0.0164095503875963,0.988690208451738,-0.153610946581823,-7.04943338770429,0.878239608169067,0.999330380285523
"PROBE2708_at","GENE2708",2,"Microenvironment",45,43,7.45530377777778,7.63482674418605,0.179522966408271,1.13250935407708,1.49624522601969,-5.95137553073199,0.137876912907587,0.937938183044813
"PROBE2709_at","GENE2709",1,"PlasmaCells",45,43,7.53149377777778,7.61561744186046,0.0841236640826883,1.06004364369896,0.767351526157101,-6.76683529566985,0.444759571813789,0.999330380285523
"PROBE2710_at","GENE2710",1,"PlasmaCells",45,43,8.78321911111111,8.72568930232558,-0.0575298087855298,0.960907984094646,-0.541485179370957,-6.91442817437453,0.589430245577902,0.999330380285523
"PROBE2711_at","GENE2711",0,"Other",45,43,10.9291197777778,10.9036986046512,-0.0254211731266167,0.982533720724846,-0.228719896467513,-7.03503562986557,0.819574147347405,0.999330380285523
"PROBE2712_at","GENE2712",2,"Microenvironment",45,43,9.90537088888889,9.85606976744186,-0.04930112144703,0.966404366661336,-0.451062776968834,-6.95932672073034,0.652963614456344,0.999330380285523
"PROBE2713_at","GENE2713",0,"Other",45,43,9.74867888888889,9.79630651162791,0.047627622739018,1.03356392630694,0.407243653869544,-6.9781545764604,0.684737540365151,0.999330380285523
"PROBE2714_at","GENE2714",1,"PlasmaCells",45,43,8.73513488888889,8.77359511627907,0.0384602273901855,1.02701711739071,0.340398440081685,-7.00318444081277,0.734301756831546,0.999330380285523
"PROBE2715_at","GENE2715",1,"PlasmaCells",45,43,6.65623355555556,6.65829209302326,0.00205853746770135,1.00142788790436,0.0172026236524102,-7.06111884731571,0.986310744319546,0.999330380285523
"PROBE2716_at","GENE2716",1,"PlasmaCells",45,43,8.37247933333333,8.4190888372093,0.0466095038759669,1.03283479112388,0.40175211694715,-6.98037906819989,0.688761287607106,0.999330380285523
"PROBE2717_at","GENE2717",2,"Microenvironment",45,43,9.05804266666667,8.99447581395349,-0.0635668527131745,0.956895408289731,-0.617014802375315,-6.87069463143347,0.538688595597315,0.999330380285523
"PROBE2718_at","GENE2718",2,"Microenvironment",45,43,10.1436786666667,10.0386134883721,-0.10506517829457,0.929762936693839,-0.910839135953638,-6.64694980136836,0.364666200961541,0.999330380285523
"PROBE2719_at","GENE2719",2,"Microenvironment",45,43,8.24481333333333,8.1865888372093,-0.0582244961240281,0.960445398515552,-0.537680954433769,-6.91648105753255,0.592044135877186,0.999330380285523
"PROBE2720_at","GENE2720",0,"Other",45,43,7.943274,7.86279441860465,-0.0804795813953429,0.945743210042676,-0.68367398697105,-6.82739954865177,0.495831309262667,0.999330380285523
"PROBE2721_at","GENE2721",0,"Other",45,43,9.37266422222222,9.25890162790698,-0.113762594315247,0.924174639415661,-1.14388106429237,-6.40944604669839,0.25552304989845,0.999330380285523
"PROBE2722_at","GENE2722",2,"Microenvironment",45,43,8.76512888888889,8.63911069767442,-0.12601819121447,0.916357090082745,-1.06568312095446,-6.49501070162686,0.289245286274458,0.999330380285523
"PROBE2723_at","GENE2723",0,"Other",45,43,7.96302466666667,7.82266976744186,-0.140354899224807,0.907295935424055,-1.35268965119958,-6.15221484847281,0.179338734054372,0.999330380285523
"PROBE2724_at","GENE2724",1,"PlasmaCells",45,43,8.85268,8.91082860465116,0.0581486046511657,1.04112883352726,0.512386440523543,-6.92976487972728,0.609559852902266,0.999330380285523
"PROBE2725_at","GENE2725",1,"PlasmaCells",45,43,9.67695666666667,9.61184465116279,-0.0651120155038747,0.955871097792291,-0.67161116117517,-6.83556020341187,0.503447545966919,0.999330380285523
"PROBE2726_at","GENE2726",0,"Other",45,43,8.10558711111111,7.9003688372093,-0.205218273901808,0.867407441999911,-1.9295288203039,-5.22948416294966,0.0566239299058593,0.585260257424903
"PROBE2727_at","GENE2727",1,"PlasmaCells",45,43,7.28964666666667,7.24280744186047,-0.0468392248062006,0.968054901765464,-0.459204722852627,-6.95561744187845,0.647127386323652,0.999330380285523
"PROBE2728_at","GENE2728",1,"PlasmaCells",45,43,8.06850822222222,8.21158697674419,0.143078754521962,1.10425912533933,1.42797085865836,-6.04931213446059,0.156552034400188,0.959126792932384
"PROBE2729_at","GENE2729",1,"PlasmaCells",45,43,8.01496955555556,8.09936534883721,0.0843957932816579,1.06024361391267,0.838260478270092,-6.71011477284532,0.403970980807781,0.999330380285523
"PROBE2730_at","GENE2730",2,"Microenvironment",45,43,7.48589044444444,7.56053906976744,0.0746486253229959,1.05310451651432,0.762605562821149,-6.77045503144689,0.447572264663469,0.999330380285523
"PROBE2731_at","GENE2731",1,"PlasmaCells",45,43,6.55420288888889,6.53534534883721,-0.0188575400516786,0.987014004474107,-0.186871048276297,-7.04375504955091,0.852156901487347,0.999330380285523
"PROBE2732_at","GENE2732",0,"Other",45,43,9.05452022222222,8.98686488372093,-0.0676553385012912,0.954187479802692,-0.574630145220335,-6.89593366331486,0.566888378217608,0.999330380285523
"PROBE2733_at","GENE2733",2,"Microenvironment",45,43,8.84145088888889,8.65822465116279,-0.183226237726092,0.880731250508512,-1.58914148205439,-5.8111260839746,0.11532328048262,0.862230134449498
"PROBE2734_at","GENE2734",2,"Microenvironment",45,43,11.2933322222222,11.2009820930233,-0.0923501291989659,0.93799352622521,-0.840288896823915,-6.70841955948611,0.402838636290669,0.999330380285523
"PROBE2735_at","GENE2735",2,"Microenvironment",45,43,8.924718,8.80397860465116,-0.120739395348837,0.919716166265332,-1.01063072853962,-6.55170106836814,0.314738881582505,0.999330380285523
"PROBE2736_at","GENE2736",2,"Microenvironment",45,43,6.58317422222222,6.62015186046512,0.0369776382428935,1.02596224281053,0.325963644092263,-7.00800337756872,0.745162789708351,0.999330380285523
"PROBE2737_at","GENE2737",2,"Microenvironment",45,43,9.64092733333333,9.64972813953488,0.00880080620155432,1.00611889844739,0.0764434510785502,-7.05833635626648,0.939225714396735,0.999330380285523
"PROBE2738_at","GENE2738",0,"Other",45,43,9.62594444444444,9.67995232558139,0.0540078811369558,1.03814494169315,0.457693750705642,-6.95631079777952,0.648208815971805,0.999330380285523
"PROBE2739_at","GENE2739",2,"Microenvironment",45,43,8.25565688888889,8.18581372093023,-0.0698431679586573,0.952741562746556,-0.635568479244722,-6.85908586634434,0.526572977071764,0.999330380285523
"PROBE2740_at","GENE2740",0,"Other",45,43,9.29472466666667,9.34947,0.054745333333333,1.03867573853356,0.488759361318577,-6.94159805329917,0.626129063341177,0.999330380285523
"PROBE2741_at","GENE2741",2,"Microenvironment",45,43,8.56881688888889,8.47267720930233,-0.0961396795865621,0.935532916541959,-0.830978925430193,-6.71616693520464,0.408051749796383,0.999330380285523
"PROBE2742_at","GENE2742",2,"Microenvironment",45,43,7.21147666666667,7.34700046511628,0.135523798449615,1.09849157009018,1.20161520560373,-6.34249372912515,0.232474650940012,0.999330380285523
"PROBE2743_at","GENE2743",1,"PlasmaCells",45,43,6.81973177777778,6.92124139534884,0.101509617571065,1.07289553949033,0.915795309507024,-6.6424484492256,0.362073683231967,0.999330380285523
"PROBE2744_at","GENE2744",2,"Microenvironment",45,43,7.34504577777778,7.36376186046512,0.01871608268734,1.01305751438281,0.182936270223978,-7.04448463597818,0.855234602848985,0.999330380285523
"PROBE2745_at","GENE2745",0,"Other",45,43,8.58981022222222,8.62398441860465,0.0341741963824305,1.02397053098718,0.320915917776655,-7.00963936102755,0.748973106592172,0.999330380285523
"PROBE2746_at","GENE2746",2,"Microenvironment",45,43,9.24656444444445,9.41888558139535,0.172321136950901,1.12687003641161,1.76373683650621,-5.52595448985396,0.0809642407813663,0.722463229248359
"PROBE2747_at","GENE2747",1,"PlasmaCells",45,43,10.2041871111111,10.3026806976744,0.098493586563313,1.07065493694931,0.879227807052569,-6.67509507462219,0.381477758829528,0.999330380285523
"PROBE2748_at","GENE2748",0,"Other",45,43,9.96826133333333,9.94317720930233,-0.0250841240310073,0.982763291617803,-0.225413751328556,-7.03578830458941,0.822137561198098,0.999330380285523
"PROBE2749_at","GENE2749",1,"PlasmaCells",45,43,8.80269177777778,8.75757162790698,-0.0451201498707974,0.969209096343659,-0.411761118644848,-6.97630209748047,0.681434305658944,0.999330380285523
"PROBE2750_at","GENE2750",1,"PlasmaCells",45,43,9.061282,9.0461711627907,-0.0151108372092992,0.989580627479513,-0.128043342998514,-7.05304459321094,0.898383068679503,0.999330380285523
"PROBE2751_at","GENE2751",1,"PlasmaCells",45,43,7.23474288888889,7.13759209302326,-0.0971507958656348,0.934877475764388,-0.905152391253158,-6.65208510653202,0.36765534781673,0.999330380285523
"PROBE2752_at","GENE2752",0,"Other",45,43,9.45359577777778,9.34976790697674,-0.10382787080103,0.930560677082975,-0.917903827293247,-6.6405261501861,0.360974306906375,0.999330380285523
"PROBE2753_at","GENE2753",2,"Microenvironment",45,43,8.24817622222222,8.15722465116279,-0.0909515710594313,0.938903264251412,-0.791121376338077,-6.74837245929926,0.430827373613777,0.999330380285523
"PROBE2754_at","GENE2754",0,"Other",45,43,7.75076488888889,7.67484860465116,-0.0759162842377279,0.948739366369336,-0.656283188476628,-6.84572215009185,0.513215142891467,0.999330380285523
"PROBE2755_at","GENE2755",0,"Other",45,43,7.65509844444444,7.71269255813954,0.0575941136950915,1.0407287589585,0.549339228337594,-6.91014437281689,0.584050884130089,0.999330380285523
"PROBE2756_at","GENE2756",2,"Microenvironment",45,43,8.69471844444444,8.57906186046512,-0.115656583979325,0.922962166433914,-1.02826806095037,-6.5338589873798,0.306412884734983,0.999330380285523
"PROBE2757_at","GENE2757",2,"Microenvironment",45,43,8.80056555555556,8.85110627906977,0.0505407235142119,1.03565301487261,0.435890905680914,-6.96606237623803,0.663896488140808,0.999330380285523
"PROBE2758_at","GENE2758",0,"Other",45,43,7.56706755555556,7.64464511627907,0.0775775607235172,1.05524468346313,0.641608626527745,-6.85523305538619,0.522659454085803,0.999330380285523
"PROBE2759_at","GENE2759",1,"PlasmaCells",45,43,9.32992288888889,9.28764372093023,-0.0422791679586592,0.971119561370079,-0.3855073714051,-6.98678320689047,0.700716193958359,0.999330380285523
"PROBE2760_at","GENE2760",0,"Other",45,43,9.92423888888889,10.0119065116279,0.0876676227390139,1.06265082589762,0.854811669520527,-6.69616453515865,0.394788018164168,0.999330380285523
"PROBE2761_at","GENE2761",2,"Microenvironment",45,43,8.64473733333333,8.59955906976744,-0.0451782635658908,0.969170056085035,-0.380382276006736,-6.98874899254681,0.704503728621082,0.999330380285523
"PROBE2762_at","GENE2762",1,"PlasmaCells",45,43,8.44246266666667,8.38636139534884,-0.0561012713178286,0.961859933643896,-0.462298306482402,-6.95419075887884,0.644915614831271,0.999330380285523
"PROBE2763_at","GENE2763",0,"Other",45,43,8.157276,8.31637348837209,0.159097488372092,1.11658841154446,1.40300570677122,-6.08402995160824,0.163847739270671,0.976737640957802
"PROBE2764_at","GENE2764",1,"PlasmaCells",45,43,7.91915177777778,7.82845720930233,-0.0906945684754517,0.939070535956223,-0.79868241130661,-6.74238301966276,0.426450116362294,0.999330380285523
"PROBE2765_at","GENE2765",1,"PlasmaCells",45,43,8.82353133333333,8.70435744186046,-0.119173891472867,0.920714714577012,-1.16657026126954,-6.38351614390906,0.246279643429544,0.999330380285523
"PROBE2766_at","GENE2766",1,"PlasmaCells",45,43,7.62533955555556,7.49822581395349,-0.127113741602066,0.915661493121648,-1.02836112693257,-6.53376404016102,0.30636934819805,0.999330380285523
"PROBE2767_at","GENE2767",2,"Microenvironment",45,43,7.78549333333333,7.69682558139535,-0.0886677519379848,0.940390746560139,-0.901555938855784,-6.65531649489113,0.36955374449274,0.999330380285523
"PROBE2768_at","GENE2768",2,"Microenvironment",45,43,7.76283577777778,7.67539930232558,-0.0874364754521961,0.941193671101781,-0.789040341977441,-6.75001107430726,0.43203676282784,0.999330380285523
"PROBE2769_at","GENE2769",0,"Other",45,43,8.26231777777778,8.33331581395349,0.0709980361757143,1.05044311412637,0.630625228099948,-6.86221211588246,0.529787074551193,0.999330380285523
"PROBE2770_at","GENE2770",1,"PlasmaCells",45,43,8.31367577777778,8.25800604651163,-0.0556697312661516,0.962147688962644,-0.525679832692978,-6.92286296657885,0.600325336567663,0.999330380285523
"PROBE2771_at","GENE2771",2,"Microenvironment",45,43,10.3493777777778,10.355083255814,0.00570547803617671,1.00396256630183,0.0521000715611635,-7.05990581039939,0.958557435599939,0.999330380285523
"PROBE2772_at","GENE2772",2,"Microenvironment",45,43,8.40431288888889,8.59443790697674,0.190125018087851,1.14086257409823,1.74145901878212,-5.5638960866626,0.0848130344409333,0.740725191623872
"PROBE2773_at","GENE2773",0,"Other",45,43,8.24391088888889,8.24154558139535,-0.00236530749353747,0.998361837035828,-0.0229461795415834,-7.0610031858543,0.981740929317138,0.999330380285523
"PROBE2774_at","GENE2774",2,"Microenvironment",45,43,9.59487488888889,9.68011976744186,0.085244878552972,1.06086779447497,0.784498503550541,-6.7535725416008,0.434683170370494,0.999330380285523
"PROBE2775_at","GENE2775",1,"PlasmaCells",45,43,8.24261777777778,8.31741837209302,0.0748005943152421,1.05321545309958,0.597534737840529,-6.88251583500589,0.551560186140759,0.999330380285523
"PROBE2776_at","GENE2776",0,"Other",45,43,7.61318866666667,7.65463744186046,0.041448775193798,1.02914679198017,0.370197322929299,-6.99257768225991,0.71205263639272,0.999330380285523
"PROBE2777_at","GENE2777",1,"PlasmaCells",45,43,7.21244422222222,7.19589860465116,-0.0165456175710625,0.988596964942624,-0.137622735939723,-7.05176835856056,0.890827415495565,0.999330380285523
"PROBE2778_at","GENE2778",2,"Microenvironment",45,43,12.4086726666667,12.3451493023256,-0.0635233643410889,0.956924253228952,-0.63704842835502,-6.85814519747148,0.525612686591599,0.999330380285523
"PROBE2779_at","GENE2779",2,"Microenvironment",45,43,8.97603844444444,8.94453209302326,-0.0315063514211893,0.97839819578495,-0.287229640373823,-7.01990472629876,0.774556831833332,0.999330380285523
"PROBE2780_at","GENE2780",0,"Other",45,43,7.17249977777778,7.06726953488372,-0.105230242894052,0.92965656482513,-1.08434472117159,-6.4751275843379,0.280933252765559,0.999330380285523
"PROBE2781_at","GENE2781",2,"Microenvironment",45,43,8.52028822222222,8.59190627906977,0.0716180568475462,1.05089465544268,0.669009135527534,-6.83730164016579,0.505098605311719,0.999330380285523
"PROBE2782_at","GENE2782",1,"PlasmaCells",45,43,10.5530328888889,10.391228372093,-0.161804516795867,0.893906277228667,-1.63552611686416,-5.73809941944884,0.105220253387852,0.82191752634415
"PROBE2783_at","GENE2783",1,"PlasmaCells",45,43,7.776434,7.89032279069767,0.113888790697676,1.082141225088,1.01586557518847,-6.54643697022152,0.312252067869441,0.999330380285523
"PROBE2784_at","GENE2784",1,"PlasmaCells",45,43,5.30163177777778,5.23579860465116,-0.0658331731266157,0.955393407462986,-0.608444592998464,-6.87594169718237,0.544332532774911,0.999330380285523
"PROBE2785_at","GENE2785",1,"PlasmaCells",45,43,6.443032,6.59459837209302,0.151566372093022,1.11077481515429,1.28041811832102,-6.24595452760127,0.203489520406363,0.999330380285523
"PROBE2786_at","GENE2786",0,"Other",45,43,8.23309844444444,8.23382348837209,0.000725043927648272,1.00050268845975,0.00704229177661612,-7.06124240361055,0.994395754164537,0.999330380285523
"PROBE2787_at","GENE2787",0,"Other",45,43,8.20935577777778,8.2427988372093,0.0334430594315265,1.02345172902491,0.314956648752576,-7.01153798450527,0.753479527778958,0.999330380285523
"PROBE2788_at","GENE2788",1,"PlasmaCells",45,43,8.21853533333333,8.37229813953488,0.15376280620155,1.11246720457895,1.56646888552803,-5.84609633672675,0.120536116934475,0.883048475710438
"PROBE2789_at","GENE2789",2,"Microenvironment",45,43,7.91344666666667,8.20962627906977,0.296179612403104,1.22788854385968,2.85540618745635,-3.13766503097676,0.00526976743376395,0.0836471021232373
"PROBE2790_at","GENE2790",0,"Other",45,43,9.63694333333333,9.47162348837209,-0.165319844961237,0.891730801112436,-1.43999358903509,-6.03238343236812,0.153129051228462,0.955931748574201
"PROBE2791_at","GENE2791",2,"Microenvironment",45,43,8.67009444444444,8.67542279069767,0.00532834625323098,1.00370015692334,0.0507930871102967,-7.05997326039593,0.959596150721667,0.999330380285523
"PROBE2792_at","GENE2792",0,"Other",45,43,8.00620866666667,7.93952,-0.0666886666666651,0.954827043414592,-0.588660771261243,-6.88777610319568,0.557474207930001,0.999330380285523
"PROBE2793_at","GENE2793",2,"Microenvironment",45,43,9.97929488888889,9.82213162790698,-0.157163260981914,0.89678667005218,-1.42466486181735,-6.05394333624436,0.157503539325448,0.96038743491127
"PROBE2794_at","GENE2794",1,"PlasmaCells",45,43,7.38882933333333,7.2844,-0.104429333333329,0.930172805279057,-1.07584100706968,-6.48422969636481,0.284700232745826,0.999330380285523
"PROBE2795_at","GENE2795",0,"Other",45,43,8.25875244444445,8.15138139534884,-0.107371049095605,0.928278076246772,-0.980499388496949,-6.58148292817905,0.329309255802199,0.999330380285523
"PROBE2796_at","GENE2796",1,"PlasmaCells",45,43,7.23264733333333,7.14959372093023,-0.0830536124031012,0.944057336113671,-0.811249251523371,-6.732303918368,0.419233444068402,0.999330380285523
"PROBE2797_at","GENE2797",1,"PlasmaCells",45,43,8.09879244444445,8.16019465116279,0.0614022067183466,1.04347946300749,0.60291804478379,-6.87928667617757,0.547987825756574,0.999330380285523
"PROBE2798_at","GENE2798",2,"Microenvironment",45,43,10.170422,10.1047702325581,-0.0656517674418602,0.955513546984608,-0.615822462102858,-6.87142899576324,0.539472026661496,0.999330380285523
"PROBE2799_at","GENE2799",0,"Other",45,43,8.85368933333333,8.86441279069767,0.0107234573643371,1.0074606270641,0.0975561631478499,-7.05649391207408,0.922488543180863,0.999330380285523
"PROBE2800_at","GENE2800",1,"PlasmaCells",45,43,8.77672822222222,8.90419418604651,0.127465963824285,1.09237330515593,1.08573970066096,-6.47362776612781,0.280318600594958,0.999330380285523
"PROBE2801_at","GENE2801",2,"Microenvironment",45,43,8.30366622222222,8.21349093023256,-0.0901752919896701,0.939408601176788,-0.866378304816705,-6.68625612145926,0.388447349398895,0.999330380285523
"PROBE2802_at","GENE2802",2,"Microenvironment",45,43,9.92890444444444,10.0219009302326,0.0929964857881167,1.06658318277483,0.844799774131989,-6.70463520769125,0.400327419333809,0.999330380285523
"PROBE2803_at","GENE2803",1,"PlasmaCells",45,43,8.69062133333333,8.73941093023256,0.0487895968992262,1.03439671377419,0.462193025531481,-6.95423946855346,0.644990833632645,0.999330380285523
"PROBE2804_at","GENE2804",1,"PlasmaCells",45,43,8.17619288888889,8.16194046511628,-0.0142524237726072,0.990169609941777,-0.134950349477545,-7.05213364581977,0.892934252428543,0.999330380285523
"PROBE2805_at","GENE2805",0,"Other",45,43,9.70050666666667,9.84837069767442,0.147864031007749,1.10792792458892,1.42697658279454,-6.0507060460503,0.156837732019768,0.959126792932384
"PROBE2806_at","GENE2806",0,"Other",45,43,7.54018311111111,7.55838,0.0181968888888893,1.01269300315044,0.149538310386458,-7.05005249271118,0.881443233445082,0.999330380285523
"PROBE2807_at","GENE2807",1,"PlasmaCells",45,43,6.94537866666667,6.94419465116279,-0.00118401550387759,0.999179639671427,-0.0100249032127457,-7.06121687097866,0.992022264592408,0.999330380285523
"PROBE2808_at","GENE2808",1,"PlasmaCells",45,43,9.12594911111111,9.17117186046512,0.0452227493540072,1.03184248150799,0.444886715904267,-6.96209631934889,0.657405134278793,0.999330380285523
"PROBE2809_at","GENE2809",1,"PlasmaCells",45,43,8.80212777777778,8.79301069767442,-0.00911708010336199,0.993700447538965,-0.0839555822322283,-7.0577320284634,0.933266929439576,0.999330380285523
"PROBE2810_at","GENE2810",2,"Microenvironment",45,43,9.64662911111111,9.5956088372093,-0.0510202739018073,0.96525346026467,-0.503424160446712,-6.93431886884216,0.615821644271804,0.999330380285523
"PROBE2811_at","GENE2811",0,"Other",45,43,8.20600066666667,8.15692139534884,-0.0490792713178276,0.966552986718102,-0.464434472555134,-6.9532000469491,0.643390212324353,0.999330380285523
"PROBE2812_at","GENE2812",0,"Other",45,43,9.15908822222222,9.09279581395349,-0.0662924082687315,0.955089337377984,-0.646957413790026,-6.85179107929575,0.519206587884136,0.999330380285523
"PROBE2813_at","GENE2813",2,"Microenvironment",45,43,8.57715777777778,8.60041697674419,0.0232591989664019,1.01625270963684,0.183332643950145,-7.04441184309623,0.854924465419319,0.999330380285523
"PROBE2814_at","GENE2814",0,"Other",45,43,9.39455066666667,9.46870581395349,0.0741551472868274,1.05274436065019,0.655879129092483,-6.84598688358539,0.513473975201967,0.999330380285523
"PROBE2815_at","GENE2815",0,"Other",45,43,7.34420644444444,7.30476953488372,-0.0394369095607257,0.973034653159834,-0.348467178490846,-7.00040001381121,0.728253954968633,0.999330380285523
"PROBE2816_at","GENE2816",1,"PlasmaCells",45,43,7.538192,7.58432604651163,0.0461340465116331,1.03249446417761,0.375290657675603,-6.99067596468697,0.708273907345812,0.999330380285523
"PROBE2817_at","GENE2817",0,"Other",45,43,7.81775733333333,7.64952255813953,-0.168234775193796,0.889930899663472,-1.38205831293295,-6.11270708494268,0.170167749420983,0.989347380354554
"PROBE2818_at","GENE2818",1,"PlasmaCells",45,43,8.22762088888889,8.24204209302326,0.0144212041343685,1.01004614404824,0.15141249504428,-7.04976965220203,0.879968710485772,0.999330380285523
"PROBE2819_at","GENE2819",0,"Other",45,43,9.31506133333333,9.32828209302326,0.0132207596899203,1.00920604968687,0.123261762961819,-7.05364720514969,0.902158041810168,0.999330380285523
"PROBE2820_at","GENE2820",1,"PlasmaCells",45,43,8.98398466666667,8.96404162790698,-0.0199430387596902,0.986271644217632,-0.157341635567203,-7.04885167313853,0.87530674100986,0.999330380285523
"PROBE2821_at","GENE2821",0,"Other",45,43,8.30107933333333,8.44583953488372,0.14476020155039,1.10554687888852,1.25441806108416,-6.27846225311963,0.212741951336903,0.999330380285523
"PROBE2822_at","GENE2822",2,"Microenvironment",45,43,9.445232,9.54491372093023,0.0996817209302296,1.07153704012861,0.932593844833918,-6.62701301279749,0.353374091264098,0.999330380285523
"PROBE2823_at","GENE2823",1,"PlasmaCells",45,43,9.29540288888889,9.37606162790698,0.0806587390180873,1.05750078847188,0.704740306080687,-6.81280302562798,0.482681612386258,0.999330380285523
"PROBE2824_at","GENE2824",0,"Other",45,43,8.40381066666667,8.3926188372093,-0.0111918294573616,0.992272427371027,-0.0926980763482409,-7.05695746077548,0.926336996417786,0.999330380285523
"PROBE2825_at","GENE2825",0,"Other",45,43,10.3627937777778,10.3706374418605,0.00784366408268333,1.00545161993633,0.0619697251108176,-7.05934114040627,0.950716043215432,0.999330380285523
"PROBE2826_at","GENE2826",1,"PlasmaCells",45,43,6.59394622222222,6.59624395348837,0.00229773126615029,1.00159393491482,0.0203258845560622,-7.06106005710117,0.983825680068819,0.999330380285523
"PROBE2827_at","GENE2827",2,"Microenvironment",45,43,7.79966311111111,7.69900674418605,-0.100656366925062,0.932608596437172,-1.03365329888808,-6.52835106716674,0.303900504596584,0.999330380285523
"PROBE2828_at","GENE2828",2,"Microenvironment",45,43,7.58326177777778,7.60143953488372,0.0181777571059465,1.01267957377437,0.157789184919813,-7.04878095096984,0.874955017766305,0.999330380285523
"PROBE2829_at","GENE2829",0,"Other",45,43,9.37605422222222,9.33329139534884,-0.042762826873382,0.97079405119817,-0.324308786320067,-7.00854252892499,0.746411280061803,0.999330380285523
"PROBE2830_at","GENE2830",2,"Microenvironment",45,43,8.511638,8.52364418604651,0.0120061860465182,1.00835677855856,0.110863700283931,-7.05510292175187,0.911956354273354,0.999330380285523
"PROBE2831_at","GENE2831",0,"Other",45,43,10.3030893333333,10.2746025581395,-0.0284867751938016,0.980448138252502,-0.254423781605029,-7.02881054826028,0.799713482117421,0.999330380285523
"PROBE2832_at","GENE2832",0,"Other",45,43,7.68755977777778,7.92251534883721,0.234955571059437,1.17687049399836,2.39649093438666,-4.26426836026494,0.0184942300066899,0.251622176961767
"PROBE2833_at","GENE2833",1,"PlasmaCells",45,43,9.462064,9.34459418604651,-0.117469813953484,0.921802883720279,-1.26442765077539,-6.26602365036121,0.209144032412252,0.999330380285523
"PROBE2834_at","GENE2834",0,"Other",45,43,8.226578,8.10934209302326,-0.117235906976738,0.921952349546148,-1.0567355035469,-6.50442446619776,0.293289733856756,0.999330380285523
"PROBE2835_at","GENE2835",2,"Microenvironment",45,43,8.96443288888889,8.93486093023256,-0.0295719586563337,0.979710930441877,-0.29954542625868,-7.01628331485078,0.765172819798162,0.999330380285523
"PROBE2836_at","GENE2836",1,"PlasmaCells",45,43,8.97199111111111,9.08839837209302,0.116407260981916,1.08403193698455,1.06733264956795,-6.4932667758107,0.288503862184856,0.999330380285523
"PROBE2837_at","GENE2837",2,"Microenvironment",45,43,10.0253302222222,10.0021060465116,-0.0232241757105935,0.984031104746621,-0.23247114463962,-7.03416836645969,0.816667994812907,0.999330380285523
"PROBE2838_at","GENE2838",0,"Other",45,43,8.47148822222222,8.35355651162791,-0.117931710594316,0.921507804377993,-1.0980225876407,-6.46034059060594,0.274946601424198,0.999330380285523
"PROBE2839_at","GENE2839",2,"Microenvironment",45,43,9.00909266666667,9.01449674418605,0.00540407751937977,1.00375284545185,0.0503537197748111,-7.05999555015444,0.959945350028166,0.999330380285523
"PROBE2840_at","GENE2840",1,"PlasmaCells",45,43,7.40877711111111,7.36475255813953,-0.0440245529715755,0.969945402872114,-0.396072311777439,-6.98264815892062,0.692932412275409,0.999330380285523
"PROBE2841_at","GENE2841",1,"PlasmaCells",45,43,7.96020533333333,7.82197511627907,-0.13823021705426,0.908633110384773,-1.22522561980223,-6.31419222970913,0.223493949834638,0.999330380285523
"PROBE2842_at","GENE2842",0,"Other",45,43,8.06806666666667,8.16592162790698,0.0978549612403139,1.07018110427947,0.82904108339989,-6.71776883177686,0.409141954881679,0.999330380285523
"PROBE2843_at","GENE2843",0,"Other",45,43,9.71723155555556,9.73882953488372,0.0215979793281598,1.0150831988828,0.17357930697995,-7.04615728712135,0.86256232955008,0.999330380285523
"PROBE2844_at","GENE2844",1,"PlasmaCells",45,43,7.40769644444444,7.3971376744186,-0.01055877002584,0.992707935390482,-0.0922750296913139,-7.0569967067304,0.926672207466203,0.999330380285523
"PROBE2845_at","GENE2845",0,"Other",45,43,7.63427422222222,7.79610930232558,0.161835080103359,1.11870920986833,1.39869368936878,-6.08996697924838,0.165133809921636,0.98147881082696
"PROBE2846_at","GENE2846",0,"Other",45,43,7.74191155555556,7.73523697674419,-0.00667457881137068,0.995384220121699,-0.0649139943178724,-7.0591537695122,0.948377738768006,0.999330380285523
"PROBE2847_at","GENE2847",0,"Other",45,43,7.97152511111111,7.9393588372093,-0.0321662739018072,0.977950755891541,-0.277424924098313,-7.02267926683548,0.782051601507613,0.999330380285523
"PROBE2848_at","GENE2848",2,"Microenvironment",45,43,8.65923511111111,8.81399837209302,0.154763260981916,1.11323892631709,1.41717029984955,-6.06440398940102,0.159677038539737,0.96920812467215
"PROBE2849_at","GENE2849",0,"Other",45,43,7.26083466666667,7.41525558139535,0.154420914728684,1.11297479013462,1.34117077470365,-6.16748754090119,0.183035958938401,0.999330380285523
"PROBE2850_at","GENE2850",1,"PlasmaCells",45,43,8.277,8.07409581395349,-0.20290418604651,0.868799882990473,-1.76664716640783,-5.52096450353688,0.0804722469514237,0.720109592406476
"PROBE2851_at","GENE2851",1,"PlasmaCells",45,43,7.87603533333333,7.81038395348837,-0.0656513798449581,0.955513803694537,-0.545171512459658,-6.91242518701778,0.586902527869904,0.999330380285523
"PROBE2852_at","GENE2852",0,"Other",45,43,7.86760177777778,7.74243093023256,-0.12517084754522,0.916895455728341,-1.18222135800968,-6.36534118562674,0.240043814965837,0.999330380285523
"PROBE2853_at","GENE2853",2,"Microenvironment",45,43,8.56002,8.56062,0.000600000000002154,1.00041597480187,0.00585144616447599,-7.06125010503761,0.99534341537754,0.999330380285523
"PROBE2854_at","GENE2854",0,"Other",45,43,9.62196911111111,9.82485372093023,0.202884609819124,1.1509974281341,1.94439996373017,-5.20168529230521,0.0547803231132529,0.576620857469869
"PROBE2855_at","GENE2855",0,"Other",45,43,8.43733288888889,8.50514767441861,0.0678147855297127,1.04812790728777,0.686936008307561,-6.82516803956671,0.493782511533169,0.999330380285523
"PROBE2856_at","GENE2856",2,"Microenvironment",45,43,9.09458533333333,9.01760953488372,-0.0769757984496096,0.948042868638509,-0.658797512083553,-6.84407117322126,0.511606070031917,0.999330380285523
"PROBE2857_at","GENE2857",1,"PlasmaCells",45,43,8.857424,8.8254411627907,-0.0319828372093074,0.97807510889215,-0.279834182597304,-7.02200640895919,0.780208017536601,0.999330380285523
"PROBE2858_at","GENE2858",1,"PlasmaCells",45,43,7.77263288888889,7.83600860465116,0.0633757157622714,1.04490784894071,0.530876734689553,-6.92011695756408,0.59673275678944,0.999330380285523
"PROBE2859_at","GENE2859",1,"PlasmaCells",45,43,8.61784711111111,8.56003744186047,-0.0578096692506449,0.960721600925468,-0.468945601715197,-6.95109293533058,0.640173903360526,0.999330380285523
"PROBE2860_at","GENE2860",1,"PlasmaCells",45,43,8.40455866666667,8.40048627906977,-0.00407238759689754,0.997181216271324,-0.0357436953224076,-7.06062646311415,0.971561099209916,0.999330380285523
"PROBE2861_at","GENE2861",0,"Other",45,43,6.67915711111111,6.67443488372093,-0.00472222739018058,0.996732152473107,-0.0445624240126758,-7.06027125386216,0.964548845817267,0.999330380285523
"PROBE2862_at","GENE2862",1,"PlasmaCells",45,43,9.86551733333333,9.86824046511628,0.00272313178295391,1.00188931362584,0.0262601224807448,-7.06092139587924,0.979104483795641,0.999330380285523
"PROBE2863_at","GENE2863",1,"PlasmaCells",45,43,11.0635126666667,11.0870330232558,0.0235203565891418,1.01643668903465,0.217535951158411,-7.03753763762749,0.82825332826811,0.999330380285523
"PROBE2864_at","GENE2864",2,"Microenvironment",45,43,9.28453,9.20952418604651,-0.0750058139534886,0.949338295180236,-0.735574566907237,-6.79064835073178,0.463786683362896,0.999330380285523
"PROBE2865_at","GENE2865",0,"Other",45,43,9.30306911111111,9.30566139534884,0.00259228423773195,1.00179844978504,0.0264875525717679,-7.0609153788078,0.978923557331763,0.999330380285523
"PROBE2866_at","GENE2866",0,"Other",45,43,6.70696022222222,6.80627790697674,0.0993176847545199,1.07126669260196,0.881724745327742,-6.67290747887131,0.380132514852168,0.999330380285523
"PROBE2867_at","GENE2867",1,"PlasmaCells",45,43,7.75800066666667,7.70927488372093,-0.0487257829457342,0.966789840032814,-0.451144328167729,-6.95928989549391,0.652905049880192,0.999330380285523
"PROBE2868_at","GENE2868",2,"Microenvironment",45,43,8.32200155555556,8.49983906976744,0.177837514211888,1.13118705395793,1.5458921774823,-5.87742067167044,0.125427640766184,0.896779649167807
"PROBE2869_at","GENE2869",2,"Microenvironment",45,43,8.89215511111111,8.84981046511628,-0.0423446459948309,0.971075487219265,-0.418318485530665,-6.97357688435716,0.676650497323764,0.999330380285523
"PROBE2870_at","GENE2870",1,"PlasmaCells",45,43,8.71057266666667,8.70401627906977,-0.00655638759690014,0.995465769226419,-0.0564483159533684,-7.05966907622906,0.955102228557267,0.999330380285523
"PROBE2871_at","GENE2871",0,"Other",45,43,9.21354777777778,9.30699744186047,0.0934496640826872,1.06691826971779,0.824244700008138,-6.72171785663371,0.41184789906952,0.999330380285523
"PROBE2872_at","GENE2872",0,"Other",45,43,7.82058422222222,7.80232558139535,-0.0182586408268728,0.987423824025163,-0.150989707218838,-7.04983376432366,0.880301303918244,0.999330380285523
"PROBE2873_at","GENE2873",1,"PlasmaCells",45,43,6.43970044444444,6.35699209302326,-0.0827083514211866,0.94428329181387,-0.789884067551164,-6.74934723474684,0.431546192700319,0.999330380285523
"PROBE2874_at","GENE2874",1,"PlasmaCells",45,43,9.57240777777778,9.51444534883721,-0.0579624289405665,0.960619880353788,-0.536567764360199,-6.91707905035482,0.592810031816718,0.999330380285523
"PROBE2875_at","GENE2875",0,"Other",45,43,8.42686555555555,8.38388697674419,-0.0429785788113701,0.97064888189258,-0.423330337215809,-6.97146505725108,0.67300309389734,0.999330380285523
"PROBE2876_at","GENE2876",1,"PlasmaCells",45,43,6.80965644444444,6.76757604651163,-0.0420803979328159,0.971253368413805,-0.369525543170997,-6.99282657309225,0.712551566656054,0.999330380285523
"PROBE2877_at","GENE2877",0,"Other",45,43,11.4359475555556,11.5568113953488,0.120863839793282,1.0873857595623,1.0416943324576,-6.52007449274184,0.300175051970797,0.999330380285523
"PROBE2878_at","GENE2878",1,"PlasmaCells",45,43,5.47832733333333,5.61607953488372,0.137752201550386,1.10018962369015,1.30589699891431,-6.21347360950684,0.194714572735978,0.999330380285523
"PROBE2879_at","GENE2879",1,"PlasmaCells",45,43,9.13858155555556,9.05111,-0.0874715555555525,0.94117078562085,-0.854296053997415,-6.69660317775379,0.395072143993128,0.999330380285523
"PROBE2880_at","GENE2880",2,"Microenvironment",45,43,10.1007846666667,10.1481344186047,0.0473497519379915,1.03336487552221,0.40919649879305,-6.97735627119835,0.683308836115753,0.999330380285523
"PROBE2881_at","GENE2881",2,"Microenvironment",45,43,9.07039688888889,9.03152604651163,-0.0388708423772606,0.973416515606675,-0.350784355022519,-6.99958835805628,0.726520301966885,0.999330380285523
"PROBE2882_at","GENE2882",0,"Other",45,43,7.77992822222222,7.76413325581395,-0.0157949664082668,0.989111477388546,-0.14326348692566,-7.05097382109877,0.886382988091773,0.999330380285523
"PROBE2883_at","GENE2883",0,"Other",45,43,8.22175666666667,8.25137697674419,0.0296203100775205,1.02074345007241,0.274376036337739,-7.02352243374785,0.784386417643623,0.999330380285523
"PROBE2884_at","GENE2884",2,"Microenvironment",45,43,7.65547488888889,7.68073488372093,0.0252599948320418,1.01766307340818,0.219427013188948,-7.03712338086731,0.82678426135693,0.999330380285523
"PROBE2885_at","GENE2885",2,"Microenvironment",45,43,9.120054,9.12075186046512,0.000697860465118438,1.00048383702521,0.00582326445912269,-7.06125027006283,0.995365842140024,0.999330380285523
"PROBE2886_at","GENE2886",1,"PlasmaCells",45,43,7.05449866666667,6.96953813953488,-0.0849605271317779,0.942810331334319,-0.810558568549642,-6.73286190407753,0.419628173527689,0.999330380285523
"PROBE2887_at","GENE2887",2,"Microenvironment",45,43,9.61346422222222,9.55132860465116,-0.0621356175710588,0.957845173731004,-0.54734991034333,-6.91123519538104,0.58541120239264,0.999330380285523
"PROBE2888_at","GENE2888",0,"Other",45,43,9.11554244444445,9.10825558139535,-0.00728686304909587,0.994961865610496,-0.06321065868162,-7.05926322846564,0.949730454431427,0.999330380285523
"PROBE2889_at","GENE2889",1,"PlasmaCells",45,43,8.15610466666667,7.97242325581395,-0.183681410852713,0.880453421894521,-1.71428501730624,-5.60956351378316,0.0897098870714546,0.760257746403595
"PROBE2890_at","GENE2890",0,"Other",45,43,8.93806133333333,8.88463627906977,-0.0534250542635633,0.96364585159496,-0.467732345461497,-6.95166163056167,0.641038249670417,0.999330380285523
"PROBE2891_at","GENE2891",0,"Other",45,43,8.91631244444445,8.87259023255814,-0.0437222118863012,0.970148692595717,-0.385195494150201,-6.98690358022355,0.700946462017898,0.999330380285523
"PROBE2892_at","GENE2892",0,"Other",45,43,9.29758222222222,9.34211209302326,0.0445298708010355,1.03134704078673,0.389052644572036,-6.98540803312025,0.69810058344581,0.999330380285523
"PROBE2893_at","GENE2893",2,"Microenvironment",45,43,10.5780544444444,10.5926739534884,0.0146195090439285,1.010184988967,0.118774283524945,-7.05419189932753,0.905702874563039,0.999330380285523
"PROBE2894_at","GENE2894",1,"PlasmaCells",45,43,8.31711177777778,8.18699744186046,-0.130114335917311,0.913759030477461,-1.18171711795295,-6.36593040581038,0.240242939728169,0.999330380285523
"PROBE2895_at","GENE2895",1,"PlasmaCells",45,43,8.57573622222222,8.60091372093023,0.0251774987080111,1.01760488310706,0.26242033930349,-7.02673900088631,0.793560849316413,0.999330380285523
"PROBE2896_at","GENE2896",2,"Microenvironment",45,43,10.8760217777778,10.8473223255814,-0.0286994521963813,0.980303614706968,-0.27768585108658,-7.02260667560511,0.781851877808339,0.999330380285523
"PROBE2897_at","GENE2897",2,"Microenvironment",45,43,8.73674911111111,8.78070744186046,0.043958330749355,1.03093854184563,0.375992858257598,-6.9904117491572,0.70775351610448,0.999330380285523
"PROBE2898_at","GENE2898",0,"Other",45,43,8.69281622222222,8.58931418604651,-0.103502036175712,0.930770869205084,-0.934901947350225,-6.62487067082007,0.352189350098481,0.999330380285523
"PROBE2899_at","GENE2899",0,"Other",45,43,7.84342711111111,7.83655069767442,-0.00687641343669476,0.995244974513439,-0.071090524226153,-7.0587324478131,0.943473901699242,0.999330380285523
"PROBE2900_at","GENE2900",0,"Other",45,43,7.09335222222222,7.15620860465116,0.0628563824289454,1.04453177651965,0.572170559655414,-6.89734356338595,0.568546634054977,0.999330380285523
"PROBE2901_at","GENE2901",2,"Microenvironment",45,43,8.76459333333333,8.71447511627907,-0.0501182170542638,0.965857181588902,-0.467099390128502,-6.95195773655609,0.641489375215609,0.999330380285523
"PROBE2902_at","GENE2902",1,"PlasmaCells",45,43,7.82417844444444,7.86393651162791,0.0397580671834614,1.02794143151215,0.36692617363332,-6.99378537909322,0.714483291918501,0.999330380285523
"PROBE2903_at","GENE2903",1,"PlasmaCells",45,43,9.03265044444444,9.00368930232558,-0.0289611421188614,0.980125813921196,-0.257495535997035,-7.02802236707915,0.797348526159774,0.999330380285523
"PROBE2904_at","GENE2904",1,"PlasmaCells",45,43,7.86497111111111,7.95100418604651,0.086033074935397,1.06144754320305,0.739465326445231,-6.78778615926955,0.461432547201412,0.999330380285523
"PROBE2905_at","GENE2905",2,"Microenvironment",45,43,8.61656733333333,8.63874255813954,0.0221752248062028,1.01548943125337,0.197621308938171,-7.04168264299711,0.843760057375959,0.999330380285523
"PROBE2906_at","GENE2906",2,"Microenvironment",45,43,10.5627202222222,10.598416744186,0.0356965219638212,1.02505159053705,0.325014270787616,-7.00831301746432,0.745878951689793,0.999330380285523
"PROBE2907_at","GENE2907",2,"Microenvironment",45,43,8.16064044444444,8.18099023255814,0.0203497881136983,1.01420534878038,0.193394541098336,-7.04251128195265,0.847059418191657,0.999330380285523
"PROBE2908_at","GENE2908",1,"PlasmaCells",45,43,7.56260244444444,7.45617651162791,-0.106425932816538,0.928886394797113,-0.92991549397725,-6.62949249523739,0.354752083966833,0.999330380285523
"PROBE2909_at","GENE2909",2,"Microenvironment",45,43,6.47862955555556,6.42400348837209,-0.054626067183464,0.962843970751297,-0.465938674391841,-6.95249969968011,0.642317000168658,0.999330380285523
"PROBE2910_at","GENE2910",1,"PlasmaCells",45,43,9.90798177777778,9.92949906976744,0.0215172919896602,1.01502642869297,0.194327232300765,-7.0423299711807,0.846331135057989,0.999330380285523
"PROBE2911_at","GENE2911",0,"Other",45,43,6.916192,6.94756279069767,0.0313707906976735,1.02198271132228,0.292804033393698,-7.01828439437219,0.770305185729352,0.999330380285523
"PROBE2912_at","GENE2912",0,"Other",45,43,7.86510711111111,7.80771604651163,-0.0573910645994813,0.961000399195044,-0.524673836021149,-6.92339142604643,0.601021920708971,0.999330380285523
"PROBE2913_at","GENE2913",1,"PlasmaCells",45,43,7.98492066666667,7.98588,0.0009593333333342,1.0006651803296,0.0087697393845544,-7.06122870333333,0.993021085903666,0.999330380285523
"PROBE2914_at","GENE2914",0,"Other",45,43,9.64280822222222,9.52591534883721,-0.116892873385011,0.922171590771053,-0.960190694877239,-6.60105769443139,0.339376340755686,0.999330380285523
"PROBE2915_at","GENE2915",2,"Microenvironment",45,43,9.11722377777778,9.10165302325581,-0.0155707545219652,0.989265208965629,-0.125102394488824,-7.05341794822298,0.900704624809025,0.999330380285523
"PROBE2916_at","GENE2916",0,"Other",45,43,8.07385933333333,8.05668837209302,-0.0171709612403106,0.988168545303327,-0.15629809102655,-7.04901579516935,0.876126946223869,0.999330380285523
"PROBE2917_at","GENE2917",0,"Other",45,43,10.1297811111111,10.0664748837209,-0.0633062273901785,0.957068288694541,-0.585868925164097,-6.88941488336895,0.559341286564146,0.999330380285523
"PROBE2918_at","GENE2918",1,"PlasmaCells",45,43,9.46307177777778,9.36961395348837,-0.0934578242894055,0.937273615209745,-0.750428452216776,-6.77964098982424,0.454835816568905,0.999330380285523
"PROBE2919_at","GENE2919",1,"PlasmaCells",45,43,8.23871666666667,8.16846790697674,-0.0702487596899211,0.952473751618496,-0.589196795278683,-6.8874605785007,0.557116088734008,0.999330380285523
"PROBE2920_at","GENE2920",1,"PlasmaCells",45,43,7.99529622222222,7.93591837209302,-0.0593778501291986,0.959677882964308,-0.556238263042757,-6.90633089210271,0.579344864239392,0.999330380285523
"PROBE2921_at","GENE2921",0,"Other",45,43,7.59238133333333,7.49123093023256,-0.101150403100778,0.932289288827378,-0.888149877976287,-6.66725029231339,0.376684563310367,0.999330380285523
"PROBE2922_at","GENE2922",0,"Other",45,43,8.503596,8.52813697674419,0.0245409767441824,1.01715601139724,0.220139705036478,-7.03696632896779,0.826230767864852,0.999330380285523
"PROBE2923_at","GENE2923",2,"Microenvironment",45,43,10.0860373333333,9.91117651162791,-0.174860821705428,0.885852974140223,-1.63560398628951,-5.73797515293295,0.105203912680837,0.82191752634415
"PROBE2924_at","GENE2924",0,"Other",45,43,9.45241288888889,9.45596976744186,0.00355687855298115,1.00246848203782,0.0341813741220317,-7.06068125733379,0.972803634884144,0.999330380285523
"PROBE2925_at","GENE2925",1,"PlasmaCells",45,43,8.60574333333333,8.7692488372093,0.163505503875973,1.12000525696828,1.49099517673982,-5.95906153488308,0.139248086423891,0.944054823212821
"PROBE2926_at","GENE2926",1,"PlasmaCells",45,43,7.48155777777778,7.6527988372093,0.171241059431525,1.12602671784631,1.57088135542177,-5.83932791650057,0.119507186945905,0.881971859379371
"PROBE2927_at","GENE2927",1,"PlasmaCells",45,43,5.69234155555556,5.82863976744186,0.136298211886306,1.09908137941616,1.15594128831755,-6.39572490692294,0.250579748603291,0.999330380285523
"PROBE2928_at","GENE2928",0,"Other",45,43,8.657716,8.77779023255814,0.120074232558141,1.08679078091632,1.07146921677129,-6.48888190476704,0.286650300272281,0.999330380285523
"PROBE2929_at","GENE2929",0,"Other",45,43,7.924312,7.84995279069767,-0.0743592093023286,0.949763876554648,-0.590548257469281,-6.88666378949691,0.556213678481776,0.999330380285523
"PROBE2930_at","GENE2930",1,"PlasmaCells",45,43,7.80857644444444,7.72608930232558,-0.0824871421188611,0.944428090442306,-0.730491080141356,-6.79436546222438,0.46687270157531,0.999330380285523
"PROBE2931_at","GENE2931",1,"PlasmaCells",45,43,8.91347266666667,8.89996488372093,-0.0135077829457391,0.990680813634436,-0.120988648474709,-7.05392564129532,0.903953419399007,0.999330380285523
"PROBE2932_at","GENE2932",0,"Other",45,43,8.82947,8.80500348837209,-0.0244665116279048,0.983184099009296,-0.19732484053617,-7.04174134803625,0.843991386740495,0.999330380285523
"PROBE2933_at","GENE2933",2,"Microenvironment",45,43,8.64292511111111,8.58950255813953,-0.0534225529715773,0.963647522330401,-0.526667268960504,-6.922343278332,0.599641965084672,0.999330380285523
"PROBE2934_at","GENE2934",0,"Other",45,43,10.5742962222222,10.427528372093,-0.1467678501292,0.903271847569838,-1.35924691368535,-6.14346454490999,0.177259385933208,0.999330380285523
"PROBE2935_at","GENE2935",2,"Microenvironment",45,43,7.666328,7.71867837209302,0.0523503720930263,1.03695290423172,0.537770441540233,-6.9164329326022,0.591982587085442,0.999330380285523
"PROBE2936_at","GENE2936",1,"PlasmaCells",45,43,8.44586844444444,8.53576906976744,0.0899006253230006,1.06429686980076,0.725052802393085,-6.79831377957885,0.470186873403477,0.999330380285523
"PROBE2937_at","GENE2937",2,"Microenvironment",45,43,8.61987688888889,8.58174372093023,-0.038133167958657,0.973914367233255,-0.41330966549451,-6.97566239756114,0.680303408300582,0.999330380285523
"PROBE2938_at","GENE2938",0,"Other",45,43,7.92593044444444,7.88861418604651,-0.0373162583979312,0.9744659912616,-0.321800469938687,-7.00935451599483,0.748304942203873,0.999330380285523
"PROBE2939_at","GENE2939",0,"Other",45,43,9.31434688888889,9.42432930232558,0.109982413436693,1.07921508070956,1.05280437213116,-6.50853588531781,0.295078791383266,0.999330380285523
"PROBE2940_at","GENE2940",0,"Other",45,43,7.64243266666667,7.53409837209302,-0.108334294573642,0.927658498859862,-0.917005586190579,-6.64134559202084,0.361442387476143,0.999330380285523
"PROBE2941_at","GENE2941",1,"PlasmaCells",45,43,8.74218444444444,8.85502465116279,0.112840206718348,1.0813549856882,0.951921247823596,-6.60891318052093,0.343532385184335,0.999330380285523
"PROBE2942_at","GENE2942",1,"PlasmaCells",45,43,8.06093733333333,8.08479534883721,0.0238580155038779,1.01667461116392,0.211925309633321,-7.03874562696404,0.832615514394116,0.999330380285523
"PROBE2943_at","GENE2943",1,"PlasmaCells",45,43,8.93184911111111,8.9248711627907,-0.00697794832041687,0.995174933011924,-0.063365142929175,-7.05925342106994,0.949607763580384,0.999330380285523
"PROBE2944_at","GENE2944",2,"Microenvironment",45,43,8.59385088888889,8.77572558139535,0.181874692506462,1.13435695434153,1.74856132916345,-5.55184916185677,0.0835700143561129,0.734681444888904
"PROBE2945_at","GENE2945",2,"Microenvironment",45,43,8.23283466666667,8.08075744186046,-0.152077224806204,0.899953755638542,-1.48563302612292,-5.96688503829206,0.140659521798703,0.945206762896939
"PROBE2946_at","GENE2946",1,"PlasmaCells",45,43,5.98913888888889,6.09088325581395,0.101744366925064,1.07307013080707,0.87190748452564,-6.68147330965398,0.38543870991072,0.999330380285523
"PROBE2947_at","GENE2947",0,"Other",45,43,8.19923333333333,8.28019720930233,0.0809638759689904,1.05772447863778,0.757487872293398,-6.77433342320676,0.450616738258893,0.999330380285523
"PROBE2948_at","GENE2948",1,"PlasmaCells",45,43,8.48079333333333,8.57829023255814,0.097496899224808,1.06991552933523,0.91147402488946,-6.64637451579574,0.364333441401849,0.999330380285523
"PROBE2949_at","GENE2949",1,"PlasmaCells",45,43,8.15528711111111,8.15642534883721,0.00113823772609578,1.00078927758641,0.0107993702070422,-7.06120878170787,0.991405973478294,0.999330380285523
"PROBE2950_at","GENE2950",2,"Microenvironment",45,43,8.56332,8.58247279069767,0.0191527906976745,1.01336421627415,0.160564732118441,-7.04833787292303,0.872774314117909,0.999330380285523
"PROBE2951_at","GENE2951",0,"Other",45,43,7.38405066666667,7.44564023255814,0.0615895658914729,1.04361498585832,0.547395915901118,-6.91121001311495,0.585379726392421,0.999330380285523
"PROBE2952_at","GENE2952",0,"Other",45,43,7.51237133333333,7.57481953488372,0.0624482015503842,1.04423628954754,0.590806126757504,-6.88651155020117,0.556041574037124,0.999330380285523
"PROBE2953_at","GENE2953",0,"Other",45,43,8.99283622222222,9.08108674418605,0.0882505219638272,1.06308026072292,0.73215727291411,-6.79314992844368,0.4658599378078,0.999330380285523
"PROBE2954_at","GENE2954",0,"Other",45,43,8.02312244444444,8.00687023255814,-0.016252211886302,0.988798039638564,-0.143772597325543,-7.05090054007498,0.885982029171893,0.999330380285523
"PROBE2955_at","GENE2955",0,"Other",45,43,8.66707111111111,8.6302688372093,-0.0368022739018095,0.974813223093622,-0.315733795404177,-7.01129239911819,0.752891358965346,0.999330380285523
"PROBE2956_at","GENE2956",0,"Other",45,43,6.63083,6.8384811627907,0.207651162790699,1.15480652373967,1.78945262824211,-5.48159626396483,0.0767017660346071,0.698877139267491
"PROBE2957_at","GENE2957",2,"Microenvironment",45,43,7.34500711111111,7.37498697674419,0.0299798656330754,1.02099787648006,0.259327302397916,-7.02754785847306,0.795939139207007,0.999330380285523
"PROBE2958_at","GENE2958",1,"PlasmaCells",45,43,9.07010088888889,9.08102674418605,0.0109258552971578,1.00760197519831,0.0996802357168676,-7.05628380092186,0.920806480222207,0.999330380285523
"PROBE2959_at","GENE2959",2,"Microenvironment",45,43,10.4628753333333,10.331928372093,-0.130946961240314,0.913231823145252,-1.23994696528943,-6.2962759028238,0.218023496420276,0.999330380285523
"PROBE2960_at","GENE2960",1,"PlasmaCells",45,43,8.15962355555556,8.20304674418605,0.0434231886304897,1.0305562044068,0.391008366713692,-6.98464405874845,0.696659257209658,0.999330380285523
"PROBE2961_at","GENE2961",2,"Microenvironment",45,43,7.93846022222222,7.94692837209302,0.00846814987079547,1.00588693449939,0.0795904409691162,-7.05809007941888,0.936729013561315,0.999330380285523
"PROBE2962_at","GENE2962",0,"Other",45,43,8.68594466666667,8.57066348837209,-0.115281178294572,0.923202362953542,-1.11199827490712,-6.44504499886006,0.268921574982914,0.999330380285523
"PROBE2963_at","GENE2963",1,"PlasmaCells",45,43,9.30417622222222,9.25832348837209,-0.0458527338501273,0.968717068024993,-0.447860541771722,-6.9607674804213,0.655264958134567,0.999330380285523
"PROBE2964_at","GENE2964",2,"Microenvironment",45,43,8.32481088888889,8.45266232558139,0.127851436692513,1.09266521475448,1.30254200950185,-6.21778592097571,0.195853647530276,0.999330380285523
"PROBE2965_at","GENE2965",2,"Microenvironment",45,43,9.96658355555556,10.0158646511628,0.0492810956072329,1.03474917305747,0.406750531842839,-6.97835555844608,0.685098490668848,0.999330380285523
"PROBE2966_at","GENE2966",0,"Other",45,43,9.38165488888889,9.39478813953488,0.0131332506459945,1.00914483648821,0.112470048483805,-7.05492300391897,0.910686041591287,0.999330380285523
"PROBE2967_at","GENE2967",1,"PlasmaCells",45,43,6.99535644444444,7.06057720930233,0.0652207648578838,1.04624502661396,0.549101719375843,-6.91027481519371,0.584213216860216,0.999330380285523
"PROBE2968_at","GENE2968",1,"PlasmaCells",45,43,8.75806,8.68661046511628,-0.0714495348837154,0.951681324257393,-0.717211443702853,-6.80395541704511,0.474988673124855,0.999330380285523
"PROBE2969_at","GENE2969",1,"PlasmaCells",45,43,7.61701755555556,7.80400325581395,0.186985700258397,1.13838274556775,1.79994420991553,-5.46332649017104,0.0750169477644177,0.692986898379596
"PROBE2970_at","GENE2970",2,"Microenvironment",45,43,8.49429222222222,8.69255348837209,0.198261266149871,1.1473147794108,1.68865061794674,-5.65202444926092,0.094538905064942,0.779702309813954
"PROBE2971_at","GENE2971",2,"Microenvironment",45,43,9.73801022222222,9.68548162790698,-0.0525285943152447,0.964244826663565,-0.483975739179705,-6.94392619698653,0.629507565722647,0.999330380285523
"PROBE2972_at","GENE2972",0,"Other",45,43,7.581436,7.73039697674419,0.148960976744186,1.10877065221559,1.32259515958789,-6.19185162615264,0.18911861992,0.999330380285523
"PROBE2973_at","GENE2973",0,"Other",45,43,7.92117244444444,8.00727953488372,0.086107090439274,1.0615020007203,0.816979731960543,-6.72765632893256,0.415967003719205,0.999330380285523
"PROBE2974_at","GENE2974",2,"Microenvironment",45,43,9.31162,9.32285,0.0112299999999994,1.00781441725992,0.101668566360053,-7.0560830172117,0.919232237807798,0.999330380285523
"PROBE2975_at","GENE2975",1,"PlasmaCells",45,43,8.11584822222222,8.05076046511628,-0.0650877571059425,0.955887170555941,-0.537733461094033,-6.91645282114068,0.59200802169275,0.999330380285523
"PROBE2976_at","GENE2976",2,"Microenvironment",45,43,10.6313624444444,10.6572825581395,0.0259201136950917,1.01812882139007,0.231455454990041,-7.03440457836954,0.817454615058005,0.999330380285523
"PROBE2977_at","GENE2977",1,"PlasmaCells",45,43,7.97503111111111,7.96556744186046,-0.00946366925064801,0.99346175230902,-0.10002245215935,-7.05624952600898,0.920535510881636,0.999330380285523
"PROBE2978_at","GENE2978",1,"PlasmaCells",45,43,6.41655266666667,6.43964534883721,0.0230926821705451,1.01613541985997,0.192656301644025,-7.04265417423347,0.847635959624245,0.999330380285523
"PROBE2979_at","GENE2979",1,"PlasmaCells",45,43,7.67878911111111,7.47361651162791,-0.205172599483207,0.867434903768773,-1.9575463224409,-5.17694649036705,0.053193127875213,0.561405043537868
"PROBE2980_at","GENE2980",2,"Microenvironment",45,43,8.50690622222222,8.56291465116279,0.0560084289405651,1.03958550893212,0.509152916278612,-6.93141714111208,0.611815746688855,0.999330380285523
"PROBE2981_at","GENE2981",2,"Microenvironment",45,43,9.01833533333333,8.9544388372093,-0.0638964961240305,0.956676790894496,-0.600444583738893,-6.88077394285423,0.549627770498752,0.999330380285523
"PROBE2982_at","GENE2982",2,"Microenvironment",45,43,9.83764333333333,9.92069325581395,0.0830499224806207,1.05925498811388,0.800787736740523,-6.74070529034302,0.425235999508154,0.999330380285523
"PROBE2983_at","GENE2983",1,"PlasmaCells",45,43,8.24191866666667,8.31657558139535,0.0746569147286831,1.05311056743665,0.682197052434136,-6.82840644241534,0.49676044999097,0.999330380285523
"PROBE2984_at","GENE2984",1,"PlasmaCells",45,43,8.24689533333333,8.30237906976744,0.055483736434109,1.03920749172578,0.528437469021433,-6.92140919393237,0.598417765476561,0.999330380285523
"PROBE2985_at","GENE2985",2,"Microenvironment",45,43,8.51091,8.57568534883721,0.0647753488372107,1.04592205997705,0.550562299539543,-6.90947176195129,0.583215276800046,0.999330380285523
"PROBE2986_at","GENE2986",2,"Microenvironment",45,43,10.4572333333333,10.4216969767442,-0.0355363565891498,0.975668964931449,-0.356324798391081,-6.99762591223281,0.722380860108757,0.999330380285523
"PROBE2987_at","GENE2987",1,"PlasmaCells",45,43,7.52970422222222,7.52029651162791,-0.00940771059431356,0.993500287038379,-0.0828986878725753,-7.05782047365449,0.934105059208344,0.999330380285523
"PROBE2988_at","GENE2988",1,"PlasmaCells",45,43,7.29465066666667,7.27015627906977,-0.0244943875969028,0.983165101962862,-0.226617146023872,-7.03551560773138,0.821204286413341,0.999330380285523
"PROBE2989_at","GENE2989",2,"Microenvironment",45,43,9.96384066666667,10.0036541860465,0.039813519379841,1.02798094277683,0.386965398223955,-6.98621917301817,0.69964006110066,0.999330380285523
"PROBE2990_at","GENE2990",1,"PlasmaCells",45,43,7.86591844444444,7.6640923255814,-0.201826118863047,0.869449344348682,-1.97422446245988,-5.14534037641902,0.0512358366752726,0.54797686283714
"PROBE2991_at","GENE2991",0,"Other",45,43,9.63296,9.49852209302326,-0.134437906976746,0.911024711702887,-1.31963849235752,-6.19569943029808,0.19010059854957,0.999330380285523
"PROBE2992_at","GENE2992",1,"PlasmaCells",45,43,8.59150444444444,8.54011348837209,-0.051390956072348,0.965005482504161,-0.504307016445636,-6.93387381351317,0.615203534751757,0.999330380285523
"PROBE2993_at","GENE2993",2,"Microenvironment",45,43,8.638608,8.54960488372093,-0.0890031162790681,0.940172171697388,-0.828089378460427,-6.71855419881314,0.409678015863321,0.999330380285523
"PROBE2994_at","GENE2994",0,"Other",45,43,7.97081311111111,7.9028788372093,-0.0679342739018063,0.954003011892871,-0.636087467338591,-6.85875623985499,0.526236119117706,0.999330380285523
"PROBE2995_at","GENE2995",2,"Microenvironment",45,43,9.62147266666667,9.75580023255814,0.134327565891471,1.09758111659069,1.1607433853201,-6.3902225233146,0.248630441037949,0.999330380285523
"PROBE2996_at","GENE2996",1,"PlasmaCells",45,43,8.36881511111111,8.28636279069767,-0.082452320413438,0.94445088596923,-0.671759272033279,-6.83546087702269,0.503353652564531,0.999330380285523
"PROBE2997_at","GENE2997",2,"Microenvironment",45,43,8.83816288888889,8.96137093023256,0.123208041343668,1.08915406359078,1.09214134658569,-6.46672088938644,0.277509828216758,0.999330380285523
"PROBE2998_at","GENE2998",1,"PlasmaCells",45,43,9.21617777777778,9.20180651162791,-0.0143712661498689,0.990088047823368,-0.12875843114278,-7.0529525017368,0.897818717755106,0.999330380285523
"PROBE2999_at","GENE2999",2,"Microenvironment",45,43,10.0011148888889,10.0523041860465,0.0511892971576238,1.03611870459626,0.42559345598629,-6.97050324281385,0.671358646988012,0.999330380285523
"PROBE3000_at","GENE3000",2,"Microenvironment",45,43,9.37329022222222,9.41346441860465,0.0401741963824325,1.02823797245051,0.361007234265954,-6.99594346221855,0.718888881839772,0.999330380285523
"PROBE3001_at","GENE3001",1,"PlasmaCells",45,43,5.53734644444444,5.57863348837209,0.0412870439276478,1.02903142741607,0.386052932037689,-6.98657240669876,0.700313457827084,0.999330380285523
"PROBE3002_at","GENE3002",2,"Microenvironment",45,43,8.01838044444444,8.01904488372093,0.000664439276489404,1.00046066028253,0.00611310408755818,-7.06124853479339,0.995135190398797,0.999330380285523
"PROBE3003_at","GENE3003",2,"Microenvironment",45,43,8.91348422222222,8.97871395348837,0.0652297312661503,1.04625152908949,0.641635663837495,-6.8552157279524,0.522641970289899,0.999330380285523
"PROBE3004_at","GENE3004",2,"Microenvironment",45,43,11.7693028888889,11.7499027906977,-0.019400098191209,0.986642885295343,-0.159338259468156,-7.04853461464405,0.873737814279988,0.999330380285523
"PROBE3005_at","GENE3005",1,"PlasmaCells",45,43,7.40397755555556,7.4035888372093,-0.000388718346253647,0.999730597269697,-0.00403165491736488,-7.06125912597756,0.996791596705207,0.999330380285523
"PROBE3006_at","GENE3006",0,"Other",45,43,10.0339813333333,10.1418958139535,0.107914480620154,1.07766926159226,0.973845200519499,-6.58794088161607,0.332585892574831,0.999330380285523
"PROBE3007_at","GENE3007",0,"Other",45,43,7.48882044444444,7.39761023255814,-0.0912102118863025,0.938734956366904,-0.815698490663381,-6.72869825368671,0.416695998545667,0.999330380285523
"PROBE3008_at","GENE3008",2,"Microenvironment",45,43,9.38169466666667,9.35938511627907,-0.0223095503875967,0.984655148702238,-0.19847471697293,-7.04151316424433,0.843094233761332,0.999330380285523
"PROBE3009_at","GENE3009",0,"Other",45,43,7.97601911111111,7.90880953488372,-0.0672095762273912,0.954482349117474,-0.589034494036908,-6.88755614545012,0.557224510648473,0.999330380285523
"PROBE3010_at","GENE3010",0,"Other",45,43,8.68272444444444,8.62647069767442,-0.056253746770027,0.961758282030524,-0.488756679511848,-6.94159936489222,0.62613095518362,0.999330380285523
"PROBE3011_at","GENE3011",0,"Other",45,43,8.52137288888889,8.56492302325581,0.0435501343669262,1.03064688917977,0.394017478898404,-6.98346113557746,0.694443776946548,0.999330380285523
"PROBE3012_at","GENE3012",0,"Other",45,43,9.577986,9.54495441860465,-0.033031581395349,0.977364371127967,-0.31613197527168,-7.01116633667312,0.752590060440904,0.999330380285523
"PROBE3013_at","GENE3013",1,"PlasmaCells",45,43,8.20997222222222,8.17854,-0.0314322222222199,0.978448469568274,-0.274038454517287,-7.02361521962961,0.784645057034564,0.999330380285523
"PROBE3014_at","GENE3014",0,"Other",45,43,9.19899533333333,9.06514674418605,-0.133848589147284,0.911396926730649,-1.11529787557991,-6.44140626834967,0.267512627372342,0.999330380285523
"PROBE3015_at","GENE3015",0,"Other",45,43,8.19259466666667,8.30208488372093,0.109490217054264,1.07884695359816,1.13916040374885,-6.4147787059791,0.257476602739389,0.999330380285523
"PROBE3016_at","GENE3016",1,"PlasmaCells",45,43,8.10710022222222,8.12920813953488,0.0221079173126633,1.01544205571521,0.213307430258258,-7.03845097904116,0.831540445530313,0.999330380285523
"PROBE3017_at","GENE3017",2,"Microenvironment",45,43,6.46018244444444,6.43468418604651,-0.0254982583979331,0.982481223937299,-0.222980966939467,-7.03633515905053,0.824025050433808,0.999330380285523
"PROBE3018_at","GENE3018",2,"Microenvironment",45,43,9.347734,9.30673279069767,-0.0410012093023262,0.971980173243418,-0.35971403462409,-6.99641031235293,0.719852707756842,0.999330380285523
"PROBE3019_at","GENE3019",1,"PlasmaCells",45,43,8.04912777777778,8.15147465116279,0.102346873385011,1.07351836601296,0.876700135609122,-6.6773033789946,0.382842578976506,0.999330380285523
"PROBE3020_at","GENE3020",2,"Microenvironment",45,43,10.0114155555556,10.1293923255814,0.117976770025841,1.08521189788585,1.01453055180289,-6.54778198175203,0.312885018030438,0.999330380285523
"PROBE3021_at","GENE3021",2,"Microenvironment",45,43,7.85175422222222,7.86264186046512,0.010887638242898,1.00757528413178,0.0931290209091882,-7.05691729759198,0.925995540933759,0.999330380285523
"PROBE3022_at","GENE3022",0,"Other",45,43,7.71086044444444,7.63587604651163,-0.074984397932818,0.949352387693816,-0.689252349042935,-6.82357707358994,0.492330472139359,0.999330380285523
"PROBE3023_at","GENE3023",1,"PlasmaCells",45,43,8.58214555555556,8.50692790697674,-0.0752176485788105,0.949198911628709,-0.697523417529645,-6.8178528692146,0.487164639469377,0.999330380285523
"PROBE3024_at","GENE3024",2,"Microenvironment",45,43,6.83356222222222,6.93652953488372,0.102967312661501,1.07398013802985,0.952394284434428,-6.60846562113909,0.343293760526908,0.999330380285523
"PROBE3025_at","GENE3025",0,"Other",45,43,7.94364044444444,7.86034790697674,-0.0832925374677043,0.943901003501981,-0.753435853730771,-6.77738590363314,0.453035678710575,0.999330380285523
"PROBE3026_at","GENE3026",0,"Other",45,43,5.45613644444444,5.42647325581395,-0.0296631886304919,0.979648979596815,-0.232735506487853,-7.03410671621148,0.816463285459617,0.999330380285523
"PROBE3027_at","GENE3027",2,"Microenvironment",45,43,10.0263295555556,10.0692453488372,0.0429157932816562,1.0301938218734,0.388638598060385,-6.9855692845654,0.698405869171168,0.999330380285523
"PROBE3028_at","GENE3028",2,"Microenvironment",45,43,9.79328622222222,9.80351534883721,0.0102291266149841,1.00711548589373,0.0832612133099111,-7.05779026229322,0.93381756382694,0.999330380285523
"PROBE3029_at","GENE3029",1,"PlasmaCells",45,43,8.01241733333333,8.08104930232558,0.0686319689922446,1.04872176488801,0.603835595038639,-6.87873341978318,0.54738010026971,0.999330380285523
"PROBE3030_at","GENE3030",2,"Microenvironment",45,43,11.2844957777778,11.2953458139535,0.0108500361757145,1.00754902326672,0.103062252199598,-7.05593991795946,0.918128991197995,0.999330380285523
"PROBE3031_at","GENE3031",1,"PlasmaCells",45,43,9.93038022222222,9.97849627906977,0.0481160568475456,1.03391390556571,0.406357675606663,-6.97851550138325,0.685386101741359,0.999330380285523
"PROBE3032_at","GENE3032",2,"Microenvironment",45,43,9.07229244444444,8.97659953488372,-0.0956929095607215,0.935822674791457,-0.92431837012611,-6.63465142132726,0.357642873116817,0.999330380285523
"PROBE3033_at","GENE3033",0,"Other",45,43,7.71972777777778,7.57610837209302,-0.143619405684754,0.905245242210691,-1.27661353644604,-6.25075163315698,0.204824531198742,0.999330380285523
"PROBE3034_at","GENE3034",0,"Other",45,43,9.56719022222222,9.55419255813954,-0.0129976640826897,0.991031167875532,-0.109940412603361,-7.05520516288366,0.912686601027421,0.999330380285523
"PROBE3035_at","GENE3035",0,"Other",45,43,7.31439533333333,7.31031162790698,-0.00408370542635694,0.997173393493566,-0.037773386240545,-7.06055162047549,0.969946963091128,0.999330380285523
"PROBE3036_at","GENE3036",2,"Microenvironment",45,43,9.88930422222222,9.91052093023256,0.0212167080103374,1.01481497104398,0.195348834564648,-7.04213037630732,0.845533579563113,0.999330380285523
"PROBE3037_at","GENE3037",1,"PlasmaCells",45,43,9.98163733333333,9.8232176744186,-0.158419658914729,0.896006026592601,-1.45288358261364,-6.01408267388036,0.14952368621639,0.950935725171886
"PROBE3038_at","GENE3038",2,"Microenvironment",45,43,7.66313333333333,7.58456674418605,-0.078566589147286,0.946998083314098,-0.791813021317917,-6.74782691208248,0.430425867525266,0.999330380285523
"PROBE3039_at","GENE3039",0,"Other",45,43,9.86284466666667,9.8779776744186,0.0151330077519383,1.01054460828954,0.131375424304792,-7.05261110503596,0.895753824194239,0.999330380285523
"PROBE3040_at","GENE3040",1,"PlasmaCells",45,43,8.07942711111111,8.00428860465116,-0.0751385064599486,0.94925098339126,-0.660045598787075,-6.8432493204054,0.510808335856007,0.999330380285523
"PROBE3041_at","GENE3041",1,"PlasmaCells",45,43,8.21889222222222,8.20886976744186,-0.0100224547803602,0.99307703860126,-0.0951914851320659,-7.05672250131627,0.924361556668295,0.999330380285523
"PROBE3042_at","GENE3042",1,"PlasmaCells",45,43,7.28642266666667,7.35947441860465,0.0730517519379816,1.05193951339613,0.673930892500851,-6.83400204974187,0.501978054692139,0.999330380285523
"PROBE3043_at","GENE3043",2,"Microenvironment",45,43,11.2156017777778,11.35182,0.136218222222222,1.09902044296689,1.11901292491836,-6.43729682081037,0.265932459077593,0.999330380285523
"PROBE3044_at","GENE3044",1,"PlasmaCells",45,43,9.046426,9.10330162790698,0.0568756279069813,1.04021058800988,0.485847041606958,-6.94301816499027,0.628184988090107,0.999330380285523
"PROBE3045_at","GENE3045",0,"Other",45,43,7.92296422222222,7.95213093023256,0.0291667080103393,1.02042256551599,0.290627308966312,-7.01892081159726,0.771964569220069,0.999330380285523
"PROBE3046_at","GENE3046",0,"Other",45,43,8.61603955555556,8.52120511627907,-0.0948344392764824,0.936379698282351,-1.01218284764146,-6.55014305215528,0.314000172129267,0.999330380285523
"PROBE3047_at","GENE3047",1,"PlasmaCells",45,43,7.42211022222222,7.32395,-0.0981602222222238,0.934223588509299,-0.886284274420386,-6.66889707727942,0.377683687113658,0.999330380285523
"PROBE3048_at","GENE3048",2,"Microenvironment",45,43,8.95743466666667,9.05960720930233,0.10217254263566,1.07338865325372,1.02639612953778,-6.53576697340509,0.307289463938063,0.999330380285523
"PROBE3049_at","GENE3049",2,"Microenvironment",45,43,10.3123604444444,10.2505846511628,-0.0617757932816545,0.958084100831554,-0.650013705890928,-6.84981162111931,0.517239006946631,0.999330380285523
"PROBE3050_at","GENE3050",0,"Other",45,43,8.33814377777778,8.26787302325581,-0.0702707545219639,0.952459230642195,-0.666396875787456,-6.83904318989839,0.506759068717867,0.999330380285523
"PROBE3051_at","GENE3051",1,"PlasmaCells",45,43,8.371518,8.3997888372093,0.0282708372093037,1.01978911008793,0.286646954941339,-7.02007230314327,0.775001651085876,0.999330380285523
"PROBE3052_at","GENE3052",0,"Other",45,43,8.561928,8.54552232558139,-0.0164056744186016,0.988692864687209,-0.144564407168522,-7.05078605114761,0.885358484244518,0.999330380285523
"PROBE3053_at","GENE3053",1,"PlasmaCells",45,43,7.90047177777778,7.76597069767442,-0.134501080103356,0.910984820376039,-1.29036860882966,-6.2333430051132,0.200028376912499,0.999330380285523
"PROBE3054_at","GENE3054",1,"PlasmaCells",45,43,8.41937244444444,8.50387325581395,0.0845008113695087,1.06032079502614,0.780252511994359,-6.75688366573712,0.437165773615149,0.999330380285523
"PROBE3055_at","GENE3055",0,"Other",45,43,8.614676,8.65828558139535,0.0436095813953443,1.03068935841651,0.382492724292272,-6.98794268377552,0.702943162650632,0.999330380285523
"PROBE3056_at","GENE3056",2,"Microenvironment",45,43,10.4312306666667,10.2797376744186,-0.151492992248066,0.900318273949414,-1.49855675674209,-5.94798330766394,0.137276564185233,0.937938183044813
"PROBE3057_at","GENE3057",1,"PlasmaCells",45,43,7.50367377777778,7.50039255813954,-0.0032812196382439,0.997728216274498,-0.029961045146698,-7.06081703365047,0.976160447438756,0.999330380285523
"PROBE3058_at","GENE3058",0,"Other",45,43,9.13502555555556,9.12009813953488,-0.0149274160206723,0.989706448660484,-0.135144567858846,-7.05210733947084,0.892781109879535,0.999330380285523
"PROBE3059_at","GENE3059",0,"Other",45,43,9.00753755555556,9.06450023255814,0.0569626770025859,1.04027335395847,0.485503562721099,-6.94318509617543,0.628427657481645,0.999330380285523
"PROBE3060_at","GENE3060",1,"PlasmaCells",45,43,8.29382177777778,8.33725511627907,0.0434333385012948,1.03056345476036,0.366172335036033,-6.99406217825429,0.715043856589118,0.999330380285523
"PROBE3061_at","GENE3061",1,"PlasmaCells",45,43,9.18775311111111,9.06726813953488,-0.12048497157623,0.919878375383987,-1.09457960815491,-6.4640797817813,0.276445159129153,0.999330380285523
"PROBE3062_at","GENE3062",2,"Microenvironment",45,43,9.57463733333333,9.54925162790698,-0.0253857054263591,0.982557875961314,-0.222479936551891,-7.03644704725622,0.824413906430943,0.999330380285523
"PROBE3063_at","GENE3063",2,"Microenvironment",45,43,9.49712733333333,9.62483837209302,0.127711038759681,1.09255888564905,1.04526691686272,-6.51637714523191,0.298529818158871,0.999330380285523
"PROBE3064_at","GENE3064",2,"Microenvironment",45,43,8.83691755555556,8.58556953488372,-0.251348020671832,0.840111068174783,-2.19974794769103,-4.69392620880355,0.0302296915631645,0.376693975864978
"PROBE3065_at","GENE3065",0,"Other",45,43,7.56999777777778,7.62353465116279,0.0535368733850135,1.03780606584593,0.430079032073711,-6.96858179801559,0.668104024005164,0.999330380285523
"PROBE3066_at","GENE3066",1,"PlasmaCells",45,43,7.28364911111111,7.25212372093023,-0.031525390180879,0.978385284279266,-0.29406125216984,-7.01791465694215,0.769347255274949,0.999330380285523
"PROBE3067_at","GENE3067",0,"Other",45,43,9.85070511111111,9.77889488372093,-0.0718102273901859,0.951443421300923,-0.739386446153992,-6.78784433487516,0.461480206941266,0.999330380285523
"PROBE3068_at","GENE3068",2,"Microenvironment",45,43,9.77614044444444,9.68005232558139,-0.0960881188630509,0.935566352309505,-0.860782771205828,-6.69106583734825,0.391506840699636,0.999330380285523
"PROBE3069_at","GENE3069",2,"Microenvironment",45,43,9.572604,9.58207837209302,0.0094743720930186,1.00658874521168,0.0877229493631976,-7.05740764599496,0.93027998038859,0.999330380285523
"PROBE3070_at","GENE3070",1,"PlasmaCells",45,43,4.95950844444444,4.96334348837209,0.00383504392764689,1.00266178616474,0.0355732586979887,-7.06063255970433,0.971696646464304,0.999330380285523
"PROBE3071_at","GENE3071",2,"Microenvironment",45,43,9.78092555555556,9.65474976744186,-0.126175788113693,0.916256994674929,-1.05439408040001,-6.50687507330427,0.29435442295694,0.999330380285523
"PROBE3072_at","GENE3072",2,"Microenvironment",45,43,9.39141466666667,9.49544674418605,0.104032077519379,1.07477306956944,0.962631231967199,-6.59872659184111,0.338156065897296,0.999330380285523
"PROBE3073_at","GENE3073",1,"PlasmaCells",45,43,6.69332977777778,6.64641581395349,-0.046913963824287,0.968004752845073,-0.416359642311589,-6.97439546463712,0.67807815927376,0.999330380285523
"PROBE3074_at","GENE3074",0,"Other",45,43,8.62483555555556,8.58562813953488,-0.0392074160206697,0.973189448818412,-0.326005883300226,-7.00798958023295,0.745130931655103,0.999330380285523
"PROBE3075_at","GENE3075",1,"PlasmaCells",45,43,8.26146444444444,8.20745604651163,-0.054008397932817,0.963256286885655,-0.496532233576006,-6.93776648477214,0.620656344688813,0.999330380285523
"PROBE3076_at","GENE3076",0,"Other",45,43,8.59749844444444,8.61271186046512,0.0152134160206696,1.01060093232516,0.137029280056851,-7.05185009622638,0.8912952129234,0.999330380285523
"PROBE3077_at","GENE3077",1,"PlasmaCells",45,43,8.22710066666667,7.96729023255814,-0.259810434108529,0.83519765473779,-2.51685971620638,-3.98534457856358,0.0135013814688707,0.195672195201025
"PROBE3078_at","GENE3078",2,"Microenvironment",45,43,9.13406355555555,8.99650209302326,-0.137561462532297,0.909054400638879,-1.12800903568642,-6.4272905300005,0.262133105658912,0.999330380285523
"PROBE3079_at","GENE3079",1,"PlasmaCells",45,43,9.35426933333333,9.34338441860465,-0.0108849147286794,0.992483542963919,-0.104186350048998,-7.05582308004453,0.917239267923548,0.999330380285523
"PROBE3080_at","GENE3080",2,"Microenvironment",45,43,8.33907577777778,8.52531790697674,0.186242129198966,1.13779616951324,1.71992361767338,-5.60014300322046,0.0886752110072137,0.755986861945461
"PROBE3081_at","GENE3081",1,"PlasmaCells",45,43,7.94937733333333,7.97227837209302,0.0229010387596906,1.01600044835265,0.202135522856145,-7.04077788437579,0.840239393936559,0.999330380285523
"PROBE3082_at","GENE3082",1,"PlasmaCells",45,43,6.99764111111111,6.92157581395349,-0.076065297157621,0.948641378147077,-0.682072203026928,-6.82849145911761,0.496839036043654,0.999330380285523
"PROBE3083_at","GENE3083",2,"Microenvironment",45,43,8.33853911111111,8.2363288372093,-0.102210273901804,0.93160463732318,-0.937930018757505,-6.62205218136242,0.350638929357283,0.999330380285523
"PROBE3084_at","GENE3084",2,"Microenvironment",45,43,8.92894888888889,8.88579581395349,-0.0431530749354003,0.970531487557499,-0.369431867764897,-6.99286124352214,0.712621149235376,0.999330380285523
"PROBE3085_at","GENE3085",2,"Microenvironment",45,43,8.49011488888889,8.60772395348837,0.117609064599478,1.08493534085587,1.03444330829192,-6.52754069415834,0.303533113106511,0.999330380285523
"PROBE3086_at","GENE3086",0,"Other",45,43,7.75867333333333,7.83988837209302,0.0812150387596917,1.05790863686283,0.740921565389439,-6.78671105527606,0.460553184553387,0.999330380285523
"PROBE3087_at","GENE3087",0,"Other",45,43,9.27098,9.27765860465116,0.00667860465116021,1.00463998754283,0.0657790777592367,-7.05909706362283,0.94769078444273,0.999330380285523
"PROBE3088_at","GENE3088",0,"Other",45,43,8.43303644444445,8.66102046511628,0.227984020671835,1.17119720893592,2.17558551238917,-4.74441107923481,0.0320463875511905,0.393207209217061
"PROBE3089_at","GENE3089",2,"Microenvironment",45,43,7.96863466666667,7.80035511627907,-0.1682795503876,0.889903280375236,-1.62823355022376,-5.74971233730624,0.106759670349215,0.82191752634415
"PROBE3090_at","GENE3090",1,"PlasmaCells",45,43,6.13128666666667,6.12155697674419,-0.00972968992247836,0.993278583315449,-0.0872951516500793,-7.0574451971725,0.930619109504695,0.999330380285523
"PROBE3091_at","GENE3091",1,"PlasmaCells",45,43,7.75790733333333,7.69434325581395,-0.0635640775193806,0.956897248992497,-0.536595047639349,-6.91706440881886,0.5927912548882,0.999330380285523
"PROBE3092_at","GENE3092",1,"PlasmaCells",45,43,9.068984,9.05727558139535,-0.0117084186046466,0.991917185694768,-0.10708811108741,-7.05551561568013,0.914943013861336,0.999330380285523
"PROBE3093_at","GENE3093",2,"Microenvironment",45,43,10.3196068888889,10.5773904651163,0.257783576227387,1.19564042108453,2.00307851540076,-5.09007728682644,0.0479942003109544,0.523097551073072
"PROBE3094_at","GENE3094",2,"Microenvironment",45,43,6.26603088888889,6.34243441860465,0.0764035297157646,1.05438629968061,0.636445201428603,-6.8585288757944,0.52600399091837,0.999330380285523
"PROBE3095_at","GENE3095",0,"Other",45,43,8.724712,8.67775069767442,-0.0469613023255739,0.967972990663081,-0.411838323042859,-6.97627026125373,0.681377906355111,0.999330380285523
"PROBE3096_at","GENE3096",1,"PlasmaCells",45,43,6.712416,6.68922790697674,-0.0231880930232506,0.984055716275534,-0.186718294259121,-7.0437836626522,0.852276340163745,0.999330380285523
"PROBE3097_at","GENE3097",0,"Other",45,43,8.54618533333333,8.58421604651163,0.0380307131782942,1.02671140289274,0.360946882841643,-6.99596528648572,0.718933851866418,0.999330380285523
"PROBE3098_at","GENE3098",0,"Other",45,43,9.15279266666667,9.06949279069767,-0.0832998759689865,0.943896202209323,-0.722468123616122,-6.80018008733106,0.471766633056821,0.999330380285523
"PROBE3099_at","GENE3099",1,"PlasmaCells",45,43,9.209342,9.15952186046512,-0.0498201395348818,0.966056759495822,-0.452711373515809,-6.95858099345898,0.651780125819057,0.999330380285523
"PROBE3100_at","GENE3100",2,"Microenvironment",45,43,8.07021333333333,8.13488720930233,0.0646738759689942,1.04584849697449,0.561586895918149,-6.9033418657572,0.575708900700068,0.999330380285523
"PROBE3101_at","GENE3101",2,"Microenvironment",45,43,8.13997933333333,8.21538860465116,0.0754092713178327,1.05365990134409,0.617028821892167,-6.87068598840815,0.538679387475787,0.999330380285523
"PROBE3102_at","GENE3102",0,"Other",45,43,8.52529755555556,8.38772906976744,-0.137568485788112,0.909049975236501,-1.12270447210567,-6.43320018648755,0.264368763759921,0.999330380285523
"PROBE3103_at","GENE3103",2,"Microenvironment",45,43,8.05776444444444,7.9905911627907,-0.0671732816537443,0.95450636179146,-0.643068605242969,-6.85429636125793,0.521715789243686,0.999330380285523
"PROBE3104_at","GENE3104",2,"Microenvironment",45,43,9.30715244444444,9.25428302325581,-0.0528694211886283,0.964017057298837,-0.48565988008861,-6.94310914029725,0.628317213492813,0.999330380285523
"PROBE3105_at","GENE3105",1,"PlasmaCells",45,43,6.70570466666667,6.57423581395349,-0.131468852713178,0.912901523468429,-1.20690072023848,-6.33620443992246,0.230441935523476,0.999330380285523
"PROBE3106_at","GENE3106",0,"Other",45,43,9.34336466666667,9.23151651162791,-0.111848155038761,0.925401822293264,-1.11807163231514,-6.43833930230388,0.266332212118988,0.999330380285523
"PROBE3107_at","GENE3107",0,"Other",45,43,8.91971088888889,9.02915976744186,0.109448878552975,1.07881604112118,0.912632962097928,-6.64532336379362,0.363726513682573,0.999330380285523
"PROBE3108_at","GENE3108",1,"PlasmaCells",45,43,8.47605222222222,8.54158046511628,0.0655282428940609,1.04646803399996,0.537928140097026,-6.91634810512122,0.591874130056013,0.999330380285523
"PROBE3109_at","GENE3109",0,"Other",45,43,7.19523933333333,7.29978511627907,0.104545782945734,1.07515583588596,0.985091599444016,-6.5770010103979,0.327060403893851,0.999330380285523
"PROBE3110_at","GENE3110",2,"Microenvironment",45,43,8.06931755555556,8.24881511627907,0.179497560723513,1.13248941090026,1.56391907114426,-5.84999933064823,0.121133903518727,0.883613642478398
"PROBE3111_at","GENE3111",2,"Microenvironment",45,43,9.32184511111111,9.39534395348837,0.0734988423772602,1.05226555941977,0.64740728281808,-6.85150029455966,0.518916724867834,0.999330380285523
"PROBE3112_at","GENE3112",2,"Microenvironment",45,43,9.95394622222222,9.9985623255814,0.0446161033591732,1.0314086881544,0.368188237628835,-6.99332069585984,0.71354515421963,0.999330380285523
"PROBE3113_at","GENE3113",0,"Other",45,43,8.74396488888889,8.65389767441861,-0.0900672144702828,0.939478978319202,-0.808496686670504,-6.73452485908091,0.420807870729129,0.999330380285523
"PROBE3114_at","GENE3114",1,"PlasmaCells",45,43,8.58710244444444,8.56124930232558,-0.0258531421188621,0.98223957639401,-0.231656154109537,-7.03435798506764,0.817299164961093,0.999330380285523
"PROBE3115_at","GENE3115",1,"PlasmaCells",45,43,6.41950333333333,6.47570790697674,0.0562045736434094,1.03972685762123,0.463324085888015,-6.95371558995555,0.644182931957196,0.999330380285523
"PROBE3116_at","GENE3116",1,"PlasmaCells",45,43,7.891772,7.85809093023256,-0.0336810697674403,0.976924469478529,-0.354546856025168,-6.9982590081639,0.723708325219232,0.999330380285523
"PROBE3117_at","GENE3117",2,"Microenvironment",45,43,9.46524733333333,9.54204162790698,0.0767942945736397,1.05467192686091,0.701673816302832,-6.8149550132969,0.484583685078092,0.999330380285523
"PROBE3118_at","GENE3118",1,"PlasmaCells",45,43,8.43400844444444,8.34123093023256,-0.0927775142118872,0.93771569550514,-0.766715573538167,-6.76732162234847,0.44513587359786,0.999330380285523
"PROBE3119_at","GENE3119",0,"Other",45,43,9.50474733333333,9.61552209302326,0.110774759689923,1.07980796199321,1.08263706846567,-6.47696101359388,0.281686938559162,0.999330380285523
"PROBE3120_at","GENE3120",1,"PlasmaCells",45,43,9.952218,10.0548144186047,0.102596418604648,1.07370407022554,1.02051496560194,-6.54173928617161,0.310054430939853,0.999330380285523
"PROBE3121_at","GENE3121",1,"PlasmaCells",45,43,6.34068066666667,6.27680418604651,-0.0638764806201557,0.956690063623869,-0.551572743275597,-6.9089149613647,0.582525364784973,0.999330380285523
"PROBE3122_at","GENE3122",0,"Other",45,43,8.52802488888889,8.53531372093023,0.00728883204134334,1.00506501743036,0.0642307856593269,-7.0591980230788,0.948920295675167,0.999330380285523
"PROBE3123_at","GENE3123",0,"Other",45,43,7.29620088888889,7.28012395348837,-0.0160769354005144,0.98891817838526,-0.132589722203809,-7.05245036302412,0.894795945976247,0.999330380285523
"PROBE3124_at","GENE3124",2,"Microenvironment",45,43,11.0602353333333,11.1153209302326,0.0550855968992305,1.03892074193471,0.567142480657379,-6.90020710209217,0.571943881881462,0.999330380285523
"PROBE3125_at","GENE3125",1,"PlasmaCells",45,43,9.35978311111111,9.37412813953488,0.0143450284237741,1.00999281403092,0.121857971873676,-7.0538197687832,0.903266740913399,0.999330380285523
"PROBE3126_at","GENE3126",2,"Microenvironment",45,43,8.22721155555556,8.09080232558139,-0.136409229974157,0.909780722167542,-1.37594593659501,-6.12099688166333,0.17204644729942,0.995409041977317
"PROBE3127_at","GENE3127",2,"Microenvironment",45,43,10.8553342222222,10.7734776744186,-0.0818565478036142,0.9448409851589,-0.740386146537266,-6.7871065843861,0.460876391213993,0.999330380285523
"PROBE3128_at","GENE3128",1,"PlasmaCells",45,43,8.56909511111111,8.36762767441861,-0.201467436692505,0.869665533313865,-1.72027577166601,-5.59955368875482,0.088610916607407,0.755986861945461
"PROBE3129_at","GENE3129",1,"PlasmaCells",45,43,8.07392822222222,8.11968372093023,0.045755498708008,1.03222358417329,0.423914410733551,-6.97121731796022,0.672578536879886,0.999330380285523
"PROBE3130_at","GENE3130",1,"PlasmaCells",45,43,9.67222555555556,9.7631476744186,0.0909221188630518,1.06505070711282,0.824357642628435,-6.7216251268234,0.411784057257837,0.999330380285523
"PROBE3131_at","GENE3131",0,"Other",45,43,9.29873533333333,9.09411325581395,-0.204622077519385,0.867765973799541,-1.70156966924299,-5.63070050808161,0.0920793907804786,0.768681969018146
"PROBE3132_at","GENE3132",1,"PlasmaCells",45,43,9.15343888888889,9.20202046511628,0.0485815762273969,1.03424757595851,0.419275959067911,-6.97317537323342,0.675953091604754,0.999330380285523
"PROBE3133_at","GENE3133",0,"Other",45,43,9.73315822222222,9.87983581395349,0.146677591731263,1.10701716464779,1.23726545891377,-6.29955481354433,0.219012595335715,0.999330380285523
"PROBE3134_at","GENE3134",1,"PlasmaCells",45,43,8.63532222222222,8.69944813953488,0.064125917312662,1.04545134241177,0.520011783898779,-6.92582730563527,0.604254903589903,0.999330380285523
"PROBE3135_at","GENE3135",0,"Other",45,43,8.48562244444445,8.45599813953488,-0.0296243049095644,0.979675383590584,-0.276293160497276,-7.02299334062076,0.782918066342554,0.999330380285523
"PROBE3136_at","GENE3136",1,"PlasmaCells",45,43,5.90456466666667,5.81492046511628,-0.0896442015503887,0.939754483538822,-0.780802473352165,-6.7564557930197,0.436843748161902,0.999330380285523
"PROBE3137_at","GENE3137",2,"Microenvironment",45,43,10.4109328888889,10.4907793023256,0.079846413436691,1.05690551842572,0.793220247340854,-6.74671548520194,0.429609641576159,0.999330380285523
"PROBE3138_at","GENE3138",0,"Other",45,43,5.58752688888889,5.57997372093023,-0.00755316795865646,0.994778224044502,-0.0666050938885451,-7.05904221803663,0.947034889942385,0.999330380285523
"PROBE3139_at","GENE3139",2,"Microenvironment",45,43,6.23571,6.19591279069767,-0.039797209302324,0.972791677097508,-0.347556807012656,-7.00071742871266,0.728935459078414,0.999330380285523
"PROBE3140_at","GENE3140",1,"PlasmaCells",45,43,8.27865688888889,8.27812976744186,-0.000527121447030154,0.999634693995671,-0.00422541421850981,-7.06125832351366,0.996637403367654,0.999330380285523
"PROBE3141_at","GENE3141",2,"Microenvironment",45,43,9.99843066666667,10.0796018604651,0.0811711937984487,1.05787648643808,0.725883445626674,-6.7977126010476,0.469679813838431,0.999330380285523
"PROBE3142_at","GENE3142",1,"PlasmaCells",45,43,8.7298,8.5780088372093,-0.151791162790699,0.900132218933169,-1.33372661083286,-6.17729073517739,0.185455661208066,0.999330380285523
"PROBE3143_at","GENE3143",2,"Microenvironment",45,43,8.33703466666667,8.22814069767442,-0.108893968992248,0.927298695835995,-0.955552282661389,-6.60547212000629,0.341703456136565,0.999330380285523
"PROBE3144_at","GENE3144",1,"PlasmaCells",45,43,8.15981844444444,8.12205906976744,-0.037759374677,0.974166735059944,-0.349614534517966,-6.99999879096507,0.727395354993444,0.999330380285523
"PROBE3145_at","GENE3145",2,"Microenvironment",45,43,9.25771488888889,9.28076255813954,0.0230476692506478,1.01610371634161,0.197289799065941,-7.04174828093562,0.844018729920737,0.999330380285523
"PROBE3146_at","GENE3146",0,"Other",45,43,10.5708066666667,10.616861627907,0.0460549612403103,1.0324378667232,0.389475493921411,-6.98524317673486,0.697788858393613,0.999330380285523
"PROBE3147_at","GENE3147",2,"Microenvironment",45,43,9.58435666666667,9.71490395348837,0.130547286821706,1.0947089006717,1.08404576842325,-6.47544875990875,0.281065097373684,0.999330380285523
"PROBE3148_at","GENE3148",0,"Other",45,43,9.58739533333333,9.5566611627907,-0.0307341705426349,0.978922008911202,-0.251944626230913,-7.02943978613389,0.80162355622066,0.999330380285523
"PROBE3149_at","GENE3149",1,"PlasmaCells",45,43,8.42809155555556,8.22101813953488,-0.207073416020673,0.866292771278515,-1.99513656209068,-5.10536178188502,0.0488685018216876,0.529739857145665
"PROBE3150_at","GENE3150",0,"Other",45,43,9.54521266666667,9.64847023255814,0.103257565891472,1.07419623190629,0.944935885120704,-6.61549691930091,0.347068693018577,0.999330380285523
"PROBE3151_at","GENE3151",2,"Microenvironment",45,43,9.73780666666667,9.65556209302326,-0.082244573643413,0.944586895827801,-0.841446164535007,-6.70745058585541,0.40219346957302,0.999330380285523
"PROBE3152_at","GENE3152",0,"Other",45,43,7.52247511111111,7.55851720930233,0.0360420981912135,1.02529715587178,0.33594720007921,-7.00469266164712,0.737645324320477,0.999330380285523
"PROBE3153_at","GENE3153",1,"PlasmaCells",45,43,8.26783111111111,8.20682139534884,-0.0610097157622729,0.958592982871633,-0.525372554797959,-6.92302448928949,0.60053806623479,0.999330380285523
"PROBE3154_at","GENE3154",0,"Other",45,43,10.0505077777778,9.82465372093023,-0.225854056847542,0.855088674359584,-1.79669404104395,-5.4689969208118,0.075535571923376,0.692986898379596
"PROBE3155_at","GENE3155",1,"PlasmaCells",45,43,8.41319288888889,8.52847720930233,0.115284320413434,1.08318849483223,1.05806573719153,-6.50302983662694,0.29268602227747,0.999330380285523
"PROBE3156_at","GENE3156",2,"Microenvironment",45,43,8.12191755555556,8.13600209302326,0.0140845374676992,1.00981046763353,0.135260263877333,-7.05209165078725,0.892689884691199,0.999330380285523
"PROBE3157_at","GENE3157",0,"Other",45,43,8.60609444444444,8.5449776744186,-0.061116770025837,0.958521853731,-0.563190466947954,-6.90244019054018,0.574620940948776,0.999330380285523
"PROBE3158_at","GENE3158",0,"Other",45,43,7.60956511111111,7.66281348837209,0.0532483772609824,1.03759855623014,0.450768347651386,-6.95945961798068,0.653175071829498,0.999330380285523
"PROBE3159_at","GENE3159",2,"Microenvironment",45,43,8.61869422222222,8.70980651162791,0.0911122894056877,1.06519110727699,0.894284051615726,-6.66181159489788,0.373411097098401,0.999330380285523
"PROBE3160_at","GENE3160",1,"PlasmaCells",45,43,10.1395344444444,9.96770348837209,-0.171830956072352,0.88771534684418,-1.43786391226977,-6.03539204583687,0.153731139710653,0.955931748574201
"PROBE3161_at","GENE3161",0,"Other",45,43,7.96109066666667,7.8482088372093,-0.112881829457363,0.924739019994972,-1.04127191900691,-6.52051083992631,0.300369985429182,0.999330380285523
"PROBE3162_at","GENE3162",0,"Other",45,43,7.3452,7.34224511627907,-0.00295488372093189,0.997953926747457,-0.0276820234774145,-7.06088292506729,0.977973343426111,0.999330380285523
"PROBE3163_at","GENE3163",1,"PlasmaCells",45,43,8.34557088888889,8.43351325581395,0.0879423669250627,1.06285321443407,0.739533218408993,-6.78773608283654,0.461391528882778,0.999330380285523
"PROBE3164_at","GENE3164",2,"Microenvironment",45,43,9.124154,9.13394720930233,0.00979320930231964,1.00681122702784,0.102314012057314,-7.05601698704527,0.918721280958771,0.999330380285523
"PROBE3165_at","GENE3165",1,"PlasmaCells",45,43,7.92988466666667,8.02379348837209,0.0939088217054298,1.06725788523381,0.913951020636293,-6.64412629414822,0.363037036316452,0.999330380285523
"PROBE3166_at","GENE3166",2,"Microenvironment",45,43,9.17490155555556,9.22209697674419,0.0471954211886292,1.03325433833916,0.431811383758565,-6.96783435501038,0.66684876286785,0.999330380285523
"PROBE3167_at","GENE3167",0,"Other",45,43,8.79479488888889,8.93041348837209,0.135618599483204,1.09856375551736,1.29023112990434,-6.23351789195668,0.200075897779285,0.999330380285523
"PROBE3168_at","GENE3168",0,"Other",45,43,7.50563066666667,7.38516372093023,-0.120466945736434,0.919889868931373,-1.08792910757118,-6.47127002310774,0.27935578209569,0.999330380285523
"PROBE3169_at","GENE3169",2,"Microenvironment",45,43,9.06470111111111,9.11812604651163,0.0534249354005141,1.03772554611768,0.466189299099425,-6.95238279124085,0.642138259035673,0.999330380285523
"PROBE3170_at","GENE3170",0,"Other",45,43,6.51479533333333,6.59035604651163,0.075560713178298,1.05377051140829,0.736546954135334,-6.78993442471087,0.463197696403465,0.999330380285523
"PROBE3171_at","GENE3171",2,"Microenvironment",45,43,9.07244155555555,8.95774372093023,-0.114697834625321,0.923575728863578,-1.02116579712371,-6.54108001986588,0.309747630785496,0.999330380285523
"PROBE3172_at","GENE3172",0,"Other",45,43,8.71642444444444,8.64887511627907,-0.0675493281653754,0.954257596805185,-0.527643851542474,-6.92182834872466,0.598966457157473,0.999330380285523
"PROBE3173_at","GENE3173",2,"Microenvironment",45,43,8.43805755555556,8.54422069767442,0.106163142118863,1.0763618345126,0.908460643227438,-6.64910149889196,0.365914536603495,0.999330380285523
"PROBE3174_at","GENE3174",1,"PlasmaCells",45,43,7.38962644444444,7.2997388372093,-0.0898876072351413,0.939595945329436,-0.704354818903771,-6.81307406146934,0.482920494527449,0.999330380285523
"PROBE3175_at","GENE3175",0,"Other",45,43,8.66573,8.60547,-0.060259999999996,0.959091257984993,-0.594199059227719,-6.88450230668445,0.553779559523085,0.999330380285523
"PROBE3176_at","GENE3176",2,"Microenvironment",45,43,9.16363444444444,9.1499988372093,-0.0136356072351393,0.990593042166669,-0.117543829218874,-7.05433772562673,0.906675194333866,0.999330380285523
"PROBE3177_at","GENE3177",2,"Microenvironment",45,43,7.27124266666667,7.42128209302326,0.150039426356585,1.10959979509397,1.35689800302332,-6.14660371548903,0.178002133358819,0.999330380285523
"PROBE3178_at","GENE3178",0,"Other",45,43,8.69034088888889,8.56409023255814,-0.126250656330749,0.916209447032709,-1.28819002141015,-6.23611226793382,0.200782411113469,0.999330380285523
"PROBE3179_at","GENE3179",0,"Other",45,43,9.40447933333333,9.18405255813953,-0.220426775193799,0.858311494870417,-2.36610452923625,-4.33276988201995,0.0199897261171745,0.270131434015871
"PROBE3180_at","GENE3180",0,"Other",45,43,10.3433233333333,10.2493993023256,-0.0939240310077505,0.936970784293127,-0.839634120757948,-6.70896721772363,0.403203947175722,0.999330380285523
"PROBE3181_at","GENE3181",2,"Microenvironment",45,43,9.32471755555556,9.40193813953488,0.0772205839793259,1.05498360873838,0.686640978763525,-6.82537029828215,0.493967623059578,0.999330380285523
"PROBE3182_at","GENE3182",1,"PlasmaCells",45,43,9.80701111111111,10.0877820930233,0.28077098191215,1.21484392833395,2.24750142267453,-4.5926716373355,0.0269020245971824,0.34712289802816
"PROBE3183_at","GENE3183",0,"Other",45,43,8.00168955555556,8.01558558139535,0.0138960258397987,1.00967852805282,0.137314102516756,-7.05181091122046,0.891070694015804,0.999330380285523
"PROBE3184_at","GENE3184",0,"Other",45,43,8.76934911111111,8.68212604651163,-0.0872230645994794,0.941332907596779,-0.808466036399114,-6.73454954771482,0.420825422059267,0.999330380285523
"PROBE3185_at","GENE3185",2,"Microenvironment",45,43,8.40736933333333,8.41550511627907,0.0081357829457378,1.00565522576659,0.0729357803695667,-7.05859915341617,0.942009279669985,0.999330380285523
"PROBE3186_at","GENE3186",0,"Other",45,43,6.59059377777778,6.6234111627907,0.0328173850129163,1.0230079701479,0.285453790298171,-7.02041439012207,0.775912741146103,0.999330380285523
"PROBE3187_at","GENE3187",2,"Microenvironment",45,43,8.03825444444444,8.1305123255814,0.0922578811369519,1.06603727275622,0.939538288024254,-6.62055158736321,0.349817259924861,0.999330380285523
"PROBE3188_at","GENE3188",1,"PlasmaCells",45,43,7.78965955555556,7.79478953488372,0.00512997932816806,1.00356216017361,0.0472905765301614,-7.06014556712481,0.962380080755907,0.999330380285523
"PROBE3189_at","GENE3189",0,"Other",45,43,9.42200755555556,9.43791697674419,0.0159094211886295,1.01108859821923,0.143306866042089,-7.05096758726341,0.886348822946803,0.999330380285523
"PROBE3190_at","GENE3190",2,"Microenvironment",45,43,8.70491533333333,8.52949813953488,-0.175417193798451,0.885511412801437,-1.45958356771188,-6.00450865329979,0.147675848196312,0.950935725171886
"PROBE3191_at","GENE3191",0,"Other",45,43,8.14419822222222,8.27690302325581,0.13270480103359,1.09634723508644,1.3098792303087,-6.20834118744556,0.193368954624174,0.999330380285523
"PROBE3192_at","GENE3192",2,"Microenvironment",45,43,8.57977622222222,8.58526372093023,0.00548749870801224,1.003810887293,0.0460869565105074,-7.06020193854056,0.963336873525208,0.999330380285523
"PROBE3193_at","GENE3193",2,"Microenvironment",45,43,10.1414173333333,10.1145311627907,-0.0268861705426371,0.981536504585551,-0.298161972781143,-7.0166976794866,0.76622522702706,0.999330380285523
"PROBE3194_at","GENE3194",0,"Other",45,43,9.35318733333333,9.51111,0.157922666666671,1.11567951652681,1.38813178007938,-6.10443510028771,0.168316518738614,0.989347380354554
"PROBE3195_at","GENE3195",1,"PlasmaCells",45,43,7.41317088888889,7.41889186046512,0.00572097157622675,1.00397334821853,0.0560965481751502,-7.05968893280571,0.955381719708284,0.999330380285523
"PROBE3196_at","GENE3196",1,"PlasmaCells",45,43,7.38706533333333,7.58845604651163,0.201390713178294,1.1498061983855,1.97827984352233,-5.1376178355672,0.0507692749392783,0.544442626694673
"PROBE3197_at","GENE3197",2,"Microenvironment",45,43,9.90848222222222,10.0127362790698,0.104254056847548,1.07493845154718,1.11445248749228,-6.44233954541509,0.267873120671829,0.999330380285523
"PROBE3198_at","GENE3198",0,"Other",45,43,9.12702533333333,9.29262813953488,0.165602806201553,1.12163463656708,1.61170631217956,-5.7758491056862,0.110315590795495,0.840499739394244
"PROBE3199_at","GENE3199",2,"Microenvironment",45,43,8.69822911111111,8.66905697674419,-0.0291721343669238,0.979982482294135,-0.282890761439919,-7.02114440839581,0.777870905413888,0.999330380285523
"PROBE3200_at","GENE3200",1,"PlasmaCells",45,43,9.57994711111111,9.50219,-0.0777571111111097,0.947529581118412,-0.709437464792301,-6.80948866777501,0.47977607994238,0.999330380285523
"PROBE3201_at","GENE3201",0,"Other",45,43,8.14722577777778,8.04682209302326,-0.100403684754523,0.932771953346163,-0.903001349955083,-6.65401932261853,0.368790037842698,0.999330380285523
"PROBE3202_at","GENE3202",1,"PlasmaCells",45,43,6.74333044444444,6.71172465116279,-0.0316057932816527,0.978330759229712,-0.270310229669519,-7.02463235381881,0.787503049004523,0.999330380285523
"PROBE3203_at","GENE3203",0,"Other",45,43,8.40360177777778,8.59252441860465,0.188922640826878,1.13991214749171,1.7288176453582,-5.58522451860248,0.0870630408312454,0.752700230892714
"PROBE3204_at","GENE3204",1,"PlasmaCells",45,43,8.36505288888889,8.40512069767442,0.0400678087855315,1.02816215065135,0.320783947208303,-7.00968179135204,0.749072809659162,0.999330380285523
"PROBE3205_at","GENE3205",1,"PlasmaCells",45,43,8.811544,8.74531046511628,-0.0662335348837235,0.955128313383308,-0.633333611314583,-6.86050225685251,0.528024832553253,0.999330380285523
"PROBE3206_at","GENE3206",0,"Other",45,43,8.18435111111111,8.26630465116279,0.0819535400516784,1.05845030843478,0.795204141213286,-6.74514529800267,0.42846048685174,0.999330380285523
"PROBE3207_at","GENE3207",0,"Other",45,43,9.48771266666667,9.41165511627907,-0.0760575503875991,0.948646472034636,-0.737463680181936,-6.78926051118338,0.462642812108503,0.999330380285523
"PROBE3208_at","GENE3208",2,"Microenvironment",45,43,9.82344977777778,9.80496813953488,-0.0184816382428945,0.987271209689981,-0.159141528581344,-7.0485660324433,0.8738923811183,0.999330380285523
"PROBE3209_at","GENE3209",2,"Microenvironment",45,43,9.17489177777778,9.14900860465116,-0.0258831731266138,0.982219130397809,-0.237627733317017,-7.03295319771745,0.812677285549123,0.999330380285523
"PROBE3210_at","GENE3210",2,"Microenvironment",45,43,7.10909711111111,7.02817325581395,-0.0809238552971561,0.945452015905429,-0.831928379968895,-6.71538073324188,0.407518241094848,0.999330380285523
"PROBE3211_at","GENE3211",0,"Other",45,43,7.59463111111111,7.57251488372093,-0.0221162273901809,0.984787102603756,-0.204134934680355,-7.04037062956064,0.838681072479062,0.999330380285523
"PROBE3212_at","GENE3212",0,"Other",45,43,8.19647466666667,8.07756651162791,-0.118908155038762,0.920884320746523,-1.013163666233,-6.54915730049879,0.313533962974052,0.999330380285523
"PROBE3213_at","GENE3213",0,"Other",45,43,8.77470422222222,8.71251976744186,-0.0621844547803629,0.957812749904654,-0.510883046031505,-6.93053437594351,0.610608240944506,0.999330380285523
"PROBE3214_at","GENE3214",0,"Other",45,43,6.96707133333333,6.90625813953488,-0.0608131937984506,0.958723570003001,-0.551075145459258,-6.90918928723605,0.582865066876245,0.999330380285523
"PROBE3215_at","GENE3215",1,"PlasmaCells",45,43,6.42435911111111,6.21659651162791,-0.207762599483203,0.865879037222411,-1.8871864726111,-5.30755304086606,0.0621626599941455,0.621626599941455
"PROBE3216_at","GENE3216",0,"Other",45,43,10.480722,10.4399974418605,-0.0407245581395355,0.972166578007585,-0.355104373049658,-6.99806082547398,0.723291975202074,0.999330380285523
"PROBE3217_at","GENE3217",0,"Other",45,43,7.20482111111111,7.22885465116279,0.0240335400516791,1.01679831173982,0.218210986367893,-7.03739017526606,0.827728858491862,0.999330380285523
"PROBE3218_at","GENE3218",0,"Other",45,43,8.33449133333333,8.2273888372093,-0.10710249612403,0.928450888263607,-1.04292274652199,-6.5188045752356,0.299608655849759,0.999330380285523
"PROBE3219_at","GENE3219",2,"Microenvironment",45,43,8.94372755555556,8.78070488372093,-0.163022671834621,0.893151816434697,-1.50239210310711,-5.9423438325496,0.136284971263666,0.935059837143508
"PROBE3220_at","GENE3220",2,"Microenvironment",45,43,9.38459088888889,9.39379,0.00919911111110494,1.00639671004984,0.0898218513293598,-7.05722074947021,0.928616300232477,0.999330380285523
"PROBE3221_at","GENE3221",2,"Microenvironment",45,43,9.06515844444444,9.12265255813954,0.0574941136950891,1.04065662363805,0.528850765433168,-6.92119066045218,0.598132112149847,0.999330380285523
"PROBE3222_at","GENE3222",0,"Other",45,43,10.0730955555556,10.1097988372093,0.0367032816537431,1.02576715463815,0.331386126269372,-7.00621755316715,0.741076631829225,0.999330380285523
"PROBE3223_at","GENE3223",0,"Other",45,43,8.22793688888889,8.19213488372093,-0.0358020051679606,0.975489328067311,-0.306370000489968,-7.01421123853602,0.759987772997394,0.999330380285523
"PROBE3224_at","GENE3224",1,"PlasmaCells",45,43,8.25706866666667,8.15595348837209,-0.101115178294572,0.932312051857337,-0.909193055296905,-6.64843951328983,0.36552984683797,0.999330380285523
"PROBE3225_at","GENE3225",2,"Microenvironment",45,43,7.17143933333333,7.38509627906977,0.213656945736434,1.15962387812477,2.00439992461665,-5.087528785136,0.0478500341294833,0.522951192671949
"PROBE3226_at","GENE3226",1,"PlasmaCells",45,43,9.35127755555555,9.28320511627907,-0.0680724392764827,0.953911652410524,-0.58298049068819,-6.89110221889002,0.561276198479865,0.999330380285523
"PROBE3227_at","GENE3227",2,"Microenvironment",45,43,7.66380933333333,7.76049581395349,0.0966864806201571,1.06931468443379,0.933111714236843,-6.62653278754303,0.353108048196999,0.999330380285523
"PROBE3228_at","GENE3228",0,"Other",45,43,8.045444,7.9710476744186,-0.0743963255813975,0.949739442251739,-0.649483941802983,-6.85015539409441,0.517579777523898,0.999330380285523
"PROBE3229_at","GENE3229",1,"PlasmaCells",45,43,8.06988711111111,8.06365511627907,-0.00623199483203862,0.995689626792695,-0.0520794287455685,-7.05990688903787,0.958573840756779,0.999330380285523
"PROBE3230_at","GENE3230",1,"PlasmaCells",45,43,8.29516822222222,8.34128860465116,0.0461203824289385,1.0324846852413,0.449064607717299,-6.96022694239833,0.654399242865286,0.999330380285523
"PROBE3231_at","GENE3231",2,"Microenvironment",45,43,10.7529348888889,10.9160518604651,0.16311697157623,1.1197036688884,1.44143033566711,-6.03035131956333,0.15272389367664,0.955931748574201
"PROBE3232_at","GENE3232",2,"Microenvironment",45,43,9.91171822222222,9.9017788372093,-0.00993938501292568,0.99313422120143,-0.0939148142925834,-7.0568435837698,0.925372959501489,0.999330380285523
"PROBE3233_at","GENE3233",0,"Other",45,43,9.23991377777778,9.27451255813953,0.03459878036176,1.0242719290316,0.330942114138681,-7.00636488776934,0.741410944118912,0.999330380285523
"PROBE3234_at","GENE3234",0,"Other",45,43,9.51127911111111,9.53105953488372,0.0197804237726107,1.01380516827652,0.16560882270758,-7.04751288560849,0.868813775879146,0.999330380285523
"PROBE3235_at","GENE3235",1,"PlasmaCells",45,43,7.564734,7.63983581395349,0.0751018139534887,1.05343537643074,0.65192201490953,-6.84857098404863,0.516012466524386,0.999330380285523
"PROBE3236_at","GENE3236",0,"Other",45,43,6.53317311111111,6.77545162790698,0.242278516795866,1.18285933290195,1.94205760866653,-5.20607697773729,0.0550672918883725,0.576620857469869
"PROBE3237_at","GENE3237",0,"Other",45,43,7.31630644444444,7.40909348837209,0.0927870439276459,1.06642835382928,0.89079296399883,-6.66491138617204,0.375271896962524,0.999330380285523
"PROBE3238_at","GENE3238",0,"Other",45,43,8.56298422222222,8.49664813953488,-0.0663360826873358,0.955060424587017,-0.614574273499617,-6.87219624740386,0.540292773546123,0.999330380285523
"PROBE3239_at","GENE3239",0,"Other",45,43,8.04098844444444,8.05480488372093,0.0138164392764857,1.0096228304692,0.130424812856211,-7.05273591002445,0.89650380565756,0.999330380285523
"PROBE3240_at","GENE3240",0,"Other",45,43,9.33689511111111,9.20968767441861,-0.127207436692508,0.915602027885995,-1.16323180629371,-6.38736249533149,0.247624568275147,0.999330380285523
"PROBE3241_at","GENE3241",1,"PlasmaCells",45,43,8.500036,8.61495,0.114914000000004,1.08291049059548,1.00468142393524,-6.55765129869297,0.317581109844137,0.999330380285523
"PROBE3242_at","GENE3242",0,"Other",45,43,9.63352333333333,9.60795093023256,-0.0255724031007762,0.982430732388859,-0.217291533659359,-7.03759091841213,0.828443248061332,0.999330380285523
"PROBE3243_at","GENE3243",1,"PlasmaCells",45,43,5.56800466666667,5.54680395348837,-0.0212007131782928,0.985412233133933,-0.214096860357939,-7.03828182546291,0.830926538616537,0.999330380285523
"PROBE3244_at","GENE3244",1,"PlasmaCells",45,43,8.94605044444445,9.18969162790698,0.243641183462538,1.18397710512282,2.22760094928489,-4.63510590465574,0.0282476176413622,0.360991918739453
"PROBE3245_at","GENE3245",0,"Other",45,43,8.58026644444444,8.65246302325581,0.0721965788113668,1.05131614961593,0.553308175759843,-6.9079562915901,0.581341347887249,0.999330380285523
"PROBE3246_at","GENE3246",2,"Microenvironment",45,43,9.38649822222222,9.51432906976744,0.127830847545223,1.09264962110241,1.21326281816901,-6.3285986107054,0.228012245378417,0.999330380285523
"PROBE3247_at","GENE3247",1,"PlasmaCells",45,43,6.84465866666667,6.72541418604651,-0.119244480620155,0.920669666334116,-1.01522182230055,-6.54708575550522,0.312557171562449,0.999330380285523
"PROBE3248_at","GENE3248",0,"Other",45,43,9.44219866666667,9.27796441860465,-0.164234248062012,0.892402061828501,-1.76295697585765,-5.52729031235547,0.0810964974831283,0.722463229248359
"PROBE3249_at","GENE3249",2,"Microenvironment",45,43,9.67662977777778,9.65138953488372,-0.0252402428940606,0.982656949263933,-0.217601365887935,-7.03752336766274,0.82820250077318,0.999330380285523
"PROBE3250_at","GENE3250",2,"Microenvironment",45,43,10.327018,10.1742241860465,-0.152793813953492,0.899506858032439,-1.26119962284638,-6.27004546436501,0.210299414253536,0.999330380285523
"PROBE3251_at","GENE3251",2,"Microenvironment",45,43,6.45665,6.58030604651163,0.123656046511627,1.08949233495451,1.26722877860517,-6.26252565764559,0.208145238104348,0.999330380285523
"PROBE3252_at","GENE3252",2,"Microenvironment",45,43,8.10991977777778,7.87874372093023,-0.231176056847547,0.851940123659929,-2.03252557129173,-5.03291914503255,0.0448680661850539,0.501319175251999
"PROBE3253_at","GENE3253",0,"Other",45,43,9.57880533333333,9.65999209302326,0.0811867596899258,1.05788790040912,0.774910785056166,-6.76102406950592,0.440300793292358,0.999330380285523
"PROBE3254_at","GENE3254",1,"PlasmaCells",45,43,9.12471844444444,8.99823023255814,-0.12648821188631,0.916058595522353,-1.16854600139604,-6.3812347785432,0.245486153414292,0.999330380285523
"PROBE3255_at","GENE3255",2,"Microenvironment",45,43,10.0040631111111,10.0178341860465,0.0137710749354039,1.00959108422133,0.121568907525835,-7.05385505722855,0.903495064689705,0.999330380285523
"PROBE3256_at","GENE3256",0,"Other",45,43,9.81059977777778,9.62195604651163,-0.188643731266151,0.877430200445756,-1.80069782452694,-5.46201032376987,0.0748971174420265,0.692986898379596
"PROBE3257_at","GENE3257",0,"Other",45,43,9.72938466666667,9.68468813953488,-0.0446965271317854,0.969493729815104,-0.359244800875525,-6.9965792944648,0.720202541165456,0.999330380285523
"PROBE3258_at","GENE3258",2,"Microenvironment",45,43,9.42878288888889,9.37899372093023,-0.0497891679586555,0.966077498890415,-0.447578241863071,-6.96089400341181,0.655467998034848,0.999330380285523
"PROBE3259_at","GENE3259",2,"Microenvironment",45,43,8.47872266666667,8.5031923255814,0.0244696589147253,1.0171057308016,0.238907166740339,-7.03264757166859,0.81168788597766,0.999330380285523
"PROBE3260_at","GENE3260",1,"PlasmaCells",45,43,6.60611311111111,6.71867069767442,0.112557586563307,1.08114317184491,0.890758484721483,-6.66494194139927,0.375290303885055,0.999330380285523
"PROBE3261_at","GENE3261",0,"Other",45,43,8.37270955555556,8.66944744186046,0.296737886304909,1.22836378690015,2.32354969956313,-4.42739576408181,0.0222640666863946,0.295867995832486
"PROBE3262_at","GENE3262",1,"PlasmaCells",45,43,7.621988,7.70877488372093,0.0867868837209329,1.06200229492182,0.726025386754557,-6.79760980296944,0.469593197726223,0.999330380285523
"PROBE3263_at","GENE3263",2,"Microenvironment",45,43,8.83371244444444,8.8181288372093,-0.0155836072351399,0.989256395817328,-0.152304091655188,-7.04963386190572,0.879267391001946,0.999330380285523
"PROBE3264_at","GENE3264",2,"Microenvironment",45,43,10.928244,11.1232006976744,0.194956697674417,1.14468980235041,1.81558392314137,-5.43590675858949,0.0725624810069671,0.690901182722773
"PROBE3265_at","GENE3265",0,"Other",45,43,7.549814,7.44625953488372,-0.103554465116281,0.930737044701287,-0.89874758329721,-6.65783098986239,0.371040437592017,0.999330380285523
"PROBE3266_at","GENE3266",2,"Microenvironment",45,43,9.34224844444444,9.40877162790698,0.0665231834625324,1.04718996938563,0.609077085723193,-6.87555694550871,0.543914984526407,0.999330380285523
"PROBE3267_at","GENE3267",2,"Microenvironment",45,43,8.00797422222222,7.97683790697674,-0.0311363152454787,0.978649176865832,-0.294081978800926,-7.01790854816548,0.769331465731517,0.999330380285523
"PROBE3268_at","GENE3268",0,"Other",45,43,5.25258066666667,5.21729441860465,-0.0352862480620155,0.975838123536883,-0.316254466080609,-7.0111275245946,0.752497380629373,0.999330380285523
"PROBE3269_at","GENE3269",2,"Microenvironment",45,43,9.95050111111111,10.0344502325581,0.0839491214470289,1.05991540341649,0.734988474577619,-6.79107820891081,0.464141891271741,0.999330380285523
"PROBE3270_at","GENE3270",2,"Microenvironment",45,43,7.94824155555556,8.04197023255814,0.0937286770025851,1.06712462848436,0.977694557489015,-6.58421029859257,0.330687804100899,0.999330380285523
"PROBE3271_at","GENE3271",2,"Microenvironment",45,43,9.43702777777778,9.44544186046512,0.00841408268733801,1.00584923806819,0.0799707108446021,-7.05805964765523,0.936427364345601,0.999330380285523
"PROBE3272_at","GENE3272",1,"PlasmaCells",45,43,7.47353533333333,7.27549279069767,-0.198042542635661,0.871732533240646,-1.76069185212062,-5.53116710237851,0.0814816505826381,0.723120662374389
"PROBE3273_at","GENE3273",1,"PlasmaCells",45,43,7.42872444444444,7.39930302325581,-0.029421421188629,0.979813163341539,-0.236535093816401,-7.03321290548323,0.813522475955984,0.999330380285523
"PROBE3274_at","GENE3274",1,"PlasmaCells",45,43,7.64495422222222,7.57624976744186,-0.0687044547803621,0.95349385453948,-0.592894882984012,-6.88527597152123,0.554648491501059,0.999330380285523
"PROBE3275_at","GENE3275",2,"Microenvironment",45,43,10.1925395555556,10.266763255814,0.0742237002584005,1.05279438540722,0.650398948982712,-6.84956145582259,0.516991273573334,0.999330380285523
"PROBE3276_at","GENE3276",2,"Microenvironment",45,43,9.52867088888889,9.55985697674419,0.0311860878552963,1.02185187907882,0.280423452603881,-7.02184095351155,0.779757293942456,0.999330380285523
"PROBE3277_at","GENE3277",0,"Other",45,43,7.512534,7.56727069767442,0.0547366976744206,1.03866952126498,0.550662346836703,-6.90941667657712,0.583146949127056,0.999330380285523
"PROBE3278_at","GENE3278",0,"Other",45,43,7.80248288888889,7.96661465116279,0.164131762273901,1.12049154474075,1.38523985222763,-6.10837821377366,0.169196072495593,0.989347380354554
"PROBE3279_at","GENE3279",2,"Microenvironment",45,43,6.89214711111111,6.86303186046512,-0.0291152506459964,0.980021122580163,-0.246141898325129,-7.03088852784292,0.806098980564192,0.999330380285523
"PROBE3280_at","GENE3280",0,"Other",45,43,6.95215066666667,6.93031651162791,-0.0218341550387606,0.984979664692861,-0.212315838602267,-7.03866256585057,0.832311712970516,0.999330380285523
"PROBE3281_at","GENE3281",1,"PlasmaCells",45,43,8.87872777777778,8.84275,-0.035977777777779,0.975370485307531,-0.327246240055423,-7.00758362541003,0.744195615722606,0.999330380285523
"PROBE3282_at","GENE3282",0,"Other",45,43,9.047704,9.13979511627907,0.0920911162790716,1.06591405386744,0.915528255108178,-6.64269160818527,0.362213076658225,0.999330380285523
"PROBE3283_at","GENE3283",1,"PlasmaCells",45,43,9.97782844444444,9.92103325581395,-0.0567951886304954,0.961397402929154,-0.470512739821919,-6.95035619302559,0.639058178734125,0.999330380285523
"PROBE3284_at","GENE3284",0,"Other",45,43,8.43959066666667,8.4709488372093,0.0313581705426422,1.02197377144,0.288878167634877,-7.01942877962037,0.773298761608068,0.999330380285523
"PROBE3285_at","GENE3285",0,"Other",45,43,8.62727955555556,8.66927395348837,0.0419943979328128,1.02953608567885,0.376102707643713,-6.9903703718173,0.70767212075963,0.999330380285523
"PROBE3286_at","GENE3286",0,"Other",45,43,7.13621,7.07857651162791,-0.0576334883720948,0.960838930718888,-0.543058257921498,-6.91357508630434,0.588350962272927,0.999330380285523
"PROBE3287_at","GENE3287",2,"Microenvironment",45,43,6.93176644444444,7.04504348837209,0.113277043927649,1.08168246142216,1.05930851659927,-6.50172534656612,0.29212276708839,0.999330380285523
"PROBE3288_at","GENE3288",1,"PlasmaCells",45,43,8.05990911111111,8.02155372093023,-0.0383553901808789,0.973764364120077,-0.318063912457126,-7.0105524408839,0.751128728093669,0.999330380285523
"PROBE3289_at","GENE3289",2,"Microenvironment",45,43,7.587468,7.66246093023256,0.0749929302325594,1.05335587408826,0.678595749007323,-6.83085257584539,0.499029978971168,0.999330380285523
"PROBE3290_at","GENE3290",0,"Other",45,43,9.54003311111111,9.4401123255814,-0.0999207855297168,0.933084223253293,-0.880226815560322,-6.67422056449176,0.380939179853591,0.999330380285523
"PROBE3291_at","GENE3291",2,"Microenvironment",45,43,9.46168333333333,9.49699604651163,0.0353127131782927,1.02477892620598,0.296418235263266,-7.01721722703885,0.767552330203027,0.999330380285523
"PROBE3292_at","GENE3292",1,"PlasmaCells",45,43,8.51135511111111,8.47255906976744,-0.0387960413436712,0.97346698673678,-0.337347685399962,-7.00422026824749,0.736592796660011,0.999330380285523
"PROBE3293_at","GENE3293",2,"Microenvironment",45,43,9.73862844444444,9.75678,0.0181515555555567,1.01266118213013,0.175827079390734,-7.04576348238628,0.860800907904029,0.999330380285523
"PROBE3294_at","GENE3294",2,"Microenvironment",45,43,8.71286488888889,8.7358911627907,0.0230262739018077,1.01608864750748,0.21592881887171,-7.03788688094696,0.829502305114658,0.999330380285523
"PROBE3295_at","GENE3295",0,"Other",45,43,8.231434,8.11801906976744,-0.113414930232558,0.924397376055324,-0.931837816339219,-6.62771361523864,0.353762713965145,0.999330380285523
"PROBE3296_at","GENE3296",1,"PlasmaCells",45,43,7.36171622222222,7.39866860465116,0.0369523824289404,1.02594428247658,0.301759385777779,-7.01561621794742,0.763489554735176,0.999330380285523
"PROBE3297_at","GENE3297",1,"PlasmaCells",45,43,7.24973622222222,7.22338674418605,-0.0263494780361757,0.981901710860998,-0.20835910542272,-7.03949705085117,0.835390915455466,0.999330380285523
"PROBE3298_at","GENE3298",2,"Microenvironment",45,43,8.94234955555556,8.97781162790698,0.0354620723514216,1.02488502489766,0.318689325079568,-7.01035290898634,0.750655855012046,0.999330380285523
"PROBE3299_at","GENE3299",1,"PlasmaCells",45,43,9.01969933333333,9.00375325581395,-0.0159460775193754,0.989007881061736,-0.146588927012883,-7.05049046495225,0.88376451723991,0.999330380285523
"PROBE3300_at","GENE3300",0,"Other",45,43,8.90149444444445,8.82826348837209,-0.073230956072349,0.950506925674668,-0.676010721592471,-6.83260051300494,0.5006624980598,0.999330380285523
"PROBE3301_at","GENE3301",2,"Microenvironment",45,43,10.4990035555556,10.3835202325581,-0.115483322997415,0.923073016564745,-0.956143999574201,-6.6049101436677,0.341406012874308,0.999330380285523
"PROBE3302_at","GENE3302",0,"Other",45,43,10.7484015555556,10.7236953488372,-0.0247062067183474,0.983020762462882,-0.236323721292766,-7.03326300827985,0.813686004629898,0.999330380285523
"PROBE3303_at","GENE3303",2,"Microenvironment",45,43,8.26595733333333,8.3397288372093,0.073771503875971,1.05246445066877,0.612433891169694,-6.87350832861603,0.541701657849033,0.999330380285523
"PROBE3304_at","GENE3304",0,"Other",45,43,7.99614955555556,7.88738023255814,-0.108769322997416,0.927378816068223,-1.09958955015763,-6.45863502567706,0.274266449233072,0.999330380285523
"PROBE3305_at","GENE3305",1,"PlasmaCells",45,43,8.288376,8.34652906976744,0.0581530697674459,1.04113205580804,0.511897193023619,-6.93001554259097,0.609900939105216,0.999330380285523
"PROBE3306_at","GENE3306",0,"Other",45,43,7.34632555555556,7.41484558139535,0.0685200258397982,1.04864039449261,0.641752948461848,-6.85514055523103,0.522566131202081,0.999330380285523
"PROBE3307_at","GENE3307",0,"Other",45,43,9.12891866666667,9.17610790697674,0.0471892403100753,1.03324991161992,0.395843269112761,-6.98273898636782,0.693100815743266,0.999330380285523
"PROBE3308_at","GENE3308",2,"Microenvironment",45,43,7.85028533333333,7.86128046511628,0.0109951317829466,1.00765036019854,0.100749251595969,-7.05617634335175,0.919960057196367,0.999330380285523
"PROBE3309_at","GENE3309",0,"Other",45,43,8.12562244444444,8.10034558139535,-0.0252768630490969,0.982632006644664,-0.220420998399652,-7.03690420190167,0.826012332849473,0.999330380285523
"PROBE3310_at","GENE3310",2,"Microenvironment",45,43,7.17027711111111,7.24248558139535,0.0722084702842389,1.05132481516799,0.617715781481471,-6.87026223950754,0.538228285604467,0.999330380285523
"PROBE3311_at","GENE3311",1,"PlasmaCells",45,43,8.89665977777778,8.93664790697675,0.0399881291989654,1.02810536715207,0.37551828613601,-6.99059036934984,0.70810519983952,0.999330380285523
"PROBE3312_at","GENE3312",2,"Microenvironment",45,43,8.99634733333333,8.92793697674419,-0.0684103565891476,0.953688247251943,-0.575999900428729,-6.89514587939247,0.565965909420498,0.999330380285523
"PROBE3313_at","GENE3313",1,"PlasmaCells",45,43,7.17101644444444,7.1799076744186,0.00889122997416081,1.00618196092078,0.0807097723258117,-7.05800008811663,0.935841130109684,0.999330380285523
"PROBE3314_at","GENE3314",2,"Microenvironment",45,43,9.85887777777778,9.69655558139535,-0.162322196382434,0.893585576038382,-1.45852245937099,-6.00602774365812,0.147967311955471,0.950935725171886
"PROBE3315_at","GENE3315",1,"PlasmaCells",45,43,6.57026044444444,6.65734139534884,0.0870809509043919,1.06221878686596,0.723898369685116,-6.79914817038233,0.470892097440189,0.999330380285523
"PROBE3316_at","GENE3316",1,"PlasmaCells",45,43,8.12678933333333,8.12436790697674,-0.00242142635659093,0.998323002881727,-0.0232784869878829,-7.06099548128228,0.981476548673852,0.999330380285523
"PROBE3317_at","GENE3317",0,"Other",45,43,9.22910111111111,9.21402209302326,-0.0150790180878602,0.989602453251768,-0.135359124584053,-7.05207823438317,0.892611935125526,0.999330380285523
"PROBE3318_at","GENE3318",2,"Microenvironment",45,43,8.81405155555556,8.59611232558139,-0.217939229974156,0.859792702160314,-2.11730469307589,-4.86410161632646,0.0368239601699691,0.430689592631218
"PROBE3319_at","GENE3319",1,"PlasmaCells",45,43,7.69201088888889,7.71168465116279,0.0196737622739001,1.01373021828473,0.193012092023874,-7.0425853762674,0.847358088343449,0.999330380285523
"PROBE3320_at","GENE3320",0,"Other",45,43,9.50944733333333,9.42651558139535,-0.082931751937986,0.944137081397077,-0.704569794444864,-6.8129229303742,0.482787268517762,0.999330380285523
"PROBE3321_at","GENE3321",1,"PlasmaCells",45,43,6.43259955555556,6.47699604651163,0.0443964909560721,1.03125169523841,0.417414264039384,-6.9739552248363,0.677309373979324,0.999330380285523
"PROBE3322_at","GENE3322",0,"Other",45,43,6.26656688888889,6.30421209302326,0.0376452041343658,1.02643708736368,0.298939177879722,-7.01646513081207,0.765633945076352,0.999330380285523
"PROBE3323_at","GENE3323",1,"PlasmaCells",45,43,8.20198755555556,8.11932139534884,-0.0826661602067169,0.944310907519424,-0.826300255597113,-6.72002821378708,0.410686911763881,0.999330380285523
"PROBE3324_at","GENE3324",2,"Microenvironment",45,43,7.91460355555556,7.83573953488372,-0.0788640206718343,0.946802866693193,-0.817129727641875,-6.72753424474194,0.415881709895254,0.999330380285523
"PROBE3325_at","GENE3325",1,"PlasmaCells",45,43,7.67589688888889,7.63324023255814,-0.0426566563307436,0.970865496320612,-0.381511264973553,-6.98831820912142,0.703668742746289,0.999330380285523
"PROBE3326_at","GENE3326",1,"PlasmaCells",45,43,6.73038622222222,6.77176209302326,0.0413758708010379,1.02909478693122,0.335022129724484,-7.00500361907998,0.738340830538466,0.999330380285523
"PROBE3327_at","GENE3327",0,"Other",45,43,8.26773622222222,8.28520093023256,0.0174647080103369,1.01217918261939,0.154282174741631,-7.04932975446904,0.877711798203724,0.999330380285523
"PROBE3328_at","GENE3328",1,"PlasmaCells",45,43,8.51404311111111,8.38342325581395,-0.130619855297157,0.913438906011763,-1.12907929073365,-6.42609490261407,0.261683649637433,0.999330380285523
"PROBE3329_at","GENE3329",1,"PlasmaCells",45,43,7.97342777777778,7.78239465116279,-0.191033126614988,0.875978200957814,-1.68371339496236,-5.66013331569614,0.0954928616628949,0.783261370388597
"PROBE3330_at","GENE3330",0,"Other",45,43,8.60019355555556,8.74745488372093,0.147261328165374,1.10746517131861,1.43561971665581,-6.03855782753959,0.154367580595341,0.955931748574201
"PROBE3331_at","GENE3331",0,"Other",45,43,8.17006533333333,8.12363930232558,-0.0464260310077513,0.968332196381515,-0.423960215255785,-6.97119787522914,0.672545246525964,0.999330380285523
"PROBE3332_at","GENE3332",1,"PlasmaCells",45,43,7.04436311111111,7.06055627906977,0.0161931679586562,1.01128747693614,0.138520238861946,-7.05164407321229,0.890120023378392,0.999330380285523
"PROBE3333_at","GENE3333",1,"PlasmaCells",45,43,9.55980711111111,9.65259720930232,0.092790098191216,1.06643061151828,0.87218016072575,-6.68123666641682,0.385290711438619,0.999330380285523
"PROBE3334_at","GENE3334",1,"PlasmaCells",45,43,6.84078844444444,6.63574441860465,-0.205044025839793,0.867512213409936,-2.05349742912811,-4.99174566647068,0.042749481737268,0.483044991381559
"PROBE3335_at","GENE3335",1,"PlasmaCells",45,43,8.84312866666667,8.88094023255814,0.0378115658914719,1.02655545591586,0.345833098106216,-7.0013161574074,0.730226423368827,0.999330380285523
"PROBE3336_at","GENE3336",0,"Other",45,43,8.76059822222222,8.6216988372093,-0.13889938501292,0.908211755104002,-1.24224733191402,-6.29345756803354,0.217177586608733,0.999330380285523
"PROBE3337_at","GENE3337",1,"PlasmaCells",45,43,7.42012444444444,7.38985186046512,-0.0302725839793299,0.979235262596852,-0.244941789135785,-7.03118394667215,0.807025390177383,0.999330380285523
"PROBE3338_at","GENE3338",2,"Microenvironment",45,43,10.2892815555556,10.3240462790698,0.0347647235142112,1.02438975066661,0.355298417683975,-6.99799177483425,0.723147083461397,0.999330380285523
"PROBE3339_at","GENE3339",1,"PlasmaCells",45,43,7.31963888888889,7.25714744186047,-0.0624914470284246,0.957608957835936,-0.595357160462983,-6.8838138821705,0.553008520778477,0.999330380285523
"PROBE3340_at","GENE3340",1,"PlasmaCells",45,43,9.19333155555556,9.20751279069767,0.0141812351421216,1.00987815317589,0.110825413799121,-7.05510717843052,0.911986634326,0.999330380285523
"PROBE3341_at","GENE3341",1,"PlasmaCells",45,43,7.42075,7.34160279069767,-0.0791472093023264,0.946617035671328,-0.747538210020775,-6.78179982535413,0.456569676573429,0.999330380285523
"PROBE3342_at","GENE3342",2,"Microenvironment",45,43,7.65004377777778,7.54962395348837,-0.100419824289403,0.932761518416506,-0.908813839501513,-6.64878233032813,0.365728992900619,0.999330380285523
"PROBE3343_at","GENE3343",2,"Microenvironment",45,43,11.053358,11.0081737209302,-0.045184279069769,0.969166015013353,-0.366130487716808,-6.99407752738356,0.715074979404282,0.999330380285523
"PROBE3344_at","GENE3344",0,"Other",45,43,9.20125644444444,9.19749697674419,-0.00375946770026303,0.997397527880609,-0.0340258365975902,-7.0606865783828,0.972927339750111,0.999330380285523
"PROBE3345_at","GENE3345",2,"Microenvironment",45,43,10.1925144444444,10.058593255814,-0.133921188630485,0.911351064452626,-1.25151128483172,-6.2820564939545,0.213795241657482,0.999330380285523
"PROBE3346_at","GENE3346",0,"Other",45,43,8.78022422222222,8.82584534883721,0.0456211266149893,1.03212744772005,0.42131038316517,-6.9723192128856,0.674472193228858,0.999330380285523
"PROBE3347_at","GENE3347",2,"Microenvironment",45,43,9.60278155555556,9.64973186046512,0.0469503049095632,1.03307880162662,0.420907154104427,-6.97248923455299,0.674765610284689,0.999330380285523
"PROBE3348_at","GENE3348",0,"Other",45,43,8.43110644444444,8.20828837209302,-0.222818072351421,0.856890004044631,-1.86614306450123,-5.34575411162684,0.0650804909700067,0.642770281185251
"PROBE3349_at","GENE3349",1,"PlasmaCells",45,43,6.98916666666667,7.07091581395349,0.0817491472868239,1.05830036388329,0.708480399442353,-6.81016574907503,0.480367306964093,0.999330380285523
"PROBE3350_at","GENE3350",2,"Microenvironment",45,43,9.61551133333333,9.60269325581395,-0.0128180775193805,0.991154539034508,-0.117853157099213,-7.054301208734,0.906430746300171,0.999330380285523
"PROBE3351_at","GENE3351",2,"Microenvironment",45,43,8.83703711111111,8.83123860465116,-0.00579850645995528,0.995988847843824,-0.0521125856175997,-7.05990515630069,0.958547490499261,0.999330380285523
"PROBE3352_at","GENE3352",0,"Other",45,43,7.73401,7.94569372093023,0.21168372093023,1.15803890387473,2.2139488297888,-4.6640200215139,0.0292044538465014,0.368510458630932
"PROBE3353_at","GENE3353",0,"Other",45,43,9.78050333333333,9.87818976744186,0.0976864341085246,1.07005609933156,0.888669332449662,-6.66679115901549,0.376406664535331,0.999330380285523
"PROBE3354_at","GENE3354",1,"PlasmaCells",45,43,7.20774466666667,7.17865651162791,-0.0290881550387576,0.980039528768604,-0.253681535403046,-7.02899958413297,0.800285221305444,0.999330380285523
"PROBE3355_at","GENE3355",1,"PlasmaCells",45,43,7.85100977777778,7.7634076744186,-0.0876021033591705,0.941085624019475,-0.74735590737289,-6.78193571833546,0.456679166538668,0.999330380285523
"PROBE3356_at","GENE3356",2,"Microenvironment",45,43,8.82252022222222,8.83838093023256,0.0158607080103383,1.01105445898243,0.149916306049701,-7.04999573137885,0.881145809929647,0.999330380285523
"PROBE3357_at","GENE3357",2,"Microenvironment",45,43,8.25357111111111,8.23635232558139,-0.0172187855297121,0.988135788778999,-0.160136276884618,-7.04840677391801,0.873110880989136,0.999330380285523
"PROBE3358_at","GENE3358",1,"PlasmaCells",45,43,9.654504,9.55912697674419,-0.0953770232558107,0.936027600935869,-0.813194129104758,-6.73073018163627,0.418123127206192,0.999330380285523
"PROBE3359_at","GENE3359",0,"Other",45,43,9.45845333333333,9.43560395348837,-0.0228493798449598,0.984286778114759,-0.216005553925615,-7.0378702645921,0.829442660776808,0.999330380285523
"PROBE3360_at","GENE3360",1,"PlasmaCells",45,43,8.01179644444444,8.08426093023256,0.0724644857881156,1.05151139606538,0.653074313248732,-6.84782010209112,0.515272584646943,0.999330380285523
"PROBE3361_at","GENE3361",2,"Microenvironment",45,43,8.19805622222222,8.15888488372093,-0.0391713385012871,0.973213785701268,-0.348919918311488,-7.00024185080897,0.727915115115149,0.999330380285523
"PROBE3362_at","GENE3362",0,"Other",45,43,8.65428377777778,8.68633534883721,0.0320515710594318,1.02246507933536,0.269204983499808,-7.02493121374321,0.788350872187183,0.999330380285523
"PROBE3363_at","GENE3363",2,"Microenvironment",45,43,6.32121044444444,6.24696255813953,-0.0742478863049092,0.949837166222902,-0.778052522790225,-6.75859229156849,0.438455347152703,0.999330380285523
"PROBE3364_at","GENE3364",1,"PlasmaCells",45,43,7.47292244444444,7.46121093023256,-0.0117115142118873,0.991915057329007,-0.110141956635192,-7.05518291764814,0.912527189396925,0.999330380285523
"PROBE3365_at","GENE3365",2,"Microenvironment",45,43,8.35812733333333,8.38355651162791,0.0254291782945764,1.01778242077764,0.259803486130591,-7.02742395572864,0.79557286721763,0.999330380285523
"PROBE3366_at","GENE3366",1,"PlasmaCells",45,43,8.56420933333333,8.59733023255814,0.0331208992248015,1.02322321322598,0.310697154598812,-7.01287329604356,0.756705818459786,0.999330380285523
"PROBE3367_at","GENE3367",0,"Other",45,43,7.51670155555556,7.41200209302326,-0.104699462532297,0.929998656685192,-0.945628472886457,-6.61484627699511,0.346717026346431,0.999330380285523
"PROBE3368_at","GENE3368",2,"Microenvironment",45,43,8.18435911111111,8.31296674418605,0.128607633074932,1.09323809124176,1.17837982034752,-6.36982398748034,0.241563822018848,0.999330380285523
"PROBE3369_at","GENE3369",0,"Other",45,43,8.944686,9.02640860465116,0.0817226046511657,1.05828089350197,0.791199397591908,-6.74831094219879,0.430782070538553,0.999330380285523
"PROBE3370_at","GENE3370",1,"PlasmaCells",45,43,9.59596511111111,9.61406162790698,0.0180965167958682,1.01262254988234,0.162614019882886,-7.04800577692957,0.871164849991987,0.999330380285523
"PROBE3371_at","GENE3371",1,"PlasmaCells",45,43,7.73628822222222,7.78191813953488,0.0456299173126631,1.032133736747,0.383169402382429,-6.98768321343865,0.702443063332627,0.999330380285523
"PROBE3372_at","GENE3372",0,"Other",45,43,6.76813777777778,6.73482302325581,-0.033314754521963,0.977172552235475,-0.320268757530844,-7.0098472651192,0.7494620735033,0.999330380285523
"PROBE3373_at","GENE3373",2,"Microenvironment",45,43,7.61095888888889,7.62831465116279,0.0173557622739056,1.01210275035908,0.174903904449869,-7.04592583334066,0.861524250798188,0.999330380285523
"PROBE3374_at","GENE3374",1,"PlasmaCells",45,43,7.58096733333333,7.74233325581395,0.161365922480623,1.11834547005618,1.56124096185245,-5.85409220213675,0.121764301996627,0.883951375656098
"PROBE3375_at","GENE3375",0,"Other",45,43,7.85604177777778,7.64997651162791,-0.206065266149868,0.866898344971951,-1.86464828479781,-5.34845251690859,0.0652920483645994,0.643271412459107
"PROBE3376_at","GENE3376",2,"Microenvironment",45,43,8.392914,8.36449046511628,-0.0284235348837232,0.980491116984324,-0.256230053017014,-7.0283482213805,0.798322599057859,0.999330380285523
"PROBE3377_at","GENE3377",0,"Other",45,43,10.3171273333333,10.3626590697674,0.0455317364341141,1.032063498515,0.479821796239613,-6.94592939729645,0.63244775334817,0.999330380285523
"PROBE3378_at","GENE3378",0,"Other",45,43,6.89589955555556,6.89700930232558,0.00110974677002584,1.0007695137687,0.0106118595242666,-7.06121079545161,0.991555186820317,0.999330380285523
"PROBE3379_at","GENE3379",1,"PlasmaCells",45,43,6.74710133333333,6.89899627906977,0.151894945736434,1.11102782281143,1.34579718518044,-6.1613685653188,0.181544178592114,0.999330380285523
"PROBE3380_at","GENE3380",1,"PlasmaCells",45,43,8.59351577777778,8.56026395348837,-0.0332518242894011,0.9772151773471,-0.297741490023194,-7.01682324085801,0.766545179509981,0.999330380285523
"PROBE3381_at","GENE3381",1,"PlasmaCells",45,43,8.285098,8.22191860465116,-0.063179395348838,0.957152431397769,-0.553226759098209,-6.90800133384262,0.581396869683255,0.999330380285523
"PROBE3382_at","GENE3382",1,"PlasmaCells",45,43,7.300642,7.24739069767442,-0.0532513023255801,0.963761915913819,-0.496446287832839,-6.93780917979684,0.620716741605401,0.999330380285523
"PROBE3383_at","GENE3383",0,"Other",45,43,9.06271444444444,9.00083976744186,-0.0618746770025815,0.9580184350661,-0.581883922874579,-6.89174063203916,0.562011630578182,0.999330380285523
"PROBE3384_at","GENE3384",0,"Other",45,43,7.85477333333333,7.79864837209302,-0.0561249612403083,0.961844139453484,-0.497028499593483,-6.93751981230205,0.620307652956349,0.999330380285523
"PROBE3385_at","GENE3385",1,"PlasmaCells",45,43,9.579074,9.60015534883721,0.0210813488372121,1.01471976168397,0.182192666697885,-7.04462077186906,0.855816486931241,0.999330380285523
"PROBE3386_at","GENE3386",0,"Other",45,43,8.12240866666667,8.1043923255814,-0.0180163410852749,0.987589675173819,-0.163702322887833,-7.04782770140976,0.870310341302319,0.999330380285523
"PROBE3387_at","GENE3387",0,"Other",45,43,9.25394577777778,9.19518581395349,-0.0587599638242899,0.960088987739148,-0.507609629979011,-6.9322020597873,0.612893754173866,0.999330380285523
"PROBE3388_at","GENE3388",0,"Other",45,43,8.83466577777778,8.8266523255814,-0.00801345219638172,0.994460895926545,-0.0699838963518452,-7.05881074826348,0.944352351013985,0.999330380285523
"PROBE3389_at","GENE3389",2,"Microenvironment",45,43,10.6054731111111,10.5257786046512,-0.0796945064599459,0.946257997522721,-0.785088899568713,-6.75311073211939,0.434338625720579,0.999330380285523
"PROBE3390_at","GENE3390",1,"PlasmaCells",45,43,6.58055866666667,6.63353209302326,0.0529734263565889,1.03740082804109,0.526709468171809,-6.92232104726017,0.599612768400099,0.999330380285523
"PROBE3391_at","GENE3391",1,"PlasmaCells",45,43,7.32253577777778,7.3412876744186,0.0187518966408273,1.01308266318003,0.156040741852138,-7.04905610161648,0.876329238355346,0.999330380285523
"PROBE3392_at","GENE3392",0,"Other",45,43,10.0656155555556,10.0397351162791,-0.0258804392764826,0.982220991666038,-0.214515541307916,-7.03819186008994,0.830600990376772,0.999330380285523
"PROBE3393_at","GENE3393",2,"Microenvironment",45,43,8.01316666666667,7.92980720930233,-0.0833594573643417,0.943857221350632,-0.790420797644257,-6.74892457347519,0.431234290702481,0.999330380285523
"PROBE3394_at","GENE3394",1,"PlasmaCells",45,43,9.41045422222222,9.28442488372093,-0.12602933850129,0.916350009684213,-1.07529685996047,-6.48480975391182,0.284942455447792,0.999330380285523
"PROBE3395_at","GENE3395",1,"PlasmaCells",45,43,8.66284133333333,8.51662674418605,-0.14621458914729,0.90361831088422,-1.40782307135944,-6.07737639871654,0.162420029639189,0.971121253448065
"PROBE3396_at","GENE3396",1,"PlasmaCells",45,43,6.42216044444444,6.30677302325581,-0.115387421188631,0.923134379023041,-1.11707018132599,-6.43944747100952,0.266757974494929,0.999330380285523
"PROBE3397_at","GENE3397",0,"Other",45,43,10.3838673333333,10.4551069767442,0.0712396434108555,1.05061904590813,0.724394291866901,-6.79878989318632,0.470589074080118,0.999330380285523
"PROBE3398_at","GENE3398",0,"Other",45,43,7.68077044444444,7.7064023255814,0.0256318811369516,1.0179254322096,0.22598307492854,-7.03565947303006,0.821695998832682,0.999330380285523
"PROBE3399_at","GENE3399",0,"Other",45,43,8.70221488888889,8.51718744186046,-0.185027447028425,0.879632340907174,-1.6274857220123,-5.75090042872612,0.106918552070164,0.82191752634415
"PROBE3400_at","GENE3400",0,"Other",45,43,9.498194,9.48306837209302,-0.0151256279069774,0.98957048222189,-0.127946489643,-7.05305702689108,0.898459509823556,0.999330380285523
"PROBE3401_at","GENE3401",2,"Microenvironment",45,43,8.31070911111111,8.42043372093023,0.109724609819123,1.0790222466825,0.889287903968623,-6.66624407413911,0.376075907591917,0.999330380285523
"PROBE3402_at","GENE3402",2,"Microenvironment",45,43,9.03492733333333,9.03314348837209,-0.0017838449612384,0.998764297005048,-0.0163733256725039,-7.0611328134019,0.986970610007678,0.999330380285523
"PROBE3403_at","GENE3403",0,"Other",45,43,8.53392911111111,8.43482348837209,-0.0991056227390192,0.93361159074452,-0.887612016983932,-6.66772541644935,0.376972444672186,0.999330380285523
"PROBE3404_at","GENE3404",2,"Microenvironment",45,43,7.343814,7.43736534883721,0.0935513488372095,1.06699347143587,0.799805274508882,-6.74148875467189,0.425802318783118,0.999330380285523
"PROBE3405_at","GENE3405",2,"Microenvironment",45,43,8.72134066666667,8.76723511627907,0.0458944496124012,1.0323230059525,0.394216198927226,-6.98338269783405,0.69429756094596,0.999330380285523
"PROBE3406_at","GENE3406",1,"PlasmaCells",45,43,7.52727422222222,7.59019441860465,0.0629201963824313,1.04457797975354,0.627486584633722,-6.86418451703216,0.531833061931981,0.999330380285523
"PROBE3407_at","GENE3407",0,"Other",45,43,8.49594755555556,8.67353651162791,0.177588956072348,1.13099218149884,1.58348356272765,-5.81989751307171,0.116606972513024,0.868580800841892
"PROBE3408_at","GENE3408",1,"PlasmaCells",45,43,9.10117755555556,9.04423069767442,-0.0569468578811367,0.961296337385061,-0.520984844283459,-6.92532067555577,0.603579462936313,0.999330380285523
"PROBE3409_at","GENE3409",2,"Microenvironment",45,43,10.3260551111111,10.0723486046512,-0.253706506459947,0.838738795258733,-2.01989067313897,-5.05753785480502,0.0461873749951738,0.513946808774575
"PROBE3410_at","GENE3410",2,"Microenvironment",45,43,7.58167111111111,7.44085813953488,-0.140812971576231,0.907007904206271,-1.26509045498544,-6.26519662959308,0.208907379313445,0.999330380285523
"PROBE3411_at","GENE3411",0,"Other",45,43,8.91717311111111,8.85250790697674,-0.0646652041343696,0.956167182692983,-0.599634435768764,-6.88125975730038,0.55016544547754,0.999330380285523
"PROBE3412_at","GENE3412",2,"Microenvironment",45,43,8.84991066666667,8.66580511627907,-0.184105550387594,0.880194614449884,-1.78512951296919,-5.48909538168599,0.0774050625035769,0.702086734726321
"PROBE3413_at","GENE3413",1,"PlasmaCells",45,43,7.27148022222222,7.26738697674419,-0.00409324547803536,0.997166799546832,-0.0392796069184948,-7.06049340902281,0.968749203429518,0.999330380285523
"PROBE3414_at","GENE3414",1,"PlasmaCells",45,43,5.82723733333333,5.91395325581395,0.0867159224806198,1.06195005994175,0.764479379210938,-6.76902852593929,0.446460523179249,0.999330380285523
"PROBE3415_at","GENE3415",1,"PlasmaCells",45,43,9.29011022222222,9.23505186046512,-0.055058361757105,0.962555503779722,-0.54605263906649,-6.91194442266968,0.5862990956303,0.999330380285523
"PROBE3416_at","GENE3416",0,"Other",45,43,9.82214488888889,9.84919953488372,0.0270546459948342,1.0189297906203,0.259000760749595,-7.02763269323352,0.796190335591698,0.999330380285523
"PROBE3417_at","GENE3417",2,"Microenvironment",45,43,9.38486422222222,9.49311953488372,0.108255312661502,1.07792388754893,0.951626720941995,-6.60919173431049,0.343681014447563,0.999330380285523
"PROBE3418_at","GENE3418",0,"Other",45,43,8.29865511111111,8.31644953488372,0.0177944237726084,1.01241053405538,0.157793243365719,-7.04878030873184,0.874951828400883,0.999330380285523
"PROBE3419_at","GENE3419",0,"Other",45,43,8.54681644444444,8.41251627906977,-0.134300165374674,0.911111696124648,-1.18736089489021,-6.35932155571813,0.23802094567849,0.999330380285523
"PROBE3420_at","GENE3420",1,"PlasmaCells",45,43,8.51374866666667,8.67526093023256,0.161512263565889,1.11845891620102,1.46323878707889,-5.99926772884539,0.146675248552759,0.950935725171886
"PROBE3421_at","GENE3421",2,"Microenvironment",45,43,7.77163933333333,7.76418511627907,-0.0074542170542653,0.994846455776022,-0.0707749278092496,-7.05875490331858,0.943724417377607,0.999330380285523
"PROBE3422_at","GENE3422",1,"PlasmaCells",45,43,8.104456,8.10346418604651,-0.000991813953488574,0.999312763209951,-0.00876310946077156,-7.06122876163725,0.993026361826853,0.999330380285523
"PROBE3423_at","GENE3423",0,"Other",45,43,7.37631066666667,7.33339697674419,-0.0429136899224778,0.970692540283389,-0.369113779368075,-6.99297890657077,0.712857445082532,0.999330380285523
"PROBE3424_at","GENE3424",0,"Other",45,43,8.812124,8.88774395348837,0.0756199534883741,1.05381378248899,0.623935337323565,-6.86640443936773,0.534152907059005,0.999330380285523
"PROBE3425_at","GENE3425",0,"Other",45,43,7.62255244444444,7.62633511627907,0.00378267183462544,1.00262538862976,0.0305076846268006,-7.0608004544049,0.975725629742814,0.999330380285523
"PROBE3426_at","GENE3426",2,"Microenvironment",45,43,8.79735111111111,8.80540372093023,0.0080526098191207,1.00559725018892,0.0762532178060935,-7.05835092515855,0.939376657866537,0.999330380285523
"PROBE3427_at","GENE3427",2,"Microenvironment",45,43,8.74979466666667,8.71390046511628,-0.0358942015503825,0.975426990767381,-0.315484718749593,-7.01137117536471,0.753079852097392,0.999330380285523
"PROBE3428_at","GENE3428",0,"Other",45,43,10.4849808888889,10.3958009302326,-0.089179958656322,0.940056934528379,-0.764957617239913,-6.768663897305,0.446177038918491,0.999330380285523
"PROBE3429_at","GENE3429",0,"Other",45,43,8.76552911111111,8.76540348837209,-0.000125622739018283,0.999912928743557,-0.00116441152160474,-7.06126659865633,0.999073355430388,0.999818966729852
"PROBE3430_at","GENE3430",1,"PlasmaCells",45,43,8.25917733333333,8.26803930232558,0.00886196899225844,1.00616155357707,0.0842569561474537,-7.05770660300302,0.933027950074871,0.999330380285523
"PROBE3431_at","GENE3431",1,"PlasmaCells",45,43,9.50984511111111,9.46815279069767,-0.0416923204134374,0.971514665698918,-0.430046495051968,-6.96859580785212,0.668127609351027,0.999330380285523
"PROBE3432_at","GENE3432",2,"Microenvironment",45,43,10.8202426666667,10.8189906976744,-0.00125196899224989,0.999132577651336,-0.0109531393681223,-7.06120710400452,0.99128361048859,0.999330380285523
"PROBE3433_at","GENE3433",0,"Other",45,43,6.13157888888889,6.04434093023256,-0.0872379586563303,0.941323189539204,-0.805138576098742,-6.73722430897648,0.422733427398816,0.999330380285523
"PROBE3434_at","GENE3434",2,"Microenvironment",45,43,8.22404555555556,8.15523558139535,-0.0688099741602031,0.953424118110058,-0.616018429585749,-6.87130839583971,0.539343225796765,0.999330380285523
"PROBE3435_at","GENE3435",1,"PlasmaCells",45,43,7.53657755555556,7.60197534883721,0.0653977932816554,1.04637341582078,0.613888365074677,-6.87261721235741,0.540744062828497,0.999330380285523
"PROBE3436_at","GENE3436",1,"PlasmaCells",45,43,6.33536844444444,6.29786325581395,-0.0375051886304938,0.974338387002404,-0.302384240930109,-7.01542705319089,0.763014684738849,0.999330380285523
"PROBE3437_at","GENE3437",0,"Other",45,43,7.95942866666667,7.98761558139535,0.0281869147286793,1.01972979003744,0.246470126160065,-7.03080748015941,0.805845657164939,0.999330380285523
"PROBE3438_at","GENE3438",0,"Other",45,43,7.99911755555556,7.98890488372093,-0.0102126718346245,0.992946111599337,-0.0867503837808535,-7.05749275006006,0.931050983169967,0.999330380285523
"PROBE3439_at","GENE3439",0,"Other",45,43,8.42912844444444,8.40389651162791,-0.0252319328165331,0.982662609489218,-0.219491701407193,-7.03710914688119,0.82673401933183,0.999330380285523
"PROBE3440_at","GENE3440",1,"PlasmaCells",45,43,6.85071666666667,6.87078674418605,0.0200700775193807,1.01400873308947,0.200420724185258,-7.04112397661935,0.841576397821467,0.999330380285523
"PROBE3441_at","GENE3441",1,"PlasmaCells",45,43,8.146542,8.25267255813954,0.106130558139533,1.07633752462401,0.871442083638066,-6.6818770416412,0.385691393644993,0.999330380285523
"PROBE3442_at","GENE3442",0,"Other",45,43,8.79035666666667,8.86997511627907,0.0796184496124059,1.05673852735512,0.727861555803992,-6.79627820180592,0.468473529124454,0.999330380285523
"PROBE3443_at","GENE3443",1,"PlasmaCells",45,43,8.09283711111111,8.10349488372093,0.0106577726098145,1.00741475922947,0.0928926993682061,-7.05693934535674,0.926182786710564,0.999330380285523
"PROBE3444_at","GENE3444",2,"Microenvironment",45,43,8.23601688888889,8.28081209302326,0.0447952041343669,1.03153673847486,0.382399426942196,-6.98797842252006,0.703012124358521,0.999330380285523
"PROBE3445_at","GENE3445",0,"Other",45,43,8.50838844444444,8.60795069767442,0.099562253229978,1.07144831121356,0.885915992824953,-6.66922176019172,0.377881116150561,0.999330380285523
"PROBE3446_at","GENE3446",0,"Other",45,43,7.86719666666667,7.92535418604651,0.058157519379848,1.04113526691026,0.516976431441748,-6.92740163021675,0.606364075783145,0.999330380285523
"PROBE3447_at","GENE3447",1,"PlasmaCells",45,43,8.484598,8.47615209302326,-0.00844590697674619,0.994162846161072,-0.0713099847562285,-7.05871677373823,0.943299700584683,0.999330380285523
"PROBE3448_at","GENE3448",0,"Other",45,43,8.61387155555555,8.6013911627907,-0.0124803927648589,0.991386561008198,-0.122675165196897,-7.05371955409585,0.902621306969787,0.999330380285523
"PROBE3449_at","GENE3449",0,"Other",45,43,10.1306831111111,10.1662404651163,0.0355573540051637,1.02495271485435,0.305273624104845,-7.01454726106714,0.760820025942306,0.999330380285523
"PROBE3450_at","GENE3450",1,"PlasmaCells",45,43,8.97185222222222,9.02053139534884,0.048679173126617,1.03431754415544,0.456881629218376,-6.95668252457088,0.648790377557832,0.999330380285523
"PROBE3451_at","GENE3451",2,"Microenvironment",45,43,9.63336244444444,9.58183,-0.0515324444444438,0.964910846870237,-0.455888950462131,-6.95713600387657,0.649501532033067,0.999330380285523
"PROBE3452_at","GENE3452",1,"PlasmaCells",45,43,9.52068822222222,9.62653279069767,0.105844568475449,1.0761241802302,0.950433261657754,-6.61031960295892,0.344283705441992,0.999330380285523
"PROBE3453_at","GENE3453",2,"Microenvironment",45,43,10.7446175555556,10.7964353488372,0.0518177932816482,1.03657017800938,0.442265525693061,-6.96326027469767,0.65929389822834,0.999330380285523
"PROBE3454_at","GENE3454",1,"PlasmaCells",45,43,7.12435488888889,7.25334395348837,0.128989064599482,1.09352716869002,1.10644055192024,-6.45115018984001,0.271306435220802,0.999330380285523
"PROBE3455_at","GENE3455",1,"PlasmaCells",45,43,8.26273511111111,8.27628418604651,0.0135490749353977,1.00943574163618,0.111330945843078,-7.05505085511586,0.911586829122804,0.999330380285523
"PROBE3456_at","GENE3456",1,"PlasmaCells",45,43,7.93410733333333,7.82109837209302,-0.113008961240307,0.924657534624002,-1.05707719064715,-6.50406640176111,0.293134582059679,0.999330380285523
"PROBE3457_at","GENE3457",0,"Other",45,43,8.16757088888889,8.12077651162791,-0.0467943772609818,0.968084995139015,-0.419403809778526,-6.97312169054526,0.675859988905552,0.999330380285523
"PROBE3458_at","GENE3458",0,"Other",45,43,7.70977244444444,7.58424,-0.125532444444442,0.916665673966857,-1.03703352401095,-6.52487946608791,0.302330644588652,0.999330380285523
"PROBE3459_at","GENE3459",2,"Microenvironment",45,43,7.27395133333333,7.1186388372093,-0.155312496124029,0.897937853264038,-1.30843445312265,-6.2102050030881,0.193856348754531,0.999330380285523
"PROBE3460_at","GENE3460",0,"Other",45,43,10.0601197777778,10.1772479069767,0.117128129198965,1.08457372815402,0.977973712635672,-6.58393919596209,0.330550432234708,0.999330380285523
"PROBE3461_at","GENE3461",1,"PlasmaCells",45,43,7.20387666666667,7.08873488372093,-0.115141782945734,0.923291568453734,-0.953020399091297,-6.60787289286564,0.342978080655482,0.999330380285523
"PROBE3462_at","GENE3462",1,"PlasmaCells",45,43,8.16623488888889,8.20221744186047,0.0359825529715767,1.02525483903924,0.330619287274015,-7.00647188625489,0.741654042910741,0.999330380285523
"PROBE3463_at","GENE3463",0,"Other",45,43,8.28329733333333,8.28612790697674,0.00283057364341666,1.00196393012982,0.0254933789264184,-7.06094129912527,0.979714455926341,0.999330380285523
"PROBE3464_at","GENE3464",0,"Other",45,43,9.79887866666667,9.85779348837209,0.0589148217054287,1.04168192515139,0.514647056932664,-6.92860357496773,0.607984950027871,0.999330380285523
"PROBE3465_at","GENE3465",0,"Other",45,43,8.02806844444445,8.00410534883721,-0.0239630956072343,0.983527232503975,-0.216733774259082,-7.03771228078964,0.828876682124873,0.999330380285523
"PROBE3466_at","GENE3466",1,"PlasmaCells",45,43,7.74999911111111,7.69988093023256,-0.0501181808785498,0.965857205807862,-0.449728441458807,-6.95992831133385,0.653922152619549,0.999330380285523
"PROBE3467_at","GENE3467",1,"PlasmaCells",45,43,11.2530011111111,11.0815469767442,-0.171454134366924,0.887947242075762,-1.5912007687957,-5.8079262235662,0.11485887231846,0.860366084782475
"PROBE3468_at","GENE3468",0,"Other",45,43,7.08290533333333,7.13642069767442,0.0535153643410835,1.03779059338001,0.490979313676611,-6.94050988346522,0.624563887834542,0.999330380285523
"PROBE3469_at","GENE3469",1,"PlasmaCells",45,43,6.22239733333333,6.10687255813953,-0.1155247751938,0.923046494775191,-0.991303326614803,-6.57090582587881,0.32403461450096,0.999330380285523
"PROBE3470_at","GENE3470",0,"Other",45,43,8.92686555555556,8.84767790697674,-0.0791876485788077,0.946590502016995,-0.685189347995923,-6.82636421670232,0.494878974429743,0.999330380285523
"PROBE3471_at","GENE3471",1,"PlasmaCells",45,43,8.704044,8.77739930232558,0.0733553023255844,1.0521608701162,0.671346071430393,-6.83573792424267,0.503615620420022,0.999330380285523
"PROBE3472_at","GENE3472",1,"PlasmaCells",45,43,7.83639933333333,7.89507953488372,0.0586802015503878,1.0415125340493,0.537832075011461,-6.91639978234298,0.591940197622241,0.999330380285523
"PROBE3473_at","GENE3473",1,"PlasmaCells",45,43,7.03587488888889,6.93680395348837,-0.0990709354005146,0.933634038240132,-0.983199430344034,-6.57885022016393,0.327985788280152,0.999330380285523
"PROBE3474_at","GENE3474",1,"PlasmaCells",45,43,6.028996,6.18064790697674,0.15165190697674,1.11084067301648,1.21003193404041,-6.33246594853664,0.229243796090557,0.999330380285523
"PROBE3475_at","GENE3475",1,"PlasmaCells",45,43,8.08565822222222,8.12278604651163,0.0371278242894029,1.02606905210095,0.336933624388022,-7.0043601380275,0.73690392996012,0.999330380285523
"PROBE3476_at","GENE3476",1,"PlasmaCells",45,43,7.773002,7.75428488372093,-0.0187171162790722,0.987110079508467,-0.167555590231415,-7.04718766121717,0.867286093587901,0.999330380285523
"PROBE3477_at","GENE3477",1,"PlasmaCells",45,43,6.37766844444444,6.37145697674419,-0.00621146770025849,0.995703793887616,-0.0498456815988159,-7.06002108228828,0.960349137106073,0.999330380285523
"PROBE3478_at","GENE3478",1,"PlasmaCells",45,43,7.53780533333333,7.44878744186046,-0.0890178914728681,0.940162543082528,-0.678119746348383,-6.83117493439351,0.499330372371712,0.999330380285523
"PROBE3479_at","GENE3479",2,"Microenvironment",45,43,9.69749422222222,9.82201,0.124515777777773,1.0901417790463,1.15023195794401,-6.40223796294455,0.252911399376763,0.999330380285523
"PROBE3480_at","GENE3480",0,"Other",45,43,8.94674911111111,9.06002255813953,0.113273447028421,1.08167976459584,1.10152269356438,-6.45652762309216,0.27342896319581,0.999330380285523
"PROBE3481_at","GENE3481",2,"Microenvironment",45,43,9.69815577777778,9.80675558139535,0.108599803617569,1.07818130811102,0.975551685828142,-6.58628883079694,0.331743557571067,0.999330380285523
"PROBE3482_at","GENE3482",0,"Other",45,43,7.67596155555556,7.56573255813954,-0.110228997416021,0.926440997246272,-0.922003669675179,-6.63677596315554,0.358842754012889,0.999330380285523
"PROBE3483_at","GENE3483",1,"PlasmaCells",45,43,6.41615666666667,6.20572558139535,-0.210431085271318,0.864278941384425,-1.85855697721241,-5.35942787761593,0.0661601215397045,0.649993237195242
"PROBE3484_at","GENE3484",0,"Other",45,43,9.26996377777778,9.30392279069767,0.0339590129198974,1.02381781327029,0.323445505244009,-7.00882269847689,0.747062842242514,0.999330380285523
"PROBE3485_at","GENE3485",2,"Microenvironment",45,43,8.47199088888889,8.47003581395349,-0.00195507493539537,0.998645763128212,-0.0172772451426087,-7.06111755679414,0.986251369063608,0.999330380285523
"PROBE3486_at","GENE3486",0,"Other",45,43,6.78244333333333,6.70977488372093,-0.0726684496124008,0.950877600361583,-0.686403757409814,-6.82553286395975,0.494116491120385,0.999330380285523
"PROBE3487_at","GENE3487",1,"PlasmaCells",45,43,8.92808355555556,8.78526930232558,-0.142814253229972,0.905750590763694,-1.18578514856112,-6.36116982734179,0.238639839609873,0.999330380285523
"PROBE3488_at","GENE3488",2,"Microenvironment",45,43,8.17153977777778,8.17479558139535,0.00325580361757005,1.00225929947739,0.0270979413048618,-7.06089897337976,0.978437982927546,0.999330380285523
"PROBE3489_at","GENE3489",0,"Other",45,43,6.24865222222222,6.12203581395349,-0.126616408268732,0.915977199123762,-1.062014089065,-6.49888025598176,0.290899100916853,0.999330380285523
"PROBE3490_at","GENE3490",1,"PlasmaCells",45,43,7.01211155555556,7.05064255813953,0.0385310025839809,1.02706750164824,0.326935646052403,-7.00768542369359,0.74442978946676,0.999330380285523
"PROBE3491_at","GENE3491",0,"Other",45,43,5.52225933333333,5.51792395348837,-0.00433537984495747,0.996999454346147,-0.0381058705117166,-7.06053896656673,0.969682562715503,0.999330380285523
"PROBE3492_at","GENE3492",1,"PlasmaCells",45,43,8.65310755555556,8.53419837209302,-0.118909183462533,0.920883664295255,-1.0793253464438,-6.480508623479,0.283152561233176,0.999330380285523
"PROBE3493_at","GENE3493",0,"Other",45,43,7.06610288888889,7.07654627906977,0.0104433901808765,1.00726506995271,0.0897301199043308,-7.05722901001363,0.928689003945135,0.999330380285523
"PROBE3494_at","GENE3494",2,"Microenvironment",45,43,7.23852533333333,7.23513,-0.0033953333333363,0.997649301502116,-0.027116680650508,-7.06089846380888,0.978423075593412,0.999330380285523
"PROBE3495_at","GENE3495",1,"PlasmaCells",45,43,6.02395688888889,5.95392813953488,-0.0700287493540097,0.9526190145073,-0.680122641522453,-6.82981702180829,0.498067053777256,0.999330380285523
"PROBE3496_at","GENE3496",1,"PlasmaCells",45,43,7.394044,7.40490465116279,0.0108606511627896,1.00755643658617,0.102531066764132,-7.05599468811929,0.918549460691777,0.999330380285523
"PROBE3497_at","GENE3497",2,"Microenvironment",45,43,9.43561155555556,9.42285488372093,-0.0127566718346248,0.991196726618656,-0.103501961802414,-7.05589436575172,0.917780948651594,0.999330380285523
"PROBE3498_at","GENE3498",2,"Microenvironment",45,43,8.18583333333333,8.24351790697675,0.0576845736434102,1.04079401683953,0.511098845254826,-6.93042405966867,0.61045770400865,0.999330380285523
"PROBE3499_at","GENE3499",1,"PlasmaCells",45,43,7.17196422222222,7.01167186046512,-0.160292361757103,0.894843712717835,-1.52889428413616,-5.90299976470211,0.129585801127985,0.912576064281582
"PROBE3500_at","GENE3500",2,"Microenvironment",45,43,8.83158088888889,8.80771069767442,-0.0238701912144759,0.983590570173995,-0.214169692915049,-7.03826618795633,0.830869905043851,0.999330380285523
"PROBE3501_at","GENE3501",1,"PlasmaCells",45,43,10.0079844444444,10.0672234883721,0.059239043927656,1.04191605251184,0.520014951259684,-6.92582565805641,0.604252704437276,0.999330380285523
"PROBE3502_at","GENE3502",1,"PlasmaCells",45,43,7.00183444444444,7.0404588372093,0.0386243927648584,1.02713398910515,0.348471522209047,-7.00039849732231,0.728250703783591,0.999330380285523
"PROBE3503_at","GENE3503",1,"PlasmaCells",45,43,7.87728222222222,7.8807076744186,0.00342545219638346,1.00237716351551,0.0303347118428667,-7.06080573298311,0.975863218044334,0.999330380285523
"PROBE3504_at","GENE3504",0,"Other",45,43,7.26063,7.34786860465116,0.0872386046511613,1.06233486955645,0.823180878814333,-6.72259067612807,0.412449525954603,0.999330380285523
"PROBE3505_at","GENE3505",1,"PlasmaCells",45,43,7.39139733333333,7.17553534883721,-0.215861984496123,0.861031555032157,-1.80946634965866,-5.44665852946074,0.0735144930737242,0.692986898379596
"PROBE3506_at","GENE3506",1,"PlasmaCells",45,43,8.71320733333333,8.81984046511628,0.106633131782942,1.07671254019345,0.885226897002121,-6.6698289214863,0.378250701267702,0.999330380285523
"PROBE3507_at","GENE3507",1,"PlasmaCells",45,43,10.0310713333333,10.0552962790698,0.0242249457364387,1.0169332216706,0.191478643510574,-7.04288098922045,0.848555844338904,0.999330380285523
"PROBE3508_at","GENE3508",1,"PlasmaCells",45,43,10.3233048888889,10.5529362790698,0.229631390180877,1.17253532717588,2.16844017738831,-4.75924383641599,0.0326015195418465,0.396599029941326
"PROBE3509_at","GENE3509",1,"PlasmaCells",45,43,7.93138266666667,7.87615441860465,-0.0552282480620132,0.96244216356193,-0.501727118660989,-6.93517218371201,0.617010563011817,0.999330380285523
"PROBE3510_at","GENE3510",0,"Other",45,43,9.40329222222222,9.42502720930232,0.0217349870801034,1.01517960239642,0.195160318290426,-7.04216728622931,0.845680740414586,0.999330380285523
"PROBE3511_at","GENE3511",2,"Microenvironment",45,43,9.02890333333333,9.05368534883721,0.0247820155038738,1.01732596727763,0.227544595515117,-7.03530445216618,0.820485192100363,0.999330380285523
"PROBE3512_at","GENE3512",1,"PlasmaCells",45,43,5.28684355555556,5.28291186046512,-0.00393169509043911,0.997278466737867,-0.0351640561199372,-7.06064707808961,0.972022086273105,0.999330380285523
"PROBE3513_at","GENE3513",1,"PlasmaCells",45,43,7.85238,7.94205139534884,0.0896713953488337,1.06412777698768,0.698404858837633,-6.81723885994977,0.486615879131383,0.999330380285523
"PROBE3514_at","GENE3514",0,"Other",45,43,8.86149777777778,8.93107581395349,0.0695780361757077,1.04940970419676,0.599416322456165,-6.88139044020575,0.550310246781456,0.999330380285523
"PROBE3515_at","GENE3515",2,"Microenvironment",45,43,6.63173955555556,6.66675093023256,0.0350113746770049,1.02456490100392,0.364098908009131,-6.99482058420102,0.716586489810925,0.999330380285523
"PROBE3516_at","GENE3516",2,"Microenvironment",45,43,10.3302057777778,10.2734427906977,-0.0567629870801003,0.961418861956564,-0.513012858001235,-6.92944359104481,0.609123262375586,0.999330380285523
"PROBE3517_at","GENE3517",0,"Other",45,43,7.30907888888889,7.21581093023256,-0.0932679586563303,0.937396973059965,-0.784210379295838,-6.75379778870861,0.434851372767494,0.999330380285523
"PROBE3518_at","GENE3518",2,"Microenvironment",45,43,6.00831133333333,6.10399162790698,0.0956802945736444,1.06856916692935,0.887853154018073,-6.66751244098339,0.376843362951868,0.999330380285523
"PROBE3519_at","GENE3519",1,"PlasmaCells",45,43,6.70107933333333,6.67846720930233,-0.0226121240310109,0.984448660534347,-0.180483919181805,-7.04493150273368,0.857153916009969,0.999330380285523
"PROBE3520_at","GENE3520",2,"Microenvironment",45,43,7.36870533333333,7.41579627906977,0.0470909457364375,1.03317951600834,0.420830267180773,-6.97252163553756,0.674821564174662,0.999330380285523
"PROBE3521_at","GENE3521",0,"Other",45,43,7.88887155555556,7.80532697674419,-0.0835445788113676,0.943736116751336,-0.703933151594084,-6.8133703674803,0.483181871773371,0.999330380285523
"PROBE3522_at","GENE3522",0,"Other",45,43,7.06335844444444,7.2076076744186,0.144249229974156,1.10515538727813,1.45608706441846,-6.00951027765441,0.148637950840949,0.950935725171886
"PROBE3523_at","GENE3523",0,"Other",45,43,7.95366466666667,7.86811534883721,-0.0855493178294591,0.942425631397422,-0.78042814302283,-6.75674705625758,0.437062919193703,0.999330380285523
"PROBE3524_at","GENE3524",2,"Microenvironment",45,43,7.76499333333333,7.9880876744186,0.223094341085273,1.16723442741686,2.23609592277344,-4.61703341332175,0.0276661766286307,0.354694572161932
"PROBE3525_at","GENE3525",0,"Other",45,43,8.99499022222222,9.01204255813954,0.0170523359173131,1.01188990817883,0.170089415756005,-7.04675867433187,0.865298485335274,0.999330380285523
"PROBE3526_at","GENE3526",0,"Other",45,43,7.64289911111111,7.65373953488372,0.0108404237726116,1.00754231018126,0.0998215327312477,-7.05626966346139,0.920694599137465,0.999330380285523
"PROBE3527_at","GENE3527",2,"Microenvironment",45,43,8.51655111111111,8.46309930232558,-0.0534518087855371,0.963627981120381,-0.481765003324851,-6.94499444278596,0.631071600375932,0.999330380285523
"PROBE3528_at","GENE3528",2,"Microenvironment",45,43,8.881426,8.73938418604651,-0.142041813953487,0.906235672255243,-1.3342001276927,-6.17666872755757,0.185301033896196,0.999330380285523
"PROBE3529_at","GENE3529",1,"PlasmaCells",45,43,8.421158,8.39280790697674,-0.0283500930232528,0.980541031153739,-0.258406862159109,-7.0277867130987,0.796647254732354,0.999330380285523
"PROBE3530_at","GENE3530",1,"PlasmaCells",45,43,8.87598133333333,8.87813209302326,0.00215075968992551,1.00149190479945,0.0216033759816348,-7.06103319065107,0.982809271498008,0.999330380285523
"PROBE3531_at","GENE3531",1,"PlasmaCells",45,43,5.96369266666667,5.85595,-0.107742666666669,0.928038995908199,-0.982565942336152,-6.57946854719166,0.328295987142255,0.999330380285523
"PROBE3532_at","GENE3532",1,"PlasmaCells",45,43,9.36769444444444,9.28769093023256,-0.0800035142118833,0.946055342258691,-0.789234675856636,-6.74985823533583,0.43192374156708,0.999330380285523
"PROBE3533_at","GENE3533",0,"Other",45,43,9.689068,9.69377325581395,0.00470525581395975,1.00326675906642,0.043172066453486,-7.06033243607351,0.965654224374835,0.999330380285523
"PROBE3534_at","GENE3534",0,"Other",45,43,7.50661355555556,7.44787046511628,-0.0587430904392763,0.96010021675527,-0.563192148021541,-6.9024392439458,0.57461980092525,0.999330380285523
"PROBE3535_at","GENE3535",2,"Microenvironment",45,43,10.6957124444444,10.7021144186047,0.00640197416020705,1.00444737066788,0.0604473573808226,-7.05943461241675,0.951925260378706,0.999330380285523
"PROBE3536_at","GENE3536",1,"PlasmaCells",45,43,7.78309977777778,7.67091813953488,-0.112181638242897,0.925187937659834,-0.943782528194178,-6.61657938675715,0.347654830193406,0.999330380285523
"PROBE3537_at","GENE3537",2,"Microenvironment",45,43,7.89013688888889,7.72872395348837,-0.161412935400514,0.89414893736534,-1.48817234761687,-5.96318346226882,0.139989730100471,0.945206762896939
"PROBE3538_at","GENE3538",2,"Microenvironment",45,43,6.88182066666667,6.76553302325581,-0.116287643410851,0.9225585353153,-1.14030996686499,-6.4134820868915,0.256999911850909,0.999330380285523
"PROBE3539_at","GENE3539",1,"PlasmaCells",45,43,6.828188,6.80566744186047,-0.022520558139532,0.984511144134356,-0.19535620953202,-7.04212893162616,0.845527822577331,0.999330380285523
"PROBE3540_at","GENE3540",1,"PlasmaCells",45,43,8.47639866666667,8.47019093023256,-0.00620773643410644,0.99570636909621,-0.0546706571463794,-7.05976815021327,0.956514694071637,0.999330380285523
"PROBE3541_at","GENE3541",1,"PlasmaCells",45,43,8.61246911111111,8.63143860465116,0.0189694935400517,1.01323547459557,0.16648064254937,-7.0473677101928,0.868129572886395,0.999330380285523
"PROBE3542_at","GENE3542",2,"Microenvironment",45,43,8.54450777777778,8.39649511627907,-0.148012661498703,0.902492806896182,-1.30307562010938,-6.21710076423819,0.195672146841716,0.999330380285523
"PROBE3543_at","GENE3543",0,"Other",45,43,8.04942288888889,8.22228627906977,0.172863390180881,1.12729366285302,1.4853722767122,-5.96726479179425,0.140728440609437,0.945206762896939
"PROBE3544_at","GENE3544",2,"Microenvironment",45,43,8.21754733333333,8.16277465116279,-0.0547726821705385,0.962746125968132,-0.472120007531416,-6.94959804370669,0.637914745006631,0.999330380285523
"PROBE3545_at","GENE3545",2,"Microenvironment",45,43,10.9618495555556,10.9701186046512,0.00826904909561144,1.00574812550378,0.0759488315117067,-7.0583741608847,0.939618182379285,0.999330380285523
"PROBE3546_at","GENE3546",0,"Other",45,43,9.04413888888889,9.08816186046512,0.0440229715762275,1.03098473470751,0.411724661959711,-6.9763171287963,0.681460938600175,0.999330380285523
"PROBE3547_at","GENE3547",1,"PlasmaCells",45,43,6.74975222222222,6.74446930232558,-0.00528291989664176,0.996344855332222,-0.0476068352414838,-7.06013051410328,0.962128686524925,0.999330380285523
"PROBE3548_at","GENE3548",1,"PlasmaCells",45,43,8.16010155555556,8.11697,-0.0431315555555578,0.970545964207728,-0.392930587285988,-6.9838894503755,0.695243703993952,0.999330380285523
"PROBE3549_at","GENE3549",0,"Other",45,43,8.75065888888889,8.64956651162791,-0.101092377260983,0.93232678667363,-0.809627844762979,-6.73361307141335,0.420160438613227,0.999330380285523
"PROBE3550_at","GENE3550",1,"PlasmaCells",45,43,10.240014,10.2717930232558,0.0317790232558117,1.0222719378309,0.27873657096247,-7.02231367035343,0.781047763811762,0.999330380285523
"PROBE3551_at","GENE3551",2,"Microenvironment",45,43,9.37096355555556,9.46997093023256,0.0990073746770008,1.07103629803287,1.02167713345558,-6.54056176817028,0.309506731192792,0.999330380285523
"PROBE3552_at","GENE3552",0,"Other",45,43,8.63390644444444,8.52917558139535,-0.104730863049092,0.929978415317602,-1.03366143758634,-6.52834272176817,0.303896718190567,0.999330380285523
"PROBE3553_at","GENE3553",0,"Other",45,43,8.78648755555556,8.82422465116279,0.0377370956072358,1.02650246765336,0.325752308626294,-7.00807238300152,0.745322191781812,0.999330380285523
"PROBE3554_at","GENE3554",1,"PlasmaCells",45,43,9.51845711111111,9.4525711627907,-0.0658859483204086,0.955358458878161,-0.552950909677734,-6.90815389344305,0.581585002914811,0.999330380285523
"PROBE3555_at","GENE3555",0,"Other",45,43,8.84314933333333,8.70443651162791,-0.138712821705422,0.908329208855614,-1.27972744348003,-6.24682640749171,0.203731395937378,0.999330380285523
"PROBE3556_at","GENE3556",1,"PlasmaCells",45,43,9.42303933333333,9.36081767441861,-0.06222165891473,0.957788050204601,-0.573357673478052,-6.89666382792277,0.567745986330263,0.999330380285523
"PROBE3557_at","GENE3557",1,"PlasmaCells",45,43,8.98884466666667,8.79032953488372,-0.198515131782944,0.871447023236992,-1.85124748835394,-5.37255407936602,0.0672145260840714,0.65575147399094
"PROBE3558_at","GENE3558",2,"Microenvironment",45,43,9.10042333333333,9.23018976744186,0.129766434108532,1.09411655433203,1.10974230552724,-6.44752678842047,0.269887859807112,0.999330380285523
"PROBE3559_at","GENE3559",2,"Microenvironment",45,43,8.03136,8.03621441860465,0.00485441860464952,1.0033704939528,0.0400192545268585,-7.06046399044128,0.968161055320864,0.999330380285523
"PROBE3560_at","GENE3560",0,"Other",45,43,8.647048,8.65878093023256,0.0117329302325633,1.00816580731956,0.10614915771886,-7.05561602923284,0.915685959012389,0.999330380285523
"PROBE3561_at","GENE3561",1,"PlasmaCells",45,43,7.54136555555556,7.57121441860465,0.029848863049093,1.02090516992477,0.284265765865109,-7.02075358810042,0.776820217504406,0.999330380285523
"PROBE3562_at","GENE3562",1,"PlasmaCells",45,43,8.17939044444444,8.17419046511628,-0.00519997932816629,0.996402136865613,-0.0513649678917266,-7.0599439579885,0.959141644504271,0.999330380285523
"PROBE3563_at","GENE3563",1,"PlasmaCells",45,43,8.16148466666667,7.94405813953488,-0.217426527131782,0.860098308326336,-1.91027789228582,-5.26517702147923,0.0590881571984729,0.597522058057051
"PROBE3564_at","GENE3564",0,"Other",45,43,7.44423977777778,7.55308209302326,0.10884231524548,1.07836256158055,0.92049751877071,-6.63815556971482,0.359624882605288,0.999330380285523
"PROBE3565_at","GENE3565",0,"Other",45,43,7.766026,7.88132488372093,0.115298883720929,1.0831994291505,1.05187605375327,-6.5095045928716,0.295502350586357,0.999330380285523
"PROBE3566_at","GENE3566",1,"PlasmaCells",45,43,8.74047644444444,8.75630046511628,0.0158240206718343,1.01102874847223,0.148848916879575,-7.05015564595659,0.881985722104132,0.999330380285523
"PROBE3567_at","GENE3567",0,"Other",45,43,6.84432888888889,6.66627046511628,-0.178058423772608,0.883891736017618,-1.79435644616794,-5.47306930254626,0.0759104129478584,0.694832155129139
"PROBE3568_at","GENE3568",0,"Other",45,43,9.66900733333333,9.68222860465116,0.0132212713178266,1.00920640758515,0.123842083654162,-7.05357529089775,0.901699767261738,0.999330380285523
"PROBE3569_at","GENE3569",1,"PlasmaCells",45,43,8.51339244444445,8.50142906976744,-0.0119633746770038,0.991741907512044,-0.102895582675843,-7.05595713360029,0.918260918993168,0.999330380285523
"PROBE3570_at","GENE3570",1,"PlasmaCells",45,43,11.475892,11.4494813953488,-0.0264106046511667,0.98186010882132,-0.228860286659657,-7.03500342643493,0.819465339179279,0.999330380285523
"PROBE3571_at","GENE3571",0,"Other",45,43,7.93618577777778,8.04895744186046,0.112771664082691,1.08130361158762,0.966369955946248,-6.59514425937924,0.336292251880055,0.999330380285523
"PROBE3572_at","GENE3572",0,"Other",45,43,8.96316111111111,8.96671255813954,0.00355144702842303,1.00246470790554,0.027455468091725,-7.06088919055703,0.978153568170489,0.999330380285523
"PROBE3573_at","GENE3573",0,"Other",45,43,7.06523488888889,6.95005023255814,-0.115184656330749,0.923264130883354,-1.09146136998882,-6.46745641093133,0.277807245787726,0.999330380285523
"PROBE3574_at","GENE3574",2,"Microenvironment",45,43,9.19217755555556,9.07424651162791,-0.117931043927644,0.921508230205119,-1.03996783143013,-6.52185685272439,0.300972330509318,0.999330380285523
"PROBE3575_at","GENE3575",0,"Other",45,43,9.26916888888889,9.2688888372093,-0.000280051679590443,0.999805901807373,-0.00238986268049033,-7.06126441399552,0.998098136604189,0.999818966729852
"PROBE3576_at","GENE3576",1,"PlasmaCells",45,43,7.85708933333333,7.68995465116279,-0.167134682170543,0.890609754237915,-1.75734898204296,-5.53687993854649,0.0820528127864186,0.724997859905213
"PROBE3577_at","GENE3577",2,"Microenvironment",45,43,11.8326471111111,11.7815579069767,-0.0510892041343638,0.965207342717893,-0.433741116257049,-6.96699822601177,0.665451594354466,0.999330380285523
"PROBE3578_at","GENE3578",0,"Other",45,43,8.075174,7.86559697674419,-0.209577023255816,0.864790737935422,-2.45328256037412,-4.13416810620972,0.0159636098940756,0.223267271245813
"PROBE3579_at","GENE3579",1,"PlasmaCells",45,43,8.26429955555555,8.09882372093023,-0.165475834625324,0.891634389005651,-1.50721885800964,-5.93522706098667,0.135045049914839,0.932832559266353
"PROBE3580_at","GENE3580",0,"Other",45,43,5.46429088888889,5.44137976744186,-0.0229111214470272,0.984244655462027,-0.195030685203624,-7.04219264665035,0.845781938646774,0.999330380285523
"PROBE3581_at","GENE3581",2,"Microenvironment",45,43,9.60437822222222,9.79221906976744,0.187840847545223,1.13905771391435,1.66751260685225,-5.68658419888945,0.0986782493222335,0.798082367947044
"PROBE3582_at","GENE3582",1,"PlasmaCells",45,43,6.98726244444444,6.88873069767442,-0.098531746770024,0.933983037111299,-0.945249593685815,-6.61520226795048,0.346909376568186,0.999330380285523
"PROBE3583_at","GENE3583",0,"Other",45,43,9.16907777777778,9.14371720930233,-0.0253605684754508,0.9825749958124,-0.224515926159259,-7.03599081273641,0.822834022725152,0.999330380285523
"PROBE3584_at","GENE3584",2,"Microenvironment",45,43,7.043792,6.96663627906977,-0.0771557209302358,0.947924642967884,-0.694830059951855,-6.81972429777361,0.488843548893248,0.999330380285523
"PROBE3585_at","GENE3585",0,"Other",45,43,9.52662444444444,9.58951720930233,0.0628927648578799,1.04455811824901,0.547982324869111,-6.91088884357729,0.584978588120309,0.999330380285523
"PROBE3586_at","GENE3586",0,"Other",45,43,9.36947,9.45399046511628,0.0845204651162792,1.06033523981021,0.76590231543248,-6.76794295805389,0.445617357989452,0.999330380285523
"PROBE3587_at","GENE3587",2,"Microenvironment",45,43,10.3992948888889,10.3592406976744,-0.0400541912144732,0.97261841275913,-0.336801376842352,-7.00440477513059,0.73700331250825,0.999330380285523
"PROBE3588_at","GENE3588",2,"Microenvironment",45,43,9.20236822222222,9.16913418604651,-0.033234036175708,0.977227226270364,-0.280114973640886,-7.02192761168566,0.779993235403356,0.999330380285523
"PROBE3589_at","GENE3589",0,"Other",45,43,7.46148111111111,7.61774697674419,0.156265865633078,1.11439899781815,1.45025628494389,-6.0178254802167,0.150253160175556,0.950935725171886
"PROBE3590_at","GENE3590",0,"Other",45,43,8.93337711111111,8.88249767441861,-0.0508794366925081,0.965347693789734,-0.480365721078095,-6.94566807232216,0.632062422552608,0.999330380285523
"PROBE3591_at","GENE3591",0,"Other",45,43,8.36402244444444,8.2778623255814,-0.086160118863047,0.942026716383522,-0.780630875777437,-6.75658932874686,0.436944210845654,0.999330380285523
"PROBE3592_at","GENE3592",1,"PlasmaCells",45,43,6.52541555555556,6.4096311627907,-0.115784392764858,0.922880404561015,-1.09268520342809,-6.46613228520798,0.277272107188664,0.999330380285523
"PROBE3593_at","GENE3593",0,"Other",45,43,8.68792933333333,8.60326534883721,-0.0846639844961228,0.943004143739913,-0.731472207844169,-6.79365003388087,0.466276191539861,0.999330380285523
"PROBE3594_at","GENE3594",2,"Microenvironment",45,43,10.9175017777778,10.9437351162791,0.0262333385012976,1.01834989224352,0.249376127990837,-7.03008521036366,0.803603735723754,0.999330380285523
"PROBE3595_at","GENE3595",1,"PlasmaCells",45,43,8.05457177777778,7.96623837209302,-0.0883334056847547,0.940608708464587,-0.771826307127978,-6.76340207499144,0.442116999515852,0.999330380285523
"PROBE3596_at","GENE3596",1,"PlasmaCells",45,43,8.03691511111111,7.94513418604651,-0.0917809250645982,0.938363677308314,-0.834430942835276,-6.71330423040736,0.406114049359853,0.999330380285523
"PROBE3597_at","GENE3597",1,"PlasmaCells",45,43,7.91824644444444,7.89948581395349,-0.0187606304909549,0.987080306986786,-0.176871602663669,-7.04557876104079,0.85998262697665,0.999330380285523
"PROBE3598_at","GENE3598",1,"PlasmaCells",45,43,8.96297111111111,9.02410139534884,0.0611302842377306,1.04328280413144,0.494614557727705,-6.93871737493612,0.622004575949,0.999330380285523
"PROBE3599_at","GENE3599",0,"Other",45,43,7.34354,7.4446288372093,0.101088837209302,1.07258266148715,0.867875703133333,-6.68496380955895,0.387631126291578,0.999330380285523
"PROBE3600_at","GENE3600",2,"Microenvironment",45,43,6.673636,6.74768069767442,0.0740446976744193,1.05266376790361,0.674744724057725,-6.83345414158095,0.501463059732235,0.999330380285523
"PROBE3601_at","GENE3601",1,"PlasmaCells",45,43,6.51851911111111,6.55882395348837,0.040304842377263,1.028331090713,0.407070039875938,-6.97822536407873,0.684864612185489,0.999330380285523
"PROBE3602_at","GENE3602",1,"PlasmaCells",45,43,8.29829644444444,8.3263911627907,0.028094718346253,1.01966462561181,0.256237208446001,-7.02834638340708,0.798317090452787,0.999330380285523
"PROBE3603_at","GENE3603",2,"Microenvironment",45,43,9.44188266666667,9.62577604651163,0.183893379844953,1.13594531139578,1.79212744257472,-5.47694788994688,0.0762692754529718,0.696523063497459
"PROBE3604_at","GENE3604",1,"PlasmaCells",45,43,9.53317377777778,9.52576837209302,-0.00740540568475367,0.994880115446338,-0.0644248402128584,-7.05918550116171,0.94876618855746,0.999330380285523
"PROBE3605_at","GENE3605",0,"Other",45,43,7.42567133333333,7.42105837209302,-0.00461296124030852,0.996807645356928,-0.0461477246339882,-7.06019912730353,0.963288565868713,0.999330380285523
"PROBE3606_at","GENE3606",0,"Other",45,43,9.048194,9.01494372093023,-0.0332502790697617,0.977216224008279,-0.273411484875324,-7.02378724244717,0.785125475909367,0.999330380285523
"PROBE3607_at","GENE3607",1,"PlasmaCells",45,43,8.13926,8.14886790697674,0.00960790697674518,1.00668191870164,0.080096290257253,-7.05804956608665,0.936327750464883,0.999330380285523
"PROBE3608_at","GENE3608",1,"PlasmaCells",45,43,6.26262777777778,6.32070069767442,0.0580729198966408,1.04107421663934,0.533405196335946,-6.91877122391195,0.594988451773281,0.999330380285523
"PROBE3609_at","GENE3609",0,"Other",45,43,8.80545888888889,8.7649911627907,-0.0404677260981909,0.972339660846043,-0.389210853701156,-6.98534637298626,0.697983945424015,0.999330380285523
"PROBE3610_at","GENE3610",1,"PlasmaCells",45,43,9.43359355555556,9.39567139534884,-0.037922160206719,0.97405682180926,-0.346063038395483,-7.00123645948984,0.730054165611022,0.999330380285523
"PROBE3611_at","GENE3611",2,"Microenvironment",45,43,9.95818777777778,9.92655348837209,-0.0316342894056874,0.978311435423541,-0.29052889698313,-7.01894947268109,0.772039616781933,0.999330380285523
"PROBE3612_at","GENE3612",0,"Other",45,43,8.71065822222222,8.77397465116279,0.0633164289405688,1.04486490986439,0.573010080502466,-6.89686300278915,0.567980363300563,0.999330380285523
"PROBE3613_at","GENE3613",1,"PlasmaCells",45,43,9.07871222222222,9.16250093023256,0.0837887080103386,1.0597975578459,0.784499644913307,-6.75357164915437,0.4346825041368,0.999330380285523
"PROBE3614_at","GENE3614",2,"Microenvironment",45,43,6.98525755555556,6.95390581395349,-0.0313517416020677,0.978503053755403,-0.284441485174271,-7.0207035067162,0.776685974204572,0.999330380285523
"PROBE3615_at","GENE3615",1,"PlasmaCells",45,43,7.60953688888889,7.60727558139535,-0.00226130749353981,0.998433808845944,-0.0192691056797143,-7.061081044551,0.984666503675623,0.999330380285523
"PROBE3616_at","GENE3616",2,"Microenvironment",45,43,7.32681288888889,7.38208651162791,0.0552736227390191,1.03905615286324,0.477959971687517,-6.94682166780459,0.633767486216007,0.999330380285523
"PROBE3617_at","GENE3617",0,"Other",45,43,8.52208466666667,8.51163627906977,-0.0104483875968953,0.992783891640486,-0.0893661488021968,-7.05726170294988,0.928977483018608,0.999330380285523
"PROBE3618_at","GENE3618",2,"Microenvironment",45,43,10.4401133333333,10.5384493023256,0.0983359689922505,1.07053797195824,0.854201330585452,-6.69668373217778,0.395124354224735,0.999330380285523
"PROBE3619_at","GENE3619",0,"Other",45,43,9.19054733333333,9.13339441860465,-0.0571529147286789,0.961159047422791,-0.500676499378907,-6.93569902478163,0.617747120773456,0.999330380285523
"PROBE3620_at","GENE3620",1,"PlasmaCells",45,43,8.59250377777778,8.48749186046512,-0.105011917312662,0.929797262036092,-0.882821109267471,-6.67194501383332,0.379542777402677,0.999330380285523
"PROBE3621_at","GENE3621",1,"PlasmaCells",45,43,7.15208288888889,7.18549279069767,0.0334099018087901,1.02342820718877,0.300645662239928,-7.01595241125519,0.764336173159139,0.999330380285523
"PROBE3622_at","GENE3622",0,"Other",45,43,7.40122844444444,7.44969162790698,0.0484631834625358,1.03416270535003,0.452328300304132,-6.95875451465006,0.652055045751945,0.999330380285523
"PROBE3623_at","GENE3623",0,"Other",45,43,7.73315822222222,7.71892279069767,-0.0142354315245505,0.990181272355689,-0.130009987946402,-7.05279008809412,0.896831109751485,0.999330380285523
"PROBE3624_at","GENE3624",0,"Other",45,43,7.15514644444444,7.14547860465116,-0.00966783979328589,0.993321167315439,-0.0942369123574626,-7.056813189409,0.925117775688509,0.999330380285523
"PROBE3625_at","GENE3625",0,"Other",45,43,9.34770911111111,9.46957837209302,0.121869260981915,1.08814382810535,0.968197403656381,-6.59338829984072,0.335383687143958,0.999330380285523
"PROBE3626_at","GENE3626",1,"PlasmaCells",45,43,8.769054,8.7299988372093,-0.0390551627906994,0.97329215871314,-0.345219166479886,-7.00152868886751,0.730686412588514,0.999330380285523
"PROBE3627_at","GENE3627",2,"Microenvironment",45,43,9.52093377777778,9.53968488372093,0.0187511059431529,1.0130821079401,0.156769770870283,-7.04894174756023,0.875756198474973,0.999330380285523
"PROBE3628_at","GENE3628",0,"Other",45,43,8.10112222222222,8.17565627906977,0.074534056847547,1.05302088983995,0.672353138382975,-6.83506239933659,0.502977271275508,0.999330380285523
"PROBE3629_at","GENE3629",2,"Microenvironment",45,43,9.75459911111111,9.73938441860465,-0.0152146925064613,0.989509393096541,-0.131892908610974,-7.05254278410173,0.89534559655295,0.999330380285523
"PROBE3630_at","GENE3630",1,"PlasmaCells",45,43,8.51803,8.42539511627907,-0.0926348837209332,0.937808406339946,-0.755604520795636,-6.77575420807469,0.451740120695682,0.999330380285523
"PROBE3631_at","GENE3631",0,"Other",45,43,9.36005911111111,9.45765069767442,0.0975915865633059,1.06998575261569,0.901805006161369,-6.65509311716376,0.36942207453792,0.999330380285523
"PROBE3632_at","GENE3632",0,"Other",45,43,8.790264,8.73480953488372,-0.0554544651162789,0.962291262812732,-0.474450250550557,-6.94849429654028,0.636258529445811,0.999330380285523
"PROBE3633_at","GENE3633",0,"Other",45,43,8.17016577777778,8.17224255813954,0.00207678036175984,1.00144055105067,0.0182488471001817,-7.06110024382813,0.985478286419426,0.999330380285523
"PROBE3634_at","GENE3634",1,"PlasmaCells",45,43,8.52900577777778,8.55019558139535,0.0211898036175686,1.01479604623644,0.180292068912321,-7.04496620745723,0.85730410245139,0.999330380285523
"PROBE3635_at","GENE3635",1,"PlasmaCells",45,43,9.27498688888889,9.33874906976744,0.0637621808785589,1.04518779342924,0.594434052532338,-6.88436272429109,0.553623062832131,0.999330380285523
"PROBE3636_at","GENE3636",1,"PlasmaCells",45,43,8.09336288888889,7.97219976744186,-0.121163121447033,0.919446081106883,-1.18768632817259,-6.35893954188562,0.237893271264159,0.999330380285523
"PROBE3637_at","GENE3637",2,"Microenvironment",45,43,7.73108844444444,7.74080325581395,0.00971481136950914,1.0067565170773,0.090669887985462,-7.0571439829477,0.927944199293423,0.999330380285523
"PROBE3638_at","GENE3638",0,"Other",45,43,10.1575335555556,10.1297565116279,-0.0277770439276406,0.980930586634976,-0.240641931855386,-7.03223055978381,0.810346861519538,0.999330380285523
"PROBE3639_at","GENE3639",2,"Microenvironment",45,43,9.11371244444445,8.99551744186047,-0.118195002583979,0.921339644456335,-1.04581799846707,-6.51580571720312,0.29827658148792,0.999330380285523
"PROBE3640_at","GENE3640",1,"PlasmaCells",45,43,10.1187006666667,10.16842,0.0497193333333374,1.03506353956736,0.417150385022986,-6.97406548220621,0.677501701304685,0.999330380285523
"PROBE3641_at","GENE3641",1,"PlasmaCells",45,43,9.37699844444444,9.25475534883721,-0.122243095607239,0.918758058751755,-1.11600339969887,-6.44062686815787,0.267212034771228,0.999330380285523
"PROBE3642_at","GENE3642",2,"Microenvironment",45,43,7.806318,7.79824255813953,-0.00807544186046272,0.994418166887667,-0.0725127091214711,-7.05863001624124,0.942345063587255,0.999330380285523
"PROBE3643_at","GENE3643",0,"Other",45,43,7.75359044444444,7.64385488372093,-0.109735560723514,0.926757916729544,-0.972043200506334,-6.58968232254599,0.333476896041658,0.999330380285523
"PROBE3644_at","GENE3644",0,"Other",45,43,7.94937822222222,7.86213697674419,-0.0872412454780358,0.941321044970962,-0.883431987600337,-6.67140823163548,0.379214432178602,0.999330380285523
"PROBE3645_at","GENE3645",2,"Microenvironment",45,43,9.84417933333333,9.86065627906977,0.0164769457364358,1.01148641651184,0.154820415352772,-7.04924632736707,0.877288600833873,0.999330380285523
"PROBE3646_at","GENE3646",2,"Microenvironment",45,43,9.59103066666667,9.60621069767442,0.0151800310077519,1.01057754655488,0.143151526949325,-7.05098990169129,0.886471168122365,0.999330380285523
"PROBE3647_at","GENE3647",0,"Other",45,43,8.98033622222222,8.97252488372093,-0.00781133850129301,0.994600224225562,-0.06772123971025,-7.05896702136824,0.94614867722756,0.999330380285523
"PROBE3648_at","GENE3648",1,"PlasmaCells",45,43,8.889946,8.99046930232558,0.100523302325584,1.07216229265024,0.848478983972474,-6.70153379612134,0.398286286426959,0.999330380285523
"PROBE3649_at","GENE3649",1,"PlasmaCells",45,43,7.23217933333333,7.32024813953488,0.088068806201556,1.06294636806439,0.860361283170384,-6.69142689045144,0.391737899474496,0.999330380285523
"PROBE3650_at","GENE3650",2,"Microenvironment",45,43,8.53900644444444,8.39694744186047,-0.142059002583977,0.906224875200514,-1.28854780983631,-6.23565778327009,0.200658432034655,0.999330380285523
"PROBE3651_at","GENE3651",0,"Other",45,43,8.23764577777778,8.07959930232558,-0.158046475452199,0.896237827404432,-1.26043956077499,-6.27099098292718,0.21057213821597,0.999330380285523
"PROBE3652_at","GENE3652",1,"PlasmaCells",45,43,6.76773088888889,6.81352162790698,0.0457907390180914,1.03224879831934,0.377416436909476,-6.98987459110722,0.706698947013662,0.999330380285523
"PROBE3653_at","GENE3653",1,"PlasmaCells",45,43,7.20886,7.28424279069767,0.075382790697673,1.05364056162864,0.728084338885074,-6.79611641186679,0.468337781500207,0.999330380285523
"PROBE3654_at","GENE3654",2,"Microenvironment",45,43,8.047264,7.93298720930233,-0.114276790697675,0.9238453095381,-1.12182415849632,-6.43417829329581,0.264741068206333,0.999330380285523
"PROBE3655_at","GENE3655",2,"Microenvironment",45,43,6.81126911111111,6.95988604651163,0.148616935400518,1.10850627377536,1.41288444227335,-6.07036227050903,0.160930295355366,0.970099615419791
"PROBE3656_at","GENE3656",0,"Other",45,43,8.64920488888889,8.69717720930232,0.0479723204134359,1.03381090133342,0.419510388932934,-6.97307692701712,0.675782380303075,0.999330380285523
"PROBE3657_at","GENE3657",0,"Other",45,43,8.51756777777778,8.58803488372093,0.0704671059431501,1.05005660874507,0.638023341405036,-6.85752434886717,0.524980594845509,0.999330380285523
"PROBE3658_at","GENE3658",0,"Other",45,43,10.4622877777778,10.531558372093,0.0692705943152454,1.0491860962351,0.566057195309876,-6.9008218882928,0.572678444583542,0.999330380285523
"PROBE3659_at","GENE3659",1,"PlasmaCells",45,43,9.49015666666667,9.57933162790698,0.0891749612403103,1.06376167158734,0.856370624738604,-6.6948367211116,0.393929732042447,0.999330380285523
"PROBE3660_at","GENE3660",0,"Other",45,43,7.17912511111111,7.24558720930233,0.066462098191213,1.04714563116628,0.655725484627438,-6.84608750667545,0.513572414865366,0.999330380285523
"PROBE3661_at","GENE3661",0,"Other",45,43,8.93407844444445,8.9035276744186,-0.0305507700258385,0.979046460863474,-0.295876413584783,-7.01737804369427,0.767964834676284,0.999330380285523
"PROBE3662_at","GENE3662",0,"Other",45,43,9.41800088888889,9.27482186046512,-0.143179028423774,0.90552160710992,-1.37093572066475,-6.12776555905524,0.173598107363853,0.997690272206052
"PROBE3663_at","GENE3663",1,"PlasmaCells",45,43,6.74207488888889,6.77459162790698,0.0325167390180869,1.02279480576072,0.304802173124001,-7.01469138390267,0.761177988163488,0.999330380285523
"PROBE3664_at","GENE3664",2,"Microenvironment",45,43,8.77174733333333,8.76676186046512,-0.00498547286821704,0.996550297481209,-0.0424685071677558,-7.06036265708474,0.966213602104741,0.999330380285523
"PROBE3665_at","GENE3665",1,"PlasmaCells",45,43,8.43497755555556,8.49527465116279,0.0602970956072344,1.04268045894522,0.582529479351474,-6.89136493862216,0.561578619746081,0.999330380285523
"PROBE3666_at","GENE3666",1,"PlasmaCells",45,43,8.32379155555556,8.16241395348837,-0.161377602067184,0.894170836414298,-1.55801603889359,-5.85901190744122,0.122526869125021,0.887875863224789
"PROBE3667_at","GENE3667",2,"Microenvironment",45,43,9.93727622222222,9.90412837209302,-0.0331478501291969,0.977285607192578,-0.291688509424986,-7.01861113654289,0.771155450829396,0.999330380285523
"PROBE3668_at","GENE3668",0,"Other",45,43,6.71207244444444,6.69082465116279,-0.0212477932816544,0.985380076266753,-0.201720294231506,-7.04086195893373,0.840563098932997,0.999330380285523
"PROBE3669_at","GENE3669",2,"Microenvironment",45,43,5.74168444444444,5.77146953488372,0.0297850904392769,1.02086004302943,0.285908984726559,-7.02028405138814,0.775565121639127,0.999330380285523
"PROBE3670_at","GENE3670",2,"Microenvironment",45,43,10.8610033333333,10.8989218604651,0.0379185271317866,1.0266315674378,0.369411056462108,-6.99286894485355,0.712636608309312,0.999330380285523
"PROBE3671_at","GENE3671",2,"Microenvironment",45,43,9.74592644444444,9.74744976744186,0.00152332299742142,1.00105644468572,0.0133952799291519,-7.06117727918371,0.98934028826031,0.999330380285523
"PROBE3672_at","GENE3672",0,"Other",45,43,8.05202244444444,8.20368255813954,0.151660113695087,1.11084699201128,1.43111532230215,-6.0448976743809,0.155651134988454,0.957853138390485
"PROBE3673_at","GENE3673",1,"PlasmaCells",45,43,7.70403933333333,7.67081906976744,-0.03322026356589,0.977236555361511,-0.301741534547018,-7.01562161637969,0.763503122430436,0.999330380285523
"PROBE3674_at","GENE3674",2,"Microenvironment",45,43,8.77859466666667,8.69855767441861,-0.0800369922480613,0.946033389103935,-0.775999256998958,-6.76018266685256,0.439660916811862,0.999330380285523
"PROBE3675_at","GENE3675",0,"Other",45,43,8.68533977777778,8.71472720930233,0.0293874315245528,1.02057869586831,0.31046843825753,-7.01294448317203,0.756879178742954,0.999330380285523
"PROBE3676_at","GENE3676",1,"PlasmaCells",45,43,8.27698755555556,8.29334953488372,0.0163619793281669,1.01140581574468,0.152464707930602,-7.04960931531723,0.87914106232489,0.999330380285523
"PROBE3677_at","GENE3677",2,"Microenvironment",45,43,8.16572244444444,8.04671790697674,-0.119004537467703,0.920822801090357,-1.11577715519223,-6.44087685523107,0.267308401836305,0.999330380285523
"PROBE3678_at","GENE3678",2,"Microenvironment",45,43,8.17957955555556,8.15992093023256,-0.0196586253229984,0.986466097342877,-0.156013810039506,-7.04906031588364,0.876350408875604,0.999330380285523
"PROBE3679_at","GENE3679",0,"Other",45,43,6.03960888888889,6.02758046511628,-0.0120284237726089,0.991697192268715,-0.129790993138935,-7.05281862025497,0.897003907672783,0.999330380285523
"PROBE3680_at","GENE3680",1,"PlasmaCells",45,43,6.98068333333333,7.03011023255814,0.0494268992248053,1.03485375357686,0.485804219123227,-6.94303898318291,0.628215240142578,0.999330380285523
"PROBE3681_at","GENE3681",1,"PlasmaCells",45,43,6.75530711111111,6.72822697674419,-0.0270801343669227,0.981404550311609,-0.238548592017763,-7.03273339191733,0.811965144920807,0.999330380285523
"PROBE3682_at","GENE3682",0,"Other",45,43,7.94179244444444,7.99230139534884,0.0505089509043923,1.03563020683912,0.445913066160213,-6.96163869624234,0.656666176158016,0.999330380285523
"PROBE3683_at","GENE3683",2,"Microenvironment",45,43,9.19287088888889,9.2156523255814,0.0227814366925116,1.0159162235417,0.208800472831803,-7.03940474250213,0.835047307270508,0.999330380285523
"PROBE3684_at","GENE3684",2,"Microenvironment",45,43,6.98270844444444,7.1267123255814,0.144003881136949,1.10496745737841,1.46683565163728,-5.99409824272882,0.145695773051012,0.950935725171886
"PROBE3685_at","GENE3685",2,"Microenvironment",45,43,9.57069066666667,9.44940697674419,-0.121283689922485,0.919369244646629,-0.910134668732108,-6.64758767217075,0.36503565374311,0.999330380285523
"PROBE3686_at","GENE3686",2,"Microenvironment",45,43,9.950566,9.97547372093023,0.0249077209302371,1.01741461315385,0.233070438935026,-7.03402850810914,0.816203947827938,0.999330380285523
"PROBE3687_at","GENE3687",1,"PlasmaCells",45,43,9.39957333333333,9.5085411627907,0.108967829457368,1.07845638301272,1.00177463014118,-6.56054603753453,0.318976000863583,0.999330380285523
"PROBE3688_at","GENE3688",2,"Microenvironment",45,43,8.74470444444444,8.84665069767442,0.101946253229974,1.07322030344649,0.994034067919562,-6.56821444204642,0.322710324034414,0.999330380285523
"PROBE3689_at","GENE3689",1,"PlasmaCells",45,43,7.54698644444444,7.50781325581395,-0.0391731886304898,0.973212537641186,-0.380219461262641,-6.98881101204996,0.704624174210782,0.999330380285523
"PROBE3690_at","GENE3690",1,"PlasmaCells",45,43,8.17630711111111,8.2514323255814,0.075125214470285,1.05345246329348,0.707539853842837,-6.81083026222534,0.480948721635622,0.999330380285523
"PROBE3691_at","GENE3691",1,"PlasmaCells",45,43,8.04900155555556,8.05807162790698,0.0090700723514221,1.00630669908287,0.0769709546045538,-7.05829576788423,0.938807170356937,0.999330380285523
"PROBE3692_at","GENE3692",0,"Other",45,43,8.138432,8.16702604651163,0.0285940465116319,1.02001760068449,0.279106637472169,-7.02221020999847,0.780764609157741,0.999330380285523
"PROBE3693_at","GENE3693",2,"Microenvironment",45,43,9.04589466666667,9.12384744186047,0.0779527751938023,1.05551916598118,0.712621044885032,-6.8072299184567,0.477812327592715,0.999330380285523
"PROBE3694_at","GENE3694",1,"PlasmaCells",45,43,8.791002,8.79301651162791,0.00201451162790711,1.00139732840994,0.0180026116432273,-7.06110472108154,0.985674209360847,0.999330380285523
"PROBE3695_at","GENE3695",0,"Other",45,43,8.77468511111111,8.83880186046512,0.0641167493540014,1.0454446988565,0.600419292092238,-6.8807891191219,0.549644551953778,0.999330380285523
"PROBE3696_at","GENE3696",1,"PlasmaCells",45,43,7.51412222222222,7.26589488372093,-0.248227338501292,0.841930272589702,-2.25360642155858,-4.57958577171174,0.0265006530709487,0.343050525190275
"PROBE3697_at","GENE3697",0,"Other",45,43,9.47209088888889,9.35702720930233,-0.115063679586557,0.923341554156159,-0.997865328323536,-6.56442617722002,0.32085838199999,0.999330380285523
"PROBE3698_at","GENE3698",2,"Microenvironment",45,43,8.56221822222222,8.56848418604651,0.00626596382428879,1.00435268067386,0.0607423346290427,-7.05941668265432,0.951690950988193,0.999330380285523
"PROBE3699_at","GENE3699",2,"Microenvironment",45,43,9.34374711111111,9.29820744186046,-0.045539669250644,0.968927302287661,-0.411602897385347,-6.97636732346855,0.681549894995367,0.999330380285523
"PROBE3700_at","GENE3700",0,"Other",45,43,6.96054955555556,6.88398209302326,-0.0765674625322985,0.948311237720834,-0.77398791674813,-6.7617365448693,0.44084374163442,0.999330380285523
"PROBE3701_at","GENE3701",1,"PlasmaCells",45,43,7.24620511111111,7.18763279069767,-0.058572320413437,0.960213869355586,-0.565088188324406,-6.90136981738167,0.573334689800795,0.999330380285523
"PROBE3702_at","GENE3702",2,"Microenvironment",45,43,11.4029224444444,11.3798095348837,-0.0231129095607212,0.984106999909149,-0.211470424871459,-7.0388421832137,0.832969411676221,0.999330380285523
"PROBE3703_at","GENE3703",1,"PlasmaCells",45,43,7.15312688888889,7.22919930232558,0.0760724134366919,1.05414433280803,0.64342260767217,-6.85406892221779,0.521487112092508,0.999330380285523
"PROBE3704_at","GENE3704",1,"PlasmaCells",45,43,6.12746577777778,6.04502720930233,-0.0824385684754549,0.944459888628521,-0.769200401917877,-6.76541915860691,0.443666614367458,0.999330380285523
"PROBE3705_at","GENE3705",0,"Other",45,43,9.40719088888889,9.4877811627907,0.080590273901807,1.0574506044798,0.726029719708531,-6.79760666459984,0.469590553787792,0.999330380285523
"PROBE3706_at","GENE3706",0,"Other",45,43,7.973252,7.82849674418605,-0.144755255813952,0.904532812877656,-1.18672733335715,-6.36006497813443,0.23826964632421,0.999330380285523
"PROBE3707_at","GENE3707",2,"Microenvironment",45,43,7.722568,7.84604302325581,0.123475023255812,1.08935563865265,1.19265348100557,-6.35309617688833,0.235950645572154,0.999330380285523
"PROBE3708_at","GENE3708",1,"PlasmaCells",45,43,8.18932022222222,8.18445162790698,-0.00486859431524422,0.996631035316739,-0.0453751575036784,-7.06023459177162,0.963902728706601,0.999330380285523
"PROBE3709_at","GENE3709",2,"Microenvironment",45,43,9.03056866666667,9.04908976744186,0.0185211007751942,1.01292060773365,0.184856039762743,-7.04413061055184,0.853732716607314,0.999330380285523
"PROBE3710_at","GENE3710",2,"Microenvironment",45,43,11.6572637777778,11.6128851162791,-0.0443786614987101,0.969707359640533,-0.459088683601683,-6.95567077069883,0.647210410895951,0.999330380285523
"PROBE3711_at","GENE3711",2,"Microenvironment",45,43,8.88376177777778,8.88161627906977,-0.00214549870801228,0.998513958873865,-0.0210074187095516,-7.06104592772831,0.983283428655952,0.999330380285523
"PROBE3712_at","GENE3712",2,"Microenvironment",45,43,9.30167133333333,9.48792906976744,0.186257736434111,1.13780847838512,1.59661477700876,-5.79949482761313,0.113645038106276,0.856565937144889
"PROBE3713_at","GENE3713",0,"Other",45,43,8.26281422222222,8.48539790697674,0.22258368475452,1.16682134623514,1.90021326186775,-5.28370576709196,0.0604120837926447,0.608685982797427
"PROBE3714_at","GENE3714",2,"Microenvironment",45,43,10.8717344444444,10.9605939534884,0.0888595090439317,1.06352910041857,0.788634354716735,-6.75033025375519,0.432272934218351,0.999330380285523
"PROBE3715_at","GENE3715",1,"PlasmaCells",45,43,7.10655711111111,7.29812186046512,0.191564749354005,1.14200166124072,1.77579936733027,-5.50522215122539,0.0789411107018031,0.711181177493722
"PROBE3716_at","GENE3716",1,"PlasmaCells",45,43,8.42884977777778,8.58228,0.153430222222223,1.11221077746451,1.47756695399666,-5.97860293619749,0.142803703647008,0.950440623274599
"PROBE3717_at","GENE3717",1,"PlasmaCells",45,43,8.89162177777778,8.92523697674419,0.0336151989664089,1.02357385255798,0.30803564427885,-7.01369844359005,0.758723932697916,0.999330380285523
"PROBE3718_at","GENE3718",1,"PlasmaCells",45,43,10.7643822222222,10.7737941860465,0.00941196382429332,1.00654520302125,0.0889503274979485,-7.05729889062378,0.929307069532734,0.999330380285523
"PROBE3719_at","GENE3719",0,"Other",45,43,7.39565533333333,7.43081976744186,0.0351644341085295,1.02467360564063,0.305567259048686,-7.01445738434462,0.760597101750422,0.999330380285523
"PROBE3720_at","GENE3720",2,"Microenvironment",45,43,11.0648915555556,10.9061018604651,-0.158789695090443,0.895776239896461,-1.47067245342409,-5.98857054395911,0.144656573678256,0.950935725171886
"PROBE3721_at","GENE3721",2,"Microenvironment",45,43,7.50400888888889,7.42241744186046,-0.0815914470284245,0.94501461928466,-0.766156630361437,-6.76774872940248,0.445466760038583,0.999330380285523
"PROBE3722_at","GENE3722",1,"PlasmaCells",45,43,6.52252777777778,6.53756441860465,0.0150366408268727,1.01047710973896,0.127582230198437,-7.05310370498488,0.898747008772605,0.999330380285523
"PROBE3723_at","GENE3723",1,"PlasmaCells",45,43,8.543634,8.61542953488372,0.0717955348837211,1.05102394277436,0.64022804544304,-6.8561168678947,0.523552618395916,0.999330380285523
"PROBE3724_at","GENE3724",2,"Microenvironment",45,43,8.47647422222222,8.5773988372093,0.100924614987081,1.07246057616875,0.983688097433686,-6.57837298132269,0.327746635606195,0.999330380285523
"PROBE3725_at","GENE3725",1,"PlasmaCells",45,43,9.58836755555556,9.74982372093023,0.161456165374677,1.11841542655108,1.38220830493999,-6.11250321732854,0.170121845012929,0.989347380354554
"PROBE3726_at","GENE3726",2,"Microenvironment",45,43,9.45091977777778,9.47013139534884,0.0192116175710613,1.01340553773305,0.174361894235083,-7.04602075414457,0.861948991553069,0.999330380285523
"PROBE3727_at","GENE3727",0,"Other",45,43,9.845264,9.93155069767442,0.0862866976744172,1.06163415984067,0.782535741946291,-6.7551053541288,0.435829754963454,0.999330380285523
"PROBE3728_at","GENE3728",1,"PlasmaCells",45,43,8.03535266666667,7.96287837209302,-0.0724742945736443,0.951005576195294,-0.650933206969177,-6.84921428159159,0.516647818426455,0.999330380285523
"PROBE3729_at","GENE3729",1,"PlasmaCells",45,43,5.97066911111111,6.05203488372093,0.0813657726098187,1.05801917371787,0.76360977684734,-6.76969096991063,0.446976262489836,0.999330380285523
"PROBE3730_at","GENE3730",1,"PlasmaCells",45,43,8.44605911111111,8.24252139534884,-0.20353771576227,0.868418451229563,-1.80556786272228,-5.45349253534838,0.074126568194727,0.692986898379596
"PROBE3731_at","GENE3731",2,"Microenvironment",45,43,8.48142422222222,8.48606581395349,0.00464159173126255,1.00322248730639,0.0434887767691374,-7.06031866988714,0.965402423609139,0.999330380285523
"PROBE3732_at","GENE3732",2,"Microenvironment",45,43,7.19410111111111,7.03840441860465,-0.155696692506458,0.897698760085169,-1.44804408122832,-6.02097192410391,0.150869517512592,0.950935725171886
"PROBE3733_at","GENE3733",0,"Other",45,43,8.71135911111111,8.79185488372093,0.0804957726098188,1.05738134023983,0.679527409296346,-6.83022098849347,0.49844231378515,0.999330380285523
"PROBE3734_at","GENE3734",1,"PlasmaCells",45,43,8.88385022222222,8.82430418604651,-0.059546036175707,0.959566012460306,-0.512990411337878,-6.92945511065207,0.609138904454168,0.999330380285523
"PROBE3735_at","GENE3735",1,"PlasmaCells",45,43,6.78913044444444,6.78951139534884,0.000380950904395938,1.00026408991092,0.00342477460530813,-7.06126139569084,0.99727455183382,0.999330380285523
"PROBE3736_at","GENE3736",0,"Other",45,43,7.12236955555556,7.14432093023256,0.0219513746770046,1.01533187903378,0.204979643797118,-7.04019736959526,0.838022907332013,0.999330380285523
"PROBE3737_at","GENE3737",0,"Other",45,43,7.82342422222222,7.86517976744186,0.0417555452196394,1.02936564970639,0.381886258003919,-6.98817484306976,0.703391482885484,0.999330380285523
"PROBE3738_at","GENE3738",1,"PlasmaCells",45,43,6.59246488888889,6.57193325581395,-0.0205316330749348,0.985869344727458,-0.207273010223789,-7.03972336772972,0.836236585332165,0.999330380285523
"PROBE3739_at","GENE3739",1,"PlasmaCells",45,43,8.76846688888889,8.76946581395349,0.000998925064596534,1.00069264185778,0.00874749561524145,-7.06122889877209,0.993038786925614,0.999330380285523
"PROBE3740_at","GENE3740",1,"PlasmaCells",45,43,7.711386,7.63777139534884,-0.073614604651163,0.950254195791377,-0.721963271143884,-6.80054385440774,0.472075546228374,0.999330380285523
"PROBE3741_at","GENE3741",2,"Microenvironment",45,43,7.88643777777778,7.70525813953488,-0.18117963824289,0.881981537774461,-1.67084778235712,-5.68115859639759,0.0980155388626914,0.796337161693715
"PROBE3742_at","GENE3742",2,"Microenvironment",45,43,9.72423311111111,9.91696023255814,0.192727121447028,1.14292213696108,1.75579749394322,-5.53952791533605,0.0823190181414599,0.725277692876299
"PROBE3743_at","GENE3743",1,"PlasmaCells",45,43,7.16768488888889,7.15535348837209,-0.0123314005167936,0.991488950311353,-0.114482334818105,-7.0546939684049,0.909095037388989,0.999330380285523
"PROBE3744_at","GENE3744",0,"Other",45,43,8.505164,8.47193627906977,-0.0332277209302347,0.977231503988904,-0.323605273339749,-7.00877090347202,0.746942243263797,0.999330380285523
"PROBE3745_at","GENE3745",0,"Other",45,43,9.23676333333333,9.32180162790698,0.0850382945736445,1.06071589639944,0.752915478163233,-6.77777674251987,0.453346866874291,0.999330380285523
"PROBE3746_at","GENE3746",0,"Other",45,43,7.56433533333333,7.51512558139535,-0.049209751937985,0.966465573421049,-0.462085022774092,-6.95428942603277,0.645068000884558,0.999330380285523
"PROBE3747_at","GENE3747",0,"Other",45,43,7.79934555555556,7.71316023255814,-0.086185322997415,0.942010259155993,-0.857010080154563,-6.69429138663365,0.393578010559597,0.999330380285523
"PROBE3748_at","GENE3748",2,"Microenvironment",45,43,9.30661133333333,9.34412372093023,0.0375123875968981,1.02634259646926,0.329367076064111,-7.00688593619405,0.742597244975258,0.999330380285523
"PROBE3749_at","GENE3749",1,"PlasmaCells",45,43,7.89191422222222,7.87579720930233,-0.0161170129198895,0.988890706996064,-0.133320959629631,-7.05235285270266,0.894219196851204,0.999330380285523
"PROBE3750_at","GENE3750",1,"PlasmaCells",45,43,6.58786422222222,6.58205860465116,-0.0058056175710588,0.995983938580467,-0.0537784498656202,-7.05981668078585,0.957223663332218,0.999330380285523
"PROBE3751_at","GENE3751",1,"PlasmaCells",45,43,6.90459088888889,6.80589976744186,-0.0986911214470272,0.933879865603092,-0.936526073636101,-6.62336006774034,0.351357224271499,0.999330380285523
"PROBE3752_at","GENE3752",1,"PlasmaCells",45,43,7.12253777777778,7.05687325581395,-0.0656645219638232,0.955505099555107,-0.564316211219508,-6.9018056677279,0.573857758618707,0.999330380285523
"PROBE3753_at","GENE3753",1,"PlasmaCells",45,43,7.140806,7.06925441860465,-0.0715515813953473,0.951614011123295,-0.653210048238262,-6.84773156542509,0.515185467106989,0.999330380285523
"PROBE3754_at","GENE3754",2,"Microenvironment",45,43,9.26760533333333,9.14109837209302,-0.126506961240308,0.916046690445537,-1.11572614460134,-6.44093321215776,0.267330132748248,0.999330380285523
"PROBE3755_at","GENE3755",0,"Other",45,43,8.23973244444444,8.14539581395349,-0.0943366304909574,0.9367028563012,-0.948323240399545,-6.61231026259051,0.345350931023353,0.999330380285523
"PROBE3756_at","GENE3756",1,"PlasmaCells",45,43,9.52927,9.37923511627907,-0.150034883720929,0.901228671041131,-1.49671179073032,-5.95069123896088,0.137755571837521,0.937938183044813
"PROBE3757_at","GENE3757",2,"Microenvironment",45,43,9.810528,9.82587627906977,0.0153482790697694,1.01069540765765,0.132618279828752,-7.0524465649317,0.894773420649667,0.999330380285523
"PROBE3758_at","GENE3758",1,"PlasmaCells",45,43,7.07234955555556,7.17280930232558,0.100459746770028,1.07211506134542,0.865966280592188,-6.68661132871573,0.388672127793949,0.999330380285523
"PROBE3759_at","GENE3759",1,"PlasmaCells",45,43,7.93137333333333,8.10584744186047,0.174474108527129,1.12855294948131,1.57844771032716,-5.82767959230674,0.117759092997443,0.871293781742106
"PROBE3760_at","GENE3760",0,"Other",45,43,8.00657822222222,8.13514744186046,0.128569219638241,1.09320898289111,1.16406357354183,-6.38640518909904,0.247288996321628,0.999330380285523
"PROBE3761_at","GENE3761",1,"PlasmaCells",45,43,9.46168533333333,9.50957604651163,0.0478907131782975,1.03375242462086,0.374653230891395,-6.99091538151152,0.708746415443742,0.999330380285523
"PROBE3762_at","GENE3762",2,"Microenvironment",45,43,9.18207688888889,9.23389046511628,0.0518135762273886,1.03656714807848,0.418081583953491,-6.97367608655753,0.676823095484045,0.999330380285523
"PROBE3763_at","GENE3763",2,"Microenvironment",45,43,8.08245666666667,8.16472418604651,0.0822675193798457,1.05868068815693,0.650657793306849,-6.84939328757577,0.516824856915086,0.999330380285523
"PROBE3764_at","GENE3764",1,"PlasmaCells",45,43,7.96285422222222,7.98491511627907,0.022060894056847,1.01540895889847,0.163525652901106,-7.04785669006646,0.870449047791672,0.999330380285523
"PROBE3765_at","GENE3765",0,"Other",45,43,8.39684577777778,8.41457465116279,0.0177288733850141,1.0123645351482,0.172400104145527,-7.04636185585268,0.863486666364286,0.999330380285523
"PROBE3766_at","GENE3766",2,"Microenvironment",45,43,9.126278,9.1448823255814,0.0186043255813946,1.01297904181046,0.152731478726468,-7.04956848825068,0.878931247396695,0.999330380285523
"PROBE3767_at","GENE3767",0,"Other",45,43,8.47333644444444,8.3523988372093,-0.120937607235138,0.919589815131811,-1.18829010086064,-6.35823052676413,0.237656528492849,0.999330380285523
"PROBE3768_at","GENE3768",2,"Microenvironment",45,43,8.01661,8.10323976744186,0.0866297674418579,1.06188664417184,0.786828749716548,-6.75174782189563,0.433324212425551,0.999330380285523
"PROBE3769_at","GENE3769",0,"Other",45,43,8.14675111111111,8.27761906976744,0.130867958656333,1.09495225170437,1.40785381320381,-6.07733386905215,0.162410949471499,0.971121253448065
"PROBE3770_at","GENE3770",1,"PlasmaCells",45,43,7.27017711111111,7.22252139534884,-0.0476557157622732,0.967507187642263,-0.429993628838697,-6.9686185688091,0.668165931574423,0.999330380285523
"PROBE3771_at","GENE3771",0,"Other",45,43,7.96264311111111,7.94330627906977,-0.0193368320413425,0.986686153251193,-0.184994489230461,-7.04410493625725,0.85362442468902,0.999330380285523
"PROBE3772_at","GENE3772",0,"Other",45,43,7.83896066666667,7.86971279069767,0.0307521240310091,1.02154455143933,0.266106704824264,-7.02576247457265,0.790728885326422,0.999330380285523
"PROBE3773_at","GENE3773",2,"Microenvironment",45,43,10.7111506666667,10.8157676744186,0.104617007751925,1.07520891685886,1.01179570912485,-6.55053188060648,0.314184316786761,0.999330380285523
"PROBE3774_at","GENE3774",0,"Other",45,43,9.14961111111111,9.25701186046512,0.107400749354007,1.07728558117582,0.898143189317271,-6.65837113274989,0.371360885284617,0.999330380285523
"PROBE3775_at","GENE3775",2,"Microenvironment",45,43,7.61886911111111,7.63290348837209,0.0140343772609803,1.00977535874369,0.121230685957981,-7.05389624033149,0.903762226657633,0.999330380285523
"PROBE3776_at","GENE3776",2,"Microenvironment",45,43,9.09970755555556,9.06047441860465,-0.0392331369509016,0.973172098571774,-0.3755193991696,-6.99058995068765,0.708104374947124,0.999330380285523
"PROBE3777_at","GENE3777",2,"Microenvironment",45,43,8.58625622222222,8.65094209302326,0.0646858708010321,1.04585719238748,0.588987020888992,-6.88758409386258,0.557256226054443,0.999330380285523
"PROBE3778_at","GENE3778",0,"Other",45,43,7.582064,7.44467209302326,-0.137391906976742,0.909161245313213,-1.12152617037071,-6.43450921536691,0.264867177202661,0.999330380285523
"PROBE3779_at","GENE3779",1,"PlasmaCells",45,43,8.522636,8.47437186046512,-0.0482641395348811,0.967099249548549,-0.414968567816768,-6.9749744556657,0.679092728550079,0.999330380285523
"PROBE3780_at","GENE3780",2,"Microenvironment",45,43,7.93165533333333,7.82778302325581,-0.103872310077522,0.930532013501864,-0.948837666846319,-6.61182533687679,0.345090542505776,0.999330380285523
"PROBE3781_at","GENE3781",0,"Other",45,43,7.65887977777778,7.70865558139535,0.0497758036175719,1.03510405504331,0.418186162754922,-6.97363230123506,0.676746900919794,0.999330380285523
"PROBE3782_at","GENE3782",1,"PlasmaCells",45,43,7.092936,7.02783930232558,-0.0650966976744192,0.955881246817396,-0.646684422958706,-6.85196743645385,0.51938252478864,0.999330380285523
"PROBE3783_at","GENE3783",2,"Microenvironment",45,43,8.55686711111111,8.63975139534884,0.0828842842377231,1.05913338024916,0.777857534477992,-6.75874349981545,0.438569751025673,0.999330380285523
"PROBE3784_at","GENE3784",1,"PlasmaCells",45,43,10.3928364444444,10.4677193023256,0.0748828578811356,1.05327550995609,0.649989532908732,-6.84982731342983,0.517254553640028,0.999330380285523
"PROBE3785_at","GENE3785",2,"Microenvironment",45,43,8.02123822222222,8.0006011627907,-0.0206370594315235,0.985797303989396,-0.214275336109949,-7.03824349640176,0.830787759966085,0.999330380285523
"PROBE3786_at","GENE3786",2,"Microenvironment",45,43,10.0801155555556,9.94986069767442,-0.130254857881136,0.91367003248648,-1.29423125976036,-6.2284219759118,0.198696635488879,0.999330380285523
"PROBE3787_at","GENE3787",1,"PlasmaCells",45,43,8.86686711111111,8.86798372093023,0.00111660981912109,1.00077427454381,0.00931239213642714,-7.06122378171018,0.992589257843454,0.999330380285523
"PROBE3788_at","GENE3788",2,"Microenvironment",45,43,8.61715688888889,8.64474744186047,0.0275905529715779,1.01930835504279,0.26342188213589,-7.02647503575336,0.792791162162326,0.999330380285523
"PROBE3789_at","GENE3789",1,"PlasmaCells",45,43,7.90151377777778,7.93891813953488,0.0374043617571083,1.02626574906426,0.319980022493298,-7.00993988787253,0.749680262501304,0.999330380285523
"PROBE3790_at","GENE3790",2,"Microenvironment",45,43,8.59684511111111,8.61151186046512,0.0146667493540082,1.01021806749855,0.120928639517816,-7.05393292166249,0.904000823167733,0.999330380285523
"PROBE3791_at","GENE3791",0,"Other",45,43,9.291074,9.31198837209302,0.0209143720930243,1.0146023253634,0.202643158246105,-7.04067486482882,0.839843687521922,0.999330380285523
"PROBE3792_at","GENE3792",0,"Other",45,43,8.95117577777778,8.9617311627907,0.0105553850129212,1.00734326586927,0.0963254972891975,-7.05661357815646,0.923463274834157,0.999330380285523
"PROBE3793_at","GENE3793",0,"Other",45,43,8.40816266666667,8.42613720930233,0.0179745426356579,1.01253694026945,0.181123802462455,-7.04481548448028,0.856653033204568,0.999330380285523
"PROBE3794_at","GENE3794",2,"Microenvironment",45,43,9.62479644444444,9.59164744186046,-0.0331490025839827,0.977284826516833,-0.250059372797368,-7.02991416621717,0.803076863679483,0.999330380285523
"PROBE3795_at","GENE3795",2,"Microenvironment",45,43,7.91741711111111,7.97186348837209,0.0544463772609811,1.03846052586577,0.464608651343516,-6.95311906576635,0.643265901165166,0.999330380285523
"PROBE3796_at","GENE3796",1,"PlasmaCells",45,43,6.36912088888889,6.36366813953488,-0.00545274935400375,0.996227575697672,-0.0560955903697914,-7.05968898670244,0.955382480723989,0.999330380285523
"PROBE3797_at","GENE3797",0,"Other",45,43,6.94191977777778,6.99001627906977,0.0480965012919894,1.03389989108363,0.432885967720799,-6.96736920939459,0.666070595391355,0.999330380285523
"PROBE3798_at","GENE3798",1,"PlasmaCells",45,43,8.28220377777778,8.35608953488372,0.073885757105943,1.05254780315914,0.678836916567253,-6.83068916683446,0.498877821375328,0.999330380285523
"PROBE3799_at","GENE3799",2,"Microenvironment",45,43,9.02585066666667,8.99308813953488,-0.0327625271317853,0.977546660916046,-0.283011872976291,-7.02111006059546,0.777778343345501,0.999330380285523
"PROBE3800_at","GENE3800",1,"PlasmaCells",45,43,8.77608622222222,8.91691976744186,0.140833545219635,1.10254194701834,1.23639003022793,-6.30062378790831,0.219336213106744,0.999330380285523
"PROBE3801_at","GENE3801",1,"PlasmaCells",45,43,7.75918266666667,7.68669093023256,-0.0724917364341087,0.950994078820019,-0.569144811773899,-6.89906976343525,0.570589822508919,0.999330380285523
"PROBE3802_at","GENE3802",2,"Microenvironment",45,43,7.79006111111111,7.8741188372093,0.0840577260981901,1.05999519579967,0.658039300655702,-6.84456969536146,0.512091015083052,0.999330380285523
"PROBE3803_at","GENE3803",1,"PlasmaCells",45,43,8.247106,8.22545720930233,-0.0216487906976717,0.985106227709466,-0.18620062112921,-7.04388045664838,0.852681135410004,0.999330380285523
"PROBE3804_at","GENE3804",2,"Microenvironment",45,43,8.9523,9.03475744186047,0.0824574418604662,1.058820066537,0.695317798277077,-6.81938593343156,0.488539281684991,0.999330380285523
"PROBE3805_at","GENE3805",0,"Other",45,43,7.96994088888889,7.99104069767442,0.0210998087855305,1.01473274557431,0.203274878492111,-7.04054630295185,0.83935131325466,0.999330380285523
"PROBE3806_at","GENE3806",2,"Microenvironment",45,43,8.52828177777778,8.41292790697674,-0.115353870801036,0.923155847091809,-1.13728140179089,-6.41689533604971,0.258257111936043,0.999330380285523
"PROBE3807_at","GENE3807",2,"Microenvironment",45,43,7.84637333333333,7.84451651162791,-0.00185682170542911,0.998713777164651,-0.0179218053893149,-7.06110617711155,0.985738504919188,0.999330380285523
"PROBE3808_at","GENE3808",2,"Microenvironment",45,43,9.810746,9.8007423255814,-0.0100036744186038,0.993089966120174,-0.0982485674929557,-7.05642591718009,0.921940185895813,0.999330380285523
"PROBE3809_at","GENE3809",2,"Microenvironment",45,43,8.78043933333333,8.73422674418605,-0.0462125891472898,0.968475468458728,-0.374489533297103,-6.99097680066737,0.708867778647011,0.999330380285523
"PROBE3810_at","GENE3810",0,"Other",45,43,8.56383844444444,8.42924813953488,-0.134590304909562,0.910928481421299,-1.33643136012005,-6.17373493806974,0.184573726432824,0.999330380285523
"PROBE3811_at","GENE3811",1,"PlasmaCells",45,43,8.08664155555556,8.07895534883721,-0.00768620671834697,0.994686494361202,-0.0642086067449928,-7.05919945183062,0.948937909034418,0.999330380285523
"PROBE3812_at","GENE3812",2,"Microenvironment",45,43,8.95388755555556,8.92399372093023,-0.029893834625323,0.979492374045137,-0.28979536165618,-7.01916279908217,0.77259906846789,0.999330380285523
"PROBE3813_at","GENE3813",0,"Other",45,43,8.11411933333333,8.10261395348837,-0.0115053798449605,0.992056793721395,-0.105371763891671,-7.05569849628062,0.916301127111825,0.999330380285523
"PROBE3814_at","GENE3814",1,"PlasmaCells",45,43,8.96279066666667,9.07263534883721,0.109844682170543,1.07911205508025,0.99242051179076,-6.56980561894669,0.323492394440144,0.999330380285523
"PROBE3815_at","GENE3815",2,"Microenvironment",45,43,10.3355393333333,10.3611139534884,0.0255746201550391,1.01788503125763,0.222930684801474,-7.03634639921709,0.824064073055765,0.999330380285523
"PROBE3816_at","GENE3816",0,"Other",45,43,10.5674455555556,10.4757311627907,-0.0917143927648532,0.938406952519823,-0.905773747924366,-6.6515255406339,0.36732798921566,0.999330380285523
"PROBE3817_at","GENE3817",2,"Microenvironment",45,43,7.79472133333333,7.7701976744186,-0.0245236589147302,0.983145154402627,-0.218911692651113,-7.03723662223418,0.827184526056456,0.999330380285523
"PROBE3818_at","GENE3818",2,"Microenvironment",45,43,8.418074,8.53419488372093,0.116120883720932,1.08381677627591,1.18283917273217,-6.36461891717426,0.239800000592854,0.999330380285523
"PROBE3819_at","GENE3819",2,"Microenvironment",45,43,8.43206977777778,8.2937711627907,-0.138298614987075,0.90859003326073,-1.33273805625046,-6.17858860634895,0.185778786864481,0.999330380285523
"PROBE3820_at","GENE3820",2,"Microenvironment",45,43,7.57643266666667,7.44999069767442,-0.126441968992247,0.916087958539691,-1.28410389117688,-6.24129407412247,0.20220234568535,0.999330380285523
"PROBE3821_at","GENE3821",0,"Other",45,43,8.27329888888889,8.33631744186047,0.0630185529715739,1.04464919690378,0.546510686535515,-6.91169419591223,0.585985521108202,0.999330380285523
"PROBE3822_at","GENE3822",0,"Other",45,43,7.23787577777778,7.27132418604651,0.0334484082687343,1.02345552351139,0.304050682885844,-7.01492065528471,0.761748685279828,0.999330380285523
"PROBE3823_at","GENE3823",2,"Microenvironment",45,43,9.15453711111111,9.20642744186046,0.051890330749357,1.036622297178,0.468009212909139,-6.95153198233951,0.640840960559229,0.999330380285523
"PROBE3824_at","GENE3824",1,"PlasmaCells",45,43,7.00517488888889,7.08771023255814,0.0825353436692469,1.05887724163154,0.715481289258418,-6.80519204271335,0.476051835099487,0.999330380285523
"PROBE3825_at","GENE3825",0,"Other",45,43,10.5376591111111,10.5551669767442,0.01750786563308,1.012209461992,0.188425911598969,-7.04346247023685,0.850941347094518,0.999330380285523
"PROBE3826_at","GENE3826",2,"Microenvironment",45,43,8.77799422222222,8.70122674418605,-0.0767674780361762,0.948179772791064,-0.710153545437749,-6.80898148098035,0.479333984984926,0.999330380285523
"PROBE3827_at","GENE3827",1,"PlasmaCells",45,43,8.78840422222222,8.76950441860465,-0.0188998036175718,0.986985090449157,-0.175852947807995,-7.04575892082506,0.860780640714432,0.999330380285523
"PROBE3828_at","GENE3828",2,"Microenvironment",45,43,10.404194,10.4600718604651,0.0558778604651131,1.03949142740482,0.474174770108234,-6.94862506302521,0.636454230597839,0.999330380285523
"PROBE3829_at","GENE3829",0,"Other",45,43,7.874046,7.96713651162791,0.0930905116279064,1.06665269826127,0.812612581291097,-6.73120114220999,0.418454944266863,0.999330380285523
"PROBE3830_at","GENE3830",2,"Microenvironment",45,43,8.02025444444445,8.04987674418605,0.0296222997416002,1.02074485781134,0.273688545548941,-7.02371127330999,0.784913166407073,0.999330380285523
"PROBE3831_at","GENE3831",0,"Other",45,43,7.93793288888889,8.00737744186046,0.0694445529715733,1.04931261362272,0.705486817334806,-6.81227773666631,0.482219193095874,0.999330380285523
"PROBE3832_at","GENE3832",0,"Other",45,43,8.56519622222222,8.49074604651163,-0.0744501757105933,0.949703992876967,-0.553890769403072,-6.90763379033249,0.580944123797635,0.999330380285523
"PROBE3833_at","GENE3833",2,"Microenvironment",45,43,9.05780533333333,8.77944534883721,-0.278359984496126,0.824527784921213,-2.48585045242646,-4.0583496791783,0.0146562318470264,0.207889813432999
"PROBE3834_at","GENE3834",2,"Microenvironment",45,43,7.29313844444444,7.12758744186046,-0.165551002583977,0.891587933872028,-1.45132769402685,-6.01629995047421,0.149955349354665,0.950935725171886
"PROBE3835_at","GENE3835",1,"PlasmaCells",45,43,7.97719911111111,7.84450162790698,-0.132697483204132,0.91212440761697,-1.09988467767695,-6.45831352790974,0.274138477615926,0.999330380285523
"PROBE3836_at","GENE3836",1,"PlasmaCells",45,43,7.98921066666667,8.05456558139535,0.0653549147286787,1.04634231686366,0.595692846663368,-6.88361408732895,0.55278512815281,0.999330380285523
"PROBE3837_at","GENE3837",2,"Microenvironment",45,43,8.22347888888889,8.15003372093023,-0.0734451679586581,0.950365804536491,-0.630824550416805,-6.86208652724058,0.529657279667949,0.999330380285523
"PROBE3838_at","GENE3838",1,"PlasmaCells",45,43,8.950966,8.92920953488372,-0.0217564651162796,0.985032707818446,-0.198300603897064,-7.04154780070222,0.843230066461879,0.999330380285523
"PROBE3839_at","GENE3839",0,"Other",45,43,9.487126,9.58082488372093,0.0936988837209309,1.06710259138336,0.826008115832492,-6.72026860218973,0.410851793183208,0.999330380285523
"PROBE3840_at","GENE3840",0,"Other",45,43,10.2930375555556,10.2678469767442,-0.0251905788113724,0.9826907773389,-0.198322360436119,-7.04154347431649,0.843213093040758,0.999330380285523
"PROBE3841_at","GENE3841",0,"Other",45,43,6.888014,7.03371558139535,0.145701581395349,1.10626849998152,1.19848371000444,-6.3462072959897,0.233685048683893,0.999330380285523
"PROBE3842_at","GENE3842",0,"Other",45,43,9.47846533333333,9.65064930232558,0.172183968992252,1.12676290142444,1.48496625971114,-5.96785598524549,0.140835807671644,0.945206762896939
"PROBE3843_at","GENE3843",2,"Microenvironment",45,43,9.30536577777778,9.32858558139535,0.0232198036175717,1.01622495943167,0.237319760187737,-7.03302652036077,0.812915489894471,0.999330380285523
"PROBE3844_at","GENE3844",2,"Microenvironment",45,43,7.25630511111111,7.36708534883721,0.110780237726098,1.07981206212396,0.978884551741205,-6.58305410342576,0.33010247045566,0.999330380285523
"PROBE3845_at","GENE3845",0,"Other",45,43,8.90915644444445,8.98610209302326,0.0769456485788123,1.0547825789318,0.758447805215539,-6.77360791323753,0.450044775771821,0.999330380285523
"PROBE3846_at","GENE3846",2,"Microenvironment",45,43,6.86599977777778,6.99336837209302,0.127368594315246,1.09229958183939,1.06535441549801,-6.49535790314799,0.289393187245726,0.999330380285523
"PROBE3847_at","GENE3847",1,"PlasmaCells",45,43,8.85403622222222,8.96740511627907,0.113368894056849,1.08175132964015,0.965671245970951,-6.59581477679494,0.336640059008013,0.999330380285523
"PROBE3848_at","GENE3848",0,"Other",45,43,9.63856311111111,9.49837023255814,-0.140192878552973,0.907397834264452,-1.29083625974313,-6.23274797202119,0.199866791703732,0.999330380285523
"PROBE3849_at","GENE3849",0,"Other",45,43,8.36646822222222,8.47193697674419,0.105468754521965,1.0758438924349,0.991106248064697,-6.57109978340519,0.324130327912725,0.999330380285523
"PROBE3850_at","GENE3850",2,"Microenvironment",45,43,9.41414533333333,9.2500011627907,-0.164144170542635,0.892457782456424,-1.50067400267948,-5.94487181917049,0.1367284735189,0.936496393965065
"PROBE3851_at","GENE3851",1,"PlasmaCells",45,43,9.10706644444444,9.00477186046512,-0.102294583979328,0.931550196598013,-1.00818640307186,-6.55414993607076,0.315904574901692,0.999330380285523
"PROBE3852_at","GENE3852",2,"Microenvironment",45,43,8.91119,8.87407511627907,-0.0371148837209301,0.974602018949105,-0.343398289683105,-7.00215682639519,0.732051285451042,0.999330380285523
"PROBE3853_at","GENE3853",2,"Microenvironment",45,43,9.58487222222222,9.55514581395349,-0.0297264082687345,0.979606051815551,-0.276326253844868,-7.02298417513503,0.782892726578716,0.999330380285523
"PROBE3854_at","GENE3854",2,"Microenvironment",45,43,7.79825244444444,7.70247232558139,-0.0957801188630505,0.935766107066735,-0.877293314653279,-6.6767857088922,0.382522018402831,0.999330380285523
"PROBE3855_at","GENE3855",0,"Other",45,43,8.43429977777778,8.57997604651163,0.145676268733851,1.10624909022852,1.26489833217797,-6.26543639593214,0.208975956138408,0.999330380285523
"PROBE3856_at","GENE3856",0,"Other",45,43,7.78160977777778,7.88774348837209,0.106133710594309,1.076339876548,0.916777367552866,-6.64155366433465,0.361561375572467,0.999330380285523
"PROBE3857_at","GENE3857",0,"Other",45,43,8.19367555555556,8.05534581395349,-0.138329741602067,0.908570430346557,-1.18528845384029,-6.36175193145769,0.238835161522279,0.999330380285523
"PROBE3858_at","GENE3858",1,"PlasmaCells",45,43,7.77668333333333,7.73416465116279,-0.0425186821705434,0.970958350841759,-0.338193231508843,-7.00393411054122,0.735957573550815,0.999330380285523
"PROBE3859_at","GENE3859",2,"Microenvironment",45,43,9.80754288888889,9.86057069767442,0.0530278087855276,1.03743993363065,0.460351328587373,-6.95508976840023,0.646307244780744,0.999330380285523
"PROBE3860_at","GENE3860",0,"Other",45,43,6.86467088888889,6.83241604651163,-0.0322548423772604,0.977890720370237,-0.334632432723634,-7.00513435755527,0.738633886054443,0.999330380285523
"PROBE3861_at","GENE3861",1,"PlasmaCells",45,43,9.16722644444445,9.17798953488372,0.0107630904392728,1.00748830395343,0.0944925079367014,-7.05678899642792,0.924915284372083,0.999330380285523
"PROBE3862_at","GENE3862",1,"PlasmaCells",45,43,8.00226888888889,8.12633930232558,0.124070413436691,1.08980530090655,1.12222701397055,-6.43373077771799,0.264570646030708,0.999330380285523
"PROBE3863_at","GENE3863",2,"Microenvironment",45,43,9.99464133333333,10.2161369767442,0.221495643410861,1.16594169307231,2.13962089038172,-4.81861970289315,0.034926285349593,0.414717636661343
"PROBE3864_at","GENE3864",2,"Microenvironment",45,43,7.98437533333333,7.9058488372093,-0.0785264961240308,0.947024401103151,-0.777334534417366,-6.75914888765384,0.438876692548732,0.999330380285523
"PROBE3865_at","GENE3865",1,"PlasmaCells",45,43,8.79410244444444,8.69502372093023,-0.099078723514209,0.933628998208659,-0.860260350216263,-6.69151332532687,0.391793243159563,0.999330380285523
"PROBE3866_at","GENE3866",2,"Microenvironment",45,43,10.6496484444444,10.6261427906977,-0.0235056537467706,0.983839133390019,-0.204954132569148,-7.0402026127224,0.838042783025323,0.999330380285523
"PROBE3867_at","GENE3867",1,"PlasmaCells",45,43,6.39718133333333,6.4994523255814,0.102270992248063,1.0734619038712,0.827739421518577,-6.71884276708471,0.409875240587177,0.999330380285523
"PROBE3868_at","GENE3868",1,"PlasmaCells",45,43,7.36408488888889,7.47492069767442,0.110835808785529,1.07985365612289,1.03869418873229,-6.52316985027207,0.301561401793877,0.999330380285523
"PROBE3869_at","GENE3869",0,"Other",45,43,7.268768,7.34057558139535,0.0718075813953503,1.05103271886678,0.690536483358313,-6.82269278834526,0.491526492921132,0.999330380285523
"PROBE3870_at","GENE3870",0,"Other",45,43,7.92319422222222,7.83868813953488,-0.0845060826873425,0.943107360431359,-0.791928673913726,-6.7477356431364,0.430358751693686,0.999330380285523
"PROBE3871_at","GENE3871",2,"Microenvironment",45,43,8.95306577777778,9.00256325581395,0.0494974780361765,1.0349043814174,0.461097033017439,-6.95474588856629,0.645774093126408,0.999330380285523
"PROBE3872_at","GENE3872",0,"Other",45,43,8.58707244444444,8.51732930232558,-0.0697431421188615,0.952807621113677,-0.626641960507642,-6.86471363309245,0.532384340629487,0.999330380285523
"PROBE3873_at","GENE3873",1,"PlasmaCells",45,43,8.20510644444444,8.31130651162791,0.106200067183464,1.07638938381288,1.09133879945053,-6.46758894631235,0.277860880827485,0.999330380285523
"PROBE3874_at","GENE3874",2,"Microenvironment",45,43,8.64487511111111,8.70658186046512,0.061706749354002,1.04369975733182,0.539910736157433,-6.91527953976818,0.590511392869524,0.999330380285523
"PROBE3875_at","GENE3875",2,"Microenvironment",45,43,9.58503688888889,9.63150558139535,0.0464686925064637,1.03273398826529,0.406699767113477,-6.97837623487512,0.68513565305211,0.999330380285523
"PROBE3876_at","GENE3876",0,"Other",45,43,8.93174288888889,8.97679488372093,0.0450519948320451,1.03172036190666,0.414685736101374,-6.97509193930104,0.679299081979441,0.999330380285523
"PROBE3877_at","GENE3877",0,"Other",45,43,7.884668,7.82198325581395,-0.0626847441860479,0.957480662746119,-0.512526760516983,-6.92969294372106,0.609462042617696,0.999330380285523
"PROBE3878_at","GENE3878",0,"Other",45,43,8.24936022222222,8.12705255813954,-0.12230766408269,0.918716940235374,-0.994682572154168,-6.56757421898336,0.322396355318175,0.999330380285523
"PROBE3879_at","GENE3879",2,"Microenvironment",45,43,8.45737666666667,8.43047139534884,-0.0269052713178315,0.981523509473293,-0.246141423380404,-7.03088864504053,0.806099347137397,0.999330380285523
"PROBE3880_at","GENE3880",2,"Microenvironment",45,43,7.80036044444444,7.8697688372093,0.0694083927648599,1.04928631361861,0.569653098804456,-6.89878041912241,0.570246344747404,0.999330380285523
"PROBE3881_at","GENE3881",0,"Other",45,43,7.99385577777778,7.90729976744186,-0.0865560103359169,0.941768249300135,-0.79241446650408,-6.74735212909146,0.430076902604247,0.999330380285523
"PROBE3882_at","GENE3882",1,"PlasmaCells",45,43,7.28785711111111,7.38234441860465,0.0944873074935408,1.06768591561988,0.790838609916094,-6.74859536081802,0.43099158558341,0.999330380285523
"PROBE3883_at","GENE3883",0,"Other",45,43,6.75680955555556,6.83724906976744,0.0804395142118874,1.05734010808841,0.792541415898337,-6.74725186931134,0.430003266542327,0.999330380285523
"PROBE3884_at","GENE3884",0,"Other",45,43,8.27441355555556,8.29217511627907,0.0177615607235122,1.01238747268953,0.160442911437368,-7.04835748194293,0.872870006231857,0.999330380285523
"PROBE3885_at","GENE3885",1,"PlasmaCells",45,43,9.33403088888889,9.35116372093023,0.0171328320413426,1.01194636882065,0.150884022598822,-7.04984976248978,0.880384445924964,0.999330380285523
"PROBE3886_at","GENE3886",2,"Microenvironment",45,43,7.93310044444444,7.80551162790698,-0.12758881653747,0.915360018314515,-1.1687515898425,-6.38099717234568,0.245403690419254,0.999330380285523
"PROBE3887_at","GENE3887",0,"Other",45,43,6.41901533333333,6.43551790697674,0.016502573643411,1.01150438462658,0.148247137924892,-7.05024530007343,0.882459312228922,0.999330380285523
"PROBE3888_at","GENE3888",1,"PlasmaCells",45,43,7.31489822222222,7.34720069767442,0.0323024754521972,1.02264291545586,0.26127937914715,-7.02703848719106,0.794437927769763,0.999330380285523
"PROBE3889_at","GENE3889",0,"Other",45,43,5.64037755555556,5.74099511627907,0.100617560723515,1.07223234460067,0.946551204567122,-6.61397870223061,0.346248860472097,0.999330380285523
"PROBE3890_at","GENE3890",0,"Other",45,43,7.74055222222222,7.75221651162791,0.0116642894056866,1.00811784175063,0.1176405940685,-7.05432631261809,0.906598724420826,0.999330380285523
"PROBE3891_at","GENE3891",2,"Microenvironment",45,43,8.29638244444445,8.22378209302326,-0.0726003514211886,0.950922484811225,-0.6909171066455,-6.82243036906706,0.491288327427885,0.999330380285523
"PROBE3892_at","GENE3892",1,"PlasmaCells",45,43,9.426922,9.36762069767442,-0.0593013023255811,0.959728803762509,-0.543843926576374,-6.91314809348607,0.587812265457167,0.999330380285523
"PROBE3893_at","GENE3893",2,"Microenvironment",45,43,11.6311664444444,11.60004,-0.0311264444444355,0.978655872726072,-0.266763084339051,-7.02558717162643,0.790224930140663,0.999330380285523
"PROBE3894_at","GENE3894",2,"Microenvironment",45,43,8.525306,8.51569906976744,-0.00960693023255743,0.993363105515445,-0.0774399993495853,-7.05825944316524,0.938435024451795,0.999330380285523
"PROBE3895_at","GENE3895",2,"Microenvironment",45,43,9.24785733333333,9.17662162790698,-0.0712357054263553,0.951822388430238,-0.685711289993003,-6.82600708755621,0.494551187876572,0.999330380285523
"PROBE3896_at","GENE3896",1,"PlasmaCells",45,43,8.096364,8.15319023255814,0.0568262325581426,1.04017497363276,0.497347998036332,-6.93736087366777,0.620083209403713,0.999330380285523
"PROBE3897_at","GENE3897",2,"Microenvironment",45,43,9.03895511111111,9.28159511627907,0.242640005167962,1.1831557527665,2.05135388984919,-4.99597177326532,0.0429620075604934,0.484010319129362
"PROBE3898_at","GENE3898",1,"PlasmaCells",45,43,9.81443755555556,9.90759627906977,0.0931587235142128,1.06670313172821,0.797256170443963,-6.74351711187043,0.427273778409465,0.999330380285523
"PROBE3899_at","GENE3899",2,"Microenvironment",45,43,10.0000935555556,9.99857837209302,-0.00151518346252821,0.998950306169328,-0.0141859506467581,-7.06116634099221,0.988711128837365,0.999330380285523
"PROBE3900_at","GENE3900",2,"Microenvironment",45,43,9.03819444444444,9.03804720930233,-0.000147235142117452,0.99989794958386,-0.00142989939303005,-7.06126625319153,0.998862078973483,0.999818966729852
"PROBE3901_at","GENE3901",1,"PlasmaCells",45,43,6.68836688888889,6.60777627906977,-0.0805906098191187,0.945670429354784,-0.681050433125857,-6.82918665831906,0.49748243862586,0.999330380285523
"PROBE3902_at","GENE3902",1,"PlasmaCells",45,43,9.477606,9.41424558139535,-0.063360418604649,0.957032339504064,-0.542975069133704,-6.91362026157672,0.588408014556083,0.999330380285523
"PROBE3903_at","GENE3903",1,"PlasmaCells",45,43,6.43432311111111,6.41376488372093,-0.0205582273901834,0.985851171601639,-0.212856943226259,-7.03854722650015,0.831890817351722,0.999330380285523
"PROBE3904_at","GENE3904",2,"Microenvironment",45,43,9.46388066666667,9.45439651162791,-0.00948415503875744,0.993447645583841,-0.0864582391240714,-7.05751812881489,0.93128259414221,0.999330380285523
"PROBE3905_at","GENE3905",1,"PlasmaCells",45,43,7.01313666666667,7.11189186046512,0.0987551937984517,1.0708490988936,0.966789891360197,-6.59474103933364,0.336083327486414,0.999330380285523
"PROBE3906_at","GENE3906",1,"PlasmaCells",45,43,8.00379133333333,7.91217604651163,-0.0916152868217024,0.938471418604409,-0.947912509057581,-6.6126972545147,0.345558923249413,0.999330380285523
"PROBE3907_at","GENE3907",1,"PlasmaCells",45,43,8.187678,8.13059651162791,-0.0570814883720931,0.961206634602608,-0.494448297114697,-6.93879964373353,0.62212152707389,0.999330380285523
"PROBE3908_at","GENE3908",1,"PlasmaCells",45,43,7.104652,7.27605511627907,0.171403116279071,1.12615321068388,1.66457609528629,-5.69135279729023,0.0992647477159976,0.798314926668158
"PROBE3909_at","GENE3909",0,"Other",45,43,8.62557644444444,8.74431255813954,0.118736113695091,1.08578323532225,1.14587392759473,-6.4071883830784,0.254701491426506,0.999330380285523
"PROBE3910_at","GENE3910",1,"PlasmaCells",45,43,9.43054644444444,9.38439558139535,-0.0461508630490961,0.968516905830483,-0.399408595918208,-6.98131921038771,0.690481162503906,0.999330380285523
"PROBE3911_at","GENE3911",2,"Microenvironment",45,43,10.6317448888889,10.4928951162791,-0.13884977260982,0.908242987860182,-1.29732440992357,-6.22447105516922,0.197634953740266,0.999330380285523
"PROBE3912_at","GENE3912",1,"PlasmaCells",45,43,7.440968,7.55972441860465,0.118756418604652,1.0857985170588,1.11154282611839,-6.44554643323497,0.269116459814195,0.999330380285523
"PROBE3913_at","GENE3913",2,"Microenvironment",45,43,7.25595888888889,7.18657906976744,-0.0693798191214459,0.953047602887143,-0.529866664295072,-6.92065277469867,0.597430232403871,0.999330380285523
"PROBE3914_at","GENE3914",1,"PlasmaCells",45,43,8.67705733333333,8.66057627906977,-0.0164810542635649,0.988641207499951,-0.142250089585803,-7.05111891547537,0.887181194964896,0.999330380285523
"PROBE3915_at","GENE3915",2,"Microenvironment",45,43,10.2177731111111,10.0051920930233,-0.212581018087857,0.862991934932069,-1.88546675088212,-5.31068985047791,0.0623969154728237,0.622413121923429
"PROBE3916_at","GENE3916",2,"Microenvironment",45,43,11.8146044444444,11.9069423255814,0.0923378811369542,1.06609638805363,0.831086504249724,-6.71607789831669,0.407991278878821,0.999330380285523
"PROBE3917_at","GENE3917",2,"Microenvironment",45,43,5.93483755555556,5.96897325581395,0.0341357002583988,1.0239432082547,0.307675729993415,-7.01380948394518,0.758996969494081,0.999330380285523
"PROBE3918_at","GENE3918",2,"Microenvironment",45,43,9.16187311111111,9.16120697674419,-0.000666134366923643,0.999538377422196,-0.00550438291097167,-7.06125208184534,0.995619605630628,0.999330380285523
"PROBE3919_at","GENE3919",1,"PlasmaCells",45,43,9.35946244444444,9.5378776744186,0.178415229974162,1.13164011952997,1.49476420533877,-5.95354633594249,0.138262641458539,0.938965307018943
"PROBE3920_at","GENE3920",1,"PlasmaCells",45,43,7.70904955555556,7.7648111627907,0.055761607235139,1.03940766793811,0.489011247305743,-6.94147483132735,0.625951385094607,0.999330380285523
"PROBE3921_at","GENE3921",0,"Other",45,43,8.504304,8.34779372093023,-0.156510279069769,0.897192658843758,-1.47251426720418,-5.98591213254245,0.144159771353063,0.950935725171886
"PROBE3922_at","GENE3922",0,"Other",45,43,7.68921577777778,7.73040651162791,0.0411907338501267,1.02896273459756,0.381155039440662,-6.98845426999599,0.703932163487402,0.999330380285523
"PROBE3923_at","GENE3923",0,"Other",45,43,10.3953911111111,10.4627646511628,0.0673735400516833,1.04780738841925,0.552663421680329,-6.90831280935147,0.581781104582156,0.999330380285523
"PROBE3924_at","GENE3924",0,"Other",45,43,9.75699111111111,9.79352534883721,0.036534237726098,1.02564697016026,0.328350225599144,-7.00722100958694,0.743363455439919,0.999330380285523
"PROBE3925_at","GENE3925",0,"Other",45,43,9.05499288888889,9.00596837209302,-0.0490245167958641,0.966589670944184,-0.424745638707493,-6.97086415946068,0.671974508645119,0.999330380285523
"PROBE3926_at","GENE3926",1,"PlasmaCells",45,43,7.68833066666667,7.6849,-0.00343066666666658,0.997624868172368,-0.0300949272283517,-7.06081300080445,0.976053951902196,0.999330380285523
"PROBE3927_at","GENE3927",1,"PlasmaCells",45,43,8.56629066666667,8.62566418604651,0.0593735193798484,1.04201317536771,0.516507691331599,-6.92764393139369,0.606690086596209,0.999330380285523
"PROBE3928_at","GENE3928",2,"Microenvironment",45,43,9.247828,9.22193488372093,-0.0258931162790663,0.982212360900013,-0.209521391466914,-7.03925354862278,0.834486134948154,0.999330380285523
"PROBE3929_at","GENE3929",2,"Microenvironment",45,43,8.40394622222222,8.46283581395349,0.0588895917312673,1.04166370828816,0.539336809893318,-6.91558927222763,0.590905730152042,0.999330380285523
"PROBE3930_at","GENE3930",0,"Other",45,43,7.67442777777778,7.62956069767442,-0.0448670801033577,0.969379124677816,-0.424045049358462,-6.97116186001181,0.672483591512732,0.999330380285523
"PROBE3931_at","GENE3931",0,"Other",45,43,8.28082844444445,8.44929232558139,0.168463881136951,1.12386120891723,1.43413059959192,-6.04065584185178,0.154791006574318,0.955931748574201
"PROBE3932_at","GENE3932",2,"Microenvironment",45,43,10.5588542222222,10.5398093023256,-0.0190449198966398,0.986885817632248,-0.175608507778899,-7.04580199789457,0.860972156433733,0.999330380285523
"PROBE3933_at","GENE3933",2,"Microenvironment",45,43,7.75078866666667,7.72677046511628,-0.0240182015503816,0.983489665894856,-0.214062167993438,-7.03828927221508,0.830953515225162,0.999330380285523
"PROBE3934_at","GENE3934",0,"Other",45,43,8.38338,8.43458744186047,0.0512074418604662,1.03613173589095,0.447587414991069,-6.960889893389,0.655461399995834,0.999330380285523
"PROBE3935_at","GENE3935",2,"Microenvironment",45,43,8.50412155555555,8.50874162790698,0.00462007235142003,1.00320752325359,0.0422689422897514,-7.06037113889203,0.966372272912388,0.999330380285523
"PROBE3936_at","GENE3936",0,"Other",45,43,7.79276111111111,7.65340069767442,-0.139360413436692,0.907921572821995,-1.30282548456454,-6.21742197233038,0.195757211586648,0.999330380285523
"PROBE3937_at","GENE3937",1,"PlasmaCells",45,43,6.94641088888889,6.86616,-0.0802508888888847,0.945893138837316,-0.712147279018814,-6.80756668896995,0.478104281207817,0.999330380285523
"PROBE3938_at","GENE3938",0,"Other",45,43,8.50353022222222,8.57415441860465,0.070624196382429,1.05017095226898,0.634183809383413,-6.85996401051973,0.527472267352389,0.999330380285523
"PROBE3939_at","GENE3939",2,"Microenvironment",45,43,9.84280044444444,9.62482604651163,-0.217974397932812,0.859771743617581,-1.89024872239661,-5.30196086297717,0.0617473589322051,0.619021142177495
"PROBE3940_at","GENE3940",2,"Microenvironment",45,43,7.81621622222222,7.95246790697674,0.136251684754527,1.09904593444814,1.35867361162894,-6.14423120866209,0.177440452726185,0.999330380285523
"PROBE3941_at","GENE3941",2,"Microenvironment",45,43,10.9698342222222,10.9146044186047,-0.0552298036175642,0.962441125829491,-0.493107311961319,-6.93946218174429,0.623065157592101,0.999330380285523
"PROBE3942_at","GENE3942",0,"Other",45,43,8.50568155555556,8.50300627906977,-0.00267527648578891,0.99814735791056,-0.0244560608680097,-7.06096728736168,0.980539698933509,0.999330380285523
"PROBE3943_at","GENE3943",2,"Microenvironment",45,43,9.58356333333333,9.46889651162791,-0.114666821705427,0.923595582739239,-0.96198847500307,-6.59934109032235,0.338477168084144,0.999330380285523
"PROBE3944_at","GENE3944",2,"Microenvironment",45,43,8.32080133333333,8.32225976744186,0.00145843410852819,1.00101142063158,0.0123522460126512,-7.06119074926681,0.990170270571489,0.999330380285523
"PROBE3945_at","GENE3945",0,"Other",45,43,9.85285422222222,9.74074581395349,-0.112108408268734,0.925234900605144,-1.01467155257932,-6.54764000780954,0.312818127413096,0.999330380285523
"PROBE3946_at","GENE3946",2,"Microenvironment",45,43,8.84169155555556,8.74734046511628,-0.094351090439277,0.936693467895035,-0.815068253879913,-6.72921018004854,0.417054868489704,0.999330380285523
"PROBE3947_at","GENE3947",1,"PlasmaCells",45,43,8.206978,8.13401697674419,-0.0729610232558162,0.950684785172773,-0.703909723447509,-6.81338682531146,0.483196396373358,0.999330380285523
"PROBE3948_at","GENE3948",2,"Microenvironment",45,43,11.0489188888889,10.9545576744186,-0.0943612144702808,0.936686894724568,-0.84233583727608,-6.70670477468207,0.401697912941841,0.999330380285523
"PROBE3949_at","GENE3949",0,"Other",45,43,7.81377,7.92252418604651,0.108754186046514,1.07829669019164,1.09065236937125,-6.46833091407155,0.278161384744634,0.999330380285523
"PROBE3950_at","GENE3950",0,"Other",45,43,9.46255266666667,9.39346139534884,-0.0690912713178271,0.953238237281393,-0.560463180853067,-6.90397219982551,0.576471885473801,0.999330380285523
"PROBE3951_at","GENE3951",1,"PlasmaCells",45,43,8.24409844444444,8.11612,-0.127978444444446,0.91511284088465,-1.19863612632316,-6.34602676673073,0.233626031291368,0.999330380285523
"PROBE3952_at","GENE3952",0,"Other",45,43,10.1317877777778,10.0786437209302,-0.0531440568475432,0.963833561650616,-0.506979277023848,-6.93252197696002,0.613334309693075,0.999330380285523
"PROBE3953_at","GENE3953",0,"Other",45,43,9.69422266666667,9.69118139534884,-0.00304127131783005,0.997894171734768,-0.0278325750622572,-7.06087873302057,0.977853580314573,0.999330380285523
"PROBE3954_at","GENE3954",2,"Microenvironment",45,43,7.94949488888889,7.92526837209302,-0.0242265167958671,0.983347667000596,-0.201548903198562,-7.04089661144012,0.840696720382144,0.999330380285523
"PROBE3955_at","GENE3955",0,"Other",45,43,9.99677288888889,9.86274674418605,-0.134026144702839,0.911284766069185,-1.12863136093754,-6.42659543834493,0.261871692895939,0.999330380285523
"PROBE3956_at","GENE3956",0,"Other",45,43,7.54376111111111,7.6017876744186,0.0580265633074957,1.04104076544348,0.590790715639498,-6.88652065037659,0.556051858824059,0.999330380285523
"PROBE3957_at","GENE3957",1,"PlasmaCells",45,43,8.869644,8.94143581395349,0.0717918139534852,1.05102123202704,0.70447092031428,-6.81299244606952,0.482848540903939,0.999330380285523
"PROBE3958_at","GENE3958",0,"Other",45,43,8.51766133333333,8.39606186046512,-0.121599472868214,0.91916803139709,-1.04922027546534,-6.51227130746358,0.29671637222498,0.999330380285523
"PROBE3959_at","GENE3959",1,"PlasmaCells",45,43,5.60711466666667,5.66700604651163,0.0598913798449603,1.04238727680477,0.542420550440131,-6.91392121456687,0.588788379203665,0.999330380285523
"PROBE3960_at","GENE3960",1,"PlasmaCells",45,43,7.44865111111111,7.50580953488372,0.0571584237726048,1.04041450919795,0.526702999590597,-6.9223244551045,0.59961724382343,0.999330380285523
"PROBE3961_at","GENE3961",2,"Microenvironment",45,43,9.53828511111111,9.54391162790698,0.00562651679586779,1.0039076191662,0.0458603531609513,-7.0602123889378,0.963517013198783,0.999330380285523
"PROBE3962_at","GENE3962",1,"PlasmaCells",45,43,7.90863355555556,7.79235837209302,-0.116275183462534,0.922566503098499,-1.0595307980647,-6.50149186996059,0.29202210222648,0.999330380285523
"PROBE3963_at","GENE3963",0,"Other",45,43,8.06749266666667,8.07642813953488,0.00893547286821494,1.00621281781239,0.0815014626284232,-7.05793567959671,0.935213189134832,0.999330380285523
"PROBE3964_at","GENE3964",2,"Microenvironment",45,43,8.87703577777778,8.77046069767442,-0.10657508010336,0.92879037053653,-0.898315265699892,-6.65821738560551,0.371269633201163,0.999330380285523
"PROBE3965_at","GENE3965",0,"Other",45,43,8.379856,8.30514627906977,-0.0747097209302314,0.949533153611901,-0.65199153349239,-6.84852572031612,0.515967813318246,0.999330380285523
"PROBE3966_at","GENE3966",0,"Other",45,43,6.94216666666667,7.10252953488372,0.160362868217057,1.11756819468596,1.42061322981037,-6.0596050320138,0.158675709408327,0.965130934233923
"PROBE3967_at","GENE3967",0,"Other",45,43,9.743924,9.66195627906977,-0.0819677209302299,0.944768179142099,-0.752018727219163,-6.77844963982983,0.453883417510773,0.999330380285523
"PROBE3968_at","GENE3968",0,"Other",45,43,8.18022777777778,8.28526093023256,0.105033152454785,1.07551910509756,0.897010211760794,-6.65938270472711,0.37196205596311,0.999330380285523
"PROBE3969_at","GENE3969",0,"Other",45,43,7.90341666666667,7.98117395348837,0.077757286821706,1.055376150487,0.66382326294764,-6.84075237318369,0.508397812063738,0.999330380285523
"PROBE3970_at","GENE3970",1,"PlasmaCells",45,43,8.57674133333333,8.43068767441861,-0.146053658914729,0.903719113626136,-1.39202153348543,-6.09911900919663,0.167138988783477,0.989347380354554
"PROBE3971_at","GENE3971",1,"PlasmaCells",45,43,6.48664933333333,6.43325488372093,-0.0533944496124032,0.963666294139719,-0.479675478315757,-6.94599964445369,0.632551426158369,0.999330380285523
"PROBE3972_at","GENE3972",1,"PlasmaCells",45,43,7.05117511111111,7.10719930232558,0.0560241912144681,1.03959686706435,0.429361525755778,-6.9688904978163,0.668624205212667,0.999330380285523
"PROBE3973_at","GENE3973",2,"Microenvironment",45,43,6.867982,6.8323776744186,-0.035604325581394,0.975622999795148,-0.342656598055124,-7.00241173377577,0.732607481695571,0.999330380285523
"PROBE3974_at","GENE3974",2,"Microenvironment",45,43,9.66293844444444,9.53773441860465,-0.125204025839793,0.916874369721348,-1.24016756015987,-6.29600585635859,0.217942273327268,0.999330380285523
"PROBE3975_at","GENE3975",0,"Other",45,43,8.27128222222222,8.37460511627907,0.103322894056847,1.07424487479752,1.00776000952799,-6.55457652737935,0.316108215593518,0.999330380285523
"PROBE3976_at","GENE3976",1,"PlasmaCells",45,43,7.05884733333333,7.01943186046512,-0.0394154728682192,0.973049111377984,-0.329378666288605,-7.0068821110155,0.742588513076936,0.999330380285523
"PROBE3977_at","GENE3977",2,"Microenvironment",45,43,9.258224,9.14993232558139,-0.108291674418606,0.927685904189421,-1.07259609128474,-6.48768451831131,0.286146775776504,0.999330380285523
"PROBE3978_at","GENE3978",2,"Microenvironment",45,43,9.12301222222222,9.17877209302326,0.0557598708010332,1.03940641690322,0.451424370630206,-6.95916338913292,0.652703958793947,0.999330380285523
"PROBE3979_at","GENE3979",2,"Microenvironment",45,43,7.70901111111111,7.63513930232558,-0.0738718087855288,0.950084799269215,-0.725802248984027,-6.79777139718571,0.469729366142396,0.999330380285523
"PROBE3980_at","GENE3980",2,"Microenvironment",45,43,8.42125911111111,8.5151,0.0938408888888915,1.06720763197507,0.852673781054655,-6.69798157191321,0.395966903300368,0.999330380285523
"PROBE3981_at","GENE3981",2,"Microenvironment",45,43,7.94370288888889,8.03706209302326,0.0933592041343667,1.06685137384369,0.878637715299745,-6.67561116897935,0.381796108129067,0.999330380285523
"PROBE3982_at","GENE3982",1,"PlasmaCells",45,43,9.11224466666667,9.04871348837209,-0.0635311782945696,0.956919070330877,-0.548203945579512,-6.91076737545451,0.584827020298745,0.999330380285523
"PROBE3983_at","GENE3983",2,"Microenvironment",45,43,8.85057533333333,8.92053488372093,0.0699595503875994,1.04968725256762,0.706349230445266,-6.81167020724883,0.48168528419891,0.999330380285523
"PROBE3984_at","GENE3984",1,"PlasmaCells",45,43,8.71983933333333,8.77959627906977,0.0597569457364369,1.04229014894921,0.543298049393464,-6.91344483020861,0.588186523738715,0.999330380285523
"PROBE3985_at","GENE3985",0,"Other",45,43,7.87371466666667,7.81803697674419,-0.0556776899224758,0.96214238127013,-0.481374518099378,-6.94518262272105,0.631348032649747,0.999330380285523
"PROBE3986_at","GENE3986",1,"PlasmaCells",45,43,8.30599088888889,8.28712697674419,-0.018863912144699,0.987009645041947,-0.190948497431953,-7.04298264087446,0.848970017089845,0.999330380285523
"PROBE3987_at","GENE3987",0,"Other",45,43,7.66711511111111,7.69486953488372,0.0277544237726088,1.01942414137235,0.24037389853469,-7.03229518785961,0.810554022338829,0.999330380285523
"PROBE3988_at","GENE3988",1,"PlasmaCells",45,43,9.51720444444445,9.55697418604651,0.0397697416020719,1.02794974974074,0.341554085957793,-7.00278963323096,0.733434521621388,0.999330380285523
"PROBE3989_at","GENE3989",0,"Other",45,43,6.41909666666667,6.39386976744186,-0.0252268992248048,0.982666038024613,-0.258313109835428,-7.02781099427497,0.796719390072402,0.999330380285523
"PROBE3990_at","GENE3990",2,"Microenvironment",45,43,9.309508,9.34486930232558,0.0353613023255779,1.02481344075776,0.307148043338453,-7.01397205101927,0.759397336293646,0.999330380285523
"PROBE3991_at","GENE3991",1,"PlasmaCells",45,43,7.15489822222222,7.14069837209302,-0.0141998501292004,0.990205693640015,-0.12567580937572,-7.05334583347862,0.900251908319553,0.999330380285523
"PROBE3992_at","GENE3992",1,"PlasmaCells",45,43,7.606746,7.70424162790698,0.0974956279069765,1.06991458651498,0.848011614560885,-6.70192850400971,0.398545217581585,0.999330380285523
"PROBE3993_at","GENE3993",1,"PlasmaCells",45,43,8.90264111111111,8.7389623255814,-0.163678785529715,0.89274571820288,-1.71908510295267,-5.60154576495357,0.0888284562785917,0.755986861945461
"PROBE3994_at","GENE3994",2,"Microenvironment",45,43,11.0197848888889,11.0574662790698,0.0376813901808735,1.02646283304447,0.318168306676986,-7.01051916210388,0.751049789251395,0.999330380285523
"PROBE3995_at","GENE3995",1,"PlasmaCells",45,43,5.12072377777778,5.02625906976744,-0.0944647080103351,0.936619702724249,-0.841059023995875,-6.70777488266192,0.402409226972004,0.999330380285523
"PROBE3996_at","GENE3996",2,"Microenvironment",45,43,8.35736577777778,8.4214988372093,0.0641330594315228,1.0454565179728,0.595684800532857,-6.88361887755952,0.552790482169971,0.999330380285523
"PROBE3997_at","GENE3997",2,"Microenvironment",45,43,8.34453733333333,8.21710302325581,-0.127434310077515,0.915458054701622,-1.55276108207234,-5.86700777221192,0.123777573489301,0.89209061974271
"PROBE3998_at","GENE3998",2,"Microenvironment",45,43,8.272218,8.28415325581395,0.0119352558139543,1.00830720382475,0.108918590091348,-7.05531731883075,0.913494868239747,0.999330380285523
"PROBE3999_at","GENE3999",1,"PlasmaCells",45,43,7.75030777777778,7.6999888372093,-0.0503189405684736,0.965722810321122,-0.468464586664815,-6.9513185791932,0.640516528183269,0.999330380285523
"PROBE4000_at","GENE4000",2,"Microenvironment",45,43,8.24759488888889,8.22315395348837,-0.0244409354005164,0.983201529139897,-0.19699453275616,-7.04180665004907,0.844249136506495,0.999330380285523
"PROBE0001_at","GEP1Q01",1,"PlasmaCells",45,43,7.04198044444444,8.08889093023256,1.04691048578811,2.06610057703298,4.68120834645764,2.82906161082388,9.38231196371704e-06,0.000192457681307016
"PROBE0002_at","GEP1Q02",1,"PlasmaCells",45,43,7.58936688888889,8.58989441860465,1.00052752971577,2.0007314451907,5.64377690520456,6.71597894063751,1.68931154789358e-07,4.7253469871149e-06
"PROBE0003_at","GEP1Q03",1,"PlasmaCells",45,43,7.57938422222222,8.36586790697674,0.786483684754522,1.72486527958818,4.8003656828063,3.28727746834849,5.82843282465605e-06,0.000124009209035235
"PROBE0004_at","GEP1Q04",1,"PlasmaCells",45,43,7.49683333333333,8.58896372093023,1.0921303875969,2.13188613859813,4.14788967318712,0.870316858196388,7.25928766564383e-05,0.00131987048466252
"PROBE0005_at","GEP1Q05",1,"PlasmaCells",45,43,7.76097733333333,8.47549441860465,0.714517085271317,1.64093385428017,4.53891564137387,2.29136742642795,1.64215750434775e-05,0.000328431500869549
"PROBE0006_at","GEP1Q06",1,"PlasmaCells",45,43,6.54058822222222,7.17068418604651,0.63009596382429,1.5476679364307,2.65733400545315,-3.64477110934415,0.00922856279977437,0.13929906112867
"PROBE0007_at","GEP1Q07",1,"PlasmaCells",45,43,6.69845977777778,7.60933697674419,0.910877198966412,1.88018835809635,4.32765786650658,1.51298987535028,3.70156598990841e-05,0.000682316311503853
"PROBE0008_at","GEP1Q08",1,"PlasmaCells",45,43,5.73414311111111,6.44953581395349,0.715392702842376,1.64193009159461,3.97634106729593,0.274751090974374,0.000135823979283083,0.00237247125385297
"PROBE0009_at","GEP1Q09",1,"PlasmaCells",45,43,8.507362,9.49768511627907,0.99032311627907,1.98662988086019,5.30458279478563,5.30053779437619,7.25863604638781e-07,1.80338783761188e-05
"PROBE0010_at","GEP1Q10",1,"PlasmaCells",45,43,5.77438688888889,6.98728674418605,1.21289985529716,2.31803099206011,4.43944921732096,1.92185173766468,2.41442987423105e-05,0.000466556497435951
"PROBE0100_at","GEP1Q100",1,"PlasmaCells",45,43,6.39512777777778,6.69269488372093,0.297567105943151,1.22907001803593,2.41157215136742,-4.2299824615272,0.0177895943527801,0.243693073325755
"PROBE0101_at","GEP1Q101",1,"PlasmaCells",45,43,5.87655,6.18282511627907,0.306275116279072,1.23651103623856,2.20316993171076,-4.68673560653014,0.0299798089436187,0.375695508318868
"PROBE0102_at","GEP1Q102",1,"PlasmaCells",45,43,6.82382933333333,7.19513348837209,0.37130415503876,1.29352160881118,1.56923816978721,-5.84185056088424,0.119889536493834,0.882920735322926
"PROBE0103_at","GEP1Q103",1,"PlasmaCells",45,43,7.76330444444444,8.09233465116279,0.329030206718342,1.25616868215328,2.10265361934979,-4.89372551232186,0.0381177782460399,0.441945255026549
"PROBE0104_at","GEP1Q104",1,"PlasmaCells",45,43,6.61263777777778,6.70822348837209,0.0955857105943121,1.06849911317016,0.465329292727948,-6.95278369573674,0.642751688224395,0.999330380285523
"PROBE0105_at","GEP1Q105",1,"PlasmaCells",45,43,8.63159755555555,9.00278069767442,0.371183142118868,1.29341311307396,1.9785506318458,-5.13710166165492,0.0507382505510957,0.544442626694673
"PROBE0106_at","GEP1Q106",1,"PlasmaCells",45,43,8.21735622222222,8.42720418604651,0.209847963824288,1.15656629454057,1.89719588609928,-5.28924301053968,0.0608138301697694,0.61119427306301
"PROBE0107_at","GEP1Q107",1,"PlasmaCells",45,43,6.03794555555556,6.49075720930233,0.452811653746771,1.36870511468293,2.56570834600588,-3.86873664900905,0.0118471810038764,0.175513792650021
"PROBE0108_at","GEP1Q108",1,"PlasmaCells",45,43,6.90667155555556,7.26441441860465,0.357742863049101,1.28141951159726,2.12001118535905,-4.85860870915906,0.0365891564833972,0.429198316520788
"PROBE0109_at","GEP1Q109",1,"PlasmaCells",45,43,7.54048355555556,7.21666720930233,-0.323816346253227,0.798953616033586,-1.72014533539123,-5.59977198143419,0.0886347265165525,0.755986861945461
"PROBE0011_at","GEP1Q11",1,"PlasmaCells",45,43,8.30040311111111,8.75804465116279,0.45764154005168,1.37329497460988,2.31422297960183,-4.44793022488081,0.0227920551336204,0.300885216285418
"PROBE0110_at","GEP1Q110",1,"PlasmaCells",45,43,7.85932711111111,7.9506323255814,0.0913052144702888,1.06533355997725,0.757604430565295,-6.7742453777771,0.450547266362821,0.999330380285523
"PROBE0111_at","GEP1Q111",1,"PlasmaCells",45,43,7.85795022222222,7.85619860465116,-0.00175161757105879,0.998786607975347,-0.0142031118773805,-7.06116609662909,0.988697473230373,0.999330380285523
"PROBE0112_at","GEP1Q112",1,"PlasmaCells",45,43,7.89395266666667,8.18315046511628,0.289197798449612,1.22196062519162,1.9375094179959,-5.21459042125347,0.0556281403273767,0.58053851379509
"PROBE0113_at","GEP1Q113",1,"PlasmaCells",45,43,7.40716222222222,7.52991465116279,0.122752428940571,1.08881015601656,0.674710982196835,-6.83347687114006,0.501484406030868,0.999330380285523
"PROBE0114_at","GEP1Q114",1,"PlasmaCells",45,43,7.72030977777778,7.98043744186046,0.260127664082687,1.19758467419683,2.1319510850483,-4.83430016392835,0.0355687037794705,0.419059233292565
"PROBE0115_at","GEP1Q115",1,"PlasmaCells",45,43,4.90730666666667,5.34380372093023,0.436497054263565,1.3533144105364,2.55468776045902,-3.89521495543935,0.0122035604059009,0.178154166509502
"PROBE0116_at","GEP1Q116",1,"PlasmaCells",45,43,8.88816244444445,9.05369209302326,0.165529648578811,1.12157776103843,1.10491724539868,-6.45281834562314,0.271962659169155,0.999330380285523
"PROBE0117_at","GEP1Q117",1,"PlasmaCells",45,43,8.48572,8.50771813953488,0.0219981395348849,1.01536479147837,0.141943693623667,-7.05116258138653,0.887422552016988,0.999330380285523
"PROBE0118_at","GEP1Q118",1,"PlasmaCells",45,43,9.00790155555556,9.16298418604651,0.155082630490956,1.11348539138041,0.733992276650653,-6.79180807389334,0.464746001129494,0.999330380285523
"PROBE0119_at","GEP1Q119",1,"PlasmaCells",45,43,5.89320355555556,6.29251813953488,0.39931458397933,1.31888116913351,2.07589212993181,-4.94735197482118,0.0405825781849039,0.465129835930131
"PROBE0012_at","GEP1Q12",1,"PlasmaCells",45,43,6.25620933333333,7.31659581395349,1.06038648062015,2.08549012453621,4.48039752165795,2.07332944939265,2.06137459788205e-05,0.000406182186774788
"PROBE0120_at","GEP1Q120",1,"PlasmaCells",45,43,8.03412222222222,8.30550953488372,0.271387312661497,1.206967904481,1.16341546372461,-6.38715117561868,0.247550444848443,0.999330380285523
"PROBE0013_at","GEP1Q13",1,"PlasmaCells",45,43,7.53977911111111,7.99100209302326,0.451222981912142,1.36719874887176,2.0098691596783,-5.07696426562775,0.0472572637574143,0.521054112238133
"PROBE0014_at","GEP1Q14",1,"PlasmaCells",45,43,7.29844333333333,7.91405581395349,0.61561248062016,1.53220834156281,2.28806120342635,-4.50513597177256,0.0243324926958995,0.318071799946399
"PROBE0015_at","GEP1Q15",1,"PlasmaCells",45,43,5.66323777777778,6.54559860465116,0.882360826873385,1.84338935772564,4.42910300016763,1.88372273386072,2.51249058933528e-05,0.000483171267179862
"PROBE0016_at","GEP1Q16",1,"PlasmaCells",45,43,6.96038066666667,7.85373069767442,0.893350031007752,1.85748431837578,5.37500575222536,5.59062152375077,5.3817766064351e-07,1.37994271959874e-05
"PROBE0017_at","GEP1Q17",1,"PlasmaCells",45,43,5.54913577777778,6.10049162790698,0.551355850129201,1.46546229585699,2.68851944213296,-3.56699701298163,0.00846482426831141,0.129233958294831
"PROBE0018_at","GEP1Q18",1,"PlasmaCells",45,43,6.84135044444444,7.33848930232558,0.497138857881136,1.41141168376224,3.35299943897692,-1.73152347442598,0.0011459157255919,0.0194223004337609
"PROBE0019_at","GEP1Q19",1,"PlasmaCells",45,43,5.81826133333333,6.77817441860465,0.959913085271317,1.94519270374534,5.21089253334313,4.91784309926321,1.07749132275605e-06,2.5963646331471e-05
"PROBE0020_at","GEP1Q20",1,"PlasmaCells",45,43,7.11136777777778,7.43878860465116,0.327420826873388,1.25476816069405,1.17741452942857,-6.37094818584711,0.241946844630984,0.999330380285523
"PROBE0021_at","GEP1Q21",1,"PlasmaCells",45,43,4.59211177777778,5.66025186046512,1.06814008268734,2.09672852912871,5.69450308633974,6.93147143163753,1.35359537997603e-07,3.89523850352814e-06
"PROBE0022_at","GEP1Q22",1,"PlasmaCells",45,43,7.30644022222222,8.12354139534884,0.817101173126617,1.76186229956755,5.56952183110843,6.40226629962309,2.33272738067362e-07,6.47979827964895e-06
"PROBE0023_at","GEP1Q23",1,"PlasmaCells",45,43,7.04716066666667,7.54300813953488,0.495847472868219,1.41014886637501,2.00919608150562,-5.07826582821832,0.0473298736492042,0.521054112238133
"PROBE0024_at","GEP1Q24",1,"PlasmaCells",45,43,7.030316,7.98339465116279,0.953078651162795,1.93599959547474,3.29587924515575,-1.90216953294765,0.00137665205026441,0.0229442008377401
"PROBE0025_at","GEP1Q25",1,"PlasmaCells",45,43,6.41359422222222,7.03557697674419,0.621982754521961,1.53898882351026,3.05122171283386,-2.60633772533435,0.00294855996707164,0.0481397545644349
"PROBE0026_at","GEP1Q26",1,"PlasmaCells",45,43,7.79902044444444,8.44108046511628,0.642060020671835,1.56055588305215,2.88509794909199,-3.05899188743141,0.00483378398721018,0.0773405437953628
"PROBE0027_at","GEP1Q27",1,"PlasmaCells",45,43,7.33299622222222,8.28123790697674,0.94824168475452,1.92951958120846,5.84986195492996,7.5972425616655,6.8307071041887e-08,2.03901704602648e-06
"PROBE0028_at","GEP1Q28",1,"PlasmaCells",45,43,6.40783222222222,7.60609,1.19825777777778,2.29462401051665,4.74043737940685,3.05593734604515,7.41127537014035e-06,0.000153601562075448
"PROBE0029_at","GEP1Q29",1,"PlasmaCells",45,43,5.40481911111111,6.2064476744186,0.801628563307492,1.74306765058528,4.06523177867988,0.581144322723089,9.83717493327373e-05,0.00175663838094174
"PROBE0030_at","GEP1Q30",1,"PlasmaCells",45,43,7.01143044444444,7.74125418604651,0.72982374160207,1.65843646307407,4.31187977217266,1.45584391866417,3.92964415518504e-05,0.000717743224691331
"PROBE0031_at","GEP1Q31",1,"PlasmaCells",45,43,8.29933822222222,8.79521,0.495871777777779,1.41017262318321,2.20212884123089,-4.68892431423281,0.0300556406655094,0.375695508318868
"PROBE0032_at","GEP1Q32",1,"PlasmaCells",45,43,8.97755333333333,10.0842339534884,1.10668062015504,2.15349596462209,5.73514121602057,7.10478841516766,1.13273928845528e-07,3.30726799548986e-06
"PROBE0033_at","GEP1Q33",1,"PlasmaCells",45,43,6.15859866666667,7.05325488372093,0.894656217054264,1.85916680752671,3.41727876319384,-1.53673204751127,0.000929851311736251,0.0158948942177137
"PROBE0034_at","GEP1Q34",1,"PlasmaCells",45,43,7.54235444444444,8.06924604651163,0.526891602067183,1.44082148760879,2.82431253142347,-3.21931757679512,0.0057647681002683,0.0904277349061694
"PROBE0035_at","GEP1Q35",1,"PlasmaCells",45,43,8.261194,9.03209744186046,0.770903441860467,1.70633798890331,4.12770343566636,0.799322465888478,7.82120020503255e-05,0.00141560184706472
"PROBE0036_at","GEP1Q36",1,"PlasmaCells",45,43,7.07369333333333,7.96452093023256,0.890827596899227,1.85423949666986,4.82033546737379,3.36476005494969,5.37804888998119e-06,0.000115038478930079
"PROBE0037_at","GEP1Q37",1,"PlasmaCells",45,43,7.56048866666667,7.87360418604651,0.313115519379846,1.24238775819039,1.72026045985682,-5.59957931476225,0.0886137113621896,0.755986861945461
"PROBE0038_at","GEP1Q38",1,"PlasmaCells",45,43,4.09723266666667,4.44641395348837,0.349181286821706,1.27383753371914,1.58112804359628,-5.82354050690877,0.117144752349396,0.870964701482497
"PROBE0039_at","GEP1Q39",1,"PlasmaCells",45,43,8.50280066666667,8.48793860465116,-0.0148620620155011,0.989751283323099,-0.0898063885663522,-7.05722214250507,0.928628555535272,0.999330380285523
"PROBE0040_at","GEP1Q40",1,"PlasmaCells",45,43,7.05216244444444,7.64181302325581,0.589650578811369,1.50488222032569,1.91948434036025,-5.24814880260389,0.0578986218439987,0.592313266946279
"PROBE0041_at","GEP1Q41",0,"Other",45,43,7.28691666666667,7.11279465116279,-0.174122015503873,0.886306736896363,-0.644577285566826,-6.85332620377168,0.520741581907411,0.999330380285523
"PROBE0042_at","GEP1Q42",1,"PlasmaCells",45,43,9.45352311111111,9.71880581395349,0.265282702842379,1.20187153880403,1.92742944190171,-5.23339267292606,0.0568883721435661,0.585271792869414
"PROBE0043_at","GEP1Q43",1,"PlasmaCells",45,43,6.90759022222222,7.21753651162791,0.309946289405685,1.23966154728995,2.51271858581229,-3.9951399059866,0.0136507284829586,0.195709368931307
"PROBE0044_at","GEP1Q44",1,"PlasmaCells",45,43,8.35951866666667,8.53669906976744,0.177180403100776,1.13067194417672,1.19295033407835,-6.35274620899223,0.235834909992071,0.999330380285523
"PROBE0045_at","GEP1Q45",1,"PlasmaCells",45,43,7.92706488888889,8.07757139534884,0.15050650645995,1.10995909201951,0.771221964870642,-6.76386690065729,0.442473358613732,0.999330380285523
"PROBE0046_at","GEP1Q46",1,"PlasmaCells",45,43,8.56580422222222,8.59903790697674,0.0332336847545207,1.02330320884527,0.1996410886364,-7.04128035372706,0.842184422182328,0.999330380285523
"PROBE0047_at","GEP1Q47",1,"PlasmaCells",45,43,6.37169133333333,6.76788488372093,0.396193550387594,1.31603107047413,1.81276846376,-5.44085919707293,0.0729993398288357,0.691936870415504
"PROBE0048_at","GEP1Q48",1,"PlasmaCells",45,43,6.66563688888889,6.84454395348837,0.178907064599485,1.1320259770134,0.935045860965121,-6.62473692042377,0.352115564411587,0.999330380285523
"PROBE0049_at","GEP1Q49",1,"PlasmaCells",45,43,7.33522266666667,7.84450651162791,0.509283844961237,1.42334347129907,3.31461393588148,-1.84645573635928,0.00129656203546393,0.0218829035521339
"PROBE0050_at","GEP1Q50",1,"PlasmaCells",45,43,6.71029666666667,7.33689,0.626593333333334,1.54391500630528,3.86848277184964,-0.0904923077974962,0.000199704265704697,0.00344317699490856
"PROBE0051_at","GEP1Q51",1,"PlasmaCells",45,43,6.75976311111111,7.05120465116279,0.291441540051681,1.2238625496965,2.14140490651208,-4.81496505688399,0.034778307783454,0.414717636661343
"PROBE0052_at","GEP1Q52",1,"PlasmaCells",45,43,6.84972266666667,7.29551906976744,0.445796403100775,1.36206580278651,2.54577575831505,-3.91655448103651,0.0124987774995329,0.181800399993206
"PROBE0053_at","GEP1Q53",1,"PlasmaCells",45,43,7.63190533333333,7.85196837209302,0.220063038759691,1.16478448077579,0.959985891515355,-6.60125305038933,0.33947887328234,0.999330380285523
"PROBE0054_at","GEP1Q54",1,"PlasmaCells",45,43,9.172732,9.47511790697674,0.302385906976744,1.23318214565264,2.01823561524191,-5.06075225057475,0.0463626264241998,0.513946808774575
"PROBE0055_at","GEP1Q55",1,"PlasmaCells",45,43,6.18632755555556,6.70581906976744,0.519491514211888,1.43344993167169,2.4576258013747,-4.12410783307185,0.0157834410527989,0.221521979688406
"PROBE0056_at","GEP1Q56",1,"PlasmaCells",45,43,9.68378888888889,9.89485325581395,0.211064366925068,1.15754186043937,0.86556422336672,-6.68695778305712,0.388891546255307,0.999330380285523
"PROBE0057_at","GEP1Q57",1,"PlasmaCells",45,43,5.31206266666667,5.80648697674419,0.494424310077517,1.40875849501165,3.29756365685885,-1.89717063703257,0.00136926593485674,0.0229165846837949
"PROBE0058_at","GEP1Q58",1,"PlasmaCells",45,43,8.98799888888889,9.33778255813954,0.349783669250646,1.27436952249368,2.61483142422022,-3.74950855235017,0.0103700319599336,0.155356284043949
"PROBE0059_at","GEP1Q59",1,"PlasmaCells",45,43,7.28675888888889,7.72240488372093,0.43564599483204,1.35251631300874,1.92024530731496,-5.24673793006873,0.0578012106608022,0.592313266946279
"PROBE0060_at","GEP1Q60",1,"PlasmaCells",45,43,7.15764822222222,7.70140418604651,0.543755963824289,1.4577627730325,2.85859467503977,-3.129249418005,0.00522127676591982,0.083207597863264
"PROBE0061_at","GEP1Q61",1,"PlasmaCells",45,43,9.40904844444444,10.0216234883721,0.612575043927649,1.52898583790631,4.44012971585421,1.92436163066233,2.40811143217729e-05,0.000466556497435951
"PROBE0062_at","GEP1Q62",1,"PlasmaCells",45,43,6.86752555555556,6.88329930232558,0.0157737467700292,1.01099351755164,0.0518821594507764,-7.05991717528983,0.958730614537933,0.999330380285523
"PROBE0063_at","GEP1Q63",1,"PlasmaCells",45,43,6.49251444444444,6.44331488372093,-0.0491995607235154,0.966472400569161,-0.380960604927587,-6.98852848109186,0.704075958647234,0.999330380285523
"PROBE0064_at","GEP1Q64",1,"PlasmaCells",45,43,6.36233288888889,6.39340581395349,0.0310729250645965,1.02177172972499,0.203335532903574,-7.04053393808894,0.839304041458329,0.999330380285523
"PROBE0065_at","GEP1Q65",1,"PlasmaCells",45,43,7.32939022222222,7.29119,-0.0382002222222182,0.973869102231853,-0.194521705067617,-7.04229205677544,0.84617929960688,0.999330380285523
"PROBE0066_at","GEP1Q66",1,"PlasmaCells",45,43,7.86810533333333,7.78600162790698,-0.0821037054263511,0.944679132069401,-0.544566225272991,-6.9127549995319,0.587317223017887,0.999330380285523
"PROBE0067_at","GEP1Q67",1,"PlasmaCells",45,43,7.13552555555556,7.0056711627907,-0.12985439276486,0.913923685374057,-0.597299284892456,-6.88265641458295,0.551716697578382,0.999330380285523
"PROBE0068_at","GEP1Q68",1,"PlasmaCells",45,43,7.71827733333333,7.89276534883721,0.174488015503879,1.12856382831213,1.01170323845146,-6.55062473339324,0.31422831166478,0.999330380285523
"PROBE0069_at","GEP1Q69",1,"PlasmaCells",45,43,8.09174377777778,8.52387162790698,0.432127850129199,1.34922209569625,2.80092900765146,-3.28022523555652,0.00616469244596156,0.095948520559713
"PROBE0070_at","GEP1Q70",1,"PlasmaCells",45,43,8.06372866666667,8.24949465116279,0.185765984496125,1.13742071509395,1.18783772687204,-6.35876178603589,0.237833891071949,0.999330380285523
"PROBE0071_at","GEP1Q71",1,"PlasmaCells",45,43,6.441792,6.90327697674419,0.461484976744187,1.37695840249725,2.49430771869306,-4.0385174365254,0.0143328002499586,0.204754289285123
"PROBE0072_at","GEP1Q72",1,"PlasmaCells",45,43,8.48777466666667,8.70485348837209,0.217078821705433,1.16237761233401,1.80537173492148,-5.45383598171038,0.074157472338433,0.692986898379596
"PROBE0073_at","GEP1Q73",1,"PlasmaCells",45,43,6.73093355555556,7.02450279069767,0.29356923514212,1.22566884098517,2.1427159756,-4.81227750347383,0.0346699063935684,0.414717636661343
"PROBE0074_at","GEP1Q74",1,"PlasmaCells",45,43,7.87397977777778,8.17811093023256,0.304131152454782,1.23467484355606,2.09561857272857,-4.90788350041218,0.0387528640434546,0.446718893872675
"PROBE0075_at","GEP1Q75",1,"PlasmaCells",45,43,6.416934,6.73934511627907,0.322411116279068,1.25041857621154,2.65357922819614,-3.65408253797436,0.00932461279204073,0.140219741233695
"PROBE0076_at","GEP1Q76",1,"PlasmaCells",45,43,7.67290244444444,8.06823697674419,0.395334532299742,1.3152477046445,2.94166799133183,-2.9072154896251,0.00409356815399281,0.0660252928063357
"PROBE0077_at","GEP1Q77",1,"PlasmaCells",45,43,6.01571711111111,6.05304488372093,0.03732777260982,1.02621126857458,0.275550542269532,-7.02319872684865,0.783486754802939,0.999330380285523
"PROBE0078_at","GEP1Q78",1,"PlasmaCells",45,43,6.34817066666667,7.0482911627907,0.700120496124033,1.62464047953484,4.04015469060029,0.494221871619497,0.000107792549337598,0.00190783273163891
"PROBE0079_at","GEP1Q79",1,"PlasmaCells",45,43,7.21617466666667,7.48849046511628,0.272315798449611,1.20774493164537,1.55285782116636,-5.86686080741886,0.123754458032703,0.89209061974271
"PROBE0080_at","GEP1Q80",1,"PlasmaCells",45,43,7.89857422222222,8.49055069767442,0.591976475452194,1.50731033119495,4.04138390687251,0.498473749098011,0.000107311277079865,0.00190775603697538
"PROBE0081_at","GEP1Q81",1,"PlasmaCells",45,43,6.67529866666667,7.35029488372093,0.674996217054264,1.59659258622145,4.65886224776221,2.74392749070693,1.02509712879488e-05,0.000209203495672424
"PROBE0082_at","GEP1Q82",1,"PlasmaCells",45,43,8.48494222222222,9.03964046511628,0.554698242894055,1.46886137103545,2.68188914962555,-3.58359775231612,0.00862222435720491,0.13113649212479
"PROBE0083_at","GEP1Q83",1,"PlasmaCells",45,43,7.09408466666667,7.16240930232558,0.0683246356589127,1.04849838238585,0.266793771790634,-7.02557896520546,0.790201371101732,0.999330380285523
"PROBE0084_at","GEP1Q84",1,"PlasmaCells",45,43,7.20223177777778,7.48797348837209,0.285741710594317,1.2190368272383,1.84294270943296,-5.38740918676843,0.0684295127323829,0.662755571257945
"PROBE0085_at","GEP1Q85",1,"PlasmaCells",45,43,7.09288755555556,7.60073651162791,0.507848956072354,1.42192853302985,2.16820068332571,-4.75974022860312,0.0326202702126741,0.396599029941326
"PROBE0086_at","GEP1Q86",1,"PlasmaCells",45,43,6.04859222222222,6.29935162790698,0.250759405684753,1.18983325451521,1.27607961590825,-6.2514237369948,0.205012397963761,0.999330380285523
"PROBE0087_at","GEP1Q87",1,"PlasmaCells",45,43,6.73515466666667,7.21177697674419,0.476622310077524,1.39148206150765,2.80645565349775,-3.26586852606087,0.00606794528271011,0.0948116450423455
"PROBE0088_at","GEP1Q88",1,"PlasmaCells",45,43,7.88740088888889,8.31482558139535,0.427424692506458,1.34483081967305,2.85136334391822,-3.14832423843958,0.00533184519076892,0.0842979476801411
"PROBE0089_at","GEP1Q89",1,"PlasmaCells",45,43,8.44585866666667,8.94497348837209,0.499114821705428,1.41334612528048,1.80405902211523,-5.45613382286017,0.0743645938866712,0.692986898379596
"PROBE0090_at","GEP1Q90",1,"PlasmaCells",45,43,7.01874288888889,7.17126139534884,0.152518506459948,1.11150813433557,0.491686981061171,-6.94016196980609,0.6240653084965,0.999330380285523
"PROBE0091_at","GEP1Q91",1,"PlasmaCells",45,43,6.71907511111111,7.07888,0.359804888888888,1.2832523378613,1.88032663534743,-5.32004971087669,0.0631015123438882,0.627875744715305
"PROBE0092_at","GEP1Q92",1,"PlasmaCells",45,43,7.288036,7.83018139534884,0.54214539534884,1.45613629156772,2.92723907987636,-2.94616185541462,0.00427173686767709,0.0686222789988288
"PROBE0093_at","GEP1Q93",1,"PlasmaCells",45,43,5.80209977777778,6.12464511627907,0.322545338501293,1.25053491525949,2.18017813612242,-4.73485409231131,0.0316939398444423,0.390079259623905
"PROBE0094_at","GEP1Q94",1,"PlasmaCells",45,43,7.58226644444444,7.77018139534884,0.187914950904394,1.1391162225862,1.21734035698082,-6.32370356489647,0.226464809565801,0.999330380285523
"PROBE0095_at","GEP1Q95",1,"PlasmaCells",45,43,6.85153822222222,7.06350348837209,0.211965266149869,1.15826491985464,1.24834568763485,-6.28596158985766,0.21494665887671,0.999330380285523
"PROBE0096_at","GEP1Q96",1,"PlasmaCells",45,43,6.85603933333333,6.89212976744186,0.0360904341085257,1.02533150790554,0.162971961226771,-7.04794733915438,0.870883786363837,0.999330380285523
"PROBE0097_at","GEP1Q97",1,"PlasmaCells",45,43,6.54288911111111,6.65783488372093,0.114945772609818,1.08293433989861,0.838378933242677,-6.71001588727908,0.403904801338729,0.999330380285523
"PROBE0098_at","GEP1Q98",1,"PlasmaCells",45,43,10.1559844444444,10.035426744186,-0.120557700258397,0.919832003937619,-0.716742702817185,-6.80429074080247,0.475276578735676,0.999330380285523
"PROBE0099_at","GEP1Q99",1,"PlasmaCells",45,43,6.66388133333333,6.7402188372093,0.0763375038759735,1.05433804613712,0.280856842746314,-7.02171904431539,0.779425848443736,0.999330380285523
"PROBE0121_at","IG01",1,"PlasmaCells",45,43,10.4071275555556,9.70092627906977,-0.706201276485785,0.612931911338364,-4.44908632383196,1.95741991369983,2.32642370881667e-05,0.000453936333427643
"PROBE0122_at","IG02",1,"PlasmaCells",45,43,10.5841255555556,9.91409395348837,-0.670031602067183,0.628492920045767,-5.1503247953908,4.67245568841368,1.38839346197882e-06,3.32549332210496e-05
"PROBE0123_at","IG03",1,"PlasmaCells",45,43,11.0456102222222,10.3059513953488,-0.739658826873388,0.598880960845312,-4.33850716590065,1.55236560133287,3.55219879990095e-05,0.00066087419533041
"PROBE0124_at","IG04",1,"PlasmaCells",45,43,10.4172017777778,9.55280534883721,-0.864396428940566,0.549276155968835,-4.9551103387998,3.89272114981625,3.1108988904738e-06,6.91310864549734e-05
"PROBE0125_at","IG05",1,"PlasmaCells",45,43,9.50168111111111,8.82922813953488,-0.672452971576227,0.627438963953422,-5.05901605758751,4.30558985862675,2.02889706739752e-06,4.61112969863072e-05
"PROBE0126_at","IG06",1,"PlasmaCells",45,43,11.2662228888889,10.4564146511628,-0.809808237726099,0.570457677832739,-4.87496719334954,3.57772268884823,4.3119788959758e-06,9.47687669445231e-05
"PROBE0127_at","IG07",1,"PlasmaCells",45,43,11.4323913333333,10.9989793023256,-0.433412031007752,0.740508380997179,-2.8274794151998,-3.21103579460943,0.00571247127912186,0.0899601776239664
"PROBE0128_at","IG08",1,"PlasmaCells",45,43,10.9054184444444,10.3151555813953,-0.590262863049091,0.664221872949531,-3.94403821950207,0.164604862394381,0.000152551217162699,0.0026530646463078
"PROBE0129_at","IG09",1,"PlasmaCells",45,43,11.3011735555556,10.6696495348837,-0.631524020671833,0.645494173943964,-4.47318226404838,2.04657261131804,2.11973211980741e-05,0.000415633748981845
"PROBE0130_at","IG10",1,"PlasmaCells",45,43,9.51548933333333,8.77882860465116,-0.736660728682175,0.600126803387786,-4.36872119204947,1.66236911511345,3.16622907743155e-05,0.000600233000460958
"PROBE0131_at","IG11",1,"PlasmaCells",45,43,10.2006397777778,9.34295720930232,-0.857682568475457,0.551838275855557,-4.86339967446108,3.53251028377382,4.51898202374414e-06,9.82387396466118e-05
"PROBE0132_at","IG12",1,"PlasmaCells",45,43,10.6502955555556,9.82322255813953,-0.827072997416025,0.563671684717685,-5.38201707596669,5.61961423770912,5.22329894976078e-07,1.35670102591189e-05
"PROBE0133_at","IG13",1,"PlasmaCells",45,43,11.4424868888889,10.617813255814,-0.824673633074926,0.564609914189064,-4.7731843227599,3.1821291663959,6.50078209946959e-06,0.000136858570515149
"PROBE0134_at","IG14",1,"PlasmaCells",45,43,10.9179597777778,10.2770013953488,-0.640958382428934,0.641286800380073,-4.35163903747808,1.60011368751886,3.37917271107234e-05,0.000631621067490157
"PROBE0135_at","IG15",1,"PlasmaCells",45,43,10.0824731111111,9.18515,-0.89732311111111,0.536881980346849,-5.43534375986807,5.84078041605581,4.15865539907979e-07,1.10897477308794e-05
"PROBE0136_at","IG16",1,"PlasmaCells",45,43,10.0347766666667,9.13486302325581,-0.899913643410851,0.535918809243068,-5.81211417879381,7.43469373108524,8.07142159153433e-08,2.37394752692186e-06
"PROBE0137_at","IG17",1,"PlasmaCells",45,43,9.11258377777778,8.44936465116279,-0.663219126614988,0.631467711905227,-4.35463725985435,1.61102886502205,3.34082350715101e-05,0.000627384696178593
"PROBE0138_at","IG18",1,"PlasmaCells",45,43,11.1864002222222,10.3976025581395,-0.788797664082685,0.578826282361403,-5.06535046376493,4.33091970666345,1.97642094432077e-06,4.51753358701891e-05
"PROBE0139_at","IG19",1,"PlasmaCells",45,43,10.3838511111111,9.76014325581395,-0.623707855297159,0.649000792355323,-4.51585937450632,2.20524166699402,1.79641491308569e-05,0.000357495505091679
"PROBE0140_at","IG20",1,"PlasmaCells",45,43,10.6399573333333,9.96966023255814,-0.670297100775191,0.628377269336153,-4.62075110885218,2.59932275342771,1.19155358189001e-05,0.000241939813581728
"PROBE0141_at","IG21",1,"PlasmaCells",45,43,10.2389511111111,9.53366046511628,-0.705290645994832,0.613318916673802,-5.27964141712297,5.19829613913207,8.06625895796533e-07,1.99166887850996e-05
"PROBE0142_at","IG22",1,"PlasmaCells",45,43,11.3141722222222,10.4542262790698,-0.859945943152454,0.550973202160101,-5.37768762527316,5.60170903544368,5.32060960326785e-07,1.3730605427788e-05
"PROBE0143_at","IG23",1,"PlasmaCells",45,43,10.9367884444444,10.135353255814,-0.801435188630485,0.573778100786685,-4.82578216427889,3.38592705219935,5.26120148846808e-06,0.000113144118031572
"PROBE0144_at","IG24",1,"PlasmaCells",45,43,10.7214331111111,9.95127418604651,-0.770158925064592,0.586352879327683,-4.8331687919161,3.41465613513001,5.10667361196972e-06,0.000110414564583129
"PROBE0145_at","IG25",1,"PlasmaCells",45,43,10.2614413333333,9.57026023255814,-0.691181100775193,0.61934659774841,-4.74268684285302,3.06458865568849,7.34495816327839e-06,0.000153019961734966
"PROBE0146_at","IG26",1,"PlasmaCells",45,43,10.7806595555556,10.1435793023256,-0.637080253229971,0.643012971644882,-4.0744470421121,0.613181439855762,9.51123716772876e-05,0.0017060515099065
"PROBE0147_at","IG27",1,"PlasmaCells",45,43,10.2773953333333,9.38401720930232,-0.893378124031006,0.538352069892105,-5.10819933506292,4.50273812224535,1.65464609228362e-06,3.84801416810144e-05
"PROBE0148_at","IG28",1,"PlasmaCells",45,43,10.7719064444444,9.9041476744186,-0.867758770025841,0.54799750506281,-5.25939229498564,5.11548262496182,8.78601597821449e-07,2.12994326744594e-05
"PROBE0149_at","IG29",1,"PlasmaCells",45,43,11.0924973333333,10.2478241860465,-0.844673147286812,0.556836950154032,-5.03035397560693,4.19120492121672,2.28382860228677e-06,5.13219910626242e-05
"PROBE0150_at","IG30",1,"PlasmaCells",45,43,10.632164,9.81484093023256,-0.817323069767442,0.567493955141754,-4.76478825395234,3.14972368911678,6.72328796272204e-06,0.000140801842151247
"PROBE0151_at","IG31",1,"PlasmaCells",45,43,11.1336237777778,10.5127518604651,-0.620871917312659,0.650277802474791,-3.85525866233849,-0.134772451849465,0.000209273546319741,0.00359267890677668
"PROBE0632_at","MEHIGH001",2,"Microenvironment",45,43,11.9610824444444,12.9508881395349,0.989805695090443,1.9859175057184,6.63414285477718,11.0756825581285,1.93962935684645e-09,6.80571704156647e-08
"PROBE0633_at","MEHIGH002",2,"Microenvironment",45,43,7.95121977777778,10.3266348837209,2.37541510594315,5.18885098941071,11.5306175431649,34.5842201564739,8.28162938022259e-20,1.38027156337043e-17
"PROBE0634_at","MEHIGH003",2,"Microenvironment",45,43,6.80338822222222,8.08977534883721,1.28638712661499,2.43916461534299,6.5823698689967,10.84070628407,2.46592741894385e-09,8.50319799635809e-08
"PROBE0635_at","MEHIGH004",2,"Microenvironment",45,43,8.97418888888889,10.5535453488372,1.57935645994832,2.98836518591897,7.84298609845213,16.720377571543,6.16208877159749e-12,2.70861044905384e-10
"PROBE0636_at","MEHIGH005",2,"Microenvironment",45,43,8.90210622222222,10.6582511627907,1.75614494056847,3.37794289817624,12.4447256081108,38.9334586968325,1.00462777011059e-21,3.09116236957104e-19
"PROBE0637_at","MEHIGH006",2,"Microenvironment",45,43,10.1898493333333,10.8994388372093,0.70958950387597,1.63533874105988,3.24861761646329,-2.04159972117858,0.00159975623630513,0.026551970727056
"PROBE0638_at","MEHIGH007",2,"Microenvironment",45,43,7.75836422222222,9.87017395348837,2.11180973126615,4.32233152317315,11.2230004279998,33.1053740895095,3.71033111244986e-19,5.11769808613773e-17
"PROBE0639_at","MEHIGH008",2,"Microenvironment",45,43,9.25286222222222,11.3962046511628,2.14334242894057,4.41784385560372,16.2151406725716,55.8944029151102,3.23212977890149e-29,1.2928519115606e-25
"PROBE0640_at","MEHIGH009",2,"Microenvironment",45,43,8.94607222222222,10.9074244186047,1.96135219638243,3.89426806462243,7.12106167303675,13.3161724453259,1.97175639216868e-10,7.51145292254737e-09
"PROBE0641_at","MEHIGH010",2,"Microenvironment",45,43,8.72402377777778,9.76565837209302,1.04163459431525,2.05855870924791,8.26682562736394,18.7520953308339,7.81366100839937e-13,3.95628405488576e-11
"PROBE0642_at","MEHIGH011",2,"Microenvironment",45,43,10.7737448888889,12.5456662790698,1.77192139018088,3.41508477076037,8.96224949575935,22.1187376079455,2.56025994843858e-14,1.73576945656853e-12
"PROBE0643_at","MEHIGH012",2,"Microenvironment",45,43,9.57436311111111,10.5808574418605,1.00649433074935,2.00902334828303,4.70932317162271,2.93653421809163,8.39040615578681e-06,0.000172998065067769
"PROBE0644_at","MEHIGH013",2,"Microenvironment",45,43,7.007748,8.95779534883721,1.95004734883721,3.86387212479271,14.8597293365655,49.9999230208272,1.3129089144544e-26,1.05032713156352e-23
"PROBE0645_at","MEHIGH014",2,"Microenvironment",45,43,8.67051177777778,10.050506744186,1.37999496640827,2.60267463008441,9.60918324215368,25.269268137064,1.04757541624276e-15,8.21627777445303e-14
"PROBE0646_at","MEHIGH015",2,"Microenvironment",45,43,6.848942,8.78297372093023,1.93403172093024,3.82121576272162,11.36645114235,33.7958399708888,1.84219508476669e-19,2.72917790335806e-17
"PROBE0647_at","MEHIGH016",2,"Microenvironment",45,43,8.67934955555556,10.282893255814,1.6035437002584,3.03888841241242,11.0926648236462,32.4768471559881,7.01777302432934e-19,8.50639154464162e-17
"PROBE0648_at","MEHIGH017",2,"Microenvironment",45,43,10.0678553333333,11.1903541860465,1.12249885271318,2.17723759482514,5.55389667911537,6.33652005608419,2.49602321761563e-07,6.88558128997415e-06
"PROBE0649_at","MEHIGH018",2,"Microenvironment",45,43,10.885894,12.4695969767442,1.58370297674419,2.99738203647337,4.870882894441,3.56175158413664,4.38399207624955e-06,9.58249634152907e-05
"PROBE0650_at","MEHIGH019",2,"Microenvironment",45,43,8.20398177777778,9.08474837209302,0.880766594315249,1.84135346787482,4.5995107331789,2.51905648917793,1.29539956208336e-05,0.000260381821524293
"PROBE0651_at","MEHIGH020",2,"Microenvironment",45,43,7.40409511111111,9.10798441860465,1.70388930749355,3.25778028559378,11.5625398424412,34.7372881783841,7.09084888783618e-20,1.29028211657528e-17
"PROBE0652_at","MEHIGH021",2,"Microenvironment",45,43,9.37547088888889,11.0796151162791,1.70414422739019,3.25835597648168,8.01933699565141,17.5633368021591,2.61522311776468e-12,1.21638284547195e-10
"PROBE0653_at","MEHIGH022",2,"Microenvironment",45,43,7.69958222222222,9.35291,1.65332777777778,3.14558375848309,8.71811869762793,20.933403670255,8.5268948910903e-14,4.94312747309582e-12
"PROBE0654_at","MEHIGH023",2,"Microenvironment",45,43,8.13898555555556,9.27476976744186,1.13578421188631,2.19737974206249,5.34205251768037,5.45462605590149,6.19193932130932e-07,1.55228949398493e-05
"PROBE0655_at","MEHIGH024",2,"Microenvironment",45,43,8.44786577777778,10.38927,1.94140422222222,3.84079302790161,11.8141040464359,35.9407355343781,2.0922315320614e-20,4.40469796223452e-18
"PROBE0656_at","MEHIGH025",2,"Microenvironment",45,43,10.2998106666667,12.0942469767442,1.79443631007752,3.46879915431183,12.8345748566408,40.7644211233913,1.56651130314373e-22,6.2660452125749e-20
"PROBE0657_at","MEHIGH026",2,"Microenvironment",45,43,8.85452088888889,10.9227746511628,2.0682537622739,4.19378750179068,12.5699000296776,39.5230307846742,5.52279631178641e-22,1.8409321039288e-19
"PROBE0658_at","MEHIGH027",2,"Microenvironment",45,43,8.74487755555556,10.2515286046512,1.50665104909561,2.84149671810709,6.49723408100617,10.4558048673595,3.65448941284845e-09,1.22839980263814e-07
"PROBE0659_at","MEHIGH028",2,"Microenvironment",45,43,10.2350353333333,11.5054760465116,1.27044071317829,2.41235246608856,7.92520371630898,17.1129164644285,4.13406493290675e-12,1.90071950938241e-10
"PROBE0660_at","MEHIGH029",2,"Microenvironment",45,43,9.555044,10.7147997674419,1.15975576744187,2.23419601907438,7.19760108694312,13.6729018767944,1.3707456461839e-10,5.37547312228982e-09
"PROBE0661_at","MEHIGH030",2,"Microenvironment",45,43,8.01733111111111,9.04321930232558,1.02588819121447,2.03621258705171,6.27784607713681,9.47297886160496,9.98725855521058e-09,3.24788896104409e-07
"PROBE0662_at","MEHIGH031",2,"Microenvironment",45,43,8.64841755555556,10.5607725581395,1.91235500258398,3.76423057670749,8.23348995607169,18.5916210760831,9.19735891526136e-13,4.5419056371661e-11
"PROBE0663_at","MEHIGH032",2,"Microenvironment",45,43,9.13463644444444,10.6437023255814,1.50906588113695,2.84625689474578,8.5879436358191,20.3027056290494,1.6176473516885e-13,8.98692973160279e-12
"PROBE0664_at","MEHIGH033",2,"Microenvironment",45,43,10.6104428888889,12.5869455813953,1.97650269250646,3.9353793003793,10.4885930423935,29.551248104652,1.36290948040356e-17,1.29800902895577e-15
"PROBE0665_at","MEHIGH034",2,"Microenvironment",45,43,8.84900044444444,10.623101627907,1.77410118346254,3.42024858239913,11.9399977386427,36.5410349170218,1.13805516945598e-20,2.52901148767996e-18
"PROBE0666_at","MEHIGH035",2,"Microenvironment",45,43,8.76156288888889,10.2048190697674,1.44325618087856,2.71933931689145,8.91010988272007,21.8653438468233,3.31106927347703e-14,2.13617372482389e-12
"PROBE0667_at","MEHIGH036",2,"Microenvironment",45,43,9.77216422222222,10.6809213953488,0.908757173126624,1.87742746927691,5.08676644773168,4.41669175541719,1.80862678865051e-06,4.18179604312257e-05
"PROBE0668_at","MEHIGH037",2,"Microenvironment",45,43,10.5588188888889,11.6630858139535,1.10426692506459,2.14989607915389,5.26754284429788,5.14879528639037,8.48905119212747e-07,2.0705002907628e-05
"PROBE0669_at","MEHIGH038",2,"Microenvironment",45,43,8.38760266666667,9.68848093023256,1.30087826356589,2.46378824054886,6.0526016046397,8.47852294835049,2.76591328362207e-08,8.51050241114482e-07
"PROBE0670_at","MEHIGH039",2,"Microenvironment",45,43,9.46229844444444,10.6355920930233,1.17329364857881,2.25525981695927,8.21290067347365,18.4925586139248,1.01712991707769e-12,4.96160935159848e-11
"PROBE0671_at","MEHIGH040",2,"Microenvironment",45,43,8.57683666666667,9.72238581395349,1.14554914728682,2.21230323726296,4.89864986594956,3.67048829730919,3.91655533782019e-06,8.65537091230982e-05
"PROBE0672_at","MEHIGH041",2,"Microenvironment",45,43,8.261746,9.94272232558139,1.6809763255814,3.20644869980279,11.14166835676,32.7132882898071,5.5217681841827e-19,7.12486217313897e-17
"PROBE0673_at","MEHIGH042",2,"Microenvironment",45,43,8.22590311111111,9.4974588372093,1.27155572609819,2.41421761692813,8.31109226682796,18.9653467300649,6.29166555853612e-13,3.26839769274603e-11
"PROBE0674_at","MEHIGH043",2,"Microenvironment",45,43,9.54762622222222,11.0743125581395,1.52668633591731,2.88123300522074,7.18800654988095,13.6281229327632,1.43474430295368e-10,5.57182253574245e-09
"PROBE0675_at","MEHIGH044",2,"Microenvironment",45,43,8.90809333333333,11.0269223255814,2.11882899224806,4.34341255470446,13.333596183762,43.0846517807266,1.48502534692679e-23,8.48585912529591e-21
"PROBE0676_at","MEHIGH045",2,"Microenvironment",45,43,8.59905955555556,10.2055534883721,1.60649393281654,3.04510913157836,9.92338598495513,26.8007503945167,2.21652366831749e-16,1.92741188549347e-14
"PROBE0677_at","MEHIGH046",2,"Microenvironment",45,43,10.0132802222222,11.4247079069767,1.41142768475452,2.66000265324024,8.05084967218359,17.7143472089677,2.24308077291303e-12,1.05556742254731e-10
"PROBE0678_at","MEHIGH047",2,"Microenvironment",45,43,9.00641533333333,10.0956855813953,1.08927024806201,2.12766386603408,7.65016155120497,15.8032118945793,1.56642352071768e-11,6.526764669657e-10
"PROBE0679_at","MEHIGH048",2,"Microenvironment",45,43,8.51620888888889,9.82740465116279,1.3111957622739,2.48147128855833,8.83595099348366,21.5051496590959,4.77241361709163e-14,2.93686991821023e-12
"PROBE0680_at","MEHIGH049",2,"Microenvironment",45,43,6.92090244444444,8.92025488372093,1.99935243927649,3.99820498332217,11.5623744850154,34.7364954870395,7.09655164116403e-20,1.29028211657528e-17
"PROBE0681_at","MEHIGH050",2,"Microenvironment",45,43,8.58490377777778,10.2967851162791,1.71188133850129,3.27587733982947,11.7093449476809,35.4402009917107,3.47609587037318e-20,6.95219174074635e-18
"PROBE0682_at","MEHIGH051",2,"Microenvironment",45,43,8.53657822222222,10.9407853488372,2.40420712661499,5.29344568099673,11.2646426232759,33.3059538596802,3.0274723676578e-19,4.32496052522543e-17
"PROBE0683_at","MEHIGH052",2,"Microenvironment",45,43,9.30305288888889,10.9007362790698,1.59768339018088,3.02656931061484,5.44376577050713,5.87581452855493,4.0112225177161e-07,1.07683825978956e-05
"PROBE0684_at","MEHIGH053",2,"Microenvironment",45,43,8.48961666666667,10.0043141860465,1.51469751937985,2.85738912621461,7.69751561212668,16.0279784530212,1.24621439978769e-11,5.30303999909656e-10
"PROBE0685_at","MEHIGH054",2,"Microenvironment",45,43,9.10019777777778,10.5881090697674,1.48791129198966,2.80482603366046,9.81386609838384,26.2670064001034,3.8083526544311e-16,3.17362721202592e-14
"PROBE0686_at","MEHIGH055",2,"Microenvironment",45,43,10.1630713333333,11.8135374418605,1.65046610852713,3.13935049480357,5.13224349829798,4.59951221760123,1.49711456821795e-06,3.54346643365196e-05
"PROBE0687_at","MEHIGH056",2,"Microenvironment",45,43,7.75744866666667,9.43057209302326,1.67312342635659,3.18904272548757,6.50165718241002,10.4757551385481,3.58071243045877e-09,1.21380082388433e-07
"PROBE0688_at","MEHIGH057",2,"Microenvironment",45,43,11.1869937777778,12.7118188372093,1.52482505943152,2.87751821226794,8.56503736489445,20.1918378600339,1.81040014145779e-13,9.87401333508655e-12
"PROBE0689_at","MEHIGH058",2,"Microenvironment",45,43,10.5725873333333,12.5713553488372,1.99876801550388,3.99658567171454,8.92682265668351,21.9465536475709,3.04911608165983e-14,1.99942038141628e-12
"PROBE0690_at","MEHIGH059",2,"Microenvironment",45,43,9.13571288888889,10.2111430232558,1.07543013436693,2.10735027720507,7.02624358058028,12.8758498432665,3.08898137679118e-10,1.15475939319296e-08
"PROBE0691_at","MEHIGH060",2,"Microenvironment",45,43,11.1237766666667,12.9943823255814,1.87060565891472,3.65686066820785,8.86539686676988,21.6481389181208,4.12769929211834e-14,2.62076145531323e-12
"PROBE0692_at","MEHIGH061",2,"Microenvironment",45,43,11.8065568888889,13.0257255813953,1.21916869250646,2.32812527763362,5.34139896243501,5.45193341294001,6.20915797593973e-07,1.55228949398493e-05
"PROBE0693_at","MEHIGH062",2,"Microenvironment",45,43,9.41380066666667,10.7690381395349,1.35523747286822,2.55839224859763,5.93981351851668,7.9865611543336,4.58083421473069e-08,1.38813158022142e-06
"PROBE0694_at","MEHIGH063",2,"Microenvironment",45,43,10.1517355555556,12.0831211627907,1.93138560723514,3.81421351770443,14.5005054995273,48.3979278659592,6.70209378429135e-26,4.4680625228609e-23
"PROBE0695_at","MEHIGH064",2,"Microenvironment",45,43,11.3463333333333,13.2990272093023,1.95269387596899,3.87096664384923,6.75922254115758,11.646094008087,1.08326140564126e-09,3.86879073443309e-08
"PROBE0696_at","MEHIGH065",2,"Microenvironment",45,43,7.06813822222222,9.1568588372093,2.08872061498708,4.25370686048453,15.0735890709221,50.9458497870279,5.01193451922793e-27,5.01193451922793e-24
"PROBE0697_at","MEHIGH066",2,"Microenvironment",45,43,8.92390533333333,10.6882318604651,1.76432652713178,3.39715378122088,7.00397327624521,12.7726948941761,3.43162766855814e-10,1.27097321057709e-08
"PROBE0698_at","MEHIGH067",2,"Microenvironment",45,43,11.7628342222222,13.2279451162791,1.46511089405685,2.76084691362805,7.26074574205189,13.9680343619783,1.01474968817412e-10,4.05899875269647e-09
"PROBE0699_at","MEHIGH068",2,"Microenvironment",45,43,7.405716,9.01433046511628,1.60861446511628,3.04958824877191,11.1212587088122,32.6148305061773,6.1014916322616e-19,7.626864540327e-17
"PROBE0700_at","MEHIGH069",2,"Microenvironment",45,43,7.55578222222222,9.12478697674419,1.56900475452197,2.9669996456612,9.65845363841844,25.5094478771351,8.21097189714612e-16,6.70283420175193e-14
"PROBE0701_at","MEHIGH070",2,"Microenvironment",45,43,6.02477111111111,7.75642511627907,1.73165400516796,3.32108352085564,11.3933063278433,33.9249415679856,1.61613697450932e-19,2.48636457616818e-17
"PROBE0702_at","MEHIGH071",2,"Microenvironment",45,43,7.65411733333333,8.91250674418605,1.25838941085272,2.39228522973337,6.07152189509601,8.56145277135088,2.54051120194388e-08,8.00161008486261e-07
"PROBE0703_at","MEHIGH072",2,"Microenvironment",45,43,9.48525244444444,10.8249365116279,1.33968406718346,2.53095887777567,8.84015152307932,21.5255448548195,4.67463460608794e-14,2.92164662880496e-12
"PROBE0704_at","MEHIGH073",2,"Microenvironment",45,43,10.2264506666667,12.5381730232558,2.31172235658915,4.96475441835653,15.7865064777166,54.0563596245664,2.10690792519922e-28,4.21381585039845e-25
"PROBE0705_at","MEHIGH074",2,"Microenvironment",45,43,7.764434,9.78533255813953,2.02089855813954,4.05836481586076,10.5001998669275,29.6076252731729,1.2871883971901e-17,1.25579355823425e-15
"PROBE0706_at","MEHIGH075",2,"Microenvironment",45,43,7.89458288888889,8.51860046511628,0.62401757622739,1.5411609924319,4.03890527589639,0.489901063828501,0.000108283849049352,0.00190808544580357
"PROBE0707_at","MEHIGH076",2,"Microenvironment",45,43,8.651676,10.0033853488372,1.35170934883721,2.55214332077276,9.2634631738872,23.5845148064013,5.78587539355752e-15,4.06026343407546e-13
"PROBE0708_at","MEHIGH077",2,"Microenvironment",45,43,9.30480688888889,10.7107353488372,1.40592845994832,2.649882629022,6.74331663963348,11.5733482505588,1.16677861962109e-09,4.13018980396847e-08
"PROBE0709_at","MEHIGH078",2,"Microenvironment",45,43,8.48361933333333,9.95913860465116,1.47551927131783,2.78083717033131,5.12154331013795,4.55641381128884,1.56532329929042e-06,3.6615749691004e-05
"PROBE0710_at","MEHIGH079",2,"Microenvironment",45,43,9.06707377777778,11.1314195348837,2.06434575710595,4.18244264727655,10.9307617324293,31.694628645611,1.55115171904351e-18,1.77274482176401e-16
"PROBE0711_at","MEHIGH080",2,"Microenvironment",45,43,8.379052,9.71848302325581,1.33943102325581,2.53051499490756,7.15336745761319,13.466603462014,1.69146688332399e-10,6.50564185893841e-09
"PROBE0712_at","MEHIGH081",2,"Microenvironment",45,43,8.14474355555556,9.52473395348837,1.37999039793282,2.60266638840062,9.60974308518352,25.2719971993816,1.0446798620784e-15,8.21627777445303e-14
"PROBE0713_at","MEHIGH082",2,"Microenvironment",45,43,7.32123288888889,8.19588279069767,0.874649901808789,1.83356308244466,5.51990320645185,6.19381030685859,2.89098506113894e-07,7.92050701681901e-06
"PROBE0714_at","MEHIGH083",2,"Microenvironment",45,43,10.4716308888889,11.7283158139535,1.2566849250646,2.38946051055239,7.68951749468181,15.9899930054092,1.29531755879567e-11,5.45396866861336e-10
"PROBE0715_at","MEHIGH084",2,"Microenvironment",45,43,9.02781444444445,10.0387825581395,1.01096811369509,2.01526297918321,4.10445228642848,0.717847674802457,8.52020724669704e-05,0.00153517247688235
"PROBE0716_at","MEHIGH085",2,"Microenvironment",45,43,8.68985511111111,10.2757058139535,1.58585070284238,3.00184753305121,11.5008427543828,34.4413798514176,9.57255118495936e-20,1.5316081895935e-17
"PROBE0717_at","MEHIGH086",2,"Microenvironment",45,43,8.19908355555556,9.91933348837209,1.72024993281654,3.29493483488818,8.09974000522455,17.9488457355627,1.76739905019866e-12,8.51758578408994e-11
"PROBE0718_at","MEHIGH087",2,"Microenvironment",45,43,8.53296711111111,9.64285558139535,1.10988847028424,2.15828961672581,5.46376804501696,5.95913405922277,3.68129123513574e-07,9.94943577063714e-06
"PROBE0719_at","MEHIGH088",2,"Microenvironment",45,43,8.37884311111111,9.81751627906977,1.43867316795866,2.71071449143421,6.80962610850338,11.8770058762563,8.55783403556175e-10,3.08390415695919e-08
"PROBE0720_at","MEHIGH089",2,"Microenvironment",45,43,7.31929688888889,8.70794093023256,1.38864404134367,2.61832474264619,5.0085149275093,4.10430183158992,2.49878600618887e-06,5.58387934343882e-05
"PROBE0721_at","MEHIGH090",2,"Microenvironment",45,43,9.19726688888889,10.9535386046512,1.75627171576227,3.3782397441274,9.84734955145109,26.4302014990299,3.22747981807795e-16,2.74679133453443e-14
"PROBE0722_at","MEHIGH091",2,"Microenvironment",45,43,10.5519948888889,12.0733176744186,1.52132278552972,2.87054124618351,7.226028385263,13.8056771564573,1.19728966618028e-10,4.74174125219912e-09
"PROBE0723_at","MEHIGH092",2,"Microenvironment",45,43,9.54441977777778,10.8938093023256,1.3493895245478,2.54804282385061,12.049266915778,37.0609512713864,6.71598541141455e-21,1.58023186150931e-18
"PROBE0724_at","MEHIGH093",2,"Microenvironment",45,43,8.53923088888889,9.99463279069767,1.45540190180879,2.74232945376166,10.647976041592,30.3249166927405,6.22004629942222e-18,6.37953466607407e-16
"PROBE0725_at","MEHIGH094",2,"Microenvironment",45,43,11.5725582222222,13.4693141860465,1.89675596382429,3.72374934271988,13.0344469792498,41.6970003469876,6.07773350193635e-23,2.70121488974949e-20
"PROBE0726_at","MEHIGH095",2,"Microenvironment",45,43,11.0624384444444,11.9965669767442,0.934128532299741,1.91073609610239,6.1973489338073,9.1158128504214,1.43966066272595e-08,4.57035131024112e-07
"PROBE0727_at","MEHIGH096",2,"Microenvironment",45,43,8.56248111111111,9.4759911627907,0.913510051679587,1.88362274902934,5.71737717151038,7.02895303181279,1.22454671461523e-07,3.54941076700066e-06
"PROBE0728_at","MEHIGH097",2,"Microenvironment",45,43,10.5748075555556,12.3110302325581,1.73622267700259,3.33161727209042,8.76423239240663,21.1570673663193,6.79491889240329e-14,4.05666799546465e-12
"PROBE0729_at","MEHIGH098",2,"Microenvironment",45,43,8.74981177777778,9.81728604651163,1.06747426873385,2.09576109735535,5.04992110161036,4.26925306026903,2.10662616271307e-06,4.76073709087698e-05
"PROBE0730_at","MEHIGH099",2,"Microenvironment",45,43,9.60012955555556,11.5004209302326,1.90029137467701,3.73288580430175,10.531898330762,29.7615647401127,1.10117693237171e-17,1.10117693237171e-15
"PROBE0731_at","MEHIGH100",2,"Microenvironment",45,43,7.86933555555556,9.40082069767442,1.53148514211886,2.89083274688587,12.3868570297336,38.6603758797769,1.32541909696207e-21,3.78691170560591e-19
"PROBE0552_at","MEMGUS001",2,"Microenvironment",45,43,11.4465613333333,9.74708488372093,-1.6994764496124,0.307897818405316,-5.39558821364376,5.67578960878875,4.92942573274145e-07,1.29721729808985e-05
"PROBE0553_at","MEMGUS002",2,"Microenvironment",45,43,11.0688275555556,9.76274093023256,-1.306086625323,0.404416390634281,-6.32871326647076,9.69965420465038,7.91946896933463e-09,2.59654720306054e-07
"PROBE0554_at","MEMGUS003",2,"Microenvironment",45,43,10.7084491111111,8.7387388372093,-1.96971027390181,0.255304297209946,-12.6703904346483,39.9952034133267,3.42006059816102e-22,1.24365839933128e-19
"PROBE0555_at","MEMGUS004",2,"Microenvironment",45,43,8.96263933333333,7.63721627906977,-1.32542305426357,0.399032164279499,-6.26800207876036,9.42919841499542,1.04450126112467e-08,3.36935890685378e-07
"PROBE0556_at","MEMGUS005",2,"Microenvironment",45,43,9.32393111111111,7.6898211627907,-1.63410994832041,0.322169104059572,-8.56321413781895,20.183014866609,1.82669246699101e-13,9.87401333508655e-12
"PROBE0557_at","MEMGUS006",2,"Microenvironment",45,43,10.8241106666667,9.57383372093023,-1.25027694573644,0.420367504387691,-5.66458446107598,6.80425758333227,1.54271904474269e-07,4.34568744997942e-06
"PROBE0558_at","MEMGUS007",2,"Microenvironment",45,43,6.86530444444444,5.50417209302326,-1.36113235142119,0.389276632038128,-8.92683583474379,21.9466176865183,3.04891791954295e-14,1.99942038141628e-12
"PROBE0559_at","MEMGUS008",2,"Microenvironment",45,43,9.23236666666667,8.56122348837209,-0.671143178294576,0.628008861599085,-5.12242216415007,4.55995175679891,1.55960852105634e-06,3.6615749691004e-05
"PROBE0560_at","MEMGUS009",2,"Microenvironment",45,43,14.0140555555556,12.9661379069767,-1.0479176485788,0.483665772461974,-5.81341198847572,7.44027409131679,8.02529971245779e-08,2.37394752692186e-06
"PROBE0561_at","MEMGUS010",2,"Microenvironment",45,43,9.46902955555556,8.43873302325581,-1.03029653229974,0.489609503854816,-3.35831093673768,-1.71553776663957,0.00112641397317821,0.019173003798778
"PROBE0562_at","MEMGUS011",2,"Microenvironment",45,43,10.4292742222222,8.39002976744186,-2.03924445478036,0.243291116035731,-15.195740776884,51.4835005397199,2.89883617431118e-27,3.86511489908157e-24
"PROBE0563_at","MEMGUS012",2,"Microenvironment",45,43,11.1947026666667,9.38672023255814,-1.80798243410853,0.285590038963355,-5.68047692830142,6.87179127978045,1.4392387296467e-07,4.11211065613343e-06
"PROBE0564_at","MEMGUS013",2,"Microenvironment",45,43,7.73438955555556,6.63329046511628,-1.10109909043928,0.466161224180754,-8.24152308667252,18.6302822263623,8.84308156190757e-13,4.42154078095379e-11
"PROBE0565_at","MEMGUS014",2,"Microenvironment",45,43,10.6564124444444,9.45454627906977,-1.20186616537468,0.434712605199322,-4.42354194698621,1.86325269153045,2.56677634813541e-05,0.000491249061844097
"PROBE0566_at","MEMGUS015",2,"Microenvironment",45,43,10.947304,9.45849720930233,-1.48880679069767,0.35630711787611,-7.76558402362092,16.3516133553043,8.96629793398956e-12,3.89839040608242e-10
"PROBE0567_at","MEMGUS016",2,"Microenvironment",45,43,9.86984377777778,7.80479813953488,-2.06504563824289,0.238978769419835,-8.62324813861013,20.4736502322225,1.35989024932891e-13,7.66135351734599e-12
"PROBE0568_at","MEMGUS017",2,"Microenvironment",45,43,8.04303955555556,7.00564906976744,-1.03739048578811,0.487207927891404,-5.13974782550127,4.62976858173304,1.45101830181645e-06,3.45480548051535e-05
"PROBE0569_at","MEMGUS018",2,"Microenvironment",45,43,7.97055088888889,7.05186186046512,-0.91868902842377,0.528989492715181,-5.07337710060696,4.3630425058708,1.91182481651531e-06,4.3949995781961e-05
"PROBE0570_at","MEMGUS019",2,"Microenvironment",45,43,8.37353977777778,6.99900139534884,-1.37453838242894,0.38567609097279,-4.37088889396884,1.67028084629163,3.14015095712931e-05,0.000598123991834154
"PROBE0571_at","MEMGUS020",2,"Microenvironment",45,43,10.5039002222222,8.90379790697674,-1.60010231524547,0.329853583804562,-9.95109433529391,26.9357627672039,1.93291950737408e-16,1.7181506732214e-14
"PROBE0572_at","MEMGUS021",2,"Microenvironment",45,43,11.712266,10.5774434883721,-1.13482251162791,0.455390938077207,-6.93628663986987,12.4598132778754,4.72165372263408e-10,1.73271696243452e-08
"PROBE0573_at","MEMGUS022",2,"Microenvironment",45,43,10.6872864444444,9.77794488372093,-0.909341560723515,0.532428033450613,-5.36888425723627,5.56532481744257,5.52398390204696e-07,1.40367004473558e-05
"PROBE0574_at","MEMGUS023",2,"Microenvironment",45,43,10.0826993333333,8.28835325581395,-1.79434607751937,0.288302234263436,-11.5467414444363,34.6615442766748,7.65700879071694e-20,1.33165370273338e-17
"PROBE0575_at","MEMGUS024",2,"Microenvironment",45,43,11.188612,9.9545023255814,-1.23410967441861,0.425104762121165,-5.27130719556585,5.16419034217537,8.35523288724623e-07,2.05036389871073e-05
"PROBE0576_at","MEMGUS025",2,"Microenvironment",45,43,10.0063084444444,8.33426093023256,-1.67204751421188,0.313807662601586,-6.89637901726512,12.2758011649073,5.69669473573616e-10,2.07152535844951e-08
"PROBE0577_at","MEMGUS026",2,"Microenvironment",45,43,9.09704444444444,7.23426627906977,-1.86277816537468,0.274946310935427,-7.8903675911732,16.9464936040646,4.89629458684557e-12,2.20058183678453e-10
"PROBE0578_at","MEMGUS027",2,"Microenvironment",45,43,10.9023855555556,9.96685162790698,-0.935533927648573,0.522848932691573,-7.36477885085679,14.4558456441445,6.17396593457322e-11,2.51998609574417e-09
"PROBE0579_at","MEMGUS028",2,"Microenvironment",45,43,9.86180666666667,8.38827604651163,-1.47353062015504,0.360099968850665,-10.0835973655656,27.5812194268831,1.00454064783066e-16,9.13218770755146e-15
"PROBE0580_at","MEMGUS029",2,"Microenvironment",45,43,10.7822057777778,9.17295162790698,-1.6092541498708,0.327767757828889,-9.19574648485097,23.2547539886919,8.08471493089212e-15,5.57566546958077e-13
"PROBE0581_at","MEMGUS030",2,"Microenvironment",45,43,9.54451422222222,8.18431627906977,-1.36019794315246,0.389528841350562,-6.36097205713441,9.84378982449188,6.83357864949658e-09,2.25903426429639e-07
"PROBE0582_at","MEMGUS031",2,"Microenvironment",45,43,8.657444,7.07170860465116,-1.58573539534884,0.333154804581834,-9.3663090362912,24.0855330456837,3.48043546947352e-15,2.48602533533823e-13
"PROBE0583_at","MEMGUS032",2,"Microenvironment",45,43,9.13533177777778,7.82365209302326,-1.31167968475452,0.402851578963025,-12.1102616452851,37.3507097833965,5.00548921447817e-21,1.25137230361954e-18
"PROBE0584_at","MEMGUS033",2,"Microenvironment",45,43,9.16709577777778,7.91907418604651,-1.24802159173127,0.421025175590009,-8.71945974724896,20.9399064170421,8.47079065972285e-14,4.94312747309582e-12
"PROBE0585_at","MEMGUS034",2,"Microenvironment",45,43,13.7495524444444,12.4848027906977,-1.26474965374678,0.41617157801235,-8.39454689946461,19.3678471483871,4.18022679715298e-13,2.22945429181492e-11
"PROBE0586_at","MEMGUS035",2,"Microenvironment",45,43,9.42721511111111,7.63893302325581,-1.7882820878553,0.289516587298452,-13.2731174766211,42.8049149958778,1.97299201027269e-23,9.86496005136347e-21
"PROBE0587_at","MEMGUS036",2,"Microenvironment",45,43,10.6243904444444,9.74046348837209,-0.883926956072351,0.541890418744075,-5.6657990102014,6.80941541714885,1.53455941224587e-07,4.34568744997942e-06
"PROBE0588_at","MEMGUS037",2,"Microenvironment",45,43,9.149442,7.63496720930233,-1.51447479069767,0.350023868467941,-9.48736766235508,24.6754887665623,1.91310827079869e-15,1.44385529871599e-13
"PROBE0589_at","MEMGUS038",2,"Microenvironment",45,43,12.0851971111111,11.100241627907,-0.984955483204136,0.505241313078207,-6.045060905913,8.44550300475497,2.86114079127034e-08,8.73630775960408e-07
"PROBE0590_at","MEMGUS039",2,"Microenvironment",45,43,11.0345475555556,9.62470139534884,-1.40984616020672,0.376351816469342,-7.09275782248162,13.1845444598634,2.2548962425726e-10,8.50904242480227e-09
"PROBE0591_at","MEMGUS040",2,"Microenvironment",45,43,9.85633533333333,8.85285209302326,-1.00348324031008,0.498794257057445,-4.36022067160941,1.63136890585566,3.27052404379768e-05,0.000617080008263713
"PROBE0592_at","MEMGUS041",2,"Microenvironment",45,43,11.2020608888889,9.70427744186047,-1.49778344702842,0.354097006616678,-8.6612720468276,20.6578520781905,1.12793130564037e-13,6.44532174651641e-12
"PROBE0593_at","MEMGUS042",2,"Microenvironment",45,43,10.6132466666667,9.66053139534884,-0.952715271317825,0.51665915105374,-5.90207550029808,7.82289334546971,5.41848265702095e-08,1.62961884421683e-06
"PROBE0594_at","MEMGUS043",2,"Microenvironment",45,43,10.2250411111111,9.34621069767442,-0.878830413436686,0.543808115470621,-4.61048940885565,2.56051506954999,1.24067454011161e-05,0.000250641321234668
"PROBE0595_at","MEMGUS044",2,"Microenvironment",45,43,9.28320177777778,8.19397674418605,-1.08922503359173,0.470013782128916,-8.30019303675739,18.9128241949396,6.63648937637222e-13,3.40332788531909e-11
"PROBE0596_at","MEMGUS045",2,"Microenvironment",45,43,11.3427771111111,9.52334930232558,-1.81942780878553,0.283333322644253,-12.2833459083008,38.1710989111187,2.17752834918596e-21,5.80674226449589e-19
"PROBE0597_at","MEMGUS046",2,"Microenvironment",45,43,10.331948,8.42536302325581,-1.90658497674418,0.26672316301162,-10.7623707208581,30.8794948122705,3.54480785302465e-18,3.83222470597259e-16
"PROBE0598_at","MEMGUS047",2,"Microenvironment",45,43,9.71415488888889,8.20777651162791,-1.50637837726098,0.351993726827751,-6.44225268009686,10.2082490400385,4.70707766181853e-09,1.56902588727284e-07
"PROBE0599_at","MEMGUS048",2,"Microenvironment",45,43,11.3315484444444,9.81302488372093,-1.51852356072352,0.349042940827068,-10.6809153989158,30.484668842045,5.28991999516003e-18,5.56833683701055e-16
"PROBE0600_at","MEMGUS049",2,"Microenvironment",45,43,10.7547115555556,10.0625474418605,-0.692164113695094,0.618924735664777,-6.22106719637711,9.22085087653232,1.29284545033137e-08,4.1371054410604e-07
"PROBE0601_at","MEMGUS050",2,"Microenvironment",45,43,9.61227955555556,8.23361697674419,-1.37866257881137,0.384575142713394,-6.0567377442359,8.49664239295902,2.71501358225375e-08,8.41864676667829e-07
"PROBE0602_at","MEMGUS051",2,"Microenvironment",45,43,12.115408,10.2817927906977,-1.83361520930233,0.280560690344112,-7.92262236238026,17.1005795132658,4.18624765387173e-12,1.90283984266897e-10
"PROBE0603_at","MEMGUS052",2,"Microenvironment",45,43,11.249988,9.96056209302326,-1.28942590697674,0.409113795937547,-8.79275095474716,21.2954484663071,5.90445020656339e-14,3.57845467064448e-12
"PROBE0604_at","MEMGUS053",2,"Microenvironment",45,43,8.42490866666667,6.81066534883721,-1.61424331782946,0.326636219973808,-6.05804868028848,8.50238643097907,2.69907454832023e-08,8.41864676667829e-07
"PROBE0605_at","MEMGUS054",2,"Microenvironment",45,43,12.2026102222222,11.1472346511628,-1.05537557105943,0.481171943667551,-4.32039223182538,1.48665740556058,3.80496162651578e-05,0.0006981580966084
"PROBE0606_at","MEMGUS055",2,"Microenvironment",45,43,9.624936,8.50091418604651,-1.12402181395349,0.458813003721987,-4.78638010972663,3.23313018307408,6.16546408652037e-06,0.00013048601241313
"PROBE0607_at","MEMGUS056",2,"Microenvironment",45,43,10.1021737777778,8.92879651162791,-1.17337726614987,0.443382192542317,-5.50597007650888,6.13544663291107,3.07003026787052e-07,8.35382385815108e-06
"PROBE0608_at","MEMGUS057",2,"Microenvironment",45,43,11.49284,10.0866323255814,-1.4062076744186,0.377302175973423,-9.43864195034535,24.4380117296119,2.43417942086715e-15,1.803095867309e-13
"PROBE0609_at","MEMGUS058",2,"Microenvironment",45,43,10.0699166666667,8.37812604651163,-1.69179062015504,0.309542493676448,-8.05803826651511,17.7488106018903,2.16586638776382e-12,1.0313649465542e-10
"PROBE0610_at","MEMGUS059",2,"Microenvironment",45,43,10.5811224444444,9.53943744186046,-1.04168500258398,0.485759796778587,-6.53142916699355,10.6101750009524,3.12102315324594e-09,1.06701646264818e-07
"PROBE0611_at","MEMGUS060",2,"Microenvironment",45,43,10.5890655555556,8.83841651162791,-1.75064904392764,0.297168057825552,-11.1974949457338,32.9824636897507,4.20281277289611e-19,5.60375036386148e-17
"PROBE0612_at","MEMGUS061",2,"Microenvironment",45,43,11.239282,10.0340009302326,-1.20528106976744,0.433684843685552,-4.48647434118961,2.0958862977902,2.01343274265188e-05,0.000398699553000371
"PROBE0613_at","MEMGUS062",2,"Microenvironment",45,43,8.76549266666667,7.12684674418605,-1.63864592248062,0.32115776363009,-10.8795662137637,31.4469671446797,1.99393600026077e-18,2.21548444473419e-16
"PROBE0614_at","MEMGUS063",2,"Microenvironment",45,43,10.9483233333333,10.0445962790698,-0.903727054263564,0.534504109710669,-5.38540837845479,5.63364491057708,5.14829375298267e-07,1.34595915110658e-05
"PROBE0615_at","MEMGUS064",2,"Microenvironment",45,43,13.97081,13.0778190697674,-0.892990930232552,0.538496573443533,-4.33687077983515,1.54642238528002,3.57434943594167e-05,0.000661916562211421
"PROBE0616_at","MEMGUS065",2,"Microenvironment",45,43,7.98192066666667,6.58739860465116,-1.3945220620155,0.380370677157903,-9.54823470804846,24.9721692725167,1.41596240885314e-15,1.08920185296396e-13
"PROBE0617_at","MEMGUS066",2,"Microenvironment",45,43,8.45880066666667,7.55658,-0.902220666666664,0.535062502748359,-3.9840529487463,0.301142035285367,0.000132098245564385,0.00231751308007693
"PROBE0618_at","MEMGUS067",2,"Microenvironment",45,43,10.1774302222222,8.85368395348837,-1.32374626873385,0.399496212688515,-5.41865117062284,5.77142625915923,4.46672890360456e-07,1.18323944466346e-05
"PROBE0619_at","MEMGUS068",2,"Microenvironment",45,43,11.1647351111111,9.45457534883721,-1.7101597622739,0.305626222877075,-7.29410403800442,14.1242424278036,8.65462037461129e-11,3.49681631297426e-09
"PROBE0620_at","MEMGUS069",2,"Microenvironment",45,43,9.36879688888889,8.30890488372093,-1.05989200516795,0.479667964494217,-5.36801401708974,5.56172985007831,5.54449667670556e-07,1.40367004473558e-05
"PROBE0621_at","MEMGUS070",2,"Microenvironment",45,43,11.6390726666667,10.931636744186,-0.70743592248062,0.612407593870982,-3.10507136321328,-2.45513176927658,0.00250195975978287,0.0413547067732705
"PROBE0622_at","MEMGUS071",2,"Microenvironment",45,43,11.9004988888889,10.7002281395349,-1.200270749354,0.43519360157,-7.84989412358419,16.7533268269087,5.9590317302476e-12,2.64845854677671e-10
"PROBE0623_at","MEMGUS072",2,"Microenvironment",45,43,9.34944977777778,7.52405790697674,-1.82539187080103,0.282164448115783,-11.0428612190861,32.2363928051991,8.95542781135075e-19,1.05357974251185e-16
"PROBE0624_at","MEMGUS073",2,"Microenvironment",45,43,11.1373864444444,10.6184253488372,-0.518961095607228,0.69787420101116,-2.05398598624584,-4.99078188379124,0.0427011692228829,0.483044991381559
"PROBE0625_at","MEMGUS074",2,"Microenvironment",45,43,9.900186,8.09301418604651,-1.80717181395349,0.285750551120257,-10.094758732762,27.6355734854143,9.50674113877872e-17,8.84348012909649e-15
"PROBE0626_at","MEMGUS075",2,"Microenvironment",45,43,11.5637291111111,9.90827139534884,-1.65545771576228,0.317437018194948,-9.38985958606934,24.2002868422501,3.09798210076168e-15,2.25307789146304e-13
"PROBE0627_at","MEMGUS076",2,"Microenvironment",45,43,11.1909922222222,10.2314365116279,-0.959555710594314,0.514215245619274,-7.41477144948413,14.690928212481,4.85956722888024e-11,2.00394524902278e-09
"PROBE0628_at","MEMGUS077",2,"Microenvironment",45,43,8.62154911111111,7.31463325581395,-1.30691585529716,0.404184007611577,-8.31698264264506,18.9937363477206,6.11280337140632e-13,3.21726493231911e-11
"PROBE0629_at","MEMGUS078",2,"Microenvironment",45,43,9.64777577777778,8.76464697674419,-0.883128801033598,0.54219029655565,-3.01970909590824,-2.69381484684236,0.00324309146144137,0.0527331944949816
"PROBE0630_at","MEMGUS079",2,"Microenvironment",45,43,10.8488926666667,8.90427069767442,-1.94462196899225,0.2597828380967,-7.75110933357628,16.2827397973058,9.61698104418266e-12,4.13633593298179e-10
"PROBE0631_at","MEMGUS080",2,"Microenvironment",45,43,8.57654755555556,7.08358023255814,-1.49296732299741,0.355281057810295,-6.6086774832058,10.9600212344672,2.1829081691369e-09,7.59272406656314e-08
"PROBE0732_at","MEOTH001",2,"Microenvironment",45,43,7.55773711111111,7.91599534883721,0.358258237726096,1.28187735550863,2.7505871796925,-3.40989229795989,0.0071131168146369,0.110280880847084
"PROBE0733_at","MEOTH002",2,"Microenvironment",45,43,9.05468755555555,8.96201558139535,-0.0926719741602042,0.937784296408442,-0.632621284815725,-6.86095266772135,0.528488022108406,0.999330380285523
"PROBE0734_at","MEOTH003",2,"Microenvironment",45,43,10.2938635555556,10.4286104651163,0.13474690956072,1.0979001934419,1.041007275709,-6.52078412461239,0.300492155484195,0.999330380285523
"PROBE0735_at","MEOTH004",2,"Microenvironment",45,43,11.0672951111111,10.9846609302326,-0.0826341808785536,0.944331839706921,-0.627346565144272,-6.86427228132795,0.531924431095873,0.999330380285523
"PROBE0736_at","MEOTH005",2,"Microenvironment",45,43,9.34184533333333,9.20276627906977,-0.139079054263567,0.908098655966336,-0.899272218591507,-6.65736183714806,0.37076241905897,0.999330380285523
"PROBE0737_at","MEOTH006",2,"Microenvironment",45,43,9.904584,9.85230348837209,-0.0522805116279006,0.964410650354283,-0.358744855774787,-6.99675909441215,0.720575336653347,0.999330380285523
"PROBE0738_at","MEOTH007",2,"Microenvironment",45,43,7.40660222222222,7.65710186046512,0.250499638242901,1.18961903591208,1.43304616335836,-6.04218238992121,0.155099926206164,0.955931748574201
"PROBE0739_at","MEOTH008",2,"Microenvironment",45,43,8.66623288888889,8.70498720930233,0.0387543204134371,1.02722649591338,0.245887732167369,-7.03095121373704,0.806295158002517,0.999330380285523
"PROBE0740_at","MEOTH009",2,"Microenvironment",45,43,12.9736002222222,12.9142709302326,-0.0593292919896644,0.959710184286119,-0.482169559494622,-6.9447993217286,0.630785262281573,0.999330380285523
"PROBE0741_at","MEOTH010",2,"Microenvironment",45,43,8.64667111111111,8.65134465116279,0.00467354005168019,1.00324470380222,0.0347104192369315,-7.06066297667348,0.972382870321008,0.999330380285523
"PROBE0742_at","MEOTH011",2,"Microenvironment",45,43,7.20048222222222,7.63058279069767,0.430100568475454,1.34732749411471,2.27450079034821,-4.53455818348173,0.025166452656165,0.327901663272508
"PROBE0743_at","MEOTH012",2,"Microenvironment",45,43,10.0058886666667,9.98303302325581,-0.0228556434108498,0.984282504771099,-0.0845565520547589,-7.05768123725693,0.932790386687546,0.999330380285523
"PROBE0744_at","MEOTH013",0,"Other",45,43,7.63963422222222,7.41899488372093,-0.220639338501295,0.858185042581366,-0.823675739251334,-6.72218480267738,0.412169599833348,0.999330380285523
"PROBE0745_at","MEOTH014",2,"Microenvironment",45,43,11.4426197777778,11.455858372093,0.0132385943152453,1.00921852558962,0.0971442506780192,-7.05653413425758,0.92281477959199,0.999330380285523
"PROBE0746_at","MEOTH015",2,"Microenvironment",45,43,8.558154,8.72990976744186,0.171755767441864,1.12642852027469,0.610870032129664,-6.87446412240408,0.542732227952699,0.999330380285523
"PROBE0747_at","MEOTH016",2,"Microenvironment",45,43,11.0580968888889,11.2319493023256,0.173852413436693,1.12806673121792,0.910060832225463,-6.64765450050254,0.365074390513637,0.999330380285523
"PROBE0748_at","MEOTH017",2,"Microenvironment",45,43,8.70513,8.88557697674419,0.180446976744186,1.13323493051791,1.14117573992727,-6.41250472116051,0.256641311556931,0.999330380285523
"PROBE0749_at","MEOTH018",2,"Microenvironment",45,43,9.751448,9.72324255813954,-0.0282054418604645,0.980639349583564,-0.118116111353917,-7.05427009091199,0.906222952354104,0.999330380285523
"PROBE0750_at","MEOTH019",2,"Microenvironment",45,43,11.6880173333333,11.6256558139535,-0.0623615193798468,0.957695203008584,-0.421443970166344,-6.97226285011398,0.674374997269808,0.999330380285523
"PROBE0751_at","MEOTH020",2,"Microenvironment",45,43,8.07794577777778,8.05008046511628,-0.0278653126614952,0.980870571975127,-0.157441694884288,-7.04883587909732,0.875228103513548,0.999330380285523
"PROBE0752_at","MEOTH021",2,"Microenvironment",45,43,9.71890977777778,9.94597209302326,0.227062315245476,1.17044919634013,1.14079226538114,-6.41293771219211,0.256800101868002,0.999330380285523
"PROBE0753_at","MEOTH022",2,"Microenvironment",45,43,8.968808,9.10778162790698,0.13897362790698,1.1011214696977,0.682750495279798,-6.82802938775308,0.496412168246305,0.999330380285523
"PROBE0754_at","MEOTH023",2,"Microenvironment",45,43,10.4377933333333,10.6749704651163,0.237177131782945,1.17868411587305,1.50455935287595,-5.93915104024374,0.135727137373254,0.932832559266353
"PROBE0755_at","MEOTH024",2,"Microenvironment",45,43,8.39684733333333,8.6933788372093,0.296531503875968,1.22818807785373,1.22841125335961,-6.3103327901217,0.222301792030942,0.999330380285523
"PROBE0756_at","MEOTH025",2,"Microenvironment",45,43,8.57237355555556,8.77271976744186,0.200346211886304,1.14897404787403,1.05232278626177,-6.50903852818493,0.295298470577402,0.999330380285523
"PROBE0757_at","MEOTH026",2,"Microenvironment",45,43,10.6761028888889,10.73977,0.0636671111111102,1.04511892060183,0.363027056897727,-6.99521095571574,0.717384410145326,0.999330380285523
"PROBE0758_at","MEOTH027",2,"Microenvironment",45,43,10.845838,11.3772153488372,0.531377348837211,1.44530838086701,1.57833206167838,-5.82785803194085,0.11778565770171,0.871293781742106
"PROBE0759_at","MEOTH028",2,"Microenvironment",45,43,9.43172333333333,9.69548720930233,0.263763875968998,1.200606909624,1.91667901268787,-5.25334555605721,0.0582589290616357,0.594478867975874
"PROBE0760_at","MEOTH029",2,"Microenvironment",45,43,10.7143524444444,10.5100965116279,-0.204255932816542,0.86798623395671,-1.52113975294598,-5.91457965665089,0.131518540824365,0.921320776352821
"PROBE0761_at","MEOTH030",2,"Microenvironment",45,43,10.2822911111111,10.732911627907,0.450620516795862,1.36662792997472,2.33377916127075,-4.40478901685968,0.0216974223068799,0.289298964091732
"PROBE0762_at","MEOTH031",2,"Microenvironment",45,43,11.390258,11.4398709302326,0.0496129302325592,1.03498720333154,0.373271881339992,-6.99143282239405,0.709770764901937,0.999330380285523
"PROBE0763_at","MEOTH032",2,"Microenvironment",45,43,10.3353575555556,10.409466744186,0.0741091886304979,1.05271082484098,0.495046639033592,-6.93850344451266,0.621700686429689,0.999330380285523
"PROBE0764_at","MEOTH033",2,"Microenvironment",45,43,8.90611866666667,8.67466627906977,-0.231452387596901,0.851776960481376,-0.997936073082675,-6.56435609218541,0.320824252083232,0.999330380285523
"PROBE0765_at","MEOTH034",2,"Microenvironment",45,43,9.60070888888889,9.74709046511628,0.146381576227395,1.10679004760762,1.10397531498801,-6.4538487222122,0.272368984408007,0.999330380285523
"PROBE0766_at","MEOTH035",2,"Microenvironment",45,43,8.58609288888889,8.81776558139535,0.231672692506462,1.17419554858763,1.30907411012238,-6.20938006681693,0.193640448216741,0.999330380285523
"PROBE0767_at","MEOTH036",2,"Microenvironment",45,43,8.58216222222222,8.37344581395349,-0.20871640826873,0.86530676791969,-0.969705230337643,-6.59193700895927,0.334635240693844,0.999330380285523
"PROBE0768_at","MEOTH037",2,"Microenvironment",45,43,11.1101722222222,11.30857,0.198397777777773,1.14742334651198,1.25592971654268,-6.2765898965024,0.212195699261446,0.999330380285523
"PROBE0769_at","MEOTH038",2,"Microenvironment",45,43,9.41843,9.54781627906977,0.129386279069768,1.09382828888843,0.913021662783779,-6.64497051970481,0.363523097637783,0.999330380285523
"PROBE0770_at","MEOTH039",2,"Microenvironment",45,43,9.27595133333333,9.55256348837209,0.276612155038761,1.21134696583758,1.45785554853738,-6.00698195738349,0.148150726433886,0.950935725171886
"PROBE0771_at","MEOTH040",2,"Microenvironment",45,43,8.74592511111111,9.21089093023256,0.464965819121446,1.38028465078133,2.42705892726037,-4.19457661044867,0.0170909742324512,0.236290959814996
"PROBE0772_at","MEOTH041",2,"Microenvironment",45,43,9.44904533333333,9.57464,0.125594666666666,1.09095732336121,0.767150614582662,-6.76698898011726,0.444878433995401,0.999330380285523
"PROBE0773_at","MEOTH042",2,"Microenvironment",45,43,11.7985464444444,11.8748574418605,0.0763109974160283,1.05431867509081,0.301344693132533,-7.01574154380996,0.763804757840284,0.999330380285523
"PROBE0774_at","MEOTH043",2,"Microenvironment",45,43,9.36943133333333,9.04911581395349,-0.320315519379839,0.800894701667396,-1.91243037511213,-5.26120258460315,0.0588082118482825,0.597392621812775
"PROBE0775_at","MEOTH044",2,"Microenvironment",45,43,7.71966466666667,7.8288888372093,0.109224170542635,1.07864802243311,0.626971283179712,-6.86450741247622,0.532169359688388,0.999330380285523
"PROBE0776_at","MEOTH045",2,"Microenvironment",45,43,9.39499844444444,9.31299488372093,-0.0820035607235159,0.944744709264748,-0.600188453997927,-6.88092760433764,0.549797728968273,0.999330380285523
"PROBE0777_at","MEOTH046",2,"Microenvironment",45,43,7.42034511111111,7.15734767441861,-0.262997436692508,0.833354687820312,-1.66095987008626,-5.69721428689547,0.0999908812355025,0.799575964935009
"PROBE0778_at","MEOTH047",2,"Microenvironment",45,43,8.96158955555556,9.16554325581395,0.203953700258399,1.15185067594765,1.21421705916492,-6.32745448068408,0.227649424597772,0.999330380285523
"PROBE0779_at","MEOTH048",2,"Microenvironment",45,43,9.01119422222222,8.9232888372093,-0.0879053850129186,0.940887810899802,-0.575633943227219,-6.8953565337914,0.566212293540569,0.999330380285523
"PROBE0780_at","MEOTH049",2,"Microenvironment",45,43,11.8920837777778,11.6645276744186,-0.227556103359172,0.854080462316499,-1.2021739568599,-6.34183013083241,0.232259156167561,0.999330380285523
"PROBE0781_at","MEOTH050",2,"Microenvironment",45,43,10.3403708888889,10.1423425581395,-0.198028330749358,0.871741120658166,-0.75165584528379,-6.77872171126187,0.454100643051118,0.999330380285523
"PROBE0782_at","MEOTH051",2,"Microenvironment",45,43,9.800568,10.1025827906977,0.302014790697672,1.23286496489139,1.03877108780853,-6.52309061967354,0.301525813173419,0.999330380285523
"PROBE0783_at","MEOTH052",2,"Microenvironment",45,43,11.4749484444444,11.658221627907,0.18327318346253,1.1354570877971,0.870260107426039,-6.6829014440924,0.386333595061767,0.999330380285523
"PROBE0784_at","MEOTH053",2,"Microenvironment",45,43,7.67048177777778,7.84504465116279,0.174562873385016,1.12862238822004,0.580354041316291,-6.89262932301297,0.563038461568662,0.999330380285523
"PROBE0785_at","MEOTH054",2,"Microenvironment",45,43,11.5503208888889,11.6657809302326,0.115460041343665,1.0833204357322,0.873328787067429,-6.68023902655975,0.384667667250674,0.999330380285523
"PROBE0786_at","MEOTH055",2,"Microenvironment",45,43,10.9958088888889,11.1013613953488,0.105552506459949,1.07590634958893,0.486451072904496,-6.94272432005829,0.627758336250082,0.999330380285523
"PROBE0787_at","MEOTH056",2,"Microenvironment",45,43,10.8186382222222,10.9700806976744,0.151442475452201,1.11067942745612,1.05529841966278,-6.50592919277662,0.293942891368653,0.999330380285523
"PROBE0788_at","MEOTH057",2,"Microenvironment",45,43,11.3720911111111,11.6566534883721,0.284562377260986,1.21804073084971,1.0646929412338,-6.49605628119159,0.289690974287885,0.999330380285523
"PROBE0789_at","MEOTH058",2,"Microenvironment",45,43,8.74004155555556,8.89623906976744,0.15619751421189,1.11434620152459,0.580466118742713,-6.89256429735683,0.562963205873926,0.999330380285523
"PROBE0790_at","MEOTH059",2,"Microenvironment",45,43,8.44801533333333,8.43409441860465,-0.013920914728681,0.990397161772006,-0.0544635104878859,-7.05977948888483,0.956679294670987,0.999330380285523
"PROBE0791_at","MEOTH060",2,"Microenvironment",45,43,10.7046291111111,10.7257497674419,0.0211206563307496,1.01474740899177,0.109870160258175,-7.05521290734746,0.912742168090883,0.999330380285523
"PROBE0792_at","MEOTH061",2,"Microenvironment",45,43,9.28343622222222,9.02347674418605,-0.259959478036173,0.83511137544419,-1.18775463572127,-6.35885934533099,0.237866478995178,0.999330380285523
"PROBE0793_at","MEOTH062",2,"Microenvironment",45,43,9.01357533333333,9.04811627906977,0.034540945736433,1.02423086893628,0.153253487700909,-7.04948839271731,0.878520712926192,0.999330380285523
"PROBE0794_at","MEOTH063",2,"Microenvironment",45,43,10.8410508888889,10.8688937209302,0.027842832041344,1.01948661353894,0.190042788609899,-7.04315565241783,0.849677693408713,0.999330380285523
"PROBE0795_at","MEOTH064",2,"Microenvironment",45,43,10.0625868888889,10.5386306976744,0.476043808785526,1.39092420778443,2.71719386445082,-3.49479813486325,0.00781372514558636,0.120211156085944
"PROBE0796_at","MEOTH065",2,"Microenvironment",45,43,11.30072,11.4465695348837,0.145849534883718,1.10638195755369,0.62517804843191,-6.86562902878763,0.533340518619214,0.999330380285523
"PROBE0797_at","MEOTH066",2,"Microenvironment",45,43,8.45188844444444,8.79078232558139,0.338893881136951,1.26478650630777,2.31952795687378,-4.43625940139887,0.0224903995119035,0.297886086250378
"PROBE0798_at","MEOTH067",2,"Microenvironment",45,43,10.6186231111111,10.5815241860465,-0.0370989250646012,0.974612799761584,-0.273897958977426,-7.02365380185065,0.784752705262615,0.999330380285523
"PROBE0799_at","MEOTH068",2,"Microenvironment",45,43,7.34642044444444,7.29245837209302,-0.0539620723514229,0.963287217971368,-0.275840898107419,-7.02311848872304,0.783264389650442,0.999330380285523
"PROBE0800_at","MEOTH069",0,"Other",45,43,8.48865666666667,8.33687488372093,-0.151781782945736,0.900138071263612,-0.52175923019836,-6.9249168136524,0.603042176737937,0.999330380285523
"PROBE0801_at","MEOTH070",2,"Microenvironment",45,43,9.24329733333333,9.48064953488372,0.237352201550388,1.17882715682698,1.54350740863608,-5.88102558982619,0.126004571780434,0.896779649167807
"PROBE0802_at","MEOTH071",2,"Microenvironment",45,43,9.217726,9.02814255813954,-0.189583441860465,0.876858865577393,-1.29525317713256,-6.22711767467098,0.198345408782499,0.999330380285523
"PROBE0803_at","MEOTH072",2,"Microenvironment",45,43,10.427388,10.4007460465116,-0.0266419534883724,0.981702671541726,-0.203842187501606,-7.04043050871743,0.838909196694136,0.999330380285523
"PROBE0804_at","MEOTH073",2,"Microenvironment",45,43,10.3838957777778,10.3598418604651,-0.0240539173126617,0.983465318650757,-0.117587377566737,-7.05433259044343,0.906640779472335,0.999330380285523
"PROBE0805_at","MEOTH074",2,"Microenvironment",45,43,7.37712111111111,7.33122837209302,-0.0458927390180879,0.968690206387148,-0.219269128785405,-7.03715810412944,0.826906889989829,0.999330380285523
"PROBE0806_at","MEOTH075",2,"Microenvironment",45,43,9.07864266666667,9.24521604651163,0.16657337984496,1.12238947057902,0.892433267335002,-6.66345642017352,0.374396868068927,0.999330380285523
"PROBE0807_at","MEOTH076",2,"Microenvironment",45,43,11.7239384444444,11.6029860465116,-0.120952397932818,0.919580387425443,-0.811900282623865,-6.7317775372922,0.418861579043292,0.999330380285523
"PROBE0808_at","MEOTH077",2,"Microenvironment",45,43,8.61140355555556,8.76969255813954,0.158289002583981,1.11596285109382,0.929625486554769,-6.62976054935592,0.354901497244006,0.999330380285523
"PROBE0809_at","MEOTH078",2,"Microenvironment",45,43,7.160812,7.30625837209302,0.145446372093025,1.10607282103775,1.04283175781587,-6.51889868826765,0.299650583999636,0.999330380285523
"PROBE0810_at","MEOTH079",2,"Microenvironment",45,43,8.81468266666667,9.01075418604651,0.196071519379849,1.14557468666903,1.29376878656229,-6.2290119165215,0.198855736387714,0.999330380285523
"PROBE0811_at","MEOTH080",2,"Microenvironment",45,43,10.1474466666667,10.5683125581395,0.42086589147287,1.33873080686499,1.45171857041039,-6.01574313138124,0.149846814562758,0.950935725171886
"PROBE0812_at","MEOTH081",2,"Microenvironment",45,43,12.0878724444444,12.3353360465116,0.247463602067178,1.18711821023791,1.30998222817814,-6.20820824064867,0.193334243336202,0.999330380285523
"PROBE0813_at","MEOTH082",2,"Microenvironment",45,43,9.76945311111111,9.73837581395349,-0.0310772971576299,0.978689212481718,-0.232135828526679,-7.03424646284221,0.816927666080257,0.999330380285523
"PROBE0814_at","MEOTH083",2,"Microenvironment",45,43,10.0510011111111,10.1130697674419,0.0620686563307515,1.04396160726807,0.34880779050351,-7.00028104133194,0.727999028858087,0.999330380285523
"PROBE0815_at","MEOTH084",2,"Microenvironment",45,43,10.548422,10.8824955813953,0.334073581395344,1.2605676823451,1.62291596376485,-5.7581492891904,0.107893570157696,0.826770652549398
"PROBE0816_at","MEOTH085",2,"Microenvironment",45,43,11.4077788888889,11.4879206976744,0.080141808785525,1.05712194457955,0.524053453637567,-6.92371681701525,0.601451677978588,0.999330380285523
"PROBE0817_at","MEOTH086",2,"Microenvironment",45,43,9.74417444444444,10.0680465116279,0.32387206718346,1.25168545893348,1.18753785711491,-6.35911383905596,0.237951513530705,0.999330380285523
"PROBE0818_at","MEOTH087",2,"Microenvironment",45,43,7.48725,7.39823906976744,-0.0890109302325586,0.940167079532017,-0.722547635670009,-6.80012277268403,0.471717990903175,0.999330380285523
"PROBE0819_at","MEOTH088",2,"Microenvironment",45,43,8.24472577777778,8.39388348837209,0.149157710594318,1.10892186060455,0.804036352297405,-6.7381079263685,0.42336658869499,0.999330380285523
"PROBE0820_at","MEOTH089",2,"Microenvironment",45,43,10.4448746666667,10.6063713953488,0.16149672868217,1.11844687274404,1.2290860816222,-6.30951398007846,0.222049846169106,0.999330380285523
"PROBE0821_at","MEOTH090",2,"Microenvironment",45,43,10.6584937777778,10.9835572093023,0.325063431524551,1.25271951621132,2.55586780605221,-3.89238449805011,0.0121649445822878,0.178154166509502
"PROBE0822_at","MEOTH091",2,"Microenvironment",45,43,10.2136986666667,10.1558423255814,-0.0578563410852642,0.960690521651515,-0.320546859586381,-7.00975797448712,0.749251938805723,0.999330380285523
"PROBE0823_at","MEOTH092",2,"Microenvironment",45,43,9.26747288888889,9.25779162790698,-0.00968126098190858,0.993311926631607,-0.0788659657312163,-7.05814765545832,0.937303729296056,0.999330380285523
"PROBE0824_at","MEOTH093",2,"Microenvironment",45,43,9.30944266666667,9.68635930232558,0.376916635658917,1.29856356467917,1.53292935712825,-5.89695199031013,0.128588997390286,0.907388161747684
"PROBE0825_at","MEOTH094",2,"Microenvironment",45,43,8.98287755555556,9.19942139534884,0.216543839793285,1.16194665797668,0.77630794252292,-6.75994383675922,0.439479549574762,0.999330380285523
"PROBE0826_at","MEOTH095",2,"Microenvironment",45,43,11.8162026666667,11.7549162790698,-0.0612863875968941,0.958409166997481,-0.294401129692162,-7.01781443030733,0.769088348916263,0.999330380285523
"PROBE0827_at","MEOTH096",2,"Microenvironment",45,43,9.69625155555556,9.78212860465116,0.0858770490956093,1.0613327550569,0.321209848767888,-7.00954479564778,0.748751058601141,0.999330380285523
"PROBE0828_at","MEOTH097",2,"Microenvironment",45,43,9.29144622222222,9.55152511627907,0.260078894056848,1.19754419076363,1.68898951447845,-5.65146702739815,0.0944737099505939,0.779702309813954
"PROBE0829_at","MEOTH098",2,"Microenvironment",45,43,9.79316911111111,10.175788372093,0.382619260981915,1.30370663101437,2.98757213998797,-2.7822529053303,0.00357130741386496,0.0578349378763556
"PROBE0830_at","MEOTH099",2,"Microenvironment",45,43,9.53011355555556,9.67982744186046,0.149713886304909,1.10934944528794,0.517840077315907,-6.9269546219956,0.605763614735336,0.999330380285523
"PROBE0831_at","MEOTH100",2,"Microenvironment",45,43,9.49625333333333,9.57691325581395,0.080659922480617,1.05750165595464,0.592159798280317,-6.88571129567414,0.555138553777994,0.999330380285523
"PROBE0832_at","MEOTH101",2,"Microenvironment",45,43,10.7180746666667,10.6266927906977,-0.0913818759689899,0.938623264371256,-0.497944901104848,-6.93706366428155,0.619663988974869,0.999330380285523
"PROBE0833_at","MEOTH102",2,"Microenvironment",45,43,10.66921,10.0011634883721,-0.6680465116279,0.629358296289142,-3.87406204093491,-0.0717773631455234,0.000195793487704315,0.00339036342345134
"PROBE0834_at","MEOTH103",2,"Microenvironment",45,43,8.16180888888889,8.08796395348837,-0.0738449354005173,0.950102496864117,-0.46033716842092,-6.9550962929666,0.646317370573099,0.999330380285523
"PROBE0835_at","MEOTH104",2,"Microenvironment",45,43,10.8977626666667,10.9258081395349,0.0280454728682216,1.01962982060209,0.152722976459512,-7.04956979055299,0.878937934286856,0.999330380285523
"PROBE0836_at","MEOTH105",2,"Microenvironment",45,43,9.99028066666667,9.88510441860465,-0.105176248062012,0.92969135914271,-0.614675154019354,-6.87213429431294,0.540226415965301,0.999330380285523
"PROBE0837_at","MEOTH106",2,"Microenvironment",45,43,8.64410266666667,8.69511395348837,0.0510112868217085,1.03599086852895,0.411400146225341,-6.97645087019013,0.681698026973395,0.999330380285523
"PROBE0838_at","MEOTH107",2,"Microenvironment",45,43,11.3675384444444,11.4405060465116,0.0729676020671839,1.05187815739916,0.476435139398783,-6.94754986479787,0.634849228372226,0.999330380285523
"PROBE0839_at","MEOTH108",2,"Microenvironment",45,43,7.92050133333333,8.22208302325581,0.301581689922483,1.23249491119495,1.93328072887026,-5.22248926394538,0.0561539191797322,0.581905898235566
"PROBE0840_at","MEOTH109",2,"Microenvironment",45,43,11.3256955555556,10.9962765116279,-0.329419043927642,0.795856901310905,-2.42615442687225,-4.19664998526708,0.0171310945865872,0.236290959814996
"PROBE0841_at","MEOTH110",2,"Microenvironment",45,43,9.088998,8.83568279069767,-0.253315209302325,0.838966314317881,-1.70581959698006,-5.62365222979704,0.091281798726721,0.768681969018146
"PROBE0842_at","MEOTH111",2,"Microenvironment",45,43,11.2031577777778,11.1662541860465,-0.0369035917312637,0.974744766150822,-0.299252750548887,-7.01637113519906,0.765395424559933,0.999330380285523
"PROBE0843_at","MEOTH112",2,"Microenvironment",45,43,9.53694533333333,10.03053,0.493584666666672,1.40793884109145,3.30365848941045,-1.8790658095594,0.00134284923285394,0.0225688946698141
"PROBE0844_at","MEOTH113",2,"Microenvironment",45,43,8.08991288888889,7.8660023255814,-0.223910563307497,0.856241363693294,-1.13038025800352,-6.42464005036375,0.26113803433612,0.999330380285523
"PROBE0845_at","MEOTH114",2,"Microenvironment",45,43,10.2629075555556,10.3098897674419,0.0469822118863075,1.03310164968866,0.28497952498611,-7.0205499690114,0.776274973073464,0.999330380285523
"PROBE0846_at","MEOTH115",2,"Microenvironment",45,43,7.97202755555556,8.43489162790698,0.462864072351427,1.37827528870099,2.22343681992337,-4.64394218250809,0.0285365188545952,0.363522533179557
"PROBE0847_at","MEOTH116",2,"Microenvironment",45,43,9.77898244444444,10.0468562790698,0.267873834625325,1.20403208260839,1.79747782226513,-5.46763036727647,0.0754102340340288,0.692986898379596
"PROBE0848_at","MEOTH117",2,"Microenvironment",45,43,9.21165288888889,9.18641720930233,-0.0252356795865616,0.982660057455748,-0.199612502858556,-7.04128607580841,0.842206717557939,0.999330380285523
"PROBE0849_at","MEOTH118",2,"Microenvironment",45,43,8.94434355555556,9.23219813953488,0.28785458397933,1.22082345392783,2.42907137882895,-4.18996104434001,0.0170020094407379,0.236139020010248
"PROBE0850_at","MEOTH119",2,"Microenvironment",45,43,8.77807511111111,8.5912823255814,-0.186792785529722,0.878556646378335,-1.01075626307767,-6.55157514385408,0.314679092075851,0.999330380285523
"PROBE0851_at","MEOTH120",2,"Microenvironment",45,43,9.51622755555556,9.84795511627907,0.331727560723516,1.25851949159292,1.72847305801245,-5.58580386131971,0.0871250517258317,0.752700230892714
"PROBE0852_at","MEOTH121",2,"Microenvironment",45,43,9.55560688888889,9.68460348837209,0.128996599483207,1.09353287996049,0.934818481576301,-6.62494823295774,0.352232148237848,0.999330380285523
"PROBE0853_at","MEOTH122",2,"Microenvironment",45,43,10.6694302222222,10.514566744186,-0.154863478036178,0.898217367005029,-0.918385271786259,-6.64008661653783,0.360723581411084,0.999330380285523
"PROBE0854_at","MEOTH123",2,"Microenvironment",45,43,7.13207888888889,7.36985465116279,0.237775762273905,1.17917329940868,1.82246670431817,-5.42376964986004,0.071503664909423,0.687535239513683
"PROBE0855_at","MEOTH124",2,"Microenvironment",45,43,10.0326364444444,10.2206804651163,0.188044020671832,1.13921813743218,1.17094128635573,-6.37846393889921,0.244526611854128,0.999330380285523
"PROBE0856_at","MEOTH125",2,"Microenvironment",45,43,8.346402,8.11389255813953,-0.232509441860467,0.851153097036121,-0.926042186658827,-6.63306582164273,0.356750959668194,0.999330380285523
"PROBE0857_at","MEOTH126",2,"Microenvironment",45,43,10.4295157777778,10.604981627907,0.1754658501292,1.12932900932746,1.10546781804893,-6.45221567821096,0.271725351178377,0.999330380285523
"PROBE0858_at","MEOTH127",2,"Microenvironment",45,43,6.86658622222222,6.99329488372093,0.12670866149871,1.09180004487826,0.642907608023323,-6.85439975750242,0.521819806948483,0.999330380285523
"PROBE0859_at","MEOTH128",2,"Microenvironment",45,43,9.73245244444444,9.48130046511628,-0.251151979328162,0.840225234847857,-1.76039724734832,-5.53167097930189,0.0815318546827123,0.723120662374389
"PROBE0860_at","MEOTH129",2,"Microenvironment",45,43,8.74573866666667,9.05716232558139,0.311423658914729,1.2409316537003,1.6823703951676,-5.66233518114734,0.0957537025300059,0.783261370388597
"PROBE0861_at","MEOTH130",2,"Microenvironment",45,43,7.43828444444444,7.37458325581395,-0.0637011886304917,0.956806311540753,-0.463121168170159,-6.95380967014799,0.644327842051374,0.999330380285523
"PROBE0862_at","MEOTH131",2,"Microenvironment",45,43,11.1319466666667,11.260101627907,0.128154961240318,1.09289512169655,0.965878932142443,-6.59561552031412,0.336536651475492,0.999330380285523
"PROBE0863_at","MEOTH132",2,"Microenvironment",45,43,7.13046466666667,7.18449511627907,0.0540304496124016,1.03816118180712,0.208941017080324,-7.0393753078683,0.83493789911862,0.999330380285523
"PROBE0864_at","MEOTH133",2,"Microenvironment",45,43,12.7418077777778,12.8809469767442,0.139139198966411,1.10124784727936,1.18858131306419,-6.35788842888706,0.237542402941426,0.999330380285523
"PROBE0865_at","MEOTH134",2,"Microenvironment",45,43,10.837332,11.3312618604651,0.493929860465112,1.4082757590758,2.40249703393854,-4.2506368091235,0.0182106887275844,0.248610085018217
"PROBE0866_at","MEOTH135",2,"Microenvironment",45,43,8.48660888888889,8.71314023255814,0.226531343669253,1.17001850178115,1.32709200004561,-6.1859835311289,0.187632402171556,0.999330380285523
"PROBE0867_at","MEOTH136",2,"Microenvironment",45,43,9.64822333333333,9.57165906976744,-0.0765642635658939,0.948313340465397,-0.432809260703157,-6.96740245104702,0.666126131226068,0.999330380285523
"PROBE0868_at","MEOTH137",2,"Microenvironment",45,43,9.63717888888889,9.78831395348837,0.151135064599485,1.11044278802356,0.764547614593556,-6.76897651421181,0.44642006905124,0.999330380285523
"PROBE0869_at","MEOTH138",2,"Microenvironment",45,43,10.8648548888889,10.8627290697674,-0.00212581912144749,0.998527579545842,-0.0129587047453002,-7.06118305005834,0.989687686596984,0.999330380285523
"PROBE0870_at","MEOTH139",2,"Microenvironment",45,43,9.55089377777778,9.40162348837209,-0.149270289405683,0.901706427550929,-1.03452841116344,-6.52745336152286,0.303493554166484,0.999330380285523
"PROBE0871_at","MEOTH140",2,"Microenvironment",45,43,8.76649288888889,8.83530534883721,0.0688124599483206,1.04885297531678,0.414456252801888,-6.97518720423294,0.679466530456303,0.999330380285523
"PROBE0872_at","MEOTH141",2,"Microenvironment",45,43,10.8816322222222,10.960448372093,0.0788161498708053,1.05615102595984,0.30005212165313,-7.01613107311817,0.764787481455196,0.999330380285523
"PROBE0873_at","MEOTH142",2,"Microenvironment",45,43,8.82680022222222,8.53683627906977,-0.289963943152458,0.817922500395818,-1.66708893901179,-5.68727268208909,0.0987626930334467,0.798082367947044
"PROBE0874_at","MEOTH143",2,"Microenvironment",45,43,9.65335555555555,9.86627325581395,0.212917700258398,1.15902983219531,0.956619521587413,-6.60445827477588,0.341167100301525,0.999330380285523
"PROBE0875_at","MEOTH144",2,"Microenvironment",45,43,10.4640006666667,10.6892039534884,0.225203286821699,1.16894194986388,1.10579720275202,-6.4518549874864,0.271583448558293,0.999330380285523
"PROBE0876_at","MEOTH145",2,"Microenvironment",45,43,10.3194315555556,9.92007767441861,-0.399353881136948,0.758197770246377,-2.10789753353981,-4.88314404684331,0.0376502522621483,0.437793630955213
"PROBE0877_at","MEOTH146",2,"Microenvironment",45,43,9.26548866666667,9.43686906976744,0.171380403100775,1.12613548114535,0.576700142031764,-6.89474243169697,0.56549461096362,0.999330380285523
"PROBE0878_at","MEOTH147",2,"Microenvironment",45,43,11.2628808888889,11.4942704651163,0.231389576227397,1.17396514559275,1.06696115876451,-6.49365975559367,0.288670724879238,0.999330380285523
"PROBE0879_at","MEOTH148",2,"Microenvironment",45,43,10.4923822222222,10.2554713953488,-0.236910826873384,0.848560349686142,-1.00230198834817,-6.56002147613196,0.31872263402112,0.999330380285523
"PROBE0880_at","MEOTH149",2,"Microenvironment",45,43,10.3737993333333,10.214028372093,-0.159770961240312,0.895167174213472,-1.09495172254412,-6.46367620497127,0.276282924156765,0.999330380285523
"PROBE0881_at","MEOTH150",2,"Microenvironment",45,43,9.01213688888889,9.08422348837209,0.0720865994832049,1.05123600888377,0.502745355989136,-6.9346605325584,0.616297080542387,0.999330380285523
"PROBE0882_at","MEOTH151",2,"Microenvironment",45,43,9.44499533333333,9.55968511627907,0.114689782945739,1.08274220268545,0.734370083873397,-6.79153138842435,0.464516840697847,0.999330380285523
"PROBE0883_at","MEOTH152",2,"Microenvironment",45,43,9.01492555555556,8.9128488372093,-0.102076718346249,0.931690883363126,-0.815770435093845,-6.72863979012235,0.41665504365831,0.999330380285523
"PROBE0884_at","MEOTH153",2,"Microenvironment",45,43,11.1322862222222,11.0413441860465,-0.0909420361757114,0.938909469556608,-0.458998825781124,-6.95571205795147,0.64727470605961,0.999330380285523
"PROBE0885_at","MEOTH154",2,"Microenvironment",45,43,9.95808977777778,10.2976344186047,0.339544640826873,1.2653571450857,1.36261828891539,-6.13894978835486,0.176197426784826,0.999330380285523
"PROBE0886_at","MEOTH155",2,"Microenvironment",45,43,11.1690824444444,11.2077960465116,0.038713602067185,1.02719750408025,0.326700040782493,-7.00776257982518,0.744607441128621,0.999330380285523
"PROBE0887_at","MEOTH156",2,"Microenvironment",45,43,8.479906,8.57391186046512,0.0940058604651206,1.06732967370026,0.606298405857597,-6.87724428782471,0.545750571116597,0.999330380285523
"PROBE0888_at","MEOTH157",2,"Microenvironment",45,43,10.1038028888889,10.1752234883721,0.0714205994832042,1.05075083247025,0.354614376042811,-6.99823502309604,0.723657897295181,0.999330380285523
"PROBE0889_at","MEOTH158",2,"Microenvironment",45,43,8.68846466666667,8.64203302325581,-0.0464316434108518,0.968328429362224,-0.318525262997487,-7.01040528926296,0.750779892787618,0.999330380285523
"PROBE0890_at","MEOTH159",2,"Microenvironment",45,43,11.146432,11.1313453488372,-0.0150866511627861,0.989597217433057,-0.0944030379452557,-7.05679747251644,0.924986164912781,0.999330380285523
"PROBE0891_at","MEOTH160",2,"Microenvironment",45,43,10.0962635555556,10.235631627907,0.139368072351418,1.1014225663358,1.12963135798983,-6.42547773326226,0.261452019364717,0.999330380285523
"PROBE0892_at","MEOTH161",2,"Microenvironment",45,43,10.511672,10.8937734883721,0.382101488372095,1.30323882427099,1.45272140436576,-6.01431389809024,0.149568635671855,0.950935725171886
"PROBE0893_at","MEOTH162",2,"Microenvironment",45,43,11.7333173333333,11.6634137209302,-0.0699036124031007,0.952701646668337,-0.295628307506762,-7.01745158537057,0.76815374728274,0.999330380285523
"PROBE0894_at","MEOTH163",2,"Microenvironment",45,43,8.60769533333333,8.70004325581395,0.0923479224806201,1.0661038082479,0.528065364515083,-6.92160580159188,0.598675002445172,0.999330380285523
"PROBE0895_at","MEOTH164",2,"Microenvironment",45,43,8.93079555555556,8.96600255813953,0.0352070025839826,1.02470384033023,0.258129010181449,-7.02785864915581,0.796861045999303,0.999330380285523
"PROBE0896_at","MEOTH165",2,"Microenvironment",45,43,7.991344,8.2778811627907,0.286537162790696,1.2197091473537,2.13134343905809,-4.83554027275555,0.035620034829868,0.419059233292565
"PROBE0897_at","MEOTH166",2,"Microenvironment",45,43,10.234334,10.3252372093023,0.0909032093023274,1.06503674746891,0.353512230339307,-6.99862596751115,0.72448119682139,0.999330380285523
"PROBE0898_at","MEOTH167",2,"Microenvironment",45,43,11.91888,11.9464241860465,0.0275441860465158,1.01927559591262,0.118336926045456,-7.05424390629984,0.906048463327806,0.999330380285523
"PROBE0899_at","MEOTH168",2,"Microenvironment",45,43,9.42167444444445,10.0077062790698,0.586031834625325,1.50111222081246,2.01803696367259,-5.06113790218007,0.0463836994919054,0.513946808774575
"PROBE0900_at","MEOTH169",2,"Microenvironment",45,43,9.27457266666667,9.48065465116279,0.206081984496125,1.15355115642085,1.46903791279113,-5.99092712162926,0.14509858220645,0.950935725171886
"PROBE0901_at","MEOTH170",2,"Microenvironment",45,43,10.3429555555556,10.4661018604651,0.123146304909564,1.08910745703326,0.896048582870415,-6.66024030410675,0.372472787676116,0.999330380285523
"PROBE0902_at","MEOTH171",2,"Microenvironment",45,43,9.19040088888889,9.41671837209302,0.226317483204133,1.16984507486219,1.45718502231492,-6.00794092325837,0.148335313019007,0.950935725171886
"PROBE0903_at","MEOTH172",2,"Microenvironment",45,43,7.99517555555556,8.10557186046512,0.110396304909566,1.07952473866634,0.846755949964905,-6.70298789060999,0.39924138837803,0.999330380285523
"PROBE0904_at","MEOTH173",2,"Microenvironment",45,43,9.02425355555556,8.48675697674419,-0.537496578811366,0.688965392264666,-2.45054542977136,-4.14050008481672,0.0160780944271504,0.224084939751226
"PROBE0905_at","MEOTH174",2,"Microenvironment",45,43,10.9090255555556,11.1830979069767,0.274072351421193,1.20921631673308,1.69217495146126,-5.64622242713449,0.0938626997447861,0.777330846747711
"PROBE0906_at","MEOTH175",2,"Microenvironment",45,43,7.86734355555556,8.28079279069767,0.413449235142116,1.33186627328083,2.29319409891594,-4.49395819053922,0.024023226464292,0.31505870772842
"PROBE0907_at","MEOTH176",2,"Microenvironment",45,43,10.2271904444444,10.6210760465116,0.393885602067181,1.31392743566204,2.00447611831751,-5.08738178903329,0.047841732655548,0.522951192671949
"PROBE0908_at","MEOTH177",2,"Microenvironment",45,43,9.56446111111111,9.41968744186046,-0.144773669250647,0.904521268198478,-0.854216675895342,-6.69667068285856,0.395115895815074,0.999330380285523
"PROBE0909_at","MEOTH178",2,"Microenvironment",45,43,7.72036355555556,7.69934418604651,-0.0210193695090437,0.985536105121068,-0.156584354858761,-7.04897088206785,0.875901935066807,0.999330380285523
"PROBE0910_at","MEOTH179",2,"Microenvironment",45,43,9.85005977777778,9.92697348837209,0.076913710594317,1.05475922870475,0.246592836127894,-7.0307771522897,0.805750955987853,0.999330380285523
"PROBE0911_at","MEOTH180",2,"Microenvironment",45,43,9.81848866666667,10.2065197674419,0.388031100775203,1.30860628131916,2.70028588279748,-3.53744992109903,0.00819190639276176,0.125546458126617
"PROBE0912_at","MEOTH181",2,"Microenvironment",45,43,6.918828,6.86086186046512,-0.0579661395348836,0.96061740965417,-0.488307015153242,-6.9418191812884,0.626448199850049,0.999330380285523
"PROBE0913_at","MEOTH182",2,"Microenvironment",45,43,9.43246755555556,9.75879534883721,0.326327793281653,1.25381786676952,1.35513766960324,-6.14895286575389,0.178560307897593,0.999330380285523
"PROBE0914_at","MEOTH183",2,"Microenvironment",45,43,7.12970022222222,7.02118976744186,-0.108510454780357,0.92754523407991,-0.487092101183356,-6.9424120797512,0.627305690128242,0.999330380285523
"PROBE0915_at","MEOTH184",2,"Microenvironment",45,43,11.296858,11.0414323255814,-0.255425674418596,0.837739918827514,-1.12868160939051,-6.42653929822371,0.261850593612366,0.999330380285523
"PROBE0916_at","MEOTH185",2,"Microenvironment",45,43,9.60579555555556,9.65926441860465,0.0534688630490905,1.0377571436042,0.323598876469374,-7.00877297775533,0.746947071741668,0.999330380285523
"PROBE0917_at","MEOTH186",2,"Microenvironment",45,43,10.0345035555556,10.1172304651163,0.0827269095607264,1.05901785224211,0.622113899128122,-6.86753819122775,0.53534476820646,0.999330380285523
"PROBE0918_at","MEOTH187",2,"Microenvironment",45,43,10.3685368888889,10.0397330232558,-0.328803865633077,0.79619633429977,-1.26711538471108,-6.26266740703179,0.208185602469193,0.999330380285523
"PROBE0919_at","MEOTH188",2,"Microenvironment",45,43,9.55317644444444,9.32944837209302,-0.223728072351424,0.856349679161047,-1.03298920626906,-6.52903180938085,0.304209570890278,0.999330380285523
"PROBE0920_at","MEOTH189",2,"Microenvironment",45,43,8.627716,9.04034046511628,0.412624465116275,1.33110508022548,1.935505067171,-5.218336371694,0.0558768319527774,0.58053851379509
"PROBE0921_at","MEOTH190",2,"Microenvironment",45,43,10.4059568888889,10.1208993023256,-0.285057586563308,0.82070884877182,-1.10776485463545,-6.44969814088321,0.270736835872053,0.999330380285523
"PROBE0922_at","MEOTH191",2,"Microenvironment",45,43,9.72087422222222,9.52634930232558,-0.194524919896642,0.873860611220397,-1.17519409472246,-6.37353075476626,0.242829549015309,0.999330380285523
"PROBE0923_at","MEOTH192",2,"Microenvironment",45,43,8.35540466666667,8.52201488372093,0.166610217054266,1.12241812959741,0.863067212868733,-6.68910592077114,0.390255977387396,0.999330380285523
"PROBE0924_at","MEOTH193",2,"Microenvironment",45,43,8.35763511111111,8.21732302325581,-0.140312087855298,0.907322859449416,-1.12680369256492,-6.42863574825931,0.262639940460543,0.999330380285523
"PROBE0925_at","MEOTH194",2,"Microenvironment",45,43,9.03366911111111,9.21826744186047,0.184598330749353,1.13650050936183,1.16596920261429,-6.38420943546861,0.246521400389971,0.999330380285523
"PROBE0926_at","MEOTH195",2,"Microenvironment",45,43,10.8457028888889,11.1390553488372,0.293352459948318,1.22548468935731,1.84311279340936,-5.38710557401779,0.0684044467867507,0.662755571257945
"PROBE0927_at","MEOTH196",2,"Microenvironment",45,43,10.2642775555556,10.5847453488372,0.320467793281653,1.24873538520606,2.05019868635879,-4.9982476460273,0.0430769184025132,0.484010319129362
"PROBE0928_at","MEOTH197",2,"Microenvironment",45,43,8.25448333333333,8.47102046511628,0.216537131782948,1.16194125535738,1.64538604756895,-5.72232016364865,0.103167386645945,0.813943878863475
"PROBE0929_at","MEOTH198",2,"Microenvironment",45,43,10.7256117777778,10.4297637209302,-0.295848056847548,0.814593350683416,-1.56190685577081,-5.85307515953791,0.121607314785844,0.883951375656098
"PROBE0930_at","MEOTH199",2,"Microenvironment",45,43,8.39105755555556,8.47222976744186,0.0811722118863081,1.05787723296562,0.376314004540456,-6.99029074801628,0.707515565166789,0.999330380285523
"PROBE0931_at","MEOTH200",2,"Microenvironment",45,43,9.20913488888889,9.03787093023256,-0.171263958656327,0.888064298781007,-0.764570398060009,-6.76895914672473,0.446406562084228,0.999330380285523
"PROBE0932_at","MEOTH201",2,"Microenvironment",45,43,10.5517533333333,10.3158081395349,-0.235945193798448,0.849128503176522,-1.54344505418978,-5.88111977645375,0.126019684889666,0.896779649167807
"PROBE0933_at","MEOTH202",2,"Microenvironment",45,43,11.5261382222222,11.5493104651163,0.0231722428940557,1.01619145852103,0.101541567954066,-7.05609596017135,0.919332778076953,0.999330380285523
"PROBE0934_at","MEOTH203",2,"Microenvironment",45,43,8.29088222222222,8.30660813953488,0.0157259173126629,1.01096000078724,0.0870266914419422,-7.05746866831034,0.930831933153547,0.999330380285523
"PROBE0935_at","MEOTH204",2,"Microenvironment",45,43,8.65329333333333,9.01491604651163,0.361622713178297,1.28487028029664,2.15506358013323,-4.78689299294956,0.0336632846842595,0.40558174318385
"PROBE0936_at","MEOTH205",2,"Microenvironment",45,43,9.75808111111111,9.89680186046512,0.138720749354007,1.1009284797769,0.781770322856693,-6.75570207841281,0.436277368783017,0.999330380285523
"PROBE0937_at","MEOTH206",2,"Microenvironment",45,43,9.41739577777778,9.22401813953488,-0.193377638242891,0.874555812189115,-1.2845163285512,-6.24077176514031,0.2020586868464,0.999330380285523
"PROBE0938_at","MEOTH207",2,"Microenvironment",45,43,9.30010244444444,8.92608604651163,-0.374016397932818,0.771631316978487,-2.57262996867696,-3.85205588406817,0.0116281723512274,0.172909626040556
"PROBE0939_at","MEOTH208",2,"Microenvironment",45,43,10.373706,10.4209611627907,0.0472551627906981,1.03329712600105,0.234725541950386,-7.0336403855452,0.814922704997843,0.999330380285523
"PROBE0940_at","MEOTH209",2,"Microenvironment",45,43,7.96642955555556,8.11046465116279,0.144035095607233,1.10499136495833,0.690872045070125,-6.82246144406998,0.491316520295044,0.999330380285523
"PROBE0941_at","MEOTH210",2,"Microenvironment",45,43,8.36357066666667,8.51874325581395,0.155172589147286,1.11355482446906,1.17302552977364,-6.37604842354354,0.243693850697301,0.999330380285523
"PROBE0942_at","MEOTH211",2,"Microenvironment",45,43,10.6559344444444,11.0259823255814,0.370047881136941,1.29239572282743,2.26612738243815,-4.55264775283032,0.0256938733101999,0.333686666366233
"PROBE0943_at","MEOTH212",2,"Microenvironment",45,43,10.9769751111111,11.0700118604651,0.0930367493540079,1.06661295000928,0.398091261513798,-6.98184527412309,0.691448648277829,0.999330380285523
"PROBE0944_at","MEOTH213",2,"Microenvironment",45,43,9.08418555555556,9.08403325581395,-0.000152299741600359,0.999894439435418,-0.000939304438821155,-7.06126683618353,0.99925249672413,0.999818966729852
"PROBE0945_at","MEOTH214",2,"Microenvironment",45,43,9.33692488888889,9.71204511627907,0.375120227390182,1.29694763163716,2.55877762197717,-3.88540014714067,0.0120701932775321,0.178154166509502
"PROBE0946_at","MEOTH215",2,"Microenvironment",45,43,9.23822777777778,9.25610023255814,0.0178724547803633,1.0124652937575,0.118024318832113,-7.05428096145161,0.90629548868081,0.999330380285523
"PROBE0947_at","MEOTH216",2,"Microenvironment",45,43,9.26392444444445,9.60688581395349,0.342961369509043,1.26835743655127,1.38304277732348,-6.11136862291589,0.169866630425835,0.989347380354554
"PROBE0948_at","MEOTH217",2,"Microenvironment",45,43,9.71038577777778,9.71674348837209,0.00635771059431889,1.00441655352422,0.0458480740248711,-7.06021295375063,0.963526774624777,0.999330380285523
"PROBE0949_at","MEOTH218",2,"Microenvironment",45,43,10.900826,11.2006788372093,0.299852837209309,1.23101883628103,1.63290906949478,-5.74227253454112,0.105770625142069,0.82191752634415
"PROBE0950_at","MEOTH219",2,"Microenvironment",45,43,8.60297777777778,8.52075186046512,-0.0822259173126625,0.944599110910681,-0.595366090633728,-6.88380856852878,0.553002577341784,0.999330380285523
"PROBE0951_at","MEOTH220",2,"Microenvironment",45,43,10.3881744444444,10.5371065116279,0.148932067183463,1.10874843424823,0.619221961844656,-6.86933151978906,0.537239904956463,0.999330380285523
"PROBE0952_at","MEOTH221",2,"Microenvironment",45,43,9.91957355555556,9.93647953488372,0.0169059793281701,1.01178726053699,0.0886971717212963,-7.05732144589305,0.929507730823667,0.999330380285523
"PROBE0953_at","MEOTH222",2,"Microenvironment",45,43,8.33811555555556,8.43986441860465,0.101748863049092,1.07307347500926,0.727692188413897,-6.79640116734176,0.468576743956778,0.999330380285523
"PROBE0954_at","MEOTH223",2,"Microenvironment",45,43,10.3812053333333,10.570011627907,0.188806294573642,1.13982022289503,1.5117127496415,-5.92858151559139,0.133898611856476,0.931468604218963
"PROBE0955_at","MEOTH224",2,"Microenvironment",45,43,8.740368,8.91178348837209,0.171415488372098,1.12616286825643,0.863667897776609,-6.68858971932843,0.389927477937394,0.999330380285523
"PROBE0956_at","MEOTH225",2,"Microenvironment",45,43,9.011612,8.88108139534884,-0.130530604651161,0.913495416592243,-0.777927242882048,-6.7586894471008,0.438528849591495,0.999330380285523
"PROBE0957_at","MEOTH226",2,"Microenvironment",45,43,11.4422733333333,11.447651627907,0.00537829457364936,1.00373490716749,0.0330206131744286,-7.06072038255858,0.973726847714063,0.999330380285523
"PROBE0958_at","MEOTH227",2,"Microenvironment",45,43,12.1169373333333,11.8270030232558,-0.289934310077523,0.817939300763865,-1.70194616637548,-5.63007677547364,0.0920085040488885,0.768681969018146
"PROBE0959_at","MEOTH228",2,"Microenvironment",45,43,9.04659688888889,9.32431302325581,0.277716134366923,1.21227426770482,1.80625772419407,-5.45228421766114,0.074017950646835,0.692986898379596
"PROBE0960_at","MEOTH229",2,"Microenvironment",45,43,10.472716,10.2957111627907,-0.177004837209305,0.884537469562664,-1.0248271017924,-6.53736360202194,0.308025498828796,0.999330380285523
"PROBE0961_at","MEOTH230",2,"Microenvironment",45,43,9.09389644444444,9.27281790697674,0.178921462532303,1.13203727456058,1.10533098092901,-6.45236549007947,0.271784317301817,0.999330380285523
"PROBE0962_at","MEOTH231",2,"Microenvironment",45,43,9.01641977777778,9.13729139534884,0.120871617571057,1.08739162183212,0.67851132423137,-6.83090976633979,0.499083250224524,0.999330380285523
"PROBE0963_at","MEOTH232",2,"Microenvironment",45,43,7.62901555555556,7.99630558139535,0.367290025839793,1.28992753949089,2.18759509722664,-4.7193813284072,0.0311318742000135,0.3855340458206
"PROBE0964_at","MEOTH233",2,"Microenvironment",45,43,8.39995888888889,8.2304111627907,-0.169547726098193,0.889121370255197,-1.27982676465251,-6.24670105645385,0.203696600410954,0.999330380285523
"PROBE0965_at","MEOTH234",2,"Microenvironment",45,43,9.86201511111111,10.5979025581395,0.735887447028434,1.66542160753545,2.41903974757152,-4.21293506251845,0.017449613227292,0.239857226491987
"PROBE0966_at","MEOTH235",2,"Microenvironment",45,43,10.8302022222222,10.7636337209302,-0.066568501291993,0.954906576458416,-0.313924905914959,-7.01186309142087,0.754260607421005,0.999330380285523
"PROBE0967_at","MEOTH236",2,"Microenvironment",45,43,9.67027866666667,9.50189325581395,-0.168385410852713,0.889837984442052,-1.11862640282397,-6.43772499740335,0.266096558493892,0.999330380285523
"PROBE0968_at","MEOTH237",2,"Microenvironment",45,43,8.74498977777778,8.85915325581395,0.114163478036177,1.08234728304511,0.55129592978244,-6.90906759911413,0.582714329356278,0.999330380285523
"PROBE0969_at","MEOTH238",2,"Microenvironment",45,43,12.6637962222222,12.7394323255814,0.0756361033591695,1.05382557919668,0.397745875706773,-6.98198291373054,0.691702393659633,0.999330380285523
"PROBE0970_at","MEOTH239",2,"Microenvironment",45,43,8.948244,8.92196976744186,-0.0262742325581389,0.981952924449666,-0.118748681930281,-7.05419494894473,0.905723103793358,0.999330380285523
"PROBE0971_at","MEOTH240",2,"Microenvironment",45,43,8.59811266666667,8.35073558139535,-0.24737708527131,0.842426610969833,-1.24504801050151,-6.29001944119079,0.216150937967364,0.999330380285523
"PROBE0152_at","PCADV001",1,"PlasmaCells",45,43,4.20246577777778,4.46082,0.258354222222222,1.19611344022756,1.64733650117666,-5.71918815678325,0.1027651535545,0.813943878863475
"PROBE0153_at","PCADV002",1,"PlasmaCells",45,43,8.90108777777778,8.84663604651163,-0.0544517312661483,0.962960328279783,-0.292008517085912,-7.01851753215092,0.770911508721429,0.999330380285523
"PROBE0154_at","PCADV003",1,"PlasmaCells",45,43,7.87894977777778,7.61779697674419,-0.26115280103359,0.834420899948988,-1.35203166398967,-6.15309064824018,0.179548398591103,0.999330380285523
"PROBE0155_at","PCADV004",1,"PlasmaCells",45,43,8.33739466666667,8.23851162790698,-0.098883038759686,0.93375564268103,-0.426025570173029,-6.97031901554953,0.671044841764267,0.999330380285523
"PROBE0156_at","PCADV005",1,"PlasmaCells",45,43,7.34158866666667,7.09512604651163,-0.246462620155042,0.8429607598588,-0.866881912782669,-6.68582173371707,0.388172717046313,0.999330380285523
"PROBE0157_at","PCADV006",1,"PlasmaCells",45,43,8.21047577777778,8.56598093023256,0.35550515245478,1.27943349009545,1.33094133980584,-6.180945137747,0.186367156015391,0.999330380285523
"PROBE0158_at","PCADV007",1,"PlasmaCells",45,43,7.67035577777778,7.36236,-0.307995777777777,0.807763141623069,-1.35409643091148,-6.15034100908781,0.178891090606923,0.999330380285523
"PROBE0159_at","PCADV008",1,"PlasmaCells",45,43,8.20476333333333,8.27018,0.0654166666666622,1.0463871046025,0.356269040314229,-6.9976458147361,0.722422477895353,0.999330380285523
"PROBE0160_at","PCADV009",1,"PlasmaCells",45,43,8.23072733333333,8.32532348837209,0.0945961550387651,1.06776647275209,0.510237045576705,-6.93086433356142,0.61105897703551,0.999330380285523
"PROBE0161_at","PCADV010",1,"PlasmaCells",45,43,6.28368977777778,6.08484046511628,-0.198849312661498,0.871245187646319,-0.87840024165462,-6.67581876727028,0.381924269769029,0.999330380285523
"PROBE0162_at","PCADV011",1,"PlasmaCells",45,43,8.346136,8.58114534883721,0.235009348837211,1.17691436374055,1.41465260403993,-6.06790623487986,0.16041234347692,0.969471743434338
"PROBE0163_at","PCADV012",1,"PlasmaCells",45,43,7.912104,8.3468911627907,0.434787162790697,1.35171140369811,2.21406265330294,-4.66377961476447,0.0291963606093636,0.368510458630932
"PROBE0164_at","PCADV013",1,"PlasmaCells",45,43,8.99203133333333,9.32718209302326,0.335150759689922,1.26150922796001,1.14332905911924,-6.41007072302001,0.255750944690656,0.999330380285523
"PROBE0165_at","PCADV014",1,"PlasmaCells",45,43,7.55089311111111,7.71609930232558,0.165206191214469,1.12132632749865,0.708433989008209,-6.81019855940704,0.480395987254731,0.999330380285523
"PROBE0166_at","PCADV015",1,"PlasmaCells",45,43,9.82051466666667,10.0125844186047,0.192069751937982,1.14240147875034,1.13960223260501,-6.41428050745182,0.257293315305231,0.999330380285523
"PROBE0167_at","PCADV016",1,"PlasmaCells",45,43,8.00696288888889,7.98564441860465,-0.0213184702842346,0.985331804107815,-0.105576962711045,-7.05567678736791,0.916138744005588,0.999330380285523
"PROBE0168_at","PCADV017",1,"PlasmaCells",45,43,8.14059911111111,8.29020534883721,0.149606237726097,1.10926667281518,0.82105782378768,-6.72432922938381,0.413651766055461,0.999330380285523
"PROBE0169_at","PCADV018",1,"PlasmaCells",45,43,6.36982844444444,6.79200279069767,0.422174346253229,1.33994552186288,1.657812945674,-5.70230530437754,0.100626275284491,0.799575964935009
"PROBE0170_at","PCADV019",1,"PlasmaCells",45,43,6.32958311111111,6.41502069767442,0.0854375865633097,1.06100950937008,0.506999276337699,-6.93251183296738,0.613320329933933,0.999330380285523
"PROBE0171_at","PCADV020",1,"PlasmaCells",45,43,8.92401222222222,9.12689627906977,0.202884056847546,1.15099698696759,1.17812393694194,-6.37012208190376,0.241665313024449,0.999330380285523
"PROBE0172_at","PCADV021",1,"PlasmaCells",45,43,8.53182622222222,8.31604162790698,-0.215784594315245,0.861077744402178,-1.00058896161565,-6.56172443089039,0.319546138784103,0.999330380285523
"PROBE0173_at","PCADV022",1,"PlasmaCells",45,43,10.2276297777778,10.1707841860465,-0.0568455917312658,0.961363815398634,-0.201884781232615,-7.04082867463604,0.840434864456142,0.999330380285523
"PROBE0174_at","PCADV023",1,"PlasmaCells",45,43,7.23501066666667,7.55059,0.315579333333334,1.24451130299543,1.37375540746793,-6.12395915173799,0.172723550894541,0.995409041977317
"PROBE0175_at","PCADV024",1,"PlasmaCells",45,43,8.07729711111111,8.12346,0.0461628888888868,1.03251510602616,0.193957345035445,-7.04240197981243,0.846619942125608,0.999330380285523
"PROBE0176_at","PCADV025",1,"PlasmaCells",45,43,6.95739466666667,6.72968348837209,-0.227711178294575,0.853988662351361,-1.47528337133886,-5.98190931968319,0.143415347481189,0.950935725171886
"PROBE0177_at","PCADV026",1,"PlasmaCells",45,43,8.41392822222222,8.53385674418605,0.119928521963825,1.08668102179923,0.554391139928452,-6.9073565354255,0.580603064127132,0.999330380285523
"PROBE0178_at","PCADV027",1,"PlasmaCells",45,43,9.37850577777778,9.48031930232558,0.101813524547801,1.07312157117105,0.640493000728691,-6.85594739668929,0.523381144427737,0.999330380285523
"PROBE0179_at","PCADV028",1,"PlasmaCells",45,43,8.50229377777778,8.76725651162791,0.264962733850131,1.20160501055501,1.59358064077734,-5.80422332217836,0.114324028917792,0.859579164795426
"PROBE0180_at","PCADV029",1,"PlasmaCells",45,43,8.61932911111111,8.79439023255814,0.17506112144703,1.12901223570445,1.09660727312934,-6.46187905558856,0.275561934187437,0.999330380285523
"PROBE0181_at","PCADV030",1,"PlasmaCells",45,43,7.01302244444444,7.22197837209302,0.208955927648582,1.1558513963433,0.907651652201034,-6.64983209044891,0.366339746593457,0.999330380285523
"PROBE0182_at","PCADV031",1,"PlasmaCells",45,43,7.51095666666667,7.84419813953488,0.333241472868214,1.25984082971957,1.51762636508274,-5.9198077601321,0.132401655878877,0.925885705446693
"PROBE0183_at","PCADV032",1,"PlasmaCells",45,43,7.17938488888889,7.18836837209302,0.00898348320413511,1.00624630335011,0.040236580581298,-7.06045524225225,0.967988246750779,0.999330380285523
"PROBE0184_at","PCADV033",1,"PlasmaCells",45,43,8.82801733333333,8.82468488372093,-0.00333244961240453,0.997692787662226,-0.0200591545180728,-7.06106546001038,0.9840379015066,0.999330380285523
"PROBE0185_at","PCADV034",1,"PlasmaCells",45,43,5.66151333333333,5.52114465116279,-0.140368682170545,0.907287267513958,-0.615726300992988,-6.8714881601407,0.539535234880028,0.999330380285523
"PROBE0186_at","PCADV035",1,"PlasmaCells",45,43,5.18516422222222,5.25470372093023,0.0695394987080125,1.04938167259529,0.344824020438884,-7.00166528167181,0.730982528426401,0.999330380285523
"PROBE0187_at","PCADV036",1,"PlasmaCells",45,43,7.28480733333333,7.36402186046512,0.0792145271317812,1.05644270551619,0.450826176160008,-6.95943352261021,0.653133537507069,0.999330380285523
"PROBE0188_at","PCADV037",1,"PlasmaCells",45,43,5.79420488888889,6.0085,0.214295111111109,1.16013694255183,1.14163737730171,-6.4119832866336,0.256450247213121,0.999330380285523
"PROBE0189_at","PCADV038",1,"PlasmaCells",45,43,7.07777977777778,7.01058558139535,-0.0671941963824301,0.954492524427141,-0.412425728438612,-6.97602784231402,0.680948854622383,0.999330380285523
"PROBE0190_at","PCADV039",1,"PlasmaCells",45,43,8.03539866666667,7.92642488372093,-0.108973782945736,0.927247396479125,-0.521656653991721,-6.92497034401629,0.603113333834989,0.999330380285523
"PROBE0191_at","PCADV040",1,"PlasmaCells",45,43,8.09488177777778,8.06295674418605,-0.031925033591726,0.978114297639998,-0.191391807676008,-7.04289765864606,0.848623681295219,0.999330380285523
"PROBE0192_at","PCADV041",1,"PlasmaCells",45,43,8.23937311111111,8.40182,0.162446888888889,1.11918372544493,0.643691663670797,-6.85389597646153,0.521313343360841,0.999330380285523
"PROBE0193_at","PCADV042",1,"PlasmaCells",45,43,7.575032,7.58236069767442,0.00732869767441802,1.00509279052561,0.039219997880196,-7.06049575600421,0.968796603707723,0.999330380285523
"PROBE0194_at","PCADV043",1,"PlasmaCells",45,43,7.86520688888889,7.9457923255814,0.0805854366925072,1.05744705896174,0.392313388347011,-6.98413214692824,0.695698101617905,0.999330380285523
"PROBE0195_at","PCADV044",1,"PlasmaCells",45,43,7.01544022222222,6.98840255813954,-0.0270376640826839,0.981433441478854,-0.0903205498538054,-7.05717569331931,0.928221056602668,0.999330380285523
"PROBE0196_at","PCADV045",1,"PlasmaCells",45,43,8.582732,8.70081279069768,0.118080790697672,1.08529014625933,0.412369922910163,-6.97605088774559,0.680989611504878,0.999330380285523
"PROBE0197_at","PCADV046",1,"PlasmaCells",45,43,8.23614911111111,8.33822976744186,0.102080656330751,1.07332029052047,0.43460196786488,-6.96662403194618,0.664828698953291,0.999330380285523
"PROBE0198_at","PCADV047",1,"PlasmaCells",45,43,8.18155355555556,8.40007720930233,0.218523653746772,1.16354229483147,1.22714015840912,-6.3118739035718,0.222776917446846,0.999330380285523
"PROBE0199_at","PCADV048",1,"PlasmaCells",45,43,6.62808177777778,6.5972476744186,-0.0308341033591724,0.97885420314304,-0.2244188278159,-7.0360126652879,0.822909352421776,0.999330380285523
"PROBE0200_at","PCADV049",1,"PlasmaCells",45,43,7.99436511111111,8.01353372093023,0.0191686098191202,1.01337532785285,0.0592161383585371,-7.05950850787621,0.952903300403375,0.999330380285523
"PROBE0201_at","PCADV050",1,"PlasmaCells",45,43,9.00958422222222,9.23875162790698,0.22916740568475,1.17215828925519,1.04973880930234,-6.51173165049029,0.296479071814074,0.999330380285523
"PROBE0202_at","PCADV051",1,"PlasmaCells",45,43,7.27476311111111,7.19162023255814,-0.0831428785529695,0.943998924769516,-0.3322817849247,-7.00591975092229,0.74040241017945,0.999330380285523
"PROBE0203_at","PCADV052",1,"PlasmaCells",45,43,9.42862933333333,9.40053186046512,-0.0280974728682182,0.980712741812222,-0.107806280576843,-7.05543821648935,0.914374814457807,0.999330380285523
"PROBE0204_at","PCADV053",1,"PlasmaCells",45,43,8.35828155555556,8.20541395348837,-0.152867602067182,0.89946085301052,-0.816445638946526,-6.72809085742338,0.416270796529324,0.999330380285523
"PROBE0205_at","PCADV054",1,"PlasmaCells",45,43,7.91649666666667,8.00251860465116,0.086021937984496,1.06143934934141,0.408780064721529,-6.97752682489541,0.683613403493869,0.999330380285523
"PROBE0206_at","PCADV055",1,"PlasmaCells",45,43,8.67377088888889,8.81680976744186,0.143038878552971,1.10422860413224,0.598359409374265,-6.88202302288558,0.55101218124721,0.999330380285523
"PROBE0207_at","PCADV056",1,"PlasmaCells",45,43,5.77620288888889,5.83133558139535,0.0551326925064588,1.03895465721163,0.309378449356891,-7.0132830194798,0.757705528965974,0.999330380285523
"PROBE0208_at","PCADV057",1,"PlasmaCells",45,43,5.74928577777778,5.86307279069767,0.113787012919899,1.08206488598573,0.601096054429823,-6.88038280883773,0.549195596598582,0.999330380285523
"PROBE0209_at","PCADV058",1,"PlasmaCells",45,43,6.93420555555556,7.2727723255814,0.338566770025841,1.26449976600027,1.48761524519979,-5.96399606871056,0.140136462044872,0.945206762896939
"PROBE0210_at","PCADV059",1,"PlasmaCells",45,43,7.34979533333333,7.42870744186046,0.0789121085271338,1.0562212765679,0.475717062945987,-6.94789198642531,0.635358918704429,0.999330380285523
"PROBE0211_at","PCADV060",1,"PlasmaCells",45,43,8.95114755555556,8.95320767441861,0.00206011886305113,1.00142898560986,0.00844013260887792,-7.06123154851847,0.993283378886809,0.999330380285523
"PROBE0212_at","PCADV061",1,"PlasmaCells",45,43,7.64217577777778,7.74690837209302,0.104732594315246,1.07529506443594,0.5096191299053,-6.9311795577902,0.611490257551317,0.999330380285523
"PROBE0213_at","PCADV062",1,"PlasmaCells",45,43,8.56137933333333,8.7575423255814,0.196162992248061,1.14564732317326,0.896689364747294,-6.65966894288697,0.372132412304609,0.999330380285523
"PROBE0214_at","PCADV063",1,"PlasmaCells",45,43,7.48969377777778,7.50159790697674,0.0119041291989666,1.00828544950339,0.0423426522337473,-7.06036801076135,0.966313667169919,0.999330380285523
"PROBE0215_at","PCADV064",1,"PlasmaCells",45,43,6.18711711111111,6.69797558139535,0.510858470284237,1.4248978234998,2.35247013774831,-4.36325407731699,0.020694921963398,0.278719487722532
"PROBE0216_at","PCADV065",1,"PlasmaCells",45,43,5.88159177777778,5.75468906976744,-0.126902708010339,0.915795443445096,-0.747957374185008,-6.78148724559156,0.456317985740461,0.999330380285523
"PROBE0217_at","PCADV066",1,"PlasmaCells",45,43,9.14873355555556,9.1278411627907,-0.0208923927648534,0.985622849491528,-0.127088864446458,-7.05316671531067,0.899136428936121,0.999330380285523
"PROBE0218_at","PCADV067",1,"PlasmaCells",45,43,5.98649222222222,6.21570534883721,0.229213126614988,1.17219543710353,1.06878311797043,-6.4917311259116,0.287852987031381,0.999330380285523
"PROBE0219_at","PCADV068",1,"PlasmaCells",45,43,7.33736155555556,7.3713888372093,0.0340272816537448,1.02386626176257,0.142739509741962,-7.05104897070307,0.886795686461179,0.999330380285523
"PROBE0220_at","PCADV069",1,"PlasmaCells",45,43,9.39735377777778,9.4762088372093,0.0788550594315254,1.05617951079238,0.397594544987102,-6.98204318298092,0.691813583227226,0.999330380285523
"PROBE0221_at","PCADV070",1,"PlasmaCells",45,43,7.22999266666667,7.58561627906977,0.3556236124031,1.27953854892172,1.52637536624481,-5.90676742954227,0.130211144825708,0.915368329178968
"PROBE0222_at","PCADV071",1,"PlasmaCells",45,43,7.01605777777778,7.01766860465116,0.00161082687338698,1.00111716366862,0.00664951232089264,-7.06124510101659,0.994708322707412,0.999330380285523
"PROBE0223_at","PCADV072",1,"PlasmaCells",45,43,5.67379977777778,5.85583906976744,0.182039291989664,1.13448638240142,1.05801759926598,-6.50308033476953,0.292707854343281,0.999330380285523
"PROBE0224_at","PCADV073",1,"PlasmaCells",45,43,8.45524755555556,8.56237023255814,0.107122677002584,1.07707795970462,0.600553338837112,-6.88070867706319,0.549555612490345,0.999330380285523
"PROBE0225_at","PCADV074",1,"PlasmaCells",45,43,7.24611911111111,7.45372139534884,0.207602284237725,1.15476739952141,1.16542976636928,-6.38483135295551,0.246738515449613,0.999330380285523
"PROBE0226_at","PCADV075",1,"PlasmaCells",45,43,6.19841844444444,6.20777720930233,0.00935876485788079,1.0065080876395,0.046986662577282,-7.06015993804069,0.962621665711143,0.999330380285523
"PROBE0227_at","PCADV076",1,"PlasmaCells",45,43,5.81938333333333,5.75052651162791,-0.068856821705424,0.95339315879223,-0.425786400501779,-6.97042100599624,0.671218521743256,0.999330380285523
"PROBE0228_at","PCADV077",1,"PlasmaCells",45,43,7.70206777777778,7.7893511627907,0.0872833850129178,1.0623678442855,0.470290538197801,-6.95046080321397,0.639216324880889,0.999330380285523
"PROBE0229_at","PCADV078",1,"PlasmaCells",45,43,9.76602688888889,9.74529372093023,-0.0207331679586584,0.985731634968193,-0.115427262223963,-7.05458501713158,0.908348062586932,0.999330380285523
"PROBE0230_at","PCADV079",1,"PlasmaCells",45,43,7.47935577777778,7.8684923255814,0.389136547803616,1.30960936876539,2.09640911013526,-4.90629470570253,0.0386810461354617,0.446718893872675
"PROBE0231_at","PCADV080",1,"PlasmaCells",45,43,8.06509333333333,7.67221930232558,-0.392874031007749,0.761610867040805,-1.29376637233938,-6.22901499562133,0.19885656718131,0.999330380285523
"PROBE0232_at","PCFAV001",1,"PlasmaCells",45,43,8.60043466666667,8.5072811627907,-0.0931535038759677,0.937471343469228,-0.431710868131247,-6.96787780542093,0.6669215706005,0.999330380285523
"PROBE0233_at","PCFAV002",1,"PlasmaCells",45,43,5.45658622222222,5.24108627906977,-0.215499943152452,0.861247656238192,-0.683405974618715,-6.82758242506079,0.495999846056919,0.999330380285523
"PROBE0234_at","PCFAV003",1,"PlasmaCells",45,43,8.73222444444444,8.52977209302326,-0.202452351421188,0.869072023211699,-0.953879931438405,-6.60705857103065,0.342545021238402,0.999330380285523
"PROBE0235_at","PCFAV004",1,"PlasmaCells",45,43,7.00186155555556,6.8971811627907,-0.104680392764862,0.930010949633325,-0.582564629868511,-6.89134447026116,0.561555047033256,0.999330380285523
"PROBE0236_at","PCFAV005",1,"PlasmaCells",45,43,7.77513466666667,7.63210837209302,-0.143026294573649,0.905617477074584,-0.673566983778939,-6.83424683761544,0.502208429126376,0.999330380285523
"PROBE0237_at","PCFAV006",1,"PlasmaCells",45,43,6.70815466666667,6.60578139534884,-0.10237327131783,0.931499389459556,-0.430096097996479,-6.96857444932445,0.668091653439584,0.999330380285523
"PROBE0238_at","PCFAV007",1,"PlasmaCells",45,43,7.33059755555556,7.21041,-0.120187555555555,0.920068030689129,-0.563687450648398,-6.90216022215031,0.574283957776011,0.999330380285523
"PROBE0239_at","PCFAV008",1,"PlasmaCells",45,43,6.66167044444444,6.61318558139535,-0.0484848630490955,0.966951300598436,-0.274325348138461,-7.02353637290412,0.784425251027066,0.999330380285523
"PROBE0240_at","PCFAV009",1,"PlasmaCells",45,43,8.253254,8.51859348837209,0.265339488372092,1.20191884627596,1.31100223147108,-6.20689110431784,0.192990743195647,0.999330380285523
"PROBE0241_at","PCFAV010",1,"PlasmaCells",45,43,8.24171111111111,8.0960176744186,-0.1456934366925,0.903944788729367,-0.460485211272295,-6.95502806952812,0.646211509911076,0.999330380285523
"PROBE0242_at","PCFAV011",1,"PlasmaCells",45,43,7.16914111111111,7.25655534883721,0.0874142377260929,1.06246420561991,0.269767014581605,-7.02477939262919,0.787919711922512,0.999330380285523
"PROBE0243_at","PCFAV012",1,"PlasmaCells",45,43,7.66851555555556,7.60416162790698,-0.0643539276485754,0.956373507982095,-0.272314254776108,-7.02408734482167,0.785966434397023,0.999330380285523
"PROBE0244_at","PCFAV013",1,"PlasmaCells",45,43,6.461602,6.54296976744186,0.0813677674418587,1.0580206366549,0.371826502206989,-6.99197220786581,0.710843166603868,0.999330380285523
"PROBE0245_at","PCFAV014",1,"PlasmaCells",45,43,7.34036733333333,7.55527372093023,0.214906387596894,1.16062860203113,1.18104103994866,-6.36672004093414,0.240510108914069,0.999330380285523
"PROBE0246_at","PCFAV015",1,"PlasmaCells",45,43,7.24380644444444,7.16838069767442,-0.0754257467700237,0.949062006513062,-0.422395397645866,-6.97186091076624,0.673682912182361,0.999330380285523
"PROBE0247_at","PCFAV016",1,"PlasmaCells",45,43,7.86897933333333,7.60803255813954,-0.260946775193794,0.834540068960759,-0.990340731108654,-6.5718528189441,0.324502287218178,0.999330380285523
"PROBE0248_at","PCFAV017",1,"PlasmaCells",45,43,6.42169511111111,6.31197813953488,-0.109716971576225,0.926769858096164,-0.538238841428247,-6.91618090373043,0.591660472637216,0.999330380285523
"PROBE0249_at","PCFAV018",1,"PlasmaCells",45,43,7.68730644444444,7.71806255813954,0.0307561136950909,1.02154737644747,0.112521891284407,-7.05491715420362,0.910645047744773,0.999330380285523
"PROBE0250_at","PCFAV019",1,"PlasmaCells",45,43,7.70601888888889,7.60219837209302,-0.103820516795866,0.930565420542454,-0.457955681806839,-6.9561907656761,0.648021293121851,0.999330380285523
"PROBE0251_at","PCFAV020",1,"PlasmaCells",45,43,7.24901,7.35946162790698,0.110451627906979,1.07956613597328,0.408688248840209,-6.97756440549498,0.683680561911511,0.999330380285523
"PROBE0252_at","PCFAV021",1,"PlasmaCells",45,43,7.96679333333333,7.91708139534884,-0.0497119379844984,0.96612921608303,-0.23331922584671,-7.03397034262808,0.816011325770807,0.999330380285523
"PROBE0253_at","PCFAV022",1,"PlasmaCells",45,43,6.00109844444444,5.98326627906977,-0.0178321653746796,0.98771575978329,-0.0798346076130979,-7.05807055621998,0.936535327220321,0.999330380285523
"PROBE0254_at","PCFAV023",1,"PlasmaCells",45,43,7.60840311111111,7.35194534883721,-0.256457762273901,0.837140823401793,-0.997288238845515,-6.56499770336498,0.321136881536448,0.999330380285523
"PROBE0255_at","PCFAV024",1,"PlasmaCells",45,43,8.21354977777778,7.98507488372093,-0.228474894056848,0.853536708205626,-1.11607659758112,-6.44054597816723,0.267180861905744,0.999330380285523
"PROBE0256_at","PCFAV025",1,"PlasmaCells",45,43,9.31310888888889,9.28801325581395,-0.0250956330749332,0.982755451692901,-0.0711527015999371,-7.05872801195168,0.94342454690604,0.999330380285523
"PROBE0257_at","PCFAV026",1,"PlasmaCells",45,43,5.96406022222222,5.97997976744186,0.0159195452196368,1.01109569350128,0.0973957955370776,-7.05650959178239,0.922615553432632,0.999330380285523
"PROBE0258_at","PCFAV027",1,"PlasmaCells",45,43,6.31496688888889,6.40929069767442,0.0943238087855276,1.0675649230528,0.461250577041707,-6.95467501331024,0.645664337645486,0.999330380285523
"PROBE0259_at","PCFAV028",1,"PlasmaCells",45,43,7.19891666666667,7.13894302325581,-0.0599736434108502,0.959281644277185,-0.345920392484285,-7.00128590716533,0.730161025920184,0.999330380285523
"PROBE0260_at","PCFAV029",1,"PlasmaCells",45,43,6.42751422222222,6.3730676744186,-0.0544465478036171,0.96296378810851,-0.24025397327594,-7.03232408089113,0.810646715981725,0.999330380285523
"PROBE0261_at","PCFAV030",1,"PlasmaCells",45,43,9.09316,9.18017674418605,0.087016744186041,1.0621715141833,0.434536125344153,-6.96665267840293,0.664876333020889,0.999330380285523
"PROBE0262_at","PCFAV031",1,"PlasmaCells",45,43,6.23759044444444,6.3507811627907,0.113190718346252,1.08161773944619,0.47778223910656,-6.94690666478219,0.633893531889733,0.999330380285523
"PROBE0263_at","PCFAV032",1,"PlasmaCells",45,43,5.72312422222222,5.67181488372093,-0.0513093385012917,0.965060077293241,-0.251190734194959,-7.02962991244946,0.802204634486331,0.999330380285523
"PROBE0264_at","PCFAV033",1,"PlasmaCells",45,43,7.92150288888889,8.70981790697674,0.788315018087855,1.72705618543277,2.66242675749588,-3.63212352701975,0.00909971949386524,0.137874537785837
"PROBE0265_at","PCFAV034",1,"PlasmaCells",45,43,8.0942,8.13657209302326,0.042372093023257,1.02980565174697,0.131784525223871,-7.05255711566042,0.895431094586302,0.999330380285523
"PROBE0266_at","PCFAV035",1,"PlasmaCells",45,43,7.021494,6.89783837209302,-0.123655627906978,0.9178589495964,-0.776642851673977,-6.75968461135779,0.439282824079587,0.999330380285523
"PROBE0267_at","PCFAV036",1,"PlasmaCells",45,43,5.13975688888889,5.18786372093023,0.0481068320413423,1.03390729458789,0.204079510803686,-7.04038197267199,0.838724260663716,0.999330380285523
"PROBE0268_at","PCFAV037",1,"PlasmaCells",45,43,7.11953911111111,7.09238441860465,-0.027154692506457,0.981353832866402,-0.156706093761102,-7.04895175706042,0.875806248065538,0.999330380285523
"PROBE0269_at","PCFAV038",1,"PlasmaCells",45,43,7.85830511111111,7.85475069767442,-0.0035544134366905,0.997539300843711,-0.0252846007458696,-7.06094661646832,0.979880548595337,0.999330380285523
"PROBE0270_at","PCFAV039",1,"PlasmaCells",45,43,6.98179422222222,7.17764813953488,0.19585391731266,1.14540191237206,0.660688388852732,-6.842825448145,0.510397744248424,0.999330380285523
"PROBE0271_at","PCFAV040",1,"PlasmaCells",45,43,6.97685155555556,6.81509627906977,-0.161755276485788,0.893936787469699,-0.885165393226049,-6.66988308978074,0.378283698785455,0.999330380285523
"PROBE0272_at","PCFAV041",1,"PlasmaCells",45,43,8.96762511111111,9.09099720930233,0.12337209819122,1.08927792437703,0.657761178645105,-6.84475241728879,0.512268960396188,0.999330380285523
"PROBE0273_at","PCFAV042",1,"PlasmaCells",45,43,7.82405377777778,7.63520534883721,-0.188848428940566,0.877305714552955,-0.875298192492739,-6.67852549185916,0.383600868985918,0.999330380285523
"PROBE0274_at","PCFAV043",1,"PlasmaCells",45,43,7.63341622222222,7.83392511627907,0.200508894056847,1.14910361658104,1.26935724247314,-6.25986267072372,0.207388646558261,0.999330380285523
"PROBE0275_at","PCFAV044",1,"PlasmaCells",45,43,7.53607777777778,7.16111860465116,-0.374959173126618,0.771127234549622,-1.4019257783084,-6.0855185036458,0.164169109003075,0.977197077399255
"PROBE0276_at","PCFAV045",1,"PlasmaCells",45,43,9.064224,9.3918711627907,0.327647162790697,1.25496502931372,1.40935015946038,-6.07526267881335,0.16196944631207,0.971121253448065
"PROBE0277_at","PCFAV046",1,"PlasmaCells",45,43,6.38958755555556,6.31939697674419,-0.0701905788113697,0.952512163670601,-0.347995532046031,-7.00056456393018,0.728607002307638,0.999330380285523
"PROBE0278_at","PCFAV047",1,"PlasmaCells",45,43,6.43122888888889,6.50303627906977,0.071807390180882,1.05103257956316,0.309767057537755,-7.01316245915491,0.75741088221984,0.999330380285523
"PROBE0279_at","PCFAV048",1,"PlasmaCells",45,43,7.62413666666667,7.6298,0.00566333333333446,1.00393323849186,0.0375467113260295,-7.06056018385038,0.970127222964658,0.999330380285523
"PROBE0280_at","PCFAV049",1,"PlasmaCells",45,43,3.80354488888889,3.86215348837209,0.0586085994832013,1.04146084426195,0.269765000205578,-7.0247799373359,0.787921257126571,0.999330380285523
"PROBE0281_at","PCFAV050",1,"PlasmaCells",45,43,6.09036622222222,6.43474255813953,0.344376335917317,1.26960202636268,0.982779224025939,-6.57926041348104,0.32819152833029,0.999330380285523
"PROBE0282_at","PCFAV051",1,"PlasmaCells",45,43,8.01631511111111,8.0195488372093,0.00323372609819472,1.00224396205045,0.0165402454669735,-7.06113005778584,0.986837792536201,0.999330380285523
"PROBE0283_at","PCFAV052",1,"PlasmaCells",45,43,7.394334,7.54277139534884,0.148437395348838,1.10836833132412,0.921238870020584,-6.63747678247421,0.35923977073225,0.999330380285523
"PROBE0284_at","PCFAV053",1,"PlasmaCells",45,43,9.15403222222222,9.28309162790698,0.12905940568475,1.09358048679318,0.516596176310606,-6.92759820846597,0.606628538811226,0.999330380285523
"PROBE0285_at","PCFAV054",1,"PlasmaCells",45,43,7.15409266666667,7.33765441860465,0.183561751937987,1.13568422512185,0.856401402572614,-6.6948104826244,0.393912798796995,0.999330380285523
"PROBE0286_at","PCFAV055",1,"PlasmaCells",45,43,6.52735822222222,6.50111674418605,-0.0262414780361748,0.981975218671824,-0.145521769551908,-7.05064678535782,0.884604664129743,0.999330380285523
"PROBE0287_at","PCFAV056",1,"PlasmaCells",45,43,6.00722022222222,6.46518209302326,0.457961870801036,1.37359992987575,1.46651310174243,-5.99456231307345,0.145783399682651,0.950935725171886
"PROBE0288_at","PCFAV057",1,"PlasmaCells",45,43,6.94908666666667,7.00543581395349,0.0563491472868201,1.039831054716,0.241668579269919,-7.03198234954636,0.809553498849069,0.999330380285523
"PROBE0289_at","PCFAV058",1,"PlasmaCells",45,43,6.57458777777778,6.66457627906977,0.0899885012919892,1.06436169914065,0.293173153912033,-7.01817600312227,0.770023899535049,0.999330380285523
"PROBE0290_at","PCFAV059",1,"PlasmaCells",45,43,6.69242955555556,6.48511604651163,-0.207313509043926,0.866148615002486,-1.17795816305289,-6.37031516861029,0.241731080171346,0.999330380285523
"PROBE0291_at","PCFAV060",1,"PlasmaCells",45,43,4.47738622222222,4.69771790697674,0.220331684754522,1.16500139690336,0.765420517440393,-6.7683107483501,0.44590274561202,0.999330380285523
"PROBE0292_at","PCFAV061",1,"PlasmaCells",45,43,7.67104111111111,7.81298627906977,0.141945167958658,1.10339180299152,0.601139278081517,-6.88035684306298,0.549166928832114,0.999330380285523
"PROBE0293_at","PCFAV062",1,"PlasmaCells",45,43,5.88598177777778,6.11545860465116,0.229476826873383,1.17240971419085,1.23663468805079,-6.30032511325166,0.219245735906266,0.999330380285523
"PROBE0294_at","PCFAV063",1,"PlasmaCells",45,43,7.61569866666667,7.92946139534884,0.313762728682171,1.24294523241687,1.44830817116546,-6.02059654738748,0.150795834876181,0.950935725171886
"PROBE0295_at","PCFAV064",1,"PlasmaCells",45,43,8.39029711111111,8.47385651162791,0.0835594005167977,1.05962912293585,0.416592450162748,-6.97429837709714,0.677908420527548,0.999330380285523
"PROBE0296_at","PCFAV065",1,"PlasmaCells",45,43,6.85556888888889,6.68480069767442,-0.170768191214469,0.888369525464072,-0.775877725377055,-6.76027667017723,0.439732334315538,0.999330380285523
"PROBE0297_at","PCFAV066",1,"PlasmaCells",45,43,8.51957155555556,8.42191860465116,-0.0976529509043935,0.934552132063505,-0.510408868546014,-6.93077661208387,0.610939075788989,0.999330380285523
"PROBE0298_at","PCFAV067",1,"PlasmaCells",45,43,8.90580488888889,8.55873581395349,-0.347069074935398,0.786179649667711,-1.19866309358115,-6.34599482308708,0.23361559036915,0.999330380285523
"PROBE0299_at","PCFAV068",1,"PlasmaCells",45,43,8.18637022222222,8.0015788372093,-0.18479138501292,0.879776283158723,-0.954476766802591,-6.60649270492679,0.342244525796341,0.999330380285523
"PROBE0300_at","PCFAV069",1,"PlasmaCells",45,43,9.04080644444444,8.80438674418605,-0.236419700258395,0.84884926834472,-1.1350202610392,-6.41943792391853,0.25919856281288,0.999330380285523
"PROBE0301_at","PCFAV070",1,"PlasmaCells",45,43,8.07130355555556,8.02487069767442,-0.0464328578811326,0.968327614217255,-0.222017746844218,-7.03655003875993,0.824772656507849,0.999330380285523
"PROBE0302_at","PCFAV071",1,"PlasmaCells",45,43,5.94849422222222,5.99049813953488,0.0420039173126581,1.02954287892144,0.1457579829602,-7.05061228249708,0.884418687715715,0.999330380285523
"PROBE0303_at","PCFAV072",1,"PlasmaCells",45,43,7.90702422222222,7.86264906976744,-0.0443751524547809,0.969709718247006,-0.263321306903825,-7.02650158856258,0.792868445129669,0.999330380285523
"PROBE0304_at","PCFAV073",1,"PlasmaCells",45,43,8.33634488888889,7.99667581395349,-0.339669074935405,0.790222552147762,-1.34313978790742,-6.16488576748815,0.182399928969209,0.999330380285523
"PROBE0305_at","PCFAV074",1,"PlasmaCells",45,43,6.87615933333333,7.06543255813953,0.189273224806207,1.14018918698118,0.905510291414066,-6.65176284381741,0.367466767405529,0.999330380285523
"PROBE0306_at","PCFAV075",1,"PlasmaCells",45,43,7.42921177777778,7.18120418604651,-0.248007591731264,0.842058522527245,-0.869123392097653,-6.68388532872796,0.38695182996547,0.999330380285523
"PROBE0307_at","PCFAV076",1,"PlasmaCells",45,43,6.97009177777778,6.61781162790698,-0.352280149870802,0.783345058246206,-1.35265452188622,-6.15226161695338,0.179349923171111,0.999330380285523
"PROBE0308_at","PCFAV077",1,"PlasmaCells",45,43,6.44162755555556,6.43037348837209,-0.0112540671834633,0.992229621756721,-0.0361399599905186,-7.06061217592799,0.97124595545997,0.999330380285523
"PROBE0309_at","PCFAV078",1,"PlasmaCells",45,43,6.14620644444444,6.16119651162791,0.0149900671834624,1.01044448964973,0.0625662969141036,-7.05930387746719,0.950242217322993,0.999330380285523
"PROBE0310_at","PCFAV079",1,"PlasmaCells",45,43,8.18238733333333,7.96657418604651,-0.215813147286822,0.861060702626635,-1.10919532935493,-6.44812777661766,0.270122506496781,0.999330380285523
"PROBE0311_at","PCFAV080",1,"PlasmaCells",45,43,8.999148,8.98772186046512,-0.0114261395348834,0.992111284133172,-0.0511807212976513,-7.05995343435768,0.95928807429705,0.999330380285523
"PROBE0312_at","PCOTH001",1,"PlasmaCells",45,43,5.31803888888889,5.40370418604651,0.0856652971576217,1.06117698909868,0.86381167270281,-6.68846611321967,0.389848876386797,0.999330380285523
"PROBE0313_at","PCOTH002",1,"PlasmaCells",45,43,6.27315866666667,6.45741953488372,0.184260868217054,1.13623470024977,1.6363040250188,-5.73685775765,0.1050571031185,0.82191752634415
"PROBE0314_at","PCOTH003",1,"PlasmaCells",45,43,6.28953444444444,6.27728302325581,-0.012251421188628,0.991543917449922,-0.112199281195458,-7.05495351232163,0.910900150317056,0.999330380285523
"PROBE0315_at","PCOTH004",1,"PlasmaCells",45,43,8.83532622222222,8.63573302325581,-0.199593198966404,0.870796069652409,-1.72562617853556,-5.5905860712273,0.0876387538933362,0.755506499080485
"PROBE0316_at","PCOTH005",1,"PlasmaCells",45,43,9.284234,9.12910558139535,-0.155128418604654,0.898052430990629,-1.36195244591809,-6.1398423003572,0.176406779903952,0.999330380285523
"PROBE0317_at","PCOTH006",1,"PlasmaCells",45,43,7.99899111111111,8.04240860465116,0.0434174935400495,1.03055213625723,0.450177234717726,-6.95972616913248,0.653599691025306,0.999330380285523
"PROBE0318_at","PCOTH007",1,"PlasmaCells",45,43,6.77616755555556,6.73113930232558,-0.0450282532299742,0.969270834891611,-0.431925665346133,-6.96778494167675,0.66676598773769,0.999330380285523
"PROBE0319_at","PCOTH008",1,"PlasmaCells",45,43,8.49001644444444,8.58684604651163,0.0968296020671833,1.06942077023299,0.927896634192324,-6.63135682543583,0.355793047718217,0.999330380285523
"PROBE0320_at","PCOTH009",1,"PlasmaCells",45,43,6.65525177777778,6.80354906976744,0.148297291989667,1.10826070040964,1.24652818925427,-6.28819933943477,0.215609782385624,0.999330380285523
"PROBE0321_at","PCOTH010",1,"PlasmaCells",45,43,9.039842,9.01913279069767,-0.0207092093023249,0.985748005026253,-0.215243264862872,-7.0380350703843,0.83003521424156,0.999330380285523
"PROBE0322_at","PCOTH011",1,"PlasmaCells",45,43,8.01632977777778,7.95283604651163,-0.0634937312661537,0.956943908733771,-0.582828494326331,-6.89119078122115,0.561378109221185,0.999330380285523
"PROBE0323_at","PCOTH012",1,"PlasmaCells",45,43,7.03569977777778,6.96444279069767,-0.0712569870801048,0.951808347898786,-0.661045698483165,-6.84258965222008,0.510169583290718,0.999330380285523
"PROBE0324_at","PCOTH013",1,"PlasmaCells",45,43,7.74031133333333,7.75847813953488,0.0181668062015508,1.01267188696961,0.161315667596766,-7.04821666918763,0.872184483965805,0.999330380285523
"PROBE0325_at","PCOTH014",1,"PlasmaCells",45,43,9.10340955555556,9.08597162790698,-0.0174379276485794,0.987985704583071,-0.165816958281868,-7.04747829610423,0.868650422283808,0.999330380285523
"PROBE0326_at","PCOTH015",1,"PlasmaCells",45,43,5.66696711111111,5.66935162790698,0.0023845167958676,1.00165418775568,0.0213728723320298,-7.06103815933413,0.982992664721191,0.999330380285523
"PROBE0327_at","PCOTH016",1,"PlasmaCells",45,43,7.13111222222222,6.98798325581395,-0.143128966408266,0.905553029567185,-1.35777748119215,-6.1454289602063,0.177723759067153,0.999330380285523
"PROBE0328_at","PCOTH017",1,"PlasmaCells",45,43,8.628022,8.54670162790698,-0.0813203720930229,0.945192199325909,-0.677129656740425,-6.83184472533562,0.499955505563848,0.999330380285523
"PROBE0329_at","PCOTH018",1,"PlasmaCells",45,43,6.88367311111111,6.78830604651163,-0.0953670645994817,0.936034062183119,-0.946692496673625,-6.61384578264708,0.346177209294593,0.999330380285523
"PROBE0330_at","PCOTH019",1,"PlasmaCells",45,43,5.71949644444444,5.6041211627907,-0.115375281653744,0.923142146755535,-0.928837877538984,-6.63048812278868,0.355307480915218,0.999330380285523
"PROBE0331_at","PCOTH020",1,"PlasmaCells",45,43,5.78486755555556,5.65595697674419,-0.12891057881137,0.91452177167265,-1.1451264045,-6.40803568083551,0.255009439060361,0.999330380285523
"PROBE0332_at","PCOTH021",1,"PlasmaCells",45,43,8.18701333333333,8.30493906976744,0.117925736434106,1.08517351050679,1.11597360336892,-6.44065979419942,0.267224724895653,0.999330380285523
"PROBE0333_at","PCOTH022",1,"PlasmaCells",45,43,7.90795844444444,7.85072581395349,-0.0572326304909607,0.961105940281496,-0.486152365753636,-6.94286967843472,0.627969309460229,0.999330380285523
"PROBE0334_at","PCOTH023",1,"PlasmaCells",45,43,7.64367177777778,7.68865069767442,0.0449789198966375,1.03166810485489,0.400814120913938,-6.98075601873721,0.689449473297312,0.999330380285523
"PROBE0335_at","PCOTH024",1,"PlasmaCells",45,43,8.94900244444444,8.99605790697674,0.047055462532299,1.03315410518498,0.490918671621613,-6.94053967399576,0.624606620659208,0.999330380285523
"PROBE0336_at","PCOTH025",1,"PlasmaCells",45,43,8.59572288888889,8.62644976744186,0.0307268785529722,1.02152667575932,0.280549483346407,-7.02180552144845,0.779660904714978,0.999330380285523
"PROBE0337_at","PCOTH026",1,"PlasmaCells",45,43,7.37714422222222,7.38455465116279,0.00741042894056942,1.00514973245096,0.066455118779808,-7.05905222688909,0.947153974326824,0.999330380285523
"PROBE0338_at","PCOTH027",1,"PlasmaCells",45,43,8.21664177777778,8.33664093023256,0.119999152454783,1.08673422409823,1.02543112613817,-6.53674923508185,0.307742009334252,0.999330380285523
"PROBE0339_at","PCOTH028",1,"PlasmaCells",45,43,8.57991111111111,8.56128674418605,-0.0186243669250601,0.987173541822145,-0.153385862831334,-7.04946803804716,0.878416611643763,0.999330380285523
"PROBE0340_at","PCOTH029",1,"PlasmaCells",45,43,6.85930133333333,6.82314930232558,-0.0361520310077541,0.975252684116811,-0.327446928945604,-7.00751779762341,0.744044318206298,0.999330380285523
"PROBE0341_at","PCOTH030",1,"PlasmaCells",45,43,7.40901533333333,7.32632348837209,-0.0826918449612428,0.944294095804359,-0.747422394657277,-6.7818861608354,0.45663923290595,0.999330380285523
"PROBE0342_at","PCOTH031",1,"PlasmaCells",45,43,9.50504911111111,9.49563162790698,-0.00941748320413893,0.993493557232351,-0.0936423501811064,-7.05686921325656,0.925588826655233,0.999330380285523
"PROBE0343_at","PCOTH032",1,"PlasmaCells",45,43,6.11086933333333,6.11822674418605,0.00735741085271524,1.00511279454231,0.0615522323439165,-7.05936700542533,0.951047646499633,0.999330380285523
"PROBE0344_at","PCOTH033",1,"PlasmaCells",45,43,4.94952022222222,4.90094372093023,-0.0485765012919908,0.966889882972736,-0.436638761911392,-6.96573573781738,0.663355850911993,0.999330380285523
"PROBE0345_at","PCOTH034",1,"PlasmaCells",45,43,5.82149444444444,5.74828558139535,-0.0732088630490946,0.950521481579976,-0.699621602119729,-6.81639001941514,0.485858927147211,0.999330380285523
"PROBE0346_at","PCOTH035",1,"PlasmaCells",45,43,5.98648955555556,5.99536209302326,0.00887253746770433,1.00616892424954,0.087791924568636,-7.05740157431509,0.930225302709206,0.999330380285523
"PROBE0347_at","PCOTH036",1,"PlasmaCells",45,43,8.19816266666667,8.06714697674419,-0.131015689922478,0.913188318646435,-1.13651879071324,-6.41775342068784,0.258574363984395,0.999330380285523
"PROBE0348_at","PCOTH037",1,"PlasmaCells",45,43,6.80560088888889,6.86302209302326,0.0574212041343705,1.04060403324441,0.535707257042808,-6.91754046075662,0.593402393162646,0.999330380285523
"PROBE0349_at","PCOTH038",1,"PlasmaCells",45,43,8.07506288888889,8.05281930232558,-0.0222435865633042,0.984700170763228,-0.201411250816909,-7.04092442122461,0.840804041570479,0.999330380285523
"PROBE0350_at","PCOTH039",1,"PlasmaCells",45,43,7.18212933333333,7.31008581395349,0.127956480620156,1.09274477559107,1.1984607279097,-6.34623451516165,0.233693948552677,0.999330380285523
"PROBE0351_at","PCOTH040",1,"PlasmaCells",45,43,8.89174533333333,8.84604604651163,-0.0456992868217068,0.968820107584063,-0.439064980732263,-6.96467220769775,0.661603125254998,0.999330380285523
"PROBE0352_at","PCOTH041",1,"PlasmaCells",45,43,7.35138355555556,7.2669711627907,-0.0844123927648628,0.943168608666173,-0.807305082881716,-6.73548400997548,0.421490542671345,0.999330380285523
"PROBE0353_at","PCOTH042",1,"PlasmaCells",45,43,7.21072622222222,7.07998186046512,-0.130744361757106,0.913360078446683,-1.10766936421061,-6.44980289922959,0.270777879640414,0.999330380285523
"PROBE0354_at","PCOTH043",1,"PlasmaCells",45,43,6.87681644444444,6.83013790697674,-0.0466785374676997,0.96816272970166,-0.432876939286628,-6.96737312224966,0.666077131875718,0.999330380285523
"PROBE0355_at","PCOTH044",1,"PlasmaCells",45,43,5.66850555555556,5.76249,0.0939844444444455,1.06731382989124,0.892934375567605,-6.66301140708891,0.37412980487127,0.999330380285523
"PROBE0356_at","PCOTH045",1,"PlasmaCells",45,43,7.94003644444444,7.95356953488372,0.0135330904392799,1.0094245575454,0.114618059661324,-7.05467837423092,0.908987740472152,0.999330380285523
"PROBE0357_at","PCOTH046",1,"PlasmaCells",45,43,7.58401822222222,7.4580888372093,-0.12592938501292,0.916413498883515,-1.10962865917592,-6.44765168072194,0.269936601135498,0.999330380285523
"PROBE0358_at","PCOTH047",1,"PlasmaCells",45,43,5.70888333333333,5.69023,-0.0186533333333312,0.987153721566322,-0.162441643978505,-7.04803387333761,0.8713002093435,0.999330380285523
"PROBE0359_at","PCOTH048",1,"PlasmaCells",45,43,9.77767488888889,9.76598720930233,-0.0116876795865579,0.991931444797165,-0.104890954478548,-7.05574919790485,0.916681627227857,0.999330380285523
"PROBE0360_at","PCOTH049",1,"PlasmaCells",45,43,7.69560577777778,7.78027534883721,0.0846695710594316,1.06044483362728,0.668860309566517,-6.83740104125721,0.505193127149461,0.999330380285523
"PROBE0361_at","PCOTH050",1,"PlasmaCells",45,43,5.85508933333333,5.82020511627907,-0.0348842170542598,0.976110094979932,-0.30127242925426,-7.01576336535547,0.763859688852054,0.999330380285523
"PROBE0362_at","PCOTH051",1,"PlasmaCells",45,43,8.08296088888889,7.89264744186046,-0.190313447028423,0.876415286328781,-1.95971692909804,-5.1728470510666,0.0529348541786739,0.561405043537868
"PROBE0363_at","PCOTH052",1,"PlasmaCells",45,43,8.62163711111111,8.69533930232558,0.0737021912144709,1.05241388741196,0.632149596833338,-6.86125064394024,0.528794852342487,0.999330380285523
"PROBE0364_at","PCOTH053",1,"PlasmaCells",45,43,6.74364888888889,6.82056558139535,0.0769166925064591,1.05476140879307,0.69940202092556,-6.81654331469618,0.485995483627583,0.999330380285523
"PROBE0365_at","PCOTH054",1,"PlasmaCells",45,43,9.24668666666667,9.02615418604651,-0.220532480620154,0.858248609190339,-2.19672653645479,-4.70026669751458,0.0304518323346982,0.378283631486934
"PROBE0366_at","PCOTH055",1,"PlasmaCells",45,43,6.04008955555556,5.99419093023256,-0.045898625322998,0.968686254065885,-0.43824312790497,-6.96503312326899,0.662196629926148,0.999330380285523
"PROBE0367_at","PCOTH056",1,"PlasmaCells",45,43,5.54928333333333,5.43363930232558,-0.115644031007753,0.922970197215135,-1.06880288770611,-6.49171018109644,0.287844122624711,0.999330380285523
"PROBE0368_at","PCOTH057",1,"PlasmaCells",45,43,5.81185244444444,5.89807697674419,0.0862245322997417,1.06158841527126,0.819263773475342,-6.72579491251096,0.41466933863356,0.999330380285523
"PROBE0369_at","PCOTH058",1,"PlasmaCells",45,43,8.06408866666667,8.03632511627907,-0.027763550387597,0.980939761330719,-0.245446095770474,-7.0310599822393,0.806636063260636,0.999330380285523
"PROBE0370_at","PCOTH059",1,"PlasmaCells",45,43,7.70230666666667,7.64121837209302,-0.0610882945736435,0.95854077291476,-0.534511890075036,-6.91818020384578,0.59422572380059,0.999330380285523
"PROBE0371_at","PCOTH060",1,"PlasmaCells",45,43,7.04169266666667,6.99367558139535,-0.0480170852713178,0.967264874607707,-0.467459838883029,-6.95178916215361,0.641232456483831,0.999330380285523
"PROBE0372_at","PCOTH061",1,"PlasmaCells",45,43,6.25261444444444,6.42161069767442,0.168996253229973,1.12427600395912,1.46867893500298,-5.99144433779308,0.145195796694058,0.950935725171886
"PROBE0373_at","PCOTH062",1,"PlasmaCells",45,43,8.38383711111111,8.33069441860465,-0.0531426925064569,0.963834473138015,-0.437933260751064,-6.96516902618418,0.662420457854854,0.999330380285523
"PROBE0374_at","PCOTH063",1,"PlasmaCells",45,43,6.89294333333333,6.92800558139535,0.0350622480620117,1.02460103061012,0.301360609915185,-7.01573673671224,0.763792658942881,0.999330380285523
"PROBE0375_at","PCOTH064",1,"PlasmaCells",45,43,6.59175666666667,6.53915209302326,-0.0526045736434098,0.964194046184746,-0.520246271093575,-6.92570530451305,0.604092105003938,0.999330380285523
"PROBE0376_at","PCOTH065",1,"PlasmaCells",45,43,7.37272533333333,7.4407376744186,0.0680123410852724,1.04827144259005,0.559717166333428,-6.90438997471918,0.576978684965581,0.999330380285523
"PROBE0377_at","PCOTH066",1,"PlasmaCells",45,43,6.15405711111111,6.1021111627907,-0.0519459483204141,0.964634324674202,-0.467421104389776,-6.95180728367976,0.641260063356081,0.999330380285523
"PROBE0378_at","PCOTH067",1,"PlasmaCells",45,43,6.46305888888889,6.58978348837209,0.126724599483206,1.09181210646287,1.20875467685933,-6.33399205541419,0.229731985706611,0.999330380285523
"PROBE0379_at","PCOTH068",1,"PlasmaCells",45,43,6.26955822222222,6.32645465116279,0.0568964289405693,1.0402255860592,0.494370116911199,-6.93883831921885,0.622176523982145,0.999330380285523
"PROBE0380_at","PCOTH069",1,"PlasmaCells",45,43,8.65302844444444,8.74560837209302,0.0925799276485844,1.06627526616181,0.809523366724757,-6.73369734027292,0.420220212964757,0.999330380285523
"PROBE0381_at","PCOTH070",1,"PlasmaCells",45,43,6.09253044444444,6.28639790697674,0.1938674625323,1.14382588741221,1.81567479669037,-5.43574679108643,0.0725484169655048,0.690901182722773
"PROBE0382_at","PCOTH071",1,"PlasmaCells",45,43,5.93713755555556,5.91422604651163,-0.0229115090439249,0.984244391033224,-0.19626832486815,-7.04194983734625,0.844815879364354,0.999330380285523
"PROBE0383_at","PCOTH072",1,"PlasmaCells",45,43,6.67530533333333,6.70055906976744,0.0252537364341059,1.01765865880462,0.214675544733525,-7.03815743248117,0.830476586413047,0.999330380285523
"PROBE0384_at","PCOTH073",1,"PlasmaCells",45,43,7.03321288888889,7.0820523255814,0.0488394366925071,1.03443244898325,0.435202327422182,-6.96636263089199,0.664394429560904,0.999330380285523
"PROBE0385_at","PCOTH074",1,"PlasmaCells",45,43,6.224512,6.18312046511628,-0.0413915348837177,0.971717236588266,-0.389285572554444,-6.98531724351037,0.697928862251606,0.999330380285523
"PROBE0386_at","PCOTH075",1,"PlasmaCells",45,43,9.94335955555556,9.81805488372093,-0.125304671834623,0.916810408515616,-1.05917152401799,-6.50186921490858,0.292184818867744,0.999330380285523
"PROBE0387_at","PCOTH076",1,"PlasmaCells",45,43,8.13623644444444,8.24262023255814,0.106383788113694,1.07652646604125,0.984479150930259,-6.57759993533891,0.327359739341261,0.999330380285523
"PROBE0388_at","PCOTH077",1,"PlasmaCells",45,43,6.12686466666667,6.00508953488372,-0.121775131782945,0.919056122625527,-0.990758579627323,-6.57144185390925,0.324299222588699,0.999330380285523
"PROBE0389_at","PCOTH078",1,"PlasmaCells",45,43,9.375482,9.33655627906977,-0.0389257209302318,0.973379488603532,-0.350760274472798,-6.99959682053069,0.72653831113136,0.999330380285523
"PROBE0390_at","PCOTH079",1,"PlasmaCells",45,43,7.36103533333333,7.4746176744186,0.113582341085273,1.08191138681212,1.04832902085647,-6.51319825970762,0.297124544982904,0.999330380285523
"PROBE0391_at","PCOTH080",1,"PlasmaCells",45,43,5.60660933333333,5.63358372093023,0.0269743875968986,1.01887310823376,0.264451329827484,-7.02620266965474,0.792000243745999,0.999330380285523
"PROBE0392_at","PCOTH081",1,"PlasmaCells",45,43,7.68214355555556,7.76396558139535,0.0818220258397933,1.05835382587286,0.651952899070279,-6.84855087588069,0.515992628745601,0.999330380285523
"PROBE0393_at","PCOTH082",1,"PlasmaCells",45,43,7.03958133333333,6.94382302325581,-0.0957583100775157,0.935780252867484,-0.914754618177414,-6.64339562847839,0.362617081864121,0.999330380285523
"PROBE0394_at","PCOTH083",1,"PlasmaCells",45,43,6.73961777777778,6.71706139534884,-0.0225563824289425,0.984486697544285,-0.182044999337751,-7.04464774026106,0.855932048972033,0.999330380285523
"PROBE0395_at","PCOTH084",1,"PlasmaCells",45,43,6.90852422222222,6.74639511627907,-0.162129105943156,0.893705181619332,-1.43446778682231,-6.04018096199011,0.154695050006839,0.955931748574201
"PROBE0396_at","PCOTH085",1,"PlasmaCells",45,43,7.64607288888889,7.64718372093023,0.00111083204134665,1.00077026660061,0.0104716640117098,-7.06121227801712,0.991666748878881,0.999330380285523
"PROBE0397_at","PCOTH086",1,"PlasmaCells",45,43,7.03781622222222,6.97787534883721,-0.0599408733850106,0.959303434080577,-0.554664554006413,-6.90720493181168,0.580416741452455,0.999330380285523
"PROBE0398_at","PCOTH087",1,"PlasmaCells",45,43,6.96005755555556,6.91034697674419,-0.0497105788113679,0.966130126280578,-0.4522448831641,-6.95879228083243,0.65211491805321,0.999330380285523
"PROBE0399_at","PCOTH088",1,"PlasmaCells",45,43,6.62156022222222,6.61585209302326,-0.00570812919896291,0.996051243264221,-0.0543482149385572,-7.05978578121963,0.956770910365521,0.999330380285523
"PROBE0400_at","PCOTH089",1,"PlasmaCells",45,43,9.30224755555555,9.15173441860465,-0.150513136950908,0.900929963360188,-1.31413156256182,-6.20284401074833,0.191939740104334,0.999330380285523
"PROBE0401_at","PCOTH090",1,"PlasmaCells",45,43,6.74182444444444,6.84737046511628,0.105546020671836,1.07590151274904,1.01453682808853,-6.54777566255901,0.312882040363816,0.999330380285523
"PROBE0402_at","PCOTH091",1,"PlasmaCells",45,43,7.44124111111111,7.26533860465116,-0.175902506459948,0.885213582966296,-1.54457306862679,-5.87941534694331,0.125746504898808,0.896779649167807
"PROBE0403_at","PCOTH092",1,"PlasmaCells",45,43,5.52054511111111,5.52094302325581,0.000397912144702417,1.00027584972075,0.00356379546680787,-7.06126090838082,0.997163918987427,0.999330380285523
"PROBE0404_at","PCOTH093",1,"PlasmaCells",45,43,7.26674733333333,7.32236581395349,0.0556184806201534,1.03930455569491,0.508993226158736,-6.93149846976629,0.611927252969677,0.999330380285523
"PROBE0405_at","PCOTH094",1,"PlasmaCells",45,43,7.57940933333333,7.58945813953488,0.0100488062015485,1.00698961581936,0.0942126342841221,-7.05681548400313,0.925137009841932,0.999330380285523
"PROBE0406_at","PCOTH095",1,"PlasmaCells",45,43,6.70572355555556,6.65544906976744,-0.0502744857881128,0.965752568278032,-0.446952856156991,-6.96117400987391,0.655917889274083,0.999330380285523
"PROBE0407_at","PCOTH096",1,"PlasmaCells",45,43,8.10774866666667,8.12381976744186,0.0160711007751964,1.01120191499252,0.146336519932176,-7.05052754137283,0.883963219190983,0.999330380285523
"PROBE0408_at","PCOTH097",1,"PlasmaCells",45,43,7.76001422222222,7.77170604651163,0.0116918242894082,1.00813708259617,0.106134579340176,-7.05561758130394,0.915697494719619,0.999330380285523
"PROBE0409_at","PCOTH098",1,"PlasmaCells",45,43,5.64284733333333,5.70143186046512,0.0585845271317842,1.04144346692193,0.524186930375011,-6.923646840695,0.601359202793591,0.999330380285523
"PROBE0410_at","PCOTH099",1,"PlasmaCells",45,43,8.69711311111111,8.64922651162791,-0.0478865994832027,0.967352363663852,-0.470930327681624,-6.95015946397883,0.638761016685462,0.999330380285523
"PROBE0411_at","PCOTH100",1,"PlasmaCells",45,43,6.94270622222222,7.13381488372093,0.191108661498709,1.14164069045194,1.74164163868063,-5.56358690326524,0.0847808837602704,0.740725191623872
"PROBE0412_at","PCOTH101",1,"PlasmaCells",45,43,7.44958111111111,7.40742162790698,-0.0421594832041405,0.971200127965407,-0.367076938139936,-6.99372995232418,0.714371200135847,0.999330380285523
"PROBE0413_at","PCOTH102",1,"PlasmaCells",45,43,9.20536488888889,9.14305744186047,-0.0623074470284219,0.957731098191259,-0.556585420893262,-6.90613774902375,0.579108536844477,0.999330380285523
"PROBE0414_at","PCOTH103",1,"PlasmaCells",45,43,8.29273688888889,8.31836976744186,0.0256328785529725,1.01792613595881,0.209369014662363,-7.03928554907587,0.834604739884278,0.999330380285523
"PROBE0415_at","PCOTH104",1,"PlasmaCells",45,43,4.93264066666667,5.0139811627907,0.0813404961240334,1.05800063704063,0.82796032818354,-6.71866062537028,0.409750737867391,0.999330380285523
"PROBE0416_at","PCOTH105",1,"PlasmaCells",45,43,6.09627666666667,6.1603676744186,0.0640910077519345,1.04542604544703,0.596460768285806,-6.88315661280775,0.552274260392351,0.999330380285523
"PROBE0417_at","PCOTH106",1,"PlasmaCells",45,43,7.692918,7.69336395348837,0.000445953488375395,1.00030915918298,0.00440764284214206,-7.06125753443877,0.996492386240852,0.999330380285523
"PROBE0418_at","PCOTH107",1,"PlasmaCells",45,43,7.67564577777778,7.64275976744186,-0.0328860103359201,0.977462994288883,-0.295153107573995,-7.01759226851811,0.7685156124411,0.999330380285523
"PROBE0419_at","PCOTH108",1,"PlasmaCells",45,43,4.03536911111111,4.13680930232558,0.10144019121447,1.07284391012032,0.96365724555308,-6.59774485233751,0.337643912029127,0.999330380285523
"PROBE0420_at","PCOTH109",1,"PlasmaCells",45,43,8.46228377777778,8.56676348837209,0.104479710594321,1.07510659717263,0.925156945043402,-6.63388044638631,0.357208811271379,0.999330380285523
"PROBE0421_at","PCOTH110",1,"PlasmaCells",45,43,7.41440155555556,7.48116418604651,0.0667626304909588,1.04736378805754,0.628279541855455,-6.86368712450197,0.53131577327621,0.999330380285523
"PROBE0422_at","PCOTH111",1,"PlasmaCells",45,43,7.05846444444444,6.88633976744186,-0.172124677002586,0.887534633644548,-1.55123804711059,-5.86932040028143,0.124141948495715,0.89310754313464
"PROBE0423_at","PCOTH112",1,"PlasmaCells",45,43,6.86060422222222,6.81751744186047,-0.0430867803617554,0.970576086344957,-0.423622306077976,-6.97134125894037,0.672790851498937,0.999330380285523
"PROBE0424_at","PCOTH113",1,"PlasmaCells",45,43,6.45926488888889,6.48481093023256,0.025546041343663,1.01786486784446,0.225882594950058,-7.03568223411573,0.821773926053095,0.999330380285523
"PROBE0425_at","PCOTH114",1,"PlasmaCells",45,43,6.114714,6.0140511627907,-0.100662837209303,0.932604413828234,-0.949901891903544,-6.61082132266562,0.344552264819,0.999330380285523
"PROBE0426_at","PCOTH115",1,"PlasmaCells",45,43,6.29813311111111,6.38269279069767,0.0845596795865644,1.06036406159769,0.794548378048139,-6.74566474137233,0.428840131331225,0.999330380285523
"PROBE0427_at","PCOTH116",1,"PlasmaCells",45,43,8.10348622222222,8.1509423255814,0.0474561033591705,1.03344105508258,0.419788567757116,-6.97296003778424,0.675579833074744,0.999330380285523
"PROBE0428_at","PCOTH117",1,"PlasmaCells",45,43,7.47821511111111,7.38821023255814,-0.0900048785529757,0.939519572171307,-0.746625968004836,-6.78247950534289,0.45711771422104,0.999330380285523
"PROBE0429_at","PCOTH118",1,"PlasmaCells",45,43,8.44233577777778,8.41557976744186,-0.0267560103359195,0.98162506298079,-0.255212747960396,-7.02860900895437,0.799105874745855,0.999330380285523
"PROBE0430_at","PCOTH119",1,"PlasmaCells",45,43,7.95450511111111,7.87801046511628,-0.0764946459948304,0.948359102641333,-0.74258345784941,-6.785481567964,0.459550800314146,0.999330380285523
"PROBE0431_at","PCOTH120",1,"PlasmaCells",45,43,7.81451844444444,7.88744651162791,0.0729280671834669,1.05184933265819,0.694404770877017,-6.82001914665457,0.489108942828963,0.999330380285523
"PROBE0432_at","PCOTH121",1,"PlasmaCells",45,43,7.23973755555556,7.31355209302326,0.0738145374677064,1.05249584469155,0.705369208883006,-6.8123605293706,0.482292028293629,0.999330380285523
"PROBE0433_at","PCOTH122",1,"PlasmaCells",45,43,8.24285022222222,8.07474534883721,-0.168104873385015,0.890011033603753,-1.62854710183824,-5.74921403724966,0.106693110524927,0.82191752634415
"PROBE0434_at","PCOTH123",1,"PlasmaCells",45,43,6.67971444444444,6.59418511627907,-0.0855293281653751,0.942438689529442,-0.790053840164211,-6.74921357377934,0.431447520901403,0.999330380285523
"PROBE0435_at","PCOTH124",1,"PlasmaCells",45,43,4.90707888888889,4.91979325581395,0.0127143669250644,1.00885187576478,0.107504096111079,-7.05547084680538,0.914613890550925,0.999330380285523
"PROBE0436_at","PCOTH125",1,"PlasmaCells",45,43,8.80059888888889,8.70824093023256,-0.0923579586563381,0.937988435779764,-0.786511709365308,-6.7519963970935,0.433508957873869,0.999330380285523
"PROBE0437_at","PCOTH126",1,"PlasmaCells",45,43,8.28013533333333,8.40207860465116,0.12194327131783,1.08819965137617,1.26055410822842,-6.27084852097096,0.210531019900984,0.999330380285523
"PROBE0438_at","PCOTH127",1,"PlasmaCells",45,43,7.34933777777778,7.41110790697674,0.0617701291989698,1.04374560969839,0.515872622584804,-6.92797186252523,0.607131906586185,0.999330380285523
"PROBE0439_at","PCOTH128",1,"PlasmaCells",45,43,5.59963222222222,5.55080255813953,-0.0488296640826889,0.96672022891664,-0.399867018607922,-6.98113573781343,0.690144604902505,0.999330380285523
"PROBE0440_at","PCOTH129",1,"PlasmaCells",45,43,6.01220066666667,6.1368776744186,0.124677007751937,1.09026361585004,1.22658351643714,-6.31254830623298,0.222985218171324,0.999330380285523
"PROBE0441_at","PCOTH130",1,"PlasmaCells",45,43,8.35859911111111,8.44855348837209,0.0899543772609857,1.06433652411679,0.793616885194179,-6.74640186886114,0.429379746904083,0.999330380285523
"PROBE0442_at","PCOTH131",1,"PlasmaCells",45,43,6.07972377777778,6.08740511627907,0.00768133850129349,1.00533849738955,0.0690119474721438,-7.05887850621725,0.945123947894061,0.999330380285523
"PROBE0443_at","PCOTH132",1,"PlasmaCells",45,43,7.62958955555556,7.74012162790698,0.110532072351418,1.07962633408644,0.854568120397755,-6.69637175887735,0.394922208324535,0.999330380285523
"PROBE0444_at","PCOTH133",1,"PlasmaCells",45,43,7.48968133333333,7.62381837209302,0.134137038759692,1.09743617592877,1.25140601468365,-6.28218650954638,0.213833458594281,0.999330380285523
"PROBE0445_at","PCOTH134",1,"PlasmaCells",45,43,7.62266222222222,7.65107674418605,0.0284145219638292,1.01989068071841,0.234829157734687,-7.0336159963422,0.814842510973549,0.999330380285523
"PROBE0446_at","PCOTH135",1,"PlasmaCells",45,43,8.11030911111111,8.16252953488372,0.05222042377261,1.03685950665571,0.432671786784809,-6.96746201188214,0.6662256669126,0.999330380285523
"PROBE0447_at","PCOTH136",1,"PlasmaCells",45,43,8.18756733333333,8.24173534883721,0.0541680155038797,1.03826017873552,0.478573279742664,-6.94652812415762,0.633332618886313,0.999330380285523
"PROBE0448_at","PCOTH137",1,"PlasmaCells",45,43,6.64476088888889,6.6126988372093,-0.0320620516795893,0.978021406916026,-0.269524456092442,-7.02484495358485,0.788105781768355,0.999330380285523
"PROBE0449_at","PCOTH138",1,"PlasmaCells",45,43,8.30511666666667,8.30821046511628,0.00309379844960844,1.00214675866642,0.0258173439685584,-7.06093296153832,0.979456728568976,0.999330380285523
"PROBE0450_at","PCOTH139",1,"PlasmaCells",45,43,7.37442666666667,7.55805837209302,0.18363170542636,1.13573929358544,1.70890665018381,-5.61852214788434,0.0907059898076117,0.765451390781534
"PROBE0451_at","PCOTH140",1,"PlasmaCells",45,43,5.31084377777778,5.4839976744186,0.173153896640827,1.12752068176981,1.50771085314273,-5.93450042030787,0.134919162546392,0.932832559266353
"PROBE0452_at","PCOTH141",1,"PlasmaCells",45,43,7.012252,7.0816476744186,0.0693956744186117,1.04927706348089,0.648163950898072,-6.85101075024594,0.518429374318138,0.999330380285523
"PROBE0453_at","PCOTH142",1,"PlasmaCells",45,43,8.36767822222222,8.32216790697674,-0.0455103152454779,0.968947016908964,-0.427049034255608,-6.96988192963185,0.670301825387473,0.999330380285523
"PROBE0454_at","PCOTH143",1,"PlasmaCells",45,43,9.02514444444444,8.97583976744186,-0.0493046770025849,0.966401984938184,-0.433781975120301,-6.96698048222963,0.665422024373475,0.999330380285523
"PROBE0455_at","PCOTH144",1,"PlasmaCells",45,43,8.21297177777778,8.16108511627907,-0.0518866614987061,0.964673966647533,-0.518242037408457,-6.92674632136201,0.605484238979266,0.999330380285523
"PROBE0456_at","PCOTH145",1,"PlasmaCells",45,43,7.01971333333333,7.05105813953488,0.0313448062015498,1.02196430447545,0.263114895762019,-7.02655605133632,0.793027059891388,0.999330380285523
"PROBE0457_at","PCOTH146",1,"PlasmaCells",45,43,6.71345244444444,6.69248302325581,-0.0209694211886315,0.98557022648692,-0.19353222477626,-7.04248457173223,0.846951900826249,0.999330380285523
"PROBE0458_at","PCOTH147",1,"PlasmaCells",45,43,8.41581088888889,8.35702209302326,-0.058788795865631,0.960069800698228,-0.514840295444507,-6.92850407024757,0.607850412141474,0.999330380285523
"PROBE0459_at","PCOTH148",1,"PlasmaCells",45,43,9.75602177777778,9.87859279069767,0.122571012919897,1.08867324892161,1.05169918927177,-6.50968905767008,0.295583094538216,0.999330380285523
"PROBE0460_at","PCOTH149",1,"PlasmaCells",45,43,6.98144733333333,7.07690558139535,0.0954582480620152,1.06840471512853,0.805101162579624,-6.7372543217705,0.422754909975145,0.999330380285523
"PROBE0461_at","PCOTH150",1,"PlasmaCells",45,43,8.36437266666667,8.37520604651163,0.0108333798449625,1.00753739088951,0.102752910408858,-7.05597184838526,0.918373853498942,0.999330380285523
"PROBE0462_at","PCOTH151",1,"PlasmaCells",45,43,6.91337066666667,6.84568255813953,-0.0676881085271299,0.954165806204074,-0.593704393942877,-6.88479595118904,0.554109059866281,0.999330380285523
"PROBE0463_at","PCOTH152",1,"PlasmaCells",45,43,6.24390155555556,6.14206348837209,-0.101838067183462,0.931845016771726,-0.949664836580538,-6.61104506166689,0.344672118637865,0.999330380285523
"PROBE0464_at","PCOTH153",1,"PlasmaCells",45,43,7.09418711111111,7.11935418604651,0.0251670749354007,1.01759753072607,0.196303132742071,-7.04194298629152,0.844788712945544,0.999330380285523
"PROBE0465_at","PCOTH154",1,"PlasmaCells",45,43,8.94774666666667,8.79938139534884,-0.148365271317827,0.902272255129912,-1.28584515577542,-6.23908784201164,0.201596348045838,0.999330380285523
"PROBE0466_at","PCOTH155",1,"PlasmaCells",45,43,6.06430244444444,6.28916953488372,0.224867090439279,1.16866957887984,2.24047412696492,-4.60769489773728,0.0273706232801598,0.352033739937747
"PROBE0467_at","PCOTH156",1,"PlasmaCells",45,43,5.83155244444444,5.85020046511628,0.0186480206718356,1.01300972250172,0.17624599906993,-7.04568952880506,0.860472707384834,0.999330380285523
"PROBE0468_at","PCOTH157",1,"PlasmaCells",45,43,5.802634,5.85233441860465,0.0497004186046492,1.03504996925822,0.458446446992943,-6.9559656843926,0.647670003439663,0.999330380285523
"PROBE0469_at","PCOTH158",1,"PlasmaCells",45,43,6.67521844444444,6.56438837209302,-0.110830072351423,0.926055091382892,-0.98772715889292,-6.57441948290122,0.325774329661316,0.999330380285523
"PROBE0470_at","PCOTH159",1,"PlasmaCells",45,43,6.84938088888889,6.79254046511628,-0.0568404237726101,0.961367259159934,-0.512978730121916,-6.92946110524319,0.609147044644398,0.999330380285523
"PROBE0471_at","PCOTH160",1,"PlasmaCells",45,43,5.10462488888889,5.11720720930233,0.0125823204134363,1.00875954213161,0.101569576140056,-7.05609310712553,0.919310604846967,0.999330380285523
"PROBE0472_at","PCOTH161",1,"PlasmaCells",45,43,7.06446444444444,7.05874069767442,-0.00572374677002774,0.996040460793611,-0.0534153377401586,-7.05983620323723,0.957512210791564,0.999330380285523
"PROBE0473_at","PCOTH162",1,"PlasmaCells",45,43,8.76116066666667,8.62940558139535,-0.131755085271315,0.912720420594046,-1.20425163015144,-6.33935996675358,0.231459118889992,0.999330380285523
"PROBE0474_at","PCOTH163",1,"PlasmaCells",45,43,7.18310244444444,7.28492976744186,0.101827322997412,1.07313183493734,0.888361041953939,-6.66706368141022,0.376571578886483,0.999330380285523
"PROBE0475_at","PCOTH164",1,"PlasmaCells",45,43,6.895662,6.82329604651163,-0.072365953488374,0.951076995893913,-0.63867435837438,-6.85710924109556,0.524558723599304,0.999330380285523
"PROBE0476_at","PCOTH165",1,"PlasmaCells",45,43,8.00829911111111,8.10008279069767,0.0917836795865608,1.06568693298045,0.892036895759176,-6.66380824704351,0.374608197169251,0.999330380285523
"PROBE0477_at","PCOTH166",1,"PlasmaCells",45,43,7.44531711111111,7.41118837209302,-0.0341287390180858,0.976621376179868,-0.362817980628454,-6.99528696817452,0.717540089771412,0.999330380285523
"PROBE0478_at","PCOTH167",1,"PlasmaCells",45,43,8.39889511111111,8.4354688372093,0.036573726098192,1.02567504378798,0.322722691419861,-7.0090567075977,0.747608527917404,0.999330380285523
"PROBE0479_at","PCOTH168",1,"PlasmaCells",45,43,7.43369,7.46599395348837,0.0323039534883707,1.0226439631506,0.287189100148775,-7.01991639642034,0.774587777614993,0.999330380285523
"PROBE0480_at","PCOTH169",1,"PlasmaCells",45,43,7.72195577777778,7.74606651162791,0.0241107338501285,1.01685271868074,0.234412860483252,-7.03371391969395,0.815164718530858,0.999330380285523
"PROBE0481_at","PCOTH170",1,"PlasmaCells",45,43,8.28261066666667,8.31306511627907,0.0304544496124048,1.02133379566459,0.289408693168978,-7.01927503314948,0.772894020590334,0.999330380285523
"PROBE0482_at","PCOTH171",1,"PlasmaCells",45,43,8.824892,8.94272627906977,0.117834279069765,1.08510471983338,1.10652036927747,-6.45106272099664,0.271272081170051,0.999330380285523
"PROBE0483_at","PCOTH172",1,"PlasmaCells",45,43,5.51354355555556,5.48778697674419,-0.0257565788113681,0.982305322427546,-0.232713038569256,-7.03411195854197,0.816480683062286,0.999330380285523
"PROBE0484_at","PCOTH173",1,"PlasmaCells",45,43,7.86906666666667,7.94865744186047,0.0795907751937959,1.05671825672061,0.734818779034256,-6.79120260560979,0.464244765892104,0.999330380285523
"PROBE0485_at","PCOTH174",1,"PlasmaCells",45,43,9.78927733333333,9.87268860465116,0.0834112713178357,1.05952033074419,0.791703548175296,-6.74791329230258,0.430489402964122,0.999330380285523
"PROBE0486_at","PCOTH175",1,"PlasmaCells",45,43,7.72701733333333,7.80494441860465,0.0779270852713196,1.0555003706271,0.610983693592168,-6.8743947369041,0.542657292565719,0.999330380285523
"PROBE0487_at","PCOTH176",1,"PlasmaCells",45,43,6.31744377777778,6.31346488372093,-0.00397889405684992,0.997245840478295,-0.0359771267266635,-7.06061806588958,0.971375453928879,0.999330380285523
"PROBE0488_at","PCOTH177",1,"PlasmaCells",45,43,9.40628711111111,9.33210488372093,-0.0741822273901818,0.949880395522871,-0.675811852569969,-6.8327347100388,0.500788208585116,0.999330380285523
"PROBE0489_at","PCOTH178",1,"PlasmaCells",45,43,5.46969466666667,5.50373744186046,0.0340427751937993,1.02387725743225,0.306481488579843,-7.01417700180364,0.759903158824809,0.999330380285523
"PROBE0490_at","PCOTH179",1,"PlasmaCells",45,43,7.91656333333333,7.97341139534884,0.0568480620155025,1.04019071266726,0.550124356869608,-6.90971277321046,0.583514415983806,0.999330380285523
"PROBE0491_at","PCOTH180",1,"PlasmaCells",45,43,7.96930466666667,8.00388697674419,0.0345823100775187,1.02426023567089,0.279009832338806,-7.02223728727052,0.780838676301271,0.999330380285523
"PROBE0492_at","PCOTH181",1,"PlasmaCells",45,43,7.02852777777778,7.07298325581395,0.0444554780361743,1.03129386060824,0.432767481080651,-6.96742055414102,0.666156380429872,0.999330380285523
"PROBE0493_at","PCOTH182",1,"PlasmaCells",45,43,8.43340422222222,8.3789811627907,-0.0544230594315227,0.962979466152208,-0.49631251595018,-6.93787561864986,0.620810752699376,0.999330380285523
"PROBE0494_at","PCOTH183",1,"PlasmaCells",45,43,7.76775755555556,7.63205488372093,-0.135702671834619,0.910226395293431,-1.34009737572554,-6.16890433847698,0.183383390305357,0.999330380285523
"PROBE0495_at","PCOTH184",1,"PlasmaCells",45,43,8.01969977777778,7.8812076744186,-0.138492103359177,0.908468185043961,-1.32947089296016,-6.18287146248193,0.186849721771123,0.999330380285523
"PROBE0496_at","PCOTH185",1,"PlasmaCells",45,43,7.78934866666667,7.83556581395349,0.046217147286824,1.03255393867436,0.406415008485053,-6.97849216913773,0.68534412530454,0.999330380285523
"PROBE0497_at","PCOTH186",1,"PlasmaCells",45,43,8.31193977777778,8.24663279069767,-0.0653069870801062,0.955741926278799,-0.6120742267469,-6.8737283617225,0.541938585845752,0.999330380285523
"PROBE0498_at","PCOTH187",1,"PlasmaCells",45,43,8.77659933333333,8.84011372093023,0.0635143875969018,1.04500829030109,0.546974619572969,-6.91144054139519,0.585667997977128,0.999330380285523
"PROBE0499_at","PCOTH188",1,"PlasmaCells",45,43,7.26319288888889,7.36916302325581,0.105970134366925,1.07621784546692,0.933635371065361,-6.62604692939256,0.352839162844192,0.999330380285523
"PROBE0500_at","PCOTH189",1,"PlasmaCells",45,43,8.29909511111111,8.22599558139535,-0.0730995297157619,0.950593518716738,-0.648606965470892,-6.85072386841752,0.518144151534561,0.999330380285523
"PROBE0501_at","PCOTH190",1,"PlasmaCells",45,43,8.45262444444444,8.43007279069767,-0.0225516537467687,0.984489924374762,-0.222296612634839,-7.03648792362923,0.824556197377371,0.999330380285523
"PROBE0502_at","PCOTH191",1,"PlasmaCells",45,43,7.10523088888889,7.20557209302326,0.100341204134368,1.07202697195698,0.851635049879716,-6.69886279405155,0.396540464348387,0.999330380285523
"PROBE0503_at","PCOTH192",1,"PlasmaCells",45,43,9.17766955555556,9.21543046511628,0.0377609095607241,1.02651941183288,0.353178856141718,-6.99874398028067,0.724730290161663,0.999330380285523
"PROBE0504_at","PCOTH193",1,"PlasmaCells",45,43,7.606554,7.60486604651163,-0.00168795348837136,0.998830683981997,-0.0156098000218975,-7.06114506183307,0.987578149201508,0.999330380285523
"PROBE0505_at","PCOTH194",1,"PlasmaCells",45,43,6.84713844444444,6.84965744186047,0.00251899741602291,1.0017475611651,0.0230805022115336,-7.06100008491216,0.981634063231695,0.999330380285523
"PROBE0506_at","PCOTH195",1,"PlasmaCells",45,43,8.41066733333333,8.31330651162791,-0.0973608217054291,0.934741387311877,-0.941480850982667,-6.61873571612954,0.348826455145225,0.999330380285523
"PROBE0507_at","PCOTH196",1,"PlasmaCells",45,43,7.90101822222222,7.78740186046512,-0.113616361757106,0.924268319138165,-1.08148718305446,-6.47819400502924,0.282195233763615,0.999330380285523
"PROBE0508_at","PCOTH197",1,"PlasmaCells",45,43,8.01624822222222,7.98971255813953,-0.0265356640826893,0.981775000366879,-0.26184470777949,-7.0268902590931,0.794003315490703,0.999330380285523
"PROBE0509_at","PCOTH198",1,"PlasmaCells",45,43,7.02577177777778,7.01690976744186,-0.00886201033591671,0.993876150194369,-0.0778600585472982,-7.05822672479333,0.938101755876023,0.999330380285523
"PROBE0510_at","PCOTH199",1,"PlasmaCells",45,43,7.32543155555556,7.38957418604651,0.0641426304909567,1.04546345371415,0.558410914563095,-6.90512015614275,0.577866590826159,0.999330380285523
"PROBE0511_at","PCOTH200",1,"PlasmaCells",45,43,6.80918555555556,6.86718046511628,0.0579949095607253,1.04101792452539,0.52956715652277,-6.9208114610991,0.59763712138104,0.999330380285523
"PROBE0512_at","PCOTH201",1,"PlasmaCells",45,43,7.50250555555556,7.4349176744186,-0.0675878811369524,0.954232096631268,-0.605224454418149,-6.8778943892328,0.546460855055492,0.999330380285523
"PROBE0513_at","PCOTH202",1,"PlasmaCells",45,43,8.28322733333333,8.22419348837209,-0.0590338449612346,0.95990674180468,-0.533583042144008,-6.91867632903621,0.594865850686005,0.999330380285523
"PROBE0514_at","PCOTH203",1,"PlasmaCells",45,43,9.2476,9.09546860465116,-0.152131395348841,0.899919964666322,-1.36138884832337,-6.14059743230526,0.176584132337335,0.999330380285523
"PROBE0515_at","PCOTH204",1,"PlasmaCells",45,43,7.60419888888889,7.63701209302326,0.0328132041343716,1.02300500551175,0.277707348195034,-7.02260069196113,0.781835423733869,0.999330380285523
"PROBE0516_at","PCOTH205",1,"PlasmaCells",45,43,6.96675933333333,7.10745488372093,0.140695550387601,1.10243649312107,1.23715985818732,-6.29968380005051,0.219051614038425,0.999330380285523
"PROBE0517_at","PCOTH206",1,"PlasmaCells",45,43,7.29268466666667,7.33929674418605,0.0466120775193817,1.03283663361363,0.400519086171326,-6.98087440219864,0.689665987359531,0.999330380285523
"PROBE0518_at","PCOTH207",1,"PlasmaCells",45,43,7.92188377777778,7.88684372093023,-0.035040056847544,0.976004661346636,-0.291972477945949,-7.01852807896096,0.77093898023859,0.999330380285523
"PROBE0519_at","PCOTH208",1,"PlasmaCells",45,43,6.92238066666667,7.02325465116279,0.100873984496124,1.07242293948797,0.891603377290845,-6.66419287020765,0.374839417221578,0.999330380285523
"PROBE0520_at","PCOTH209",1,"PlasmaCells",45,43,7.93927777777778,7.94142348837209,0.00214571059431723,1.00148839981788,0.0175841659712194,-7.06111219009765,0.986007157352753,0.999330380285523
"PROBE0521_at","PCOTH210",1,"PlasmaCells",45,43,6.24517533333333,6.22307139534884,-0.0221039379844949,0.984795491417346,-0.187851693588975,-7.04357080321797,0.851390215058718,0.999330380285523
"PROBE0522_at","PCOTH211",1,"PlasmaCells",45,43,7.80552955555556,7.77031395348837,-0.0352156020671837,0.975885909618496,-0.332575983310752,-7.00582175638826,0.740180991705045,0.999330380285523
"PROBE0523_at","PCOTH212",1,"PlasmaCells",45,43,8.33532444444444,8.21885860465116,-0.11646583979328,0.922444591317088,-1.14237651460745,-6.41114797957722,0.256144539043005,0.999330380285523
"PROBE0524_at","PCOTH213",1,"PlasmaCells",45,43,5.83676422222222,5.95899511627907,0.122230894056847,1.08841662180805,1.08937043904773,-6.46971534367682,0.27872318696962,0.999330380285523
"PROBE0525_at","PCOTH214",1,"PlasmaCells",45,43,7.73773866666667,7.68948162790698,-0.0482570387596883,0.967104009508946,-0.385338958009479,-6.98684822042814,0.700840535005148,0.999330380285523
"PROBE0526_at","PCOTH215",1,"PlasmaCells",45,43,6.09901488888889,6.02417395348837,-0.0748409354005153,0.949446796606084,-0.705709029888938,-6.81212126863089,0.482081592907164,0.999330380285523
"PROBE0527_at","PCOTH216",1,"PlasmaCells",45,43,8.07172888888889,8.08917255813953,0.0174436692506408,1.01216442216155,0.159343211628182,-7.04853382328666,0.873733923547265,0.999330380285523
"PROBE0528_at","PCOTH217",1,"PlasmaCells",45,43,6.24890533333333,6.26502837209302,0.0161230387596918,1.01123831959174,0.13813004329148,-7.05169820634946,0.89042755608569,0.999330380285523
"PROBE0529_at","PCOTH218",1,"PlasmaCells",45,43,8.353128,8.39519139534884,0.042063395348837,1.02958532479473,0.359181964353851,-6.99660190667326,0.720249392943412,0.999330380285523
"PROBE0530_at","PCOTH219",1,"PlasmaCells",45,43,7.79851933333333,7.94702790697674,0.148508573643413,1.10842301627938,1.24398076641691,-6.29133047912473,0.216541739810164,0.999330380285523
"PROBE0531_at","PCOTH220",1,"PlasmaCells",45,43,7.97406444444444,7.75458465116279,-0.219479793281655,0.8588750736295,-2.10805711137709,-4.88282166532281,0.0376361029903293,0.437793630955213
"PROBE0532_at","PCOTH221",1,"PlasmaCells",45,43,7.04371444444444,7.02638534883721,-0.0173290956072378,0.988060237699041,-0.144844770526542,-7.05074536233147,0.88513771724964,0.999330380285523
"PROBE0533_at","PCOTH222",1,"PlasmaCells",45,43,7.12725111111111,7.18199558139535,0.0547444702842395,1.0386751171771,0.489639831805593,-6.9411670539084,0.625508083124414,0.999330380285523
"PROBE0534_at","PCOTH223",1,"PlasmaCells",45,43,6.27910911111111,6.37981325581395,0.100704144702846,1.0722966970289,0.971771830550241,-6.58994429875232,0.333611211014436,0.999330380285523
"PROBE0535_at","PCOTH224",1,"PlasmaCells",45,43,9.97519133333333,10.0078509302326,0.0326595968992258,1.02289608948952,0.312907113812165,-7.01218275935372,0.755031375926382,0.999330380285523
"PROBE0536_at","PCOTH225",1,"PlasmaCells",45,43,7.61623533333333,7.85311627906977,0.236880945736437,1.17844215624561,2.13945634930275,-4.81895663418148,0.0349399608887182,0.414717636661343
"PROBE0537_at","PCOTH226",1,"PlasmaCells",45,43,8.014406,7.96613604651163,-0.0482699534883722,0.967095352218504,-0.476837289064134,-6.94735803954435,0.63456385948705,0.999330380285523
"PROBE0538_at","PCOTH227",1,"PlasmaCells",45,43,7.86016911111111,7.90709255813954,0.0469234470284263,1.03305956953071,0.423579313228157,-6.9713594937647,0.672822102846436,0.999330380285523
"PROBE0539_at","PCOTH228",1,"PlasmaCells",45,43,5.92183355555556,6.03490255813954,0.113069002583978,1.08152649051928,1.11843109673519,-6.43794129633549,0.266179503351185,0.999330380285523
"PROBE0540_at","PCOTH229",1,"PlasmaCells",45,43,8.39833577777778,8.49308209302326,0.0947463152454819,1.06787761500611,0.805972615799893,-6.73655489252351,0.422254696376516,0.999330380285523
"PROBE0541_at","PCOTH230",1,"PlasmaCells",45,43,5.90200066666667,5.84816697674419,-0.0538336899224774,0.963372942710141,-0.42951418964521,-6.96882485872995,0.668513512661697,0.999330380285523
"PROBE0542_at","PCOTH231",1,"PlasmaCells",45,43,7.45467022222222,7.50088511627907,0.046214894056849,1.03255232601223,0.393761468201899,-6.98356212869096,0.694632163810958,0.999330380285523
"PROBE0543_at","PCOTH232",1,"PlasmaCells",45,43,8.53749155555556,8.56014441860465,0.0226528630490979,1.01582568865645,0.220909360362023,-7.03679615297392,0.825633133672252,0.999330380285523
"PROBE0544_at","PCOTH233",1,"PlasmaCells",45,43,8.42363911111111,8.55312069767442,0.129481586563305,1.09390055189148,1.3101506297179,-6.20799085088635,0.19327750038632,0.999330380285523
"PROBE0545_at","PCOTH234",1,"PlasmaCells",45,43,6.47293377777778,6.40513604651163,-0.0677977312661486,0.954093306963169,-0.557889117583785,-6.9054113615804,0.578221457273146,0.999330380285523
"PROBE0546_at","PCOTH235",1,"PlasmaCells",45,43,8.43306244444445,8.54253441860465,0.109471974160206,1.07883331165327,0.849066573564621,-6.70103725463541,0.397960897196287,0.999330380285523
"PROBE0547_at","PCOTH236",1,"PlasmaCells",45,43,7.963266,7.88988395348837,-0.0733820465116253,0.950407386281374,-0.715869828105137,-6.80491459233576,0.475812966709046,0.999330380285523
"PROBE0548_at","PCOTH237",1,"PlasmaCells",45,43,6.25731577777778,6.21453441860465,-0.0427813591731256,0.970781580835215,-0.387915646214362,-6.9858504296269,0.698939036484624,0.999330380285523
"PROBE0549_at","PCOTH238",1,"PlasmaCells",45,43,7.46373266666667,7.45792720930233,-0.00580545736433891,0.995984049181339,-0.0534132751765423,-7.05983631375167,0.957513849826253,0.999330380285523
"PROBE0550_at","PCOTH239",1,"PlasmaCells",45,43,5.23029955555556,5.15949790697674,-0.0708016485788123,0.95210880182348,-0.588553449004676,-6.88783924301703,0.557545923913815,0.999330380285523
"PROBE0551_at","PCOTH240",1,"PlasmaCells",45,43,7.61649488888889,7.63460186046512,0.0181069715762323,1.01262988808232,0.143633990730525,-7.05092051676055,0.886091188320002,0.999330380285523
