Probe_ID,GENE,CHR_ARM,locus_type_n54675
PROBE0001_at,GEP1Q01,1q,protein_coding
PROBE0002_at,GEP1Q02,1q,protein_coding
PROBE0003_at,GEP1Q03,1q,protein_coding
PROBE0004_at,GEP1Q04,1q,protein_coding
PROBE0005_at,GEP1Q05,1q,protein_coding
PROBE0006_at,GEP1Q06,1q,protein_coding
PROBE0007_at,GEP1Q07,1q,protein_coding
PROBE0008_at,GEP1Q08,1q,protein_coding
PROBE0009_at,GEP1Q09,1q,protein_coding
PROBE0010_at,GEP1Q10,1q,protein_coding
PROBE0011_at,GEP1Q11,1q,protein_coding
PROBE0012_at,GEP1Q12,1q,protein_coding
PROBE0013_at,GEP1Q13,1q,protein_coding
PROBE0014_at,GEP1Q14,1q,protein_coding
PROBE0015_at,GEP1Q15,1q,protein_coding
PROBE0016_at,GEP1Q16,1q,protein_coding
PROBE0017_at,GEP1Q17,1q,protein_coding
PROBE0018_at,GEP1Q18,1q,protein_coding
PROBE0019_at,GEP1Q19,1q,protein_coding
PROBE0020_at,GEP1Q20,1q,protein_coding
PROBE0021_at,GEP1Q21,1q,protein_coding
PROBE0022_at,GEP1Q22,1q,protein_coding
PROBE0023_at,GEP1Q23,1q,protein_coding
PROBE0024_at,GEP1Q24,1q,protein_coding
PROBE0025_at,GEP1Q25,1q,protein_coding
PROBE0026_at,GEP1Q26,1q,protein_coding
PROBE0027_at,GEP1Q27,1q,protein_coding
PROBE0028_at,GEP1Q28,1q,protein_coding
PROBE0029_at,GEP1Q29,1q,protein_coding
PROBE0030_at,GEP1Q30,1q,protein_coding
PROBE0031_at,GEP1Q31,1q,protein_coding
PROBE0032_at,GEP1Q32,1q,protein_coding
PROBE0033_at,GEP1Q33,1q,protein_coding
PROBE0034_at,GEP1Q34,1q,protein_coding
PROBE0035_at,GEP1Q35,1q,protein_coding
PROBE0036_at,GEP1Q36,1q,protein_coding
PROBE0037_at,GEP1Q37,1q,protein_coding
PROBE0038_at,GEP1Q38,1q,protein_coding
PROBE0039_at,GEP1Q39,1q,protein_coding
PROBE0040_at,GEP1Q40,1q,protein_coding
PROBE0041_at,GEP1Q41,1q,protein_coding
PROBE0042_at,GEP1Q42,1q,protein_coding
PROBE0043_at,GEP1Q43,1q,protein_coding
PROBE0044_at,GEP1Q44,1q,protein_coding
PROBE0045_at,GEP1Q45,1q,protein_coding
PROBE0046_at,GEP1Q46,1q,protein_coding
PROBE0047_at,GEP1Q47,1q,protein_coding
PROBE0048_at,GEP1Q48,1q,protein_coding
PROBE0049_at,GEP1Q49,1q,protein_coding
PROBE0050_at,GEP1Q50,1q,protein_coding
PROBE0051_at,GEP1Q51,1q,protein_coding
PROBE0052_at,GEP1Q52,1q,protein_coding
PROBE0053_at,GEP1Q53,1q,protein_coding
PROBE0054_at,GEP1Q54,1q,protein_coding
PROBE0055_at,GEP1Q55,1q,protein_coding
PROBE0056_at,GEP1Q56,1q,protein_coding
PROBE0057_at,GEP1Q57,1q,protein_coding
PROBE0058_at,GEP1Q58,1q,protein_coding
PROBE0059_at,GEP1Q59,1q,protein_coding
PROBE0060_at,GEP1Q60,1q,protein_coding
PROBE0061_at,GEP1Q61,1q,protein_coding
PROBE0062_at,GEP1Q62,1q,protein_coding
PROBE0063_at,GEP1Q63,1q,protein_coding
PROBE0064_at,GEP1Q64,1q,protein_coding
PROBE0065_at,GEP1Q65,1q,protein_coding
PROBE0066_at,GEP1Q66,1q,protein_coding
PROBE0067_at,GEP1Q67,1q,protein_coding
PROBE0068_at,GEP1Q68,1q,protein_coding
PROBE0069_at,GEP1Q69,1q,protein_coding
PROBE0070_at,GEP1Q70,1q,protein_coding
PROBE0071_at,GEP1Q71,1q,protein_coding
PROBE0072_at,GEP1Q72,1q,protein_coding
PROBE0073_at,GEP1Q73,1q,protein_coding
PROBE0074_at,GEP1Q74,1q,protein_coding
PROBE0075_at,GEP1Q75,1q,protein_coding
PROBE0076_at,GEP1Q76,1q,protein_coding
PROBE0077_at,GEP1Q77,1q,protein_coding
PROBE0078_at,GEP1Q78,1q,protein_coding
PROBE0079_at,GEP1Q79,1q,protein_coding
PROBE0080_at,GEP1Q80,1q,protein_coding
PROBE0081_at,GEP1Q81,1q,protein_coding
PROBE0082_at,GEP1Q82,1q,protein_coding
PROBE0083_at,GEP1Q83,1q,protein_coding
PROBE0084_at,GEP1Q84,1q,protein_coding
PROBE0085_at,GEP1Q85,1q,protein_coding
PROBE0086_at,GEP1Q86,1q,protein_coding
PROBE0087_at,GEP1Q87,1q,protein_coding
PROBE0088_at,GEP1Q88,1q,protein_coding
PROBE0089_at,GEP1Q89,1q,protein_coding
PROBE0090_at,GEP1Q90,1q,protein_coding
PROBE0091_at,GEP1Q91,1q,protein_coding
PROBE0092_at,GEP1Q92,1q,protein_coding
PROBE0093_at,GEP1Q93,1q,protein_coding
PROBE0094_at,GEP1Q94,1q,protein_coding
PROBE0095_at,GEP1Q95,1q,protein_coding
PROBE0096_at,GEP1Q96,1q,protein_coding
PROBE0097_at,GEP1Q97,1q,protein_coding
PROBE0098_at,GEP1Q98,1q,protein_coding
PROBE0099_at,GEP1Q99,1q,protein_coding
PROBE0100_at,GEP1Q100,1q,protein_coding
PROBE0101_at,GEP1Q101,1q,protein_coding
PROBE0102_at,GEP1Q102,1q,protein_coding
PROBE0103_at,GEP1Q103,1q,protein_coding
PROBE0104_at,GEP1Q104,1q,protein_coding
PROBE0105_at,GEP1Q105,1q,protein_coding
PROBE0106_at,GEP1Q106,1q,protein_coding
PROBE0107_at,GEP1Q107,1q,protein_coding
PROBE0108_at,GEP1Q108,1q,protein_coding
PROBE0109_at,GEP1Q109,1q,protein_coding
PROBE0110_at,GEP1Q110,1q,protein_coding
PROBE0111_at,GEP1Q111,1q,protein_coding
PROBE0112_at,GEP1Q112,1q,protein_coding
PROBE0113_at,GEP1Q113,1q,protein_coding
PROBE0114_at,GEP1Q114,1q,protein_coding
PROBE0115_at,GEP1Q115,1q,protein_coding
PROBE0116_at,GEP1Q116,1q,protein_coding
PROBE0117_at,GEP1Q117,1q,protein_coding
PROBE0118_at,GEP1Q118,1q,protein_coding
PROBE0119_at,GEP1Q119,1q,protein_coding
PROBE0120_at,GEP1Q120,1q,protein_coding
PROBE0121_at,IG01,14q,immunoglobulin
PROBE0122_at,IG02,14q,immunoglobulin
PROBE0123_at,IG03,14q,immunoglobulin
PROBE0124_at,IG04,14q,immunoglobulin
PROBE0125_at,IG05,14q,immunoglobulin
PROBE0126_at,IG06,14q,immunoglobulin
PROBE0127_at,IG07,14q,immunoglobulin
PROBE0128_at,IG08,14q,immunoglobulin
PROBE0129_at,IG09,14q,immunoglobulin
PROBE0130_at,IG10,14q,immunoglobulin
PROBE0131_at,IG11,14q,immunoglobulin
PROBE0132_at,IG12,14q,immunoglobulin
PROBE0133_at,IG13,14q,immunoglobulin
PROBE0134_at,IG14,14q,immunoglobulin
PROBE0135_at,IG15,14q,immunoglobulin
PROBE0136_at,IG16,14q,immunoglobulin
PROBE0137_at,IG17,14q,immunoglobulin
PROBE0138_at,IG18,14q,immunoglobulin
PROBE0139_at,IG19,22q,immunoglobulin
PROBE0140_at,IG20,22q,immunoglobulin
PROBE0141_at,IG21,22q,immunoglobulin
PROBE0142_at,IG22,22q,immunoglobulin
PROBE0143_at,IG23,22q,immunoglobulin
PROBE0144_at,IG24,22q,immunoglobulin
PROBE0145_at,IG25,22q,immunoglobulin
PROBE0146_at,IG26,22q,immunoglobulin
PROBE0147_at,IG27,22q,immunoglobulin
PROBE0148_at,IG28,22q,immunoglobulin
PROBE0149_at,IG29,22q,immunoglobulin
PROBE0150_at,IG30,22q,immunoglobulin
PROBE0151_at,IG31,22q,immunoglobulin
PROBE0152_at,PCADV001,13q,protein_coding
PROBE0153_at,PCADV002,17p,protein_coding
PROBE0154_at,PCADV003,1p,protein_coding
PROBE0155_at,PCADV004,8q,protein_coding
PROBE0156_at,PCADV005,13q,protein_coding
PROBE0157_at,PCADV006,17p,protein_coding
PROBE0158_at,PCADV007,1p,protein_coding
PROBE0159_at,PCADV008,8q,protein_coding
PROBE0160_at,PCADV009,13q,protein_coding
PROBE0161_at,PCADV010,17p,protein_coding
PROBE0162_at,PCADV011,1p,protein_coding
PROBE0163_at,PCADV012,8q,protein_coding
PROBE0164_at,PCADV013,13q,protein_coding
PROBE0165_at,PCADV014,17p,protein_coding
PROBE0166_at,PCADV015,1p,protein_coding
PROBE0167_at,PCADV016,8q,protein_coding
PROBE0168_at,PCADV017,13q,protein_coding
PROBE0169_at,PCADV018,17p,protein_coding
PROBE0170_at,PCADV019,1p,protein_coding
PROBE0171_at,PCADV020,8q,protein_coding
PROBE0172_at,PCADV021,13q,protein_coding
PROBE0173_at,PCADV022,17p,protein_coding
PROBE0174_at,PCADV023,1p,protein_coding
PROBE0175_at,PCADV024,8q,protein_coding
PROBE0176_at,PCADV025,13q,protein_coding
PROBE0177_at,PCADV026,17p,protein_coding
PROBE0178_at,PCADV027,1p,protein_coding
PROBE0179_at,PCADV028,8q,protein_coding
PROBE0180_at,PCADV029,13q,protein_coding
PROBE0181_at,PCADV030,17p,protein_coding
PROBE0182_at,PCADV031,1p,protein_coding
PROBE0183_at,PCADV032,8q,protein_coding
PROBE0184_at,PCADV033,13q,protein_coding
PROBE0185_at,PCADV034,17p,protein_coding
PROBE0186_at,PCADV035,1p,protein_coding
PROBE0187_at,PCADV036,8q,protein_coding
PROBE0188_at,PCADV037,13q,protein_coding
PROBE0189_at,PCADV038,17p,protein_coding
PROBE0190_at,PCADV039,1p,protein_coding
PROBE0191_at,PCADV040,8q,protein_coding
PROBE0192_at,PCADV041,13q,protein_coding
PROBE0193_at,PCADV042,17p,protein_coding
PROBE0194_at,PCADV043,1p,protein_coding
PROBE0195_at,PCADV044,8q,protein_coding
PROBE0196_at,PCADV045,13q,protein_coding
PROBE0197_at,PCADV046,17p,protein_coding
PROBE0198_at,PCADV047,1p,protein_coding
PROBE0199_at,PCADV048,8q,protein_coding
PROBE0200_at,PCADV049,13q,protein_coding
PROBE0201_at,PCADV050,17p,protein_coding
PROBE0202_at,PCADV051,1p,protein_coding
PROBE0203_at,PCADV052,8q,protein_coding
PROBE0204_at,PCADV053,13q,protein_coding
PROBE0205_at,PCADV054,17p,protein_coding
PROBE0206_at,PCADV055,1p,protein_coding
PROBE0207_at,PCADV056,8q,protein_coding
PROBE0208_at,PCADV057,13q,protein_coding
PROBE0209_at,PCADV058,17p,protein_coding
PROBE0210_at,PCADV059,1p,protein_coding
PROBE0211_at,PCADV060,8q,protein_coding
PROBE0212_at,PCADV061,13q,protein_coding
PROBE0213_at,PCADV062,17p,protein_coding
PROBE0214_at,PCADV063,1p,protein_coding
PROBE0215_at,PCADV064,8q,protein_coding
PROBE0216_at,PCADV065,13q,protein_coding
PROBE0217_at,PCADV066,17p,protein_coding
PROBE0218_at,PCADV067,1p,protein_coding
PROBE0219_at,PCADV068,8q,protein_coding
PROBE0220_at,PCADV069,13q,protein_coding
PROBE0221_at,PCADV070,17p,protein_coding
PROBE0222_at,PCADV071,1p,protein_coding
PROBE0223_at,PCADV072,8q,protein_coding
PROBE0224_at,PCADV073,13q,protein_coding
PROBE0225_at,PCADV074,17p,protein_coding
PROBE0226_at,PCADV075,1p,protein_coding
PROBE0227_at,PCADV076,8q,protein_coding
PROBE0228_at,PCADV077,13q,protein_coding
PROBE0229_at,PCADV078,17p,protein_coding
PROBE0230_at,PCADV079,1p,protein_coding
PROBE0231_at,PCADV080,8q,protein_coding
PROBE0232_at,PCFAV001,6p,protein_coding
PROBE0233_at,PCFAV002,11q,protein_coding
PROBE0234_at,PCFAV003,5q,protein_coding
PROBE0235_at,PCFAV004,16q,protein_coding
PROBE0236_at,PCFAV005,6p,protein_coding
PROBE0237_at,PCFAV006,11q,protein_coding
PROBE0238_at,PCFAV007,5q,protein_coding
PROBE0239_at,PCFAV008,16q,protein_coding
PROBE0240_at,PCFAV009,6p,protein_coding
PROBE0241_at,PCFAV010,11q,protein_coding
PROBE0242_at,PCFAV011,5q,protein_coding
PROBE0243_at,PCFAV012,16q,protein_coding
PROBE0244_at,PCFAV013,6p,protein_coding
PROBE0245_at,PCFAV014,11q,protein_coding
PROBE0246_at,PCFAV015,5q,protein_coding
PROBE0247_at,PCFAV016,16q,protein_coding
PROBE0248_at,PCFAV017,6p,protein_coding
PROBE0249_at,PCFAV018,11q,protein_coding
PROBE0250_at,PCFAV019,5q,protein_coding
PROBE0251_at,PCFAV020,16q,protein_coding
PROBE0252_at,PCFAV021,6p,protein_coding
PROBE0253_at,PCFAV022,11q,protein_coding
PROBE0254_at,PCFAV023,5q,protein_coding
PROBE0255_at,PCFAV024,16q,protein_coding
PROBE0256_at,PCFAV025,6p,protein_coding
PROBE0257_at,PCFAV026,11q,protein_coding
PROBE0258_at,PCFAV027,5q,protein_coding
PROBE0259_at,PCFAV028,16q,protein_coding
PROBE0260_at,PCFAV029,6p,protein_coding
PROBE0261_at,PCFAV030,11q,protein_coding
PROBE0262_at,PCFAV031,5q,protein_coding
PROBE0263_at,PCFAV032,16q,protein_coding
PROBE0264_at,PCFAV033,6p,protein_coding
PROBE0265_at,PCFAV034,11q,protein_coding
PROBE0266_at,PCFAV035,5q,protein_coding
PROBE0267_at,PCFAV036,16q,protein_coding
PROBE0268_at,PCFAV037,6p,protein_coding
PROBE0269_at,PCFAV038,11q,protein_coding
PROBE0270_at,PCFAV039,5q,protein_coding
PROBE0271_at,PCFAV040,16q,protein_coding
PROBE0272_at,PCFAV041,6p,protein_coding
PROBE0273_at,PCFAV042,11q,protein_coding
PROBE0274_at,PCFAV043,5q,protein_coding
PROBE0275_at,PCFAV044,16q,protein_coding
PROBE0276_at,PCFAV045,6p,protein_coding
PROBE0277_at,PCFAV046,11q,protein_coding
PROBE0278_at,PCFAV047,5q,protein_coding
PROBE0279_at,PCFAV048,16q,protein_coding
PROBE0280_at,PCFAV049,6p,protein_coding
PROBE0281_at,PCFAV050,11q,protein_coding
PROBE0282_at,PCFAV051,5q,protein_coding
PROBE0283_at,PCFAV052,16q,protein_coding
PROBE0284_at,PCFAV053,6p,protein_coding
PROBE0285_at,PCFAV054,11q,protein_coding
PROBE0286_at,PCFAV055,5q,protein_coding
PROBE0287_at,PCFAV056,16q,protein_coding
PROBE0288_at,PCFAV057,6p,protein_coding
PROBE0289_at,PCFAV058,11q,protein_coding
PROBE0290_at,PCFAV059,5q,protein_coding
PROBE0291_at,PCFAV060,16q,protein_coding
PROBE0292_at,PCFAV061,6p,protein_coding
PROBE0293_at,PCFAV062,11q,protein_coding
PROBE0294_at,PCFAV063,5q,protein_coding
PROBE0295_at,PCFAV064,16q,protein_coding
PROBE0296_at,PCFAV065,6p,protein_coding
PROBE0297_at,PCFAV066,11q,protein_coding
PROBE0298_at,PCFAV067,5q,protein_coding
PROBE0299_at,PCFAV068,16q,protein_coding
PROBE0300_at,PCFAV069,6p,protein_coding
PROBE0301_at,PCFAV070,11q,protein_coding
PROBE0302_at,PCFAV071,5q,protein_coding
PROBE0303_at,PCFAV072,16q,protein_coding
PROBE0304_at,PCFAV073,6p,protein_coding
PROBE0305_at,PCFAV074,11q,protein_coding
PROBE0306_at,PCFAV075,5q,protein_coding
PROBE0307_at,PCFAV076,16q,protein_coding
PROBE0308_at,PCFAV077,6p,protein_coding
PROBE0309_at,PCFAV078,11q,protein_coding
PROBE0310_at,PCFAV079,5q,protein_coding
PROBE0311_at,PCFAV080,16q,protein_coding
PROBE0312_at,PCOTH001,2p,protein_coding
PROBE0313_at,PCOTH002,3q,protein_coding
PROBE0314_at,PCOTH003,4q,protein_coding
PROBE0315_at,PCOTH004,7q,protein_coding
PROBE0316_at,PCOTH005,9p,protein_coding
PROBE0317_at,PCOTH006,10q,protein_coding
PROBE0318_at,PCOTH007,12p,protein_coding
PROBE0319_at,PCOTH008,15q,protein_coding
PROBE0320_at,PCOTH009,18q,protein_coding
PROBE0321_at,PCOTH010,19q,protein_coding
PROBE0322_at,PCOTH011,20q,protein_coding
PROBE0323_at,PCOTH012,21q,protein_coding
PROBE0324_at,PCOTH013,2p,protein_coding
PROBE0325_at,PCOTH014,3q,protein_coding
PROBE0326_at,PCOTH015,4q,protein_coding
PROBE0327_at,PCOTH016,7q,protein_coding
PROBE0328_at,PCOTH017,9p,protein_coding
PROBE0329_at,PCOTH018,10q,protein_coding
PROBE0330_at,PCOTH019,12p,protein_coding
PROBE0331_at,PCOTH020,15q,protein_coding
PROBE0332_at,PCOTH021,18q,protein_coding
PROBE0333_at,PCOTH022,19q,protein_coding
PROBE0334_at,PCOTH023,20q,protein_coding
PROBE0335_at,PCOTH024,21q,protein_coding
PROBE0336_at,PCOTH025,2p,protein_coding
PROBE0337_at,PCOTH026,3q,protein_coding
PROBE0338_at,PCOTH027,4q,protein_coding
PROBE0339_at,PCOTH028,7q,protein_coding
PROBE0340_at,PCOTH029,9p,protein_coding
PROBE0341_at,PCOTH030,10q,protein_coding
PROBE0342_at,PCOTH031,12p,protein_coding
PROBE0343_at,PCOTH032,15q,protein_coding
PROBE0344_at,PCOTH033,18q,protein_coding
PROBE0345_at,PCOTH034,19q,protein_coding
PROBE0346_at,PCOTH035,20q,protein_coding
PROBE0347_at,PCOTH036,21q,protein_coding
PROBE0348_at,PCOTH037,2p,protein_coding
PROBE0349_at,PCOTH038,3q,protein_coding
PROBE0350_at,PCOTH039,4q,protein_coding
PROBE0351_at,PCOTH040,7q,protein_coding
PROBE0352_at,PCOTH041,9p,protein_coding
PROBE0353_at,PCOTH042,10q,protein_coding
PROBE0354_at,PCOTH043,12p,protein_coding
PROBE0355_at,PCOTH044,15q,protein_coding
PROBE0356_at,PCOTH045,18q,protein_coding
PROBE0357_at,PCOTH046,19q,protein_coding
PROBE0358_at,PCOTH047,20q,protein_coding
PROBE0359_at,PCOTH048,21q,protein_coding
PROBE0360_at,PCOTH049,2p,protein_coding
PROBE0361_at,PCOTH050,3q,protein_coding
PROBE0362_at,PCOTH051,4q,protein_coding
PROBE0363_at,PCOTH052,7q,protein_coding
PROBE0364_at,PCOTH053,9p,protein_coding
PROBE0365_at,PCOTH054,10q,protein_coding
PROBE0366_at,PCOTH055,12p,protein_coding
PROBE0367_at,PCOTH056,15q,protein_coding
PROBE0368_at,PCOTH057,18q,protein_coding
PROBE0369_at,PCOTH058,19q,protein_coding
PROBE0370_at,PCOTH059,20q,protein_coding
PROBE0371_at,PCOTH060,21q,protein_coding
PROBE0372_at,PCOTH061,2p,protein_coding
PROBE0373_at,PCOTH062,3q,protein_coding
PROBE0374_at,PCOTH063,4q,protein_coding
PROBE0375_at,PCOTH064,7q,protein_coding
PROBE0376_at,PCOTH065,9p,protein_coding
PROBE0377_at,PCOTH066,10q,protein_coding
PROBE0378_at,PCOTH067,12p,protein_coding
PROBE0379_at,PCOTH068,15q,protein_coding
PROBE0380_at,PCOTH069,18q,protein_coding
PROBE0381_at,PCOTH070,19q,protein_coding
PROBE0382_at,PCOTH071,20q,protein_coding
PROBE0383_at,PCOTH072,21q,protein_coding
PROBE0384_at,PCOTH073,2p,protein_coding
PROBE0385_at,PCOTH074,3q,protein_coding
PROBE0386_at,PCOTH075,4q,protein_coding
PROBE0387_at,PCOTH076,7q,protein_coding
PROBE0388_at,PCOTH077,9p,protein_coding
PROBE0389_at,PCOTH078,10q,protein_coding
PROBE0390_at,PCOTH079,12p,protein_coding
PROBE0391_at,PCOTH080,15q,protein_coding
PROBE0392_at,PCOTH081,18q,protein_coding
PROBE0393_at,PCOTH082,19q,protein_coding
PROBE0394_at,PCOTH083,20q,protein_coding
PROBE0395_at,PCOTH084,21q,protein_coding
PROBE0396_at,PCOTH085,2p,protein_coding
PROBE0397_at,PCOTH086,3q,protein_coding
PROBE0398_at,PCOTH087,4q,protein_coding
PROBE0399_at,PCOTH088,7q,protein_coding
PROBE0400_at,PCOTH089,9p,protein_coding
PROBE0401_at,PCOTH090,10q,protein_coding
PROBE0402_at,PCOTH091,12p,protein_coding
PROBE0403_at,PCOTH092,15q,protein_coding
PROBE0404_at,PCOTH093,18q,protein_coding
PROBE0405_at,PCOTH094,19q,protein_coding
PROBE0406_at,PCOTH095,20q,protein_coding
PROBE0407_at,PCOTH096,21q,protein_coding
PROBE0408_at,PCOTH097,2p,protein_coding
PROBE0409_at,PCOTH098,3q,protein_coding
PROBE0410_at,PCOTH099,4q,protein_coding
PROBE0411_at,PCOTH100,7q,protein_coding
PROBE0412_at,PCOTH101,9p,protein_coding
PROBE0413_at,PCOTH102,10q,protein_coding
PROBE0414_at,PCOTH103,12p,protein_coding
PROBE0415_at,PCOTH104,15q,protein_coding
PROBE0416_at,PCOTH105,18q,protein_coding
PROBE0417_at,PCOTH106,19q,protein_coding
PROBE0418_at,PCOTH107,20q,protein_coding
PROBE0419_at,PCOTH108,21q,protein_coding
PROBE0420_at,PCOTH109,2p,protein_coding
PROBE0421_at,PCOTH110,3q,protein_coding
PROBE0422_at,PCOTH111,4q,protein_coding
PROBE0423_at,PCOTH112,7q,protein_coding
PROBE0424_at,PCOTH113,9p,protein_coding
PROBE0425_at,PCOTH114,10q,protein_coding
PROBE0426_at,PCOTH115,12p,protein_coding
PROBE0427_at,PCOTH116,15q,protein_coding
PROBE0428_at,PCOTH117,18q,protein_coding
PROBE0429_at,PCOTH118,19q,protein_coding
PROBE0430_at,PCOTH119,20q,protein_coding
PROBE0431_at,PCOTH120,21q,protein_coding
PROBE0432_at,PCOTH121,2p,protein_coding
PROBE0433_at,PCOTH122,3q,protein_coding
PROBE0434_at,PCOTH123,4q,protein_coding
PROBE0435_at,PCOTH124,7q,protein_coding
PROBE0436_at,PCOTH125,9p,protein_coding
PROBE0437_at,PCOTH126,10q,protein_coding
PROBE0438_at,PCOTH127,12p,protein_coding
PROBE0439_at,PCOTH128,15q,protein_coding
PROBE0440_at,PCOTH129,18q,protein_coding
PROBE0441_at,PCOTH130,19q,protein_coding
PROBE0442_at,PCOTH131,20q,protein_coding
PROBE0443_at,PCOTH132,21q,protein_coding
PROBE0444_at,PCOTH133,2p,protein_coding
PROBE0445_at,PCOTH134,3q,protein_coding
PROBE0446_at,PCOTH135,4q,protein_coding
PROBE0447_at,PCOTH136,7q,protein_coding
PROBE0448_at,PCOTH137,9p,protein_coding
PROBE0449_at,PCOTH138,10q,protein_coding
PROBE0450_at,PCOTH139,12p,protein_coding
PROBE0451_at,PCOTH140,15q,protein_coding
PROBE0452_at,PCOTH141,18q,protein_coding
PROBE0453_at,PCOTH142,19q,protein_coding
PROBE0454_at,PCOTH143,20q,protein_coding
PROBE0455_at,PCOTH144,21q,protein_coding
PROBE0456_at,PCOTH145,2p,protein_coding
PROBE0457_at,PCOTH146,3q,protein_coding
PROBE0458_at,PCOTH147,4q,protein_coding
PROBE0459_at,PCOTH148,7q,protein_coding
PROBE0460_at,PCOTH149,9p,protein_coding
PROBE0461_at,PCOTH150,10q,protein_coding
PROBE0462_at,PCOTH151,12p,protein_coding
PROBE0463_at,PCOTH152,15q,protein_coding
PROBE0464_at,PCOTH153,18q,protein_coding
PROBE0465_at,PCOTH154,19q,protein_coding
PROBE0466_at,PCOTH155,20q,protein_coding
PROBE0467_at,PCOTH156,21q,protein_coding
PROBE0468_at,PCOTH157,2p,protein_coding
PROBE0469_at,PCOTH158,3q,protein_coding
PROBE0470_at,PCOTH159,4q,protein_coding
PROBE0471_at,PCOTH160,7q,protein_coding
PROBE0472_at,PCOTH161,9p,protein_coding
PROBE0473_at,PCOTH162,10q,protein_coding
PROBE0474_at,PCOTH163,12p,protein_coding
PROBE0475_at,PCOTH164,15q,protein_coding
PROBE0476_at,PCOTH165,18q,protein_coding
PROBE0477_at,PCOTH166,19q,protein_coding
PROBE0478_at,PCOTH167,20q,protein_coding
PROBE0479_at,PCOTH168,21q,protein_coding
PROBE0480_at,PCOTH169,2p,protein_coding
PROBE0481_at,PCOTH170,3q,protein_coding
PROBE0482_at,PCOTH171,4q,protein_coding
PROBE0483_at,PCOTH172,7q,protein_coding
PROBE0484_at,PCOTH173,9p,protein_coding
PROBE0485_at,PCOTH174,10q,protein_coding
PROBE0486_at,PCOTH175,12p,protein_coding
PROBE0487_at,PCOTH176,15q,protein_coding
PROBE0488_at,PCOTH177,18q,protein_coding
PROBE0489_at,PCOTH178,19q,protein_coding
PROBE0490_at,PCOTH179,20q,protein_coding
PROBE0491_at,PCOTH180,21q,protein_coding
PROBE0492_at,PCOTH181,2p,protein_coding
PROBE0493_at,PCOTH182,3q,protein_coding
PROBE0494_at,PCOTH183,4q,protein_coding
PROBE0495_at,PCOTH184,7q,protein_coding
PROBE0496_at,PCOTH185,9p,protein_coding
PROBE0497_at,PCOTH186,10q,protein_coding
PROBE0498_at,PCOTH187,12p,protein_coding
PROBE0499_at,PCOTH188,15q,protein_coding
PROBE0500_at,PCOTH189,18q,protein_coding
PROBE0501_at,PCOTH190,19q,protein_coding
PROBE0502_at,PCOTH191,20q,protein_coding
PROBE0503_at,PCOTH192,21q,protein_coding
PROBE0504_at,PCOTH193,2p,protein_coding
PROBE0505_at,PCOTH194,3q,protein_coding
PROBE0506_at,PCOTH195,4q,protein_coding
PROBE0507_at,PCOTH196,7q,protein_coding
PROBE0508_at,PCOTH197,9p,protein_coding
PROBE0509_at,PCOTH198,10q,protein_coding
PROBE0510_at,PCOTH199,12p,protein_coding
PROBE0511_at,PCOTH200,15q,protein_coding
PROBE0512_at,PCOTH201,18q,protein_coding
PROBE0513_at,PCOTH202,19q,protein_coding
PROBE0514_at,PCOTH203,20q,protein_coding
PROBE0515_at,PCOTH204,21q,protein_coding
PROBE0516_at,PCOTH205,2p,protein_coding
PROBE0517_at,PCOTH206,3q,protein_coding
PROBE0518_at,PCOTH207,4q,protein_coding
PROBE0519_at,PCOTH208,7q,protein_coding
PROBE0520_at,PCOTH209,9p,protein_coding
PROBE0521_at,PCOTH210,10q,protein_coding
PROBE0522_at,PCOTH211,12p,protein_coding
PROBE0523_at,PCOTH212,15q,protein_coding
PROBE0524_at,PCOTH213,18q,protein_coding
PROBE0525_at,PCOTH214,19q,protein_coding
PROBE0526_at,PCOTH215,20q,protein_coding
PROBE0527_at,PCOTH216,21q,protein_coding
PROBE0528_at,PCOTH217,2p,protein_coding
PROBE0529_at,PCOTH218,3q,protein_coding
PROBE0530_at,PCOTH219,4q,protein_coding
PROBE0531_at,PCOTH220,7q,protein_coding
PROBE0532_at,PCOTH221,9p,protein_coding
PROBE0533_at,PCOTH222,10q,protein_coding
PROBE0534_at,PCOTH223,12p,protein_coding
PROBE0535_at,PCOTH224,15q,protein_coding
PROBE0536_at,PCOTH225,18q,protein_coding
PROBE0537_at,PCOTH226,19q,protein_coding
PROBE0538_at,PCOTH227,20q,protein_coding
PROBE0539_at,PCOTH228,21q,protein_coding
PROBE0540_at,PCOTH229,2p,protein_coding
PROBE0541_at,PCOTH230,3q,protein_coding
PROBE0542_at,PCOTH231,4q,protein_coding
PROBE0543_at,PCOTH232,7q,protein_coding
PROBE0544_at,PCOTH233,9p,protein_coding
PROBE0545_at,PCOTH234,10q,protein_coding
PROBE0546_at,PCOTH235,12p,protein_coding
PROBE0547_at,PCOTH236,15q,protein_coding
PROBE0548_at,PCOTH237,18q,protein_coding
PROBE0549_at,PCOTH238,19q,protein_coding
PROBE0550_at,PCOTH239,20q,protein_coding
PROBE0551_at,PCOTH240,21q,protein_coding
PROBE0552_at,MEMGUS001,2p,protein_coding
PROBE0553_at,MEMGUS002,3q,protein_coding
PROBE0554_at,MEMGUS003,4q,protein_coding
PROBE0555_at,MEMGUS004,7q,protein_coding
PROBE0556_at,MEMGUS005,9p,protein_coding
PROBE0557_at,MEMGUS006,10q,protein_coding
PROBE0558_at,MEMGUS007,12p,protein_coding
PROBE0559_at,MEMGUS008,15q,protein_coding
PROBE0560_at,MEMGUS009,18q,protein_coding
PROBE0561_at,MEMGUS010,19q,protein_coding
PROBE0562_at,MEMGUS011,20q,protein_coding
PROBE0563_at,MEMGUS012,21q,protein_coding
PROBE0564_at,MEMGUS013,2p,protein_coding
PROBE0565_at,MEMGUS014,3q,protein_coding
PROBE0566_at,MEMGUS015,4q,protein_coding
PROBE0567_at,MEMGUS016,7q,protein_coding
PROBE0568_at,MEMGUS017,9p,protein_coding
PROBE0569_at,MEMGUS018,10q,protein_coding
PROBE0570_at,MEMGUS019,12p,protein_coding
PROBE0571_at,MEMGUS020,15q,protein_coding
PROBE0572_at,MEMGUS021,18q,protein_coding
PROBE0573_at,MEMGUS022,19q,protein_coding
PROBE0574_at,MEMGUS023,20q,protein_coding
PROBE0575_at,MEMGUS024,21q,protein_coding
PROBE0576_at,MEMGUS025,2p,protein_coding
PROBE0577_at,MEMGUS026,3q,protein_coding
PROBE0578_at,MEMGUS027,4q,protein_coding
PROBE0579_at,MEMGUS028,7q,protein_coding
PROBE0580_at,MEMGUS029,9p,protein_coding
PROBE0581_at,MEMGUS030,10q,protein_coding
PROBE0582_at,MEMGUS031,12p,protein_coding
PROBE0583_at,MEMGUS032,15q,protein_coding
PROBE0584_at,MEMGUS033,18q,protein_coding
PROBE0585_at,MEMGUS034,19q,protein_coding
PROBE0586_at,MEMGUS035,20q,protein_coding
PROBE0587_at,MEMGUS036,21q,protein_coding
PROBE0588_at,MEMGUS037,2p,protein_coding
PROBE0589_at,MEMGUS038,3q,protein_coding
PROBE0590_at,MEMGUS039,4q,protein_coding
PROBE0591_at,MEMGUS040,7q,protein_coding
PROBE0592_at,MEMGUS041,9p,protein_coding
PROBE0593_at,MEMGUS042,10q,protein_coding
PROBE0594_at,MEMGUS043,12p,protein_coding
PROBE0595_at,MEMGUS044,15q,protein_coding
PROBE0596_at,MEMGUS045,18q,protein_coding
PROBE0597_at,MEMGUS046,19q,protein_coding
PROBE0598_at,MEMGUS047,20q,protein_coding
PROBE0599_at,MEMGUS048,21q,protein_coding
PROBE0600_at,MEMGUS049,2p,protein_coding
PROBE0601_at,MEMGUS050,3q,protein_coding
PROBE0602_at,MEMGUS051,4q,protein_coding
PROBE0603_at,MEMGUS052,7q,protein_coding
PROBE0604_at,MEMGUS053,9p,protein_coding
PROBE0605_at,MEMGUS054,10q,protein_coding
PROBE0606_at,MEMGUS055,12p,protein_coding
PROBE0607_at,MEMGUS056,15q,protein_coding
PROBE0608_at,MEMGUS057,18q,protein_coding
PROBE0609_at,MEMGUS058,19q,protein_coding
PROBE0610_at,MEMGUS059,20q,protein_coding
PROBE0611_at,MEMGUS060,21q,protein_coding
PROBE0612_at,MEMGUS061,2p,protein_coding
PROBE0613_at,MEMGUS062,3q,protein_coding
PROBE0614_at,MEMGUS063,4q,protein_coding
PROBE0615_at,MEMGUS064,7q,protein_coding
PROBE0616_at,MEMGUS065,9p,protein_coding
PROBE0617_at,MEMGUS066,10q,protein_coding
PROBE0618_at,MEMGUS067,12p,protein_coding
PROBE0619_at,MEMGUS068,15q,protein_coding
PROBE0620_at,MEMGUS069,18q,protein_coding
PROBE0621_at,MEMGUS070,19q,protein_coding
PROBE0622_at,MEMGUS071,20q,protein_coding
PROBE0623_at,MEMGUS072,21q,protein_coding
PROBE0624_at,MEMGUS073,2p,protein_coding
PROBE0625_at,MEMGUS074,3q,protein_coding
PROBE0626_at,MEMGUS075,4q,protein_coding
PROBE0627_at,MEMGUS076,7q,protein_coding
PROBE0628_at,MEMGUS077,9p,protein_coding
PROBE0629_at,MEMGUS078,10q,protein_coding
PROBE0630_at,MEMGUS079,12p,protein_coding
PROBE0631_at,MEMGUS080,15q,protein_coding
PROBE0632_at,MEHIGH001,7q,protein_coding
PROBE0633_at,MEHIGH002,9p,protein_coding
PROBE0634_at,MEHIGH003,10q,protein_coding
PROBE0635_at,MEHIGH004,12p,protein_coding
PROBE0636_at,MEHIGH005,15q,protein_coding
PROBE0637_at,MEHIGH006,18q,protein_coding
PROBE0638_at,MEHIGH007,19q,protein_coding
PROBE0639_at,MEHIGH008,20q,protein_coding
PROBE0640_at,MEHIGH009,21q,protein_coding
PROBE0641_at,MEHIGH010,2p,protein_coding
PROBE0642_at,MEHIGH011,3q,protein_coding
PROBE0643_at,MEHIGH012,4q,protein_coding
PROBE0644_at,MEHIGH013,7q,protein_coding
PROBE0645_at,MEHIGH014,9p,protein_coding
PROBE0646_at,MEHIGH015,10q,protein_coding
PROBE0647_at,MEHIGH016,12p,protein_coding
PROBE0648_at,MEHIGH017,15q,protein_coding
PROBE0649_at,MEHIGH018,18q,protein_coding
PROBE0650_at,MEHIGH019,19q,protein_coding
PROBE0651_at,MEHIGH020,20q,protein_coding
PROBE0652_at,MEHIGH021,21q,protein_coding
PROBE0653_at,MEHIGH022,2p,protein_coding
PROBE0654_at,MEHIGH023,3q,protein_coding
PROBE0655_at,MEHIGH024,4q,protein_coding
PROBE0656_at,MEHIGH025,7q,protein_coding
PROBE0657_at,MEHIGH026,9p,protein_coding
PROBE0658_at,MEHIGH027,10q,protein_coding
PROBE0659_at,MEHIGH028,12p,protein_coding
PROBE0660_at,MEHIGH029,15q,protein_coding
PROBE0661_at,MEHIGH030,18q,protein_coding
PROBE0662_at,MEHIGH031,19q,protein_coding
PROBE0663_at,MEHIGH032,20q,protein_coding
PROBE0664_at,MEHIGH033,21q,protein_coding
PROBE0665_at,MEHIGH034,2p,protein_coding
PROBE0666_at,MEHIGH035,3q,protein_coding
PROBE0667_at,MEHIGH036,4q,protein_coding
PROBE0668_at,MEHIGH037,7q,protein_coding
PROBE0669_at,MEHIGH038,9p,protein_coding
PROBE0670_at,MEHIGH039,10q,protein_coding
PROBE0671_at,MEHIGH040,12p,protein_coding
PROBE0672_at,MEHIGH041,15q,protein_coding
PROBE0673_at,MEHIGH042,18q,protein_coding
PROBE0674_at,MEHIGH043,19q,protein_coding
PROBE0675_at,MEHIGH044,20q,protein_coding
PROBE0676_at,MEHIGH045,21q,protein_coding
PROBE0677_at,MEHIGH046,2p,protein_coding
PROBE0678_at,MEHIGH047,3q,protein_coding
PROBE0679_at,MEHIGH048,4q,protein_coding
PROBE0680_at,MEHIGH049,7q,protein_coding
PROBE0681_at,MEHIGH050,9p,protein_coding
PROBE0682_at,MEHIGH051,10q,protein_coding
PROBE0683_at,MEHIGH052,12p,protein_coding
PROBE0684_at,MEHIGH053,15q,protein_coding
PROBE0685_at,MEHIGH054,18q,protein_coding
PROBE0686_at,MEHIGH055,19q,protein_coding
PROBE0687_at,MEHIGH056,20q,protein_coding
PROBE0688_at,MEHIGH057,21q,protein_coding
PROBE0689_at,MEHIGH058,2p,protein_coding
PROBE0690_at,MEHIGH059,3q,protein_coding
PROBE0691_at,MEHIGH060,4q,protein_coding
PROBE0692_at,MEHIGH061,7q,protein_coding
PROBE0693_at,MEHIGH062,9p,protein_coding
PROBE0694_at,MEHIGH063,10q,protein_coding
PROBE0695_at,MEHIGH064,12p,protein_coding
PROBE0696_at,MEHIGH065,15q,protein_coding
PROBE0697_at,MEHIGH066,18q,protein_coding
PROBE0698_at,MEHIGH067,19q,protein_coding
PROBE0699_at,MEHIGH068,20q,protein_coding
PROBE0700_at,MEHIGH069,21q,protein_coding
PROBE0701_at,MEHIGH070,2p,protein_coding
PROBE0702_at,MEHIGH071,3q,protein_coding
PROBE0703_at,MEHIGH072,4q,protein_coding
PROBE0704_at,MEHIGH073,7q,protein_coding
PROBE0705_at,MEHIGH074,9p,protein_coding
PROBE0706_at,MEHIGH075,10q,protein_coding
PROBE0707_at,MEHIGH076,12p,protein_coding
PROBE0708_at,MEHIGH077,15q,protein_coding
PROBE0709_at,MEHIGH078,18q,protein_coding
PROBE0710_at,MEHIGH079,19q,protein_coding
PROBE0711_at,MEHIGH080,20q,protein_coding
PROBE0712_at,MEHIGH081,21q,protein_coding
PROBE0713_at,MEHIGH082,2p,protein_coding
PROBE0714_at,MEHIGH083,3q,protein_coding
PROBE0715_at,MEHIGH084,4q,protein_coding
PROBE0716_at,MEHIGH085,7q,protein_coding
PROBE0717_at,MEHIGH086,9p,protein_coding
PROBE0718_at,MEHIGH087,10q,protein_coding
PROBE0719_at,MEHIGH088,12p,protein_coding
PROBE0720_at,MEHIGH089,15q,protein_coding
PROBE0721_at,MEHIGH090,18q,protein_coding
PROBE0722_at,MEHIGH091,19q,protein_coding
PROBE0723_at,MEHIGH092,20q,protein_coding
PROBE0724_at,MEHIGH093,21q,protein_coding
PROBE0725_at,MEHIGH094,2p,protein_coding
PROBE0726_at,MEHIGH095,3q,protein_coding
PROBE0727_at,MEHIGH096,4q,protein_coding
PROBE0728_at,MEHIGH097,7q,protein_coding
PROBE0729_at,MEHIGH098,9p,protein_coding
PROBE0730_at,MEHIGH099,10q,protein_coding
PROBE0731_at,MEHIGH100,12p,protein_coding
PROBE0732_at,MEOTH001,10q,protein_coding
PROBE0733_at,MEOTH002,12p,protein_coding
PROBE0734_at,MEOTH003,15q,protein_coding
PROBE0735_at,MEOTH004,18q,protein_coding
PROBE0736_at,MEOTH005,19q,protein_coding
PROBE0737_at,MEOTH006,20q,protein_coding
PROBE0738_at,MEOTH007,21q,protein_coding
PROBE0739_at,MEOTH008,2p,protein_coding
PROBE0740_at,MEOTH009,3q,protein_coding
PROBE0741_at,MEOTH010,4q,protein_coding
PROBE0742_at,MEOTH011,7q,protein_coding
PROBE0743_at,MEOTH012,9p,protein_coding
PROBE0744_at,MEOTH013,10q,protein_coding
PROBE0745_at,MEOTH014,12p,protein_coding
PROBE0746_at,MEOTH015,15q,protein_coding
PROBE0747_at,MEOTH016,18q,protein_coding
PROBE0748_at,MEOTH017,19q,protein_coding
PROBE0749_at,MEOTH018,20q,protein_coding
PROBE0750_at,MEOTH019,21q,protein_coding
PROBE0751_at,MEOTH020,2p,protein_coding
PROBE0752_at,MEOTH021,3q,protein_coding
PROBE0753_at,MEOTH022,4q,protein_coding
PROBE0754_at,MEOTH023,7q,protein_coding
PROBE0755_at,MEOTH024,9p,protein_coding
PROBE0756_at,MEOTH025,10q,protein_coding
PROBE0757_at,MEOTH026,12p,protein_coding
PROBE0758_at,MEOTH027,15q,protein_coding
PROBE0759_at,MEOTH028,18q,protein_coding
PROBE0760_at,MEOTH029,19q,protein_coding
PROBE0761_at,MEOTH030,20q,protein_coding
PROBE0762_at,MEOTH031,21q,protein_coding
PROBE0763_at,MEOTH032,2p,protein_coding
PROBE0764_at,MEOTH033,3q,protein_coding
PROBE0765_at,MEOTH034,4q,protein_coding
PROBE0766_at,MEOTH035,7q,protein_coding
PROBE0767_at,MEOTH036,9p,protein_coding
PROBE0768_at,MEOTH037,10q,protein_coding
PROBE0769_at,MEOTH038,12p,protein_coding
PROBE0770_at,MEOTH039,15q,protein_coding
PROBE0771_at,MEOTH040,18q,protein_coding
PROBE0772_at,MEOTH041,19q,protein_coding
PROBE0773_at,MEOTH042,20q,protein_coding
PROBE0774_at,MEOTH043,21q,protein_coding
PROBE0775_at,MEOTH044,2p,protein_coding
PROBE0776_at,MEOTH045,3q,protein_coding
PROBE0777_at,MEOTH046,4q,protein_coding
PROBE0778_at,MEOTH047,7q,protein_coding
PROBE0779_at,MEOTH048,9p,protein_coding
PROBE0780_at,MEOTH049,10q,protein_coding
PROBE0781_at,MEOTH050,12p,protein_coding
PROBE0782_at,MEOTH051,15q,protein_coding
PROBE0783_at,MEOTH052,18q,protein_coding
PROBE0784_at,MEOTH053,19q,protein_coding
PROBE0785_at,MEOTH054,20q,protein_coding
PROBE0786_at,MEOTH055,21q,protein_coding
PROBE0787_at,MEOTH056,2p,protein_coding
PROBE0788_at,MEOTH057,3q,protein_coding
PROBE0789_at,MEOTH058,4q,protein_coding
PROBE0790_at,MEOTH059,7q,protein_coding
PROBE0791_at,MEOTH060,9p,protein_coding
PROBE0792_at,MEOTH061,10q,protein_coding
PROBE0793_at,MEOTH062,12p,protein_coding
PROBE0794_at,MEOTH063,15q,protein_coding
PROBE0795_at,MEOTH064,18q,protein_coding
PROBE0796_at,MEOTH065,19q,protein_coding
PROBE0797_at,MEOTH066,20q,protein_coding
PROBE0798_at,MEOTH067,21q,protein_coding
PROBE0799_at,MEOTH068,2p,protein_coding
PROBE0800_at,MEOTH069,3q,protein_coding
PROBE0801_at,MEOTH070,4q,protein_coding
PROBE0802_at,MEOTH071,7q,protein_coding
PROBE0803_at,MEOTH072,9p,protein_coding
PROBE0804_at,MEOTH073,10q,protein_coding
PROBE0805_at,MEOTH074,12p,protein_coding
PROBE0806_at,MEOTH075,15q,protein_coding
PROBE0807_at,MEOTH076,18q,protein_coding
PROBE0808_at,MEOTH077,19q,protein_coding
PROBE0809_at,MEOTH078,20q,protein_coding
PROBE0810_at,MEOTH079,21q,protein_coding
PROBE0811_at,MEOTH080,2p,protein_coding
PROBE0812_at,MEOTH081,3q,protein_coding
PROBE0813_at,MEOTH082,4q,protein_coding
PROBE0814_at,MEOTH083,7q,protein_coding
PROBE0815_at,MEOTH084,9p,protein_coding
PROBE0816_at,MEOTH085,10q,protein_coding
PROBE0817_at,MEOTH086,12p,protein_coding
PROBE0818_at,MEOTH087,15q,protein_coding
PROBE0819_at,MEOTH088,18q,protein_coding
PROBE0820_at,MEOTH089,19q,protein_coding
PROBE0821_at,MEOTH090,20q,protein_coding
PROBE0822_at,MEOTH091,21q,protein_coding
PROBE0823_at,MEOTH092,2p,protein_coding
PROBE0824_at,MEOTH093,3q,protein_coding
PROBE0825_at,MEOTH094,4q,protein_coding
PROBE0826_at,MEOTH095,7q,protein_coding
PROBE0827_at,MEOTH096,9p,protein_coding
PROBE0828_at,MEOTH097,10q,protein_coding
PROBE0829_at,MEOTH098,12p,protein_coding
PROBE0830_at,MEOTH099,15q,protein_coding
PROBE0831_at,MEOTH100,18q,protein_coding
PROBE0832_at,MEOTH101,19q,protein_coding
PROBE0833_at,MEOTH102,20q,protein_coding
PROBE0834_at,MEOTH103,21q,protein_coding
PROBE0835_at,MEOTH104,2p,protein_coding
PROBE0836_at,MEOTH105,3q,protein_coding
PROBE0837_at,MEOTH106,4q,protein_coding
PROBE0838_at,MEOTH107,7q,protein_coding
PROBE0839_at,MEOTH108,9p,protein_coding
PROBE0840_at,MEOTH109,10q,protein_coding
PROBE0841_at,MEOTH110,12p,protein_coding
PROBE0842_at,MEOTH111,15q,protein_coding
PROBE0843_at,MEOTH112,18q,protein_coding
PROBE0844_at,MEOTH113,19q,protein_coding
PROBE0845_at,MEOTH114,20q,protein_coding
PROBE0846_at,MEOTH115,21q,protein_coding
PROBE0847_at,MEOTH116,2p,protein_coding
PROBE0848_at,MEOTH117,3q,protein_coding
PROBE0849_at,MEOTH118,4q,protein_coding
PROBE0850_at,MEOTH119,7q,protein_coding
PROBE0851_at,MEOTH120,9p,protein_coding
PROBE0852_at,MEOTH121,10q,protein_coding
PROBE0853_at,MEOTH122,12p,protein_coding
PROBE0854_at,MEOTH123,15q,protein_coding
PROBE0855_at,MEOTH124,18q,protein_coding
PROBE0856_at,MEOTH125,19q,protein_coding
PROBE0857_at,MEOTH126,20q,protein_coding
PROBE0858_at,MEOTH127,21q,protein_coding
PROBE0859_at,MEOTH128,2p,protein_coding
PROBE0860_at,MEOTH129,3q,protein_coding
PROBE0861_at,MEOTH130,4q,protein_coding
PROBE0862_at,MEOTH131,7q,protein_coding
PROBE0863_at,MEOTH132,9p,protein_coding
PROBE0864_at,MEOTH133,10q,protein_coding
PROBE0865_at,MEOTH134,12p,protein_coding
PROBE0866_at,MEOTH135,15q,protein_coding
PROBE0867_at,MEOTH136,18q,protein_coding
PROBE0868_at,MEOTH137,19q,protein_coding
PROBE0869_at,MEOTH138,20q,protein_coding
PROBE0870_at,MEOTH139,21q,protein_coding
PROBE0871_at,MEOTH140,2p,protein_coding
PROBE0872_at,MEOTH141,3q,protein_coding
PROBE0873_at,MEOTH142,4q,protein_coding
PROBE0874_at,MEOTH143,7q,protein_coding
PROBE0875_at,MEOTH144,9p,protein_coding
PROBE0876_at,MEOTH145,10q,protein_coding
PROBE0877_at,MEOTH146,12p,protein_coding
PROBE0878_at,MEOTH147,15q,protein_coding
PROBE0879_at,MEOTH148,18q,protein_coding
PROBE0880_at,MEOTH149,19q,protein_coding
PROBE0881_at,MEOTH150,20q,protein_coding
PROBE0882_at,MEOTH151,21q,protein_coding
PROBE0883_at,MEOTH152,2p,protein_coding
PROBE0884_at,MEOTH153,3q,protein_coding
PROBE0885_at,MEOTH154,4q,protein_coding
PROBE0886_at,MEOTH155,7q,protein_coding
PROBE0887_at,MEOTH156,9p,protein_coding
PROBE0888_at,MEOTH157,10q,protein_coding
PROBE0889_at,MEOTH158,12p,protein_coding
PROBE0890_at,MEOTH159,15q,protein_coding
PROBE0891_at,MEOTH160,18q,protein_coding
PROBE0892_at,MEOTH161,19q,protein_coding
PROBE0893_at,MEOTH162,20q,protein_coding
PROBE0894_at,MEOTH163,21q,protein_coding
PROBE0895_at,MEOTH164,2p,protein_coding
PROBE0896_at,MEOTH165,3q,protein_coding
PROBE0897_at,MEOTH166,4q,protein_coding
PROBE0898_at,MEOTH167,7q,protein_coding
PROBE0899_at,MEOTH168,9p,protein_coding
PROBE0900_at,MEOTH169,10q,protein_coding
PROBE0901_at,MEOTH170,12p,protein_coding
PROBE0902_at,MEOTH171,15q,protein_coding
PROBE0903_at,MEOTH172,18q,protein_coding
PROBE0904_at,MEOTH173,19q,protein_coding
PROBE0905_at,MEOTH174,20q,protein_coding
PROBE0906_at,MEOTH175,21q,protein_coding
PROBE0907_at,MEOTH176,2p,protein_coding
PROBE0908_at,MEOTH177,3q,protein_coding
PROBE0909_at,MEOTH178,4q,protein_coding
PROBE0910_at,MEOTH179,7q,protein_coding
PROBE0911_at,MEOTH180,9p,protein_coding
PROBE0912_at,MEOTH181,10q,protein_coding
PROBE0913_at,MEOTH182,12p,protein_coding
PROBE0914_at,MEOTH183,15q,protein_coding
PROBE0915_at,MEOTH184,18q,protein_coding
PROBE0916_at,MEOTH185,19q,protein_coding
PROBE0917_at,MEOTH186,20q,protein_coding
PROBE0918_at,MEOTH187,21q,protein_coding
PROBE0919_at,MEOTH188,2p,protein_coding
PROBE0920_at,MEOTH189,3q,protein_coding
PROBE0921_at,MEOTH190,4q,protein_coding
PROBE0922_at,MEOTH191,7q,protein_coding
PROBE0923_at,MEOTH192,9p,protein_coding
PROBE0924_at,MEOTH193,10q,protein_coding
PROBE0925_at,MEOTH194,12p,protein_coding
PROBE0926_at,MEOTH195,15q,protein_coding
PROBE0927_at,MEOTH196,18q,protein_coding
PROBE0928_at,MEOTH197,19q,protein_coding
PROBE0929_at,MEOTH198,20q,protein_coding
PROBE0930_at,MEOTH199,21q,protein_coding
PROBE0931_at,MEOTH200,2p,protein_coding
PROBE0932_at,MEOTH201,3q,protein_coding
PROBE0933_at,MEOTH202,4q,protein_coding
PROBE0934_at,MEOTH203,7q,protein_coding
PROBE0935_at,MEOTH204,9p,protein_coding
PROBE0936_at,MEOTH205,10q,protein_coding
PROBE0937_at,MEOTH206,12p,protein_coding
PROBE0938_at,MEOTH207,15q,protein_coding
PROBE0939_at,MEOTH208,18q,protein_coding
PROBE0940_at,MEOTH209,19q,protein_coding
PROBE0941_at,MEOTH210,20q,protein_coding
PROBE0942_at,MEOTH211,21q,protein_coding
PROBE0943_at,MEOTH212,2p,protein_coding
PROBE0944_at,MEOTH213,3q,protein_coding
PROBE0945_at,MEOTH214,4q,protein_coding
PROBE0946_at,MEOTH215,7q,protein_coding
PROBE0947_at,MEOTH216,9p,protein_coding
PROBE0948_at,MEOTH217,10q,protein_coding
PROBE0949_at,MEOTH218,12p,protein_coding
PROBE0950_at,MEOTH219,15q,protein_coding
PROBE0951_at,MEOTH220,18q,protein_coding
PROBE0952_at,MEOTH221,19q,protein_coding
PROBE0953_at,MEOTH222,20q,protein_coding
PROBE0954_at,MEOTH223,21q,protein_coding
PROBE0955_at,MEOTH224,2p,protein_coding
PROBE0956_at,MEOTH225,3q,protein_coding
PROBE0957_at,MEOTH226,4q,protein_coding
PROBE0958_at,MEOTH227,7q,protein_coding
PROBE0959_at,MEOTH228,9p,protein_coding
PROBE0960_at,MEOTH229,10q,protein_coding
PROBE0961_at,MEOTH230,12p,protein_coding
PROBE0962_at,MEOTH231,15q,protein_coding
PROBE0963_at,MEOTH232,18q,protein_coding
PROBE0964_at,MEOTH233,19q,protein_coding
PROBE0965_at,MEOTH234,20q,protein_coding
PROBE0966_at,MEOTH235,21q,protein_coding
PROBE0967_at,MEOTH236,2p,protein_coding
PROBE0968_at,MEOTH237,3q,protein_coding
PROBE0969_at,MEOTH238,4q,protein_coding
PROBE0970_at,MEOTH239,7q,protein_coding
PROBE0971_at,MEOTH240,9p,protein_coding
PROBE0972_at,GENE0972,21q,protein_coding
PROBE0973_at,GENE0973,2p,protein_coding
PROBE0974_at,GENE0974,3q,protein_coding
PROBE0975_at,GENE0975,4q,protein_coding
PROBE0976_at,GENE0976,7q,protein_coding
PROBE0977_at,GENE0977,9p,protein_coding
PROBE0978_at,GENE0978,10q,protein_coding
PROBE0979_at,GENE0979,12p,protein_coding
PROBE0980_at,GENE0980,15q,protein_coding
PROBE0981_at,GENE0981,18q,protein_coding
PROBE0982_at,GENE0982,19q,protein_coding
PROBE0983_at,GENE0983,20q,protein_coding
PROBE0984_at,GENE0984,21q,protein_coding
PROBE0985_at,GENE0985,2p,protein_coding
PROBE0986_at,GENE0986,3q,protein_coding
PROBE0987_at,GENE0987,4q,protein_coding
PROBE0988_at,GENE0988,7q,protein_coding
PROBE0989_at,GENE0989,9p,protein_coding
PROBE0990_at,GENE0990,10q,protein_coding
PROBE0991_at,GENE0991,12p,protein_coding
PROBE0992_at,GENE0992,15q,protein_coding
PROBE0993_at,GENE0993,18q,protein_coding
PROBE0994_at,GENE0994,19q,protein_coding
PROBE0995_at,GENE0995,20q,protein_coding
PROBE0996_at,GENE0996,21q,protein_coding
PROBE0997_at,GENE0997,2p,protein_coding
PROBE0998_at,GENE0998,3q,protein_coding
PROBE0999_at,GENE0999,4q,protein_coding
PROBE1000_at,GENE1000,7q,protein_coding
PROBE1001_at,GENE1001,9p,protein_coding
PROBE1002_at,GENE1002,10q,protein_coding
PROBE1003_at,GENE1003,12p,protein_coding
PROBE1004_at,GENE1004,15q,protein_coding
PROBE1005_at,GENE1005,18q,protein_coding
PROBE1006_at,GENE1006,19q,protein_coding
PROBE1007_at,GENE1007,20q,protein_coding
PROBE1008_at,GENE1008,21q,protein_coding
PROBE1009_at,GENE1009,2p,protein_coding
PROBE1010_at,GENE1010,3q,protein_coding
PROBE1011_at,GENE1011,4q,protein_coding
PROBE1012_at,GENE1012,7q,protein_coding
PROBE1013_at,GENE1013,9p,protein_coding
PROBE1014_at,GENE1014,10q,protein_coding
PROBE1015_at,GENE1015,12p,protein_coding
PROBE1016_at,GENE1016,15q,protein_coding
PROBE1017_at,GENE1017,18q,protein_coding
PROBE1018_at,GENE1018,19q,protein_coding
PROBE1019_at,GENE1019,20q,protein_coding
PROBE1020_at,GENE1020,21q,protein_coding
PROBE1021_at,GENE1021,2p,protein_coding
PROBE1022_at,GENE1022,3q,protein_coding
PROBE1023_at,GENE1023,4q,protein_coding
PROBE1024_at,GENE1024,7q,protein_coding
PROBE1025_at,GENE1025,9p,protein_coding
PROBE1026_at,GENE1026,10q,protein_coding
PROBE1027_at,GENE1027,12p,protein_coding
PROBE1028_at,GENE1028,15q,protein_coding
PROBE1029_at,GENE1029,18q,protein_coding
PROBE1030_at,GENE1030,19q,protein_coding
PROBE1031_at,GENE1031,20q,protein_coding
PROBE1032_at,GENE1032,21q,protein_coding
PROBE1033_at,GENE1033,2p,protein_coding
PROBE1034_at,GENE1034,3q,protein_coding
PROBE1035_at,GENE1035,4q,protein_coding
PROBE1036_at,GENE1036,7q,protein_coding
PROBE1037_at,GENE1037,9p,protein_coding
PROBE1038_at,GENE1038,10q,protein_coding
PROBE1039_at,GENE1039,12p,protein_coding
PROBE1040_at,GENE1040,15q,protein_coding
PROBE1041_at,GENE1041,18q,protein_coding
PROBE1042_at,GENE1042,19q,protein_coding
PROBE1043_at,GENE1043,20q,protein_coding
PROBE1044_at,GENE1044,21q,protein_coding
PROBE1045_at,GENE1045,2p,protein_coding
PROBE1046_at,GENE1046,3q,protein_coding
PROBE1047_at,GENE1047,4q,protein_coding
PROBE1048_at,GENE1048,7q,protein_coding
PROBE1049_at,GENE1049,9p,protein_coding
PROBE1050_at,GENE1050,10q,protein_coding
PROBE1051_at,GENE1051,12p,protein_coding
PROBE1052_at,GENE1052,15q,protein_coding
PROBE1053_at,GENE1053,18q,protein_coding
PROBE1054_at,GENE1054,19q,protein_coding
PROBE1055_at,GENE1055,20q,protein_coding
PROBE1056_at,GENE1056,21q,protein_coding
PROBE1057_at,GENE1057,2p,protein_coding
PROBE1058_at,GENE1058,3q,protein_coding
PROBE1059_at,GENE1059,4q,protein_coding
PROBE1060_at,GENE1060,7q,protein_coding
PROBE1061_at,GENE1061,9p,protein_coding
PROBE1062_at,GENE1062,10q,protein_coding
PROBE1063_at,GENE1063,12p,protein_coding
PROBE1064_at,GENE1064,15q,protein_coding
PROBE1065_at,GENE1065,18q,protein_coding
PROBE1066_at,GENE1066,19q,protein_coding
PROBE1067_at,GENE1067,20q,protein_coding
PROBE1068_at,GENE1068,21q,protein_coding
PROBE1069_at,GENE1069,2p,protein_coding
PROBE1070_at,GENE1070,3q,protein_coding
PROBE1071_at,GENE1071,4q,protein_coding
PROBE1072_at,GENE1072,7q,protein_coding
PROBE1073_at,GENE1073,9p,protein_coding
PROBE1074_at,GENE1074,10q,protein_coding
PROBE1075_at,GENE1075,12p,protein_coding
PROBE1076_at,GENE1076,15q,protein_coding
PROBE1077_at,GENE1077,18q,protein_coding
PROBE1078_at,GENE1078,19q,protein_coding
PROBE1079_at,GENE1079,20q,protein_coding
PROBE1080_at,GENE1080,21q,protein_coding
PROBE1081_at,GENE1081,2p,protein_coding
PROBE1082_at,GENE1082,3q,protein_coding
PROBE1083_at,GENE1083,4q,protein_coding
PROBE1084_at,GENE1084,7q,protein_coding
PROBE1085_at,GENE1085,9p,protein_coding
PROBE1086_at,GENE1086,10q,protein_coding
PROBE1087_at,GENE1087,12p,protein_coding
PROBE1088_at,GENE1088,15q,protein_coding
PROBE1089_at,GENE1089,18q,protein_coding
PROBE1090_at,GENE1090,19q,protein_coding
PROBE1091_at,GENE1091,20q,protein_coding
PROBE1092_at,GENE1092,21q,protein_coding
PROBE1093_at,GENE1093,2p,protein_coding
PROBE1094_at,GENE1094,3q,protein_coding
PROBE1095_at,GENE1095,4q,protein_coding
PROBE1096_at,GENE1096,7q,protein_coding
PROBE1097_at,GENE1097,9p,protein_coding
PROBE1098_at,GENE1098,10q,protein_coding
PROBE1099_at,GENE1099,12p,protein_coding
PROBE1100_at,GENE1100,15q,protein_coding
PROBE1101_at,GENE1101,18q,protein_coding
PROBE1102_at,GENE1102,19q,protein_coding
PROBE1103_at,GENE1103,20q,protein_coding
PROBE1104_at,GENE1104,21q,protein_coding
PROBE1105_at,GENE1105,2p,protein_coding
PROBE1106_at,GENE1106,3q,protein_coding
PROBE1107_at,GENE1107,4q,protein_coding
PROBE1108_at,GENE1108,7q,protein_coding
PROBE1109_at,GENE1109,9p,protein_coding
PROBE1110_at,GENE1110,10q,protein_coding
PROBE1111_at,GENE1111,12p,protein_coding
PROBE1112_at,GENE1112,15q,protein_coding
PROBE1113_at,GENE1113,18q,protein_coding
PROBE1114_at,GENE1114,19q,protein_coding
PROBE1115_at,GENE1115,20q,protein_coding
PROBE1116_at,GENE1116,21q,protein_coding
PROBE1117_at,GENE1117,2p,protein_coding
PROBE1118_at,GENE1118,3q,protein_coding
PROBE1119_at,GENE1119,4q,protein_coding
PROBE1120_at,GENE1120,7q,protein_coding
PROBE1121_at,GENE1121,9p,protein_coding
PROBE1122_at,GENE1122,10q,protein_coding
PROBE1123_at,GENE1123,12p,protein_coding
PROBE1124_at,GENE1124,15q,protein_coding
PROBE1125_at,GENE1125,18q,protein_coding
PROBE1126_at,GENE1126,19q,protein_coding
PROBE1127_at,GENE1127,20q,protein_coding
PROBE1128_at,GENE1128,21q,protein_coding
PROBE1129_at,GENE1129,2p,protein_coding
PROBE1130_at,GENE1130,3q,protein_coding
PROBE1131_at,GENE1131,4q,protein_coding
PROBE1132_at,GENE1132,7q,protein_coding
PROBE1133_at,GENE1133,9p,protein_coding
PROBE1134_at,GENE1134,10q,protein_coding
PROBE1135_at,GENE1135,12p,protein_coding
PROBE1136_at,GENE1136,15q,protein_coding
PROBE1137_at,GENE1137,18q,protein_coding
PROBE1138_at,GENE1138,19q,protein_coding
PROBE1139_at,GENE1139,20q,protein_coding
PROBE1140_at,GENE1140,21q,protein_coding
PROBE1141_at,GENE1141,2p,protein_coding
PROBE1142_at,GENE1142,3q,protein_coding
PROBE1143_at,GENE1143,4q,protein_coding
PROBE1144_at,GENE1144,7q,protein_coding
PROBE1145_at,GENE1145,9p,protein_coding
PROBE1146_at,GENE1146,10q,protein_coding
PROBE1147_at,GENE1147,12p,protein_coding
PROBE1148_at,GENE1148,15q,protein_coding
PROBE1149_at,GENE1149,18q,protein_coding
PROBE1150_at,GENE1150,19q,protein_coding
PROBE1151_at,GENE1151,20q,protein_coding
PROBE1152_at,GENE1152,21q,protein_coding
PROBE1153_at,GENE1153,2p,protein_coding
PROBE1154_at,GENE1154,3q,protein_coding
PROBE1155_at,GENE1155,4q,protein_coding
PROBE1156_at,GENE1156,7q,protein_coding
PROBE1157_at,GENE1157,9p,protein_coding
PROBE1158_at,GENE1158,10q,protein_coding
PROBE1159_at,GENE1159,12p,protein_coding
PROBE1160_at,GENE1160,15q,protein_coding
PROBE1161_at,GENE1161,18q,protein_coding
PROBE1162_at,GENE1162,19q,protein_coding
PROBE1163_at,GENE1163,20q,protein_coding
PROBE1164_at,GENE1164,21q,protein_coding
PROBE1165_at,GENE1165,2p,protein_coding
PROBE1166_at,GENE1166,3q,protein_coding
PROBE1167_at,GENE1167,4q,protein_coding
PROBE1168_at,GENE1168,7q,protein_coding
PROBE1169_at,GENE1169,9p,protein_coding
PROBE1170_at,GENE1170,10q,protein_coding
PROBE1171_at,GENE1171,12p,protein_coding
PROBE1172_at,GENE1172,15q,protein_coding
PROBE1173_at,GENE1173,18q,protein_coding
PROBE1174_at,GENE1174,19q,protein_coding
PROBE1175_at,GENE1175,20q,protein_coding
PROBE1176_at,GENE1176,21q,protein_coding
PROBE1177_at,GENE1177,2p,protein_coding
PROBE1178_at,GENE1178,3q,protein_coding
PROBE1179_at,GENE1179,4q,protein_coding
PROBE1180_at,GENE1180,7q,protein_coding
PROBE1181_at,GENE1181,9p,protein_coding
PROBE1182_at,GENE1182,10q,protein_coding
PROBE1183_at,GENE1183,12p,protein_coding
PROBE1184_at,GENE1184,15q,protein_coding
PROBE1185_at,GENE1185,18q,protein_coding
PROBE1186_at,GENE1186,19q,protein_coding
PROBE1187_at,GENE1187,20q,protein_coding
PROBE1188_at,GENE1188,21q,protein_coding
PROBE1189_at,GENE1189,2p,protein_coding
PROBE1190_at,GENE1190,3q,protein_coding
PROBE1191_at,GENE1191,4q,protein_coding
PROBE1192_at,GENE1192,7q,protein_coding
PROBE1193_at,GENE1193,9p,protein_coding
PROBE1194_at,GENE1194,10q,protein_coding
PROBE1195_at,GENE1195,12p,protein_coding
PROBE1196_at,GENE1196,15q,protein_coding
PROBE1197_at,GENE1197,18q,protein_coding
PROBE1198_at,GENE1198,19q,protein_coding
PROBE1199_at,GENE1199,20q,protein_coding
PROBE1200_at,GENE1200,21q,protein_coding
PROBE1201_at,GENE1201,2p,protein_coding
PROBE1202_at,GENE1202,3q,protein_coding
PROBE1203_at,GENE1203,4q,protein_coding
PROBE1204_at,GENE1204,7q,protein_coding
PROBE1205_at,GENE1205,9p,protein_coding
PROBE1206_at,GENE1206,10q,protein_coding
PROBE1207_at,GENE1207,12p,protein_coding
PROBE1208_at,GENE1208,15q,protein_coding
PROBE1209_at,GENE1209,18q,protein_coding
PROBE1210_at,GENE1210,19q,protein_coding
PROBE1211_at,GENE1211,20q,protein_coding
PROBE1212_at,GENE1212,21q,protein_coding
PROBE1213_at,GENE1213,2p,protein_coding
PROBE1214_at,GENE1214,3q,protein_coding
PROBE1215_at,GENE1215,4q,protein_coding
PROBE1216_at,GENE1216,7q,protein_coding
PROBE1217_at,GENE1217,9p,protein_coding
PROBE1218_at,GENE1218,10q,protein_coding
PROBE1219_at,GENE1219,12p,protein_coding
PROBE1220_at,GENE1220,15q,protein_coding
PROBE1221_at,GENE1221,18q,protein_coding
PROBE1222_at,GENE1222,19q,protein_coding
PROBE1223_at,GENE1223,20q,protein_coding
PROBE1224_at,GENE1224,21q,protein_coding
PROBE1225_at,GENE1225,2p,protein_coding
PROBE1226_at,GENE1226,3q,protein_coding
PROBE1227_at,GENE1227,4q,protein_coding
PROBE1228_at,GENE1228,7q,protein_coding
PROBE1229_at,GENE1229,9p,protein_coding
PROBE1230_at,GENE1230,10q,protein_coding
PROBE1231_at,GENE1231,12p,protein_coding
PROBE1232_at,GENE1232,15q,protein_coding
PROBE1233_at,GENE1233,18q,protein_coding
PROBE1234_at,GENE1234,19q,protein_coding
PROBE1235_at,GENE1235,20q,protein_coding
PROBE1236_at,GENE1236,21q,protein_coding
PROBE1237_at,GENE1237,2p,protein_coding
PROBE1238_at,GENE1238,3q,protein_coding
PROBE1239_at,GENE1239,4q,protein_coding
PROBE1240_at,GENE1240,7q,protein_coding
PROBE1241_at,GENE1241,9p,protein_coding
PROBE1242_at,GENE1242,10q,protein_coding
PROBE1243_at,GENE1243,12p,protein_coding
PROBE1244_at,GENE1244,15q,protein_coding
PROBE1245_at,GENE1245,18q,protein_coding
PROBE1246_at,GENE1246,19q,protein_coding
PROBE1247_at,GENE1247,20q,protein_coding
PROBE1248_at,GENE1248,21q,protein_coding
PROBE1249_at,GENE1249,2p,protein_coding
PROBE1250_at,GENE1250,3q,protein_coding
PROBE1251_at,GENE1251,4q,protein_coding
PROBE1252_at,GENE1252,7q,protein_coding
PROBE1253_at,GENE1253,9p,protein_coding
PROBE1254_at,GENE1254,10q,protein_coding
PROBE1255_at,GENE1255,12p,protein_coding
PROBE1256_at,GENE1256,15q,protein_coding
PROBE1257_at,GENE1257,18q,protein_coding
PROBE1258_at,GENE1258,19q,protein_coding
PROBE1259_at,GENE1259,20q,protein_coding
PROBE1260_at,GENE1260,21q,protein_coding
PROBE1261_at,GENE1261,2p,protein_coding
PROBE1262_at,GENE1262,3q,protein_coding
PROBE1263_at,GENE1263,4q,protein_coding
PROBE1264_at,GENE1264,7q,protein_coding
PROBE1265_at,GENE1265,9p,protein_coding
PROBE1266_at,GENE1266,10q,protein_coding
PROBE1267_at,GENE1267,12p,protein_coding
PROBE1268_at,GENE1268,15q,protein_coding
PROBE1269_at,GENE1269,18q,protein_coding
PROBE1270_at,GENE1270,19q,protein_coding
PROBE1271_at,GENE1271,20q,protein_coding
PROBE1272_at,GENE1272,21q,protein_coding
PROBE1273_at,GENE1273,2p,protein_coding
PROBE1274_at,GENE1274,3q,protein_coding
PROBE1275_at,GENE1275,4q,protein_coding
PROBE1276_at,GENE1276,7q,protein_coding
PROBE1277_at,GENE1277,9p,protein_coding
PROBE1278_at,GENE1278,10q,protein_coding
PROBE1279_at,GENE1279,12p,protein_coding
PROBE1280_at,GENE1280,15q,protein_coding
PROBE1281_at,GENE1281,18q,protein_coding
PROBE1282_at,GENE1282,19q,protein_coding
PROBE1283_at,GENE1283,20q,protein_coding
PROBE1284_at,GENE1284,21q,protein_coding
PROBE1285_at,GENE1285,2p,protein_coding
PROBE1286_at,GENE1286,3q,protein_coding
PROBE1287_at,GENE1287,4q,protein_coding
PROBE1288_at,GENE1288,7q,protein_coding
PROBE1289_at,GENE1289,9p,protein_coding
PROBE1290_at,GENE1290,10q,protein_coding
PROBE1291_at,GENE1291,12p,protein_coding
PROBE1292_at,GENE1292,15q,protein_coding
PROBE1293_at,GENE1293,18q,protein_coding
PROBE1294_at,GENE1294,19q,protein_coding
PROBE1295_at,GENE1295,20q,protein_coding
PROBE1296_at,GENE1296,21q,protein_coding
PROBE1297_at,GENE1297,2p,protein_coding
PROBE1298_at,GENE1298,3q,protein_coding
PROBE1299_at,GENE1299,4q,protein_coding
PROBE1300_at,GENE1300,7q,protein_coding
PROBE1301_at,GENE1301,9p,protein_coding
PROBE1302_at,GENE1302,10q,protein_coding
PROBE1303_at,GENE1303,12p,protein_coding
PROBE1304_at,GENE1304,15q,protein_coding
PROBE1305_at,GENE1305,18q,protein_coding
PROBE1306_at,GENE1306,19q,protein_coding
PROBE1307_at,GENE1307,20q,protein_coding
PROBE1308_at,GENE1308,21q,protein_coding
PROBE1309_at,GENE1309,2p,protein_coding
PROBE1310_at,GENE1310,3q,protein_coding
PROBE1311_at,GENE1311,4q,protein_coding
PROBE1312_at,GENE1312,7q,protein_coding
PROBE1313_at,GENE1313,9p,protein_coding
PROBE1314_at,GENE1314,10q,protein_coding
PROBE1315_at,GENE1315,12p,protein_coding
PROBE1316_at,GENE1316,15q,protein_coding
PROBE1317_at,GENE1317,18q,protein_coding
PROBE1318_at,GENE1318,19q,protein_coding
PROBE1319_at,GENE1319,20q,protein_coding
PROBE1320_at,GENE1320,21q,protein_coding
PROBE1321_at,GENE1321,2p,protein_coding
PROBE1322_at,GENE1322,3q,protein_coding
PROBE1323_at,GENE1323,4q,protein_coding
PROBE1324_at,GENE1324,7q,protein_coding
PROBE1325_at,GENE1325,9p,protein_coding
PROBE1326_at,GENE1326,10q,protein_coding
PROBE1327_at,GENE1327,12p,protein_coding
PROBE1328_at,GENE1328,15q,protein_coding
PROBE1329_at,GENE1329,18q,protein_coding
PROBE1330_at,GENE1330,19q,protein_coding
PROBE1331_at,GENE1331,20q,protein_coding
PROBE1332_at,GENE1332,21q,protein_coding
PROBE1333_at,GENE1333,2p,protein_coding
PROBE1334_at,GENE1334,3q,protein_coding
PROBE1335_at,GENE1335,4q,protein_coding
PROBE1336_at,GENE1336,7q,protein_coding
PROBE1337_at,GENE1337,9p,protein_coding
PROBE1338_at,GENE1338,10q,protein_coding
PROBE1339_at,GENE1339,12p,protein_coding
PROBE1340_at,GENE1340,15q,protein_coding
PROBE1341_at,GENE1341,18q,protein_coding
PROBE1342_at,GENE1342,19q,protein_coding
PROBE1343_at,GENE1343,20q,protein_coding
PROBE1344_at,GENE1344,21q,protein_coding
PROBE1345_at,GENE1345,2p,protein_coding
PROBE1346_at,GENE1346,3q,protein_coding
PROBE1347_at,GENE1347,4q,protein_coding
PROBE1348_at,GENE1348,7q,protein_coding
PROBE1349_at,GENE1349,9p,protein_coding
PROBE1350_at,GENE1350,10q,protein_coding
PROBE1351_at,GENE1351,12p,protein_coding
PROBE1352_at,GENE1352,15q,protein_coding
PROBE1353_at,GENE1353,18q,protein_coding
PROBE1354_at,GENE1354,19q,protein_coding
PROBE1355_at,GENE1355,20q,protein_coding
PROBE1356_at,GENE1356,21q,protein_coding
PROBE1357_at,GENE1357,2p,protein_coding
PROBE1358_at,GENE1358,3q,protein_coding
PROBE1359_at,GENE1359,4q,protein_coding
PROBE1360_at,GENE1360,7q,protein_coding
PROBE1361_at,GENE1361,9p,protein_coding
PROBE1362_at,GENE1362,10q,protein_coding
PROBE1363_at,GENE1363,12p,protein_coding
PROBE1364_at,GENE1364,15q,protein_coding
PROBE1365_at,GENE1365,18q,protein_coding
PROBE1366_at,GENE1366,19q,protein_coding
PROBE1367_at,GENE1367,20q,protein_coding
PROBE1368_at,GENE1368,21q,protein_coding
PROBE1369_at,GENE1369,2p,protein_coding
PROBE1370_at,GENE1370,3q,protein_coding
PROBE1371_at,GENE1371,4q,protein_coding
PROBE1372_at,GENE1372,7q,protein_coding
PROBE1373_at,GENE1373,9p,protein_coding
PROBE1374_at,GENE1374,10q,protein_coding
PROBE1375_at,GENE1375,12p,protein_coding
PROBE1376_at,GENE1376,15q,protein_coding
PROBE1377_at,GENE1377,18q,protein_coding
PROBE1378_at,GENE1378,19q,protein_coding
PROBE1379_at,GENE1379,20q,protein_coding
PROBE1380_at,GENE1380,21q,protein_coding
PROBE1381_at,GENE1381,2p,protein_coding
PROBE1382_at,GENE1382,3q,protein_coding
PROBE1383_at,GENE1383,4q,protein_coding
PROBE1384_at,GENE1384,7q,protein_coding
PROBE1385_at,GENE1385,9p,protein_coding
PROBE1386_at,GENE1386,10q,protein_coding
PROBE1387_at,GENE1387,12p,protein_coding
PROBE1388_at,GENE1388,15q,protein_coding
PROBE1389_at,GENE1389,18q,protein_coding
PROBE1390_at,GENE1390,19q,protein_coding
PROBE1391_at,GENE1391,20q,protein_coding
PROBE1392_at,GENE1392,21q,protein_coding
PROBE1393_at,GENE1393,2p,protein_coding
PROBE1394_at,GENE1394,3q,protein_coding
PROBE1395_at,GENE1395,4q,protein_coding
PROBE1396_at,GENE1396,7q,protein_coding
PROBE1397_at,GENE1397,9p,protein_coding
PROBE1398_at,GENE1398,10q,protein_coding
PROBE1399_at,GENE1399,12p,protein_coding
PROBE1400_at,GENE1400,15q,protein_coding
PROBE1401_at,GENE1401,18q,protein_coding
PROBE1402_at,GENE1402,19q,protein_coding
PROBE1403_at,GENE1403,20q,protein_coding
PROBE1404_at,GENE1404,21q,protein_coding
PROBE1405_at,GENE1405,2p,protein_coding
PROBE1406_at,GENE1406,3q,protein_coding
PROBE1407_at,GENE1407,4q,protein_coding
PROBE1408_at,GENE1408,7q,protein_coding
PROBE1409_at,GENE1409,9p,protein_coding
PROBE1410_at,GENE1410,10q,protein_coding
PROBE1411_at,GENE1411,12p,protein_coding
PROBE1412_at,GENE1412,15q,protein_coding
PROBE1413_at,GENE1413,18q,protein_coding
PROBE1414_at,GENE1414,19q,protein_coding
PROBE1415_at,GENE1415,20q,protein_coding
PROBE1416_at,GENE1416,21q,protein_coding
PROBE1417_at,GENE1417,2p,protein_coding
PROBE1418_at,GENE1418,3q,protein_coding
PROBE1419_at,GENE1419,4q,protein_coding
PROBE1420_at,GENE1420,7q,protein_coding
PROBE1421_at,GENE1421,9p,protein_coding
PROBE1422_at,GENE1422,10q,protein_coding
PROBE1423_at,GENE1423,12p,protein_coding
PROBE1424_at,GENE1424,15q,protein_coding
PROBE1425_at,GENE1425,18q,protein_coding
PROBE1426_at,GENE1426,19q,protein_coding
PROBE1427_at,GENE1427,20q,protein_coding
PROBE1428_at,GENE1428,21q,protein_coding
PROBE1429_at,GENE1429,2p,protein_coding
PROBE1430_at,GENE1430,3q,protein_coding
PROBE1431_at,GENE1431,4q,protein_coding
PROBE1432_at,GENE1432,7q,protein_coding
PROBE1433_at,GENE1433,9p,protein_coding
PROBE1434_at,GENE1434,10q,protein_coding
PROBE1435_at,GENE1435,12p,protein_coding
PROBE1436_at,GENE1436,15q,protein_coding
PROBE1437_at,GENE1437,18q,protein_coding
PROBE1438_at,GENE1438,19q,protein_coding
PROBE1439_at,GENE1439,20q,protein_coding
PROBE1440_at,GENE1440,21q,protein_coding
PROBE1441_at,GENE1441,2p,protein_coding
PROBE1442_at,GENE1442,3q,protein_coding
PROBE1443_at,GENE1443,4q,protein_coding
PROBE1444_at,GENE1444,7q,protein_coding
PROBE1445_at,GENE1445,9p,protein_coding
PROBE1446_at,GENE1446,10q,protein_coding
PROBE1447_at,GENE1447,12p,protein_coding
PROBE1448_at,GENE1448,15q,protein_coding
PROBE1449_at,GENE1449,18q,protein_coding
PROBE1450_at,GENE1450,19q,protein_coding
PROBE1451_at,GENE1451,20q,protein_coding
PROBE1452_at,GENE1452,21q,protein_coding
PROBE1453_at,GENE1453,2p,protein_coding
PROBE1454_at,GENE1454,3q,protein_coding
PROBE1455_at,GENE1455,4q,protein_coding
PROBE1456_at,GENE1456,7q,protein_coding
PROBE1457_at,GENE1457,9p,protein_coding
PROBE1458_at,GENE1458,10q,protein_coding
PROBE1459_at,GENE1459,12p,protein_coding
PROBE1460_at,GENE1460,15q,protein_coding
PROBE1461_at,GENE1461,18q,protein_coding
PROBE1462_at,GENE1462,19q,protein_coding
PROBE1463_at,GENE1463,20q,protein_coding
PROBE1464_at,GENE1464,21q,protein_coding
PROBE1465_at,GENE1465,2p,protein_coding
PROBE1466_at,GENE1466,3q,protein_coding
PROBE1467_at,GENE1467,4q,protein_coding
PROBE1468_at,GENE1468,7q,protein_coding
PROBE1469_at,GENE1469,9p,protein_coding
PROBE1470_at,GENE1470,10q,protein_coding
PROBE1471_at,GENE1471,12p,protein_coding
PROBE1472_at,GENE1472,15q,protein_coding
PROBE1473_at,GENE1473,18q,protein_coding
PROBE1474_at,GENE1474,19q,protein_coding
PROBE1475_at,GENE1475,20q,protein_coding
PROBE1476_at,GENE1476,21q,protein_coding
PROBE1477_at,GENE1477,2p,protein_coding
PROBE1478_at,GENE1478,3q,protein_coding
PROBE1479_at,GENE1479,4q,protein_coding
PROBE1480_at,GENE1480,7q,protein_coding
PROBE1481_at,GENE1481,9p,protein_coding
PROBE1482_at,GENE1482,10q,protein_coding
PROBE1483_at,GENE1483,12p,protein_coding
PROBE1484_at,GENE1484,15q,protein_coding
PROBE1485_at,GENE1485,18q,protein_coding
PROBE1486_at,GENE1486,19q,protein_coding
PROBE1487_at,GENE1487,20q,protein_coding
PROBE1488_at,GENE1488,21q,protein_coding
PROBE1489_at,GENE1489,2p,protein_coding
PROBE1490_at,GENE1490,3q,protein_coding
PROBE1491_at,GENE1491,4q,protein_coding
PROBE1492_at,GENE1492,7q,protein_coding
PROBE1493_at,GENE1493,9p,protein_coding
PROBE1494_at,GENE1494,10q,protein_coding
PROBE1495_at,GENE1495,12p,protein_coding
PROBE1496_at,GENE1496,15q,protein_coding
PROBE1497_at,GENE1497,18q,protein_coding
PROBE1498_at,GENE1498,19q,protein_coding
PROBE1499_at,GENE1499,20q,protein_coding
PROBE1500_at,GENE1500,21q,protein_coding
PROBE1501_at,GENE1501,2p,protein_coding
PROBE1502_at,GENE1502,3q,protein_coding
PROBE1503_at,GENE1503,4q,protein_coding
PROBE1504_at,GENE1504,7q,protein_coding
PROBE1505_at,GENE1505,9p,protein_coding
PROBE1506_at,GENE1506,10q,protein_coding
PROBE1507_at,GENE1507,12p,protein_coding
PROBE1508_at,GENE1508,15q,protein_coding
PROBE1509_at,GENE1509,18q,protein_coding
PROBE1510_at,GENE1510,19q,protein_coding
PROBE1511_at,GENE1511,20q,protein_coding
PROBE1512_at,GENE1512,21q,protein_coding
PROBE1513_at,GENE1513,2p,protein_coding
PROBE1514_at,GENE1514,3q,protein_coding
PROBE1515_at,GENE1515,4q,protein_coding
PROBE1516_at,GENE1516,7q,protein_coding
PROBE1517_at,GENE1517,9p,protein_coding
PROBE1518_at,GENE1518,10q,protein_coding
PROBE1519_at,GENE1519,12p,protein_coding
PROBE1520_at,GENE1520,15q,protein_coding
PROBE1521_at,GENE1521,18q,protein_coding
PROBE1522_at,GENE1522,19q,protein_coding
PROBE1523_at,GENE1523,20q,protein_coding
PROBE1524_at,GENE1524,21q,protein_coding
PROBE1525_at,GENE1525,2p,protein_coding
PROBE1526_at,GENE1526,3q,protein_coding
PROBE1527_at,GENE1527,4q,protein_coding
PROBE1528_at,GENE1528,7q,protein_coding
PROBE1529_at,GENE1529,9p,protein_coding
PROBE1530_at,GENE1530,10q,protein_coding
PROBE1531_at,GENE1531,12p,protein_coding
PROBE1532_at,GENE1532,15q,protein_coding
PROBE1533_at,GENE1533,18q,protein_coding
PROBE1534_at,GENE1534,19q,protein_coding
PROBE1535_at,GENE1535,20q,protein_coding
PROBE1536_at,GENE1536,21q,protein_coding
PROBE1537_at,GENE1537,2p,protein_coding
PROBE1538_at,GENE1538,3q,protein_coding
PROBE1539_at,GENE1539,4q,protein_coding
PROBE1540_at,GENE1540,7q,protein_coding
PROBE1541_at,GENE1541,9p,protein_coding
PROBE1542_at,GENE1542,10q,protein_coding
PROBE1543_at,GENE1543,12p,protein_coding
PROBE1544_at,GENE1544,15q,protein_coding
PROBE1545_at,GENE1545,18q,protein_coding
PROBE1546_at,GENE1546,19q,protein_coding
PROBE1547_at,GENE1547,20q,protein_coding
PROBE1548_at,GENE1548,21q,protein_coding
PROBE1549_at,GENE1549,2p,protein_coding
PROBE1550_at,GENE1550,3q,protein_coding
PROBE1551_at,GENE1551,4q,protein_coding
PROBE1552_at,GENE1552,7q,protein_coding
PROBE1553_at,GENE1553,9p,protein_coding
PROBE1554_at,GENE1554,10q,protein_coding
PROBE1555_at,GENE1555,12p,protein_coding
PROBE1556_at,GENE1556,15q,protein_coding
PROBE1557_at,GENE1557,18q,protein_coding
PROBE1558_at,GENE1558,19q,protein_coding
PROBE1559_at,GENE1559,20q,protein_coding
PROBE1560_at,GENE1560,21q,protein_coding
PROBE1561_at,GENE1561,2p,protein_coding
PROBE1562_at,GENE1562,3q,protein_coding
PROBE1563_at,GENE1563,4q,protein_coding
PROBE1564_at,GENE1564,7q,protein_coding
PROBE1565_at,GENE1565,9p,protein_coding
PROBE1566_at,GENE1566,10q,protein_coding
PROBE1567_at,GENE1567,12p,protein_coding
PROBE1568_at,GENE1568,15q,protein_coding
PROBE1569_at,GENE1569,18q,protein_coding
PROBE1570_at,GENE1570,19q,protein_coding
PROBE1571_at,GENE1571,20q,protein_coding
PROBE1572_at,GENE1572,21q,protein_coding
PROBE1573_at,GENE1573,2p,protein_coding
PROBE1574_at,GENE1574,3q,protein_coding
PROBE1575_at,GENE1575,4q,protein_coding
PROBE1576_at,GENE1576,7q,protein_coding
PROBE1577_at,GENE1577,9p,protein_coding
PROBE1578_at,GENE1578,10q,protein_coding
PROBE1579_at,GENE1579,12p,protein_coding
PROBE1580_at,GENE1580,15q,protein_coding
PROBE1581_at,GENE1581,18q,protein_coding
PROBE1582_at,GENE1582,19q,protein_coding
PROBE1583_at,GENE1583,20q,protein_coding
PROBE1584_at,GENE1584,21q,protein_coding
PROBE1585_at,GENE1585,2p,protein_coding
PROBE1586_at,GENE1586,3q,protein_coding
PROBE1587_at,GENE1587,4q,protein_coding
PROBE1588_at,GENE1588,7q,protein_coding
PROBE1589_at,GENE1589,9p,protein_coding
PROBE1590_at,GENE1590,10q,protein_coding
PROBE1591_at,GENE1591,12p,protein_coding
PROBE1592_at,GENE1592,15q,protein_coding
PROBE1593_at,GENE1593,18q,protein_coding
PROBE1594_at,GENE1594,19q,protein_coding
PROBE1595_at,GENE1595,20q,protein_coding
PROBE1596_at,GENE1596,21q,protein_coding
PROBE1597_at,GENE1597,2p,protein_coding
PROBE1598_at,GENE1598,3q,protein_coding
PROBE1599_at,GENE1599,4q,protein_coding
PROBE1600_at,GENE1600,7q,protein_coding
PROBE1601_at,GENE1601,9p,protein_coding
PROBE1602_at,GENE1602,10q,protein_coding
PROBE1603_at,GENE1603,12p,protein_coding
PROBE1604_at,GENE1604,15q,protein_coding
PROBE1605_at,GENE1605,18q,protein_coding
PROBE1606_at,GENE1606,19q,protein_coding
PROBE1607_at,GENE1607,20q,protein_coding
PROBE1608_at,GENE1608,21q,protein_coding
PROBE1609_at,GENE1609,2p,protein_coding
PROBE1610_at,GENE1610,3q,protein_coding
PROBE1611_at,GENE1611,4q,protein_coding
PROBE1612_at,GENE1612,7q,protein_coding
PROBE1613_at,GENE1613,9p,protein_coding
PROBE1614_at,GENE1614,10q,protein_coding
PROBE1615_at,GENE1615,12p,protein_coding
PROBE1616_at,GENE1616,15q,protein_coding
PROBE1617_at,GENE1617,18q,protein_coding
PROBE1618_at,GENE1618,19q,protein_coding
PROBE1619_at,GENE1619,20q,protein_coding
PROBE1620_at,GENE1620,21q,protein_coding
PROBE1621_at,GENE1621,2p,protein_coding
PROBE1622_at,GENE1622,3q,protein_coding
PROBE1623_at,GENE1623,4q,protein_coding
PROBE1624_at,GENE1624,7q,protein_coding
PROBE1625_at,GENE1625,9p,protein_coding
PROBE1626_at,GENE1626,10q,protein_coding
PROBE1627_at,GENE1627,12p,protein_coding
PROBE1628_at,GENE1628,15q,protein_coding
PROBE1629_at,GENE1629,18q,protein_coding
PROBE1630_at,GENE1630,19q,protein_coding
PROBE1631_at,GENE1631,20q,protein_coding
PROBE1632_at,GENE1632,21q,protein_coding
PROBE1633_at,GENE1633,2p,protein_coding
PROBE1634_at,GENE1634,3q,protein_coding
PROBE1635_at,GENE1635,4q,protein_coding
PROBE1636_at,GENE1636,7q,protein_coding
PROBE1637_at,GENE1637,9p,protein_coding
PROBE1638_at,GENE1638,10q,protein_coding
PROBE1639_at,GENE1639,12p,protein_coding
PROBE1640_at,GENE1640,15q,protein_coding
PROBE1641_at,GENE1641,18q,protein_coding
PROBE1642_at,GENE1642,19q,protein_coding
PROBE1643_at,GENE1643,20q,protein_coding
PROBE1644_at,GENE1644,21q,protein_coding
PROBE1645_at,GENE1645,2p,protein_coding
PROBE1646_at,GENE1646,3q,protein_coding
PROBE1647_at,GENE1647,4q,protein_coding
PROBE1648_at,GENE1648,7q,protein_coding
PROBE1649_at,GENE1649,9p,protein_coding
PROBE1650_at,GENE1650,10q,protein_coding
PROBE1651_at,GENE1651,12p,protein_coding
PROBE1652_at,GENE1652,15q,protein_coding
PROBE1653_at,GENE1653,18q,protein_coding
PROBE1654_at,GENE1654,19q,protein_coding
PROBE1655_at,GENE1655,20q,protein_coding
PROBE1656_at,GENE1656,21q,protein_coding
PROBE1657_at,GENE1657,2p,protein_coding
PROBE1658_at,GENE1658,3q,protein_coding
PROBE1659_at,GENE1659,4q,protein_coding
PROBE1660_at,GENE1660,7q,protein_coding
PROBE1661_at,GENE1661,9p,protein_coding
PROBE1662_at,GENE1662,10q,protein_coding
PROBE1663_at,GENE1663,12p,protein_coding
PROBE1664_at,GENE1664,15q,protein_coding
PROBE1665_at,GENE1665,18q,protein_coding
PROBE1666_at,GENE1666,19q,protein_coding
PROBE1667_at,GENE1667,20q,protein_coding
PROBE1668_at,GENE1668,21q,protein_coding
PROBE1669_at,GENE1669,2p,protein_coding
PROBE1670_at,GENE1670,3q,protein_coding
PROBE1671_at,GENE1671,4q,protein_coding
PROBE1672_at,GENE1672,7q,protein_coding
PROBE1673_at,GENE1673,9p,protein_coding
PROBE1674_at,GENE1674,10q,protein_coding
PROBE1675_at,GENE1675,12p,protein_coding
PROBE1676_at,GENE1676,15q,protein_coding
PROBE1677_at,GENE1677,18q,protein_coding
PROBE1678_at,GENE1678,19q,protein_coding
PROBE1679_at,GENE1679,20q,protein_coding
PROBE1680_at,GENE1680,21q,protein_coding
PROBE1681_at,GENE1681,2p,protein_coding
PROBE1682_at,GENE1682,3q,protein_coding
PROBE1683_at,GENE1683,4q,protein_coding
PROBE1684_at,GENE1684,7q,protein_coding
PROBE1685_at,GENE1685,9p,protein_coding
PROBE1686_at,GENE1686,10q,protein_coding
PROBE1687_at,GENE1687,12p,protein_coding
PROBE1688_at,GENE1688,15q,protein_coding
PROBE1689_at,GENE1689,18q,protein_coding
PROBE1690_at,GENE1690,19q,protein_coding
PROBE1691_at,GENE1691,20q,protein_coding
PROBE1692_at,GENE1692,21q,protein_coding
PROBE1693_at,GENE1693,2p,protein_coding
PROBE1694_at,GENE1694,3q,protein_coding
PROBE1695_at,GENE1695,4q,protein_coding
PROBE1696_at,GENE1696,7q,protein_coding
PROBE1697_at,GENE1697,9p,protein_coding
PROBE1698_at,GENE1698,10q,protein_coding
PROBE1699_at,GENE1699,12p,protein_coding
PROBE1700_at,GENE1700,15q,protein_coding
PROBE1701_at,GENE1701,18q,protein_coding
PROBE1702_at,GENE1702,19q,protein_coding
PROBE1703_at,GENE1703,20q,protein_coding
PROBE1704_at,GENE1704,21q,protein_coding
PROBE1705_at,GENE1705,2p,protein_coding
PROBE1706_at,GENE1706,3q,protein_coding
PROBE1707_at,GENE1707,4q,protein_coding
PROBE1708_at,GENE1708,7q,protein_coding
PROBE1709_at,GENE1709,9p,protein_coding
PROBE1710_at,GENE1710,10q,protein_coding
PROBE1711_at,GENE1711,12p,protein_coding
PROBE1712_at,GENE1712,15q,protein_coding
PROBE1713_at,GENE1713,18q,protein_coding
PROBE1714_at,GENE1714,19q,protein_coding
PROBE1715_at,GENE1715,20q,protein_coding
PROBE1716_at,GENE1716,21q,protein_coding
PROBE1717_at,GENE1717,2p,protein_coding
PROBE1718_at,GENE1718,3q,protein_coding
PROBE1719_at,GENE1719,4q,protein_coding
PROBE1720_at,GENE1720,7q,protein_coding
PROBE1721_at,GENE1721,9p,protein_coding
PROBE1722_at,GENE1722,10q,protein_coding
PROBE1723_at,GENE1723,12p,protein_coding
PROBE1724_at,GENE1724,15q,protein_coding
PROBE1725_at,GENE1725,18q,protein_coding
PROBE1726_at,GENE1726,19q,protein_coding
PROBE1727_at,GENE1727,20q,protein_coding
PROBE1728_at,GENE1728,21q,protein_coding
PROBE1729_at,GENE1729,2p,protein_coding
PROBE1730_at,GENE1730,3q,protein_coding
PROBE1731_at,GENE1731,4q,protein_coding
PROBE1732_at,GENE1732,7q,protein_coding
PROBE1733_at,GENE1733,9p,protein_coding
PROBE1734_at,GENE1734,10q,protein_coding
PROBE1735_at,GENE1735,12p,protein_coding
PROBE1736_at,GENE1736,15q,protein_coding
PROBE1737_at,GENE1737,18q,protein_coding
PROBE1738_at,GENE1738,19q,protein_coding
PROBE1739_at,GENE1739,20q,protein_coding
PROBE1740_at,GENE1740,21q,protein_coding
PROBE1741_at,GENE1741,2p,protein_coding
PROBE1742_at,GENE1742,3q,protein_coding
PROBE1743_at,GENE1743,4q,protein_coding
PROBE1744_at,GENE1744,7q,protein_coding
PROBE1745_at,GENE1745,9p,protein_coding
PROBE1746_at,GENE1746,10q,protein_coding
PROBE1747_at,GENE1747,12p,protein_coding
PROBE1748_at,GENE1748,15q,protein_coding
PROBE1749_at,GENE1749,18q,protein_coding
PROBE1750_at,GENE1750,19q,protein_coding
PROBE1751_at,GENE1751,20q,protein_coding
PROBE1752_at,GENE1752,21q,protein_coding
PROBE1753_at,GENE1753,2p,protein_coding
PROBE1754_at,GENE1754,3q,protein_coding
PROBE1755_at,GENE1755,4q,protein_coding
PROBE1756_at,GENE1756,7q,protein_coding
PROBE1757_at,GENE1757,9p,protein_coding
PROBE1758_at,GENE1758,10q,protein_coding
PROBE1759_at,GENE1759,12p,protein_coding
PROBE1760_at,GENE1760,15q,protein_coding
PROBE1761_at,GENE1761,18q,protein_coding
PROBE1762_at,GENE1762,19q,protein_coding
PROBE1763_at,GENE1763,20q,protein_coding
PROBE1764_at,GENE1764,21q,protein_coding
PROBE1765_at,GENE1765,2p,protein_coding
PROBE1766_at,GENE1766,3q,protein_coding
PROBE1767_at,GENE1767,4q,protein_coding
PROBE1768_at,GENE1768,7q,protein_coding
PROBE1769_at,GENE1769,9p,protein_coding
PROBE1770_at,GENE1770,10q,protein_coding
PROBE1771_at,GENE1771,12p,protein_coding
PROBE1772_at,GENE1772,15q,protein_coding
PROBE1773_at,GENE1773,18q,protein_coding
PROBE1774_at,GENE1774,19q,protein_coding
PROBE1775_at,GENE1775,20q,protein_coding
PROBE1776_at,GENE1776,21q,protein_coding
PROBE1777_at,GENE1777,2p,protein_coding
PROBE1778_at,GENE1778,3q,protein_coding
PROBE1779_at,GENE1779,4q,protein_coding
PROBE1780_at,GENE1780,7q,protein_coding
PROBE1781_at,GENE1781,9p,protein_coding
PROBE1782_at,GENE1782,10q,protein_coding
PROBE1783_at,GENE1783,12p,protein_coding
PROBE1784_at,GENE1784,15q,protein_coding
PROBE1785_at,GENE1785,18q,protein_coding
PROBE1786_at,GENE1786,19q,protein_coding
PROBE1787_at,GENE1787,20q,protein_coding
PROBE1788_at,GENE1788,21q,protein_coding
PROBE1789_at,GENE1789,2p,protein_coding
PROBE1790_at,GENE1790,3q,protein_coding
PROBE1791_at,GENE1791,4q,protein_coding
PROBE1792_at,GENE1792,7q,protein_coding
PROBE1793_at,GENE1793,9p,protein_coding
PROBE1794_at,GENE1794,10q,protein_coding
PROBE1795_at,GENE1795,12p,protein_coding
PROBE1796_at,GENE1796,15q,protein_coding
PROBE1797_at,GENE1797,18q,protein_coding
PROBE1798_at,GENE1798,19q,protein_coding
PROBE1799_at,GENE1799,20q,protein_coding
PROBE1800_at,GENE1800,21q,protein_coding
PROBE1801_at,GENE1801,2p,protein_coding
PROBE1802_at,GENE1802,3q,protein_coding
PROBE1803_at,GENE1803,4q,protein_coding
PROBE1804_at,GENE1804,7q,protein_coding
PROBE1805_at,GENE1805,9p,protein_coding
PROBE1806_at,GENE1806,10q,protein_coding
PROBE1807_at,GENE1807,12p,protein_coding
PROBE1808_at,GENE1808,15q,protein_coding
PROBE1809_at,GENE1809,18q,protein_coding
PROBE1810_at,GENE1810,19q,protein_coding
PROBE1811_at,GENE1811,20q,protein_coding
PROBE1812_at,GENE1812,21q,protein_coding
PROBE1813_at,GENE1813,2p,protein_coding
PROBE1814_at,GENE1814,3q,protein_coding
PROBE1815_at,GENE1815,4q,protein_coding
PROBE1816_at,GENE1816,7q,protein_coding
PROBE1817_at,GENE1817,9p,protein_coding
PROBE1818_at,GENE1818,10q,protein_coding
PROBE1819_at,GENE1819,12p,protein_coding
PROBE1820_at,GENE1820,15q,protein_coding
PROBE1821_at,GENE1821,18q,protein_coding
PROBE1822_at,GENE1822,19q,protein_coding
PROBE1823_at,GENE1823,20q,protein_coding
PROBE1824_at,GENE1824,21q,protein_coding
PROBE1825_at,GENE1825,2p,protein_coding
PROBE1826_at,GENE1826,3q,protein_coding
PROBE1827_at,GENE1827,4q,protein_coding
PROBE1828_at,GENE1828,7q,protein_coding
PROBE1829_at,GENE1829,9p,protein_coding
PROBE1830_at,GENE1830,10q,protein_coding
PROBE1831_at,GENE1831,12p,protein_coding
PROBE1832_at,GENE1832,15q,protein_coding
PROBE1833_at,GENE1833,18q,protein_coding
PROBE1834_at,GENE1834,19q,protein_coding
PROBE1835_at,GENE1835,20q,protein_coding
PROBE1836_at,GENE1836,21q,protein_coding
PROBE1837_at,GENE1837,2p,protein_coding
PROBE1838_at,GENE1838,3q,protein_coding
PROBE1839_at,GENE1839,4q,protein_coding
PROBE1840_at,GENE1840,7q,protein_coding
PROBE1841_at,GENE1841,9p,protein_coding
PROBE1842_at,GENE1842,10q,protein_coding
PROBE1843_at,GENE1843,12p,protein_coding
PROBE1844_at,GENE1844,15q,protein_coding
PROBE1845_at,GENE1845,18q,protein_coding
PROBE1846_at,GENE1846,19q,protein_coding
PROBE1847_at,GENE1847,20q,protein_coding
PROBE1848_at,GENE1848,21q,protein_coding
PROBE1849_at,GENE1849,2p,protein_coding
PROBE1850_at,GENE1850,3q,protein_coding
PROBE1851_at,GENE1851,4q,protein_coding
PROBE1852_at,GENE1852,7q,protein_coding
PROBE1853_at,GENE1853,9p,protein_coding
PROBE1854_at,GENE1854,10q,protein_coding
PROBE1855_at,GENE1855,12p,protein_coding
PROBE1856_at,GENE1856,15q,protein_coding
PROBE1857_at,GENE1857,18q,protein_coding
PROBE1858_at,GENE1858,19q,protein_coding
PROBE1859_at,GENE1859,20q,protein_coding
PROBE1860_at,GENE1860,21q,protein_coding
PROBE1861_at,GENE1861,2p,protein_coding
PROBE1862_at,GENE1862,3q,protein_coding
PROBE1863_at,GENE1863,4q,protein_coding
PROBE1864_at,GENE1864,7q,protein_coding
PROBE1865_at,GENE1865,9p,protein_coding
PROBE1866_at,GENE1866,10q,protein_coding
PROBE1867_at,GENE1867,12p,protein_coding
PROBE1868_at,GENE1868,15q,protein_coding
PROBE1869_at,GENE1869,18q,protein_coding
PROBE1870_at,GENE1870,19q,protein_coding
PROBE1871_at,GENE1871,20q,protein_coding
PROBE1872_at,GENE1872,21q,protein_coding
PROBE1873_at,GENE1873,2p,protein_coding
PROBE1874_at,GENE1874,3q,protein_coding
PROBE1875_at,GENE1875,4q,protein_coding
PROBE1876_at,GENE1876,7q,protein_coding
PROBE1877_at,GENE1877,9p,protein_coding
PROBE1878_at,GENE1878,10q,protein_coding
PROBE1879_at,GENE1879,12p,protein_coding
PROBE1880_at,GENE1880,15q,protein_coding
PROBE1881_at,GENE1881,18q,protein_coding
PROBE1882_at,GENE1882,19q,protein_coding
PROBE1883_at,GENE1883,20q,protein_coding
PROBE1884_at,GENE1884,21q,protein_coding
PROBE1885_at,GENE1885,2p,protein_coding
PROBE1886_at,GENE1886,3q,protein_coding
PROBE1887_at,GENE1887,4q,protein_coding
PROBE1888_at,GENE1888,7q,protein_coding
PROBE1889_at,GENE1889,9p,protein_coding
PROBE1890_at,GENE1890,10q,protein_coding
PROBE1891_at,GENE1891,12p,protein_coding
PROBE1892_at,GENE1892,15q,protein_coding
PROBE1893_at,GENE1893,18q,protein_coding
PROBE1894_at,GENE1894,19q,protein_coding
PROBE1895_at,GENE1895,20q,protein_coding
PROBE1896_at,GENE1896,21q,protein_coding
PROBE1897_at,GENE1897,2p,protein_coding
PROBE1898_at,GENE1898,3q,protein_coding
PROBE1899_at,GENE1899,4q,protein_coding
PROBE1900_at,GENE1900,7q,protein_coding
PROBE1901_at,GENE1901,9p,protein_coding
PROBE1902_at,GENE1902,10q,protein_coding
PROBE1903_at,GENE1903,12p,protein_coding
PROBE1904_at,GENE1904,15q,protein_coding
PROBE1905_at,GENE1905,18q,protein_coding
PROBE1906_at,GENE1906,19q,protein_coding
PROBE1907_at,GENE1907,20q,protein_coding
PROBE1908_at,GENE1908,21q,protein_coding
PROBE1909_at,GENE1909,2p,protein_coding
PROBE1910_at,GENE1910,3q,protein_coding
PROBE1911_at,GENE1911,4q,protein_coding
PROBE1912_at,GENE1912,7q,protein_coding
PROBE1913_at,GENE1913,9p,protein_coding
PROBE1914_at,GENE1914,10q,protein_coding
PROBE1915_at,GENE1915,12p,protein_coding
PROBE1916_at,GENE1916,15q,protein_coding
PROBE1917_at,GENE1917,18q,protein_coding
PROBE1918_at,GENE1918,19q,protein_coding
PROBE1919_at,GENE1919,20q,protein_coding
PROBE1920_at,GENE1920,21q,protein_coding
PROBE1921_at,GENE1921,2p,protein_coding
PROBE1922_at,GENE1922,3q,protein_coding
PROBE1923_at,GENE1923,4q,protein_coding
PROBE1924_at,GENE1924,7q,protein_coding
PROBE1925_at,GENE1925,9p,protein_coding
PROBE1926_at,GENE1926,10q,protein_coding
PROBE1927_at,GENE1927,12p,protein_coding
PROBE1928_at,GENE1928,15q,protein_coding
PROBE1929_at,GENE1929,18q,protein_coding
PROBE1930_at,GENE1930,19q,protein_coding
PROBE1931_at,GENE1931,20q,protein_coding
PROBE1932_at,GENE1932,21q,protein_coding
PROBE1933_at,GENE1933,2p,protein_coding
PROBE1934_at,GENE1934,3q,protein_coding
PROBE1935_at,GENE1935,4q,protein_coding
PROBE1936_at,GENE1936,7q,protein_coding
PROBE1937_at,GENE1937,9p,protein_coding
PROBE1938_at,GENE1938,10q,protein_coding
PROBE1939_at,GENE1939,12p,protein_coding
PROBE1940_at,GENE1940,15q,protein_coding
PROBE1941_at,GENE1941,18q,protein_coding
PROBE1942_at,GENE1942,19q,protein_coding
PROBE1943_at,GENE1943,20q,protein_coding
PROBE1944_at,GENE1944,21q,protein_coding
PROBE1945_at,GENE1945,2p,protein_coding
PROBE1946_at,GENE1946,3q,protein_coding
PROBE1947_at,GENE1947,4q,protein_coding
PROBE1948_at,GENE1948,7q,protein_coding
PROBE1949_at,GENE1949,9p,protein_coding
PROBE1950_at,GENE1950,10q,protein_coding
PROBE1951_at,GENE1951,12p,protein_coding
PROBE1952_at,GENE1952,15q,protein_coding
PROBE1953_at,GENE1953,18q,protein_coding
PROBE1954_at,GENE1954,19q,protein_coding
PROBE1955_at,GENE1955,20q,protein_coding
PROBE1956_at,GENE1956,21q,protein_coding
PROBE1957_at,GENE1957,2p,protein_coding
PROBE1958_at,GENE1958,3q,protein_coding
PROBE1959_at,GENE1959,4q,protein_coding
PROBE1960_at,GENE1960,7q,protein_coding
PROBE1961_at,GENE1961,9p,protein_coding
PROBE1962_at,GENE1962,10q,protein_coding
PROBE1963_at,GENE1963,12p,protein_coding
PROBE1964_at,GENE1964,15q,protein_coding
PROBE1965_at,GENE1965,18q,protein_coding
PROBE1966_at,GENE1966,19q,protein_coding
PROBE1967_at,GENE1967,20q,protein_coding
PROBE1968_at,GENE1968,21q,protein_coding
PROBE1969_at,GENE1969,2p,protein_coding
PROBE1970_at,GENE1970,3q,protein_coding
PROBE1971_at,GENE1971,4q,protein_coding
PROBE1972_at,GENE1972,7q,protein_coding
PROBE1973_at,GENE1973,9p,protein_coding
PROBE1974_at,GENE1974,10q,protein_coding
PROBE1975_at,GENE1975,12p,protein_coding
PROBE1976_at,GENE1976,15q,protein_coding
PROBE1977_at,GENE1977,18q,protein_coding
PROBE1978_at,GENE1978,19q,protein_coding
PROBE1979_at,GENE1979,20q,protein_coding
PROBE1980_at,GENE1980,21q,protein_coding
PROBE1981_at,GENE1981,2p,protein_coding
PROBE1982_at,GENE1982,3q,protein_coding
PROBE1983_at,GENE1983,4q,protein_coding
PROBE1984_at,GENE1984,7q,protein_coding
PROBE1985_at,GENE1985,9p,protein_coding
PROBE1986_at,GENE1986,10q,protein_coding
PROBE1987_at,GENE1987,12p,protein_coding
PROBE1988_at,GENE1988,15q,protein_coding
PROBE1989_at,GENE1989,18q,protein_coding
PROBE1990_at,GENE1990,19q,protein_coding
PROBE1991_at,GENE1991,20q,protein_coding
PROBE1992_at,GENE1992,21q,protein_coding
PROBE1993_at,GENE1993,2p,protein_coding
PROBE1994_at,GENE1994,3q,protein_coding
PROBE1995_at,GENE1995,4q,protein_coding
PROBE1996_at,GENE1996,7q,protein_coding
PROBE1997_at,GENE1997,9p,protein_coding
PROBE1998_at,GENE1998,10q,protein_coding
PROBE1999_at,GENE1999,12p,protein_coding
PROBE2000_at,GENE2000,15q,protein_coding
PROBE2001_at,GENE2001,18q,protein_coding
PROBE2002_at,GENE2002,19q,protein_coding
PROBE2003_at,GENE2003,20q,protein_coding
PROBE2004_at,GENE2004,21q,protein_coding
PROBE2005_at,GENE2005,2p,protein_coding
PROBE2006_at,GENE2006,3q,protein_coding
PROBE2007_at,GENE2007,4q,protein_coding
PROBE2008_at,GENE2008,7q,protein_coding
PROBE2009_at,GENE2009,9p,protein_coding
PROBE2010_at,GENE2010,10q,protein_coding
PROBE2011_at,GENE2011,12p,protein_coding
PROBE2012_at,GENE2012,15q,protein_coding
PROBE2013_at,GENE2013,18q,protein_coding
PROBE2014_at,GENE2014,19q,protein_coding
PROBE2015_at,GENE2015,20q,protein_coding
PROBE2016_at,GENE2016,21q,protein_coding
PROBE2017_at,GENE2017,2p,protein_coding
PROBE2018_at,GENE2018,3q,protein_coding
PROBE2019_at,GENE2019,4q,protein_coding
PROBE2020_at,GENE2020,7q,protein_coding
PROBE2021_at,GENE2021,9p,protein_coding
PROBE2022_at,GENE2022,10q,protein_coding
PROBE2023_at,GENE2023,12p,protein_coding
PROBE2024_at,GENE2024,15q,protein_coding
PROBE2025_at,GENE2025,18q,protein_coding
PROBE2026_at,GENE2026,19q,protein_coding
PROBE2027_at,GENE2027,20q,protein_coding
PROBE2028_at,GENE2028,21q,protein_coding
PROBE2029_at,GENE2029,2p,protein_coding
PROBE2030_at,GENE2030,3q,protein_coding
PROBE2031_at,GENE2031,4q,protein_coding
PROBE2032_at,GENE2032,7q,protein_coding
PROBE2033_at,GENE2033,9p,protein_coding
PROBE2034_at,GENE2034,10q,protein_coding
PROBE2035_at,GENE2035,12p,protein_coding
PROBE2036_at,GENE2036,15q,protein_coding
PROBE2037_at,GENE2037,18q,protein_coding
PROBE2038_at,GENE2038,19q,protein_coding
PROBE2039_at,GENE2039,20q,protein_coding
PROBE2040_at,GENE2040,21q,protein_coding
PROBE2041_at,GENE2041,2p,protein_coding
PROBE2042_at,GENE2042,3q,protein_coding
PROBE2043_at,GENE2043,4q,protein_coding
PROBE2044_at,GENE2044,7q,protein_coding
PROBE2045_at,GENE2045,9p,protein_coding
PROBE2046_at,GENE2046,10q,protein_coding
PROBE2047_at,GENE2047,12p,protein_coding
PROBE2048_at,GENE2048,15q,protein_coding
PROBE2049_at,GENE2049,18q,protein_coding
PROBE2050_at,GENE2050,19q,protein_coding
PROBE2051_at,GENE2051,20q,protein_coding
PROBE2052_at,GENE2052,21q,protein_coding
PROBE2053_at,GENE2053,2p,protein_coding
PROBE2054_at,GENE2054,3q,protein_coding
PROBE2055_at,GENE2055,4q,protein_coding
PROBE2056_at,GENE2056,7q,protein_coding
PROBE2057_at,GENE2057,9p,protein_coding
PROBE2058_at,GENE2058,10q,protein_coding
PROBE2059_at,GENE2059,12p,protein_coding
PROBE2060_at,GENE2060,15q,protein_coding
PROBE2061_at,GENE2061,18q,protein_coding
PROBE2062_at,GENE2062,19q,protein_coding
PROBE2063_at,GENE2063,20q,protein_coding
PROBE2064_at,GENE2064,21q,protein_coding
PROBE2065_at,GENE2065,2p,protein_coding
PROBE2066_at,GENE2066,3q,protein_coding
PROBE2067_at,GENE2067,4q,protein_coding
PROBE2068_at,GENE2068,7q,protein_coding
PROBE2069_at,GENE2069,9p,protein_coding
PROBE2070_at,GENE2070,10q,protein_coding
PROBE2071_at,GENE2071,12p,protein_coding
PROBE2072_at,GENE2072,15q,protein_coding
PROBE2073_at,GENE2073,18q,protein_coding
PROBE2074_at,GENE2074,19q,protein_coding
PROBE2075_at,GENE2075,20q,protein_coding
PROBE2076_at,GENE2076,21q,protein_coding
PROBE2077_at,GENE2077,2p,protein_coding
PROBE2078_at,GENE2078,3q,protein_coding
PROBE2079_at,GENE2079,4q,protein_coding
PROBE2080_at,GENE2080,7q,protein_coding
PROBE2081_at,GENE2081,9p,protein_coding
PROBE2082_at,GENE2082,10q,protein_coding
PROBE2083_at,GENE2083,12p,protein_coding
PROBE2084_at,GENE2084,15q,protein_coding
PROBE2085_at,GENE2085,18q,protein_coding
PROBE2086_at,GENE2086,19q,protein_coding
PROBE2087_at,GENE2087,20q,protein_coding
PROBE2088_at,GENE2088,21q,protein_coding
PROBE2089_at,GENE2089,2p,protein_coding
PROBE2090_at,GENE2090,3q,protein_coding
PROBE2091_at,GENE2091,4q,protein_coding
PROBE2092_at,GENE2092,7q,protein_coding
PROBE2093_at,GENE2093,9p,protein_coding
PROBE2094_at,GENE2094,10q,protein_coding
PROBE2095_at,GENE2095,12p,protein_coding
PROBE2096_at,GENE2096,15q,protein_coding
PROBE2097_at,GENE2097,18q,protein_coding
PROBE2098_at,GENE2098,19q,protein_coding
PROBE2099_at,GENE2099,20q,protein_coding
PROBE2100_at,GENE2100,21q,protein_coding
PROBE2101_at,GENE2101,2p,protein_coding
PROBE2102_at,GENE2102,3q,protein_coding
PROBE2103_at,GENE2103,4q,protein_coding
PROBE2104_at,GENE2104,7q,protein_coding
PROBE2105_at,GENE2105,9p,protein_coding
PROBE2106_at,GENE2106,10q,protein_coding
PROBE2107_at,GENE2107,12p,protein_coding
PROBE2108_at,GENE2108,15q,protein_coding
PROBE2109_at,GENE2109,18q,protein_coding
PROBE2110_at,GENE2110,19q,protein_coding
PROBE2111_at,GENE2111,20q,protein_coding
PROBE2112_at,GENE2112,21q,protein_coding
PROBE2113_at,GENE2113,2p,protein_coding
PROBE2114_at,GENE2114,3q,protein_coding
PROBE2115_at,GENE2115,4q,protein_coding
PROBE2116_at,GENE2116,7q,protein_coding
PROBE2117_at,GENE2117,9p,protein_coding
PROBE2118_at,GENE2118,10q,protein_coding
PROBE2119_at,GENE2119,12p,protein_coding
PROBE2120_at,GENE2120,15q,protein_coding
PROBE2121_at,GENE2121,18q,protein_coding
PROBE2122_at,GENE2122,19q,protein_coding
PROBE2123_at,GENE2123,20q,protein_coding
PROBE2124_at,GENE2124,21q,protein_coding
PROBE2125_at,GENE2125,2p,protein_coding
PROBE2126_at,GENE2126,3q,protein_coding
PROBE2127_at,GENE2127,4q,protein_coding
PROBE2128_at,GENE2128,7q,protein_coding
PROBE2129_at,GENE2129,9p,protein_coding
PROBE2130_at,GENE2130,10q,protein_coding
PROBE2131_at,GENE2131,12p,protein_coding
PROBE2132_at,GENE2132,15q,protein_coding
PROBE2133_at,GENE2133,18q,protein_coding
PROBE2134_at,GENE2134,19q,protein_coding
PROBE2135_at,GENE2135,20q,protein_coding
PROBE2136_at,GENE2136,21q,protein_coding
PROBE2137_at,GENE2137,2p,protein_coding
PROBE2138_at,GENE2138,3q,protein_coding
PROBE2139_at,GENE2139,4q,protein_coding
PROBE2140_at,GENE2140,7q,protein_coding
PROBE2141_at,GENE2141,9p,protein_coding
PROBE2142_at,GENE2142,10q,protein_coding
PROBE2143_at,GENE2143,12p,protein_coding
PROBE2144_at,GENE2144,15q,protein_coding
PROBE2145_at,GENE2145,18q,protein_coding
PROBE2146_at,GENE2146,19q,protein_coding
PROBE2147_at,GENE2147,20q,protein_coding
PROBE2148_at,GENE2148,21q,protein_coding
PROBE2149_at,GENE2149,2p,protein_coding
PROBE2150_at,GENE2150,3q,protein_coding
PROBE2151_at,GENE2151,4q,protein_coding
PROBE2152_at,GENE2152,7q,protein_coding
PROBE2153_at,GENE2153,9p,protein_coding
PROBE2154_at,GENE2154,10q,protein_coding
PROBE2155_at,GENE2155,12p,protein_coding
PROBE2156_at,GENE2156,15q,protein_coding
PROBE2157_at,GENE2157,18q,protein_coding
PROBE2158_at,GENE2158,19q,protein_coding
PROBE2159_at,GENE2159,20q,protein_coding
PROBE2160_at,GENE2160,21q,protein_coding
PROBE2161_at,GENE2161,2p,protein_coding
PROBE2162_at,GENE2162,3q,protein_coding
PROBE2163_at,GENE2163,4q,protein_coding
PROBE2164_at,GENE2164,7q,protein_coding
PROBE2165_at,GENE2165,9p,protein_coding
PROBE2166_at,GENE2166,10q,protein_coding
PROBE2167_at,GENE2167,12p,protein_coding
PROBE2168_at,GENE2168,15q,protein_coding
PROBE2169_at,GENE2169,18q,protein_coding
PROBE2170_at,GENE2170,19q,protein_coding
PROBE2171_at,GENE2171,20q,protein_coding
PROBE2172_at,GENE2172,21q,protein_coding
PROBE2173_at,GENE2173,2p,protein_coding
PROBE2174_at,GENE2174,3q,protein_coding
PROBE2175_at,GENE2175,4q,protein_coding
PROBE2176_at,GENE2176,7q,protein_coding
PROBE2177_at,GENE2177,9p,protein_coding
PROBE2178_at,GENE2178,10q,protein_coding
PROBE2179_at,GENE2179,12p,protein_coding
PROBE2180_at,GENE2180,15q,protein_coding
PROBE2181_at,GENE2181,18q,protein_coding
PROBE2182_at,GENE2182,19q,protein_coding
PROBE2183_at,GENE2183,20q,protein_coding
PROBE2184_at,GENE2184,21q,protein_coding
PROBE2185_at,GENE2185,2p,protein_coding
PROBE2186_at,GENE2186,3q,protein_coding
PROBE2187_at,GENE2187,4q,protein_coding
PROBE2188_at,GENE2188,7q,protein_coding
PROBE2189_at,GENE2189,9p,protein_coding
PROBE2190_at,GENE2190,10q,protein_coding
PROBE2191_at,GENE2191,12p,protein_coding
PROBE2192_at,GENE2192,15q,protein_coding
PROBE2193_at,GENE2193,18q,protein_coding
PROBE2194_at,GENE2194,19q,protein_coding
PROBE2195_at,GENE2195,20q,protein_coding
PROBE2196_at,GENE2196,21q,protein_coding
PROBE2197_at,GENE2197,2p,protein_coding
PROBE2198_at,GENE2198,3q,protein_coding
PROBE2199_at,GENE2199,4q,protein_coding
PROBE2200_at,GENE2200,7q,protein_coding
PROBE2201_at,GENE2201,9p,protein_coding
PROBE2202_at,GENE2202,10q,protein_coding
PROBE2203_at,GENE2203,12p,protein_coding
PROBE2204_at,GENE2204,15q,protein_coding
PROBE2205_at,GENE2205,18q,protein_coding
PROBE2206_at,GENE2206,19q,protein_coding
PROBE2207_at,GENE2207,20q,protein_coding
PROBE2208_at,GENE2208,21q,protein_coding
PROBE2209_at,GENE2209,2p,protein_coding
PROBE2210_at,GENE2210,3q,protein_coding
PROBE2211_at,GENE2211,4q,protein_coding
PROBE2212_at,GENE2212,7q,protein_coding
PROBE2213_at,GENE2213,9p,protein_coding
PROBE2214_at,GENE2214,10q,protein_coding
PROBE2215_at,GENE2215,12p,protein_coding
PROBE2216_at,GENE2216,15q,protein_coding
PROBE2217_at,GENE2217,18q,protein_coding
PROBE2218_at,GENE2218,19q,protein_coding
PROBE2219_at,GENE2219,20q,protein_coding
PROBE2220_at,GENE2220,21q,protein_coding
PROBE2221_at,GENE2221,2p,protein_coding
PROBE2222_at,GENE2222,3q,protein_coding
PROBE2223_at,GENE2223,4q,protein_coding
PROBE2224_at,GENE2224,7q,protein_coding
PROBE2225_at,GENE2225,9p,protein_coding
PROBE2226_at,GENE2226,10q,protein_coding
PROBE2227_at,GENE2227,12p,protein_coding
PROBE2228_at,GENE2228,15q,protein_coding
PROBE2229_at,GENE2229,18q,protein_coding
PROBE2230_at,GENE2230,19q,protein_coding
PROBE2231_at,GENE2231,20q,protein_coding
PROBE2232_at,GENE2232,21q,protein_coding
PROBE2233_at,GENE2233,2p,protein_coding
PROBE2234_at,GENE2234,3q,protein_coding
PROBE2235_at,GENE2235,4q,protein_coding
PROBE2236_at,GENE2236,7q,protein_coding
PROBE2237_at,GENE2237,9p,protein_coding
PROBE2238_at,GENE2238,10q,protein_coding
PROBE2239_at,GENE2239,12p,protein_coding
PROBE2240_at,GENE2240,15q,protein_coding
PROBE2241_at,GENE2241,18q,protein_coding
PROBE2242_at,GENE2242,19q,protein_coding
PROBE2243_at,GENE2243,20q,protein_coding
PROBE2244_at,GENE2244,21q,protein_coding
PROBE2245_at,GENE2245,2p,protein_coding
PROBE2246_at,GENE2246,3q,protein_coding
PROBE2247_at,GENE2247,4q,protein_coding
PROBE2248_at,GENE2248,7q,protein_coding
PROBE2249_at,GENE2249,9p,protein_coding
PROBE2250_at,GENE2250,10q,protein_coding
PROBE2251_at,GENE2251,12p,protein_coding
PROBE2252_at,GENE2252,15q,protein_coding
PROBE2253_at,GENE2253,18q,protein_coding
PROBE2254_at,GENE2254,19q,protein_coding
PROBE2255_at,GENE2255,20q,protein_coding
PROBE2256_at,GENE2256,21q,protein_coding
PROBE2257_at,GENE2257,2p,protein_coding
PROBE2258_at,GENE2258,3q,protein_coding
PROBE2259_at,GENE2259,4q,protein_coding
PROBE2260_at,GENE2260,7q,protein_coding
PROBE2261_at,GENE2261,9p,protein_coding
PROBE2262_at,GENE2262,10q,protein_coding
PROBE2263_at,GENE2263,12p,protein_coding
PROBE2264_at,GENE2264,15q,protein_coding
PROBE2265_at,GENE2265,18q,protein_coding
PROBE2266_at,GENE2266,19q,protein_coding
PROBE2267_at,GENE2267,20q,protein_coding
PROBE2268_at,GENE2268,21q,protein_coding
PROBE2269_at,GENE2269,2p,protein_coding
PROBE2270_at,GENE2270,3q,protein_coding
PROBE2271_at,GENE2271,4q,protein_coding
PROBE2272_at,GENE2272,7q,protein_coding
PROBE2273_at,GENE2273,9p,protein_coding
PROBE2274_at,GENE2274,10q,protein_coding
PROBE2275_at,GENE2275,12p,protein_coding
PROBE2276_at,GENE2276,15q,protein_coding
PROBE2277_at,GENE2277,18q,protein_coding
PROBE2278_at,GENE2278,19q,protein_coding
PROBE2279_at,GENE2279,20q,protein_coding
PROBE2280_at,GENE2280,21q,protein_coding
PROBE2281_at,GENE2281,2p,protein_coding
PROBE2282_at,GENE2282,3q,protein_coding
PROBE2283_at,GENE2283,4q,protein_coding
PROBE2284_at,GENE2284,7q,protein_coding
PROBE2285_at,GENE2285,9p,protein_coding
PROBE2286_at,GENE2286,10q,protein_coding
PROBE2287_at,GENE2287,12p,protein_coding
PROBE2288_at,GENE2288,15q,protein_coding
PROBE2289_at,GENE2289,18q,protein_coding
PROBE2290_at,GENE2290,19q,protein_coding
PROBE2291_at,GENE2291,20q,protein_coding
PROBE2292_at,GENE2292,21q,protein_coding
PROBE2293_at,GENE2293,2p,protein_coding
PROBE2294_at,GENE2294,3q,protein_coding
PROBE2295_at,GENE2295,4q,protein_coding
PROBE2296_at,GENE2296,7q,protein_coding
PROBE2297_at,GENE2297,9p,protein_coding
PROBE2298_at,GENE2298,10q,protein_coding
PROBE2299_at,GENE2299,12p,protein_coding
PROBE2300_at,GENE2300,15q,protein_coding
PROBE2301_at,GENE2301,18q,protein_coding
PROBE2302_at,GENE2302,19q,protein_coding
PROBE2303_at,GENE2303,20q,protein_coding
PROBE2304_at,GENE2304,21q,protein_coding
PROBE2305_at,GENE2305,2p,protein_coding
PROBE2306_at,GENE2306,3q,protein_coding
PROBE2307_at,GENE2307,4q,protein_coding
PROBE2308_at,GENE2308,7q,protein_coding
PROBE2309_at,GENE2309,9p,protein_coding
PROBE2310_at,GENE2310,10q,protein_coding
PROBE2311_at,GENE2311,12p,protein_coding
PROBE2312_at,GENE2312,15q,protein_coding
PROBE2313_at,GENE2313,18q,protein_coding
PROBE2314_at,GENE2314,19q,protein_coding
PROBE2315_at,GENE2315,20q,protein_coding
PROBE2316_at,GENE2316,21q,protein_coding
PROBE2317_at,GENE2317,2p,protein_coding
PROBE2318_at,GENE2318,3q,protein_coding
PROBE2319_at,GENE2319,4q,protein_coding
PROBE2320_at,GENE2320,7q,protein_coding
PROBE2321_at,GENE2321,9p,protein_coding
PROBE2322_at,GENE2322,10q,protein_coding
PROBE2323_at,GENE2323,12p,protein_coding
PROBE2324_at,GENE2324,15q,protein_coding
PROBE2325_at,GENE2325,18q,protein_coding
PROBE2326_at,GENE2326,19q,protein_coding
PROBE2327_at,GENE2327,20q,protein_coding
PROBE2328_at,GENE2328,21q,protein_coding
PROBE2329_at,GENE2329,2p,protein_coding
PROBE2330_at,GENE2330,3q,protein_coding
PROBE2331_at,GENE2331,4q,protein_coding
PROBE2332_at,GENE2332,7q,protein_coding
PROBE2333_at,GENE2333,9p,protein_coding
PROBE2334_at,GENE2334,10q,protein_coding
PROBE2335_at,GENE2335,12p,protein_coding
PROBE2336_at,GENE2336,15q,protein_coding
PROBE2337_at,GENE2337,18q,protein_coding
PROBE2338_at,GENE2338,19q,protein_coding
PROBE2339_at,GENE2339,20q,protein_coding
PROBE2340_at,GENE2340,21q,protein_coding
PROBE2341_at,GENE2341,2p,protein_coding
PROBE2342_at,GENE2342,3q,protein_coding
PROBE2343_at,GENE2343,4q,protein_coding
PROBE2344_at,GENE2344,7q,protein_coding
PROBE2345_at,GENE2345,9p,protein_coding
PROBE2346_at,GENE2346,10q,protein_coding
PROBE2347_at,GENE2347,12p,protein_coding
PROBE2348_at,GENE2348,15q,protein_coding
PROBE2349_at,GENE2349,18q,protein_coding
PROBE2350_at,GENE2350,19q,protein_coding
PROBE2351_at,GENE2351,20q,protein_coding
PROBE2352_at,GENE2352,21q,protein_coding
PROBE2353_at,GENE2353,2p,protein_coding
PROBE2354_at,GENE2354,3q,protein_coding
PROBE2355_at,GENE2355,4q,protein_coding
PROBE2356_at,GENE2356,7q,protein_coding
PROBE2357_at,GENE2357,9p,protein_coding
PROBE2358_at,GENE2358,10q,protein_coding
PROBE2359_at,GENE2359,12p,protein_coding
PROBE2360_at,GENE2360,15q,protein_coding
PROBE2361_at,GENE2361,18q,protein_coding
PROBE2362_at,GENE2362,19q,protein_coding
PROBE2363_at,GENE2363,20q,protein_coding
PROBE2364_at,GENE2364,21q,protein_coding
PROBE2365_at,GENE2365,2p,protein_coding
PROBE2366_at,GENE2366,3q,protein_coding
PROBE2367_at,GENE2367,4q,protein_coding
PROBE2368_at,GENE2368,7q,protein_coding
PROBE2369_at,GENE2369,9p,protein_coding
PROBE2370_at,GENE2370,10q,protein_coding
PROBE2371_at,GENE2371,12p,protein_coding
PROBE2372_at,GENE2372,15q,protein_coding
PROBE2373_at,GENE2373,18q,protein_coding
PROBE2374_at,GENE2374,19q,protein_coding
PROBE2375_at,GENE2375,20q,protein_coding
PROBE2376_at,GENE2376,21q,protein_coding
PROBE2377_at,GENE2377,2p,protein_coding
PROBE2378_at,GENE2378,3q,protein_coding
PROBE2379_at,GENE2379,4q,protein_coding
PROBE2380_at,GENE2380,7q,protein_coding
PROBE2381_at,GENE2381,9p,protein_coding
PROBE2382_at,GENE2382,10q,protein_coding
PROBE2383_at,GENE2383,12p,protein_coding
PROBE2384_at,GENE2384,15q,protein_coding
PROBE2385_at,GENE2385,18q,protein_coding
PROBE2386_at,GENE2386,19q,protein_coding
PROBE2387_at,GENE2387,20q,protein_coding
PROBE2388_at,GENE2388,21q,protein_coding
PROBE2389_at,GENE2389,2p,protein_coding
PROBE2390_at,GENE2390,3q,protein_coding
PROBE2391_at,GENE2391,4q,protein_coding
PROBE2392_at,GENE2392,7q,protein_coding
PROBE2393_at,GENE2393,9p,protein_coding
PROBE2394_at,GENE2394,10q,protein_coding
PROBE2395_at,GENE2395,12p,protein_coding
PROBE2396_at,GENE2396,15q,protein_coding
PROBE2397_at,GENE2397,18q,protein_coding
PROBE2398_at,GENE2398,19q,protein_coding
PROBE2399_at,GENE2399,20q,protein_coding
PROBE2400_at,GENE2400,21q,protein_coding
PROBE2401_at,GENE2401,2p,protein_coding
PROBE2402_at,GENE2402,3q,protein_coding
PROBE2403_at,GENE2403,4q,protein_coding
PROBE2404_at,GENE2404,7q,protein_coding
PROBE2405_at,GENE2405,9p,protein_coding
PROBE2406_at,GENE2406,10q,protein_coding
PROBE2407_at,GENE2407,12p,protein_coding
PROBE2408_at,GENE2408,15q,protein_coding
PROBE2409_at,GENE2409,18q,protein_coding
PROBE2410_at,GENE2410,19q,protein_coding
PROBE2411_at,GENE2411,20q,protein_coding
PROBE2412_at,GENE2412,21q,protein_coding
PROBE2413_at,GENE2413,2p,protein_coding
PROBE2414_at,GENE2414,3q,protein_coding
PROBE2415_at,GENE2415,4q,protein_coding
PROBE2416_at,GENE2416,7q,protein_coding
PROBE2417_at,GENE2417,9p,protein_coding
PROBE2418_at,GENE2418,10q,protein_coding
PROBE2419_at,GENE2419,12p,protein_coding
PROBE2420_at,GENE2420,15q,protein_coding
PROBE2421_at,GENE2421,18q,protein_coding
PROBE2422_at,GENE2422,19q,protein_coding
PROBE2423_at,GENE2423,20q,protein_coding
PROBE2424_at,GENE2424,21q,protein_coding
PROBE2425_at,GENE2425,2p,protein_coding
PROBE2426_at,GENE2426,3q,protein_coding
PROBE2427_at,GENE2427,4q,protein_coding
PROBE2428_at,GENE2428,7q,protein_coding
PROBE2429_at,GENE2429,9p,protein_coding
PROBE2430_at,GENE2430,10q,protein_coding
PROBE2431_at,GENE2431,12p,protein_coding
PROBE2432_at,GENE2432,15q,protein_coding
PROBE2433_at,GENE2433,18q,protein_coding
PROBE2434_at,GENE2434,19q,protein_coding
PROBE2435_at,GENE2435,20q,protein_coding
PROBE2436_at,GENE2436,21q,protein_coding
PROBE2437_at,GENE2437,2p,protein_coding
PROBE2438_at,GENE2438,3q,protein_coding
PROBE2439_at,GENE2439,4q,protein_coding
PROBE2440_at,GENE2440,7q,protein_coding
PROBE2441_at,GENE2441,9p,protein_coding
PROBE2442_at,GENE2442,10q,protein_coding
PROBE2443_at,GENE2443,12p,protein_coding
PROBE2444_at,GENE2444,15q,protein_coding
PROBE2445_at,GENE2445,18q,protein_coding
PROBE2446_at,GENE2446,19q,protein_coding
PROBE2447_at,GENE2447,20q,protein_coding
PROBE2448_at,GENE2448,21q,protein_coding
PROBE2449_at,GENE2449,2p,protein_coding
PROBE2450_at,GENE2450,3q,protein_coding
PROBE2451_at,GENE2451,4q,protein_coding
PROBE2452_at,GENE2452,7q,protein_coding
PROBE2453_at,GENE2453,9p,protein_coding
PROBE2454_at,GENE2454,10q,protein_coding
PROBE2455_at,GENE2455,12p,protein_coding
PROBE2456_at,GENE2456,15q,protein_coding
PROBE2457_at,GENE2457,18q,protein_coding
PROBE2458_at,GENE2458,19q,protein_coding
PROBE2459_at,GENE2459,20q,protein_coding
PROBE2460_at,GENE2460,21q,protein_coding
PROBE2461_at,GENE2461,2p,protein_coding
PROBE2462_at,GENE2462,3q,protein_coding
PROBE2463_at,GENE2463,4q,protein_coding
PROBE2464_at,GENE2464,7q,protein_coding
PROBE2465_at,GENE2465,9p,protein_coding
PROBE2466_at,GENE2466,10q,protein_coding
PROBE2467_at,GENE2467,12p,protein_coding
PROBE2468_at,GENE2468,15q,protein_coding
PROBE2469_at,GENE2469,18q,protein_coding
PROBE2470_at,GENE2470,19q,protein_coding
PROBE2471_at,GENE2471,20q,protein_coding
PROBE2472_at,GENE2472,21q,protein_coding
PROBE2473_at,GENE2473,2p,protein_coding
PROBE2474_at,GENE2474,3q,protein_coding
PROBE2475_at,GENE2475,4q,protein_coding
PROBE2476_at,GENE2476,7q,protein_coding
PROBE2477_at,GENE2477,9p,protein_coding
PROBE2478_at,GENE2478,10q,protein_coding
PROBE2479_at,GENE2479,12p,protein_coding
PROBE2480_at,GENE2480,15q,protein_coding
PROBE2481_at,GENE2481,18q,protein_coding
PROBE2482_at,GENE2482,19q,protein_coding
PROBE2483_at,GENE2483,20q,protein_coding
PROBE2484_at,GENE2484,21q,protein_coding
PROBE2485_at,GENE2485,2p,protein_coding
PROBE2486_at,GENE2486,3q,protein_coding
PROBE2487_at,GENE2487,4q,protein_coding
PROBE2488_at,GENE2488,7q,protein_coding
PROBE2489_at,GENE2489,9p,protein_coding
PROBE2490_at,GENE2490,10q,protein_coding
PROBE2491_at,GENE2491,12p,protein_coding
PROBE2492_at,GENE2492,15q,protein_coding
PROBE2493_at,GENE2493,18q,protein_coding
PROBE2494_at,GENE2494,19q,protein_coding
PROBE2495_at,GENE2495,20q,protein_coding
PROBE2496_at,GENE2496,21q,protein_coding
PROBE2497_at,GENE2497,2p,protein_coding
PROBE2498_at,GENE2498,3q,protein_coding
PROBE2499_at,GENE2499,4q,protein_coding
PROBE2500_at,GENE2500,7q,protein_coding
PROBE2501_at,GENE2501,9p,protein_coding
PROBE2502_at,GENE2502,10q,protein_coding
PROBE2503_at,GENE2503,12p,protein_coding
PROBE2504_at,GENE2504,15q,protein_coding
PROBE2505_at,GENE2505,18q,protein_coding
PROBE2506_at,GENE2506,19q,protein_coding
PROBE2507_at,GENE2507,20q,protein_coding
PROBE2508_at,GENE2508,21q,protein_coding
PROBE2509_at,GENE2509,2p,protein_coding
PROBE2510_at,GENE2510,3q,protein_coding
PROBE2511_at,GENE2511,4q,protein_coding
PROBE2512_at,GENE2512,7q,protein_coding
PROBE2513_at,GENE2513,9p,protein_coding
PROBE2514_at,GENE2514,10q,protein_coding
PROBE2515_at,GENE2515,12p,protein_coding
PROBE2516_at,GENE2516,15q,protein_coding
PROBE2517_at,GENE2517,18q,protein_coding
PROBE2518_at,GENE2518,19q,protein_coding
PROBE2519_at,GENE2519,20q,protein_coding
PROBE2520_at,GENE2520,21q,protein_coding
PROBE2521_at,GENE2521,2p,protein_coding
PROBE2522_at,GENE2522,3q,protein_coding
PROBE2523_at,GENE2523,4q,protein_coding
PROBE2524_at,GENE2524,7q,protein_coding
PROBE2525_at,GENE2525,9p,protein_coding
PROBE2526_at,GENE2526,10q,protein_coding
PROBE2527_at,GENE2527,12p,protein_coding
PROBE2528_at,GENE2528,15q,protein_coding
PROBE2529_at,GENE2529,18q,protein_coding
PROBE2530_at,GENE2530,19q,protein_coding
PROBE2531_at,GENE2531,20q,protein_coding
PROBE2532_at,GENE2532,21q,protein_coding
PROBE2533_at,GENE2533,2p,protein_coding
PROBE2534_at,GENE2534,3q,protein_coding
PROBE2535_at,GENE2535,4q,protein_coding
PROBE2536_at,GENE2536,7q,protein_coding
PROBE2537_at,GENE2537,9p,protein_coding
PROBE2538_at,GENE2538,10q,protein_coding
PROBE2539_at,GENE2539,12p,protein_coding
PROBE2540_at,GENE2540,15q,protein_coding
PROBE2541_at,GENE2541,18q,protein_coding
PROBE2542_at,GENE2542,19q,protein_coding
PROBE2543_at,GENE2543,20q,protein_coding
PROBE2544_at,GENE2544,21q,protein_coding
PROBE2545_at,GENE2545,2p,protein_coding
PROBE2546_at,GENE2546,3q,protein_coding
PROBE2547_at,GENE2547,4q,protein_coding
PROBE2548_at,GENE2548,7q,protein_coding
PROBE2549_at,GENE2549,9p,protein_coding
PROBE2550_at,GENE2550,10q,protein_coding
PROBE2551_at,GENE2551,12p,protein_coding
PROBE2552_at,GENE2552,15q,protein_coding
PROBE2553_at,GENE2553,18q,protein_coding
PROBE2554_at,GENE2554,19q,protein_coding
PROBE2555_at,GENE2555,20q,protein_coding
PROBE2556_at,GENE2556,21q,protein_coding
PROBE2557_at,GENE2557,2p,protein_coding
PROBE2558_at,GENE2558,3q,protein_coding
PROBE2559_at,GENE2559,4q,protein_coding
PROBE2560_at,GENE2560,7q,protein_coding
PROBE2561_at,GENE2561,9p,protein_coding
PROBE2562_at,GENE2562,10q,protein_coding
PROBE2563_at,GENE2563,12p,protein_coding
PROBE2564_at,GENE2564,15q,protein_coding
PROBE2565_at,GENE2565,18q,protein_coding
PROBE2566_at,GENE2566,19q,protein_coding
PROBE2567_at,GENE2567,20q,protein_coding
PROBE2568_at,GENE2568,21q,protein_coding
PROBE2569_at,GENE2569,2p,protein_coding
PROBE2570_at,GENE2570,3q,protein_coding
PROBE2571_at,GENE2571,4q,protein_coding
PROBE2572_at,GENE2572,7q,protein_coding
PROBE2573_at,GENE2573,9p,protein_coding
PROBE2574_at,GENE2574,10q,protein_coding
PROBE2575_at,GENE2575,12p,protein_coding
PROBE2576_at,GENE2576,15q,protein_coding
PROBE2577_at,GENE2577,18q,protein_coding
PROBE2578_at,GENE2578,19q,protein_coding
PROBE2579_at,GENE2579,20q,protein_coding
PROBE2580_at,GENE2580,21q,protein_coding
PROBE2581_at,GENE2581,2p,protein_coding
PROBE2582_at,GENE2582,3q,protein_coding
PROBE2583_at,GENE2583,4q,protein_coding
PROBE2584_at,GENE2584,7q,protein_coding
PROBE2585_at,GENE2585,9p,protein_coding
PROBE2586_at,GENE2586,10q,protein_coding
PROBE2587_at,GENE2587,12p,protein_coding
PROBE2588_at,GENE2588,15q,protein_coding
PROBE2589_at,GENE2589,18q,protein_coding
PROBE2590_at,GENE2590,19q,protein_coding
PROBE2591_at,GENE2591,20q,protein_coding
PROBE2592_at,GENE2592,21q,protein_coding
PROBE2593_at,GENE2593,2p,protein_coding
PROBE2594_at,GENE2594,3q,protein_coding
PROBE2595_at,GENE2595,4q,protein_coding
PROBE2596_at,GENE2596,7q,protein_coding
PROBE2597_at,GENE2597,9p,protein_coding
PROBE2598_at,GENE2598,10q,protein_coding
PROBE2599_at,GENE2599,12p,protein_coding
PROBE2600_at,GENE2600,15q,protein_coding
PROBE2601_at,GENE2601,18q,protein_coding
PROBE2602_at,GENE2602,19q,protein_coding
PROBE2603_at,GENE2603,20q,protein_coding
PROBE2604_at,GENE2604,21q,protein_coding
PROBE2605_at,GENE2605,2p,protein_coding
PROBE2606_at,GENE2606,3q,protein_coding
PROBE2607_at,GENE2607,4q,protein_coding
PROBE2608_at,GENE2608,7q,protein_coding
PROBE2609_at,GENE2609,9p,protein_coding
PROBE2610_at,GENE2610,10q,protein_coding
PROBE2611_at,GENE2611,12p,protein_coding
PROBE2612_at,GENE2612,15q,protein_coding
PROBE2613_at,GENE2613,18q,protein_coding
PROBE2614_at,GENE2614,19q,protein_coding
PROBE2615_at,GENE2615,20q,protein_coding
PROBE2616_at,GENE2616,21q,protein_coding
PROBE2617_at,GENE2617,2p,protein_coding
PROBE2618_at,GENE2618,3q,protein_coding
PROBE2619_at,GENE2619,4q,protein_coding
PROBE2620_at,GENE2620,7q,protein_coding
PROBE2621_at,GENE2621,9p,protein_coding
PROBE2622_at,GENE2622,10q,protein_coding
PROBE2623_at,GENE2623,12p,protein_coding
PROBE2624_at,GENE2624,15q,protein_coding
PROBE2625_at,GENE2625,18q,protein_coding
PROBE2626_at,GENE2626,19q,protein_coding
PROBE2627_at,GENE2627,20q,protein_coding
PROBE2628_at,GENE2628,21q,protein_coding
PROBE2629_at,GENE2629,2p,protein_coding
PROBE2630_at,GENE2630,3q,protein_coding
PROBE2631_at,GENE2631,4q,protein_coding
PROBE2632_at,GENE2632,7q,protein_coding
PROBE2633_at,GENE2633,9p,protein_coding
PROBE2634_at,GENE2634,10q,protein_coding
PROBE2635_at,GENE2635,12p,protein_coding
PROBE2636_at,GENE2636,15q,protein_coding
PROBE2637_at,GENE2637,18q,protein_coding
PROBE2638_at,GENE2638,19q,protein_coding
PROBE2639_at,GENE2639,20q,protein_coding
PROBE2640_at,GENE2640,21q,protein_coding
PROBE2641_at,GENE2641,2p,protein_coding
PROBE2642_at,GENE2642,3q,protein_coding
PROBE2643_at,GENE2643,4q,protein_coding
PROBE2644_at,GENE2644,7q,protein_coding
PROBE2645_at,GENE2645,9p,protein_coding
PROBE2646_at,GENE2646,10q,protein_coding
PROBE2647_at,GENE2647,12p,protein_coding
PROBE2648_at,GENE2648,15q,protein_coding
PROBE2649_at,GENE2649,18q,protein_coding
PROBE2650_at,GENE2650,19q,protein_coding
PROBE2651_at,GENE2651,20q,protein_coding
PROBE2652_at,GENE2652,21q,protein_coding
PROBE2653_at,GENE2653,2p,protein_coding
PROBE2654_at,GENE2654,3q,protein_coding
PROBE2655_at,GENE2655,4q,protein_coding
PROBE2656_at,GENE2656,7q,protein_coding
PROBE2657_at,GENE2657,9p,protein_coding
PROBE2658_at,GENE2658,10q,protein_coding
PROBE2659_at,GENE2659,12p,protein_coding
PROBE2660_at,GENE2660,15q,protein_coding
PROBE2661_at,GENE2661,18q,protein_coding
PROBE2662_at,GENE2662,19q,protein_coding
PROBE2663_at,GENE2663,20q,protein_coding
PROBE2664_at,GENE2664,21q,protein_coding
PROBE2665_at,GENE2665,2p,protein_coding
PROBE2666_at,GENE2666,3q,protein_coding
PROBE2667_at,GENE2667,4q,protein_coding
PROBE2668_at,GENE2668,7q,protein_coding
PROBE2669_at,GENE2669,9p,protein_coding
PROBE2670_at,GENE2670,10q,protein_coding
PROBE2671_at,GENE2671,12p,protein_coding
PROBE2672_at,GENE2672,15q,protein_coding
PROBE2673_at,GENE2673,18q,protein_coding
PROBE2674_at,GENE2674,19q,protein_coding
PROBE2675_at,GENE2675,20q,protein_coding
PROBE2676_at,GENE2676,21q,protein_coding
PROBE2677_at,GENE2677,2p,protein_coding
PROBE2678_at,GENE2678,3q,protein_coding
PROBE2679_at,GENE2679,4q,protein_coding
PROBE2680_at,GENE2680,7q,protein_coding
PROBE2681_at,GENE2681,9p,protein_coding
PROBE2682_at,GENE2682,10q,protein_coding
PROBE2683_at,GENE2683,12p,protein_coding
PROBE2684_at,GENE2684,15q,protein_coding
PROBE2685_at,GENE2685,18q,protein_coding
PROBE2686_at,GENE2686,19q,protein_coding
PROBE2687_at,GENE2687,20q,protein_coding
PROBE2688_at,GENE2688,21q,protein_coding
PROBE2689_at,GENE2689,2p,protein_coding
PROBE2690_at,GENE2690,3q,protein_coding
PROBE2691_at,GENE2691,4q,protein_coding
PROBE2692_at,GENE2692,7q,protein_coding
PROBE2693_at,GENE2693,9p,protein_coding
PROBE2694_at,GENE2694,10q,protein_coding
PROBE2695_at,GENE2695,12p,protein_coding
PROBE2696_at,GENE2696,15q,protein_coding
PROBE2697_at,GENE2697,18q,protein_coding
PROBE2698_at,GENE2698,19q,protein_coding
PROBE2699_at,GENE2699,20q,protein_coding
PROBE2700_at,GENE2700,21q,protein_coding
PROBE2701_at,GENE2701,2p,protein_coding
PROBE2702_at,GENE2702,3q,protein_coding
PROBE2703_at,GENE2703,4q,protein_coding
PROBE2704_at,GENE2704,7q,protein_coding
PROBE2705_at,GENE2705,9p,protein_coding
PROBE2706_at,GENE2706,10q,protein_coding
PROBE2707_at,GENE2707,12p,protein_coding
PROBE2708_at,GENE2708,15q,protein_coding
PROBE2709_at,GENE2709,18q,protein_coding
PROBE2710_at,GENE2710,19q,protein_coding
PROBE2711_at,GENE2711,20q,protein_coding
PROBE2712_at,GENE2712,21q,protein_coding
PROBE2713_at,GENE2713,2p,protein_coding
PROBE2714_at,GENE2714,3q,protein_coding
PROBE2715_at,GENE2715,4q,protein_coding
PROBE2716_at,GENE2716,7q,protein_coding
PROBE2717_at,GENE2717,9p,protein_coding
PROBE2718_at,GENE2718,10q,protein_coding
PROBE2719_at,GENE2719,12p,protein_coding
PROBE2720_at,GENE2720,15q,protein_coding
PROBE2721_at,GENE2721,18q,protein_coding
PROBE2722_at,GENE2722,19q,protein_coding
PROBE2723_at,GENE2723,20q,protein_coding
PROBE2724_at,GENE2724,21q,protein_coding
PROBE2725_at,GENE2725,2p,protein_coding
PROBE2726_at,GENE2726,3q,protein_coding
PROBE2727_at,GENE2727,4q,protein_coding
PROBE2728_at,GENE2728,7q,protein_coding
PROBE2729_at,GENE2729,9p,protein_coding
PROBE2730_at,GENE2730,10q,protein_coding
PROBE2731_at,GENE2731,12p,protein_coding
PROBE2732_at,GENE2732,15q,protein_coding
PROBE2733_at,GENE2733,18q,protein_coding
PROBE2734_at,GENE2734,19q,protein_coding
PROBE2735_at,GENE2735,20q,protein_coding
PROBE2736_at,GENE2736,21q,protein_coding
PROBE2737_at,GENE2737,2p,protein_coding
PROBE2738_at,GENE2738,3q,protein_coding
PROBE2739_at,GENE2739,4q,protein_coding
PROBE2740_at,GENE2740,7q,protein_coding
PROBE2741_at,GENE2741,9p,protein_coding
PROBE2742_at,GENE2742,10q,protein_coding
PROBE2743_at,GENE2743,12p,protein_coding
PROBE2744_at,GENE2744,15q,protein_coding
PROBE2745_at,GENE2745,18q,protein_coding
PROBE2746_at,GENE2746,19q,protein_coding
PROBE2747_at,GENE2747,20q,protein_coding
PROBE2748_at,GENE2748,21q,protein_coding
PROBE2749_at,GENE2749,2p,protein_coding
PROBE2750_at,GENE2750,3q,protein_coding
PROBE2751_at,GENE2751,4q,protein_coding
PROBE2752_at,GENE2752,7q,protein_coding
PROBE2753_at,GENE2753,9p,protein_coding
PROBE2754_at,GENE2754,10q,protein_coding
PROBE2755_at,GENE2755,12p,protein_coding
PROBE2756_at,GENE2756,15q,protein_coding
PROBE2757_at,GENE2757,18q,protein_coding
PROBE2758_at,GENE2758,19q,protein_coding
PROBE2759_at,GENE2759,20q,protein_coding
PROBE2760_at,GENE2760,21q,protein_coding
PROBE2761_at,GENE2761,2p,protein_coding
PROBE2762_at,GENE2762,3q,protein_coding
PROBE2763_at,GENE2763,4q,protein_coding
PROBE2764_at,GENE2764,7q,protein_coding
PROBE2765_at,GENE2765,9p,protein_coding
PROBE2766_at,GENE2766,10q,protein_coding
PROBE2767_at,GENE2767,12p,protein_coding
PROBE2768_at,GENE2768,15q,protein_coding
PROBE2769_at,GENE2769,18q,protein_coding
PROBE2770_at,GENE2770,19q,protein_coding
PROBE2771_at,GENE2771,20q,protein_coding
PROBE2772_at,GENE2772,21q,protein_coding
PROBE2773_at,GENE2773,2p,protein_coding
PROBE2774_at,GENE2774,3q,protein_coding
PROBE2775_at,GENE2775,4q,protein_coding
PROBE2776_at,GENE2776,7q,protein_coding
PROBE2777_at,GENE2777,9p,protein_coding
PROBE2778_at,GENE2778,10q,protein_coding
PROBE2779_at,GENE2779,12p,protein_coding
PROBE2780_at,GENE2780,15q,protein_coding
PROBE2781_at,GENE2781,18q,protein_coding
PROBE2782_at,GENE2782,19q,protein_coding
PROBE2783_at,GENE2783,20q,protein_coding
PROBE2784_at,GENE2784,21q,protein_coding
PROBE2785_at,GENE2785,2p,protein_coding
PROBE2786_at,GENE2786,3q,protein_coding
PROBE2787_at,GENE2787,4q,protein_coding
PROBE2788_at,GENE2788,7q,protein_coding
PROBE2789_at,GENE2789,9p,protein_coding
PROBE2790_at,GENE2790,10q,protein_coding
PROBE2791_at,GENE2791,12p,protein_coding
PROBE2792_at,GENE2792,15q,protein_coding
PROBE2793_at,GENE2793,18q,protein_coding
PROBE2794_at,GENE2794,19q,protein_coding
PROBE2795_at,GENE2795,20q,protein_coding
PROBE2796_at,GENE2796,21q,protein_coding
PROBE2797_at,GENE2797,2p,protein_coding
PROBE2798_at,GENE2798,3q,protein_coding
PROBE2799_at,GENE2799,4q,protein_coding
PROBE2800_at,GENE2800,7q,protein_coding
PROBE2801_at,GENE2801,9p,protein_coding
PROBE2802_at,GENE2802,10q,protein_coding
PROBE2803_at,GENE2803,12p,protein_coding
PROBE2804_at,GENE2804,15q,protein_coding
PROBE2805_at,GENE2805,18q,protein_coding
PROBE2806_at,GENE2806,19q,protein_coding
PROBE2807_at,GENE2807,20q,protein_coding
PROBE2808_at,GENE2808,21q,protein_coding
PROBE2809_at,GENE2809,2p,protein_coding
PROBE2810_at,GENE2810,3q,protein_coding
PROBE2811_at,GENE2811,4q,protein_coding
PROBE2812_at,GENE2812,7q,protein_coding
PROBE2813_at,GENE2813,9p,protein_coding
PROBE2814_at,GENE2814,10q,protein_coding
PROBE2815_at,GENE2815,12p,protein_coding
PROBE2816_at,GENE2816,15q,protein_coding
PROBE2817_at,GENE2817,18q,protein_coding
PROBE2818_at,GENE2818,19q,protein_coding
PROBE2819_at,GENE2819,20q,protein_coding
PROBE2820_at,GENE2820,21q,protein_coding
PROBE2821_at,GENE2821,2p,protein_coding
PROBE2822_at,GENE2822,3q,protein_coding
PROBE2823_at,GENE2823,4q,protein_coding
PROBE2824_at,GENE2824,7q,protein_coding
PROBE2825_at,GENE2825,9p,protein_coding
PROBE2826_at,GENE2826,10q,protein_coding
PROBE2827_at,GENE2827,12p,protein_coding
PROBE2828_at,GENE2828,15q,protein_coding
PROBE2829_at,GENE2829,18q,protein_coding
PROBE2830_at,GENE2830,19q,protein_coding
PROBE2831_at,GENE2831,20q,protein_coding
PROBE2832_at,GENE2832,21q,protein_coding
PROBE2833_at,GENE2833,2p,protein_coding
PROBE2834_at,GENE2834,3q,protein_coding
PROBE2835_at,GENE2835,4q,protein_coding
PROBE2836_at,GENE2836,7q,protein_coding
PROBE2837_at,GENE2837,9p,protein_coding
PROBE2838_at,GENE2838,10q,protein_coding
PROBE2839_at,GENE2839,12p,protein_coding
PROBE2840_at,GENE2840,15q,protein_coding
PROBE2841_at,GENE2841,18q,protein_coding
PROBE2842_at,GENE2842,19q,protein_coding
PROBE2843_at,GENE2843,20q,protein_coding
PROBE2844_at,GENE2844,21q,protein_coding
PROBE2845_at,GENE2845,2p,protein_coding
PROBE2846_at,GENE2846,3q,protein_coding
PROBE2847_at,GENE2847,4q,protein_coding
PROBE2848_at,GENE2848,7q,protein_coding
PROBE2849_at,GENE2849,9p,protein_coding
PROBE2850_at,GENE2850,10q,protein_coding
PROBE2851_at,GENE2851,12p,protein_coding
PROBE2852_at,GENE2852,15q,protein_coding
PROBE2853_at,GENE2853,18q,protein_coding
PROBE2854_at,GENE2854,19q,protein_coding
PROBE2855_at,GENE2855,20q,protein_coding
PROBE2856_at,GENE2856,21q,protein_coding
PROBE2857_at,GENE2857,2p,protein_coding
PROBE2858_at,GENE2858,3q,protein_coding
PROBE2859_at,GENE2859,4q,protein_coding
PROBE2860_at,GENE2860,7q,protein_coding
PROBE2861_at,GENE2861,9p,protein_coding
PROBE2862_at,GENE2862,10q,protein_coding
PROBE2863_at,GENE2863,12p,protein_coding
PROBE2864_at,GENE2864,15q,protein_coding
PROBE2865_at,GENE2865,18q,protein_coding
PROBE2866_at,GENE2866,19q,protein_coding
PROBE2867_at,GENE2867,20q,protein_coding
PROBE2868_at,GENE2868,21q,protein_coding
PROBE2869_at,GENE2869,2p,protein_coding
PROBE2870_at,GENE2870,3q,protein_coding
PROBE2871_at,GENE2871,4q,protein_coding
PROBE2872_at,GENE2872,7q,protein_coding
PROBE2873_at,GENE2873,9p,protein_coding
PROBE2874_at,GENE2874,10q,protein_coding
PROBE2875_at,GENE2875,12p,protein_coding
PROBE2876_at,GENE2876,15q,protein_coding
PROBE2877_at,GENE2877,18q,protein_coding
PROBE2878_at,GENE2878,19q,protein_coding
PROBE2879_at,GENE2879,20q,protein_coding
PROBE2880_at,GENE2880,21q,protein_coding
PROBE2881_at,GENE2881,2p,protein_coding
PROBE2882_at,GENE2882,3q,protein_coding
PROBE2883_at,GENE2883,4q,protein_coding
PROBE2884_at,GENE2884,7q,protein_coding
PROBE2885_at,GENE2885,9p,protein_coding
PROBE2886_at,GENE2886,10q,protein_coding
PROBE2887_at,GENE2887,12p,protein_coding
PROBE2888_at,GENE2888,15q,protein_coding
PROBE2889_at,GENE2889,18q,protein_coding
PROBE2890_at,GENE2890,19q,protein_coding
PROBE2891_at,GENE2891,20q,protein_coding
PROBE2892_at,GENE2892,21q,protein_coding
PROBE2893_at,GENE2893,2p,protein_coding
PROBE2894_at,GENE2894,3q,protein_coding
PROBE2895_at,GENE2895,4q,protein_coding
PROBE2896_at,GENE2896,7q,protein_coding
PROBE2897_at,GENE2897,9p,protein_coding
PROBE2898_at,GENE2898,10q,protein_coding
PROBE2899_at,GENE2899,12p,protein_coding
PROBE2900_at,GENE2900,15q,protein_coding
PROBE2901_at,GENE2901,18q,protein_coding
PROBE2902_at,GENE2902,19q,protein_coding
PROBE2903_at,GENE2903,20q,protein_coding
PROBE2904_at,GENE2904,21q,protein_coding
PROBE2905_at,GENE2905,2p,protein_coding
PROBE2906_at,GENE2906,3q,protein_coding
PROBE2907_at,GENE2907,4q,protein_coding
PROBE2908_at,GENE2908,7q,protein_coding
PROBE2909_at,GENE2909,9p,protein_coding
PROBE2910_at,GENE2910,10q,protein_coding
PROBE2911_at,GENE2911,12p,protein_coding
PROBE2912_at,GENE2912,15q,protein_coding
PROBE2913_at,GENE2913,18q,protein_coding
PROBE2914_at,GENE2914,19q,protein_coding
PROBE2915_at,GENE2915,20q,protein_coding
PROBE2916_at,GENE2916,21q,protein_coding
PROBE2917_at,GENE2917,2p,protein_coding
PROBE2918_at,GENE2918,3q,protein_coding
PROBE2919_at,GENE2919,4q,protein_coding
PROBE2920_at,GENE2920,7q,protein_coding
PROBE2921_at,GENE2921,9p,protein_coding
PROBE2922_at,GENE2922,10q,protein_coding
PROBE2923_at,GENE2923,12p,protein_coding
PROBE2924_at,GENE2924,15q,protein_coding
PROBE2925_at,GENE2925,18q,protein_coding
PROBE2926_at,GENE2926,19q,protein_coding
PROBE2927_at,GENE2927,20q,protein_coding
PROBE2928_at,GENE2928,21q,protein_coding
PROBE2929_at,GENE2929,2p,protein_coding
PROBE2930_at,GENE2930,3q,protein_coding
PROBE2931_at,GENE2931,4q,protein_coding
PROBE2932_at,GENE2932,7q,protein_coding
PROBE2933_at,GENE2933,9p,protein_coding
PROBE2934_at,GENE2934,10q,protein_coding
PROBE2935_at,GENE2935,12p,protein_coding
PROBE2936_at,GENE2936,15q,protein_coding
PROBE2937_at,GENE2937,18q,protein_coding
PROBE2938_at,GENE2938,19q,protein_coding
PROBE2939_at,GENE2939,20q,protein_coding
PROBE2940_at,GENE2940,21q,protein_coding
PROBE2941_at,GENE2941,2p,protein_coding
PROBE2942_at,GENE2942,3q,protein_coding
PROBE2943_at,GENE2943,4q,protein_coding
PROBE2944_at,GENE2944,7q,protein_coding
PROBE2945_at,GENE2945,9p,protein_coding
PROBE2946_at,GENE2946,10q,protein_coding
PROBE2947_at,GENE2947,12p,protein_coding
PROBE2948_at,GENE2948,15q,protein_coding
PROBE2949_at,GENE2949,18q,protein_coding
PROBE2950_at,GENE2950,19q,protein_coding
PROBE2951_at,GENE2951,20q,protein_coding
PROBE2952_at,GENE2952,21q,protein_coding
PROBE2953_at,GENE2953,2p,protein_coding
PROBE2954_at,GENE2954,3q,protein_coding
PROBE2955_at,GENE2955,4q,protein_coding
PROBE2956_at,GENE2956,7q,protein_coding
PROBE2957_at,GENE2957,9p,protein_coding
PROBE2958_at,GENE2958,10q,protein_coding
PROBE2959_at,GENE2959,12p,protein_coding
PROBE2960_at,GENE2960,15q,protein_coding
PROBE2961_at,GENE2961,18q,protein_coding
PROBE2962_at,GENE2962,19q,protein_coding
PROBE2963_at,GENE2963,20q,protein_coding
PROBE2964_at,GENE2964,21q,protein_coding
PROBE2965_at,GENE2965,2p,protein_coding
PROBE2966_at,GENE2966,3q,protein_coding
PROBE2967_at,GENE2967,4q,protein_coding
PROBE2968_at,GENE2968,7q,protein_coding
PROBE2969_at,GENE2969,9p,protein_coding
PROBE2970_at,GENE2970,10q,protein_coding
PROBE2971_at,GENE2971,12p,protein_coding
PROBE2972_at,GENE2972,15q,protein_coding
PROBE2973_at,GENE2973,18q,protein_coding
PROBE2974_at,GENE2974,19q,protein_coding
PROBE2975_at,GENE2975,20q,protein_coding
PROBE2976_at,GENE2976,21q,protein_coding
PROBE2977_at,GENE2977,2p,protein_coding
PROBE2978_at,GENE2978,3q,protein_coding
PROBE2979_at,GENE2979,4q,protein_coding
PROBE2980_at,GENE2980,7q,protein_coding
PROBE2981_at,GENE2981,9p,protein_coding
PROBE2982_at,GENE2982,10q,protein_coding
PROBE2983_at,GENE2983,12p,protein_coding
PROBE2984_at,GENE2984,15q,protein_coding
PROBE2985_at,GENE2985,18q,protein_coding
PROBE2986_at,GENE2986,19q,protein_coding
PROBE2987_at,GENE2987,20q,protein_coding
PROBE2988_at,GENE2988,21q,protein_coding
PROBE2989_at,GENE2989,2p,protein_coding
PROBE2990_at,GENE2990,3q,protein_coding
PROBE2991_at,GENE2991,4q,protein_coding
PROBE2992_at,GENE2992,7q,protein_coding
PROBE2993_at,GENE2993,9p,protein_coding
PROBE2994_at,GENE2994,10q,protein_coding
PROBE2995_at,GENE2995,12p,protein_coding
PROBE2996_at,GENE2996,15q,protein_coding
PROBE2997_at,GENE2997,18q,protein_coding
PROBE2998_at,GENE2998,19q,protein_coding
PROBE2999_at,GENE2999,20q,protein_coding
PROBE3000_at,GENE3000,21q,protein_coding
PROBE3001_at,GENE3001,2p,protein_coding
PROBE3002_at,GENE3002,3q,protein_coding
PROBE3003_at,GENE3003,4q,protein_coding
PROBE3004_at,GENE3004,7q,protein_coding
PROBE3005_at,GENE3005,9p,protein_coding
PROBE3006_at,GENE3006,10q,protein_coding
PROBE3007_at,GENE3007,12p,protein_coding
PROBE3008_at,GENE3008,15q,protein_coding
PROBE3009_at,GENE3009,18q,protein_coding
PROBE3010_at,GENE3010,19q,protein_coding
PROBE3011_at,GENE3011,20q,protein_coding
PROBE3012_at,GENE3012,21q,protein_coding
PROBE3013_at,GENE3013,2p,protein_coding
PROBE3014_at,GENE3014,3q,protein_coding
PROBE3015_at,GENE3015,4q,protein_coding
PROBE3016_at,GENE3016,7q,protein_coding
PROBE3017_at,GENE3017,9p,protein_coding
PROBE3018_at,GENE3018,10q,protein_coding
PROBE3019_at,GENE3019,12p,protein_coding
PROBE3020_at,GENE3020,15q,protein_coding
PROBE3021_at,GENE3021,18q,protein_coding
PROBE3022_at,GENE3022,19q,protein_coding
PROBE3023_at,GENE3023,20q,protein_coding
PROBE3024_at,GENE3024,21q,protein_coding
PROBE3025_at,GENE3025,2p,protein_coding
PROBE3026_at,GENE3026,3q,protein_coding
PROBE3027_at,GENE3027,4q,protein_coding
PROBE3028_at,GENE3028,7q,protein_coding
PROBE3029_at,GENE3029,9p,protein_coding
PROBE3030_at,GENE3030,10q,protein_coding
PROBE3031_at,GENE3031,12p,protein_coding
PROBE3032_at,GENE3032,15q,protein_coding
PROBE3033_at,GENE3033,18q,protein_coding
PROBE3034_at,GENE3034,19q,protein_coding
PROBE3035_at,GENE3035,20q,protein_coding
PROBE3036_at,GENE3036,21q,protein_coding
PROBE3037_at,GENE3037,2p,protein_coding
PROBE3038_at,GENE3038,3q,protein_coding
PROBE3039_at,GENE3039,4q,protein_coding
PROBE3040_at,GENE3040,7q,protein_coding
PROBE3041_at,GENE3041,9p,protein_coding
PROBE3042_at,GENE3042,10q,protein_coding
PROBE3043_at,GENE3043,12p,protein_coding
PROBE3044_at,GENE3044,15q,protein_coding
PROBE3045_at,GENE3045,18q,protein_coding
PROBE3046_at,GENE3046,19q,protein_coding
PROBE3047_at,GENE3047,20q,protein_coding
PROBE3048_at,GENE3048,21q,protein_coding
PROBE3049_at,GENE3049,2p,protein_coding
PROBE3050_at,GENE3050,3q,protein_coding
PROBE3051_at,GENE3051,4q,protein_coding
PROBE3052_at,GENE3052,7q,protein_coding
PROBE3053_at,GENE3053,9p,protein_coding
PROBE3054_at,GENE3054,10q,protein_coding
PROBE3055_at,GENE3055,12p,protein_coding
PROBE3056_at,GENE3056,15q,protein_coding
PROBE3057_at,GENE3057,18q,protein_coding
PROBE3058_at,GENE3058,19q,protein_coding
PROBE3059_at,GENE3059,20q,protein_coding
PROBE3060_at,GENE3060,21q,protein_coding
PROBE3061_at,GENE3061,2p,protein_coding
PROBE3062_at,GENE3062,3q,protein_coding
PROBE3063_at,GENE3063,4q,protein_coding
PROBE3064_at,GENE3064,7q,protein_coding
PROBE3065_at,GENE3065,9p,protein_coding
PROBE3066_at,GENE3066,10q,protein_coding
PROBE3067_at,GENE3067,12p,protein_coding
PROBE3068_at,GENE3068,15q,protein_coding
PROBE3069_at,GENE3069,18q,protein_coding
PROBE3070_at,GENE3070,19q,protein_coding
PROBE3071_at,GENE3071,20q,protein_coding
PROBE3072_at,GENE3072,21q,protein_coding
PROBE3073_at,GENE3073,2p,protein_coding
PROBE3074_at,GENE3074,3q,protein_coding
PROBE3075_at,GENE3075,4q,protein_coding
PROBE3076_at,GENE3076,7q,protein_coding
PROBE3077_at,GENE3077,9p,protein_coding
PROBE3078_at,GENE3078,10q,protein_coding
PROBE3079_at,GENE3079,12p,protein_coding
PROBE3080_at,GENE3080,15q,protein_coding
PROBE3081_at,GENE3081,18q,protein_coding
PROBE3082_at,GENE3082,19q,protein_coding
PROBE3083_at,GENE3083,20q,protein_coding
PROBE3084_at,GENE3084,21q,protein_coding
PROBE3085_at,GENE3085,2p,protein_coding
PROBE3086_at,GENE3086,3q,protein_coding
PROBE3087_at,GENE3087,4q,protein_coding
PROBE3088_at,GENE3088,7q,protein_coding
PROBE3089_at,GENE3089,9p,protein_coding
PROBE3090_at,GENE3090,10q,protein_coding
PROBE3091_at,GENE3091,12p,protein_coding
PROBE3092_at,GENE3092,15q,protein_coding
PROBE3093_at,GENE3093,18q,protein_coding
PROBE3094_at,GENE3094,19q,protein_coding
PROBE3095_at,GENE3095,20q,protein_coding
PROBE3096_at,GENE3096,21q,protein_coding
PROBE3097_at,GENE3097,2p,protein_coding
PROBE3098_at,GENE3098,3q,protein_coding
PROBE3099_at,GENE3099,4q,protein_coding
PROBE3100_at,GENE3100,7q,protein_coding
PROBE3101_at,GENE3101,9p,protein_coding
PROBE3102_at,GENE3102,10q,protein_coding
PROBE3103_at,GENE3103,12p,protein_coding
PROBE3104_at,GENE3104,15q,protein_coding
PROBE3105_at,GENE3105,18q,protein_coding
PROBE3106_at,GENE3106,19q,protein_coding
PROBE3107_at,GENE3107,20q,protein_coding
PROBE3108_at,GENE3108,21q,protein_coding
PROBE3109_at,GENE3109,2p,protein_coding
PROBE3110_at,GENE3110,3q,protein_coding
PROBE3111_at,GENE3111,4q,protein_coding
PROBE3112_at,GENE3112,7q,protein_coding
PROBE3113_at,GENE3113,9p,protein_coding
PROBE3114_at,GENE3114,10q,protein_coding
PROBE3115_at,GENE3115,12p,protein_coding
PROBE3116_at,GENE3116,15q,protein_coding
PROBE3117_at,GENE3117,18q,protein_coding
PROBE3118_at,GENE3118,19q,protein_coding
PROBE3119_at,GENE3119,20q,protein_coding
PROBE3120_at,GENE3120,21q,protein_coding
PROBE3121_at,GENE3121,2p,protein_coding
PROBE3122_at,GENE3122,3q,protein_coding
PROBE3123_at,GENE3123,4q,protein_coding
PROBE3124_at,GENE3124,7q,protein_coding
PROBE3125_at,GENE3125,9p,protein_coding
PROBE3126_at,GENE3126,10q,protein_coding
PROBE3127_at,GENE3127,12p,protein_coding
PROBE3128_at,GENE3128,15q,protein_coding
PROBE3129_at,GENE3129,18q,protein_coding
PROBE3130_at,GENE3130,19q,protein_coding
PROBE3131_at,GENE3131,20q,protein_coding
PROBE3132_at,GENE3132,21q,protein_coding
PROBE3133_at,GENE3133,2p,protein_coding
PROBE3134_at,GENE3134,3q,protein_coding
PROBE3135_at,GENE3135,4q,protein_coding
PROBE3136_at,GENE3136,7q,protein_coding
PROBE3137_at,GENE3137,9p,protein_coding
PROBE3138_at,GENE3138,10q,protein_coding
PROBE3139_at,GENE3139,12p,protein_coding
PROBE3140_at,GENE3140,15q,protein_coding
PROBE3141_at,GENE3141,18q,protein_coding
PROBE3142_at,GENE3142,19q,protein_coding
PROBE3143_at,GENE3143,20q,protein_coding
PROBE3144_at,GENE3144,21q,protein_coding
PROBE3145_at,GENE3145,2p,protein_coding
PROBE3146_at,GENE3146,3q,protein_coding
PROBE3147_at,GENE3147,4q,protein_coding
PROBE3148_at,GENE3148,7q,protein_coding
PROBE3149_at,GENE3149,9p,protein_coding
PROBE3150_at,GENE3150,10q,protein_coding
PROBE3151_at,GENE3151,12p,protein_coding
PROBE3152_at,GENE3152,15q,protein_coding
PROBE3153_at,GENE3153,18q,protein_coding
PROBE3154_at,GENE3154,19q,protein_coding
PROBE3155_at,GENE3155,20q,protein_coding
PROBE3156_at,GENE3156,21q,protein_coding
PROBE3157_at,GENE3157,2p,protein_coding
PROBE3158_at,GENE3158,3q,protein_coding
PROBE3159_at,GENE3159,4q,protein_coding
PROBE3160_at,GENE3160,7q,protein_coding
PROBE3161_at,GENE3161,9p,protein_coding
PROBE3162_at,GENE3162,10q,protein_coding
PROBE3163_at,GENE3163,12p,protein_coding
PROBE3164_at,GENE3164,15q,protein_coding
PROBE3165_at,GENE3165,18q,protein_coding
PROBE3166_at,GENE3166,19q,protein_coding
PROBE3167_at,GENE3167,20q,protein_coding
PROBE3168_at,GENE3168,21q,protein_coding
PROBE3169_at,GENE3169,2p,protein_coding
PROBE3170_at,GENE3170,3q,protein_coding
PROBE3171_at,GENE3171,4q,protein_coding
PROBE3172_at,GENE3172,7q,protein_coding
PROBE3173_at,GENE3173,9p,protein_coding
PROBE3174_at,GENE3174,10q,protein_coding
PROBE3175_at,GENE3175,12p,protein_coding
PROBE3176_at,GENE3176,15q,protein_coding
PROBE3177_at,GENE3177,18q,protein_coding
PROBE3178_at,GENE3178,19q,protein_coding
PROBE3179_at,GENE3179,20q,protein_coding
PROBE3180_at,GENE3180,21q,protein_coding
PROBE3181_at,GENE3181,2p,protein_coding
PROBE3182_at,GENE3182,3q,protein_coding
PROBE3183_at,GENE3183,4q,protein_coding
PROBE3184_at,GENE3184,7q,protein_coding
PROBE3185_at,GENE3185,9p,protein_coding
PROBE3186_at,GENE3186,10q,protein_coding
PROBE3187_at,GENE3187,12p,protein_coding
PROBE3188_at,GENE3188,15q,protein_coding
PROBE3189_at,GENE3189,18q,protein_coding
PROBE3190_at,GENE3190,19q,protein_coding
PROBE3191_at,GENE3191,20q,protein_coding
PROBE3192_at,GENE3192,21q,protein_coding
PROBE3193_at,GENE3193,2p,protein_coding
PROBE3194_at,GENE3194,3q,protein_coding
PROBE3195_at,GENE3195,4q,protein_coding
PROBE3196_at,GENE3196,7q,protein_coding
PROBE3197_at,GENE3197,9p,protein_coding
PROBE3198_at,GENE3198,10q,protein_coding
PROBE3199_at,GENE3199,12p,protein_coding
PROBE3200_at,GENE3200,15q,protein_coding
PROBE3201_at,GENE3201,18q,protein_coding
PROBE3202_at,GENE3202,19q,protein_coding
PROBE3203_at,GENE3203,20q,protein_coding
PROBE3204_at,GENE3204,21q,protein_coding
PROBE3205_at,GENE3205,2p,protein_coding
PROBE3206_at,GENE3206,3q,protein_coding
PROBE3207_at,GENE3207,4q,protein_coding
PROBE3208_at,GENE3208,7q,protein_coding
PROBE3209_at,GENE3209,9p,protein_coding
PROBE3210_at,GENE3210,10q,protein_coding
PROBE3211_at,GENE3211,12p,protein_coding
PROBE3212_at,GENE3212,15q,protein_coding
PROBE3213_at,GENE3213,18q,protein_coding
PROBE3214_at,GENE3214,19q,protein_coding
PROBE3215_at,GENE3215,20q,protein_coding
PROBE3216_at,GENE3216,21q,protein_coding
PROBE3217_at,GENE3217,2p,protein_coding
PROBE3218_at,GENE3218,3q,protein_coding
PROBE3219_at,GENE3219,4q,protein_coding
PROBE3220_at,GENE3220,7q,protein_coding
PROBE3221_at,GENE3221,9p,protein_coding
PROBE3222_at,GENE3222,10q,protein_coding
PROBE3223_at,GENE3223,12p,protein_coding
PROBE3224_at,GENE3224,15q,protein_coding
PROBE3225_at,GENE3225,18q,protein_coding
PROBE3226_at,GENE3226,19q,protein_coding
PROBE3227_at,GENE3227,20q,protein_coding
PROBE3228_at,GENE3228,21q,protein_coding
PROBE3229_at,GENE3229,2p,protein_coding
PROBE3230_at,GENE3230,3q,protein_coding
PROBE3231_at,GENE3231,4q,protein_coding
PROBE3232_at,GENE3232,7q,protein_coding
PROBE3233_at,GENE3233,9p,protein_coding
PROBE3234_at,GENE3234,10q,protein_coding
PROBE3235_at,GENE3235,12p,protein_coding
PROBE3236_at,GENE3236,15q,protein_coding
PROBE3237_at,GENE3237,18q,protein_coding
PROBE3238_at,GENE3238,19q,protein_coding
PROBE3239_at,GENE3239,20q,protein_coding
PROBE3240_at,GENE3240,21q,protein_coding
PROBE3241_at,GENE3241,2p,protein_coding
PROBE3242_at,GENE3242,3q,protein_coding
PROBE3243_at,GENE3243,4q,protein_coding
PROBE3244_at,GENE3244,7q,protein_coding
PROBE3245_at,GENE3245,9p,protein_coding
PROBE3246_at,GENE3246,10q,protein_coding
PROBE3247_at,GENE3247,12p,protein_coding
PROBE3248_at,GENE3248,15q,protein_coding
PROBE3249_at,GENE3249,18q,protein_coding
PROBE3250_at,GENE3250,19q,protein_coding
PROBE3251_at,GENE3251,20q,protein_coding
PROBE3252_at,GENE3252,21q,protein_coding
PROBE3253_at,GENE3253,2p,protein_coding
PROBE3254_at,GENE3254,3q,protein_coding
PROBE3255_at,GENE3255,4q,protein_coding
PROBE3256_at,GENE3256,7q,protein_coding
PROBE3257_at,GENE3257,9p,protein_coding
PROBE3258_at,GENE3258,10q,protein_coding
PROBE3259_at,GENE3259,12p,protein_coding
PROBE3260_at,GENE3260,15q,protein_coding
PROBE3261_at,GENE3261,18q,protein_coding
PROBE3262_at,GENE3262,19q,protein_coding
PROBE3263_at,GENE3263,20q,protein_coding
PROBE3264_at,GENE3264,21q,protein_coding
PROBE3265_at,GENE3265,2p,protein_coding
PROBE3266_at,GENE3266,3q,protein_coding
PROBE3267_at,GENE3267,4q,protein_coding
PROBE3268_at,GENE3268,7q,protein_coding
PROBE3269_at,GENE3269,9p,protein_coding
PROBE3270_at,GENE3270,10q,protein_coding
PROBE3271_at,GENE3271,12p,protein_coding
PROBE3272_at,GENE3272,15q,protein_coding
PROBE3273_at,GENE3273,18q,protein_coding
PROBE3274_at,GENE3274,19q,protein_coding
PROBE3275_at,GENE3275,20q,protein_coding
PROBE3276_at,GENE3276,21q,protein_coding
PROBE3277_at,GENE3277,2p,protein_coding
PROBE3278_at,GENE3278,3q,protein_coding
PROBE3279_at,GENE3279,4q,protein_coding
PROBE3280_at,GENE3280,7q,protein_coding
PROBE3281_at,GENE3281,9p,protein_coding
PROBE3282_at,GENE3282,10q,protein_coding
PROBE3283_at,GENE3283,12p,protein_coding
PROBE3284_at,GENE3284,15q,protein_coding
PROBE3285_at,GENE3285,18q,protein_coding
PROBE3286_at,GENE3286,19q,protein_coding
PROBE3287_at,GENE3287,20q,protein_coding
PROBE3288_at,GENE3288,21q,protein_coding
PROBE3289_at,GENE3289,2p,protein_coding
PROBE3290_at,GENE3290,3q,protein_coding
PROBE3291_at,GENE3291,4q,protein_coding
PROBE3292_at,GENE3292,7q,protein_coding
PROBE3293_at,GENE3293,9p,protein_coding
PROBE3294_at,GENE3294,10q,protein_coding
PROBE3295_at,GENE3295,12p,protein_coding
PROBE3296_at,GENE3296,15q,protein_coding
PROBE3297_at,GENE3297,18q,protein_coding
PROBE3298_at,GENE3298,19q,protein_coding
PROBE3299_at,GENE3299,20q,protein_coding
PROBE3300_at,GENE3300,21q,protein_coding
PROBE3301_at,GENE3301,2p,protein_coding
PROBE3302_at,GENE3302,3q,protein_coding
PROBE3303_at,GENE3303,4q,protein_coding
PROBE3304_at,GENE3304,7q,protein_coding
PROBE3305_at,GENE3305,9p,protein_coding
PROBE3306_at,GENE3306,10q,protein_coding
PROBE3307_at,GENE3307,12p,protein_coding
PROBE3308_at,GENE3308,15q,protein_coding
PROBE3309_at,GENE3309,18q,protein_coding
PROBE3310_at,GENE3310,19q,protein_coding
PROBE3311_at,GENE3311,20q,protein_coding
PROBE3312_at,GENE3312,21q,protein_coding
PROBE3313_at,GENE3313,2p,protein_coding
PROBE3314_at,GENE3314,3q,protein_coding
PROBE3315_at,GENE3315,4q,protein_coding
PROBE3316_at,GENE3316,7q,protein_coding
PROBE3317_at,GENE3317,9p,protein_coding
PROBE3318_at,GENE3318,10q,protein_coding
PROBE3319_at,GENE3319,12p,protein_coding
PROBE3320_at,GENE3320,15q,protein_coding
PROBE3321_at,GENE3321,18q,protein_coding
PROBE3322_at,GENE3322,19q,protein_coding
PROBE3323_at,GENE3323,20q,protein_coding
PROBE3324_at,GENE3324,21q,protein_coding
PROBE3325_at,GENE3325,2p,protein_coding
PROBE3326_at,GENE3326,3q,protein_coding
PROBE3327_at,GENE3327,4q,protein_coding
PROBE3328_at,GENE3328,7q,protein_coding
PROBE3329_at,GENE3329,9p,protein_coding
PROBE3330_at,GENE3330,10q,protein_coding
PROBE3331_at,GENE3331,12p,protein_coding
PROBE3332_at,GENE3332,15q,protein_coding
PROBE3333_at,GENE3333,18q,protein_coding
PROBE3334_at,GENE3334,19q,protein_coding
PROBE3335_at,GENE3335,20q,protein_coding
PROBE3336_at,GENE3336,21q,protein_coding
PROBE3337_at,GENE3337,2p,protein_coding
PROBE3338_at,GENE3338,3q,protein_coding
PROBE3339_at,GENE3339,4q,protein_coding
PROBE3340_at,GENE3340,7q,protein_coding
PROBE3341_at,GENE3341,9p,protein_coding
PROBE3342_at,GENE3342,10q,protein_coding
PROBE3343_at,GENE3343,12p,protein_coding
PROBE3344_at,GENE3344,15q,protein_coding
PROBE3345_at,GENE3345,18q,protein_coding
PROBE3346_at,GENE3346,19q,protein_coding
PROBE3347_at,GENE3347,20q,protein_coding
PROBE3348_at,GENE3348,21q,protein_coding
PROBE3349_at,GENE3349,2p,protein_coding
PROBE3350_at,GENE3350,3q,protein_coding
PROBE3351_at,GENE3351,4q,protein_coding
PROBE3352_at,GENE3352,7q,protein_coding
PROBE3353_at,GENE3353,9p,protein_coding
PROBE3354_at,GENE3354,10q,protein_coding
PROBE3355_at,GENE3355,12p,protein_coding
PROBE3356_at,GENE3356,15q,protein_coding
PROBE3357_at,GENE3357,18q,protein_coding
PROBE3358_at,GENE3358,19q,protein_coding
PROBE3359_at,GENE3359,20q,protein_coding
PROBE3360_at,GENE3360,21q,protein_coding
PROBE3361_at,GENE3361,2p,protein_coding
PROBE3362_at,GENE3362,3q,protein_coding
PROBE3363_at,GENE3363,4q,protein_coding
PROBE3364_at,GENE3364,7q,protein_coding
PROBE3365_at,GENE3365,9p,protein_coding
PROBE3366_at,GENE3366,10q,protein_coding
PROBE3367_at,GENE3367,12p,protein_coding
PROBE3368_at,GENE3368,15q,protein_coding
PROBE3369_at,GENE3369,18q,protein_coding
PROBE3370_at,GENE3370,19q,protein_coding
PROBE3371_at,GENE3371,20q,protein_coding
PROBE3372_at,GENE3372,21q,protein_coding
PROBE3373_at,GENE3373,2p,protein_coding
PROBE3374_at,GENE3374,3q,protein_coding
PROBE3375_at,GENE3375,4q,protein_coding
PROBE3376_at,GENE3376,7q,protein_coding
PROBE3377_at,GENE3377,9p,protein_coding
PROBE3378_at,GENE3378,10q,protein_coding
PROBE3379_at,GENE3379,12p,protein_coding
PROBE3380_at,GENE3380,15q,protein_coding
PROBE3381_at,GENE3381,18q,protein_coding
PROBE3382_at,GENE3382,19q,protein_coding
PROBE3383_at,GENE3383,20q,protein_coding
PROBE3384_at,GENE3384,21q,protein_coding
PROBE3385_at,GENE3385,2p,protein_coding
PROBE3386_at,GENE3386,3q,protein_coding
PROBE3387_at,GENE3387,4q,protein_coding
PROBE3388_at,GENE3388,7q,protein_coding
PROBE3389_at,GENE3389,9p,protein_coding
PROBE3390_at,GENE3390,10q,protein_coding
PROBE3391_at,GENE3391,12p,protein_coding
PROBE3392_at,GENE3392,15q,protein_coding
PROBE3393_at,GENE3393,18q,protein_coding
PROBE3394_at,GENE3394,19q,protein_coding
PROBE3395_at,GENE3395,20q,protein_coding
PROBE3396_at,GENE3396,21q,protein_coding
PROBE3397_at,GENE3397,2p,protein_coding
PROBE3398_at,GENE3398,3q,protein_coding
PROBE3399_at,GENE3399,4q,protein_coding
PROBE3400_at,GENE3400,7q,protein_coding
PROBE3401_at,GENE3401,9p,protein_coding
PROBE3402_at,GENE3402,10q,protein_coding
PROBE3403_at,GENE3403,12p,protein_coding
PROBE3404_at,GENE3404,15q,protein_coding
PROBE3405_at,GENE3405,18q,protein_coding
PROBE3406_at,GENE3406,19q,protein_coding
PROBE3407_at,GENE3407,20q,protein_coding
PROBE3408_at,GENE3408,21q,protein_coding
PROBE3409_at,GENE3409,2p,protein_coding
PROBE3410_at,GENE3410,3q,protein_coding
PROBE3411_at,GENE3411,4q,protein_coding
PROBE3412_at,GENE3412,7q,protein_coding
PROBE3413_at,GENE3413,9p,protein_coding
PROBE3414_at,GENE3414,10q,protein_coding
PROBE3415_at,GENE3415,12p,protein_coding
PROBE3416_at,GENE3416,15q,protein_coding
PROBE3417_at,GENE3417,18q,protein_coding
PROBE3418_at,GENE3418,19q,protein_coding
PROBE3419_at,GENE3419,20q,protein_coding
PROBE3420_at,GENE3420,21q,protein_coding
PROBE3421_at,GENE3421,2p,protein_coding
PROBE3422_at,GENE3422,3q,protein_coding
PROBE3423_at,GENE3423,4q,protein_coding
PROBE3424_at,GENE3424,7q,protein_coding
PROBE3425_at,GENE3425,9p,protein_coding
PROBE3426_at,GENE3426,10q,protein_coding
PROBE3427_at,GENE3427,12p,protein_coding
PROBE3428_at,GENE3428,15q,protein_coding
PROBE3429_at,GENE3429,18q,protein_coding
PROBE3430_at,GENE3430,19q,protein_coding
PROBE3431_at,GENE3431,20q,protein_coding
PROBE3432_at,GENE3432,21q,protein_coding
PROBE3433_at,GENE3433,2p,protein_coding
PROBE3434_at,GENE3434,3q,protein_coding
PROBE3435_at,GENE3435,4q,protein_coding
PROBE3436_at,GENE3436,7q,protein_coding
PROBE3437_at,GENE3437,9p,protein_coding
PROBE3438_at,GENE3438,10q,protein_coding
PROBE3439_at,GENE3439,12p,protein_coding
PROBE3440_at,GENE3440,15q,protein_coding
PROBE3441_at,GENE3441,18q,protein_coding
PROBE3442_at,GENE3442,19q,protein_coding
PROBE3443_at,GENE3443,20q,protein_coding
PROBE3444_at,GENE3444,21q,protein_coding
PROBE3445_at,GENE3445,2p,protein_coding
PROBE3446_at,GENE3446,3q,protein_coding
PROBE3447_at,GENE3447,4q,protein_coding
PROBE3448_at,GENE3448,7q,protein_coding
PROBE3449_at,GENE3449,9p,protein_coding
PROBE3450_at,GENE3450,10q,protein_coding
PROBE3451_at,GENE3451,12p,protein_coding
PROBE3452_at,GENE3452,15q,protein_coding
PROBE3453_at,GENE3453,18q,protein_coding
PROBE3454_at,GENE3454,19q,protein_coding
PROBE3455_at,GENE3455,20q,protein_coding
PROBE3456_at,GENE3456,21q,protein_coding
PROBE3457_at,GENE3457,2p,protein_coding
PROBE3458_at,GENE3458,3q,protein_coding
PROBE3459_at,GENE3459,4q,protein_coding
PROBE3460_at,GENE3460,7q,protein_coding
PROBE3461_at,GENE3461,9p,protein_coding
PROBE3462_at,GENE3462,10q,protein_coding
PROBE3463_at,GENE3463,12p,protein_coding
PROBE3464_at,GENE3464,15q,protein_coding
PROBE3465_at,GENE3465,18q,protein_coding
PROBE3466_at,GENE3466,19q,protein_coding
PROBE3467_at,GENE3467,20q,protein_coding
PROBE3468_at,GENE3468,21q,protein_coding
PROBE3469_at,GENE3469,2p,protein_coding
PROBE3470_at,GENE3470,3q,protein_coding
PROBE3471_at,GENE3471,4q,protein_coding
PROBE3472_at,GENE3472,7q,protein_coding
PROBE3473_at,GENE3473,9p,protein_coding
PROBE3474_at,GENE3474,10q,protein_coding
PROBE3475_at,GENE3475,12p,protein_coding
PROBE3476_at,GENE3476,15q,protein_coding
PROBE3477_at,GENE3477,18q,protein_coding
PROBE3478_at,GENE3478,19q,protein_coding
PROBE3479_at,GENE3479,20q,protein_coding
PROBE3480_at,GENE3480,21q,protein_coding
PROBE3481_at,GENE3481,2p,protein_coding
PROBE3482_at,GENE3482,3q,protein_coding
PROBE3483_at,GENE3483,4q,protein_coding
PROBE3484_at,GENE3484,7q,protein_coding
PROBE3485_at,GENE3485,9p,protein_coding
PROBE3486_at,GENE3486,10q,protein_coding
PROBE3487_at,GENE3487,12p,protein_coding
PROBE3488_at,GENE3488,15q,protein_coding
PROBE3489_at,GENE3489,18q,protein_coding
PROBE3490_at,GENE3490,19q,protein_coding
PROBE3491_at,GENE3491,20q,protein_coding
PROBE3492_at,GENE3492,21q,protein_coding
PROBE3493_at,GENE3493,2p,protein_coding
PROBE3494_at,GENE3494,3q,protein_coding
PROBE3495_at,GENE3495,4q,protein_coding
PROBE3496_at,GENE3496,7q,protein_coding
PROBE3497_at,GENE3497,9p,protein_coding
PROBE3498_at,GENE3498,10q,protein_coding
PROBE3499_at,GENE3499,12p,protein_coding
PROBE3500_at,GENE3500,15q,protein_coding
PROBE3501_at,GENE3501,18q,protein_coding
PROBE3502_at,GENE3502,19q,protein_coding
PROBE3503_at,GENE3503,20q,protein_coding
PROBE3504_at,GENE3504,21q,protein_coding
PROBE3505_at,GENE3505,2p,protein_coding
PROBE3506_at,GENE3506,3q,protein_coding
PROBE3507_at,GENE3507,4q,protein_coding
PROBE3508_at,GENE3508,7q,protein_coding
PROBE3509_at,GENE3509,9p,protein_coding
PROBE3510_at,GENE3510,10q,protein_coding
PROBE3511_at,GENE3511,12p,protein_coding
PROBE3512_at,GENE3512,15q,protein_coding
PROBE3513_at,GENE3513,18q,protein_coding
PROBE3514_at,GENE3514,19q,protein_coding
PROBE3515_at,GENE3515,20q,protein_coding
PROBE3516_at,GENE3516,21q,protein_coding
PROBE3517_at,GENE3517,2p,protein_coding
PROBE3518_at,GENE3518,3q,protein_coding
PROBE3519_at,GENE3519,4q,protein_coding
PROBE3520_at,GENE3520,7q,protein_coding
PROBE3521_at,GENE3521,9p,protein_coding
PROBE3522_at,GENE3522,10q,protein_coding
PROBE3523_at,GENE3523,12p,protein_coding
PROBE3524_at,GENE3524,15q,protein_coding
PROBE3525_at,GENE3525,18q,protein_coding
PROBE3526_at,GENE3526,19q,protein_coding
PROBE3527_at,GENE3527,20q,protein_coding
PROBE3528_at,GENE3528,21q,protein_coding
PROBE3529_at,GENE3529,2p,protein_coding
PROBE3530_at,GENE3530,3q,protein_coding
PROBE3531_at,GENE3531,4q,protein_coding
PROBE3532_at,GENE3532,7q,protein_coding
PROBE3533_at,GENE3533,9p,protein_coding
PROBE3534_at,GENE3534,10q,protein_coding
PROBE3535_at,GENE3535,12p,protein_coding
PROBE3536_at,GENE3536,15q,protein_coding
PROBE3537_at,GENE3537,18q,protein_coding
PROBE3538_at,GENE3538,19q,protein_coding
PROBE3539_at,GENE3539,20q,protein_coding
PROBE3540_at,GENE3540,21q,protein_coding
PROBE3541_at,GENE3541,2p,protein_coding
PROBE3542_at,GENE3542,3q,protein_coding
PROBE3543_at,GENE3543,4q,protein_coding
PROBE3544_at,GENE3544,7q,protein_coding
PROBE3545_at,GENE3545,9p,protein_coding
PROBE3546_at,GENE3546,10q,protein_coding
PROBE3547_at,GENE3547,12p,protein_coding
PROBE3548_at,GENE3548,15q,protein_coding
PROBE3549_at,GENE3549,18q,protein_coding
PROBE3550_at,GENE3550,19q,protein_coding
PROBE3551_at,GENE3551,20q,protein_coding
PROBE3552_at,GENE3552,21q,protein_coding
PROBE3553_at,GENE3553,2p,protein_coding
PROBE3554_at,GENE3554,3q,protein_coding
PROBE3555_at,GENE3555,4q,protein_coding
PROBE3556_at,GENE3556,7q,protein_coding
PROBE3557_at,GENE3557,9p,protein_coding
PROBE3558_at,GENE3558,10q,protein_coding
PROBE3559_at,GENE3559,12p,protein_coding
PROBE3560_at,GENE3560,15q,protein_coding
PROBE3561_at,GENE3561,18q,protein_coding
PROBE3562_at,GENE3562,19q,protein_coding
PROBE3563_at,GENE3563,20q,protein_coding
PROBE3564_at,GENE3564,21q,protein_coding
PROBE3565_at,GENE3565,2p,protein_coding
PROBE3566_at,GENE3566,3q,protein_coding
PROBE3567_at,GENE3567,4q,protein_coding
PROBE3568_at,GENE3568,7q,protein_coding
PROBE3569_at,GENE3569,9p,protein_coding
PROBE3570_at,GENE3570,10q,protein_coding
PROBE3571_at,GENE3571,12p,protein_coding
PROBE3572_at,GENE3572,15q,protein_coding
PROBE3573_at,GENE3573,18q,protein_coding
PROBE3574_at,GENE3574,19q,protein_coding
PROBE3575_at,GENE3575,20q,protein_coding
PROBE3576_at,GENE3576,21q,protein_coding
PROBE3577_at,GENE3577,2p,protein_coding
PROBE3578_at,GENE3578,3q,protein_coding
PROBE3579_at,GENE3579,4q,protein_coding
PROBE3580_at,GENE3580,7q,protein_coding
PROBE3581_at,GENE3581,9p,protein_coding
PROBE3582_at,GENE3582,10q,protein_coding
PROBE3583_at,GENE3583,12p,protein_coding
PROBE3584_at,GENE3584,15q,protein_coding
PROBE3585_at,GENE3585,18q,protein_coding
PROBE3586_at,GENE3586,19q,protein_coding
PROBE3587_at,GENE3587,20q,protein_coding
PROBE3588_at,GENE3588,21q,protein_coding
PROBE3589_at,GENE3589,2p,protein_coding
PROBE3590_at,GENE3590,3q,protein_coding
PROBE3591_at,GENE3591,4q,protein_coding
PROBE3592_at,GENE3592,7q,protein_coding
PROBE3593_at,GENE3593,9p,protein_coding
PROBE3594_at,GENE3594,10q,protein_coding
PROBE3595_at,GENE3595,12p,protein_coding
PROBE3596_at,GENE3596,15q,protein_coding
PROBE3597_at,GENE3597,18q,protein_coding
PROBE3598_at,GENE3598,19q,protein_coding
PROBE3599_at,GENE3599,20q,protein_coding
PROBE3600_at,GENE3600,21q,protein_coding
PROBE3601_at,GENE3601,2p,protein_coding
PROBE3602_at,GENE3602,3q,protein_coding
PROBE3603_at,GENE3603,4q,protein_coding
PROBE3604_at,GENE3604,7q,protein_coding
PROBE3605_at,GENE3605,9p,protein_coding
PROBE3606_at,GENE3606,10q,protein_coding
PROBE3607_at,GENE3607,12p,protein_coding
PROBE3608_at,GENE3608,15q,protein_coding
PROBE3609_at,GENE3609,18q,protein_coding
PROBE3610_at,GENE3610,19q,protein_coding
PROBE3611_at,GENE3611,20q,protein_coding
PROBE3612_at,GENE3612,21q,protein_coding
PROBE3613_at,GENE3613,2p,protein_coding
PROBE3614_at,GENE3614,3q,protein_coding
PROBE3615_at,GENE3615,4q,protein_coding
PROBE3616_at,GENE3616,7q,protein_coding
PROBE3617_at,GENE3617,9p,protein_coding
PROBE3618_at,GENE3618,10q,protein_coding
PROBE3619_at,GENE3619,12p,protein_coding
PROBE3620_at,GENE3620,15q,protein_coding
PROBE3621_at,GENE3621,18q,protein_coding
PROBE3622_at,GENE3622,19q,protein_coding
PROBE3623_at,GENE3623,20q,protein_coding
PROBE3624_at,GENE3624,21q,protein_coding
PROBE3625_at,GENE3625,2p,protein_coding
PROBE3626_at,GENE3626,3q,protein_coding
PROBE3627_at,GENE3627,4q,protein_coding
PROBE3628_at,GENE3628,7q,protein_coding
PROBE3629_at,GENE3629,9p,protein_coding
PROBE3630_at,GENE3630,10q,protein_coding
PROBE3631_at,GENE3631,12p,protein_coding
PROBE3632_at,GENE3632,15q,protein_coding
PROBE3633_at,GENE3633,18q,protein_coding
PROBE3634_at,GENE3634,19q,protein_coding
PROBE3635_at,GENE3635,20q,protein_coding
PROBE3636_at,GENE3636,21q,protein_coding
PROBE3637_at,GENE3637,2p,protein_coding
PROBE3638_at,GENE3638,3q,protein_coding
PROBE3639_at,GENE3639,4q,protein_coding
PROBE3640_at,GENE3640,7q,protein_coding
PROBE3641_at,GENE3641,9p,protein_coding
PROBE3642_at,GENE3642,10q,protein_coding
PROBE3643_at,GENE3643,12p,protein_coding
PROBE3644_at,GENE3644,15q,protein_coding
PROBE3645_at,GENE3645,18q,protein_coding
PROBE3646_at,GENE3646,19q,protein_coding
PROBE3647_at,GENE3647,20q,protein_coding
PROBE3648_at,GENE3648,21q,protein_coding
PROBE3649_at,GENE3649,2p,protein_coding
PROBE3650_at,GENE3650,3q,protein_coding
PROBE3651_at,GENE3651,4q,protein_coding
PROBE3652_at,GENE3652,7q,protein_coding
PROBE3653_at,GENE3653,9p,protein_coding
PROBE3654_at,GENE3654,10q,protein_coding
PROBE3655_at,GENE3655,12p,protein_coding
PROBE3656_at,GENE3656,15q,protein_coding
PROBE3657_at,GENE3657,18q,protein_coding
PROBE3658_at,GENE3658,19q,protein_coding
PROBE3659_at,GENE3659,20q,protein_coding
PROBE3660_at,GENE3660,21q,protein_coding
PROBE3661_at,GENE3661,2p,protein_coding
PROBE3662_at,GENE3662,3q,protein_coding
PROBE3663_at,GENE3663,4q,protein_coding
PROBE3664_at,GENE3664,7q,protein_coding
PROBE3665_at,GENE3665,9p,protein_coding
PROBE3666_at,GENE3666,10q,protein_coding
PROBE3667_at,GENE3667,12p,protein_coding
PROBE3668_at,GENE3668,15q,protein_coding
PROBE3669_at,GENE3669,18q,protein_coding
PROBE3670_at,GENE3670,19q,protein_coding
PROBE3671_at,GENE3671,20q,protein_coding
PROBE3672_at,GENE3672,21q,protein_coding
PROBE3673_at,GENE3673,2p,protein_coding
PROBE3674_at,GENE3674,3q,protein_coding
PROBE3675_at,GENE3675,4q,protein_coding
PROBE3676_at,GENE3676,7q,protein_coding
PROBE3677_at,GENE3677,9p,protein_coding
PROBE3678_at,GENE3678,10q,protein_coding
PROBE3679_at,GENE3679,12p,protein_coding
PROBE3680_at,GENE3680,15q,protein_coding
PROBE3681_at,GENE3681,18q,protein_coding
PROBE3682_at,GENE3682,19q,protein_coding
PROBE3683_at,GENE3683,20q,protein_coding
PROBE3684_at,GENE3684,21q,protein_coding
PROBE3685_at,GENE3685,2p,protein_coding
PROBE3686_at,GENE3686,3q,protein_coding
PROBE3687_at,GENE3687,4q,protein_coding
PROBE3688_at,GENE3688,7q,protein_coding
PROBE3689_at,GENE3689,9p,protein_coding
PROBE3690_at,GENE3690,10q,protein_coding
PROBE3691_at,GENE3691,12p,protein_coding
PROBE3692_at,GENE3692,15q,protein_coding
PROBE3693_at,GENE3693,18q,protein_coding
PROBE3694_at,GENE3694,19q,protein_coding
PROBE3695_at,GENE3695,20q,protein_coding
PROBE3696_at,GENE3696,21q,protein_coding
PROBE3697_at,GENE3697,2p,protein_coding
PROBE3698_at,GENE3698,3q,protein_coding
PROBE3699_at,GENE3699,4q,protein_coding
PROBE3700_at,GENE3700,7q,protein_coding
PROBE3701_at,GENE3701,9p,protein_coding
PROBE3702_at,GENE3702,10q,protein_coding
PROBE3703_at,GENE3703,12p,protein_coding
PROBE3704_at,GENE3704,15q,protein_coding
PROBE3705_at,GENE3705,18q,protein_coding
PROBE3706_at,GENE3706,19q,protein_coding
PROBE3707_at,GENE3707,20q,protein_coding
PROBE3708_at,GENE3708,21q,protein_coding
PROBE3709_at,GENE3709,2p,protein_coding
PROBE3710_at,GENE3710,3q,protein_coding
PROBE3711_at,GENE3711,4q,protein_coding
PROBE3712_at,GENE3712,7q,protein_coding
PROBE3713_at,GENE3713,9p,protein_coding
PROBE3714_at,GENE3714,10q,protein_coding
PROBE3715_at,GENE3715,12p,protein_coding
PROBE3716_at,GENE3716,15q,protein_coding
PROBE3717_at,GENE3717,18q,protein_coding
PROBE3718_at,GENE3718,19q,protein_coding
PROBE3719_at,GENE3719,20q,protein_coding
PROBE3720_at,GENE3720,21q,protein_coding
PROBE3721_at,GENE3721,2p,protein_coding
PROBE3722_at,GENE3722,3q,protein_coding
PROBE3723_at,GENE3723,4q,protein_coding
PROBE3724_at,GENE3724,7q,protein_coding
PROBE3725_at,GENE3725,9p,protein_coding
PROBE3726_at,GENE3726,10q,protein_coding
PROBE3727_at,GENE3727,12p,protein_coding
PROBE3728_at,GENE3728,15q,protein_coding
PROBE3729_at,GENE3729,18q,protein_coding
PROBE3730_at,GENE3730,19q,protein_coding
PROBE3731_at,GENE3731,20q,protein_coding
PROBE3732_at,GENE3732,21q,protein_coding
PROBE3733_at,GENE3733,2p,protein_coding
PROBE3734_at,GENE3734,3q,protein_coding
PROBE3735_at,GENE3735,4q,protein_coding
PROBE3736_at,GENE3736,7q,protein_coding
PROBE3737_at,GENE3737,9p,protein_coding
PROBE3738_at,GENE3738,10q,protein_coding
PROBE3739_at,GENE3739,12p,protein_coding
PROBE3740_at,GENE3740,15q,protein_coding
PROBE3741_at,GENE3741,18q,protein_coding
PROBE3742_at,GENE3742,19q,protein_coding
PROBE3743_at,GENE3743,20q,protein_coding
PROBE3744_at,GENE3744,21q,protein_coding
PROBE3745_at,GENE3745,2p,protein_coding
PROBE3746_at,GENE3746,3q,protein_coding
PROBE3747_at,GENE3747,4q,protein_coding
PROBE3748_at,GENE3748,7q,protein_coding
PROBE3749_at,GENE3749,9p,protein_coding
PROBE3750_at,GENE3750,10q,protein_coding
PROBE3751_at,GENE3751,12p,protein_coding
PROBE3752_at,GENE3752,15q,protein_coding
PROBE3753_at,GENE3753,18q,protein_coding
PROBE3754_at,GENE3754,19q,protein_coding
PROBE3755_at,GENE3755,20q,protein_coding
PROBE3756_at,GENE3756,21q,protein_coding
PROBE3757_at,GENE3757,2p,protein_coding
PROBE3758_at,GENE3758,3q,protein_coding
PROBE3759_at,GENE3759,4q,protein_coding
PROBE3760_at,GENE3760,7q,protein_coding
PROBE3761_at,GENE3761,9p,protein_coding
PROBE3762_at,GENE3762,10q,protein_coding
PROBE3763_at,GENE3763,12p,protein_coding
PROBE3764_at,GENE3764,15q,protein_coding
PROBE3765_at,GENE3765,18q,protein_coding
PROBE3766_at,GENE3766,19q,protein_coding
PROBE3767_at,GENE3767,20q,protein_coding
PROBE3768_at,GENE3768,21q,protein_coding
PROBE3769_at,GENE3769,2p,protein_coding
PROBE3770_at,GENE3770,3q,protein_coding
PROBE3771_at,GENE3771,4q,protein_coding
PROBE3772_at,GENE3772,7q,protein_coding
PROBE3773_at,GENE3773,9p,protein_coding
PROBE3774_at,GENE3774,10q,protein_coding
PROBE3775_at,GENE3775,12p,protein_coding
PROBE3776_at,GENE3776,15q,protein_coding
PROBE3777_at,GENE3777,18q,protein_coding
PROBE3778_at,GENE3778,19q,protein_coding
PROBE3779_at,GENE3779,20q,protein_coding
PROBE3780_at,GENE3780,21q,protein_coding
PROBE3781_at,GENE3781,2p,protein_coding
PROBE3782_at,GENE3782,3q,protein_coding
PROBE3783_at,GENE3783,4q,protein_coding
PROBE3784_at,GENE3784,7q,protein_coding
PROBE3785_at,GENE3785,9p,protein_coding
PROBE3786_at,GENE3786,10q,protein_coding
PROBE3787_at,GENE3787,12p,protein_coding
PROBE3788_at,GENE3788,15q,protein_coding
PROBE3789_at,GENE3789,18q,protein_coding
PROBE3790_at,GENE3790,19q,protein_coding
PROBE3791_at,GENE3791,20q,protein_coding
PROBE3792_at,GENE3792,21q,protein_coding
PROBE3793_at,GENE3793,2p,protein_coding
PROBE3794_at,GENE3794,3q,protein_coding
PROBE3795_at,GENE3795,4q,protein_coding
PROBE3796_at,GENE3796,7q,protein_coding
PROBE3797_at,GENE3797,9p,protein_coding
PROBE3798_at,GENE3798,10q,protein_coding
PROBE3799_at,GENE3799,12p,protein_coding
PROBE3800_at,GENE3800,15q,protein_coding
PROBE3801_at,GENE3801,18q,protein_coding
PROBE3802_at,GENE3802,19q,protein_coding
PROBE3803_at,GENE3803,20q,protein_coding
PROBE3804_at,GENE3804,21q,protein_coding
PROBE3805_at,GENE3805,2p,protein_coding
PROBE3806_at,GENE3806,3q,protein_coding
PROBE3807_at,GENE3807,4q,protein_coding
PROBE3808_at,GENE3808,7q,protein_coding
PROBE3809_at,GENE3809,9p,protein_coding
PROBE3810_at,GENE3810,10q,protein_coding
PROBE3811_at,GENE3811,12p,protein_coding
PROBE3812_at,GENE3812,15q,protein_coding
PROBE3813_at,GENE3813,18q,protein_coding
PROBE3814_at,GENE3814,19q,protein_coding
PROBE3815_at,GENE3815,20q,protein_coding
PROBE3816_at,GENE3816,21q,protein_coding
PROBE3817_at,GENE3817,2p,protein_coding
PROBE3818_at,GENE3818,3q,protein_coding
PROBE3819_at,GENE3819,4q,protein_coding
PROBE3820_at,GENE3820,7q,protein_coding
PROBE3821_at,GENE3821,9p,protein_coding
PROBE3822_at,GENE3822,10q,protein_coding
PROBE3823_at,GENE3823,12p,protein_coding
PROBE3824_at,GENE3824,15q,protein_coding
PROBE3825_at,GENE3825,18q,protein_coding
PROBE3826_at,GENE3826,19q,protein_coding
PROBE3827_at,GENE3827,20q,protein_coding
PROBE3828_at,GENE3828,21q,protein_coding
PROBE3829_at,GENE3829,2p,protein_coding
PROBE3830_at,GENE3830,3q,protein_coding
PROBE3831_at,GENE3831,4q,protein_coding
PROBE3832_at,GENE3832,7q,protein_coding
PROBE3833_at,GENE3833,9p,protein_coding
PROBE3834_at,GENE3834,10q,protein_coding
PROBE3835_at,GENE3835,12p,protein_coding
PROBE3836_at,GENE3836,15q,protein_coding
PROBE3837_at,GENE3837,18q,protein_coding
PROBE3838_at,GENE3838,19q,protein_coding
PROBE3839_at,GENE3839,20q,protein_coding
PROBE3840_at,GENE3840,21q,protein_coding
PROBE3841_at,GENE3841,2p,protein_coding
PROBE3842_at,GENE3842,3q,protein_coding
PROBE3843_at,GENE3843,4q,protein_coding
PROBE3844_at,GENE3844,7q,protein_coding
PROBE3845_at,GENE3845,9p,protein_coding
PROBE3846_at,GENE3846,10q,protein_coding
PROBE3847_at,GENE3847,12p,protein_coding
PROBE3848_at,GENE3848,15q,protein_coding
PROBE3849_at,GENE3849,18q,protein_coding
PROBE3850_at,GENE3850,19q,protein_coding
PROBE3851_at,GENE3851,20q,protein_coding
PROBE3852_at,GENE3852,21q,protein_coding
PROBE3853_at,GENE3853,2p,protein_coding
PROBE3854_at,GENE3854,3q,protein_coding
PROBE3855_at,GENE3855,4q,protein_coding
PROBE3856_at,GENE3856,7q,protein_coding
PROBE3857_at,GENE3857,9p,protein_coding
PROBE3858_at,GENE3858,10q,protein_coding
PROBE3859_at,GENE3859,12p,protein_coding
PROBE3860_at,GENE3860,15q,protein_coding
PROBE3861_at,GENE3861,18q,protein_coding
PROBE3862_at,GENE3862,19q,protein_coding
PROBE3863_at,GENE3863,20q,protein_coding
PROBE3864_at,GENE3864,21q,protein_coding
PROBE3865_at,GENE3865,2p,protein_coding
PROBE3866_at,GENE3866,3q,protein_coding
PROBE3867_at,GENE3867,4q,protein_coding
PROBE3868_at,GENE3868,7q,protein_coding
PROBE3869_at,GENE3869,9p,protein_coding
PROBE3870_at,GENE3870,10q,protein_coding
PROBE3871_at,GENE3871,12p,protein_coding
PROBE3872_at,GENE3872,15q,protein_coding
PROBE3873_at,GENE3873,18q,protein_coding
PROBE3874_at,GENE3874,19q,protein_coding
PROBE3875_at,GENE3875,20q,protein_coding
PROBE3876_at,GENE3876,21q,protein_coding
PROBE3877_at,GENE3877,2p,protein_coding
PROBE3878_at,GENE3878,3q,protein_coding
PROBE3879_at,GENE3879,4q,protein_coding
PROBE3880_at,GENE3880,7q,protein_coding
PROBE3881_at,GENE3881,9p,protein_coding
PROBE3882_at,GENE3882,10q,protein_coding
PROBE3883_at,GENE3883,12p,protein_coding
PROBE3884_at,GENE3884,15q,protein_coding
PROBE3885_at,GENE3885,18q,protein_coding
PROBE3886_at,GENE3886,19q,protein_coding
PROBE3887_at,GENE3887,20q,protein_coding
PROBE3888_at,GENE3888,21q,protein_coding
PROBE3889_at,GENE3889,2p,protein_coding
PROBE3890_at,GENE3890,3q,protein_coding
PROBE3891_at,GENE3891,4q,protein_coding
PROBE3892_at,GENE3892,7q,protein_coding
PROBE3893_at,GENE3893,9p,protein_coding
PROBE3894_at,GENE3894,10q,protein_coding
PROBE3895_at,GENE3895,12p,protein_coding
PROBE3896_at,GENE3896,15q,protein_coding
PROBE3897_at,GENE3897,18q,protein_coding
PROBE3898_at,GENE3898,19q,protein_coding
PROBE3899_at,GENE3899,20q,protein_coding
PROBE3900_at,GENE3900,21q,protein_coding
PROBE3901_at,GENE3901,2p,protein_coding
PROBE3902_at,GENE3902,3q,protein_coding
PROBE3903_at,GENE3903,4q,protein_coding
PROBE3904_at,GENE3904,7q,protein_coding
PROBE3905_at,GENE3905,9p,protein_coding
PROBE3906_at,GENE3906,10q,protein_coding
PROBE3907_at,GENE3907,12p,protein_coding
PROBE3908_at,GENE3908,15q,protein_coding
PROBE3909_at,GENE3909,18q,protein_coding
PROBE3910_at,GENE3910,19q,protein_coding
PROBE3911_at,GENE3911,20q,protein_coding
PROBE3912_at,GENE3912,21q,protein_coding
PROBE3913_at,GENE3913,2p,protein_coding
PROBE3914_at,GENE3914,3q,protein_coding
PROBE3915_at,GENE3915,4q,protein_coding
PROBE3916_at,GENE3916,7q,protein_coding
PROBE3917_at,GENE3917,9p,protein_coding
PROBE3918_at,GENE3918,10q,protein_coding
PROBE3919_at,GENE3919,12p,protein_coding
PROBE3920_at,GENE3920,15q,protein_coding
PROBE3921_at,GENE3921,18q,protein_coding
PROBE3922_at,GENE3922,19q,protein_coding
PROBE3923_at,GENE3923,20q,protein_coding
PROBE3924_at,GENE3924,21q,protein_coding
PROBE3925_at,GENE3925,2p,protein_coding
PROBE3926_at,GENE3926,3q,protein_coding
PROBE3927_at,GENE3927,4q,protein_coding
PROBE3928_at,GENE3928,7q,protein_coding
PROBE3929_at,GENE3929,9p,protein_coding
PROBE3930_at,GENE3930,10q,protein_coding
PROBE3931_at,GENE3931,12p,protein_coding
PROBE3932_at,GENE3932,15q,protein_coding
PROBE3933_at,GENE3933,18q,protein_coding
PROBE3934_at,GENE3934,19q,protein_coding
PROBE3935_at,GENE3935,20q,protein_coding
PROBE3936_at,GENE3936,21q,protein_coding
PROBE3937_at,GENE3937,2p,protein_coding
PROBE3938_at,GENE3938,3q,protein_coding
PROBE3939_at,GENE3939,4q,protein_coding
PROBE3940_at,GENE3940,7q,protein_coding
PROBE3941_at,GENE3941,9p,protein_coding
PROBE3942_at,GENE3942,10q,protein_coding
PROBE3943_at,GENE3943,12p,protein_coding
PROBE3944_at,GENE3944,15q,protein_coding
PROBE3945_at,GENE3945,18q,protein_coding
PROBE3946_at,GENE3946,19q,protein_coding
PROBE3947_at,GENE3947,20q,protein_coding
PROBE3948_at,GENE3948,21q,protein_coding
PROBE3949_at,GENE3949,2p,protein_coding
PROBE3950_at,GENE3950,3q,protein_coding
PROBE3951_at,GENE3951,4q,protein_coding
PROBE3952_at,GENE3952,7q,protein_coding
PROBE3953_at,GENE3953,9p,protein_coding
PROBE3954_at,GENE3954,10q,protein_coding
PROBE3955_at,GENE3955,12p,protein_coding
PROBE3956_at,GENE3956,15q,protein_coding
PROBE3957_at,GENE3957,18q,protein_coding
PROBE3958_at,GENE3958,19q,protein_coding
PROBE3959_at,GENE3959,20q,protein_coding
PROBE3960_at,GENE3960,21q,protein_coding
PROBE3961_at,GENE3961,2p,protein_coding
PROBE3962_at,GENE3962,3q,protein_coding
PROBE3963_at,GENE3963,4q,protein_coding
PROBE3964_at,GENE3964,7q,protein_coding
PROBE3965_at,GENE3965,9p,protein_coding
PROBE3966_at,GENE3966,10q,protein_coding
PROBE3967_at,GENE3967,12p,protein_coding
PROBE3968_at,GENE3968,15q,protein_coding
PROBE3969_at,GENE3969,18q,protein_coding
PROBE3970_at,GENE3970,19q,protein_coding
PROBE3971_at,GENE3971,20q,protein_coding
PROBE3972_at,GENE3972,21q,protein_coding
PROBE3973_at,GENE3973,2p,protein_coding
PROBE3974_at,GENE3974,3q,protein_coding
PROBE3975_at,GENE3975,4q,protein_coding
PROBE3976_at,GENE3976,7q,protein_coding
PROBE3977_at,GENE3977,9p,protein_coding
PROBE3978_at,GENE3978,10q,protein_coding
PROBE3979_at,GENE3979,12p,protein_coding
PROBE3980_at,GENE3980,15q,protein_coding
PROBE3981_at,GENE3981,18q,protein_coding
PROBE3982_at,GENE3982,19q,protein_coding
PROBE3983_at,GENE3983,20q,protein_coding
PROBE3984_at,GENE3984,21q,protein_coding
PROBE3985_at,GENE3985,2p,protein_coding
PROBE3986_at,GENE3986,3q,protein_coding
PROBE3987_at,GENE3987,4q,protein_coding
PROBE3988_at,GENE3988,7q,protein_coding
PROBE3989_at,GENE3989,9p,protein_coding
PROBE3990_at,GENE3990,10q,protein_coding
PROBE3991_at,GENE3991,12p,protein_coding
PROBE3992_at,GENE3992,15q,protein_coding
PROBE3993_at,GENE3993,18q,protein_coding
PROBE3994_at,GENE3994,19q,protein_coding
PROBE3995_at,GENE3995,20q,protein_coding
PROBE3996_at,GENE3996,21q,protein_coding
PROBE3997_at,GENE3997,2p,protein_coding
PROBE3998_at,GENE3998,3q,protein_coding
PROBE3999_at,GENE3999,4q,protein_coding
PROBE4000_at,GENE4000,7q,protein_coding
