"Probe_ID","GENE","CHR_ARM","LOCUS_TYPE","PC_ME_Other","beta","HR","HR_lower95","HR_upper95","p_value","FDR","neg_log10_FDR","is_IG","is_1q","Probe_Class"
"PROBE0001_at","GEP1Q01","1q","protein_coding",1,0.252144538698624,1.28678201364179,1.05951665072311,1.56279559127452,0.0109891246118409,0.208142369171109,0.681639506408854,FALSE,TRUE,"Chromosome 1q"
"PROBE0002_at","GEP1Q02","1q","protein_coding",1,0.35858123261638,1.43129729543002,1.17830590861162,1.73860788860775,0.000302283681435193,0.0167779610496255,1.77526081816167,FALSE,TRUE,"Chromosome 1q"
"PROBE0003_at","GEP1Q03","1q","protein_coding",1,0.280291386431159,1.32351541058773,1.08856272170541,1.60917970745765,0.00493890442778144,0.124249167994502,0.905706510736334,FALSE,TRUE,"Chromosome 1q"
"PROBE0004_at","GEP1Q04","1q","protein_coding",1,0.389660311838549,1.47647916619559,1.23247766582967,1.76878720698123,2.35775209823827e-05,0.00314366946431769,2.5025631233735,FALSE,TRUE,"Chromosome 1q"
"PROBE0005_at","GEP1Q05","1q","protein_coding",1,0.368279978180578,1.44524661985344,1.19501539523099,1.74787521611305,0.000146686589999943,0.0106681156363595,1.97191228544929,FALSE,TRUE,"Chromosome 1q"
"PROBE0006_at","GEP1Q06","1q","protein_coding",1,0.235983624188753,1.26615357570514,1.05245203872775,1.52324744337887,0.0123498805196325,0.226603312286835,0.644733746293533,FALSE,TRUE,"Chromosome 1q"
"PROBE0007_at","GEP1Q07","1q","protein_coding",1,0.281276156930627,1.3248194114851,1.09046346554821,1.60954174853107,0.00462755376584749,0.11865522476532,0.925713133664177,FALSE,TRUE,"Chromosome 1q"
"PROBE0008_at","GEP1Q08","1q","protein_coding",1,0.299958373620203,1.34980261901008,1.11160061342638,1.63904831310812,0.0024618231165633,0.0763356005135905,1.1172728735686,FALSE,TRUE,"Chromosome 1q"
"PROBE0009_at","GEP1Q09","1q","protein_coding",1,0.299066066239918,1.34859871737624,1.12204121497838,1.6209016890203,0.00143711516508335,0.0511760375021649,1.29093334403629,FALSE,TRUE,"Chromosome 1q"
"PROBE0010_at","GEP1Q10","1q","protein_coding",1,0.308415994223292,1.36126715043997,1.11444345449,1.66275664090553,0.00251524150110205,0.0769427314075932,1.11383240063656,FALSE,TRUE,"Chromosome 1q"
"PROBE0011_at","GEP1Q11","1q","protein_coding",1,0.119137323100306,1.12652460551845,0.929190453658836,1.36576703068932,0.225315129592426,0.875325692112246,0.0578303241558113,FALSE,TRUE,"Chromosome 1q"
"PROBE0012_at","GEP1Q12","1q","protein_coding",1,0.302390354754104,1.35308930847745,1.11804310612575,1.63754927398127,0.00189579497000052,0.0626709080991908,1.20293401234311,FALSE,TRUE,"Chromosome 1q"
"PROBE0013_at","GEP1Q13","1q","protein_coding",1,0.309059633116748,1.36214359694965,1.1261930094412,1.6475285880451,0.00145002603849961,0.0511760375021649,1.29093334403629,FALSE,TRUE,"Chromosome 1q"
"PROBE0014_at","GEP1Q14","1q","protein_coding",1,0.009937655574805,1.00998719804999,0.836443326168774,1.21953766419201,0.917717014309111,0.996817263779867,0.00138444911647886,FALSE,TRUE,"Chromosome 1q"
"PROBE0015_at","GEP1Q15","1q","protein_coding",1,0.292094587000031,1.33922968536693,1.11190645187439,1.61302791898056,0.00208658734544319,0.066770795054182,1.17541345249816,FALSE,TRUE,"Chromosome 1q"
"PROBE0016_at","GEP1Q16","1q","protein_coding",1,0.366006012008009,1.44196391172704,1.20059618707822,1.73185617704089,9.00397238765011e-05,0.00721901855107213,2.14152184215703,FALSE,TRUE,"Chromosome 1q"
"PROBE0017_at","GEP1Q17","1q","protein_coding",1,0.238412832740495,1.26923306564636,1.05551465857732,1.52622473012491,0.0112680438391468,0.210617641853211,0.676505254049833,FALSE,TRUE,"Chromosome 1q"
"PROBE0018_at","GEP1Q18","1q","protein_coding",1,0.2762560344823,1.31818532172148,1.09681950387136,1.58422834045971,0.00322733603729509,0.0902751339103521,1.04443185868642,FALSE,TRUE,"Chromosome 1q"
"PROBE0019_at","GEP1Q19","1q","protein_coding",1,0.359548583086947,1.43268253143861,1.18852930553352,1.72699085023231,0.000162040606628892,0.0113270454149918,1.94588335821275,FALSE,TRUE,"Chromosome 1q"
"PROBE0020_at","GEP1Q20","1q","protein_coding",1,0.261482122358728,1.29885372092346,1.07851648061852,1.56420510828841,0.00583523740670957,0.138478596759148,0.858617345933114,FALSE,TRUE,"Chromosome 1q"
"PROBE0021_at","GEP1Q21","1q","protein_coding",1,0.326188563692145,1.38567663254154,1.15449728563631,1.6631478946383,0.000460638487422764,0.0221994451770007,1.65365787958441,FALSE,TRUE,"Chromosome 1q"
"PROBE0022_at","GEP1Q22","1q","protein_coding",1,0.279850620715274,1.32293217891401,1.09378044029745,1.60009219906165,0.00393119987407182,0.106248645245184,0.97367659884275,FALSE,TRUE,"Chromosome 1q"
"PROBE0023_at","GEP1Q23","1q","protein_coding",1,0.321493996540799,1.37918672611003,1.14134134188856,1.66659697293592,0.000872065645533902,0.0352349755771273,1.45302602519474,FALSE,TRUE,"Chromosome 1q"
"PROBE0024_at","GEP1Q24","1q","protein_coding",1,0.270050377883089,1.31003044563152,1.08312315754662,1.5844733413039,0.00538957439942203,0.131453034132245,0.881229385277027,FALSE,TRUE,"Chromosome 1q"
"PROBE0025_at","GEP1Q25","1q","protein_coding",1,0.397284953192338,1.48777981726286,1.22015380467523,1.81410636607724,8.61769710010761e-05,0.00721901855107213,2.14152184215703,FALSE,TRUE,"Chromosome 1q"
"PROBE0026_at","GEP1Q26","1q","protein_coding",1,0.222178882909986,1.24879474592345,1.04230033588408,1.49619861354381,0.0159868752876647,0.257852827220398,0.58862810242098,FALSE,TRUE,"Chromosome 1q"
"PROBE0027_at","GEP1Q27","1q","protein_coding",1,0.268203224865366,1.30761285246023,1.09194166165251,1.56588161434515,0.00354096900452651,0.0970128494390826,1.01317073922957,FALSE,TRUE,"Chromosome 1q"
"PROBE0028_at","GEP1Q28","1q","protein_coding",1,0.271371982932997,1.31176293306391,1.07279802402134,1.60395708607886,0.00817327918034968,0.173003953377508,0.76194397253352,FALSE,TRUE,"Chromosome 1q"
"PROBE0029_at","GEP1Q29","1q","protein_coding",1,0.33610290877092,1.39948303647998,1.15072159028369,1.70202139764526,0.000762987766663031,0.0321258007016013,1.49314603919517,FALSE,TRUE,"Chromosome 1q"
"PROBE0030_at","GEP1Q30","1q","protein_coding",1,0.28240290788648,1.32631299431324,1.10072898257553,1.59812831925996,0.00298832364631396,0.085994925073783,1.0655271775644,FALSE,TRUE,"Chromosome 1q"
"PROBE0031_at","GEP1Q31","1q","protein_coding",1,0.31031870145528,1.36385970894954,1.12315288992206,1.65615324715499,0.0017348229432108,0.0588075573969763,1.23056685887453,FALSE,TRUE,"Chromosome 1q"
"PROBE0032_at","GEP1Q32","1q","protein_coding",1,0.394512748717318,1.48366109899793,1.21985470922079,1.80451839062528,7.83250265974063e-05,0.00681087187803533,2.16679728932327,FALSE,TRUE,"Chromosome 1q"
"PROBE0033_at","GEP1Q33","1q","protein_coding",1,0.329567328352563,1.39036642617125,1.14890506583691,1.68257487629411,0.00070873803340616,0.0304833562755338,1.515937218051,FALSE,TRUE,"Chromosome 1q"
"PROBE0034_at","GEP1Q34","1q","protein_coding",1,0.278797893030468,1.32154022438723,1.08850982064842,1.60445825250624,0.0048498747272889,0.122781638665542,0.910866574745805,FALSE,TRUE,"Chromosome 1q"
"PROBE0035_at","GEP1Q35","1q","protein_coding",1,0.251319479145999,1.28572077970009,1.05955963753926,1.5601556201138,0.0108945096818405,0.207514470130295,0.682951614235598,FALSE,TRUE,"Chromosome 1q"
"PROBE0036_at","GEP1Q36","1q","protein_coding",1,0.343526274501123,1.40991056669298,1.17317095418475,1.69442296451492,0.000249378066924866,0.0147881859342482,1.83008509761,FALSE,TRUE,"Chromosome 1q"
"PROBE0037_at","GEP1Q37","1q","protein_coding",1,0.0410189160850733,1.04187181349494,0.866232351061254,1.2531243775707,0.663226486207943,0.985321532312659,0.00642202643346168,FALSE,TRUE,"Chromosome 1q"
"PROBE0038_at","GEP1Q38","1q","protein_coding",1,0.171372241979605,1.18693249289962,0.982614861508661,1.43373441404894,0.0754030286801341,0.633638896471715,0.198158171057863,FALSE,TRUE,"Chromosome 1q"
"PROBE0039_at","GEP1Q39","1q","protein_coding",1,0.1407002387692,1.15107954724159,0.944390807047055,1.40300404683194,0.163511056436698,0.841832451190366,0.0747743369614036,FALSE,TRUE,"Chromosome 1q"
"PROBE0040_at","GEP1Q40","1q","protein_coding",1,-0.0121403126451852,0.987933083632211,0.82282434324708,1.18617270593071,0.896474766816537,0.996171374724732,0.00166594200305885,FALSE,TRUE,"Chromosome 1q"
"PROBE0042_at","GEP1Q42","1q","protein_coding",1,0.068370902365111,1.07076238313663,0.887818312192042,1.29140395663797,0.474467977015569,0.959907336349336,0.0177706891005534,FALSE,TRUE,"Chromosome 1q"
"PROBE0043_at","GEP1Q43","1q","protein_coding",1,0.163443916144616,1.17755931126932,0.962414069586014,1.44079972994737,0.11233321413165,0.734621826588614,0.133936172334078,FALSE,TRUE,"Chromosome 1q"
"PROBE0044_at","GEP1Q44","1q","protein_coding",1,0.063495396332422,1.0655545803311,0.885439833916729,1.28230797867105,0.501525160216931,0.959907336349336,0.0177706891005534,FALSE,TRUE,"Chromosome 1q"
"PROBE0045_at","GEP1Q45","1q","protein_coding",1,0.208229757735586,1.23149608279824,1.02860103328091,1.47441287037209,0.0233920609612463,0.322914762895942,0.490912099616829,FALSE,TRUE,"Chromosome 1q"
"PROBE0046_at","GEP1Q46","1q","protein_coding",1,0.0570871772764698,1.05874810514871,0.882062116812005,1.27082608899176,0.539994818664884,0.97761447810637,0.00983237531434342,FALSE,TRUE,"Chromosome 1q"
"PROBE0047_at","GEP1Q47","1q","protein_coding",1,0.20486529538432,1.22735972280749,1.0254208547798,1.46906695153335,0.0255050805335113,0.337815636205448,0.471320252454225,FALSE,TRUE,"Chromosome 1q"
"PROBE0048_at","GEP1Q48","1q","protein_coding",1,-0.0169684426208733,0.983174710562448,0.821763238692651,1.17629076840596,0.852876309034121,0.989925735330178,0.00439738514596618,FALSE,TRUE,"Chromosome 1q"
"PROBE0049_at","GEP1Q49","1q","protein_coding",1,0.0445226730018033,1.04552868171541,0.864656976994494,1.26423570661423,0.645939143234882,0.983656635379612,0.0071564741131233,FALSE,TRUE,"Chromosome 1q"
"PROBE0050_at","GEP1Q50","1q","protein_coding",1,0.300063046033482,1.34994391350235,1.12025682656198,1.62672391401063,0.00161417119774774,0.0551853400939399,1.25817627665281,FALSE,TRUE,"Chromosome 1q"
"PROBE0051_at","GEP1Q51","1q","protein_coding",1,0.163169071579711,1.17723570996483,0.983907651696352,1.40855080700613,0.0746325760938049,0.632479458422075,0.198953574877535,FALSE,TRUE,"Chromosome 1q"
"PROBE0052_at","GEP1Q52","1q","protein_coding",1,0.259588370572506,1.29639634193675,1.07786368351199,1.55923564463269,0.00585072071307401,0.138478596759148,0.858617345933114,FALSE,TRUE,"Chromosome 1q"
"PROBE0053_at","GEP1Q53","1q","protein_coding",1,0.107587559172803,1.1135883613537,0.924137172633177,1.34187767277992,0.258153883992406,0.899244016659311,0.0461224431847245,FALSE,TRUE,"Chromosome 1q"
"PROBE0054_at","GEP1Q54","1q","protein_coding",1,0.271280311289558,1.31164268711168,1.08177180983738,1.59035992896892,0.00578907675166932,0.138478596759148,0.858617345933114,FALSE,TRUE,"Chromosome 1q"
"PROBE0055_at","GEP1Q55","1q","protein_coding",1,0.201468469139967,1.22319766798029,1.01559488476651,1.47323756489422,0.0337512299974002,0.407869848911181,0.389478397981454,FALSE,TRUE,"Chromosome 1q"
"PROBE0056_at","GEP1Q56","1q","protein_coding",1,-0.110587480151114,0.895308005084011,0.745989030169634,1.07451502843847,0.234857860723184,0.877366243832474,0.0568190788429758,FALSE,TRUE,"Chromosome 1q"
"PROBE0057_at","GEP1Q57","1q","protein_coding",1,0.219245530393696,1.24513695812649,1.03084017719439,1.50398294400211,0.0228960819401601,0.321642603651827,0.49262643098872,FALSE,TRUE,"Chromosome 1q"
"PROBE0058_at","GEP1Q58","1q","protein_coding",1,0.251408224789784,1.2858348868816,1.07006716755131,1.54510988324714,0.00730608178922918,0.160573226136905,0.794326866967351,FALSE,TRUE,"Chromosome 1q"
"PROBE0059_at","GEP1Q59","1q","protein_coding",1,0.0419126907389423,1.04280342837929,0.863687288904529,1.25906564124485,0.66291363333575,0.985321532312659,0.00642202643346168,FALSE,TRUE,"Chromosome 1q"
"PROBE0060_at","GEP1Q60","1q","protein_coding",1,-0.00854685838927707,0.99148956217057,0.82169706362224,1.19636736628905,0.928937742634058,0.997858297460263,0.000931127049766214,FALSE,TRUE,"Chromosome 1q"
"PROBE0061_at","GEP1Q61","1q","protein_coding",1,0.220345364612453,1.24650715571705,1.03197637791474,1.50563532509674,0.0222192492445479,0.320855584758814,0.493690397049658,FALSE,TRUE,"Chromosome 1q"
"PROBE0062_at","GEP1Q62","1q","protein_coding",1,-0.118496007263627,0.888255362219218,0.739878770697282,1.06638765668005,0.203838600369024,0.871105129782152,0.0599294287706664,FALSE,TRUE,"Chromosome 1q"
"PROBE0063_at","GEP1Q63","1q","protein_coding",1,0.183812577810603,1.20179055976938,0.981988000409822,1.47079246278777,0.0744895987720874,0.632479458422075,0.198953574877535,FALSE,TRUE,"Chromosome 1q"
"PROBE0064_at","GEP1Q64","1q","protein_coding",1,0.10301667758758,1.10850989619272,0.9183210053851,1.33808786116343,0.283405558790469,0.914211479969256,0.0389533294741688,FALSE,TRUE,"Chromosome 1q"
"PROBE0065_at","GEP1Q65","1q","protein_coding",1,0.0453601662566946,1.04640467170079,0.868805448203856,1.26030832244542,0.632657488799174,0.981764861230005,0.00799251597927956,FALSE,TRUE,"Chromosome 1q"
"PROBE0066_at","GEP1Q66","1q","protein_coding",1,0.0140601276856943,1.01415943616509,0.82993019643015,1.2392841788222,0.890666364440334,0.996171374724732,0.00166594200305885,FALSE,TRUE,"Chromosome 1q"
"PROBE0067_at","GEP1Q67","1q","protein_coding",1,-0.0187715012197139,0.981403586146789,0.812929245046352,1.18479314746127,0.845121842628038,0.989073402045557,0.0047714769362556,FALSE,TRUE,"Chromosome 1q"
"PROBE0068_at","GEP1Q68","1q","protein_coding",1,0.0825053624557411,1.08600449707449,0.89061385667269,1.324261641372,0.414920698918334,0.946433601119706,0.0239098494010177,FALSE,TRUE,"Chromosome 1q"
"PROBE0069_at","GEP1Q69","1q","protein_coding",1,0.245880638935838,1.2787469318376,1.07403868146671,1.52247190338718,0.00573743730124964,0.138251501234931,0.859330144113631,FALSE,TRUE,"Chromosome 1q"
"PROBE0070_at","GEP1Q70","1q","protein_coding",1,0.0539050659681223,1.05538440550232,0.882370166905282,1.26232309880107,0.555140989713348,0.981677239820465,0.00803127800303875,FALSE,TRUE,"Chromosome 1q"
"PROBE0071_at","GEP1Q71","1q","protein_coding",1,0.104378446533139,1.11002045883041,0.919370865559147,1.34020498710573,0.27764884273879,0.911266043746049,0.0403548124198771,FALSE,TRUE,"Chromosome 1q"
"PROBE0072_at","GEP1Q72","1q","protein_coding",1,0.154582583204214,1.16717066277076,0.966228735236081,1.40990151333046,0.108806349014461,0.721766825966571,0.141603082973037,FALSE,TRUE,"Chromosome 1q"
"PROBE0073_at","GEP1Q73","1q","protein_coding",1,0.320010143450218,1.37714173323372,1.12292654653354,1.6889077556039,0.00211586486825423,0.067170313277912,1.17282262617576,FALSE,TRUE,"Chromosome 1q"
"PROBE0074_at","GEP1Q74","1q","protein_coding",1,0.289224184006867,1.33539106829408,1.12224860238551,1.58901450310475,0.00111439017195512,0.0437015753707892,1.35950290713693,FALSE,TRUE,"Chromosome 1q"
"PROBE0075_at","GEP1Q75","1q","protein_coding",1,0.235160322619805,1.26511157847757,1.05683294612806,1.51443736861328,0.0103998392731246,0.200963077741538,0.69688372668926,FALSE,TRUE,"Chromosome 1q"
"PROBE0076_at","GEP1Q76","1q","protein_coding",1,0.206876302456823,1.22983043536812,1.02838694215874,1.47073327922931,0.0234113203099558,0.322914762895942,0.490912099616829,FALSE,TRUE,"Chromosome 1q"
"PROBE0077_at","GEP1Q77","1q","protein_coding",1,0.273658281234554,1.3147654454414,1.09053377436367,1.58510283419271,0.00412585808721922,0.109288212782567,0.961426676106456,FALSE,TRUE,"Chromosome 1q"
"PROBE0078_at","GEP1Q78","1q","protein_coding",1,0.216279471118935,1.24144927974336,1.03062301599467,1.49540257713716,0.02274971119612,0.321642603651827,0.49262643098872,FALSE,TRUE,"Chromosome 1q"
"PROBE0079_at","GEP1Q79","1q","protein_coding",1,0.282020996444846,1.3258065569188,1.09990376683014,1.59810619744913,0.00308559700300108,0.0881599143714594,1.05472884031648,FALSE,TRUE,"Chromosome 1q"
"PROBE0080_at","GEP1Q80","1q","protein_coding",1,0.0439406805098844,1.04492036890648,0.870547889869979,1.25422000335757,0.637131636327089,0.982664409922418,0.00759477291327923,FALSE,TRUE,"Chromosome 1q"
"PROBE0081_at","GEP1Q81","1q","protein_coding",1,-0.0146766832810798,0.985430494257392,0.821826634559518,1.18160353799295,0.874105207206193,0.993850940743819,0.00267874685697776,FALSE,TRUE,"Chromosome 1q"
"PROBE0082_at","GEP1Q82","1q","protein_coding",1,0.263429115939728,1.30138504421622,1.06737872581542,1.58669363773934,0.00919554815162188,0.185990663815215,0.730508855541753,FALSE,TRUE,"Chromosome 1q"
"PROBE0083_at","GEP1Q83","1q","protein_coding",1,0.0925220996195232,1.09693738319125,0.906190734392207,1.32783483319272,0.342474681791907,0.929316992036242,0.0318361219481569,FALSE,TRUE,"Chromosome 1q"
"PROBE0084_at","GEP1Q84","1q","protein_coding",1,0.0958166458169219,1.10055725371698,0.916005930707052,1.32229085872198,0.306239690306775,0.92234964281671,0.0351044160817725,FALSE,TRUE,"Chromosome 1q"
"PROBE0085_at","GEP1Q85","1q","protein_coding",1,0.0812417912900381,1.08463311970508,0.896563074475093,1.31215420069573,0.403057943051219,0.946433601119706,0.0239098494010177,FALSE,TRUE,"Chromosome 1q"
"PROBE0086_at","GEP1Q86","1q","protein_coding",1,0.100045922924459,1.10522167192161,0.917881179753189,1.33079855108659,0.291086080313449,0.91957582040123,0.0364124567202641,FALSE,TRUE,"Chromosome 1q"
"PROBE0087_at","GEP1Q87","1q","protein_coding",1,0.176122010287667,1.19258355723721,0.971442663026196,1.46406534850139,0.0923582512590871,0.688702135440119,0.161968570407416,FALSE,TRUE,"Chromosome 1q"
"PROBE0088_at","GEP1Q88","1q","protein_coding",1,0.224018420382408,1.25109406484721,1.04020145568524,1.5047434807374,0.0173864610931204,0.275975572906673,0.559129356417818,FALSE,TRUE,"Chromosome 1q"
"PROBE0089_at","GEP1Q89","1q","protein_coding",1,0.114740461113594,1.12158230557093,0.927362625583124,1.35647785824754,0.236937442853285,0.877366243832474,0.0568190788429758,FALSE,TRUE,"Chromosome 1q"
"PROBE0090_at","GEP1Q90","1q","protein_coding",1,0.131369799626595,1.14038941892776,0.945391627271694,1.37560772624513,0.169740527370243,0.841832451190366,0.0747743369614036,FALSE,TRUE,"Chromosome 1q"
"PROBE0091_at","GEP1Q91","1q","protein_coding",1,0.130846281861323,1.13979256105411,0.942314002731996,1.37865624247098,0.177693093045308,0.841832451190366,0.0747743369614036,FALSE,TRUE,"Chromosome 1q"
"PROBE0092_at","GEP1Q92","1q","protein_coding",1,0.183321154302778,1.2012001167275,1.00551109192824,1.43497344982958,0.043327437563816,0.481404514602943,0.317489841235994,FALSE,TRUE,"Chromosome 1q"
"PROBE0093_at","GEP1Q93","1q","protein_coding",1,0.154286304053314,1.16682490566068,0.967923468113671,1.40659918404846,0.10565117288407,0.717495231810319,0.144180980733828,FALSE,TRUE,"Chromosome 1q"
"PROBE0094_at","GEP1Q94","1q","protein_coding",1,0.0992709263756357,1.10436546076338,0.913580445038152,1.33499253136508,0.304937204292721,0.92234964281671,0.0351044160817725,FALSE,TRUE,"Chromosome 1q"
"PROBE0095_at","GEP1Q95","1q","protein_coding",1,0.267216169683808,1.30632280319838,1.0752053040361,1.58711946430165,0.00714752912043178,0.15883398045404,0.79905658034104,FALSE,TRUE,"Chromosome 1q"
"PROBE0096_at","GEP1Q96","1q","protein_coding",1,0.169590464046183,1.18481952575343,0.96851762331945,1.44942877115161,0.0991605167616788,0.712104249635036,0.147456422476881,FALSE,TRUE,"Chromosome 1q"
"PROBE0097_at","GEP1Q97","1q","protein_coding",1,0.167860682646515,1.18277181852934,0.986239685704936,1.41846773657995,0.0702156558075257,0.62141700782189,0.206616864531134,FALSE,TRUE,"Chromosome 1q"
"PROBE0098_at","GEP1Q98","1q","protein_coding",1,0.111918092472092,1.11842124977356,0.923427713590407,1.35459015744883,0.252219194518059,0.896069094248902,0.0476585013935697,FALSE,TRUE,"Chromosome 1q"
"PROBE0099_at","GEP1Q99","1q","protein_coding",1,0.102438866798262,1.1078695722255,0.914175996079938,1.34260251234576,0.296124579848187,0.921983848345205,0.0352766870114385,FALSE,TRUE,"Chromosome 1q"
"PROBE0100_at","GEP1Q100","1q","protein_coding",1,0.19839017055545,1.21943808985117,1.0056218983233,1.47871606362116,0.0436997202423905,0.482869836932491,0.316169922499656,FALSE,TRUE,"Chromosome 1q"
"PROBE0101_at","GEP1Q101","1q","protein_coding",1,0.12364513126574,1.13161422522985,0.938206155890256,1.36489272288716,0.196025627644255,0.862510274133389,0.0642357229528199,FALSE,TRUE,"Chromosome 1q"
"PROBE0102_at","GEP1Q102","1q","protein_coding",1,0.126051181294696,1.13434022379861,0.937967286790573,1.3718258210585,0.193714634007368,0.862510274133389,0.0642357229528199,FALSE,TRUE,"Chromosome 1q"
"PROBE0103_at","GEP1Q103","1q","protein_coding",1,0.345029411400624,1.41203144887958,1.1650302198863,1.71140008095202,0.000436555793498314,0.0215583107900402,1.6663852714679,FALSE,TRUE,"Chromosome 1q"
"PROBE0104_at","GEP1Q104","1q","protein_coding",1,0.226772075972027,1.25454389465369,1.04261015649382,1.50955788585988,0.0163086876147637,0.260939001836219,0.583461003244234,FALSE,TRUE,"Chromosome 1q"
"PROBE0105_at","GEP1Q105","1q","protein_coding",1,0.0397150014399153,1.04051418688591,0.865601456378858,1.25077166302384,0.672340272978247,0.98578541270536,0.00621761266581531,FALSE,TRUE,"Chromosome 1q"
"PROBE0106_at","GEP1Q106","1q","protein_coding",1,0.113136786344965,1.11978509378332,0.92118029640432,1.36120872445251,0.256051743681624,0.896069094248902,0.0476585013935697,FALSE,TRUE,"Chromosome 1q"
"PROBE0107_at","GEP1Q107","1q","protein_coding",1,0.129373285535416,1.13811488670679,0.941171032149229,1.37627004136081,0.182027874999624,0.846213216648446,0.0725201958888359,FALSE,TRUE,"Chromosome 1q"
"PROBE0108_at","GEP1Q108","1q","protein_coding",1,0.306187501944664,1.35823695474396,1.12822100458879,1.63514738489072,0.00121925522575077,0.047048938208565,1.3274501732009,FALSE,TRUE,"Chromosome 1q"
"PROBE0109_at","GEP1Q109","1q","protein_coding",1,0.0523614176708508,1.05375651992645,0.873065629838255,1.27184345063867,0.58535599211077,0.981677239820465,0.00803127800303875,FALSE,TRUE,"Chromosome 1q"
"PROBE0110_at","GEP1Q110","1q","protein_coding",1,-0.00370856760806059,0.996298300635719,0.832956578995022,1.19167112533912,0.967620963923681,0.998610398120975,0.00060391612684265,FALSE,TRUE,"Chromosome 1q"
"PROBE0111_at","GEP1Q111","1q","protein_coding",1,0.0811958194841211,1.08458325830793,0.902953114597619,1.30274853166218,0.38523474670226,0.942977154427675,0.0254988288174784,FALSE,TRUE,"Chromosome 1q"
"PROBE0112_at","GEP1Q112","1q","protein_coding",1,0.0570576448192125,1.05871683817725,0.880351032721225,1.27322091049898,0.544411606916225,0.981677239820465,0.00803127800303875,FALSE,TRUE,"Chromosome 1q"
"PROBE0113_at","GEP1Q113","1q","protein_coding",1,0.0911237432109692,1.09540454574799,0.907575837212715,1.32210562428638,0.342375809417368,0.929316992036242,0.0318361219481569,FALSE,TRUE,"Chromosome 1q"
"PROBE0114_at","GEP1Q114","1q","protein_coding",1,0.409120540970403,1.50549318315773,1.23748669509935,1.83154270143682,4.30749446477439e-05,0.00465675077272907,2.33191700469662,FALSE,TRUE,"Chromosome 1q"
"PROBE0115_at","GEP1Q115","1q","protein_coding",1,0.111429814069729,1.1178752821355,0.925222871117718,1.35064229973032,0.248242741482046,0.890737223974594,0.0502503981064741,FALSE,TRUE,"Chromosome 1q"
"PROBE0116_at","GEP1Q116","1q","protein_coding",1,0.0140549544243767,1.01415418966688,0.838249313214434,1.22697233890339,0.885019752104469,0.995656280537888,0.00189056240874793,FALSE,TRUE,"Chromosome 1q"
"PROBE0117_at","GEP1Q117","1q","protein_coding",1,0.0501622878451888,1.05144171874156,0.865591786552318,1.27719521497953,0.613227803476642,0.981677239820465,0.00803127800303875,FALSE,TRUE,"Chromosome 1q"
"PROBE0118_at","GEP1Q118","1q","protein_coding",1,0.144647877235415,1.15563257407909,0.971498442428632,1.37466679095655,0.102377602158223,0.717495231810319,0.144180980733828,FALSE,TRUE,"Chromosome 1q"
"PROBE0119_at","GEP1Q119","1q","protein_coding",1,0.142658241770949,1.15333557238158,0.947719849786901,1.40356134022078,0.154452229001185,0.826755287109817,0.0826230190870425,FALSE,TRUE,"Chromosome 1q"
"PROBE0120_at","GEP1Q120","1q","protein_coding",1,0.0286000138061722,1.02901292118706,0.852394321563897,1.24222741187108,0.765947203650691,0.987162805516434,0.00561121642193621,FALSE,TRUE,"Chromosome 1q"
"PROBE0121_at","IG01","14q","immunoglobulin",1,-0.415402349556033,0.660074646528691,0.543259543498645,0.802008071839907,2.91161521892881e-05,0.00363951902366101,2.43895600623332,TRUE,FALSE,"Immunoglobulin"
"PROBE0122_at","IG02","14q","immunoglobulin",1,-0.487695519856866,0.614039807510937,0.50383150749606,0.748355113958443,1.35134729016547e-06,0.00059231601073831,3.22744652790047,TRUE,FALSE,"Immunoglobulin"
"PROBE0123_at","IG03","14q","immunoglobulin",1,-0.400736902588503,0.669826267414307,0.549064074057701,0.81714912651712,7.78935215607548e-05,0.00681087187803533,2.16679728932327,TRUE,FALSE,"Immunoglobulin"
"PROBE0124_at","IG04","14q","immunoglobulin",1,-0.487528381221598,0.614142445863542,0.504191766117714,0.748070415182456,1.27377179449647e-06,0.00059231601073831,3.22744652790047,TRUE,FALSE,"Immunoglobulin"
"PROBE0125_at","IG05","14q","immunoglobulin",1,-0.438218944551109,0.645184507759718,0.532761558149158,0.781330864973198,7.25848969413333e-06,0.00122528279810474,2.91176366355905,TRUE,FALSE,"Immunoglobulin"
"PROBE0126_at","IG06","14q","immunoglobulin",1,-0.512659591715788,0.598900627645093,0.487836740850727,0.735249996070794,9.64774765098955e-07,0.000584382691468941,3.23330265569265,TRUE,FALSE,"Immunoglobulin"
"PROBE0127_at","IG07","14q","immunoglobulin",1,-0.51059005187458,0.600141359784388,0.490932587731318,0.733643805126605,6.28308446737054e-07,0.000502646757389643,3.29873711476493,TRUE,FALSE,"Immunoglobulin"
"PROBE0128_at","IG08","14q","immunoglobulin",1,-0.557494134363163,0.572642231926734,0.462636755520699,0.708804741242311,3.01945285653276e-07,0.000502646757389643,3.29873711476493,TRUE,FALSE,"Immunoglobulin"
"PROBE0129_at","IG09","14q","immunoglobulin",1,-0.452992347521433,0.63572299846442,0.521508617022215,0.774951204227902,7.35169678862845e-06,0.00122528279810474,2.91176366355905,TRUE,FALSE,"Immunoglobulin"
"PROBE0130_at","IG10","14q","immunoglobulin",1,-0.471137007391578,0.624292039927869,0.514371955805035,0.757701788985217,1.86133927594034e-06,0.000676850645796488,3.16950715238182,TRUE,FALSE,"Immunoglobulin"
"PROBE0131_at","IG11","14q","immunoglobulin",1,-0.466399197437754,0.627256834740064,0.514796992722987,0.764284062047426,3.71844098458701e-06,0.000952194165549181,3.02127448393855,TRUE,FALSE,"Immunoglobulin"
"PROBE0132_at","IG12","14q","immunoglobulin",1,-0.41781305626452,0.658485316624033,0.543944752612108,0.797145133080564,1.82487965475423e-05,0.00259323556633407,2.58615803066133,TRUE,FALSE,"Immunoglobulin"
"PROBE0133_at","IG13","14q","immunoglobulin",1,-0.409055211815461,0.664277555339924,0.548142757409819,0.80501778882116,3.01772207363251e-05,0.00365784493773638,2.43677470895058,TRUE,FALSE,"Immunoglobulin"
"PROBE0134_at","IG14","14q","immunoglobulin",1,-0.438957748246317,0.64470801909876,0.534866361593971,0.777107067738492,4.10172635089676e-06,0.000952194165549181,3.02127448393855,TRUE,FALSE,"Immunoglobulin"
"PROBE0135_at","IG15","14q","immunoglobulin",1,-0.451144438998072,0.636898842503288,0.525455138237356,0.771978625887552,4.28487374497132e-06,0.000952194165549181,3.02127448393855,TRUE,FALSE,"Immunoglobulin"
"PROBE0136_at","IG16","14q","immunoglobulin",1,-0.417359673652983,0.658783930104508,0.545377974830593,0.795771532025565,1.49104321763669e-05,0.00229391264251799,2.63942312505497,TRUE,FALSE,"Immunoglobulin"
"PROBE0137_at","IG17","14q","immunoglobulin",1,-0.403092305144796,0.668250413525465,0.549802441913357,0.812216500208502,5.1357617360564e-05,0.0051357617360564,2.2893951327422,TRUE,FALSE,"Immunoglobulin"
"PROBE0138_at","IG18","14q","immunoglobulin",1,-0.463013630405153,0.629384053690048,0.518230869558968,0.764378022051122,3.01110333575537e-06,0.000860315238787249,3.06534238436118,TRUE,FALSE,"Immunoglobulin"
"PROBE0139_at","IG19","22q","immunoglobulin",1,-0.4407225242973,0.643571257186907,0.535298231093798,0.773744314885585,2.74211662415196e-06,0.000860315238787249,3.06534238436118,TRUE,FALSE,"Immunoglobulin"
"PROBE0140_at","IG20","22q","immunoglobulin",1,-0.454355399669373,0.634857065156066,0.521729147601146,0.772514809708684,5.6883871817112e-06,0.001103567937089,2.95720092594168,TRUE,FALSE,"Immunoglobulin"
"PROBE0141_at","IG21","22q","immunoglobulin",1,-0.391864408965004,0.675795739592456,0.559755249054178,0.815892092879884,4.56527191993699e-05,0.00468233017429435,2.32953796530443,TRUE,FALSE,"Immunoglobulin"
"PROBE0142_at","IG22","22q","immunoglobulin",1,-0.469364816969504,0.625399385225155,0.513779609646531,0.761268808057772,2.8781189166245e-06,0.000860315238787249,3.06534238436118,TRUE,FALSE,"Immunoglobulin"
"PROBE0143_at","IG23","22q","immunoglobulin",1,-0.443466931518864,0.641807456981149,0.529840774898207,0.777435092487448,5.79373166971723e-06,0.001103567937089,2.95720092594168,TRUE,FALSE,"Immunoglobulin"
"PROBE0144_at","IG24","22q","immunoglobulin",1,-0.494388531441735,0.609943754720776,0.502655019032669,0.740132635378497,5.48176131747261e-07,0.000502646757389643,3.29873711476493,TRUE,FALSE,"Immunoglobulin"
"PROBE0145_at","IG25","22q","immunoglobulin",1,-0.483861968878786,0.61639827818602,0.506177200903583,0.750620211009983,1.48079002684578e-06,0.00059231601073831,3.22744652790047,TRUE,FALSE,"Immunoglobulin"
"PROBE0146_at","IG26","22q","immunoglobulin",1,-0.39925441592212,0.670820012349348,0.554790936823998,0.811115429434524,3.78032601358017e-05,0.00429242580043145,2.36729720338701,TRUE,FALSE,"Immunoglobulin"
"PROBE0147_at","IG27","22q","immunoglobulin",1,-0.523958636421104,0.592171709442125,0.483645673614467,0.725050078175906,3.92190650726016e-07,0.000502646757389643,3.29873711476493,TRUE,FALSE,"Immunoglobulin"
"PROBE0148_at","IG28","22q","immunoglobulin",1,-0.431786079243624,0.649348270901702,0.532816861214974,0.791366053922433,1.8800957855922e-05,0.00259323556633407,2.58615803066133,TRUE,FALSE,"Immunoglobulin"
"PROBE0149_at","IG29","22q","immunoglobulin",1,-0.408657125794208,0.664542047590778,0.551146607438937,0.801267987601779,1.86101443712153e-05,0.00259323556633407,2.58615803066133,TRUE,FALSE,"Immunoglobulin"
"PROBE0150_at","IG30","22q","immunoglobulin",1,-0.429510134242424,0.650827834917393,0.539645801676922,0.78491645702981,6.99787684016796e-06,0.00122528279810474,2.91176366355905,TRUE,FALSE,"Immunoglobulin"
"PROBE0151_at","IG31","22q","immunoglobulin",1,-0.442795397209377,0.642238597455204,0.532138946468311,0.775117887534267,3.9321553644791e-06,0.000952194165549181,3.02127448393855,TRUE,FALSE,"Immunoglobulin"
"PROBE0152_at","PCADV001","13q","protein_coding",1,0.271400648098287,1.31180053550414,1.0849813893388,1.58603701580323,0.00507786305735016,0.12615808838137,0.899084900304647,FALSE,FALSE,"Other"
"PROBE0153_at","PCADV002","17p","protein_coding",1,0.288775456857152,1.33479197649069,1.10005534432812,1.61961816711332,0.00343024074421195,0.0946273308748125,1.02398340975236,FALSE,FALSE,"Other"
"PROBE0154_at","PCADV003","1p","protein_coding",1,0.14179853724356,1.15234447065677,0.957561727180814,1.38674901195427,0.133370344984713,0.792691500652083,0.100895798347144,FALSE,FALSE,"Other"
"PROBE0155_at","PCADV004","8q","protein_coding",1,0.24344593135305,1.27563734399083,1.05526404521903,1.54203172254034,0.0118742267266348,0.219893087530274,0.657788422729447,FALSE,FALSE,"Other"
"PROBE0156_at","PCADV005","13q","protein_coding",1,0.171521269473091,1.18710939165503,0.971913494740972,1.44995281512287,0.092802612750556,0.688702135440119,0.161968570407416,FALSE,FALSE,"Other"
"PROBE0157_at","PCADV006","17p","protein_coding",1,0.248266740752845,1.28180179537347,1.04333847842343,1.57476780220488,0.0180822443940634,0.281459730289404,0.550583732834478,FALSE,FALSE,"Other"
"PROBE0158_at","PCADV007","1p","protein_coding",1,0.205072331539592,1.22761385695221,1.01470246678523,1.48519968277563,0.0348456378115361,0.417313027683067,0.379538057266356,FALSE,FALSE,"Other"
"PROBE0159_at","PCADV008","8q","protein_coding",1,0.298416686415471,1.34772324886446,1.1162304909807,1.62722481620616,0.001912377055024,0.0627008870499672,1.20272631501967,FALSE,FALSE,"Other"
"PROBE0160_at","PCADV009","13q","protein_coding",1,0.309451737891281,1.36267780468347,1.12801512272141,1.64615771719185,0.00133103490631008,0.0497583142545825,1.30313434138665,FALSE,FALSE,"Other"
"PROBE0161_at","PCADV010","17p","protein_coding",1,0.240153318665606,1.27144407148693,1.06108941818054,1.52350028114615,0.00925303552480692,0.185990663815215,0.730508855541753,FALSE,FALSE,"Other"
"PROBE0162_at","PCADV011","1p","protein_coding",1,0.242209141219617,1.27406062354707,1.06132690537883,1.52943495943294,0.00936271793752504,0.187254358750501,0.727568064366767,FALSE,FALSE,"Other"
"PROBE0163_at","PCADV012","8q","protein_coding",1,0.233733026443357,1.26330717757241,1.05156524350419,1.51768521712235,0.0125199844577502,0.22867551521005,0.640780333768535,FALSE,FALSE,"Other"
"PROBE0164_at","PCADV013","13q","protein_coding",1,0.236604854187074,1.2669403926607,1.05696725187087,1.51862600824585,0.0104901603640223,0.201733853154274,0.695221216291801,FALSE,FALSE,"Other"
"PROBE0165_at","PCADV014","17p","protein_coding",1,0.14002504470932,1.15030260749091,0.95231877857832,1.389446599778,0.146222743393181,0.81431953462214,0.0892051468394327,FALSE,FALSE,"Other"
"PROBE0166_at","PCADV015","1p","protein_coding",1,0.236664698058656,1.26701621354754,1.04792885489398,1.53190751251407,0.0145544366457659,0.247735091842824,0.606012470950475,FALSE,FALSE,"Other"
"PROBE0167_at","PCADV016","8q","protein_coding",1,0.29565601229515,1.34400775516337,1.10721204959052,1.63144615939406,0.00279068063664407,0.0820788422542373,1.08576877803809,FALSE,FALSE,"Other"
"PROBE0168_at","PCADV017","13q","protein_coding",1,0.272185047260259,1.31282991441406,1.07690949990215,1.60043381949647,0.007079364188532,0.158198082425296,0.800798785042892,FALSE,FALSE,"Other"
"PROBE0169_at","PCADV018","17p","protein_coding",1,0.163537611769282,1.17766964859355,0.975888221009124,1.42117280582024,0.0881132029523471,0.671444327436974,0.172989990872041,FALSE,FALSE,"Other"
"PROBE0170_at","PCADV019","1p","protein_coding",1,0.289643036161643,1.33595051687545,1.10410348983355,1.61648233156917,0.00289861621894175,0.0840178614186015,1.07562837714129,FALSE,FALSE,"Other"
"PROBE0171_at","PCADV020","8q","protein_coding",1,0.207870760315259,1.23105405822896,1.01871083570451,1.48765875571934,0.0314077650532959,0.390158572090633,0.408758846852346,FALSE,FALSE,"Other"
"PROBE0172_at","PCADV021","13q","protein_coding",1,0.354206557914516,1.42504951133642,1.16384422387365,1.74487793821851,0.000606527829908596,0.0269567924403821,1.56933178529386,FALSE,FALSE,"Other"
"PROBE0173_at","PCADV022","17p","protein_coding",1,0.215671600175272,1.24069486811385,1.03000200796894,1.49448616978858,0.0231304489403125,0.322375594986934,0.491637843305176,FALSE,FALSE,"Other"
"PROBE0174_at","PCADV023","1p","protein_coding",1,0.303607414021448,1.35473710088699,1.13062766527956,1.62326879916378,0.000999628416354485,0.0395892442120588,1.4024227891714,FALSE,FALSE,"Other"
"PROBE0175_at","PCADV024","8q","protein_coding",1,0.177562677608235,1.19430291160662,0.985629537233081,1.44715574238593,0.0699502440690082,0.62141700782189,0.206616864531134,FALSE,FALSE,"Other"
"PROBE0176_at","PCADV025","13q","protein_coding",1,0.368874075384244,1.44610549193039,1.18586506403218,1.7634561951599,0.000268409040659198,0.0155599443860404,1.80799195958791,FALSE,FALSE,"Other"
"PROBE0177_at","PCADV026","17p","protein_coding",1,0.287767315402706,1.33344699544561,1.10476889799136,1.60945958281027,0.00271774721847547,0.0805258435103844,1.09406471723802,FALSE,FALSE,"Other"
"PROBE0178_at","PCADV027","1p","protein_coding",1,0.287283070147414,1.33280143638196,1.08928980236158,1.63075029709325,0.00525774393218333,0.129820837831687,0.886655592366316,FALSE,FALSE,"Other"
"PROBE0179_at","PCADV028","8q","protein_coding",1,0.34976546990239,1.41873477356698,1.17645455167259,1.71091042562289,0.000251399160882219,0.0147881859342482,1.83008509761,FALSE,FALSE,"Other"
"PROBE0180_at","PCADV029","13q","protein_coding",1,0.268799124135786,1.30839229021513,1.07926163222031,1.58616811159367,0.00620964235245739,0.146086981014288,0.835388485815103,FALSE,FALSE,"Other"
"PROBE0181_at","PCADV030","17p","protein_coding",1,0.334514614395069,1.3972620097331,1.17480398530981,1.66184414443275,0.000156341208358513,0.0111672291684652,1.95205457138958,FALSE,FALSE,"Other"
"PROBE0182_at","PCADV031","1p","protein_coding",1,0.371996000040155,1.45062717883109,1.1903321102073,1.76784209542745,0.000227165014938257,0.0145530694022568,1.83704539953868,FALSE,FALSE,"Other"
"PROBE0183_at","PCADV032","8q","protein_coding",1,0.320733682692761,1.37813850988029,1.12385126072969,1.68996184707032,0.00205669265730109,0.0663449244290674,1.17819229626245,FALSE,FALSE,"Other"
"PROBE0184_at","PCADV033","13q","protein_coding",1,0.278192767493126,1.32074076855879,1.09809582329146,1.58852819647805,0.00314264641927277,0.0891530899084475,1.04986360025157,FALSE,FALSE,"Other"
"PROBE0185_at","PCADV034","17p","protein_coding",1,0.0788198598588009,1.0820093911889,0.89902655412523,1.30223553158574,0.404356709708579,0.946433601119706,0.0239098494010177,FALSE,FALSE,"Other"
"PROBE0186_at","PCADV035","1p","protein_coding",1,0.218340090099541,1.24401007119426,1.0287378913015,1.50432979121132,0.0243082813984851,0.329870057841808,0.481657103382306,FALSE,FALSE,"Other"
"PROBE0187_at","PCADV036","8q","protein_coding",1,0.228695706225043,1.25695949586008,1.0293743348757,1.5348616345905,0.0248296243996789,0.333026153230833,0.477521659112805,FALSE,FALSE,"Other"
"PROBE0188_at","PCADV037","13q","protein_coding",1,0.398369935148896,1.48939490753338,1.21908503938314,1.81964105777955,9.67090956762528e-05,0.00758502711186296,2.1200428625356,FALSE,FALSE,"Other"
"PROBE0189_at","PCADV038","17p","protein_coding",1,0.264549914843764,1.30284445284653,1.07260319140107,1.58250850073992,0.00766723879304657,0.165778136065872,0.780472747682456,FALSE,FALSE,"Other"
"PROBE0190_at","PCADV039","1p","protein_coding",1,0.325146633730695,1.38423360643783,1.14436233654691,1.67438460354584,0.000811589908288888,0.0338162461787037,1.47087460354953,FALSE,FALSE,"Other"
"PROBE0191_at","PCADV040","8q","protein_coding",1,0.375677888043867,1.45597807028536,1.1975479028258,1.77017732330348,0.00016442243250478,0.0113270454149918,1.94588335821275,FALSE,FALSE,"Other"
"PROBE0192_at","PCADV041","13q","protein_coding",1,0.32937720302761,1.39010210743031,1.15625721682268,1.67124048262572,0.00045674530011132,0.0221994451770007,1.65365787958441,FALSE,FALSE,"Other"
"PROBE0193_at","PCADV042","17p","protein_coding",1,0.348116812015198,1.41639769234576,1.17648591211061,1.70523284829081,0.000236487377786674,0.0145530694022568,1.83704539953868,FALSE,FALSE,"Other"
"PROBE0194_at","PCADV043","1p","protein_coding",1,0.1827618830121,1.20052850781116,0.995361328927531,1.44798542617705,0.0559609661202548,0.558214125887829,0.253199177669112,FALSE,FALSE,"Other"
"PROBE0195_at","PCADV044","8q","protein_coding",1,0.234236064010952,1.26394282840686,1.04819770742792,1.52409365347805,0.0141709607640541,0.243278296378612,0.613896634116632,FALSE,FALSE,"Other"
"PROBE0196_at","PCADV045","13q","protein_coding",1,0.249359879251702,1.2832037483887,1.0650698229605,1.54601306353966,0.00871314320906585,0.180299949969937,0.744004393786656,FALSE,FALSE,"Other"
"PROBE0197_at","PCADV046","17p","protein_coding",1,0.31989823086778,1.37698762236961,1.13135881540468,1.6759447898772,0.00141718683300432,0.0510697957839394,1.29183587878213,FALSE,FALSE,"Other"
"PROBE0198_at","PCADV047","1p","protein_coding",1,0.368845035653899,1.4460634980266,1.18811664679859,1.76001207117117,0.000233734143259873,0.0145530694022568,1.83704539953868,FALSE,FALSE,"Other"
"PROBE0199_at","PCADV048","8q","protein_coding",1,0.287731055564079,1.33339864574932,1.10633584770121,1.60706348997045,0.00251987445359868,0.0769427314075932,1.11383240063656,FALSE,FALSE,"Other"
"PROBE0200_at","PCADV049","13q","protein_coding",1,0.251103877583119,1.28544360617116,1.04058248101409,1.58792339367083,0.0198633973148549,0.301211552245566,0.521128375830259,FALSE,FALSE,"Other"
"PROBE0201_at","PCADV050","17p","protein_coding",1,0.245036770272174,1.27766829255202,1.06397218643334,1.53428471778484,0.00869051353874821,0.180299949969937,0.744004393786656,FALSE,FALSE,"Other"
"PROBE0202_at","PCADV051","1p","protein_coding",1,0.328479193410005,1.3888543427046,1.13663139579166,1.69704654683232,0.00131609030442725,0.0496637850727263,1.30396018422657,FALSE,FALSE,"Other"
"PROBE0203_at","PCADV052","8q","protein_coding",1,0.14206523476238,1.15265183905329,0.94921638844424,1.39968744561027,0.151596830473674,0.821947348369236,0.0851560012495655,FALSE,FALSE,"Other"
"PROBE0204_at","PCADV053","13q","protein_coding",1,0.335182691774648,1.39819580076274,1.16140245604331,1.68326792069198,0.000399445986224501,0.0204844095499744,1.68857654979156,FALSE,FALSE,"Other"
"PROBE0205_at","PCADV054","17p","protein_coding",1,0.155749486531763,1.16853343305692,0.967728178792977,1.41100612144507,0.105452708924494,0.717495231810319,0.144180980733828,FALSE,FALSE,"Other"
"PROBE0206_at","PCADV055","1p","protein_coding",1,0.293631904448961,1.34129008987248,1.09952348003447,1.63621708663623,0.00378477352271996,0.102987034631836,0.987217446579039,FALSE,FALSE,"Other"
"PROBE0207_at","PCADV056","8q","protein_coding",1,0.319960009035636,1.3770726927698,1.13195526575799,1.67526867760311,0.00137752103245331,0.0505512305487452,1.29626826808435,FALSE,FALSE,"Other"
"PROBE0208_at","PCADV057","13q","protein_coding",1,0.289101203802866,1.33522685172599,1.10649315606878,1.6112442592092,0.00256560952663103,0.0771611887708582,1.11260109009183,FALSE,FALSE,"Other"
"PROBE0209_at","PCADV058","17p","protein_coding",1,0.160133647602273,1.17366771838687,0.972029889938256,1.41713328719854,0.0959130381501807,0.696283398549406,0.157213959562804,FALSE,FALSE,"Other"
"PROBE0210_at","PCADV059","1p","protein_coding",1,0.372622656069804,1.45153650798802,1.18712353252494,1.77484328824708,0.000281395717313331,0.0160797552750475,1.79372056525829,FALSE,FALSE,"Other"
"PROBE0211_at","PCADV060","8q","protein_coding",1,0.182764967899712,1.20053221131239,0.985559658013131,1.46239507540742,0.069450697034918,0.62141700782189,0.206616864531134,FALSE,FALSE,"Other"
"PROBE0212_at","PCADV061","13q","protein_coding",1,0.290883166503424,1.33760829736603,1.08541699517955,1.64839500867266,0.00635444276827247,0.147777738797034,0.830390983030222,FALSE,FALSE,"Other"
"PROBE0213_at","PCADV062","17p","protein_coding",1,0.180105170259566,1.19734328140396,0.993274543097019,1.44333804131651,0.0588676814957842,0.578552152292719,0.237657486440713,FALSE,FALSE,"Other"
"PROBE0214_at","PCADV063","1p","protein_coding",1,0.180434382723588,1.19773752662757,0.990229638964751,1.44872979583981,0.0630532481101113,0.597661119527121,0.223544996005123,FALSE,FALSE,"Other"
"PROBE0215_at","PCADV064","8q","protein_coding",1,0.200125368902458,1.22155589368243,1.00319358318294,1.48744851084058,0.0464043501262035,0.501668650013011,0.299583037803747,FALSE,FALSE,"Other"
"PROBE0216_at","PCADV065","13q","protein_coding",1,0.302267143139811,1.35292260242975,1.11949303614063,1.63502541692929,0.00175946375837975,0.0591416389371345,1.22810664444482,FALSE,FALSE,"Other"
"PROBE0217_at","PCADV066","17p","protein_coding",1,0.333231531747524,1.39547035675955,1.15668649658406,1.68354824089806,0.000501184930890419,0.0230429853282951,1.63746125668906,FALSE,FALSE,"Other"
"PROBE0218_at","PCADV067","1p","protein_coding",1,0.233734579229744,1.26330913922012,1.0477234465509,1.52325500253998,0.0143536539418439,0.245361605843486,0.610193394644243,FALSE,FALSE,"Other"
"PROBE0219_at","PCADV068","8q","protein_coding",1,0.349006537434694,1.41765845816128,1.16827819058044,1.72027135334754,0.000406943757570404,0.0206047472187546,1.68603270907792,FALSE,FALSE,"Other"
"PROBE0220_at","PCADV069","13q","protein_coding",1,0.183411491249012,1.20130863437937,0.997806333394618,1.44631516832003,0.0527729712937424,0.538875047637504,0.268511925745656,FALSE,FALSE,"Other"
"PROBE0221_at","PCADV070","17p","protein_coding",1,0.233156500650734,1.26257905831047,1.05063469717429,1.51727891984867,0.0128900030580179,0.22930661311484,0.639583420203037,FALSE,FALSE,"Other"
"PROBE0222_at","PCADV071","1p","protein_coding",1,0.11210456132738,1.11862981994905,0.922863393109839,1.35592405487289,0.253401046624604,0.896069094248902,0.0476585013935697,FALSE,FALSE,"Other"
"PROBE0223_at","PCADV072","8q","protein_coding",1,0.299010216747929,1.34852340092619,1.11366558953565,1.6329097171834,0.00219382495112073,0.0690968488541963,1.16054175807355,FALSE,FALSE,"Other"
"PROBE0224_at","PCADV073","13q","protein_coding",1,0.247615091813641,1.28096678269036,1.04768275913626,1.56619538123245,0.0157741649317541,0.25695546327543,0.590142144100043,FALSE,FALSE,"Other"
"PROBE0225_at","PCADV074","17p","protein_coding",1,0.219722390549408,1.24573085592207,1.01749102988176,1.52516859591052,0.0333461519322832,0.406660389418088,0.390768127804242,FALSE,FALSE,"Other"
"PROBE0226_at","PCADV075","1p","protein_coding",1,0.372057994612458,1.45071711263029,1.20420065434959,1.74769888496288,9.02377318884017e-05,0.00721901855107213,2.14152184215703,FALSE,FALSE,"Other"
"PROBE0227_at","PCADV076","8q","protein_coding",1,0.405812075449585,1.50052054131233,1.23491264516974,1.82325600414494,4.44970330254434e-05,0.00468233017429435,2.32953796530443,FALSE,FALSE,"Other"
"PROBE0228_at","PCADV077","13q","protein_coding",1,0.205174668320011,1.22773949343043,1.02696400627647,1.46776737501647,0.0243221631376771,0.329870057841808,0.481657103382306,FALSE,FALSE,"Other"
"PROBE0229_at","PCADV078","17p","protein_coding",1,0.212528432116374,1.23680127794325,1.02760662406042,1.48858265926487,0.0245752727536469,0.332098280454687,0.478733373094701,FALSE,FALSE,"Other"
"PROBE0230_at","PCADV079","1p","protein_coding",1,0.218685132015149,1.24443938087292,1.02636673662845,1.50884602686417,0.0260998964070405,0.344553087881723,0.46274385358855,FALSE,FALSE,"Other"
"PROBE0231_at","PCADV080","8q","protein_coding",1,0.246146676479152,1.27908717178616,1.06089475325462,1.54215485372965,0.00989673970630234,0.194053719731418,0.712078028041997,FALSE,FALSE,"Other"
"PROBE0232_at","PCFAV001","6p","protein_coding",1,-0.351755624854805,0.70345200715964,0.577433355587365,0.85697288109304,0.000478651079388199,0.0227929085422952,1.64220025212233,FALSE,FALSE,"Other"
"PROBE0233_at","PCFAV002","11q","protein_coding",1,-0.042487195698506,0.958402737119981,0.79503655504378,1.15533782779144,0.655887561750105,0.984634761176682,0.00672483612294994,FALSE,FALSE,"Other"
"PROBE0234_at","PCFAV003","5q","protein_coding",1,-0.421039947732275,0.656363880636866,0.548243298884669,0.785807222233488,4.54702703705288e-06,0.000957268849905869,3.01896607305601,FALSE,FALSE,"Other"
"PROBE0235_at","PCFAV004","16q","protein_coding",1,-0.226819563760304,0.797064588652981,0.663226799891756,0.957910564814682,0.0155863597337214,0.255514093995434,0.592585139460274,FALSE,FALSE,"Other"
"PROBE0236_at","PCFAV005","6p","protein_coding",1,-0.368012167997078,0.692108760060124,0.573077782451618,0.835863037130396,0.000132383875101655,0.009806212970493,2.00849867901707,FALSE,FALSE,"Other"
"PROBE0237_at","PCFAV006","11q","protein_coding",1,-0.3799310964763,0.683908531296593,0.563695386786371,0.829758217193861,0.000117106318788061,0.00900817836831236,2.04536302306923,FALSE,FALSE,"Other"
"PROBE0238_at","PCFAV007","5q","protein_coding",1,-0.397648395771543,0.671898228393184,0.558205255594826,0.80874772280106,2.61998940021811e-05,0.0033806314841524,2.47100216822324,FALSE,FALSE,"Other"
"PROBE0239_at","PCFAV008","16q","protein_coding",1,-0.247391293499773,0.780835098048252,0.642339547965415,0.949191828955939,0.0130131502942672,0.22930661311484,0.639583420203037,FALSE,FALSE,"Other"
"PROBE0240_at","PCFAV009","6p","protein_coding",1,-0.396132530872849,0.67291750768277,0.557225151058931,0.812630175227144,3.86318322038831e-05,0.00429242580043145,2.36729720338701,FALSE,FALSE,"Other"
"PROBE0241_at","PCFAV010","11q","protein_coding",1,-0.229959342967745,0.794565906538327,0.652499598070925,0.967563783486729,0.0221347406579281,0.320793342868523,0.493774652811391,FALSE,FALSE,"Other"
"PROBE0242_at","PCFAV011","5q","protein_coding",1,-0.296941855264255,0.743087217715755,0.618602587598764,0.892622540225607,0.0015023723548775,0.0518059432716379,1.28562041434714,FALSE,FALSE,"Other"
"PROBE0243_at","PCFAV012","16q","protein_coding",1,-0.412146416369182,0.662227308035427,0.552503108397728,0.793742154283329,8.2247213580626e-06,0.00131595541729002,2.88075882375619,FALSE,FALSE,"Other"
"PROBE0244_at","PCFAV013","6p","protein_coding",1,-0.152488432088587,0.858568825747067,0.717887755870876,1.02681849985095,0.0948980370522627,0.693952738956217,0.158670105783522,FALSE,FALSE,"Other"
"PROBE0245_at","PCFAV014","11q","protein_coding",1,-0.282507116264322,0.753891277050634,0.630476179561003,0.901464759554876,0.00195325975084581,0.0635206423039289,1.19708511908786,FALSE,FALSE,"Other"
"PROBE0246_at","PCFAV015","5q","protein_coding",1,-0.315648051523292,0.729316086689307,0.604337097452186,0.880141160531499,0.000997699409313412,0.0395892442120588,1.4024227891714,FALSE,FALSE,"Other"
"PROBE0247_at","PCFAV016","16q","protein_coding",1,-0.305939106159701,0.736431462230614,0.618396423248787,0.876996176197052,0.000597812155866983,0.0268679620614374,1.57076527361289,FALSE,FALSE,"Other"
"PROBE0248_at","PCFAV017","6p","protein_coding",1,-0.304275970924339,0.737657266400383,0.609100333809596,0.893347470801718,0.00184404723831819,0.0614682412772729,1.21134921268852,FALSE,FALSE,"Other"
"PROBE0249_at","PCFAV018","11q","protein_coding",1,-0.20498252626234,0.814661551469277,0.671368896182393,0.988537668659029,0.0378233109321665,0.439805941071704,0.356738908314859,FALSE,FALSE,"Other"
"PROBE0250_at","PCFAV019","5q","protein_coding",1,-0.289741249237462,0.748457206398272,0.626151586396696,0.894652671940369,0.0014585170688117,0.0511760375021649,1.29093334403629,FALSE,FALSE,"Other"
"PROBE0251_at","PCFAV020","16q","protein_coding",1,-0.290852339428526,0.747626064759977,0.62538614450505,0.893759379896169,0.00140797026550727,0.0510697957839394,1.29183587878213,FALSE,FALSE,"Other"
"PROBE0252_at","PCFAV021","6p","protein_coding",1,-0.359985881448726,0.697686176319549,0.58597162206597,0.830698931991269,5.26893539972695e-05,0.00514042478022141,2.28900099149428,FALSE,FALSE,"Other"
"PROBE0253_at","PCFAV022","11q","protein_coding",1,-0.167128461835097,0.846090913964139,0.69633670387255,1.02805127277004,0.0926454246177727,0.688702135440119,0.161968570407416,FALSE,FALSE,"Other"
"PROBE0254_at","PCFAV023","5q","protein_coding",1,-0.376574586753372,0.686207933756054,0.568388094132594,0.828450372572206,8.92581875639677e-05,0.00721901855107213,2.14152184215703,FALSE,FALSE,"Other"
"PROBE0255_at","PCFAV024","16q","protein_coding",1,-0.336097044073649,0.714553759243637,0.598795873561914,0.852689701770998,0.00019360929717784,0.012695691618219,1.89634363525544,FALSE,FALSE,"Other"
"PROBE0256_at","PCFAV025","6p","protein_coding",1,-0.250926277649527,0.778079731311231,0.641195086425263,0.944187005007443,0.0110315455660688,0.208142369171109,0.681639506408854,FALSE,FALSE,"Other"
"PROBE0257_at","PCFAV026","11q","protein_coding",1,-0.337241360704622,0.713736551154788,0.594077168322713,0.857497799305436,0.000315798149071087,0.0170701702200588,1.76776214817269,FALSE,FALSE,"Other"
"PROBE0258_at","PCFAV027","5q","protein_coding",1,-0.215289089777991,0.806308310990702,0.668683851140643,0.972257803540011,0.0241585725199553,0.329870057841808,0.481657103382306,FALSE,FALSE,"Other"
"PROBE0259_at","PCFAV028","16q","protein_coding",1,-0.334342498505212,0.715808576870775,0.591937510881527,0.865601367209713,0.000563227587524889,0.0256012539784041,1.59173876193176,FALSE,FALSE,"Other"
"PROBE0260_at","PCFAV029","6p","protein_coding",1,-0.382160344771367,0.682385627465282,0.564803101591796,0.824446861674157,7.47604751276113e-05,0.00679640682978284,2.16772063235721,FALSE,FALSE,"Other"
"PROBE0261_at","PCFAV030","11q","protein_coding",1,-0.248619372614888,0.779876759350305,0.641128667481891,0.948651636751078,0.0128700794815557,0.22930661311484,0.639583420203037,FALSE,FALSE,"Other"
"PROBE0262_at","PCFAV031","5q","protein_coding",1,-0.317262467513148,0.728139617048519,0.599758236986695,0.88400170138443,0.00134672501775094,0.0498787043611459,1.30208483619015,FALSE,FALSE,"Other"
"PROBE0263_at","PCFAV032","16q","protein_coding",1,-0.371379901110154,0.689781842888276,0.575841243376922,0.826267649722526,5.53820127841404e-05,0.00527447740801337,2.27782056352964,FALSE,FALSE,"Other"
"PROBE0264_at","PCFAV033","6p","protein_coding",1,-0.184465157630794,0.831548912528887,0.681491271790822,1.01464776226836,0.0692556453899027,0.62141700782189,0.206616864531134,FALSE,FALSE,"Other"
"PROBE0265_at","PCFAV034","11q","protein_coding",1,-0.172317557661206,0.841711838680788,0.69847084691056,1.01432840398293,0.0702201218838736,0.62141700782189,0.206616864531134,FALSE,FALSE,"Other"
"PROBE0266_at","PCFAV035","5q","protein_coding",1,-0.329919568066306,0.718981560183512,0.598986363664767,0.86301544616336,0.00039815937662659,0.0204844095499744,1.68857654979156,FALSE,FALSE,"Other"
"PROBE0267_at","PCFAV036","16q","protein_coding",1,-0.312551619616922,0.731577864202851,0.608703824159887,0.879255477210577,0.000863440677002776,0.0352349755771273,1.45302602519474,FALSE,FALSE,"Other"
"PROBE0268_at","PCFAV037","6p","protein_coding",1,-0.269219702359795,0.763975390012625,0.641411446336356,0.909959433806038,0.00254833160247324,0.0771611887708582,1.11260109009183,FALSE,FALSE,"Other"
"PROBE0269_at","PCFAV038","11q","protein_coding",1,-0.34078657151079,0.711210684631058,0.582043331011055,0.869042923410405,0.000860431489963004,0.0352349755771273,1.45302602519474,FALSE,FALSE,"Other"
"PROBE0270_at","PCFAV039","5q","protein_coding",1,-0.345874016866591,0.70760162736152,0.584721541870548,0.856305142175729,0.000379487135795956,0.0199730071471556,1.69955654258569,FALSE,FALSE,"Other"
"PROBE0271_at","PCFAV040","16q","protein_coding",1,-0.318867576773713,0.72697181088518,0.60413239216609,0.874788408426186,0.000734173408634769,0.0312414216440327,1.50526921173101,FALSE,FALSE,"Other"
"PROBE0272_at","PCFAV041","6p","protein_coding",1,-0.22954910233908,0.794891936626163,0.661928431159731,0.954564211430313,0.0139768061610436,0.240979416569717,0.618020051416653,FALSE,FALSE,"Other"
"PROBE0273_at","PCFAV042","11q","protein_coding",1,-0.354191208987763,0.701740775383115,0.574927213436622,0.856526016383429,0.000496123144288294,0.0230429853282951,1.63746125668906,FALSE,FALSE,"Other"
"PROBE0274_at","PCFAV043","5q","protein_coding",1,-0.349842240190527,0.704799269947141,0.584984325365006,0.849154395048237,0.000233277144433185,0.0145530694022568,1.83704539953868,FALSE,FALSE,"Other"
"PROBE0275_at","PCFAV044","16q","protein_coding",1,-0.268983131320329,0.764156145844721,0.64022928647021,0.91207107761608,0.00288786811225935,0.0840178614186015,1.07562837714129,FALSE,FALSE,"Other"
"PROBE0276_at","PCFAV045","6p","protein_coding",1,-0.212544288683476,0.808524507042511,0.673142299474729,0.971134749663546,0.0230122874060261,0.321850173510854,0.49234625240487,FALSE,FALSE,"Other"
"PROBE0277_at","PCFAV046","11q","protein_coding",1,-0.426085132664095,0.653060742953193,0.550481715320417,0.774754768627205,1.02266971007065e-06,0.000584382691468941,3.23330265569265,FALSE,FALSE,"Other"
"PROBE0278_at","PCFAV047","5q","protein_coding",1,-0.349668412320896,0.704921794351523,0.58478916274877,0.849733147953784,0.000244327736384483,0.0147881859342482,1.83008509761,FALSE,FALSE,"Other"
"PROBE0279_at","PCFAV048","16q","protein_coding",1,-0.247733023446995,0.780568308898924,0.6514698967083,0.93524948418321,0.00723813528701301,0.159958790873216,0.795991887353438,FALSE,FALSE,"Other"
"PROBE0280_at","PCFAV049","6p","protein_coding",1,-0.31493908486381,0.729833330811747,0.608778499861651,0.874959761037584,0.000665220961912868,0.0289226505179508,1.53876191011284,FALSE,FALSE,"Other"
"PROBE0281_at","PCFAV050","11q","protein_coding",1,-0.226458863860541,0.79735214162726,0.659287481220817,0.964329607139374,0.0195758824385675,0.30001352396272,0.522859167780333,FALSE,FALSE,"Other"
"PROBE0282_at","PCFAV051","5q","protein_coding",1,-0.350368325052391,0.704428583235452,0.589220427738191,0.842162975889884,0.000120431858304096,0.00908919685313935,2.04147449055799,FALSE,FALSE,"Other"
"PROBE0283_at","PCFAV052","16q","protein_coding",1,-0.2991933402136,0.741416050039408,0.611612499780927,0.898768026246903,0.00231244296842099,0.0722638427631561,1.14107894774364,FALSE,FALSE,"Other"
"PROBE0284_at","PCFAV053","6p","protein_coding",1,-0.331224447754962,0.71804398759186,0.598465839847285,0.861514782946319,0.000365514958733468,0.0194941311324516,1.71009611686435,FALSE,FALSE,"Other"
"PROBE0285_at","PCFAV054","11q","protein_coding",1,-0.277653246834574,0.757559462117461,0.624913692048449,0.918360960795212,0.00469669562098872,0.119661034929649,0.922047245332414,FALSE,FALSE,"Other"
"PROBE0286_at","PCFAV055","5q","protein_coding",1,-0.265244094303754,0.767018702227645,0.639670474687575,0.919719938385969,0.00419152965037587,0.109582474519631,0.960258896837181,FALSE,FALSE,"Other"
"PROBE0287_at","PCFAV056","16q","protein_coding",1,-0.272419870852184,0.761534447836823,0.637685638404318,0.909436688417991,0.00262762173194512,0.0784364696103021,1.10548196196077,FALSE,FALSE,"Other"
"PROBE0288_at","PCFAV057","6p","protein_coding",1,-0.276418918317228,0.75849511669891,0.628019849252757,0.916077481851291,0.00410356567980006,0.109288212782567,0.961426676106456,FALSE,FALSE,"Other"
"PROBE0289_at","PCFAV058","11q","protein_coding",1,-0.108404346269206,0.897264717430011,0.739858423870236,1.08815950075059,0.270683650688558,0.91063262919453,0.0406567923923655,FALSE,FALSE,"Other"
"PROBE0290_at","PCFAV059","5q","protein_coding",1,-0.254869764199516,0.775017426403606,0.641704033431031,0.9360265479675,0.00813465101052878,0.173003953377508,0.76194397253352,FALSE,FALSE,"Other"
"PROBE0291_at","PCFAV060","16q","protein_coding",1,-0.226986195794131,0.796931783224609,0.66344082657334,0.957282460884774,0.0152370162073982,0.2518515075603,0.598855445151079,FALSE,FALSE,"Other"
"PROBE0292_at","PCFAV061","6p","protein_coding",1,-0.494040722244452,0.610155935665596,0.505462165265568,0.736534386569484,2.69037591489707e-07,0.000502646757389643,3.29873711476493,FALSE,FALSE,"Other"
"PROBE0293_at","PCFAV062","11q","protein_coding",1,-0.307074992768182,0.735595434500843,0.608670256232842,0.888988147059203,0.00148480556705735,0.0516454110280816,1.28696826182533,FALSE,FALSE,"Other"
"PROBE0294_at","PCFAV063","5q","protein_coding",1,-0.220981245686028,0.801731716077526,0.663001406069578,0.96949077133203,0.0226319545533877,0.321642603651827,0.49262643098872,FALSE,FALSE,"Other"
"PROBE0295_at","PCFAV064","16q","protein_coding",1,-0.399297718283582,0.670790964887614,0.554899262501801,0.810886856374937,3.68901387186868e-05,0.00429242580043145,2.36729720338701,FALSE,FALSE,"Other"
"PROBE0296_at","PCFAV065","6p","protein_coding",1,-0.318566852810682,0.727190461604269,0.59894254874352,0.882899317401269,0.00129054498290445,0.0491636183963601,1.30835616094135,FALSE,FALSE,"Other"
"PROBE0297_at","PCFAV066","11q","protein_coding",1,-0.252392766937399,0.776939521976884,0.644220715746692,0.937000326215866,0.00827064584876952,0.173318681387883,0.761154623746505,FALSE,FALSE,"Other"
"PROBE0298_at","PCFAV067","5q","protein_coding",1,-0.241203212458261,0.785681949804328,0.651436030772239,0.94759285192832,0.0116344490436503,0.216454865928377,0.664632646755004,FALSE,FALSE,"Other"
"PROBE0299_at","PCFAV068","16q","protein_coding",1,-0.364268674338321,0.694704520389385,0.574682616778187,0.839792881425753,0.000167073919871129,0.0113270454149918,1.94588335821275,FALSE,FALSE,"Other"
"PROBE0300_at","PCFAV069","6p","protein_coding",1,-0.360471615362494,0.697347368774362,0.577161280629233,0.842560596245055,0.000187748269563502,0.0125165513042334,1.90251531616236,FALSE,FALSE,"Other"
"PROBE0301_at","PCFAV070","11q","protein_coding",1,-0.251729066193686,0.77745534847372,0.646392930243684,0.935091939576947,0.00753046866587825,0.164600407997339,0.783569092630594,FALSE,FALSE,"Other"
"PROBE0302_at","PCFAV071","5q","protein_coding",1,-0.320108280697114,0.726070413406537,0.610239655688888,0.863887229074319,0.000306197789155666,0.0167779610496255,1.77526081816167,FALSE,FALSE,"Other"
"PROBE0303_at","PCFAV072","16q","protein_coding",1,-0.363040166154638,0.695558495027937,0.571427226650945,0.846654827493997,0.000294989105457445,0.0166191045328138,1.77939238048781,FALSE,FALSE,"Other"
"PROBE0304_at","PCFAV073","6p","protein_coding",1,-0.377860632669862,0.685326006066289,0.568936616765635,0.825525587122205,6.92066492333453e-05,0.00643782783566003,2.19126064166448,FALSE,FALSE,"Other"
"PROBE0305_at","PCFAV074","11q","protein_coding",1,-0.236129197727251,0.78967864265595,0.652366532783487,0.95589262681246,0.0154008143836355,0.253511347878774,0.596002595656766,FALSE,FALSE,"Other"
"PROBE0306_at","PCFAV075","5q","protein_coding",1,-0.327247802292856,0.720905078959341,0.599697615907598,0.866610303399056,0.00049345346673667,0.0230429853282951,1.63746125668906,FALSE,FALSE,"Other"
"PROBE0307_at","PCFAV076","16q","protein_coding",1,-0.165784741301808,0.847228587884985,0.703062257403415,1.02095692461232,0.0815033644678734,0.649003249132368,0.187753128967387,FALSE,FALSE,"Other"
"PROBE0308_at","PCFAV077","6p","protein_coding",1,-0.218383523777607,0.803817099571544,0.675451495419959,0.956577835632573,0.0138920455927482,0.240554902038929,0.618785788598186,FALSE,FALSE,"Other"
"PROBE0309_at","PCFAV078","11q","protein_coding",1,-0.354550110788635,0.701488964545468,0.575728726204208,0.854719844575781,0.000435981686162065,0.0215583107900402,1.6663852714679,FALSE,FALSE,"Other"
"PROBE0310_at","PCFAV079","5q","protein_coding",1,-0.260369366821993,0.770766837521247,0.64257884590901,0.924527039140387,0.00502349203573301,0.125587300893325,0.901054273264304,FALSE,FALSE,"Other"
"PROBE0311_at","PCFAV080","16q","protein_coding",1,-0.200386309456587,0.818414530729444,0.675257202400672,0.991921806576541,0.0410877230627619,0.461659809693954,0.335677931790373,FALSE,FALSE,"Other"
"PROBE0312_at","PCOTH001","2p","protein_coding",1,0.00900589568288558,1.00904657077493,0.818986820072145,1.24321290286815,0.932595445624703,0.997858297460263,0.000931127049766214,FALSE,FALSE,"Other"
"PROBE0313_at","PCOTH002","3q","protein_coding",1,0.139007935476021,1.14913321888653,0.956661094484557,1.38032910751951,0.137212882021966,0.800075113830705,0.0968692380195176,FALSE,FALSE,"Other"
"PROBE0314_at","PCOTH003","4q","protein_coding",1,-0.0199701416614186,0.980227940847558,0.80750698332316,1.18989288744481,0.839971557205846,0.988996144554354,0.00480540142813218,FALSE,FALSE,"Other"
"PROBE0315_at","PCOTH004","7q","protein_coding",1,-0.114186813204503,0.89209128588299,0.732066870167898,1.08709585801342,0.257614261192699,0.898946961933321,0.0462659309799922,FALSE,FALSE,"Other"
"PROBE0316_at","PCOTH005","9p","protein_coding",1,0.0174324200645469,1.01758525148142,0.852268647313513,1.21496871590489,0.84717660150391,0.989073402045557,0.0047714769362556,FALSE,FALSE,"Other"
"PROBE0317_at","PCOTH006","10q","protein_coding",1,0.228995973288609,1.25733697606652,1.03713839612412,1.52428670782227,0.0197437639749102,0.301211552245566,0.521128375830259,FALSE,FALSE,"Other"
"PROBE0318_at","PCOTH007","12p","protein_coding",1,0.070414002015804,1.07295229372861,0.891136490608779,1.29186340897232,0.457302841524965,0.957586063622862,0.0188221831276811,FALSE,FALSE,"Other"
"PROBE0319_at","PCOTH008","15q","protein_coding",1,0.0844458331760015,1.08811390296142,0.901310486602008,1.3136337404457,0.379545259567065,0.942694659767482,0.0256289531287006,FALSE,FALSE,"Other"
"PROBE0320_at","PCOTH009","18q","protein_coding",1,0.069619912804008,1.07210061208774,0.880304668838671,1.30568400137562,0.488764062223911,0.959907336349336,0.0177706891005534,FALSE,FALSE,"Other"
"PROBE0321_at","PCOTH010","19q","protein_coding",1,0.0555559861619891,1.05712819996634,0.869069984947333,1.285880366967,0.578300819386463,0.981677239820465,0.00803127800303875,FALSE,FALSE,"Other"
"PROBE0322_at","PCOTH011","20q","protein_coding",1,0.135829472063462,1.14548653948276,0.95109558313993,1.37960835419329,0.152279955926749,0.821947348369236,0.0851560012495655,FALSE,FALSE,"Other"
"PROBE0323_at","PCOTH012","21q","protein_coding",1,0.096519603551679,1.1013311709347,0.914593827636975,1.32619564162841,0.308586343703329,0.922423154313618,0.0350698040823652,FALSE,FALSE,"Other"
"PROBE0324_at","PCOTH013","2p","protein_coding",1,0.0860146070714688,1.08982224730032,0.904978616976103,1.31242054611118,0.364373199248026,0.937861450476062,0.0278613148597698,FALSE,FALSE,"Other"
"PROBE0325_at","PCOTH014","3q","protein_coding",1,0.00655909728643866,1.00658065527291,0.832076935199829,1.21768140986425,0.94616566060835,0.998610398120975,0.00060391612684265,FALSE,FALSE,"Other"
"PROBE0326_at","PCOTH015","4q","protein_coding",1,0.00788863797637885,1.00791983526168,0.836341326930682,1.21469830749872,0.933966346003249,0.997858297460263,0.000931127049766214,FALSE,FALSE,"Other"
"PROBE0327_at","PCOTH016","7q","protein_coding",1,0.0796966794182365,1.08295853423937,0.906999381470881,1.29305400956278,0.378341191650125,0.9417881484758,0.0260467790493247,FALSE,FALSE,"Other"
"PROBE0328_at","PCOTH017","9p","protein_coding",1,-0.0134166100003899,0.9866729915476,0.819145714758778,1.18846204614056,0.887618358057913,0.996171374724732,0.00166594200305885,FALSE,FALSE,"Other"
"PROBE0329_at","PCOTH018","10q","protein_coding",1,-0.0237373119766804,0.976542202008447,0.802942349909259,1.18767514555843,0.812121489699859,0.987717331562396,0.00536732556128047,FALSE,FALSE,"Other"
"PROBE0330_at","PCOTH019","12p","protein_coding",1,-0.0316454327176585,0.968850043712466,0.805530928491913,1.16528164717274,0.73688909649038,0.987162805516434,0.00561121642193621,FALSE,FALSE,"Other"
"PROBE0331_at","PCOTH020","15q","protein_coding",1,0.0237879253297911,1.0240731148917,0.854187412768234,1.22774666187751,0.79715501143865,0.987717331562396,0.00536732556128047,FALSE,FALSE,"Other"
"PROBE0332_at","PCOTH021","18q","protein_coding",1,-0.0450039739354108,0.955993682768403,0.798699635116868,1.14426485415805,0.623659040995578,0.981677239820465,0.00803127800303875,FALSE,FALSE,"Other"
"PROBE0333_at","PCOTH022","19q","protein_coding",1,-0.0384161011543394,0.96231243825578,0.801708289035397,1.15509000154656,0.680077334417024,0.987049832245317,0.00566092096476375,FALSE,FALSE,"Other"
"PROBE0334_at","PCOTH023","20q","protein_coding",1,0.0539024315184518,1.05538162514889,0.878000596725226,1.26859865341354,0.565876479632031,0.981677239820465,0.00803127800303875,FALSE,FALSE,"Other"
"PROBE0335_at","PCOTH024","21q","protein_coding",1,-0.054834660216448,0.946641652540842,0.787697628684575,1.13765788507166,0.558740664232662,0.981677239820465,0.00803127800303875,FALSE,FALSE,"Other"
"PROBE0336_at","PCOTH025","2p","protein_coding",1,-0.108273766648397,0.897381889566558,0.749811958386344,1.07399494862032,0.237524602929152,0.877366243832474,0.0568190788429758,FALSE,FALSE,"Other"
"PROBE0337_at","PCOTH026","3q","protein_coding",1,0.143906746731563,1.15477641682851,0.951184330963689,1.40194547939225,0.145885276360612,0.81431953462214,0.0892051468394327,FALSE,FALSE,"Other"
"PROBE0338_at","PCOTH027","4q","protein_coding",1,0.0933921987221843,1.09789224277503,0.90630569150157,1.32997882287214,0.339830351957506,0.929218384701568,0.0318822062163394,FALSE,FALSE,"Other"
"PROBE0339_at","PCOTH028","7q","protein_coding",1,-0.144400170141163,0.865541314957548,0.720297595065855,1.04007256588153,0.123380618348758,0.759265343684665,0.119606422840386,FALSE,FALSE,"Other"
"PROBE0340_at","PCOTH029","9p","protein_coding",1,0.0365851620880792,1.03726263570838,0.868332061445855,1.23905798623306,0.686675921722274,0.987162805516434,0.00561121642193621,FALSE,FALSE,"Other"
"PROBE0341_at","PCOTH030","10q","protein_coding",1,-0.089859131554373,0.914059938405121,0.755983125104382,1.10519076848681,0.35364059562492,0.93265951062406,0.0302768767744387,FALSE,FALSE,"Other"
"PROBE0342_at","PCOTH031","12p","protein_coding",1,0.0835452749451941,1.0871344341306,0.901993178765617,1.31027740086666,0.380441701632989,0.942694659767482,0.0256289531287006,FALSE,FALSE,"Other"
"PROBE0343_at","PCOTH032","15q","protein_coding",1,0.0592276161482841,1.06101671779565,0.871242726071368,1.29212725886177,0.555812560190614,0.981677239820465,0.00803127800303875,FALSE,FALSE,"Other"
"PROBE0344_at","PCOTH033","18q","protein_coding",1,0.175455380759448,1.19178881075326,0.984489013229984,1.44273887300849,0.0719201796679247,0.629566930885524,0.200958092134251,FALSE,FALSE,"Other"
"PROBE0345_at","PCOTH034","19q","protein_coding",1,-0.06143217161947,0.940416730520049,0.779874408044853,1.13400775550408,0.520080133595182,0.971204731270182,0.0126892105773766,FALSE,FALSE,"Other"
"PROBE0346_at","PCOTH035","20q","protein_coding",1,0.0935920619126397,1.09811169295072,0.905891315672036,1.33111916334085,0.340450053684068,0.929218384701568,0.0318822062163394,FALSE,FALSE,"Other"
"PROBE0347_at","PCOTH036","21q","protein_coding",1,0.101465405738679,1.1067916290908,0.904210784841177,1.35475901278996,0.325249569422964,0.924241859464972,0.0342143659158097,FALSE,FALSE,"Other"
"PROBE0348_at","PCOTH037","2p","protein_coding",1,-0.057824790527729,0.943815298331196,0.780133751043632,1.14183922458469,0.551816210253061,0.981677239820465,0.00803127800303875,FALSE,FALSE,"Other"
"PROBE0349_at","PCOTH038","3q","protein_coding",1,0.0124480831657645,1.01252588303762,0.840764435541882,1.21937682004872,0.895579712118534,0.996171374724732,0.00166594200305885,FALSE,FALSE,"Other"
"PROBE0350_at","PCOTH039","4q","protein_coding",1,-0.0956691765657447,0.908764606972916,0.750259549092445,1.10075654736502,0.327924882008019,0.924241859464972,0.0342143659158097,FALSE,FALSE,"Other"
"PROBE0351_at","PCOTH040","7q","protein_coding",1,-0.088575664342569,0.915233857547904,0.752814907881732,1.11269450861302,0.374196027427343,0.939255208611999,0.0272163878906863,FALSE,FALSE,"Other"
"PROBE0352_at","PCOTH041","9p","protein_coding",1,0.00933021067570032,1.00937387277788,0.853359382467216,1.19391154064655,0.913272106424804,0.996299400294068,0.0016101310982482,FALSE,FALSE,"Other"
"PROBE0353_at","PCOTH042","10q","protein_coding",1,0.0144450081624013,1.0145498414572,0.8374938366154,1.22903755920239,0.882641888695508,0.995367227172832,0.00201666266001587,FALSE,FALSE,"Other"
"PROBE0354_at","PCOTH043","12p","protein_coding",1,-0.0111538668408891,0.988908106902228,0.817050380144192,1.19691425114368,0.908828772140334,0.996171374724732,0.00166594200305885,FALSE,FALSE,"Other"
"PROBE0355_at","PCOTH044","15q","protein_coding",1,0.0431643222600204,1.04410945117969,0.861019415190328,1.26613236218579,0.660811123858108,0.984634761176682,0.00672483612294994,FALSE,FALSE,"Other"
"PROBE0356_at","PCOTH045","18q","protein_coding",1,-0.134893007499011,0.873809397739644,0.725693488289376,1.05215614567241,0.154603238689536,0.826755287109817,0.0826230190870425,FALSE,FALSE,"Other"
"PROBE0357_at","PCOTH046","19q","protein_coding",1,0.07143951368285,1.07405318321504,0.889112951679446,1.29746196835321,0.458719989806653,0.957661774126624,0.018787847462735,FALSE,FALSE,"Other"
"PROBE0358_at","PCOTH047","20q","protein_coding",1,-0.0261293434206573,0.974209073925218,0.800401294380789,1.18575935144191,0.794395658670681,0.987717331562396,0.00536732556128047,FALSE,FALSE,"Other"
"PROBE0359_at","PCOTH048","21q","protein_coding",1,0.00677271109565187,1.00679569776817,0.827427316478327,1.22504727225917,0.946060661219568,0.998610398120975,0.00060391612684265,FALSE,FALSE,"Other"
"PROBE0360_at","PCOTH049","2p","protein_coding",1,0.135485959450393,1.14509311798484,0.951133873388585,1.37860535256169,0.152471233122493,0.821947348369236,0.0851560012495655,FALSE,FALSE,"Other"
"PROBE0361_at","PCOTH050","3q","protein_coding",1,-0.0164096263959679,0.983724278081949,0.820684284847822,1.17915436319984,0.859124313714413,0.990533378491605,0.00413088524358207,FALSE,FALSE,"Other"
"PROBE0362_at","PCOTH051","4q","protein_coding",1,-0.0298282264537361,0.970612244737138,0.793958460177506,1.18657105741155,0.771045457454293,0.987162805516434,0.00561121642193621,FALSE,FALSE,"Other"
"PROBE0363_at","PCOTH052","7q","protein_coding",1,-0.0576777850555315,0.943954054543506,0.784224177046023,1.13621752959146,0.541993988514053,0.979654746523367,0.00892695297908829,FALSE,FALSE,"Other"
"PROBE0364_at","PCOTH053","9p","protein_coding",1,0.064913918230066,1.06706716540032,0.887920632638813,1.282358235208,0.488771786916124,0.959907336349336,0.0177706891005534,FALSE,FALSE,"Other"
"PROBE0365_at","PCOTH054","10q","protein_coding",1,-0.0378273234865455,0.962879193158808,0.800421638079733,1.15830994129847,0.688262057037846,0.987162805516434,0.00561121642193621,FALSE,FALSE,"Other"
"PROBE0366_at","PCOTH055","12p","protein_coding",1,0.0042573079180533,1.00426638312749,0.830579519616245,1.21427382262683,0.964950336062151,0.998610398120975,0.00060391612684265,FALSE,FALSE,"Other"
"PROBE0367_at","PCOTH056","15q","protein_coding",1,-0.020140497618697,0.980060967401208,0.816709897246266,1.17608406982946,0.828597919450421,0.987717331562396,0.00536732556128047,FALSE,FALSE,"Other"
"PROBE0368_at","PCOTH057","18q","protein_coding",1,0.0437529765630412,1.04472425163567,0.850733014181721,1.28295098904269,0.67632831191743,0.986980389518321,0.00569147631576354,FALSE,FALSE,"Other"
"PROBE0369_at","PCOTH058","19q","protein_coding",1,0.012345743643231,1.0124222669243,0.837580389416908,1.22376175411378,0.89843913562628,0.996171374724732,0.00166594200305885,FALSE,FALSE,"Other"
"PROBE0370_at","PCOTH059","20q","protein_coding",1,0.0708457700341093,1.07341566024043,0.896155405261825,1.28573813524314,0.441694360185147,0.954498887488161,0.0202245734599784,FALSE,FALSE,"Other"
"PROBE0371_at","PCOTH060","21q","protein_coding",1,0.0302118030833992,1.03067281051612,0.861177978900156,1.23352717831206,0.741718334108292,0.987162805516434,0.00561121642193621,FALSE,FALSE,"Other"
"PROBE0372_at","PCOTH061","2p","protein_coding",1,0.0726748656754324,1.075380836846,0.889357001780536,1.30031465647691,0.453281469831478,0.957586063622862,0.0188221831276811,FALSE,FALSE,"Other"
"PROBE0373_at","PCOTH062","3q","protein_coding",1,-0.162189058987799,0.850280436184751,0.698816365653253,1.03457339537647,0.105149090654328,0.717495231810319,0.144180980733828,FALSE,FALSE,"Other"
"PROBE0374_at","PCOTH063","4q","protein_coding",1,-0.00821666444188259,0.991817000078937,0.819941580718857,1.19972079081921,0.932560518509006,0.997858297460263,0.000931127049766214,FALSE,FALSE,"Other"
"PROBE0375_at","PCOTH064","7q","protein_coding",1,-0.118989960651665,0.887816713818457,0.733949361863016,1.07394128027393,0.2204414896181,0.873383493977691,0.0587950200425064,FALSE,FALSE,"Other"
"PROBE0376_at","PCOTH065","9p","protein_coding",1,-0.0679400123491396,0.934316519349325,0.77927376769423,1.12020626706321,0.463037459076948,0.958698465664611,0.0183179676886145,FALSE,FALSE,"Other"
"PROBE0377_at","PCOTH066","10q","protein_coding",1,0.0789331308814261,1.08213195844065,0.899646552972117,1.30163292640871,0.4022166710428,0.946433601119706,0.0239098494010177,FALSE,FALSE,"Other"
"PROBE0378_at","PCOTH067","12p","protein_coding",1,-0.0525424951229465,0.948814000231495,0.780205424973028,1.15386022478172,0.598651766303938,0.981677239820465,0.00803127800303875,FALSE,FALSE,"Other"
"PROBE0379_at","PCOTH068","15q","protein_coding",1,-0.19017987802644,0.826810395544188,0.678874578934087,1.00698339780714,0.0586542437620004,0.577949488387166,0.2381101163776,FALSE,FALSE,"Other"
"PROBE0380_at","PCOTH069","18q","protein_coding",1,-0.0155821264301853,0.984538646786968,0.81692528720659,1.18654222386923,0.87001030057332,0.993729640860445,0.00273175589777648,FALSE,FALSE,"Other"
"PROBE0381_at","PCOTH070","19q","protein_coding",1,-0.230675761776606,0.793996868437141,0.65170692657616,0.967353577780816,0.0220575789814403,0.320793342868523,0.493774652811391,FALSE,FALSE,"Other"
"PROBE0382_at","PCOTH071","20q","protein_coding",1,-0.0407380577936213,0.960080582639443,0.791600746284632,1.16441871674267,0.679027221507085,0.987049832245317,0.00566092096476375,FALSE,FALSE,"Other"
"PROBE0383_at","PCOTH072","21q","protein_coding",1,-0.0534913466512314,0.9479141436,0.792247893936917,1.13416675577615,0.55892934706906,0.981677239820465,0.00803127800303875,FALSE,FALSE,"Other"
"PROBE0384_at","PCOTH073","2p","protein_coding",1,-0.0871417656807893,0.916547151491653,0.764563485765645,1.09874287295608,0.346186531619871,0.930975695483427,0.0310616567793586,FALSE,FALSE,"Other"
"PROBE0385_at","PCOTH074","3q","protein_coding",1,-0.0907744617546468,0.913223654534969,0.757087196819638,1.10156062169003,0.342688661673406,0.929316992036242,0.0318361219481569,FALSE,FALSE,"Other"
"PROBE0386_at","PCOTH075","4q","protein_coding",1,-0.17264914582421,0.841432783266714,0.691789118239658,1.02344646668855,0.083987706354768,0.655086654199539,0.183701248173824,FALSE,FALSE,"Other"
"PROBE0387_at","PCOTH076","7q","protein_coding",1,0.0457785929157036,1.04684260692704,0.884185580984,1.23942243262801,0.595188706666802,0.981677239820465,0.00803127800303875,FALSE,FALSE,"Other"
"PROBE0388_at","PCOTH077","9p","protein_coding",1,0.0177437956458838,1.01790215201564,0.841666987520375,1.23103888644912,0.854854886347992,0.990533378491605,0.00413088524358207,FALSE,FALSE,"Other"
"PROBE0389_at","PCOTH078","10q","protein_coding",1,0.0314135437566603,1.03191215649042,0.852366372623985,1.24927816595418,0.747379970513729,0.987162805516434,0.00561121642193621,FALSE,FALSE,"Other"
"PROBE0390_at","PCOTH079","12p","protein_coding",1,-0.0529486855570399,0.948428679322998,0.785971446816661,1.14446518815103,0.580713635290463,0.981677239820465,0.00803127800303875,FALSE,FALSE,"Other"
"PROBE0391_at","PCOTH080","15q","protein_coding",1,0.173143348815195,1.18903653984714,0.984445195560062,1.43614687690901,0.0722982372362972,0.629566930885524,0.200958092134251,FALSE,FALSE,"Other"
"PROBE0392_at","PCOTH081","18q","protein_coding",1,0.123127466462517,1.13102857997167,0.945810898051808,1.35251734923724,0.177211072228505,0.841832451190366,0.0747743369614036,FALSE,FALSE,"Other"
"PROBE0393_at","PCOTH082","19q","protein_coding",1,0.122661571334102,1.13050176199665,0.937098498640565,1.36382059701468,0.200080965994138,0.86897270790071,0.0609938633605992,FALSE,FALSE,"Other"
"PROBE0394_at","PCOTH083","20q","protein_coding",1,0.207791556182126,1.23095655752072,1.019706041912,1.48597143119998,0.0305328227340467,0.384060663321342,0.415600172338418,FALSE,FALSE,"Other"
"PROBE0395_at","PCOTH084","21q","protein_coding",1,0.0791252413457306,1.08233986728372,0.883089907955732,1.32654623018347,0.445910252283377,0.957586063622862,0.0188221831276811,FALSE,FALSE,"Other"
"PROBE0396_at","PCOTH085","2p","protein_coding",1,-0.109255572483633,0.896501267161793,0.734767888521121,1.09383457630457,0.281765188425928,0.914080092217121,0.0390157494696533,FALSE,FALSE,"Other"
"PROBE0397_at","PCOTH086","3q","protein_coding",1,0.1401446368,1.15044018281095,0.956781859624296,1.3832960992235,0.136174390901823,0.796341467262121,0.0989006690103693,FALSE,FALSE,"Other"
"PROBE0398_at","PCOTH087","4q","protein_coding",1,0.00562832710121822,1.00564419589181,0.833031183918549,1.21402447861996,0.953286765930289,0.998610398120975,0.00060391612684265,FALSE,FALSE,"Other"
"PROBE0399_at","PCOTH088","7q","protein_coding",1,-0.222276058986114,0.800694294966715,0.656005011652508,0.977296427015479,0.0288304087978591,0.370419606716616,0.431306033697787,FALSE,FALSE,"Other"
"PROBE0400_at","PCOTH089","9p","protein_coding",1,0.0517315179082227,1.05309296795224,0.871996673547058,1.27179934602194,0.591050290076407,0.981677239820465,0.00803127800303875,FALSE,FALSE,"Other"
"PROBE0401_at","PCOTH090","10q","protein_coding",1,0.0583899967929015,1.06012836176048,0.889025505443044,1.26416186771704,0.515583189218888,0.968434707731315,0.0139296542715287,FALSE,FALSE,"Other"
"PROBE0402_at","PCOTH091","12p","protein_coding",1,0.0610210854046078,1.06292132607714,0.871001322795125,1.29712976991119,0.548106676596176,0.981677239820465,0.00803127800303875,FALSE,FALSE,"Other"
"PROBE0403_at","PCOTH092","15q","protein_coding",1,-0.0825589877430111,0.920757122870322,0.761782650162072,1.11290757164929,0.393251927687495,0.944212084776175,0.0249304454234874,FALSE,FALSE,"Other"
"PROBE0404_at","PCOTH093","18q","protein_coding",1,-0.0641826066185524,0.937833729247599,0.774630483661329,1.13542149743102,0.510555453129386,0.965133181719066,0.0154127528792844,FALSE,FALSE,"Other"
"PROBE0405_at","PCOTH094","19q","protein_coding",1,0.13297748861792,1.14222428499417,0.94909197767635,1.37465740720375,0.159400776062668,0.834321431978163,0.0786666001530803,FALSE,FALSE,"Other"
"PROBE0406_at","PCOTH095","20q","protein_coding",1,0.139728442968656,1.14996147632779,0.945934500240024,1.39799467796388,0.160857852792021,0.835789444772439,0.0779031178849403,FALSE,FALSE,"Other"
"PROBE0407_at","PCOTH096","21q","protein_coding",1,-0.0367921515890191,0.963876454719796,0.794784948431392,1.16894239353276,0.708520606511742,0.987162805516434,0.00561121642193621,FALSE,FALSE,"Other"
"PROBE0408_at","PCOTH097","2p","protein_coding",1,0.0445035177337006,1.04550865452501,0.867746470723104,1.25968630650358,0.639749355530483,0.983470813342858,0.00723852419632537,FALSE,FALSE,"Other"
"PROBE0409_at","PCOTH098","3q","protein_coding",1,-0.0656453304819834,0.936462940259188,0.77568520985791,1.13056537282634,0.494571821515791,0.959907336349336,0.0177706891005534,FALSE,FALSE,"Other"
"PROBE0410_at","PCOTH099","4q","protein_coding",1,0.0695312627190893,1.07200557449005,0.894524709948181,1.28470006357265,0.45148219413466,0.957586063622862,0.0188221831276811,FALSE,FALSE,"Other"
"PROBE0411_at","PCOTH100","7q","protein_coding",1,0.0745879868423388,1.0774401399075,0.880348698651726,1.31865618346661,0.469298144199347,0.959297990157255,0.0180464654273767,FALSE,FALSE,"Other"
"PROBE0412_at","PCOTH101","9p","protein_coding",1,-0.087142174825468,0.91654677649134,0.763473240933793,1.10031098466425,0.349962410504182,0.931293539030011,0.0309134100090507,FALSE,FALSE,"Other"
"PROBE0413_at","PCOTH102","10q","protein_coding",1,-0.00332925444576343,0.996676281376728,0.825935718166253,1.2027129811802,0.972298702863086,0.998610398120975,0.00060391612684265,FALSE,FALSE,"Other"
"PROBE0414_at","PCOTH103","12p","protein_coding",1,-0.0511924707327506,0.950095787300792,0.795876795404091,1.1341981701934,0.571062307671456,0.981677239820465,0.00803127800303875,FALSE,FALSE,"Other"
"PROBE0415_at","PCOTH104","15q","protein_coding",1,0.0126306422174135,1.01271074567626,0.838067715398497,1.22374724090225,0.895946638127294,0.996171374724732,0.00166594200305885,FALSE,FALSE,"Other"
"PROBE0416_at","PCOTH105","18q","protein_coding",1,-0.11893853424221,0.887862372218317,0.735587643044365,1.07165964444239,0.215343435733256,0.871394275798659,0.0597852972774978,FALSE,FALSE,"Other"
"PROBE0417_at","PCOTH106","19q","protein_coding",1,0.000216147129243974,1.00021617049072,0.839014481428918,1.19238989296977,0.998076651280568,0.999075727007576,0.000401592279433433,FALSE,FALSE,"Other"
"PROBE0418_at","PCOTH107","20q","protein_coding",1,0.155050525229833,1.1677169587824,0.970473151997186,1.40504958125,0.1004923559865,0.715248085313165,0.145543296107866,FALSE,FALSE,"Other"
"PROBE0419_at","PCOTH108","21q","protein_coding",1,0.130755448029252,1.13968903402997,0.939821889843015,1.38206090784407,0.183817642958819,0.850023782468526,0.0705689231676419,FALSE,FALSE,"Other"
"PROBE0420_at","PCOTH109","2p","protein_coding",1,0.0715534746282577,1.07417559030589,0.895986721026995,1.28780167354093,0.439414553243346,0.953265413689299,0.0207861637347655,FALSE,FALSE,"Other"
"PROBE0421_at","PCOTH110","3q","protein_coding",1,0.0682385923640354,1.07062071993651,0.879217481888279,1.30369191874532,0.497111266332623,0.959907336349336,0.0177706891005534,FALSE,FALSE,"Other"
"PROBE0422_at","PCOTH111","4q","protein_coding",1,0.0457553332714674,1.04681825802361,0.857602579619509,1.27778121401846,0.652846472691879,0.984634761176682,0.00672483612294994,FALSE,FALSE,"Other"
"PROBE0423_at","PCOTH112","7q","protein_coding",1,0.0470208135722914,1.04814382446989,0.86689237622195,1.26729165800518,0.627390962748445,0.981764861230005,0.00799251597927956,FALSE,FALSE,"Other"
"PROBE0424_at","PCOTH113","9p","protein_coding",1,0.137068887470445,1.14690715333177,0.951207334154683,1.3828699287023,0.151023921387244,0.821947348369236,0.0851560012495655,FALSE,FALSE,"Other"
"PROBE0425_at","PCOTH114","10q","protein_coding",1,0.100747248297473,1.10599706379214,0.913064577760126,1.33969659420761,0.302975275683858,0.92234964281671,0.0351044160817725,FALSE,FALSE,"Other"
"PROBE0426_at","PCOTH115","12p","protein_coding",1,0.0010057139697164,1.00100621986959,0.825390780314797,1.21398672739651,0.991847069475177,0.999075727007576,0.000401592279433433,FALSE,FALSE,"Other"
"PROBE0427_at","PCOTH116","15q","protein_coding",1,0.0553729298273252,1.05693470366369,0.867140257656892,1.28827021689341,0.583467490218732,0.981677239820465,0.00803127800303875,FALSE,FALSE,"Other"
"PROBE0428_at","PCOTH117","18q","protein_coding",1,-0.317409330629421,0.728032688047433,0.607122085026456,0.873023083722073,0.000613854535239857,0.0269826169336201,1.5689159321765,FALSE,FALSE,"Other"
"PROBE0429_at","PCOTH118","19q","protein_coding",1,-0.0176149292160014,0.982539306703569,0.803067878701035,1.202119415832,0.864092246937222,0.992432550785747,0.00329899974566152,FALSE,FALSE,"Other"
"PROBE0430_at","PCOTH119","20q","protein_coding",1,0.10078522360143,1.10603906516432,0.901892042695824,1.35639561694431,0.332997393090922,0.924241859464972,0.0342143659158097,FALSE,FALSE,"Other"
"PROBE0431_at","PCOTH120","21q","protein_coding",1,-0.192428720261317,0.824953118550658,0.679936964425875,1.00089814705264,0.0510733972050504,0.529258002124875,0.276332566936506,FALSE,FALSE,"Other"
"PROBE0432_at","PCOTH121","2p","protein_coding",1,0.0195321566620657,1.01972415725857,0.845312505204627,1.23012181943881,0.838287719905013,0.988449131713245,0.0050456757531258,FALSE,FALSE,"Other"
"PROBE0433_at","PCOTH122","3q","protein_coding",1,0.0986228243764706,1.10364995118709,0.912950500280201,1.33418319435877,0.308211699270843,0.922423154313618,0.0350698040823652,FALSE,FALSE,"Other"
"PROBE0434_at","PCOTH123","4q","protein_coding",1,-0.118063747840407,0.888639401966182,0.731259354724403,1.07989044054613,0.235173616912321,0.877366243832474,0.0568190788429758,FALSE,FALSE,"Other"
"PROBE0435_at","PCOTH124","7q","protein_coding",1,0.159915871314185,1.17341214921717,0.965524318623012,1.42606047861552,0.107981747619556,0.721631086467367,0.141684766499314,FALSE,FALSE,"Other"
"PROBE0436_at","PCOTH125","9p","protein_coding",1,-0.143464188378346,0.866351825095495,0.715348162869293,1.04923102316464,0.142060616424251,0.810616926814557,0.091184331823778,FALSE,FALSE,"Other"
"PROBE0437_at","PCOTH126","10q","protein_coding",1,-0.0696496651229075,0.932720527205386,0.77409068449998,1.1238574488624,0.463992121428092,0.958698465664611,0.0183179676886145,FALSE,FALSE,"Other"
"PROBE0438_at","PCOTH127","12p","protein_coding",1,-0.0998493871030398,0.90497370848406,0.752712422362446,1.08803493700419,0.288095854917516,0.916327163916274,0.0379494388697971,FALSE,FALSE,"Other"
"PROBE0439_at","PCOTH128","15q","protein_coding",1,-0.0389080836565829,0.961839113817685,0.796257064675521,1.16185403170845,0.686474707489959,0.987162805516434,0.00561121642193621,FALSE,FALSE,"Other"
"PROBE0440_at","PCOTH129","18q","protein_coding",1,-0.129471905412221,0.878559270830077,0.716490851279385,1.07728715723755,0.21334364637951,0.871394275798659,0.0597852972774978,FALSE,FALSE,"Other"
"PROBE0441_at","PCOTH130","19q","protein_coding",1,0.163986014845155,1.17819783769831,0.990252802725981,1.40181390139532,0.0643867489006578,0.604570412212749,0.218553111090001,FALSE,FALSE,"Other"
"PROBE0442_at","PCOTH131","20q","protein_coding",1,-0.00452186611431142,0.995488342129699,0.819068978518698,1.20990669321694,0.963760945572126,0.998610398120975,0.00060391612684265,FALSE,FALSE,"Other"
"PROBE0443_at","PCOTH132","21q","protein_coding",1,0.0501618271819234,1.05144123438109,0.876586274899976,1.26117497046481,0.588821303493259,0.981677239820465,0.00803127800303875,FALSE,FALSE,"Other"
"PROBE0444_at","PCOTH133","2p","protein_coding",1,0.128026389501085,1.13658299615951,0.946370844529207,1.36502610432972,0.17066048609266,0.841832451190366,0.0747743369614036,FALSE,FALSE,"Other"
"PROBE0445_at","PCOTH134","3q","protein_coding",1,-0.0166560969405454,0.983481848900469,0.818456018756086,1.18178194667897,0.858935071087919,0.990533378491605,0.00413088524358207,FALSE,FALSE,"Other"
"PROBE0446_at","PCOTH135","4q","protein_coding",1,0.00965348405373705,1.00970022922777,0.843151748159619,1.20914717324362,0.916406662478131,0.996817263779867,0.00138444911647886,FALSE,FALSE,"Other"
"PROBE0447_at","PCOTH136","7q","protein_coding",1,0.228666971532742,1.25692337803465,1.0365256909166,1.52418448678582,0.0200896093915939,0.301211552245566,0.521128375830259,FALSE,FALSE,"Other"
"PROBE0448_at","PCOTH137","9p","protein_coding",1,0.0404412833667239,1.04127016802892,0.860233985485489,1.26040540262434,0.678135297941442,0.987049832245317,0.00566092096476375,FALSE,FALSE,"Other"
"PROBE0449_at","PCOTH138","10q","protein_coding",1,0.0943190957529713,1.09891034760126,0.910716044031818,1.32599393628661,0.325051913156694,0.924241859464972,0.0342143659158097,FALSE,FALSE,"Other"
"PROBE0450_at","PCOTH139","12p","protein_coding",1,-0.0919597226472036,0.912141887465834,0.745746350740555,1.1156646251685,0.370851398290608,0.938134194070164,0.027735034141505,FALSE,FALSE,"Other"
"PROBE0451_at","PCOTH140","15q","protein_coding",1,0.0471915973884353,1.04832284575863,0.866288077726237,1.26860892721045,0.627713214418784,0.981764861230005,0.00799251597927956,FALSE,FALSE,"Other"
"PROBE0452_at","PCOTH141","18q","protein_coding",1,0.00978132086733307,1.0098293143385,0.846523787819693,1.20463861591398,0.913455992283268,0.996299400294068,0.0016101310982482,FALSE,FALSE,"Other"
"PROBE0453_at","PCOTH142","19q","protein_coding",1,-0.0562730401814399,0.945281000955383,0.779446587064996,1.14639820815932,0.567478506946193,0.981677239820465,0.00803127800303875,FALSE,FALSE,"Other"
"PROBE0454_at","PCOTH143","20q","protein_coding",1,-0.0679601887149084,0.934297668427659,0.771491426412606,1.13146057537976,0.486635800752944,0.959907336349336,0.0177706891005534,FALSE,FALSE,"Other"
"PROBE0455_at","PCOTH144","21q","protein_coding",1,-0.0746837300629736,0.92803695010699,0.771249579067493,1.11669763477241,0.42895868202885,0.946580419226861,0.0238424835038577,FALSE,FALSE,"Other"
"PROBE0456_at","PCOTH145","2p","protein_coding",1,0.101589795131104,1.10692931079198,0.916978759845572,1.33622778710464,0.290219055436569,0.91957582040123,0.0364124567202641,FALSE,FALSE,"Other"
"PROBE0457_at","PCOTH146","3q","protein_coding",1,0.169361391779872,1.1845481475433,0.978814352198564,1.43352445813301,0.081864272206119,0.649003249132368,0.187753128967387,FALSE,FALSE,"Other"
"PROBE0458_at","PCOTH147","4q","protein_coding",1,0.0438337020579972,1.04480859092209,0.873999954089299,1.24899891190735,0.63031818446973,0.981764861230005,0.00799251597927956,FALSE,FALSE,"Other"
"PROBE0459_at","PCOTH148","7q","protein_coding",1,-0.0141351447794411,0.985964287332427,0.815797539419844,1.19162602106678,0.883737625783987,0.995656280537888,0.00189056240874793,FALSE,FALSE,"Other"
"PROBE0460_at","PCOTH149","9p","protein_coding",1,0.278829902644562,1.32158252705686,1.09229279847947,1.59900383693212,0.00413099532231489,0.109288212782567,0.961426676106456,FALSE,FALSE,"Other"
"PROBE0461_at","PCOTH150","10q","protein_coding",1,0.0454242305899619,1.04647171106581,0.865167918249052,1.26576935986865,0.639821814786918,0.983470813342858,0.00723852419632537,FALSE,FALSE,"Other"
"PROBE0462_at","PCOTH151","12p","protein_coding",1,-0.00929945993938446,0.990743646313089,0.8215947247608,1.19471674187724,0.922440597812876,0.997256782471745,0.00119300131540458,FALSE,FALSE,"Other"
"PROBE0463_at","PCOTH152","15q","protein_coding",1,-0.0762605915267842,0.926574717575425,0.764733487449806,1.12266655160217,0.436208394099556,0.948794766937587,0.0228277193174989,FALSE,FALSE,"Other"
"PROBE0464_at","PCOTH153","18q","protein_coding",1,0.0494922836311767,1.05073748430558,0.877842145863621,1.257685412038,0.58949828558109,0.981677239820465,0.00803127800303875,FALSE,FALSE,"Other"
"PROBE0465_at","PCOTH154","19q","protein_coding",1,0.0860480753538385,1.0898587223894,0.907193911318386,1.30930335835487,0.357915363348205,0.935163084920255,0.0291126450582092,FALSE,FALSE,"Other"
"PROBE0466_at","PCOTH155","20q","protein_coding",1,-0.07951800798671,0.923561388337649,0.759684527406077,1.12278927272692,0.424942138006186,0.946433601119706,0.0239098494010177,FALSE,FALSE,"Other"
"PROBE0467_at","PCOTH156","21q","protein_coding",1,0.0318586433354041,1.03237156238968,0.851840475757411,1.25116271551109,0.745291193876263,0.987162805516434,0.00561121642193621,FALSE,FALSE,"Other"
"PROBE0468_at","PCOTH157","2p","protein_coding",1,0.11491758017861,1.12178097677395,0.923878228493665,1.36207621420374,0.245866520733012,0.890381439495304,0.0504239016930979,FALSE,FALSE,"Other"
"PROBE0469_at","PCOTH158","3q","protein_coding",1,0.0335541614312541,1.03412345181577,0.85978079747664,1.24381856018879,0.721694685106299,0.987162805516434,0.00561121642193621,FALSE,FALSE,"Other"
"PROBE0470_at","PCOTH159","4q","protein_coding",1,0.0319318288707005,1.03244711981992,0.853950658553438,1.24825368368486,0.74161208241048,0.987162805516434,0.00561121642193621,FALSE,FALSE,"Other"
"PROBE0471_at","PCOTH160","7q","protein_coding",1,-0.00636919331242837,0.993651047005001,0.818896187669203,1.20569910824029,0.948542328540869,0.998610398120975,0.00060391612684265,FALSE,FALSE,"Other"
"PROBE0472_at","PCOTH161","9p","protein_coding",1,-0.0310304228420972,0.969446079322393,0.799533111676661,1.175468141329,0.752292874980544,0.987162805516434,0.00561121642193621,FALSE,FALSE,"Other"
"PROBE0473_at","PCOTH162","10q","protein_coding",1,0.0661589307889563,1.06839650477282,0.882486678600279,1.29347118669403,0.49758759844865,0.959907336349336,0.0177706891005534,FALSE,FALSE,"Other"
"PROBE0474_at","PCOTH163","12p","protein_coding",1,0.178910883708772,1.19591416398402,0.98989905863694,1.44480457389963,0.0636365109020489,0.600004523644814,0.221845475305398,FALSE,FALSE,"Other"
"PROBE0475_at","PCOTH164","15q","protein_coding",1,0.159088686800202,1.17244192219252,0.969825824617162,1.41738859290237,0.100289337583616,0.71507549079227,0.14564810714454,FALSE,FALSE,"Other"
"PROBE0476_at","PCOTH165","18q","protein_coding",1,0.0273193053116327,1.02769589913858,0.852706436475635,1.23859609348268,0.774220413605159,0.987162805516434,0.00561121642193621,FALSE,FALSE,"Other"
"PROBE0477_at","PCOTH166","19q","protein_coding",1,0.00823257495624234,1.00826655578735,0.83013501711341,1.22462181038245,0.933849934946739,0.997858297460263,0.000931127049766214,FALSE,FALSE,"Other"
"PROBE0478_at","PCOTH167","20q","protein_coding",1,0.0829965620043563,1.08653807302865,0.899104808538708,1.3130449008048,0.390291839302456,0.942977154427675,0.0254988288174784,FALSE,FALSE,"Other"
"PROBE0479_at","PCOTH168","21q","protein_coding",1,0.0206097341611008,1.02082358131658,0.844575342227533,1.23385177386728,0.831227291255763,0.987726464829285,0.00536330972704716,FALSE,FALSE,"Other"
"PROBE0480_at","PCOTH169","2p","protein_coding",1,-0.0064651747134823,0.993555679562174,0.833764330678655,1.18397111997673,0.942388232398071,0.998610398120975,0.00060391612684265,FALSE,FALSE,"Other"
"PROBE0481_at","PCOTH170","3q","protein_coding",1,0.127921551321471,1.13646384511311,0.945494564015993,1.36600475603309,0.172929957031219,0.841832451190366,0.0747743369614036,FALSE,FALSE,"Other"
"PROBE0482_at","PCOTH171","4q","protein_coding",1,0.0688314408747156,1.0712556240182,0.875954264963691,1.31010106108472,0.502685690338295,0.960698882634104,0.0174127144155698,FALSE,FALSE,"Other"
"PROBE0483_at","PCOTH172","7q","protein_coding",1,0.060460464865973,1.06232559755521,0.880880873653479,1.28114448726808,0.526930146252704,0.974362597044867,0.0112793956972378,FALSE,FALSE,"Other"
"PROBE0484_at","PCOTH173","9p","protein_coding",1,0.0188309121528353,1.01900933195531,0.836357756905003,1.24155005443436,0.85178030922162,0.98957921489587,0.00454943519666904,FALSE,FALSE,"Other"
"PROBE0485_at","PCOTH174","10q","protein_coding",1,0.0195155785333359,1.01970725228034,0.854912895901053,1.21626762836138,0.828212918632727,0.987717331562396,0.00536732556128047,FALSE,FALSE,"Other"
"PROBE0486_at","PCOTH175","12p","protein_coding",1,-0.0364501833679053,0.964206126201763,0.805884900011745,1.15363056658769,0.690407832600876,0.987162805516434,0.00561121642193621,FALSE,FALSE,"Other"
"PROBE0487_at","PCOTH176","15q","protein_coding",1,-0.0829376976101907,0.920408489082309,0.760036794451016,1.11461944074259,0.39584285318263,0.944706745657324,0.0247029835627169,FALSE,FALSE,"Other"
"PROBE0488_at","PCOTH177","18q","protein_coding",1,-0.0748186048112926,0.927911789797586,0.767593054888903,1.1217145389232,0.439455355710767,0.953265413689299,0.0207861637347655,FALSE,FALSE,"Other"
"PROBE0489_at","PCOTH178","19q","protein_coding",1,0.0672893520912544,1.06960492582488,0.879880423879612,1.3002388350731,0.499398770963453,0.959907336349336,0.0177706891005534,FALSE,FALSE,"Other"
"PROBE0490_at","PCOTH179","20q","protein_coding",1,0.0107659244086664,1.01082408550479,0.835760671991558,1.22255732541445,0.911654018918876,0.996171374724732,0.00166594200305885,FALSE,FALSE,"Other"
"PROBE0491_at","PCOTH180","21q","protein_coding",1,0.122473020230365,1.13028862473592,0.938578596590976,1.36115651885482,0.19652602283288,0.862510274133389,0.0642357229528199,FALSE,FALSE,"Other"
"PROBE0492_at","PCOTH181","2p","protein_coding",1,0.0218245259619598,1.02206442296282,0.848116523650586,1.23168887240864,0.818649620183236,0.987717331562396,0.00536732556128047,FALSE,FALSE,"Other"
"PROBE0493_at","PCOTH182","3q","protein_coding",1,0.125456960902365,1.13366637593269,0.943320369063182,1.36242096966135,0.180970366169295,0.844669153648984,0.0733133654653255,FALSE,FALSE,"Other"
"PROBE0494_at","PCOTH183","4q","protein_coding",1,-0.051023321350154,0.950256509009227,0.784266290877951,1.15137861134328,0.602437337744668,0.981677239820465,0.00803127800303875,FALSE,FALSE,"Other"
"PROBE0495_at","PCOTH184","7q","protein_coding",1,0.119911902293336,1.12739752606772,0.92761006862967,1.37021494781882,0.228241174218268,0.875325692112246,0.0578303241558113,FALSE,FALSE,"Other"
"PROBE0496_at","PCOTH185","9p","protein_coding",1,-0.0511250188491905,0.950159875212608,0.785249455081744,1.14970317091154,0.599134476729723,0.981677239820465,0.00803127800303875,FALSE,FALSE,"Other"
"PROBE0497_at","PCOTH186","10q","protein_coding",1,0.138384279083313,1.14841677803817,0.954043405970277,1.38239108181695,0.143550706443673,0.81216608003836,0.0903551526935396,FALSE,FALSE,"Other"
"PROBE0498_at","PCOTH187","12p","protein_coding",1,0.131994727144152,1.14110230238342,0.952236518989848,1.36742756504031,0.152771539906632,0.822457819147411,0.0848863661819616,FALSE,FALSE,"Other"
"PROBE0499_at","PCOTH188","15q","protein_coding",1,0.0516114017260849,1.05296648204215,0.859702317024676,1.2896771246836,0.61788700965398,0.981677239820465,0.00803127800303875,FALSE,FALSE,"Other"
"PROBE0500_at","PCOTH189","18q","protein_coding",1,0.084668746221149,1.08835648478131,0.900182777378718,1.31586591938006,0.382004664284993,0.942694659767482,0.0256289531287006,FALSE,FALSE,"Other"
"PROBE0501_at","PCOTH190","19q","protein_coding",1,0.00408399816624368,1.00409234905122,0.827823180329709,1.21789467772773,0.966924788729376,0.998610398120975,0.00060391612684265,FALSE,FALSE,"Other"
"PROBE0502_at","PCOTH191","20q","protein_coding",1,0.159850662102846,1.1733356344311,0.965426706140528,1.42601867368008,0.108190437338648,0.721631086467367,0.141684766499314,FALSE,FALSE,"Other"
"PROBE0503_at","PCOTH192","21q","protein_coding",1,-0.000614923652962462,0.999385265373839,0.829891371367005,1.20349595514068,0.994825669542948,0.999075727007576,0.000401592279433433,FALSE,FALSE,"Other"
"PROBE0504_at","PCOTH193","2p","protein_coding",1,0.191603665921988,1.21119038580016,1.0046677742343,1.46016642344559,0.0445596824022401,0.4885855729467,0.31105936110827,FALSE,FALSE,"Other"
"PROBE0505_at","PCOTH194","3q","protein_coding",1,0.178648401242308,1.19560029867845,0.993085123006955,1.43941344108725,0.0592029505566686,0.580421083888908,0.236256820131097,FALSE,FALSE,"Other"
"PROBE0506_at","PCOTH195","4q","protein_coding",1,-0.017778912701786,0.982378199692941,0.807359598183131,1.19533715757354,0.859038605129516,0.990533378491605,0.00413088524358207,FALSE,FALSE,"Other"
"PROBE0507_at","PCOTH196","7q","protein_coding",1,0.0264998583743466,1.02685410183279,0.854180462111455,1.23443393196371,0.777864380700949,0.987162805516434,0.00561121642193621,FALSE,FALSE,"Other"
"PROBE0508_at","PCOTH197","9p","protein_coding",1,-0.187769631233045,0.828805616169951,0.685281879054503,1.00238860881979,0.0529444734303847,0.538875047637504,0.268511925745656,FALSE,FALSE,"Other"
"PROBE0509_at","PCOTH198","10q","protein_coding",1,-0.0533315774042938,0.948065603227858,0.785494423425285,1.14428360179096,0.578433937064024,0.981677239820465,0.00803127800303875,FALSE,FALSE,"Other"
"PROBE0510_at","PCOTH199","12p","protein_coding",1,0.0350835891172064,1.03570627895495,0.857782271643431,1.25053586641695,0.715253009077021,0.987162805516434,0.00561121642193621,FALSE,FALSE,"Other"
"PROBE0511_at","PCOTH200","15q","protein_coding",1,0.0948583744501503,1.09950312636394,0.911439426183417,1.3263713310563,0.321636704236087,0.924241859464972,0.0342143659158097,FALSE,FALSE,"Other"
"PROBE0512_at","PCOTH201","18q","protein_coding",1,0.0916072769752757,1.09593433890755,0.903058582725452,1.33000460675747,0.353650821980202,0.93265951062406,0.0302768767744387,FALSE,FALSE,"Other"
"PROBE0513_at","PCOTH202","19q","protein_coding",1,-0.0392958221435665,0.96146624406762,0.80157726639368,1.15324794905983,0.671958468132103,0.98578541270536,0.00621761266581531,FALSE,FALSE,"Other"
"PROBE0514_at","PCOTH203","20q","protein_coding",1,-0.0912126497440272,0.912823578558579,0.759555061187899,1.09701972661382,0.330751915137059,0.924241859464972,0.0342143659158097,FALSE,FALSE,"Other"
"PROBE0515_at","PCOTH204","21q","protein_coding",1,0.0642915008565298,1.06640321090769,0.879790361340156,1.29259862145107,0.512430340802099,0.966799698144767,0.0146634938602525,FALSE,FALSE,"Other"
"PROBE0516_at","PCOTH205","2p","protein_coding",1,0.000781585166677057,1.00078189068395,0.834603369753003,1.20004834514071,0.99326882813272,0.999075727007576,0.000401592279433433,FALSE,FALSE,"Other"
"PROBE0517_at","PCOTH206","3q","protein_coding",1,-0.0400486542179371,0.960742693830747,0.796477776938058,1.15888547110203,0.675495533197317,0.986956194355942,0.00570212288424648,FALSE,FALSE,"Other"
"PROBE0518_at","PCOTH207","4q","protein_coding",1,0.141247833900494,1.1517100454105,0.957096123143791,1.38589635526104,0.134749220880679,0.795565541125433,0.0993240360342453,FALSE,FALSE,"Other"
"PROBE0519_at","PCOTH208","7q","protein_coding",1,0.121890752776862,1.12963068602341,0.936879047446519,1.36203866473869,0.201630172266691,0.871105129782152,0.0599294287706664,FALSE,FALSE,"Other"
"PROBE0520_at","PCOTH209","9p","protein_coding",1,-0.0802145450127762,0.922918317622108,0.76248233513936,1.11711207164785,0.41034007948002,0.946433601119706,0.0239098494010177,FALSE,FALSE,"Other"
"PROBE0521_at","PCOTH210","10q","protein_coding",1,-0.00822632167562435,0.991807421916587,0.819879969257542,1.19978777266582,0.932504615325855,0.997858297460263,0.000931127049766214,FALSE,FALSE,"Other"
"PROBE0522_at","PCOTH211","12p","protein_coding",1,0.212877155591034,1.2372326547936,1.01824870120179,1.50331116580946,0.0321996666563444,0.397055235273708,0.401149073322625,FALSE,FALSE,"Other"
"PROBE0523_at","PCOTH212","15q","protein_coding",1,0.0574296455707373,1.05911075490082,0.877240543983515,1.27868644334759,0.550213169826165,0.981677239820465,0.00803127800303875,FALSE,FALSE,"Other"
"PROBE0524_at","PCOTH213","18q","protein_coding",1,-0.00949063561245882,0.990554258333424,0.809967471900768,1.21140388070139,0.926364826057713,0.997858297460263,0.000931127049766214,FALSE,FALSE,"Other"
"PROBE0525_at","PCOTH214","19q","protein_coding",1,0.19638969820478,1.21700107607113,1.01111719569324,1.46480707228289,0.0378123467826917,0.439805941071704,0.356738908314859,FALSE,FALSE,"Other"
"PROBE0526_at","PCOTH215","20q","protein_coding",1,0.0953321548983748,1.10002417286905,0.907782106131701,1.33297756446489,0.330680678922471,0.924241859464972,0.0342143659158097,FALSE,FALSE,"Other"
"PROBE0527_at","PCOTH216","21q","protein_coding",1,0.0512378250461162,1.05257319178627,0.867902891834795,1.27653719614295,0.60266841111986,0.981677239820465,0.00803127800303875,FALSE,FALSE,"Other"
"PROBE0528_at","PCOTH217","2p","protein_coding",1,-0.0579936779271736,0.943655913279347,0.780832065742696,1.14043277899978,0.548419605840231,0.981677239820465,0.00803127800303875,FALSE,FALSE,"Other"
"PROBE0529_at","PCOTH218","3q","protein_coding",1,-0.0507835861721449,0.950484346231776,0.781695422721174,1.15571930725491,0.61067627360328,0.981677239820465,0.00803127800303875,FALSE,FALSE,"Other"
"PROBE0530_at","PCOTH219","4q","protein_coding",1,-0.099826078606983,0.904994802306007,0.752736731233567,1.08805052047707,0.288184893051668,0.916327163916274,0.0379494388697971,FALSE,FALSE,"Other"
"PROBE0531_at","PCOTH220","7q","protein_coding",1,-0.0519193720415448,0.949405412377139,0.788402981250734,1.14328669282942,0.58396111817098,0.981677239820465,0.00803127800303875,FALSE,FALSE,"Other"
"PROBE0532_at","PCOTH221","9p","protein_coding",1,-0.0186757378879362,0.981497573124198,0.812511543876841,1.18562929143406,0.846393091087987,0.989073402045557,0.0047714769362556,FALSE,FALSE,"Other"
"PROBE0533_at","PCOTH222","10q","protein_coding",1,0.00977816726979198,1.00982612974828,0.839936694142273,1.21407817926533,0.917137745037369,0.996817263779867,0.00138444911647886,FALSE,FALSE,"Other"
"PROBE0534_at","PCOTH223","12p","protein_coding",1,0.153080267251188,1.16541852012964,0.974202694951559,1.39416605404554,0.0941043259950563,0.68956241423601,0.161426418492443,FALSE,FALSE,"Other"
"PROBE0535_at","PCOTH224","15q","protein_coding",1,-0.0580168424660418,0.943634054178445,0.778817476727229,1.14332979782003,0.553607886697244,0.981677239820465,0.00803127800303875,FALSE,FALSE,"Other"
"PROBE0536_at","PCOTH225","18q","protein_coding",1,0.0915155813538092,1.09583385113447,0.914732031129327,1.31279083756325,0.320731479924411,0.924241859464972,0.0342143659158097,FALSE,FALSE,"Other"
"PROBE0537_at","PCOTH226","19q","protein_coding",1,-0.0374196192723088,0.963271843100739,0.796032702147455,1.16564638765156,0.700535121217547,0.987162805516434,0.00561121642193621,FALSE,FALSE,"Other"
"PROBE0538_at","PCOTH227","20q","protein_coding",1,0.00583000372175665,1.00584703126759,0.829821054204144,1.21921255815827,0.952635540551018,0.998610398120975,0.00060391612684265,FALSE,FALSE,"Other"
"PROBE0539_at","PCOTH228","21q","protein_coding",1,-0.0589041895204665,0.942797094671708,0.784398617472182,1.13318195866522,0.530218758619725,0.975679564242699,0.0106927912789574,FALSE,FALSE,"Other"
"PROBE0540_at","PCOTH229","2p","protein_coding",1,-0.0292327575391742,0.971190386272545,0.81201499151234,1.16156816838015,0.748909204324379,0.987162805516434,0.00561121642193621,FALSE,FALSE,"Other"
"PROBE0541_at","PCOTH230","3q","protein_coding",1,0.00170128507023175,1.00170273307672,0.836219472966013,1.19993422527503,0.985266501395502,0.999075727007576,0.000401592279433433,FALSE,FALSE,"Other"
"PROBE0542_at","PCOTH231","4q","protein_coding",1,0.000559175514898517,1.00055933188267,0.832429595288256,1.20264702538697,0.995246684720047,0.999075727007576,0.000401592279433433,FALSE,FALSE,"Other"
"PROBE0543_at","PCOTH232","7q","protein_coding",1,0.0114316683064747,1.01149725952735,0.827970981891262,1.23570357948331,0.91089363120547,0.996171374724732,0.00166594200305885,FALSE,FALSE,"Other"
"PROBE0544_at","PCOTH233","9p","protein_coding",1,-0.0575837173638692,0.94404285429898,0.776016533230139,1.14845093189356,0.564727900792569,0.981677239820465,0.00803127800303875,FALSE,FALSE,"Other"
"PROBE0545_at","PCOTH234","10q","protein_coding",1,-0.0530188186673818,0.948362165402221,0.786035466848549,1.14421146970927,0.579906844738191,0.981677239820465,0.00803127800303875,FALSE,FALSE,"Other"
"PROBE0546_at","PCOTH235","12p","protein_coding",1,0.00756128777491844,1.00758994649807,0.838258076888765,1.21112760887684,0.935802367449734,0.997858297460263,0.000931127049766214,FALSE,FALSE,"Other"
"PROBE0547_at","PCOTH236","15q","protein_coding",1,-0.0269921258665177,0.973368905930854,0.81006507566722,1.16959372214961,0.773293358434811,0.987162805516434,0.00561121642193621,FALSE,FALSE,"Other"
"PROBE0548_at","PCOTH237","18q","protein_coding",1,0.0569185981075087,1.05856963731641,0.879899223871179,1.27352047444498,0.546206791692281,0.981677239820465,0.00803127800303875,FALSE,FALSE,"Other"
"PROBE0549_at","PCOTH238","19q","protein_coding",1,-0.00225894629987345,0.997743603199231,0.826200196012187,1.20490445600221,0.981276968806193,0.998610398120975,0.00060391612684265,FALSE,FALSE,"Other"
"PROBE0550_at","PCOTH239","20q","protein_coding",1,-0.18975000591437,0.82716589467931,0.678606190891469,1.00824812167098,0.0602939903429738,0.585378547019163,0.23256319765542,FALSE,FALSE,"Other"
"PROBE0551_at","PCOTH240","21q","protein_coding",1,0.121817334449166,1.12954775347195,0.932785769764699,1.3678147423876,0.212233817983673,0.871394275798659,0.0597852972774978,FALSE,FALSE,"Other"
"PROBE0973_at","GENE0973","2p","protein_coding",1,-0.0815885676247195,0.921651077792181,0.76759780747281,1.10662211502679,0.381953465950556,0.942694659767482,0.0256289531287006,FALSE,FALSE,"Other"
"PROBE0974_at","GENE0974","3q","protein_coding",1,0.0363637894221121,1.03703303952751,0.852418106979389,1.26163148842832,0.716191496470574,0.987162805516434,0.00561121642193621,FALSE,FALSE,"Other"
"PROBE0980_at","GENE0980","15q","protein_coding",1,0.0203922373038202,1.02060157953902,0.842209813159522,1.23677920618132,0.835198753591838,0.988449131713245,0.0050456757531258,FALSE,FALSE,"Other"
"PROBE0982_at","GENE0982","19q","protein_coding",1,0.0390700217291826,1.03984329272645,0.871633968499395,1.24051392270739,0.664312925485667,0.985321532312659,0.00642202643346168,FALSE,FALSE,"Other"
"PROBE0985_at","GENE0985","2p","protein_coding",1,0.0790700222940767,1.08228010315276,0.892409665071735,1.3125476645148,0.421747980500647,0.946433601119706,0.0239098494010177,FALSE,FALSE,"Other"
"PROBE0986_at","GENE0986","3q","protein_coding",1,0.0611982159445949,1.06310961858128,0.883049166095422,1.27988576912137,0.518047691549805,0.970126763201882,0.013171514226371,FALSE,FALSE,"Other"
"PROBE0989_at","GENE0989","9p","protein_coding",1,-0.116672848826297,0.889876269613869,0.743690624185817,1.06479730881216,0.202572648750569,0.871105129782152,0.0599294287706664,FALSE,FALSE,"Other"
"PROBE0991_at","GENE0991","12p","protein_coding",1,-0.0229849634788514,0.977277178511761,0.813553881740165,1.17394889886954,0.805920376692781,0.987717331562396,0.00536732556128047,FALSE,FALSE,"Other"
"PROBE0995_at","GENE0995","20q","protein_coding",1,-0.087303880654186,0.916398577517931,0.768976779151059,1.09208285041325,0.329258858959391,0.924241859464972,0.0342143659158097,FALSE,FALSE,"Other"
"PROBE0997_at","GENE0997","2p","protein_coding",1,0.0825092904520876,1.08600876290457,0.900044533410945,1.31039630743139,0.389232362490881,0.942977154427675,0.0254988288174784,FALSE,FALSE,"Other"
"PROBE0999_at","GENE0999","4q","protein_coding",1,-0.027476650805304,0.972897398659032,0.803529680478803,1.17796438801551,0.778277659163824,0.987162805516434,0.00561121642193621,FALSE,FALSE,"Other"
"PROBE1006_at","GENE1006","19q","protein_coding",1,0.169810454289128,1.18508020316094,0.978325672508343,1.43552921832581,0.0825721001710083,0.651565772957694,0.186041737448275,FALSE,FALSE,"Other"
"PROBE1007_at","GENE1007","20q","protein_coding",1,0.0124995883869808,1.01257803475025,0.833944432849645,1.22947553346582,0.899553931261951,0.996171374724732,0.00166594200305885,FALSE,FALSE,"Other"
"PROBE1008_at","GENE1008","21q","protein_coding",1,0.0424231870734796,1.04333591161093,0.862768411511927,1.26169411157441,0.661715020434823,0.984694970885154,0.00669828013922753,FALSE,FALSE,"Other"
"PROBE1009_at","GENE1009","2p","protein_coding",1,-0.00516172104011947,0.99485157775054,0.836542087463793,1.18311998473786,0.953452577321434,0.998610398120975,0.00060391612684265,FALSE,FALSE,"Other"
"PROBE1012_at","GENE1012","7q","protein_coding",1,-0.0328155973813205,0.967716992684353,0.802849602826969,1.16644035773644,0.730573606467001,0.987162805516434,0.00561121642193621,FALSE,FALSE,"Other"
"PROBE1013_at","GENE1013","9p","protein_coding",1,0.0427241252203719,1.04364993843571,0.861636883290516,1.26411161722474,0.662154201861518,0.984829319738542,0.00663903033353088,FALSE,FALSE,"Other"
"PROBE1015_at","GENE1015","12p","protein_coding",1,-0.0693819715800406,0.932970243890099,0.77358255961109,1.1251979057309,0.467915129130611,0.959027445459426,0.0181689640065778,FALSE,FALSE,"Other"
"PROBE1021_at","GENE1021","2p","protein_coding",1,-0.0540679368600847,0.947367743125687,0.784655639124555,1.14382105469402,0.573875311383033,0.981677239820465,0.00803127800303875,FALSE,FALSE,"Other"
"PROBE1022_at","GENE1022","3q","protein_coding",1,0.0277404010793889,1.0281287486614,0.849338323328009,1.24455554964502,0.775947601715876,0.987162805516434,0.00561121642193621,FALSE,FALSE,"Other"
"PROBE1025_at","GENE1025","9p","protein_coding",1,-0.0342216113194635,0.96635732518418,0.807969382517189,1.1557943904109,0.707890801344978,0.987162805516434,0.00561121642193621,FALSE,FALSE,"Other"
"PROBE1026_at","GENE1026","10q","protein_coding",1,-0.0963881445793382,0.908111469109367,0.758748704272343,1.08687690098772,0.293114792752892,0.91957582040123,0.0364124567202641,FALSE,FALSE,"Other"
"PROBE1027_at","GENE1027","12p","protein_coding",1,0.0467392415722123,1.04784873806285,0.867058725648962,1.26633519204607,0.628597497949365,0.981764861230005,0.00799251597927956,FALSE,FALSE,"Other"
"PROBE1029_at","GENE1029","18q","protein_coding",1,-0.0597523859645765,0.941997756574279,0.780244484986897,1.13728426213211,0.534184561422878,0.975679564242699,0.0106927912789574,FALSE,FALSE,"Other"
"PROBE1030_at","GENE1030","19q","protein_coding",1,0.12719628823788,1.13563990866188,0.930239245612504,1.38639388547447,0.211458990523308,0.871394275798659,0.0597852972774978,FALSE,FALSE,"Other"
"PROBE1031_at","GENE1031","20q","protein_coding",1,-0.0483473004655647,0.952802820745215,0.793939370917746,1.14345408286106,0.603405573567245,0.981677239820465,0.00803127800303875,FALSE,FALSE,"Other"
"PROBE1041_at","GENE1041","18q","protein_coding",1,-0.134520370477273,0.874135072146586,0.717773768280888,1.06455844184277,0.180960282270624,0.844669153648984,0.0733133654653255,FALSE,FALSE,"Other"
"PROBE1045_at","GENE1045","2p","protein_coding",1,0.0599093488989138,1.061740294256,0.872199051255046,1.2924715417022,0.550432924217285,0.981677239820465,0.00803127800303875,FALSE,FALSE,"Other"
"PROBE1046_at","GENE1046","3q","protein_coding",1,0.0890268345972399,1.09310998909906,0.900656365377517,1.32668739621609,0.367579418609989,0.938134194070164,0.027735034141505,FALSE,FALSE,"Other"
"PROBE1052_at","GENE1052","15q","protein_coding",1,-0.0558940190402038,0.945639350345861,0.775618512259393,1.15292990921222,0.580452041773803,0.981677239820465,0.00803127800303875,FALSE,FALSE,"Other"
"PROBE1053_at","GENE1053","18q","protein_coding",1,-0.0229584273976714,0.97730311196239,0.812946082459572,1.17488895421163,0.806938644739862,0.987717331562396,0.00536732556128047,FALSE,FALSE,"Other"
"PROBE1054_at","GENE1054","19q","protein_coding",1,0.0393476837247017,1.04013205777783,0.862036507549227,1.25502190237036,0.681337864790852,0.987085109279808,0.00564539961300939,FALSE,FALSE,"Other"
"PROBE1060_at","GENE1060","7q","protein_coding",1,-0.0489609755083667,0.952218288808087,0.782981413978574,1.15803472898964,0.623859352703979,0.981677239820465,0.00803127800303875,FALSE,FALSE,"Other"
"PROBE1065_at","GENE1065","18q","protein_coding",1,-0.0737735650739138,0.928882001357225,0.770032063040609,1.12050109840673,0.440729623345339,0.95396022369121,0.020469733253509,FALSE,FALSE,"Other"
"PROBE1066_at","GENE1066","19q","protein_coding",1,0.094525060614361,1.09913670782901,0.914911166976338,1.32045770792132,0.312553227472913,0.923689562910758,0.0344739635936315,FALSE,FALSE,"Other"
"PROBE1072_at","GENE1072","7q","protein_coding",1,0.103434365164095,1.1089730037152,0.911360500313708,1.34943430458725,0.301603330734086,0.92234964281671,0.0351044160817725,FALSE,FALSE,"Other"
"PROBE1076_at","GENE1076","15q","protein_coding",1,0.128119762252309,1.13668912699564,0.928563452915873,1.39146352074572,0.214359540717363,0.871394275798659,0.0597852972774978,FALSE,FALSE,"Other"
"PROBE1079_at","GENE1079","20q","protein_coding",1,0.104718161077371,1.11039761298342,0.919726058834717,1.34059793900095,0.275969332310939,0.911266043746049,0.0403548124198771,FALSE,FALSE,"Other"
"PROBE1083_at","GENE1083","4q","protein_coding",1,0.0405511283678749,1.0413845526339,0.864334033775154,1.25470216847509,0.669736851328408,0.985729166002647,0.0062423932409975,FALSE,FALSE,"Other"
"PROBE1084_at","GENE1084","7q","protein_coding",1,0.107646251223202,1.11365372205599,0.926197348132254,1.3390500579063,0.252337247665058,0.896069094248902,0.0476585013935697,FALSE,FALSE,"Other"
"PROBE1086_at","GENE1086","10q","protein_coding",1,0.0807937814383477,1.08414730221562,0.894294765634065,1.31430420714589,0.410761518162408,0.946433601119706,0.0239098494010177,FALSE,FALSE,"Other"
"PROBE1087_at","GENE1087","12p","protein_coding",1,0.0726944859538818,1.07540193632444,0.888826362917721,1.30114201479577,0.454622339710549,0.957586063622862,0.0188221831276811,FALSE,FALSE,"Other"
"PROBE1090_at","GENE1090","19q","protein_coding",1,-0.0949440439918176,0.909423820771277,0.745112566869554,1.10996877862485,0.350399194060042,0.931293539030011,0.0309134100090507,FALSE,FALSE,"Other"
"PROBE1093_at","GENE1093","2p","protein_coding",1,-0.0221603738925161,0.978083363436291,0.819943799197205,1.16672272754241,0.805466305538697,0.987717331562396,0.00536732556128047,FALSE,FALSE,"Other"
"PROBE1095_at","GENE1095","4q","protein_coding",1,0.209120816931915,1.23259390774893,1.01065471023312,1.50327082636298,0.0389609673062957,0.447827210417192,0.348889521799836,FALSE,FALSE,"Other"
"PROBE1096_at","GENE1096","7q","protein_coding",1,0.188980671467732,1.20801760305003,0.992391131314205,1.47049533518725,0.0595885067458552,0.582484400588396,0.234715700909834,FALSE,FALSE,"Other"
"PROBE1101_at","GENE1101","18q","protein_coding",1,0.0256099664583629,1.02594071913489,0.865105574803718,1.21667735110576,0.768472966978366,0.987162805516434,0.00561121642193621,FALSE,FALSE,"Other"
"PROBE1102_at","GENE1102","19q","protein_coding",1,-0.0634897895287408,0.938483701612607,0.777725974048466,1.13247041706442,0.507788086320777,0.963709856414199,0.0160536992142982,FALSE,FALSE,"Other"
"PROBE1104_at","GENE1104","21q","protein_coding",1,0.167764125783744,1.18265761930662,0.983872038853683,1.42160666150612,0.0739712681640327,0.632479458422075,0.198953574877535,FALSE,FALSE,"Other"
"PROBE1106_at","GENE1106","3q","protein_coding",1,0.0646963216771519,1.06683500052346,0.882058389237116,1.29031924896293,0.504961908739128,0.962071431942568,0.0167926812399623,FALSE,FALSE,"Other"
"PROBE1107_at","GENE1107","4q","protein_coding",1,0.128339657848031,1.13693910741217,0.931373339094607,1.38787581703782,0.207211470941617,0.871394275798659,0.0597852972774978,FALSE,FALSE,"Other"
"PROBE1108_at","GENE1108","7q","protein_coding",1,0.16548897644024,1.17996995517845,0.982909658157469,1.41653821749381,0.075887106611262,0.633712790073169,0.198107527524996,FALSE,FALSE,"Other"
"PROBE1116_at","GENE1116","21q","protein_coding",1,-0.02442078009356,0.975874994582061,0.804063847224117,1.18439848817764,0.804784892910292,0.987717331562396,0.00536732556128047,FALSE,FALSE,"Other"
"PROBE1117_at","GENE1117","2p","protein_coding",1,0.0174528518120871,1.01760604273878,0.848480324288733,1.22044321898275,0.850722043866794,0.98957921489587,0.00454943519666904,FALSE,FALSE,"Other"
"PROBE1125_at","GENE1125","18q","protein_coding",1,0.0781839644198449,1.08132156506806,0.890307124189546,1.31331794985423,0.430480000158128,0.946645249220766,0.0238127402893057,FALSE,FALSE,"Other"
"PROBE1126_at","GENE1126","19q","protein_coding",1,-0.14078111854373,0.868679428708752,0.719141587558286,1.04931207277816,0.144131991234946,0.81216608003836,0.0903551526935396,FALSE,FALSE,"Other"
"PROBE1127_at","GENE1127","20q","protein_coding",1,-0.0301952182997405,0.970256103312184,0.808433261359356,1.16447077453445,0.745673015681154,0.987162805516434,0.00561121642193621,FALSE,FALSE,"Other"
"PROBE1128_at","GENE1128","21q","protein_coding",1,-0.0895045867681619,0.914384071046941,0.756286870809324,1.10553053564138,0.355423478624047,0.934710002956073,0.0293231096100775,FALSE,FALSE,"Other"
"PROBE1133_at","GENE1133","9p","protein_coding",1,0.0904640720281765,1.0946821772247,0.905453815320235,1.32345686644392,0.350170925131759,0.931293539030011,0.0309134100090507,FALSE,FALSE,"Other"
"PROBE1137_at","GENE1137","18q","protein_coding",1,-0.0407736576275019,0.96004640453856,0.799512685415274,1.15281360218654,0.66229771752417,0.984829319738542,0.00663903033353088,FALSE,FALSE,"Other"
"PROBE1138_at","GENE1138","19q","protein_coding",1,-0.170181358588535,0.843511824609674,0.694694708748841,1.02420846063127,0.0857185903989516,0.657325661588355,0.182219412799998,FALSE,FALSE,"Other"
"PROBE1139_at","GENE1139","20q","protein_coding",1,0.00648717650178136,1.00650826380562,0.830744435151681,1.21945912875606,0.94717913859404,0.998610398120975,0.00060391612684265,FALSE,FALSE,"Other"
"PROBE1140_at","GENE1140","21q","protein_coding",1,-0.0472673027188242,0.953832401517089,0.788387843554448,1.15399578725369,0.626742865058652,0.981764861230005,0.00799251597927956,FALSE,FALSE,"Other"
"PROBE1142_at","GENE1142","3q","protein_coding",1,-0.0481471099199642,0.952993581955408,0.795387980850505,1.14182862843498,0.60166875707158,0.981677239820465,0.00803127800303875,FALSE,FALSE,"Other"
"PROBE1148_at","GENE1148","15q","protein_coding",1,-0.0940750689615129,0.910214430823939,0.752061902335309,1.10162515546594,0.334014115945566,0.925246858574975,0.0337423807595942,FALSE,FALSE,"Other"
"PROBE1151_at","GENE1151","20q","protein_coding",1,0.0250142730993898,1.02532975505349,0.846576999086556,1.24182573792152,0.79800901851493,0.987717331562396,0.00536732556128047,FALSE,FALSE,"Other"
"PROBE1153_at","GENE1153","2p","protein_coding",1,0.0714879988598364,1.07410526013619,0.877346547767373,1.31499019718959,0.48864630273044,0.959907336349336,0.0177706891005534,FALSE,FALSE,"Other"
"PROBE1155_at","GENE1155","4q","protein_coding",1,-0.125979813006994,0.881632644115799,0.721558392108753,1.07721859751229,0.217819135685584,0.871394275798659,0.0597852972774978,FALSE,FALSE,"Other"
"PROBE1159_at","GENE1159","12p","protein_coding",1,-0.0799122456338612,0.92319735743097,0.773749419715171,1.10151082385466,0.375123430283785,0.939255208611999,0.0272163878906863,FALSE,FALSE,"Other"
"PROBE1160_at","GENE1160","15q","protein_coding",1,-0.0690403209362947,0.933289048231273,0.780124041929372,1.11652557892491,0.450336965586578,0.957586063622862,0.0188221831276811,FALSE,FALSE,"Other"
"PROBE1161_at","GENE1161","18q","protein_coding",1,0.0226781746780966,1.0229372794487,0.848691747708815,1.2329572904542,0.811860734148663,0.987717331562396,0.00536732556128047,FALSE,FALSE,"Other"
"PROBE1162_at","GENE1162","19q","protein_coding",1,0.0258294790219205,1.02616595073188,0.860287258801351,1.22402900620503,0.774019097650218,0.987162805516434,0.00561121642193621,FALSE,FALSE,"Other"
"PROBE1166_at","GENE1166","3q","protein_coding",1,0.0104848562226261,1.01054001493614,0.836162791906097,1.22128266370146,0.91360655006966,0.996299400294068,0.0016101310982482,FALSE,FALSE,"Other"
"PROBE1171_at","GENE1171","12p","protein_coding",1,-0.0214624469532833,0.978766232433064,0.812788972739124,1.17863722304546,0.820908426039298,0.987717331562396,0.00536732556128047,FALSE,FALSE,"Other"
"PROBE1175_at","GENE1175","20q","protein_coding",1,0.044318093070997,1.04531480940778,0.860770406000109,1.26942450989317,0.6547483139227,0.984634761176682,0.00672483612294994,FALSE,FALSE,"Other"
"PROBE1177_at","GENE1177","2p","protein_coding",1,-0.0123772712723881,0.987699012098675,0.809816494538094,1.20465481387501,0.902765709036078,0.996171374724732,0.00166594200305885,FALSE,FALSE,"Other"
"PROBE1179_at","GENE1179","4q","protein_coding",1,-0.0277092784903817,0.972671102111805,0.800624495986447,1.18168889114206,0.780241931849287,0.987162805516434,0.00561121642193621,FALSE,FALSE,"Other"
"PROBE1180_at","GENE1180","7q","protein_coding",1,0.110039042951825,1.11632165410061,0.905562964224687,1.37613184797245,0.30265583838186,0.92234964281671,0.0351044160817725,FALSE,FALSE,"Other"
"PROBE1185_at","GENE1185","18q","protein_coding",1,-0.00640018397435008,0.993620253578492,0.808903535794047,1.22051785489136,0.951367227354843,0.998610398120975,0.00060391612684265,FALSE,FALSE,"Other"
"PROBE1192_at","GENE1192","7q","protein_coding",1,0.142036643907473,1.15261888422291,0.957649642220757,1.38728218932598,0.133025779371406,0.792691500652083,0.100895798347144,FALSE,FALSE,"Other"
"PROBE1196_at","GENE1196","15q","protein_coding",1,-0.00973997095447966,0.990307308936518,0.823748013799195,1.19054437729079,0.917435130206361,0.996817263779867,0.00138444911647886,FALSE,FALSE,"Other"
"PROBE1198_at","GENE1198","19q","protein_coding",1,0.0542168973946201,1.05571355884451,0.876445176143259,1.27164955511827,0.567995288780574,0.981677239820465,0.00803127800303875,FALSE,FALSE,"Other"
"PROBE1201_at","GENE1201","2p","protein_coding",1,0.063406645706211,1.06546001589122,0.879735575368041,1.29039347418457,0.516456734597836,0.968507706700115,0.013896919122447,FALSE,FALSE,"Other"
"PROBE1204_at","GENE1204","7q","protein_coding",1,0.0929821048562044,1.09744209620824,0.912565435286297,1.31977292581994,0.323211808933801,0.924241859464972,0.0342143659158097,FALSE,FALSE,"Other"
"PROBE1205_at","GENE1205","9p","protein_coding",1,0.0656020452503204,1.0678016958454,0.888277792451107,1.28360797865277,0.484855066574269,0.959907336349336,0.0177706891005534,FALSE,FALSE,"Other"
"PROBE1216_at","GENE1216","7q","protein_coding",1,-0.158637103757517,0.853305964316564,0.70604419136833,1.03128257075111,0.100741102641872,0.715744956603002,0.14524170349107,FALSE,FALSE,"Other"
"PROBE1217_at","GENE1217","9p","protein_coding",1,-0.0566447094759899,0.944929734314162,0.782892062279075,1.14050486115766,0.555071952315227,0.981677239820465,0.00803127800303875,FALSE,FALSE,"Other"
"PROBE1218_at","GENE1218","10q","protein_coding",1,0.000479173066721749,1.00047928788847,0.826493007276282,1.21109168097199,0.996077637903077,0.999075727007576,0.000401592279433433,FALSE,FALSE,"Other"
"PROBE1221_at","GENE1221","18q","protein_coding",1,0.00324611825117028,1.00325139259853,0.827144132376534,1.21685365023263,0.973705430360238,0.998610398120975,0.00060391612684265,FALSE,FALSE,"Other"
"PROBE1223_at","GENE1223","20q","protein_coding",1,0.129886423357237,1.13869904636513,0.953193943680087,1.36030608124387,0.152256944599016,0.821947348369236,0.0851560012495655,FALSE,FALSE,"Other"
"PROBE1228_at","GENE1228","7q","protein_coding",1,0.00644436363865854,1.00646517322751,0.831724612297323,1.21791772173477,0.947191475297751,0.998610398120975,0.00060391612684265,FALSE,FALSE,"Other"
"PROBE1233_at","GENE1233","18q","protein_coding",1,-0.119709459323143,0.887178160618985,0.734215553878161,1.07200819231064,0.215044385015489,0.871394275798659,0.0597852972774978,FALSE,FALSE,"Other"
"PROBE1234_at","GENE1234","19q","protein_coding",1,0.0588222503523354,1.06058670507144,0.880842545465008,1.27700934152819,0.534703671087757,0.975892351503692,0.0105980857414477,FALSE,FALSE,"Other"
"PROBE1245_at","GENE1245","18q","protein_coding",1,-0.0634854141100985,0.938487807880673,0.776437931002965,1.1343590136084,0.511544966672178,0.966090588616012,0.0149821486450883,FALSE,FALSE,"Other"
"PROBE1256_at","GENE1256","15q","protein_coding",1,-0.00459815038943502,0.99541240491957,0.826650099748151,1.19862787915907,0.961308791652901,0.998610398120975,0.00060391612684265,FALSE,FALSE,"Other"
"PROBE1263_at","GENE1263","4q","protein_coding",1,-0.0484054253570622,0.952747440794133,0.788038257589425,1.15188276355576,0.617181615596279,0.981677239820465,0.00803127800303875,FALSE,FALSE,"Other"
"PROBE1268_at","GENE1268","15q","protein_coding",1,-0.00485856065398464,0.995153223060142,0.822695919371566,1.20376182019169,0.960092655546907,0.998610398120975,0.00060391612684265,FALSE,FALSE,"Other"
"PROBE1269_at","GENE1269","18q","protein_coding",1,0.175587164642568,1.19194587965995,0.979807206749567,1.45001482970461,0.0790953649883147,0.648322663838645,0.188208796215976,FALSE,FALSE,"Other"
"PROBE1270_at","GENE1270","19q","protein_coding",1,-0.0460136056791794,0.95502896828457,0.7922549087267,1.15124604494855,0.629352764448489,0.981764861230005,0.00799251597927956,FALSE,FALSE,"Other"
"PROBE1271_at","GENE1271","20q","protein_coding",1,-0.0738141932840493,0.928844263310703,0.762644048126773,1.13126388071121,0.463056029912311,0.958698465664611,0.0183179676886145,FALSE,FALSE,"Other"
"PROBE1273_at","GENE1273","2p","protein_coding",1,-0.0352480926298795,0.965365886384448,0.799247153115028,1.16601140330957,0.714480998532663,0.987162805516434,0.00561121642193621,FALSE,FALSE,"Other"
"PROBE1275_at","GENE1275","4q","protein_coding",1,-0.0278426076593053,0.972541425327166,0.801652075520263,1.17985950870714,0.777636406002131,0.987162805516434,0.00561121642193621,FALSE,FALSE,"Other"
"PROBE1276_at","GENE1276","7q","protein_coding",1,-0.0432890656536557,0.957634530802097,0.804050476008008,1.14055512924716,0.627412642954851,0.981764861230005,0.00799251597927956,FALSE,FALSE,"Other"
"PROBE1285_at","GENE1285","2p","protein_coding",1,0.054546763922801,1.05606186085434,0.87115805021419,1.28021161450202,0.578595992483455,0.981677239820465,0.00803127800303875,FALSE,FALSE,"Other"
"PROBE1293_at","GENE1293","18q","protein_coding",1,0.094658945366481,1.09928387532621,0.907578181383873,1.33148313097346,0.332976832728886,0.924241859464972,0.0342143659158097,FALSE,FALSE,"Other"
"PROBE1301_at","GENE1301","9p","protein_coding",1,0.031001852025101,1.03148741422534,0.851953448336221,1.24885495537707,0.750671834593192,0.987162805516434,0.00561121642193621,FALSE,FALSE,"Other"
"PROBE1304_at","GENE1304","15q","protein_coding",1,0.0264719509037039,1.02682544533195,0.860744811227635,1.22495132288671,0.768697707795965,0.987162805516434,0.00561121642193621,FALSE,FALSE,"Other"
"PROBE1310_at","GENE1310","3q","protein_coding",1,-0.0248848841429756,0.975422192127206,0.807799271838688,1.17782781696322,0.795891951433775,0.987717331562396,0.00536732556128047,FALSE,FALSE,"Other"
"PROBE1319_at","GENE1319","20q","protein_coding",1,0.120461084315288,1.12801684256381,0.930697160335796,1.36717081703412,0.219492711598889,0.873343734525246,0.0588147910869166,FALSE,FALSE,"Other"
"PROBE1321_at","GENE1321","2p","protein_coding",1,-0.116155570738827,0.890336702184272,0.743683280234536,1.06590999733969,0.205910387512825,0.871394275798659,0.0597852972774978,FALSE,FALSE,"Other"
"PROBE1327_at","GENE1327","12p","protein_coding",1,-0.0970200391905398,0.907537819627762,0.753219068085992,1.09347323899756,0.307603605879373,0.92234964281671,0.0351044160817725,FALSE,FALSE,"Other"
"PROBE1330_at","GENE1330","19q","protein_coding",1,0.0990510489929121,1.10412266247021,0.907579761643916,1.34322833683746,0.321994963039111,0.924241859464972,0.0342143659158097,FALSE,FALSE,"Other"
"PROBE1331_at","GENE1331","20q","protein_coding",1,0.0598820689153773,1.06171133039332,0.872797813332897,1.29151440558846,0.549164101755275,0.981677239820465,0.00803127800303875,FALSE,FALSE,"Other"
"PROBE1333_at","GENE1333","2p","protein_coding",1,0.0168267756079631,1.01696914320487,0.839512165485621,1.23193716630966,0.863449962549349,0.992432550785747,0.00329899974566152,FALSE,FALSE,"Other"
"PROBE1334_at","GENE1334","3q","protein_coding",1,0.0736821486783036,1.07646459541873,0.89580448203397,1.29355908396321,0.431822299081642,0.947314813651542,0.0235056713543485,FALSE,FALSE,"Other"
"PROBE1335_at","GENE1335","4q","protein_coding",1,-0.126127470429099,0.881502474122845,0.729124068173525,1.06572618543675,0.192724335944182,0.862510274133389,0.0642357229528199,FALSE,FALSE,"Other"
"PROBE1336_at","GENE1336","7q","protein_coding",1,0.000380170403892816,1.00038024267782,0.837067261219032,1.19555581290172,0.996664339104919,0.999075727007576,0.000401592279433433,FALSE,FALSE,"Other"
"PROBE1337_at","GENE1337","9p","protein_coding",1,0.187076666706065,1.20571972006591,0.990176610077744,1.46818257324991,0.0626423273886262,0.595176507255356,0.225354219550085,FALSE,FALSE,"Other"
"PROBE1341_at","GENE1341","18q","protein_coding",1,-0.0140888795846743,0.986009904217443,0.812013591833102,1.19728972641965,0.886898992346871,0.996171374724732,0.00166594200305885,FALSE,FALSE,"Other"
"PROBE1342_at","GENE1342","19q","protein_coding",1,0.0525816927579493,1.05398866180226,0.876334080195548,1.26765821883799,0.576632666769778,0.981677239820465,0.00803127800303875,FALSE,FALSE,"Other"
"PROBE1348_at","GENE1348","7q","protein_coding",1,0.0183717437560353,1.01854154247932,0.84893181929178,1.22203791892455,0.843291527628978,0.989073402045557,0.0047714769362556,FALSE,FALSE,"Other"
"PROBE1349_at","GENE1349","9p","protein_coding",1,0.183321430311955,1.20120044826981,0.991008896942703,1.45597332312043,0.061771036327045,0.592527926398513,0.227291176128051,FALSE,FALSE,"Other"
"PROBE1350_at","GENE1350","10q","protein_coding",1,0.0645600008436676,1.06668957859924,0.887072815264262,1.28267560172415,0.492559343949368,0.959907336349336,0.0177706891005534,FALSE,FALSE,"Other"
"PROBE1357_at","GENE1357","2p","protein_coding",1,-0.0322436986253312,0.968270587113513,0.805899650677803,1.16335567223614,0.73062308313391,0.987162805516434,0.00561121642193621,FALSE,FALSE,"Other"
"PROBE1360_at","GENE1360","7q","protein_coding",1,-0.0568667476823782,0.944719947102042,0.785524138784249,1.13617867916038,0.545857254121868,0.981677239820465,0.00803127800303875,FALSE,FALSE,"Other"
"PROBE1363_at","GENE1363","12p","protein_coding",1,0.116674197677739,1.1237532486244,0.929590885037282,1.35847003678748,0.227985761797602,0.875325692112246,0.0578303241558113,FALSE,FALSE,"Other"
"PROBE1366_at","GENE1366","19q","protein_coding",1,0.0847956597049331,1.08849462065986,0.898475420286239,1.31870111575005,0.386338790749921,0.942977154427675,0.0254988288174784,FALSE,FALSE,"Other"
"PROBE1367_at","GENE1367","20q","protein_coding",1,-0.0498889227686989,0.951335090299943,0.792068304252933,1.14262677748432,0.593561730689136,0.981677239820465,0.00803127800303875,FALSE,FALSE,"Other"
"PROBE1368_at","GENE1368","21q","protein_coding",1,0.0764094594366379,1.07940445602523,0.895303055307438,1.30136267577801,0.42322201262882,0.946433601119706,0.0239098494010177,FALSE,FALSE,"Other"
"PROBE1371_at","GENE1371","4q","protein_coding",1,0.255270043158579,1.29081014826162,1.07254917198646,1.55348666744036,0.00691213147645155,0.155715357550699,0.807668552681647,FALSE,FALSE,"Other"
"PROBE1372_at","GENE1372","7q","protein_coding",1,0.0306535007936472,1.03112815689186,0.850602085247698,1.24996786908369,0.754918584188279,0.987162805516434,0.00561121642193621,FALSE,FALSE,"Other"
"PROBE1375_at","GENE1375","12p","protein_coding",1,0.0285180709857976,1.02892860442072,0.852351170850567,1.24208672340849,0.766560605560383,0.987162805516434,0.00561121642193621,FALSE,FALSE,"Other"
"PROBE1382_at","GENE1382","3q","protein_coding",1,0.172886024452871,1.18873061114089,0.986938222775346,1.43178208448518,0.0685392866025624,0.62141700782189,0.206616864531134,FALSE,FALSE,"Other"
"PROBE1383_at","GENE1383","4q","protein_coding",1,-0.0904310610851756,0.913537310000979,0.760842119552917,1.09687725655123,0.332509384551436,0.924241859464972,0.0342143659158097,FALSE,FALSE,"Other"
"PROBE1386_at","GENE1386","10q","protein_coding",1,0.0737664557190682,1.07655535278894,0.892502268778303,1.2985641248901,0.440635042480726,0.95396022369121,0.020469733253509,FALSE,FALSE,"Other"
"PROBE1388_at","GENE1388","15q","protein_coding",1,-0.0555229265570649,0.945990335120413,0.784713293625488,1.14041360253587,0.560426046315467,0.981677239820465,0.00803127800303875,FALSE,FALSE,"Other"
"PROBE1389_at","GENE1389","18q","protein_coding",1,-0.0892960268844053,0.914574794770475,0.751841744729715,1.11253074346139,0.371724699531501,0.938134194070164,0.027735034141505,FALSE,FALSE,"Other"
"PROBE1392_at","GENE1392","21q","protein_coding",1,0.109734991507406,1.11598228648447,0.933025415660767,1.33481515384562,0.229690162359467,0.876680009005598,0.0571588965796239,FALSE,FALSE,"Other"
"PROBE1395_at","GENE1395","4q","protein_coding",1,-0.0360703029872723,0.964572478772664,0.803804966196729,1.15749479778398,0.698206366230804,0.987162805516434,0.00561121642193621,FALSE,FALSE,"Other"
"PROBE1402_at","GENE1402","19q","protein_coding",1,-0.054994799520344,0.946490070143039,0.786170131076243,1.13950329256721,0.561379807615045,0.981677239820465,0.00803127800303875,FALSE,FALSE,"Other"
"PROBE1403_at","GENE1403","20q","protein_coding",1,0.000383000242713432,1.00038307359667,0.8205713084127,1.21959698526943,0.996977129358442,0.999075727007576,0.000401592279433433,FALSE,FALSE,"Other"
"PROBE1412_at","GENE1412","15q","protein_coding",1,0.0125248756091622,1.01260364035973,0.844949448960889,1.21352364183534,0.892118940353095,0.996171374724732,0.00166594200305885,FALSE,FALSE,"Other"
"PROBE1416_at","GENE1416","21q","protein_coding",1,0.252385133668012,1.28709164416725,1.07411283551244,1.54230062774998,0.0062452184383608,0.146086981014288,0.835388485815103,FALSE,FALSE,"Other"
"PROBE1418_at","GENE1418","3q","protein_coding",1,-0.0638251360869078,0.938169037097155,0.782951026966268,1.12415861510291,0.489146203066556,0.959907336349336,0.0177706891005534,FALSE,FALSE,"Other"
"PROBE1419_at","GENE1419","4q","protein_coding",1,-0.0585279040879268,0.94315192223831,0.787515395511413,1.12954686789857,0.524727592793773,0.972869163748036,0.0119455618723524,FALSE,FALSE,"Other"
"PROBE1425_at","GENE1425","18q","protein_coding",1,0.191095428391255,1.21057496979124,0.999693556308586,1.46594098585216,0.0503679871273744,0.524666532576817,0.280116637689925,FALSE,FALSE,"Other"
"PROBE1430_at","GENE1430","3q","protein_coding",1,-0.046886444622106,0.954195745496976,0.793235950933939,1.14781676202716,0.618899256676472,0.981677239820465,0.00803127800303875,FALSE,FALSE,"Other"
"PROBE1432_at","GENE1432","7q","protein_coding",1,0.0845646087276101,1.08824315196611,0.905846775836583,1.30736586958365,0.366269935507958,0.938134194070164,0.027735034141505,FALSE,FALSE,"Other"
"PROBE1435_at","GENE1435","12p","protein_coding",1,-0.0179429279973866,0.982217087854891,0.818131081697772,1.17921251160891,0.847434296395048,0.989073402045557,0.0047714769362556,FALSE,FALSE,"Other"
"PROBE1436_at","GENE1436","15q","protein_coding",1,0.0305430016894648,1.03101422444906,0.859093225796396,1.23733990572547,0.74279084893577,0.987162805516434,0.00561121642193621,FALSE,FALSE,"Other"
"PROBE1438_at","GENE1438","19q","protein_coding",1,-0.0286675712717082,0.97173944488754,0.811635429758008,1.16342573787333,0.754972832605034,0.987162805516434,0.00561121642193621,FALSE,FALSE,"Other"
"PROBE1440_at","GENE1440","21q","protein_coding",1,0.130495372513609,1.1393926673573,0.951092539920916,1.36497301359921,0.156806299522075,0.831863657942042,0.0799478485357377,FALSE,FALSE,"Other"
"PROBE1443_at","GENE1443","4q","protein_coding",1,-0.0928683260789331,0.911313488616668,0.754608262679143,1.10056080168818,0.334718801910633,0.925916464483079,0.0334281932862362,FALSE,FALSE,"Other"
"PROBE1449_at","GENE1449","18q","protein_coding",1,-0.00235491847602837,0.997647852169178,0.829155009694281,1.20038017656645,0.98009495711816,0.998610398120975,0.00060391612684265,FALSE,FALSE,"Other"
"PROBE1450_at","GENE1450","19q","protein_coding",1,-0.101544132645946,0.903441307207052,0.754665910533118,1.08154639579704,0.268693735525644,0.910054989079236,0.0409323651160964,FALSE,FALSE,"Other"
"PROBE1455_at","GENE1455","4q","protein_coding",1,-0.0559558405817537,0.945580891270506,0.783411409291435,1.14132014332626,0.559947098224044,0.981677239820465,0.00803127800303875,FALSE,FALSE,"Other"
"PROBE1457_at","GENE1457","9p","protein_coding",1,-0.0385913989185559,0.962143761821609,0.793029901714955,1.16732120240401,0.695581972504332,0.987162805516434,0.00561121642193621,FALSE,FALSE,"Other"
"PROBE1458_at","GENE1458","10q","protein_coding",1,0.0869075376100631,1.09079581746715,0.901162020369406,1.32033473283316,0.372439275045855,0.938134194070164,0.027735034141505,FALSE,FALSE,"Other"
"PROBE1459_at","GENE1459","12p","protein_coding",1,0.0984866322853495,1.10349965302732,0.925557874731791,1.31565136819162,0.272323279034385,0.91063262919453,0.0406567923923655,FALSE,FALSE,"Other"
"PROBE1463_at","GENE1463","20q","protein_coding",1,0.0823916743985192,1.08588103835111,0.902031259930764,1.30720262348889,0.384001014171723,0.942977154427675,0.0254988288174784,FALSE,FALSE,"Other"
"PROBE1464_at","GENE1464","21q","protein_coding",1,0.0309459153899745,1.03142971790389,0.855756452509527,1.24316592630479,0.745301128898877,0.987162805516434,0.00561121642193621,FALSE,FALSE,"Other"
"PROBE1468_at","GENE1468","7q","protein_coding",1,0.0722594856143145,1.07493423784884,0.896737356474729,1.28854185381786,0.434580656319708,0.948378976675908,0.0230180818710349,FALSE,FALSE,"Other"
"PROBE1470_at","GENE1470","10q","protein_coding",1,0.051700864662427,1.0530606877294,0.873239333272215,1.26991166085669,0.588391672767347,0.981677239820465,0.00803127800303875,FALSE,FALSE,"Other"
"PROBE1479_at","GENE1479","4q","protein_coding",1,-0.0280318274926845,0.97235741861012,0.806087608646057,1.17292331427127,0.769543413168297,0.987162805516434,0.00561121642193621,FALSE,FALSE,"Other"
"PROBE1480_at","GENE1480","7q","protein_coding",1,-0.0523834921219814,0.948964876499461,0.785499104764888,1.14644858455845,0.587077842754866,0.981677239820465,0.00803127800303875,FALSE,FALSE,"Other"
"PROBE1482_at","GENE1482","10q","protein_coding",1,-0.0304140372851461,0.970043816083159,0.797241496786711,1.1803010868273,0.7612420540148,0.987162805516434,0.00561121642193621,FALSE,FALSE,"Other"
"PROBE1485_at","GENE1485","18q","protein_coding",1,0.0891564535957667,1.09325168610424,0.917771343073832,1.30228434150794,0.317919446923315,0.924241859464972,0.0342143659158097,FALSE,FALSE,"Other"
"PROBE1486_at","GENE1486","19q","protein_coding",1,0.0113286187506583,1.01139303055452,0.838550589499502,1.21986183667796,0.905689589400619,0.996171374724732,0.00166594200305885,FALSE,FALSE,"Other"
"PROBE1491_at","GENE1491","4q","protein_coding",1,0.0676588955886957,1.07000026441296,0.882696022881776,1.29704964808382,0.490749811719685,0.959907336349336,0.0177706891005534,FALSE,FALSE,"Other"
"PROBE1510_at","GENE1510","19q","protein_coding",1,0.0525461368327102,1.05395118692643,0.869586543113383,1.2774037422964,0.592229766689927,0.981677239820465,0.00803127800303875,FALSE,FALSE,"Other"
"PROBE1519_at","GENE1519","12p","protein_coding",1,-0.115954978293082,0.890515314914483,0.737561890977771,1.07518777176239,0.227824602020535,0.875325692112246,0.0578303241558113,FALSE,FALSE,"Other"
"PROBE1521_at","GENE1521","18q","protein_coding",1,0.0276279984246268,1.02801319075525,0.852871939191485,1.23912051951039,0.771875797403282,0.987162805516434,0.00561121642193621,FALSE,FALSE,"Other"
"PROBE1527_at","GENE1527","4q","protein_coding",1,0.0958861682501761,1.10063376979495,0.917459533272337,1.32037942958893,0.301878098251306,0.92234964281671,0.0351044160817725,FALSE,FALSE,"Other"
"PROBE1528_at","GENE1528","7q","protein_coding",1,0.0578725719065297,1.05957996685218,0.872575949871068,1.28666130016574,0.559122899913153,0.981677239820465,0.00803127800303875,FALSE,FALSE,"Other"
"PROBE1532_at","GENE1532","15q","protein_coding",1,0.0537594030417395,1.05523068631722,0.871657184320451,1.27746529412664,0.581417710829932,0.981677239820465,0.00803127800303875,FALSE,FALSE,"Other"
"PROBE1538_at","GENE1538","3q","protein_coding",1,-0.0418761501381745,0.958988543816571,0.799072571563726,1.15090801499008,0.652775918192771,0.984634761176682,0.00672483612294994,FALSE,FALSE,"Other"
"PROBE1540_at","GENE1540","7q","protein_coding",1,-0.105253407782901,0.900096402250061,0.741450339596418,1.09268752076436,0.287352045558776,0.916327163916274,0.0379494388697971,FALSE,FALSE,"Other"
"PROBE1542_at","GENE1542","10q","protein_coding",1,0.0757434893267493,1.07868584423458,0.894778120338093,1.3003929399977,0.427078162505267,0.946433601119706,0.0239098494010177,FALSE,FALSE,"Other"
"PROBE1543_at","GENE1543","12p","protein_coding",1,0.169573285120139,1.18479917200125,0.991925015786066,1.41517660673416,0.0614104113718075,0.591907579487301,0.227746098770443,FALSE,FALSE,"Other"
"PROBE1547_at","GENE1547","20q","protein_coding",1,0.132364477136851,1.14152430296395,0.934695079727204,1.39412067370423,0.194355778453701,0.862510274133389,0.0642357229528199,FALSE,FALSE,"Other"
"PROBE1551_at","GENE1551","4q","protein_coding",1,-0.016255883769563,0.98387553006276,0.811554184397715,1.19278672609479,0.868574103838572,0.993507696698395,0.00282876406428773,FALSE,FALSE,"Other"
"PROBE1552_at","GENE1552","7q","protein_coding",1,0.0258265933433984,1.02616298955111,0.854125053554299,1.23285282025453,0.782665188768423,0.987162805516434,0.00561121642193621,FALSE,FALSE,"Other"
"PROBE1553_at","GENE1553","9p","protein_coding",1,-0.0252799285616407,0.975036933136581,0.810663731802141,1.1727390577434,0.788411448552186,0.987674849423346,0.00538600515184386,FALSE,FALSE,"Other"
"PROBE1554_at","GENE1554","10q","protein_coding",1,0.0642472390497349,1.06635601101938,0.891474280170532,1.27554453059448,0.482067073960446,0.959907336349336,0.0177706891005534,FALSE,FALSE,"Other"
"PROBE1555_at","GENE1555","12p","protein_coding",1,-0.0468123132696744,0.95426648394001,0.794594444492743,1.14602427525473,0.616325847963877,0.981677239820465,0.00803127800303875,FALSE,FALSE,"Other"
"PROBE1556_at","GENE1556","15q","protein_coding",1,-0.0498462923601303,0.951375646967996,0.786003860495638,1.15154093654581,0.608900528769502,0.981677239820465,0.00803127800303875,FALSE,FALSE,"Other"
"PROBE1560_at","GENE1560","21q","protein_coding",1,-0.0646118686873086,0.93743123919387,0.775049980578928,1.13383310784699,0.50556853748582,0.962071431942568,0.0167926812399623,FALSE,FALSE,"Other"
"PROBE1562_at","GENE1562","3q","protein_coding",1,0.142125229408318,1.15272099406671,0.954898247389314,1.39152594927782,0.138997650404539,0.803779321238131,0.0948631710572629,FALSE,FALSE,"Other"
"PROBE1568_at","GENE1568","15q","protein_coding",1,-0.0144926621864839,0.985611850941809,0.809325391421206,1.20029685342143,0.885387347468317,0.995656280537888,0.00189056240874793,FALSE,FALSE,"Other"
"PROBE1569_at","GENE1569","18q","protein_coding",1,-0.0328626117722141,0.967671497128866,0.80109775553718,1.16888122564733,0.733138121862531,0.987162805516434,0.00561121642193621,FALSE,FALSE,"Other"
"PROBE1577_at","GENE1577","9p","protein_coding",1,-0.139896665834692,0.869448074448056,0.710122928188835,1.06451985163957,0.175555127613911,0.841832451190366,0.0747743369614036,FALSE,FALSE,"Other"
"PROBE1580_at","GENE1580","15q","protein_coding",1,0.0301524143800315,1.03061160201187,0.849751138476843,1.24996628554729,0.759404952048417,0.987162805516434,0.00561121642193621,FALSE,FALSE,"Other"
"PROBE1581_at","GENE1581","18q","protein_coding",1,0.0673286876634709,1.06964700017419,0.885841083060536,1.29159137779959,0.483995786265299,0.959907336349336,0.0177706891005534,FALSE,FALSE,"Other"
"PROBE1584_at","GENE1584","21q","protein_coding",1,0.112504849119881,1.11907768344147,0.935597196186677,1.33854063124709,0.218189191323633,0.871632949425932,0.059666360936805,FALSE,FALSE,"Other"
"PROBE1590_at","GENE1590","10q","protein_coding",1,-0.0802401555460314,0.922894681494511,0.763616755835225,1.1153953689757,0.406463964962558,0.946433601119706,0.0239098494010177,FALSE,FALSE,"Other"
"PROBE1592_at","GENE1592","15q","protein_coding",1,-0.0172376197117717,0.982910098069422,0.81860350775253,1.18019560353375,0.853463513071052,0.989925735330178,0.00439738514596618,FALSE,FALSE,"Other"
"PROBE1595_at","GENE1595","20q","protein_coding",1,0.100244208629381,1.10544084330848,0.924425884664271,1.32190095315035,0.271903226310875,0.91063262919453,0.0406567923923655,FALSE,FALSE,"Other"
"PROBE1597_at","GENE1597","2p","protein_coding",1,0.0737667961967048,1.07655571933203,0.899605634228541,1.28831142528401,0.420723397958463,0.946433601119706,0.0239098494010177,FALSE,FALSE,"Other"
"PROBE1604_at","GENE1604","15q","protein_coding",1,0.0730983773259288,1.07583636961403,0.888677217570216,1.30241202463688,0.453473724010116,0.957586063622862,0.0188221831276811,FALSE,FALSE,"Other"
"PROBE1605_at","GENE1605","18q","protein_coding",1,-0.137578955543539,0.871465540245332,0.730161524269386,1.04011532050393,0.127454888639612,0.773626031196432,0.111468925410622,FALSE,FALSE,"Other"
"PROBE1609_at","GENE1609","2p","protein_coding",1,0.0798655351606157,1.0831414134463,0.902438821207616,1.30002754087254,0.391099774798878,0.942977154427675,0.0254988288174784,FALSE,FALSE,"Other"
"PROBE1616_at","GENE1616","15q","protein_coding",1,0.177198345267796,1.19386786768674,0.984015850050754,1.44847309666949,0.0724001970518353,0.629566930885524,0.200958092134251,FALSE,FALSE,"Other"
"PROBE1620_at","GENE1620","21q","protein_coding",1,-0.0202465967017453,0.979956989347321,0.816297962453637,1.17642790395328,0.828078889339094,0.987717331562396,0.00536732556128047,FALSE,FALSE,"Other"
"PROBE1621_at","GENE1621","2p","protein_coding",1,0.0174644271030901,1.01761782189302,0.838999154722121,1.23426349789026,0.859236232346253,0.990533378491605,0.00413088524358207,FALSE,FALSE,"Other"
"PROBE1624_at","GENE1624","7q","protein_coding",1,-0.0452304844301989,0.955777164689039,0.784409459919371,1.16458308475132,0.65368513082898,0.984634761176682,0.00672483612294994,FALSE,FALSE,"Other"
"PROBE1625_at","GENE1625","9p","protein_coding",1,-0.257668242387707,0.772851588978222,0.644361955040474,0.926962825650754,0.00547810875078869,0.132802636382756,0.876793303318015,FALSE,FALSE,"Other"
"PROBE1630_at","GENE1630","19q","protein_coding",1,0.106810773691611,1.11272367796281,0.91896706155773,1.34733227695919,0.273849964797774,0.91063262919453,0.0406567923923655,FALSE,FALSE,"Other"
"PROBE1634_at","GENE1634","3q","protein_coding",1,0.119039980496662,1.12641495201734,0.927747954595591,1.36762429692589,0.229196229450166,0.875630293983442,0.057679221656122,FALSE,FALSE,"Other"
"PROBE1638_at","GENE1638","10q","protein_coding",1,-0.168257944707086,0.845135808257977,0.700187852788384,1.02008986810534,0.0796431737583104,0.648824226136948,0.187872942580551,FALSE,FALSE,"Other"
"PROBE1641_at","GENE1641","18q","protein_coding",1,0.00830679553923702,1.00834139269612,0.835337897888974,1.21717495015351,0.931071103332232,0.997858297460263,0.000931127049766214,FALSE,FALSE,"Other"
"PROBE1644_at","GENE1644","21q","protein_coding",1,0.106233559647817,1.11208158355981,0.912370662073109,1.35550768991494,0.292849531436392,0.91957582040123,0.0364124567202641,FALSE,FALSE,"Other"
"PROBE1646_at","GENE1646","3q","protein_coding",1,0.0816241759453736,1.08504794607329,0.90089518074687,1.30684353789285,0.389704342593688,0.942977154427675,0.0254988288174784,FALSE,FALSE,"Other"
"PROBE1647_at","GENE1647","4q","protein_coding",1,0.107197983781467,1.11315461922515,0.918575099778358,1.34895144294819,0.274150411632979,0.91063262919453,0.0406567923923655,FALSE,FALSE,"Other"
"PROBE1650_at","GENE1650","10q","protein_coding",1,0.0594911832094829,1.06129640371022,0.883389586727766,1.27503207356161,0.525106131133002,0.972869163748036,0.0119455618723524,FALSE,FALSE,"Other"
"PROBE1652_at","GENE1652","15q","protein_coding",1,-0.049294780153491,0.951900486964927,0.790214505001032,1.14666907700319,0.603757010053476,0.981677239820465,0.00803127800303875,FALSE,FALSE,"Other"
"PROBE1655_at","GENE1655","20q","protein_coding",1,-0.0230221573051433,0.977240830510109,0.807012790304831,1.18337609055162,0.813620356078613,0.987717331562396,0.00536732556128047,FALSE,FALSE,"Other"
"PROBE1659_at","GENE1659","4q","protein_coding",1,0.0212980474682195,1.02152646964776,0.844632085462012,1.23546849113626,0.826240103171281,0.987717331562396,0.00536732556128047,FALSE,FALSE,"Other"
"PROBE1660_at","GENE1660","7q","protein_coding",1,0.17975940827738,1.19692935718138,0.988023026341309,1.45000657665617,0.0662334393434854,0.613272586513754,0.21234644798476,FALSE,FALSE,"Other"
"PROBE1664_at","GENE1664","15q","protein_coding",1,0.141562456669575,1.15207245662258,0.951915071208936,1.39431655769748,0.145985285906816,0.81431953462214,0.0892051468394327,FALSE,FALSE,"Other"
"PROBE1665_at","GENE1665","18q","protein_coding",1,-0.0432597604710272,0.957662594868123,0.789539388268282,1.16158567797496,0.660509648258493,0.984634761176682,0.00672483612294994,FALSE,FALSE,"Other"
"PROBE1667_at","GENE1667","20q","protein_coding",1,-0.0136188955090343,0.986473422085324,0.825137523627592,1.17935469496347,0.881186101980606,0.994005755195269,0.00261110107319785,FALSE,FALSE,"Other"
"PROBE1668_at","GENE1668","21q","protein_coding",1,-0.14564066064204,0.864468284857649,0.709484780568271,1.05330718289145,0.14852365354726,0.816064030479451,0.0882757640489285,FALSE,FALSE,"Other"
"PROBE1669_at","GENE1669","2p","protein_coding",1,0.127144900808979,1.13558155254621,0.934540751291849,1.37987076614978,0.200910177018265,0.870683324022817,0.060139773393052,FALSE,FALSE,"Other"
"PROBE1673_at","GENE1673","9p","protein_coding",1,0.235888558349987,1.26603321347472,1.04117388231999,1.53945476815996,0.0180595771468386,0.281459730289404,0.550583732834478,FALSE,FALSE,"Other"
"PROBE1674_at","GENE1674","10q","protein_coding",1,0.00406839416639956,1.0040766813166,0.832402066646774,1.2111574710825,0.966079654364816,0.998610398120975,0.00060391612684265,FALSE,FALSE,"Other"
"PROBE1675_at","GENE1675","12p","protein_coding",1,-0.0470144591813974,0.954073602367355,0.791442949244334,1.15012262046598,0.621962239307376,0.981677239820465,0.00803127800303875,FALSE,FALSE,"Other"
"PROBE1678_at","GENE1678","19q","protein_coding",1,-0.0484775691477644,0.952678708461507,0.799448303511366,1.13527881361372,0.587930772667234,0.981677239820465,0.00803127800303875,FALSE,FALSE,"Other"
"PROBE1681_at","GENE1681","2p","protein_coding",1,0.143567249838829,1.15438444036435,0.950460171799261,1.40206131271408,0.147718081607157,0.815433832777884,0.0886112734039503,FALSE,FALSE,"Other"
"PROBE1682_at","GENE1682","3q","protein_coding",1,0.0754089552372179,1.07832504740057,0.896899332290718,1.29644974189205,0.422383697585719,0.946433601119706,0.0239098494010177,FALSE,FALSE,"Other"
"PROBE1684_at","GENE1684","7q","protein_coding",1,0.014483270490673,1.01458866123895,0.839636543494174,1.22599493732228,0.880780151474398,0.993850940743819,0.00267874685697776,FALSE,FALSE,"Other"
"PROBE1689_at","GENE1689","18q","protein_coding",1,0.00588287344223237,1.00590021152478,0.832486088022509,1.21543801164186,0.951410978076915,0.998610398120975,0.00060391612684265,FALSE,FALSE,"Other"
"PROBE1693_at","GENE1693","2p","protein_coding",1,0.0563627683347788,1.05798141628601,0.879715115386337,1.27237176857531,0.549384100960343,0.981677239820465,0.00803127800303875,FALSE,FALSE,"Other"
"PROBE1694_at","GENE1694","3q","protein_coding",1,0.0800284033503521,1.08331783709405,0.889640724542862,1.31915896360204,0.425831790857115,0.946433601119706,0.0239098494010177,FALSE,FALSE,"Other"
"PROBE1701_at","GENE1701","18q","protein_coding",1,-0.0576474245384041,0.943982713911801,0.774262220724738,1.1509064246092,0.568628275969639,0.981677239820465,0.00803127800303875,FALSE,FALSE,"Other"
"PROBE1705_at","GENE1705","2p","protein_coding",1,0.120951131357965,1.12856975934815,0.941361158569355,1.35300855587754,0.191218702116006,0.862510274133389,0.0642357229528199,FALSE,FALSE,"Other"
"PROBE1708_at","GENE1708","7q","protein_coding",1,0.0773546483081779,1.08042517941716,0.898194389815875,1.2996279887229,0.411786883699955,0.946433601119706,0.0239098494010177,FALSE,FALSE,"Other"
"PROBE1712_at","GENE1712","15q","protein_coding",1,0.0603934384782065,1.06225439609399,0.876437772489095,1.28746664901991,0.538160121298256,0.976522267147465,0.0103178492639759,FALSE,FALSE,"Other"
"PROBE1715_at","GENE1715","20q","protein_coding",1,0.0841937017219141,1.08783958980379,0.900939103815417,1.31351272037464,0.381374131596664,0.942694659767482,0.0256289531287006,FALSE,FALSE,"Other"
"PROBE1717_at","GENE1717","2p","protein_coding",1,0.0306085502452215,1.03108180815742,0.845290851796288,1.25770874350996,0.762692838806423,0.987162805516434,0.00561121642193621,FALSE,FALSE,"Other"
"PROBE1718_at","GENE1718","3q","protein_coding",1,-0.078629563398184,0.924382286062363,0.766173468763887,1.11525998435376,0.411660334875905,0.946433601119706,0.0239098494010177,FALSE,FALSE,"Other"
"PROBE1721_at","GENE1721","9p","protein_coding",1,-0.204343879648062,0.815181998484077,0.681500493876514,0.97508614685304,0.0253492867586822,0.336867598122023,0.472540759970344,FALSE,FALSE,"Other"
"PROBE1727_at","GENE1727","20q","protein_coding",1,0.0710961725113782,1.07368447983603,0.89041281620415,1.29467853703542,0.456571913294945,0.957586063622862,0.0188221831276811,FALSE,FALSE,"Other"
"PROBE1728_at","GENE1728","21q","protein_coding",1,0.0358970500574928,1.03654912832454,0.849672112351486,1.26452790413097,0.723410182452959,0.987162805516434,0.00561121642193621,FALSE,FALSE,"Other"
"PROBE1730_at","GENE1730","3q","protein_coding",1,-0.0612485654530086,0.940589412683086,0.770700638701843,1.1479274815987,0.546764700061609,0.981677239820465,0.00803127800303875,FALSE,FALSE,"Other"
"PROBE1731_at","GENE1731","4q","protein_coding",1,-0.156558766473204,0.855081266116058,0.711392336669047,1.02779287036766,0.0953334906685607,0.694597381920296,0.158266857966966,FALSE,FALSE,"Other"
"PROBE1736_at","GENE1736","15q","protein_coding",1,0.0603555459188974,1.06221414531889,0.882508046366882,1.27851399787293,0.523312433971501,0.971397601264374,0.0126029732934256,FALSE,FALSE,"Other"
"PROBE1740_at","GENE1740","21q","protein_coding",1,-0.0748892850003132,0.927846207134613,0.770867072501525,1.11679252468315,0.428413949464474,0.946580419226861,0.0238424835038577,FALSE,FALSE,"Other"
"PROBE1742_at","GENE1742","3q","protein_coding",1,0.120603264811342,1.12817723596018,0.932305133307497,1.36520097365907,0.215146016733179,0.871394275798659,0.0597852972774978,FALSE,FALSE,"Other"
"PROBE1744_at","GENE1744","7q","protein_coding",1,-0.0299320518708437,0.97051147574726,0.806359305503509,1.16808043031014,0.751540058647843,0.987162805516434,0.00561121642193621,FALSE,FALSE,"Other"
"PROBE1748_at","GENE1748","15q","protein_coding",1,-0.173193052976414,0.840975246397864,0.692558192763919,1.02119846742616,0.0804256355566614,0.649003249132368,0.187753128967387,FALSE,FALSE,"Other"
"PROBE1749_at","GENE1749","18q","protein_coding",1,-0.031240854537557,0.969242098603022,0.80710704221921,1.16394752686254,0.738010502331844,0.987162805516434,0.00561121642193621,FALSE,FALSE,"Other"
"PROBE1750_at","GENE1750","19q","protein_coding",1,-0.0828613979174688,0.920478718646418,0.750066759095186,1.12960754653764,0.427626601345543,0.946580419226861,0.0238424835038577,FALSE,FALSE,"Other"
"PROBE1757_at","GENE1757","9p","protein_coding",1,0.0160485890321324,1.01617805931495,0.847028724695887,1.21910605641366,0.862838477544956,0.992432550785747,0.00329899974566152,FALSE,FALSE,"Other"
"PROBE1761_at","GENE1761","18q","protein_coding",1,0.0266397373362899,1.02699774716487,0.851897542655145,1.23808829098674,0.779999313350779,0.987162805516434,0.00561121642193621,FALSE,FALSE,"Other"
"PROBE1763_at","GENE1763","20q","protein_coding",1,0.0513433727332693,1.05268429431543,0.868008103561183,1.2766519332619,0.601891921771423,0.981677239820465,0.00803127800303875,FALSE,FALSE,"Other"
"PROBE1766_at","GENE1766","3q","protein_coding",1,-0.0115854941198612,0.988481359291472,0.823245223532164,1.18688255909272,0.90120442554443,0.996171374724732,0.00166594200305885,FALSE,FALSE,"Other"
"PROBE1767_at","GENE1767","4q","protein_coding",1,-0.0410453304677557,0.959785621430511,0.788448785239139,1.16835545485095,0.682462827366837,0.987085109279808,0.00564539961300939,FALSE,FALSE,"Other"
"PROBE1769_at","GENE1769","9p","protein_coding",1,-0.00724572563037236,0.992780461353512,0.8159667499473,1.20790834247713,0.94227904570854,0.998610398120975,0.00060391612684265,FALSE,FALSE,"Other"
"PROBE1772_at","GENE1772","15q","protein_coding",1,0.0211464245830795,1.02137159459879,0.856555512834466,1.21790113848099,0.813810384726884,0.987717331562396,0.00536732556128047,FALSE,FALSE,"Other"
"PROBE1779_at","GENE1779","4q","protein_coding",1,0.0370009237424163,1.03769397939966,0.869098403565898,1.23899525124447,0.68251962445003,0.987085109279808,0.00564539961300939,FALSE,FALSE,"Other"
"PROBE1781_at","GENE1781","9p","protein_coding",1,0.054523206665147,1.05603698322602,0.872870211032212,1.27764024461587,0.574805669215167,0.981677239820465,0.00803127800303875,FALSE,FALSE,"Other"
"PROBE1782_at","GENE1782","10q","protein_coding",1,-0.0242660428823391,0.976026010440808,0.802705374307566,1.18677014449886,0.807792592783126,0.987717331562396,0.00536732556128047,FALSE,FALSE,"Other"
"PROBE1784_at","GENE1784","15q","protein_coding",1,0.0830415757028147,1.08658698322664,0.897522946081747,1.31547753433152,0.394528503288166,0.944372683389937,0.0248565836693294,FALSE,FALSE,"Other"
"PROBE1789_at","GENE1789","2p","protein_coding",1,-0.0700177446767139,0.932377275025836,0.776016873656457,1.12024288710178,0.454700290559921,0.957586063622862,0.0188221831276811,FALSE,FALSE,"Other"
"PROBE1793_at","GENE1793","9p","protein_coding",1,0.159680938997912,1.17313650916266,0.977863725944513,1.40740394864431,0.0856167600236413,0.657325661588355,0.182219412799998,FALSE,FALSE,"Other"
"PROBE1796_at","GENE1796","15q","protein_coding",1,0.0666545531699902,1.06892615723537,0.885584331340408,1.29022509679292,0.487495599475267,0.959907336349336,0.0177706891005534,FALSE,FALSE,"Other"
"PROBE1797_at","GENE1797","18q","protein_coding",1,0.0558762418999137,1.0574668055554,0.873301261750548,1.28046997505766,0.567100056991057,0.981677239820465,0.00803127800303875,FALSE,FALSE,"Other"
"PROBE1798_at","GENE1798","19q","protein_coding",1,0.01855312642009,1.0187263050136,0.840292384345506,1.23505020854735,0.850215318548411,0.98957921489587,0.00454943519666904,FALSE,FALSE,"Other"
"PROBE1805_at","GENE1805","9p","protein_coding",1,-0.0494420644108448,0.951760297332746,0.793289184266691,1.14188833220546,0.594672912143294,0.981677239820465,0.00803127800303875,FALSE,FALSE,"Other"
"PROBE1806_at","GENE1806","10q","protein_coding",1,0.143759057900266,1.15460588184246,0.951886413356874,1.4004977103139,0.14445757116776,0.81216608003836,0.0903551526935396,FALSE,FALSE,"Other"
"PROBE1809_at","GENE1809","18q","protein_coding",1,-0.0567474621603169,0.944832645235628,0.789360380995481,1.13092669583586,0.536150295935037,0.975892351503692,0.0105980857414477,FALSE,FALSE,"Other"
"PROBE1810_at","GENE1810","19q","protein_coding",1,0.0267292792177827,1.02708971059266,0.848996672301647,1.24254111708758,0.783234059941361,0.987162805516434,0.00561121642193621,FALSE,FALSE,"Other"
"PROBE1813_at","GENE1813","2p","protein_coding",1,-0.00533304045637228,0.994681154957766,0.817548587200454,1.21019180452149,0.957493681543531,0.998610398120975,0.00060391612684265,FALSE,FALSE,"Other"
"PROBE1815_at","GENE1815","4q","protein_coding",1,-0.105193846487172,0.900150014754659,0.73966864362755,1.09545004515672,0.293720293168631,0.920032241718501,0.0361969529206641,FALSE,FALSE,"Other"
"PROBE1816_at","GENE1816","7q","protein_coding",1,-0.0813800799879622,0.921843250679445,0.768751071132439,1.10542282246374,0.379793688427923,0.942694659767482,0.0256289531287006,FALSE,FALSE,"Other"
"PROBE1824_at","GENE1824","21q","protein_coding",1,-0.0453979211181171,0.955617145923076,0.789732501422859,1.15634613991047,0.640730168485846,0.983507012322125,0.00722253925054449,FALSE,FALSE,"Other"
"PROBE1826_at","GENE1826","3q","protein_coding",1,0.0762123346118408,1.07919169958143,0.886793929509989,1.31333186402053,0.446817420847496,0.957586063622862,0.0188221831276811,FALSE,FALSE,"Other"
"PROBE1827_at","GENE1827","4q","protein_coding",1,0.0933026004725726,1.09779387795854,0.91421869819945,1.31823096689751,0.317623536215825,0.924241859464972,0.0342143659158097,FALSE,FALSE,"Other"
"PROBE1829_at","GENE1829","9p","protein_coding",1,-0.0703424274797491,0.93207459729848,0.775780028567891,1.11985746337513,0.452563472133567,0.957586063622862,0.0188221831276811,FALSE,FALSE,"Other"
"PROBE1832_at","GENE1832","15q","protein_coding",1,0.0701561143742245,1.07267562826789,0.892213144185325,1.28963915290728,0.455386982950002,0.957586063622862,0.0188221831276811,FALSE,FALSE,"Other"
"PROBE1838_at","GENE1838","3q","protein_coding",1,0.00516551238923789,1.00517887664953,0.837712871400136,1.20612277614129,0.955698167905102,0.998610398120975,0.00060391612684265,FALSE,FALSE,"Other"
"PROBE1840_at","GENE1840","7q","protein_coding",1,0.0034402083226284,1.00344613263095,0.837780010842407,1.20187176592999,0.97019156592489,0.998610398120975,0.00060391612684265,FALSE,FALSE,"Other"
"PROBE1843_at","GENE1843","12p","protein_coding",1,-0.0725366637560369,0.930031647581749,0.770684985970302,1.12232479060771,0.449370303410324,0.957586063622862,0.0188221831276811,FALSE,FALSE,"Other"
"PROBE1845_at","GENE1845","18q","protein_coding",1,0.0994945956416757,1.10461250100206,0.917484423392498,1.32990680414858,0.293443653353878,0.919886060670463,0.0362659620963134,FALSE,FALSE,"Other"
"PROBE1846_at","GENE1846","19q","protein_coding",1,-0.00393059327769005,0.996077121393013,0.821191952376629,1.20820671572722,0.968171133182494,0.998610398120975,0.00060391612684265,FALSE,FALSE,"Other"
"PROBE1849_at","GENE1849","2p","protein_coding",1,0.0792076349973665,1.08242904889165,0.907272765043519,1.29140065813424,0.379145679785599,0.942694659767482,0.0256289531287006,FALSE,FALSE,"Other"
"PROBE1853_at","GENE1853","9p","protein_coding",1,-0.10448493730887,0.90078836560162,0.752790380580575,1.07788263577099,0.253879187056639,0.896069094248902,0.0476585013935697,FALSE,FALSE,"Other"
"PROBE1854_at","GENE1854","10q","protein_coding",1,0.24536751382631,1.27809094299471,1.06384354442039,1.53548561452718,0.00876546544633188,0.180299949969937,0.744004393786656,FALSE,FALSE,"Other"
"PROBE1855_at","GENE1855","12p","protein_coding",1,-0.087937416743343,0.915818189814711,0.766406484731385,1.09435785513931,0.333189190337122,0.924241859464972,0.0342143659158097,FALSE,FALSE,"Other"
"PROBE1860_at","GENE1860","21q","protein_coding",1,0.0911569402936618,1.09544091058687,0.90332893557372,1.32840955418445,0.354155140504919,0.93265951062406,0.0302768767744387,FALSE,FALSE,"Other"
"PROBE1863_at","GENE1863","4q","protein_coding",1,0.106798185263404,1.11270967060884,0.926722397954973,1.33602340226009,0.2524339551152,0.896069094248902,0.0476585013935697,FALSE,FALSE,"Other"
"PROBE1869_at","GENE1869","18q","protein_coding",1,-0.0160620558439756,0.984066251098722,0.81661929009122,1.18584804241315,0.86596898228332,0.992432550785747,0.00329899974566152,FALSE,FALSE,"Other"
"PROBE1871_at","GENE1871","20q","protein_coding",1,0.0637135375118457,1.06578704701835,0.883062974541767,1.28632052564715,0.506703134339781,0.962856312284619,0.0164385181069096,FALSE,FALSE,"Other"
"PROBE1875_at","GENE1875","4q","protein_coding",1,-0.0616753917287631,0.940188030073473,0.778354216556516,1.13566999842835,0.522218325671916,0.971397601264374,0.0126029732934256,FALSE,FALSE,"Other"
"PROBE1877_at","GENE1877","9p","protein_coding",1,0.111966379715598,1.1184752565567,0.927476486695603,1.34880713147409,0.241222505478462,0.881983566648857,0.0545395066824756,FALSE,FALSE,"Other"
"PROBE1878_at","GENE1878","10q","protein_coding",1,0.166793184446114,1.18150988541708,0.984742224091976,1.4175949554976,0.0727271335092155,0.63103803478712,0.199944463576231,FALSE,FALSE,"Other"
"PROBE1879_at","GENE1879","12p","protein_coding",1,-0.121203640852425,0.885853545252555,0.733132661722645,1.07038813656538,0.20933024138659,0.871394275798659,0.0597852972774978,FALSE,FALSE,"Other"
"PROBE1883_at","GENE1883","20q","protein_coding",1,-0.0264542517563409,0.973892596692231,0.806247231194784,1.17639695765081,0.783727156061105,0.987162805516434,0.00561121642193621,FALSE,FALSE,"Other"
"PROBE1885_at","GENE1885","2p","protein_coding",1,0.0127881810623222,1.012870299525,0.838905497214956,1.22291038390583,0.894188611038152,0.996171374724732,0.00166594200305885,FALSE,FALSE,"Other"
"PROBE1891_at","GENE1891","12p","protein_coding",1,0.134193945406098,1.14361459693503,0.943729683395255,1.38583576349703,0.170970865804593,0.841832451190366,0.0747743369614036,FALSE,FALSE,"Other"
"PROBE1893_at","GENE1893","18q","protein_coding",1,0.174266478662673,1.19037273249325,0.989000545336839,1.43274667435177,0.0653301197727381,0.608318415440023,0.215869036072132,FALSE,FALSE,"Other"
"PROBE1894_at","GENE1894","19q","protein_coding",1,0.0759378387926635,1.07889550662552,0.892645630659996,1.30400628674574,0.432220866194221,0.947314813651542,0.0235056713543485,FALSE,FALSE,"Other"
"PROBE1898_at","GENE1898","3q","protein_coding",1,0.175705697441853,1.19208717271542,0.987301869516816,1.43934886707763,0.0676882104672838,0.620946880947997,0.206945550061545,FALSE,FALSE,"Other"
"PROBE1903_at","GENE1903","12p","protein_coding",1,-0.136400130385766,0.872493451493091,0.720072892715036,1.05717744772762,0.163809531197004,0.841832451190366,0.0747743369614036,FALSE,FALSE,"Other"
"PROBE1909_at","GENE1909","2p","protein_coding",1,0.0490451950635462,1.05026781658812,0.871061547508998,1.26634276270746,0.607387771110976,0.981677239820465,0.00803127800303875,FALSE,FALSE,"Other"
"PROBE1910_at","GENE1910","3q","protein_coding",1,0.0208603443449187,1.02107944216127,0.858704861424999,1.21415782539555,0.813376206306,0.987717331562396,0.00536732556128047,FALSE,FALSE,"Other"
"PROBE1911_at","GENE1911","4q","protein_coding",1,-0.0285856185130088,0.9718190848791,0.806955487031695,1.17036484528936,0.763125180320567,0.987162805516434,0.00561121642193621,FALSE,FALSE,"Other"
"PROBE1913_at","GENE1913","9p","protein_coding",1,0.161983570574157,1.17584092277106,0.967660765268772,1.42880844743052,0.103248429616529,0.717495231810319,0.144180980733828,FALSE,FALSE,"Other"
"PROBE1914_at","GENE1914","10q","protein_coding",1,0.00323701410638843,1.00324225889417,0.828223075987777,1.21524630164487,0.973599676173515,0.998610398120975,0.00060391612684265,FALSE,FALSE,"Other"
"PROBE1915_at","GENE1915","12p","protein_coding",1,-0.0832450178007563,0.920125672429906,0.756820609911433,1.11866833695724,0.403684316720339,0.946433601119706,0.0239098494010177,FALSE,FALSE,"Other"
"PROBE1917_at","GENE1917","18q","protein_coding",1,-0.123803122264979,0.883553775826384,0.729429152431356,1.07024413841278,0.205568683662593,0.871394275798659,0.0597852972774978,FALSE,FALSE,"Other"
"PROBE1922_at","GENE1922","3q","protein_coding",1,-0.147513046450625,0.862851181102612,0.713683405112454,1.04319668272637,0.127691986970723,0.773806396714234,0.111367684480099,FALSE,FALSE,"Other"
"PROBE1923_at","GENE1923","4q","protein_coding",1,-0.0825090397203838,0.920803114016503,0.766070070519907,1.10678958415261,0.379392927179986,0.942694659767482,0.0256289531287006,FALSE,FALSE,"Other"
"PROBE1927_at","GENE1927","12p","protein_coding",1,-0.156534446269467,0.855102062119541,0.706504016873145,1.03495453554142,0.108010108005453,0.721631086467367,0.141684766499314,FALSE,FALSE,"Other"
"PROBE1929_at","GENE1929","18q","protein_coding",1,0.0333183962300716,1.03387967023084,0.85926017809472,1.24398546536484,0.72409986445907,0.987162805516434,0.00561121642193621,FALSE,FALSE,"Other"
"PROBE1936_at","GENE1936","7q","protein_coding",1,0.00250282201190987,1.00250595668555,0.830614051933544,1.2099701309537,0.979193616596869,0.998610398120975,0.00060391612684265,FALSE,FALSE,"Other"
"PROBE1942_at","GENE1942","19q","protein_coding",1,0.021139706843151,1.02136473331309,0.849280230100736,1.22831767593599,0.822319707406609,0.987717331562396,0.00536732556128047,FALSE,FALSE,"Other"
"PROBE1946_at","GENE1946","3q","protein_coding",1,0.000646384770587737,1.00064659372224,0.83923203207155,1.1931069921823,0.99425388875599,0.999075727007576,0.000401592279433433,FALSE,FALSE,"Other"
"PROBE1949_at","GENE1949","9p","protein_coding",1,0.0147995802397268,1.01490963628487,0.836488753636516,1.23138723066619,0.880742674747095,0.993850940743819,0.00267874685697776,FALSE,FALSE,"Other"
"PROBE1950_at","GENE1950","10q","protein_coding",1,0.0342312656486854,1.0348238982772,0.858124179816044,1.24790854940737,0.720099749961535,0.987162805516434,0.00561121642193621,FALSE,FALSE,"Other"
"PROBE1962_at","GENE1962","10q","protein_coding",1,0.026502821743557,1.02685714478513,0.85540113513882,1.23267967796786,0.776153231673422,0.987162805516434,0.00561121642193621,FALSE,FALSE,"Other"
"PROBE1963_at","GENE1963","12p","protein_coding",1,-0.00956035752832784,0.990485197400319,0.82335026403204,1.19154747271809,0.919241972448072,0.996817263779867,0.00138444911647886,FALSE,FALSE,"Other"
"PROBE1967_at","GENE1967","20q","protein_coding",1,0.160813654365099,1.17446609179157,0.971244577944958,1.42020931914674,0.0971215815275486,0.699975362360711,0.154917245955881,FALSE,FALSE,"Other"
"PROBE1978_at","GENE1978","19q","protein_coding",1,0.049112444763467,1.05033844915861,0.867939194699843,1.27106929208609,0.61380976046085,0.981677239820465,0.00803127800303875,FALSE,FALSE,"Other"
"PROBE1979_at","GENE1979","20q","protein_coding",1,0.00108663174050607,1.00108722233868,0.826639989735786,1.21234834894703,0.991125275532411,0.999075727007576,0.000401592279433433,FALSE,FALSE,"Other"
"PROBE1982_at","GENE1982","3q","protein_coding",1,0.0387251348883529,1.03948472629424,0.864454211628459,1.24995457441699,0.68059999992637,0.987085109279808,0.00564539961300939,FALSE,FALSE,"Other"
"PROBE1989_at","GENE1989","18q","protein_coding",1,0.0472237536006614,1.04835655639254,0.869558475809553,1.26391898866609,0.620618621095249,0.981677239820465,0.00803127800303875,FALSE,FALSE,"Other"
"PROBE1993_at","GENE1993","2p","protein_coding",1,0.0137783067696863,1.01387366509383,0.840911168552708,1.22241188750054,0.885204382632859,0.995656280537888,0.00189056240874793,FALSE,FALSE,"Other"
"PROBE1994_at","GENE1994","3q","protein_coding",1,-0.13227104868504,0.876103496193345,0.72135551577091,1.06404861300869,0.182236313211637,0.846213216648446,0.0725201958888359,FALSE,FALSE,"Other"
"PROBE1998_at","GENE1998","10q","protein_coding",1,-0.0273460725512091,0.973024446197405,0.802720234887203,1.17946020512465,0.780576327404327,0.987162805516434,0.00561121642193621,FALSE,FALSE,"Other"
"PROBE1999_at","GENE1999","12p","protein_coding",1,-0.1438105221349,0.866051830165596,0.721981945398372,1.03887053867991,0.121340476295076,0.75287688042495,0.123276039103237,FALSE,FALSE,"Other"
"PROBE2001_at","GENE2001","18q","protein_coding",1,0.132358528909627,1.14151751293821,0.944582676112386,1.37951104259887,0.170719475295058,0.841832451190366,0.0747743369614036,FALSE,FALSE,"Other"
"PROBE2004_at","GENE2004","21q","protein_coding",1,-0.00639124641122479,0.993629134161916,0.821007566785217,1.20254537984501,0.947662691928525,0.998610398120975,0.00060391612684265,FALSE,FALSE,"Other"
"PROBE2006_at","GENE2006","3q","protein_coding",1,-0.133436418011363,0.875083106732967,0.730008966659151,1.04898772297816,0.149067963557685,0.816810759220189,0.0878785502561329,FALSE,FALSE,"Other"
"PROBE2012_at","GENE2012","15q","protein_coding",1,-0.0136987694566422,0.986394631705584,0.829125888313804,1.17349413782789,0.877148156817051,0.993850940743819,0.00267874685697776,FALSE,FALSE,"Other"
"PROBE2016_at","GENE2016","21q","protein_coding",1,-0.17031745197954,0.84339703603627,0.696334694906615,1.02151819462358,0.0814755887005185,0.649003249132368,0.187753128967387,FALSE,FALSE,"Other"
"PROBE2019_at","GENE2019","4q","protein_coding",1,-0.0530941065876924,0.948290767874806,0.783315196452807,1.14801217250579,0.586117513773402,0.981677239820465,0.00803127800303875,FALSE,FALSE,"Other"
"PROBE2024_at","GENE2024","15q","protein_coding",1,0.00771194904452569,1.00774176271478,0.829272758704163,1.22461934226129,0.938189105016929,0.998604688682202,0.000606399162115522,FALSE,FALSE,"Other"
"PROBE2026_at","GENE2026","19q","protein_coding",1,0.204582425740964,1.22701258909954,1.01367893492305,1.48524334672402,0.035783149837745,0.423469228849054,0.373178141948576,FALSE,FALSE,"Other"
"PROBE2028_at","GENE2028","21q","protein_coding",1,0.0267583536290062,1.02711957305539,0.851253502154859,1.23931897452748,0.780047920031546,0.987162805516434,0.00561121642193621,FALSE,FALSE,"Other"
"PROBE2029_at","GENE2029","2p","protein_coding",1,0.0904418366697258,1.09465783684471,0.906044987205227,1.32253452829282,0.348572535306723,0.931293539030011,0.0309134100090507,FALSE,FALSE,"Other"
"PROBE2030_at","GENE2030","3q","protein_coding",1,-0.0591187709322011,0.942594809644234,0.783435502685285,1.13408822056557,0.530983901096678,0.975679564242699,0.0106927912789574,FALSE,FALSE,"Other"
"PROBE2031_at","GENE2031","4q","protein_coding",1,0.0979779184468054,1.10293843024599,0.916265171125989,1.32764315314811,0.300377239226053,0.92234964281671,0.0351044160817725,FALSE,FALSE,"Other"
"PROBE2032_at","GENE2032","7q","protein_coding",1,0.0442326084334372,1.04522545486944,0.868792054377476,1.2574887696111,0.639132716453299,0.983470813342858,0.00723852419632537,FALSE,FALSE,"Other"
"PROBE2033_at","GENE2033","9p","protein_coding",1,0.161861492471649,1.17569738710382,0.969989383129894,1.42503038701573,0.0990541337091699,0.712104249635036,0.147456422476881,FALSE,FALSE,"Other"
"PROBE2034_at","GENE2034","10q","protein_coding",1,0.0671345392849547,1.06943935010164,0.879684499665971,1.30012581099256,0.500535212595278,0.959907336349336,0.0177706891005534,FALSE,FALSE,"Other"
"PROBE2036_at","GENE2036","15q","protein_coding",1,0.0319272103979144,1.032442351502,0.857356168988888,1.24328400229753,0.736312478005438,0.987162805516434,0.00561121642193621,FALSE,FALSE,"Other"
"PROBE2038_at","GENE2038","19q","protein_coding",1,0.058634947389058,1.06038807264157,0.876082197159967,1.28346731419219,0.547235707844707,0.981677239820465,0.00803127800303875,FALSE,FALSE,"Other"
"PROBE2040_at","GENE2040","21q","protein_coding",1,0.0249664243119555,1.02528069544172,0.848048821521679,1.23955187221328,0.796532361883117,0.987717331562396,0.00536732556128047,FALSE,FALSE,"Other"
"PROBE2041_at","GENE2041","2p","protein_coding",1,0.109519656369275,1.11574200215641,0.930126596712363,1.33839868656178,0.238112614811273,0.877834524649853,0.0565873426411165,FALSE,FALSE,"Other"
"PROBE2048_at","GENE2048","15q","protein_coding",1,0.00163633651080442,1.00163767603993,0.828739597688753,1.2106070916132,0.986495958399186,0.999075727007576,0.000401592279433433,FALSE,FALSE,"Other"
"PROBE2055_at","GENE2055","4q","protein_coding",1,0.0328632273848173,1.03340918749787,0.841360479466662,1.26929487998055,0.754064600792373,0.987162805516434,0.00561121642193621,FALSE,FALSE,"Other"
"PROBE2061_at","GENE2061","18q","protein_coding",1,0.230202745153932,1.25885521085173,1.04388868863,1.51808948516181,0.0159719413588456,0.257852827220398,0.58862810242098,FALSE,FALSE,"Other"
"PROBE2075_at","GENE2075","20q","protein_coding",1,-0.128119566613643,0.879748184344616,0.724191886968923,1.06871794863239,0.196867970070946,0.862510274133389,0.0642357229528199,FALSE,FALSE,"Other"
"PROBE2076_at","GENE2076","21q","protein_coding",1,0.0419400465659689,1.04283195551969,0.857059157044853,1.26887214087149,0.675223400049525,0.986956194355942,0.00570212288424648,FALSE,FALSE,"Other"
"PROBE2080_at","GENE2080","7q","protein_coding",1,-0.0231133435310947,0.977151723669649,0.811462568192298,1.176672256365,0.807375780104656,0.987717331562396,0.00536732556128047,FALSE,FALSE,"Other"
"PROBE2086_at","GENE2086","19q","protein_coding",1,0.0780362619164584,1.08116186296042,0.894062953407398,1.30741461713089,0.42086248452302,0.946433601119706,0.0239098494010177,FALSE,FALSE,"Other"
"PROBE2094_at","GENE2094","10q","protein_coding",1,0.0430780536170148,1.04401938115935,0.860954733806385,1.26600903094805,0.661428400820436,0.984634761176682,0.00672483612294994,FALSE,FALSE,"Other"
"PROBE2101_at","GENE2101","2p","protein_coding",1,0.116563952297774,1.12362936684935,0.937907042235188,1.34612802462535,0.206038767812464,0.871394275798659,0.0597852972774978,FALSE,FALSE,"Other"
"PROBE2105_at","GENE2105","9p","protein_coding",1,0.0297841591076315,1.03023214372868,0.859078322647631,1.23548487022776,0.747973435392854,0.987162805516434,0.00561121642193621,FALSE,FALSE,"Other"
"PROBE2106_at","GENE2106","10q","protein_coding",1,0.0641186639336209,1.06621891298533,0.873663935824147,1.3012128849467,0.528077105248431,0.974761615594704,0.0111015809067095,FALSE,FALSE,"Other"
"PROBE2107_at","GENE2107","12p","protein_coding",1,0.127100097419318,1.13553067578316,0.944754512227489,1.36483065066756,0.175614914170063,0.841832451190366,0.0747743369614036,FALSE,FALSE,"Other"
"PROBE2112_at","GENE2112","21q","protein_coding",1,-0.0542016041559506,0.94724111950418,0.784114108441752,1.1443050556285,0.574059468587854,0.981677239820465,0.00803127800303875,FALSE,FALSE,"Other"
"PROBE2113_at","GENE2113","2p","protein_coding",1,0.116214287068397,1.12323654141175,0.919864290589635,1.37157224263365,0.254143826812589,0.896069094248902,0.0476585013935697,FALSE,FALSE,"Other"
"PROBE2115_at","GENE2115","4q","protein_coding",1,0.114676629538567,1.12151071549073,0.935292720041563,1.34480495571977,0.215766130122133,0.871394275798659,0.0597852972774978,FALSE,FALSE,"Other"
"PROBE2117_at","GENE2117","9p","protein_coding",1,0.0565926679155886,1.05822467373144,0.877206114410282,1.27659787329097,0.554361613653192,0.981677239820465,0.00803127800303875,FALSE,FALSE,"Other"
"PROBE2118_at","GENE2118","10q","protein_coding",1,0.0738957372613346,1.07669454052229,0.895972666293737,1.29386886140839,0.430553500035485,0.946645249220766,0.0238127402893057,FALSE,FALSE,"Other"
"PROBE2124_at","GENE2124","21q","protein_coding",1,0.154339948321999,1.16688750080834,0.975223563663732,1.39621979028826,0.0918126412859385,0.688702135440119,0.161968570407416,FALSE,FALSE,"Other"
"PROBE2131_at","GENE2131","12p","protein_coding",1,-0.0308918973893741,0.969580381581348,0.814386886225319,1.15434829839258,0.728502826614212,0.987162805516434,0.00561121642193621,FALSE,FALSE,"Other"
"PROBE2132_at","GENE2132","15q","protein_coding",1,-0.0363011274577507,0.964349857535217,0.79106243652186,1.17559702596559,0.71944716448937,0.987162805516434,0.00561121642193621,FALSE,FALSE,"Other"
"PROBE2136_at","GENE2136","21q","protein_coding",1,-0.0878950458576912,0.915856994664602,0.759749316579413,1.10404052543613,0.356597200312447,0.935163084920255,0.0291126450582092,FALSE,FALSE,"Other"
"PROBE2137_at","GENE2137","2p","protein_coding",1,-0.102728762424943,0.902371697401858,0.74131310868419,1.09842207123145,0.305780597305906,0.92234964281671,0.0351044160817725,FALSE,FALSE,"Other"
"PROBE2140_at","GENE2140","7q","protein_coding",1,0.00459974895281852,1.00461034403671,0.820812673077607,1.22956427994885,0.964412488793031,0.998610398120975,0.00060391612684265,FALSE,FALSE,"Other"
"PROBE2141_at","GENE2141","9p","protein_coding",1,0.151758539187184,1.16387917128965,0.960539542926551,1.41026440331095,0.121376268247224,0.75287688042495,0.123276039103237,FALSE,FALSE,"Other"
"PROBE2144_at","GENE2144","15q","protein_coding",1,-0.0373318623736144,0.963356380559607,0.796692023827666,1.1648861645509,0.700095676684067,0.987162805516434,0.00561121642193621,FALSE,FALSE,"Other"
"PROBE2154_at","GENE2154","10q","protein_coding",1,0.0885445182417406,1.0925828913971,0.903701682443106,1.32094185256626,0.360532993180702,0.936449332936888,0.0285157153749084,FALSE,FALSE,"Other"
"PROBE2156_at","GENE2156","15q","protein_coding",1,-0.0589052892950923,0.942796057807957,0.7827206881416,1.13560867891283,0.534952422029309,0.975892351503692,0.0105980857414477,FALSE,FALSE,"Other"
"PROBE2157_at","GENE2157","18q","protein_coding",1,0.0732215208242075,1.07596886002566,0.898627475209814,1.2883080249406,0.425562978041249,0.946433601119706,0.0239098494010177,FALSE,FALSE,"Other"
"PROBE2159_at","GENE2159","20q","protein_coding",1,0.0665875880136886,1.06885457882483,0.892109111386492,1.28061701880753,0.470278888131658,0.959489481464399,0.0179597819154908,FALSE,FALSE,"Other"
"PROBE2160_at","GENE2160","21q","protein_coding",1,0.0388283874124829,1.03959206125724,0.854291874364361,1.26508478689816,0.698266105261717,0.987162805516434,0.00561121642193621,FALSE,FALSE,"Other"
"PROBE2162_at","GENE2162","3q","protein_coding",1,-0.0337109088384271,0.966850972310396,0.802860333381563,1.16433800972614,0.72222448890554,0.987162805516434,0.00561121642193621,FALSE,FALSE,"Other"
"PROBE2167_at","GENE2167","12p","protein_coding",1,0.0694887842056084,1.07196003825396,0.886928372529272,1.29559314957591,0.472272588201319,0.959907336349336,0.0177706891005534,FALSE,FALSE,"Other"
"PROBE2176_at","GENE2176","7q","protein_coding",1,0.111238833464941,1.11766181002321,0.916755640196913,1.36259638535307,0.271209800669149,0.91063262919453,0.0406567923923655,FALSE,FALSE,"Other"
"PROBE2183_at","GENE2183","20q","protein_coding",1,-0.0327322651240764,0.967797638085862,0.801076998750772,1.16921627976485,0.73436786109106,0.987162805516434,0.00561121642193621,FALSE,FALSE,"Other"
"PROBE2185_at","GENE2185","2p","protein_coding",1,-0.0717206583857118,0.930790868122639,0.770856375264957,1.1239079911387,0.455908956223289,0.957586063622862,0.0188221831276811,FALSE,FALSE,"Other"
"PROBE2195_at","GENE2195","20q","protein_coding",1,0.0252698976505372,1.02559188801429,0.852765518409188,1.23344424470033,0.788402267930539,0.987674849423346,0.00538600515184386,FALSE,FALSE,"Other"
"PROBE2196_at","GENE2196","21q","protein_coding",1,-0.0224536128188669,0.977796593369044,0.814177180472537,1.1742974391019,0.810082212255552,0.987717331562396,0.00536732556128047,FALSE,FALSE,"Other"
"PROBE2200_at","GENE2200","7q","protein_coding",1,-0.139288262443646,0.869977210552667,0.711639689691296,1.06354431581707,0.174172958898407,0.841832451190366,0.0747743369614036,FALSE,FALSE,"Other"
"PROBE2205_at","GENE2205","18q","protein_coding",1,0.0634012233283438,1.06545423858008,0.880002184203132,1.28998854194459,0.515816394142052,0.968434707731315,0.0139296542715287,FALSE,FALSE,"Other"
"PROBE2207_at","GENE2207","20q","protein_coding",1,-0.063815998452174,0.938177609782301,0.78002869420675,1.12839083232948,0.498072451755191,0.959907336349336,0.0177706891005534,FALSE,FALSE,"Other"
"PROBE2211_at","GENE2211","4q","protein_coding",1,0.0746939593003753,1.07755432493764,0.882235559529788,1.31611485237645,0.464154269620972,0.958698465664611,0.0183179676886145,FALSE,FALSE,"Other"
"PROBE2222_at","GENE2222","3q","protein_coding",1,-0.0742437738728153,0.928445335537147,0.769330941847136,1.12046805112378,0.4388972894588,0.953088576457764,0.0208667357948002,FALSE,FALSE,"Other"
"PROBE2223_at","GENE2223","4q","protein_coding",1,0.0673150034192195,1.06963236296353,0.88895672004671,1.28702935260877,0.475797305743408,0.959907336349336,0.0177706891005534,FALSE,FALSE,"Other"
"PROBE2224_at","GENE2224","7q","protein_coding",1,0.0193891323798124,1.01957832237209,0.846017706571901,1.22874491559207,0.838626717330334,0.988449131713245,0.0050456757531258,FALSE,FALSE,"Other"
"PROBE2226_at","GENE2226","10q","protein_coding",1,-0.0919632870358539,0.912138636243437,0.76489534620403,1.08772643977639,0.305925188634095,0.92234964281671,0.0351044160817725,FALSE,FALSE,"Other"
"PROBE2228_at","GENE2228","15q","protein_coding",1,-0.0126565544909284,0.987423202855866,0.819963301993201,1.1890831933186,0.893811300786678,0.996171374724732,0.00166594200305885,FALSE,FALSE,"Other"
"PROBE2241_at","GENE2241","18q","protein_coding",1,0.11974124832929,1.12720514762638,0.931913178142453,1.36342255334132,0.217376184219586,0.871394275798659,0.0597852972774978,FALSE,FALSE,"Other"
"PROBE2244_at","GENE2244","21q","protein_coding",1,-0.00287781757738293,0.99712631937021,0.827593722226972,1.2013876737795,0.975854076342674,0.998610398120975,0.00060391612684265,FALSE,FALSE,"Other"
"PROBE2246_at","GENE2246","3q","protein_coding",1,-0.0358005832469007,0.964832678100078,0.798174921614001,1.16628833044188,0.711359337101802,0.987162805516434,0.00561121642193621,FALSE,FALSE,"Other"
"PROBE2249_at","GENE2249","9p","protein_coding",1,-0.0465313256152419,0.954534658716172,0.792073754964933,1.15031764274368,0.624965918193006,0.981677239820465,0.00803127800303875,FALSE,FALSE,"Other"
"PROBE2250_at","GENE2250","10q","protein_coding",1,-0.0941709898288242,0.910127126453517,0.748158988788323,1.10715957265722,0.346273227634708,0.930975695483427,0.0310616567793586,FALSE,FALSE,"Other"
"PROBE2253_at","GENE2253","18q","protein_coding",1,-0.0836766519891044,0.919728600433198,0.758111071919485,1.11580048067765,0.396068303116833,0.944706745657324,0.0247029835627169,FALSE,FALSE,"Other"
"PROBE2257_at","GENE2257","2p","protein_coding",1,0.134915078437304,1.14443959262592,0.944343915599303,1.38693325549579,0.168839198607671,0.841832451190366,0.0747743369614036,FALSE,FALSE,"Other"
"PROBE2266_at","GENE2266","19q","protein_coding",1,-0.00465519070246253,0.995355627903707,0.821402206861316,1.20614823983162,0.962115294132967,0.998610398120975,0.00060391612684265,FALSE,FALSE,"Other"
"PROBE2268_at","GENE2268","21q","protein_coding",1,-0.0673137253286815,0.934901852932674,0.773276658895031,1.13030888047999,0.486995098401895,0.959907336349336,0.0177706891005534,FALSE,FALSE,"Other"
"PROBE2272_at","GENE2272","7q","protein_coding",1,0.111614347045359,1.11808158602204,0.918186061686618,1.36149576340252,0.266728120741744,0.909378102126066,0.0412555078396373,FALSE,FALSE,"Other"
"PROBE2285_at","GENE2285","9p","protein_coding",1,0.0249815628761837,1.02529621683687,0.853363154008263,1.23186984031632,0.789659298226488,0.987717331562396,0.00536732556128047,FALSE,FALSE,"Other"
"PROBE2290_at","GENE2290","19q","protein_coding",1,0.0840925356522065,1.08772954291462,0.898722366677398,1.31648616124176,0.387865664719422,0.942977154427675,0.0254988288174784,FALSE,FALSE,"Other"
"PROBE2291_at","GENE2291","20q","protein_coding",1,-0.0243770633252592,0.975917657615628,0.808583533040883,1.17788111620846,0.799486384839959,0.987717331562396,0.00536732556128047,FALSE,FALSE,"Other"
"PROBE2292_at","GENE2292","21q","protein_coding",1,-0.0125167558823051,0.987561252895124,0.819825876704247,1.18961508282767,0.895149815132347,0.996171374724732,0.00166594200305885,FALSE,FALSE,"Other"
"PROBE2296_at","GENE2296","7q","protein_coding",1,0.102469636821562,1.10790366192252,0.914642691718942,1.34200003478354,0.294772786969208,0.921125005874548,0.0356814276994047,FALSE,FALSE,"Other"
"PROBE2307_at","GENE2307","4q","protein_coding",1,-0.00865393359854716,0.991383403901773,0.818382364918254,1.20095580704508,0.92952236660019,0.997858297460263,0.000931127049766214,FALSE,FALSE,"Other"
"PROBE2308_at","GENE2308","7q","protein_coding",1,0.0553849474627115,1.05694740559591,0.866933277254663,1.2886087632183,0.583862232667796,0.981677239820465,0.00803127800303875,FALSE,FALSE,"Other"
"PROBE2309_at","GENE2309","9p","protein_coding",1,-0.0479431769570562,0.953187948578415,0.785285796667982,1.1569893014368,0.627708647225288,0.981764861230005,0.00799251597927956,FALSE,FALSE,"Other"
"PROBE2316_at","GENE2316","21q","protein_coding",1,-0.121238874456085,0.885822333989687,0.734880989208553,1.06776637158626,0.203365021373471,0.871105129782152,0.0599294287706664,FALSE,FALSE,"Other"
"PROBE2317_at","GENE2317","2p","protein_coding",1,-0.0333961931116276,0.967155303403233,0.806683947614571,1.15954877206497,0.71826368959528,0.987162805516434,0.00561121642193621,FALSE,FALSE,"Other"
"PROBE2326_at","GENE2326","19q","protein_coding",1,-0.0573760708664674,0.944238901844661,0.778844718896222,1.14475592133483,0.559235673935152,0.981677239820465,0.00803127800303875,FALSE,FALSE,"Other"
"PROBE2327_at","GENE2327","20q","protein_coding",1,0.132855165737678,1.14208457337489,0.943628531228483,1.38227822662674,0.172511614373003,0.841832451190366,0.0747743369614036,FALSE,FALSE,"Other"
"PROBE2328_at","GENE2328","21q","protein_coding",1,0.0487032913224716,1.04990878747269,0.879007512331805,1.25403758960855,0.591071194289949,0.981677239820465,0.00803127800303875,FALSE,FALSE,"Other"
"PROBE2329_at","GENE2329","2p","protein_coding",1,0.0109273901924788,1.01098731218546,0.838735717357863,1.21861430751956,0.908713377973075,0.996171374724732,0.00166594200305885,FALSE,FALSE,"Other"
"PROBE2333_at","GENE2333","9p","protein_coding",1,0.0508317646206287,1.05214587023322,0.878065544095952,1.26073838074194,0.581742185932145,0.981677239820465,0.00803127800303875,FALSE,FALSE,"Other"
"PROBE2336_at","GENE2336","15q","protein_coding",1,0.0371255249644742,1.03782328539329,0.848418527126094,1.26951161162519,0.718022442732345,0.987162805516434,0.00561121642193621,FALSE,FALSE,"Other"
"PROBE2337_at","GENE2337","18q","protein_coding",1,0.00840470720345224,1.00844012591347,0.838472563106213,1.21286197342577,0.928886133321255,0.997858297460263,0.000931127049766214,FALSE,FALSE,"Other"
"PROBE2338_at","GENE2338","19q","protein_coding",1,0.0038606123749427,1.00386807413813,0.834701745018931,1.20731880134137,0.967293896083047,0.998610398120975,0.00060391612684265,FALSE,FALSE,"Other"
"PROBE2339_at","GENE2339","20q","protein_coding",1,0.0473675433656731,1.0485073101736,0.872738646587366,1.25967560137997,0.612878012693367,0.981677239820465,0.00803127800303875,FALSE,FALSE,"Other"
"PROBE2342_at","GENE2342","3q","protein_coding",1,0.0706987702462707,1.07325787996323,0.889997838994933,1.29425311661877,0.459257436097222,0.958283643395352,0.0185059246074302,FALSE,FALSE,"Other"
"PROBE2343_at","GENE2343","4q","protein_coding",1,-0.0458226789701051,0.955211326230502,0.788426119713418,1.15727860219888,0.639767978346006,0.983470813342858,0.00723852419632537,FALSE,FALSE,"Other"
"PROBE2345_at","GENE2345","9p","protein_coding",1,0.0251583796123298,1.02547752239597,0.852574941864698,1.23344482379387,0.789438770632515,0.987717331562396,0.00536732556128047,FALSE,FALSE,"Other"
"PROBE2348_at","GENE2348","15q","protein_coding",1,0.0317463264835038,1.03225561617728,0.851611620601697,1.25121784549708,0.746357428724983,0.987162805516434,0.00561121642193621,FALSE,FALSE,"Other"
"PROBE2350_at","GENE2350","19q","protein_coding",1,0.0719189312679806,1.07456822664901,0.887710180770163,1.30075884983295,0.460580644543612,0.958698465664611,0.0183179676886145,FALSE,FALSE,"Other"
"PROBE2352_at","GENE2352","21q","protein_coding",1,0.085815010104109,1.08960474379204,0.897411833788091,1.32295837094395,0.386088030547307,0.942977154427675,0.0254988288174784,FALSE,FALSE,"Other"
"PROBE2356_at","GENE2356","7q","protein_coding",1,0.073965305465053,1.07676944683295,0.891700302894891,1.30024901625452,0.442071979357086,0.954623942449209,0.0201676775088708,FALSE,FALSE,"Other"
"PROBE2358_at","GENE2358","10q","protein_coding",1,0.0735515094312924,1.07632397607995,0.897021482127553,1.2914666198817,0.428890290592496,0.946580419226861,0.0238424835038577,FALSE,FALSE,"Other"
"PROBE2372_at","GENE2372","15q","protein_coding",1,0.108557399763642,1.11466888843284,0.922015494305564,1.34757684498124,0.262157517671444,0.900884940451697,0.045330672858682,FALSE,FALSE,"Other"
"PROBE2377_at","GENE2377","2p","protein_coding",1,0.089947241564224,1.0941165583043,0.908743864471983,1.31730302669081,0.342287258058505,0.929316992036242,0.0318361219481569,FALSE,FALSE,"Other"
"PROBE2380_at","GENE2380","7q","protein_coding",1,0.025288420374957,1.02561088494613,0.852081349943357,1.23448035494488,0.789166699790659,0.987717331562396,0.00536732556128047,FALSE,FALSE,"Other"
"PROBE2381_at","GENE2381","9p","protein_coding",1,0.066985983996255,1.0692804910302,0.887924635889908,1.28767771754849,0.479930814525446,0.959907336349336,0.0177706891005534,FALSE,FALSE,"Other"
"PROBE2386_at","GENE2386","19q","protein_coding",1,0.078605173324511,1.08177712327592,0.903913236544605,1.29463945999576,0.39106684955443,0.942977154427675,0.0254988288174784,FALSE,FALSE,"Other"
"PROBE2389_at","GENE2389","2p","protein_coding",1,-0.159419352377544,0.852638727909919,0.70329389030103,1.033697022479,0.104667613398336,0.717495231810319,0.144180980733828,FALSE,FALSE,"Other"
"PROBE2393_at","GENE2393","9p","protein_coding",1,0.0568740940426207,1.05852252771288,0.882269827264379,1.26998556116313,0.540513286796964,0.977862119940233,0.00972237708412404,FALSE,FALSE,"Other"
"PROBE2395_at","GENE2395","12p","protein_coding",1,-0.0579979451772478,0.943651886472173,0.771600597727229,1.15406712419018,0.572260044982664,0.981677239820465,0.00803127800303875,FALSE,FALSE,"Other"
"PROBE2400_at","GENE2400","21q","protein_coding",1,0.0525468863060291,1.05395197683502,0.872272573335842,1.2734720813545,0.586204746136011,0.981677239820465,0.00803127800303875,FALSE,FALSE,"Other"
"PROBE2401_at","GENE2401","2p","protein_coding",1,0.049794190090748,1.05105475663028,0.868927424837891,1.27135600725368,0.608039108776262,0.981677239820465,0.00803127800303875,FALSE,FALSE,"Other"
"PROBE2403_at","GENE2403","4q","protein_coding",1,0.0188471647937761,1.01902589368268,0.840079441803565,1.23608996997525,0.848296282624985,0.989073402045557,0.0047714769362556,FALSE,FALSE,"Other"
"PROBE2410_at","GENE2410","19q","protein_coding",1,-0.0959678737883081,0.908493202044816,0.749591400426495,1.10107973182728,0.327909374147025,0.924241859464972,0.0342143659158097,FALSE,FALSE,"Other"
"PROBE2413_at","GENE2413","2p","protein_coding",1,-0.0759204018534857,0.926889982347753,0.768040891278869,1.11859283682941,0.428634704000752,0.946580419226861,0.0238424835038577,FALSE,FALSE,"Other"
"PROBE2417_at","GENE2417","9p","protein_coding",1,0.0553534974005751,1.05691416505704,0.875511020601708,1.27590347352852,0.564509422970671,0.981677239820465,0.00803127800303875,FALSE,FALSE,"Other"
"PROBE2419_at","GENE2419","12p","protein_coding",1,-0.0694548322533571,0.932902269526304,0.769093352452324,1.13160078904892,0.480804221048895,0.959907336349336,0.0177706891005534,FALSE,FALSE,"Other"
"PROBE2421_at","GENE2421","18q","protein_coding",1,-0.0981125848647622,0.906546834555536,0.751896902608978,1.09300511864198,0.303908489109546,0.92234964281671,0.0351044160817725,FALSE,FALSE,"Other"
"PROBE2424_at","GENE2424","21q","protein_coding",1,-0.137241533195319,0.871759641809744,0.71957807259006,1.05612566868919,0.160889468118695,0.835789444772439,0.0779031178849403,FALSE,FALSE,"Other"
"PROBE2427_at","GENE2427","4q","protein_coding",1,0.0513299847181945,1.05267020105657,0.867033398953902,1.27805290260958,0.604066693551897,0.981677239820465,0.00803127800303875,FALSE,FALSE,"Other"
"PROBE2429_at","GENE2429","9p","protein_coding",1,0.109129241173962,1.1153064845466,0.924012696619425,1.34620288121866,0.255642874301068,0.896069094248902,0.0476585013935697,FALSE,FALSE,"Other"
"PROBE2430_at","GENE2430","10q","protein_coding",1,0.148111930964682,1.1596426890238,0.966084290627725,1.3919811958981,0.111915780236648,0.734621826588614,0.133936172334078,FALSE,FALSE,"Other"
"PROBE2435_at","GENE2435","20q","protein_coding",1,0.0805837312207348,1.08391960075407,0.895927895037816,1.31135742888023,0.407003238390045,0.946433601119706,0.0239098494010177,FALSE,FALSE,"Other"
"PROBE2438_at","GENE2438","3q","protein_coding",1,-0.0759550039983734,0.926857910521169,0.765737959234213,1.12187932691072,0.435637275244331,0.948794766937587,0.0228277193174989,FALSE,FALSE,"Other"
"PROBE2439_at","GENE2439","4q","protein_coding",1,0.157070909670268,1.17007858084565,0.976822837967448,1.40156826001585,0.0881270679761029,0.671444327436974,0.172989990872041,FALSE,FALSE,"Other"
"PROBE2440_at","GENE2440","7q","protein_coding",1,-0.00672680768201742,0.993295766642702,0.81713688860477,1.20743108503516,0.946155824878894,0.998610398120975,0.00060391612684265,FALSE,FALSE,"Other"
"PROBE2448_at","GENE2448","21q","protein_coding",1,0.143441098595688,1.15423882251727,0.96549466300299,1.37988050111254,0.115367665039317,0.743108953554379,0.12894750594543,FALSE,FALSE,"Other"
"PROBE2452_at","GENE2452","7q","protein_coding",1,-0.0319809349640479,0.96852504686802,0.798170221174054,1.17523899229278,0.745926748294569,0.987162805516434,0.00561121642193621,FALSE,FALSE,"Other"
"PROBE2453_at","GENE2453","9p","protein_coding",1,-0.00663260039539457,0.993389346749587,0.814004231894803,1.2123062209867,0.947956337071878,0.998610398120975,0.00060391612684265,FALSE,FALSE,"Other"
"PROBE2456_at","GENE2456","15q","protein_coding",1,-0.0105410100915441,0.989514351661646,0.825602239188913,1.18596898805203,0.909174465767614,0.996171374724732,0.00166594200305885,FALSE,FALSE,"Other"
"PROBE2461_at","GENE2461","2p","protein_coding",1,-0.0684881320787818,0.933804542356503,0.768364316833878,1.13486650046265,0.491219971559741,0.959907336349336,0.0177706891005534,FALSE,FALSE,"Other"
"PROBE2464_at","GENE2464","7q","protein_coding",1,0.119273762078258,1.1266783178702,0.93415388708417,1.35888106821574,0.212202626646215,0.871394275798659,0.0597852972774978,FALSE,FALSE,"Other"
"PROBE2465_at","GENE2465","9p","protein_coding",1,-0.0535818170802372,0.947828389279942,0.790931906705352,1.13584829225973,0.561688388338636,0.981677239820465,0.00803127800303875,FALSE,FALSE,"Other"
"PROBE2466_at","GENE2466","10q","protein_coding",1,-0.121534244150907,0.885560727554438,0.731639874047171,1.0718631255685,0.212186774140285,0.871394275798659,0.0597852972774978,FALSE,FALSE,"Other"
"PROBE2468_at","GENE2468","15q","protein_coding",1,0.101333728239849,1.10664589913224,0.920512699320029,1.3304163505521,0.280820787113611,0.914080092217121,0.0390157494696533,FALSE,FALSE,"Other"
"PROBE2471_at","GENE2471","20q","protein_coding",1,0.0689880591017979,1.07142341531403,0.889588461993616,1.29042606095695,0.467214547368359,0.958698465664611,0.0183179676886145,FALSE,FALSE,"Other"
"PROBE2473_at","GENE2473","2p","protein_coding",1,-0.0977657447862512,0.906861315865016,0.743758563893715,1.10573173357094,0.333828295308586,0.925246858574975,0.0337423807595942,FALSE,FALSE,"Other"
"PROBE2478_at","GENE2478","10q","protein_coding",1,0.0272018082471251,1.02757515498091,0.8468296594739,1.24689857909562,0.782864556997642,0.987162805516434,0.00561121642193621,FALSE,FALSE,"Other"
"PROBE2481_at","GENE2481","18q","protein_coding",1,0.0383797129312387,1.03912572745231,0.861467871531896,1.2534214137704,0.688276939473192,0.987162805516434,0.00561121642193621,FALSE,FALSE,"Other"
"PROBE2483_at","GENE2483","20q","protein_coding",1,0.0374101285066988,1.03811869561192,0.863096027523918,1.24863328275384,0.691285019307629,0.987162805516434,0.00561121642193621,FALSE,FALSE,"Other"
"PROBE2485_at","GENE2485","2p","protein_coding",1,0.023405075025698,1.0236811232301,0.848808693142525,1.23458094918648,0.806546931345738,0.987717331562396,0.00536732556128047,FALSE,FALSE,"Other"
"PROBE2497_at","GENE2497","2p","protein_coding",1,-0.084371899492559,0.919089383652574,0.750601207683551,1.125398262747,0.414165157482333,0.946433601119706,0.0239098494010177,FALSE,FALSE,"Other"
"PROBE2498_at","GENE2498","3q","protein_coding",1,-0.0336136599889702,0.966945002027117,0.798905773857106,1.17032905198712,0.730009535267878,0.987162805516434,0.00561121642193621,FALSE,FALSE,"Other"
"PROBE2499_at","GENE2499","4q","protein_coding",1,-0.0963099653923304,0.908182467300989,0.750813457133747,1.09853570960434,0.321201927326858,0.924241859464972,0.0342143659158097,FALSE,FALSE,"Other"
"PROBE2503_at","GENE2503","12p","protein_coding",1,-0.0246924813990262,0.975609884089126,0.806457397399072,1.18024169534822,0.799366555144672,0.987717331562396,0.00536732556128047,FALSE,FALSE,"Other"
"PROBE2507_at","GENE2507","20q","protein_coding",1,-0.201235330300325,0.817719974622064,0.683882580327647,0.977749654883083,0.0273341187730039,0.359659457539525,0.444108515084523,FALSE,FALSE,"Other"
"PROBE2513_at","GENE2513","9p","protein_coding",1,-0.0109034415641175,0.989155785499797,0.818003792498516,1.19611813167663,0.910439257781677,0.996171374724732,0.00166594200305885,FALSE,FALSE,"Other"
"PROBE2514_at","GENE2514","10q","protein_coding",1,-0.131507326336662,0.876772851581179,0.720469067144071,1.06698631256583,0.189272170266291,0.862510274133389,0.0642357229528199,FALSE,FALSE,"Other"
"PROBE2517_at","GENE2517","18q","protein_coding",1,0.142537480952254,1.15319630304294,0.95448736146117,1.39327325541124,0.139618220909695,0.804292803722217,0.0945858170586326,FALSE,FALSE,"Other"
"PROBE2518_at","GENE2518","19q","protein_coding",1,0.0725285494904831,1.07522350273512,0.888109325806066,1.30176043336183,0.457165285334172,0.957586063622862,0.0188221831276811,FALSE,FALSE,"Other"
"PROBE2523_at","GENE2523","4q","protein_coding",1,0.0374116398520949,1.03812026456901,0.860348947409534,1.25262393468804,0.696252281218995,0.987162805516434,0.00561121642193621,FALSE,FALSE,"Other"
"PROBE2524_at","GENE2524","7q","protein_coding",1,0.14942721393224,1.16116895081416,0.957356082221348,1.40837182462598,0.129161800861381,0.779256717112403,0.108319445461417,FALSE,FALSE,"Other"
"PROBE2531_at","GENE2531","20q","protein_coding",1,-0.127214563204141,0.88054471983025,0.713768650190183,1.08628895849424,0.235063228099967,0.877366243832474,0.0568190788429758,FALSE,FALSE,"Other"
"PROBE2532_at","GENE2532","21q","protein_coding",1,0.1190300547904,1.12640377160888,0.941429871203292,1.34772168963899,0.193422380440085,0.862510274133389,0.0642357229528199,FALSE,FALSE,"Other"
"PROBE2538_at","GENE2538","10q","protein_coding",1,0.0431575425483435,1.04410237244265,0.867290084647774,1.25696094471448,0.648462452559238,0.984034203662156,0.00698980583332093,FALSE,FALSE,"Other"
"PROBE2539_at","GENE2539","12p","protein_coding",1,0.0700212721410362,1.07253099604217,0.882199322335085,1.30392611776943,0.482368030067463,0.959907336349336,0.0177706891005534,FALSE,FALSE,"Other"
"PROBE2540_at","GENE2540","15q","protein_coding",1,0.0143895013334945,1.01449352857562,0.841959400614817,1.22238331060889,0.879744909864681,0.993850940743819,0.00267874685697776,FALSE,FALSE,"Other"
"PROBE2543_at","GENE2543","20q","protein_coding",1,0.138132533221113,1.14812770525419,0.949790114301867,1.38788265715018,0.153414554593732,0.824809433299633,0.0836463806942911,FALSE,FALSE,"Other"
"PROBE2547_at","GENE2547","4q","protein_coding",1,-0.0288645895317033,0.971548013331315,0.810944311205642,1.16395852238572,0.754208437564791,0.987162805516434,0.00561121642193621,FALSE,FALSE,"Other"
"PROBE2551_at","GENE2551","12p","protein_coding",1,0.179176576292547,1.19623195172327,0.976483795470483,1.46543228772599,0.0835993517081412,0.654398056423806,0.184157999198698,FALSE,FALSE,"Other"
"PROBE2553_at","GENE2553","18q","protein_coding",1,0.117076368089993,1.12420527982237,0.929625996946471,1.35951179865,0.227278246237156,0.875325692112246,0.0578303241558113,FALSE,FALSE,"Other"
"PROBE2554_at","GENE2554","19q","protein_coding",1,0.00368478222571489,1.00369157938186,0.824507343735781,1.22181663289693,0.970704591834077,0.998610398120975,0.00060391612684265,FALSE,FALSE,"Other"
"PROBE2555_at","GENE2555","20q","protein_coding",1,0.0136485495850128,1.01374211623632,0.838796130335606,1.22517622705308,0.887702428831601,0.996171374724732,0.00166594200305885,FALSE,FALSE,"Other"
"PROBE2560_at","GENE2560","7q","protein_coding",1,-0.0742469503402509,0.928442386365457,0.770207176368519,1.11918622839154,0.436086466635347,0.948794766937587,0.0228277193174989,FALSE,FALSE,"Other"
"PROBE2563_at","GENE2563","12p","protein_coding",1,0.0490382545210591,1.05026052718501,0.871760577913915,1.26530976842573,0.60587916907391,0.981677239820465,0.00803127800303875,FALSE,FALSE,"Other"
"PROBE2567_at","GENE2567","20q","protein_coding",1,-0.0699689195380496,0.932422799586939,0.766665629521124,1.13401754782277,0.48353927842133,0.959907336349336,0.0177706891005534,FALSE,FALSE,"Other"
"PROBE2569_at","GENE2569","2p","protein_coding",1,0.0948652084684652,1.09951064041412,0.913585535499669,1.32327363055576,0.315514101326738,0.924241859464972,0.0342143659158097,FALSE,FALSE,"Other"
"PROBE2570_at","GENE2570","3q","protein_coding",1,0.040115772969519,1.04093127892188,0.852020940673957,1.27172687396728,0.694602342705832,0.987162805516434,0.00561121642193621,FALSE,FALSE,"Other"
"PROBE2571_at","GENE2571","4q","protein_coding",1,-0.0173928585879676,0.982757524053412,0.819032602922727,1.17921111764914,0.85161429047445,0.98957921489587,0.00454943519666904,FALSE,FALSE,"Other"
"PROBE2572_at","GENE2572","7q","protein_coding",1,0.103924631598654,1.10951682925457,0.919225379850813,1.33920105056162,0.278988628882421,0.911266043746049,0.0403548124198771,FALSE,FALSE,"Other"
"PROBE2578_at","GENE2578","19q","protein_coding",1,0.0456141453633268,1.04667047037671,0.866608791735467,1.26414488752731,0.63580393078814,0.982664409922418,0.00759477291327923,FALSE,FALSE,"Other"
"PROBE2579_at","GENE2579","20q","protein_coding",1,-0.00559057918075526,0.994425019025826,0.830612170648303,1.19054494192239,0.951459956905545,0.998610398120975,0.00060391612684265,FALSE,FALSE,"Other"
"PROBE2580_at","GENE2580","21q","protein_coding",1,0.0838377257071462,1.08745241391866,0.912170694387816,1.29641607630375,0.3498532858595,0.931293539030011,0.0309134100090507,FALSE,FALSE,"Other"
"PROBE2582_at","GENE2582","3q","protein_coding",1,-0.00970076025925521,0.990346140335886,0.815067005571374,1.20331883265308,0.92224094151366,0.997256782471745,0.00119300131540458,FALSE,FALSE,"Other"
"PROBE2585_at","GENE2585","9p","protein_coding",1,-0.0388625583034183,0.961882902879778,0.799288586975155,1.15755277121352,0.680818818657913,0.987085109279808,0.00564539961300939,FALSE,FALSE,"Other"
"PROBE2594_at","GENE2594","3q","protein_coding",1,0.017101615967887,1.01724868578325,0.840598438058362,1.2310216648962,0.860508892007181,0.991655306260076,0.00363925990567032,FALSE,FALSE,"Other"
"PROBE2596_at","GENE2596","7q","protein_coding",1,0.0228356980228275,1.02309842864245,0.856497698700013,1.22210532063235,0.801185313970778,0.987717331562396,0.00536732556128047,FALSE,FALSE,"Other"
"PROBE2604_at","GENE2604","21q","protein_coding",1,0.0591846812273327,1.06097116410467,0.88213099564075,1.27606876600451,0.529750507259631,0.975679564242699,0.0106927912789574,FALSE,FALSE,"Other"
"PROBE2605_at","GENE2605","2p","protein_coding",1,-0.113367020318875,0.892822915824023,0.745331220952701,1.06950136611961,0.218475203398738,0.871632949425932,0.059666360936805,FALSE,FALSE,"Other"
"PROBE2608_at","GENE2608","7q","protein_coding",1,0.147161485351785,1.15854103533138,0.964773632394447,1.3912251387048,0.115042752420105,0.742211305936164,0.129472434427695,FALSE,FALSE,"Other"
"PROBE2620_at","GENE2620","7q","protein_coding",1,-0.0172582397250266,0.982889830659129,0.806645244090894,1.19764224272086,0.864089698838234,0.992432550785747,0.00329899974566152,FALSE,FALSE,"Other"
"PROBE2622_at","GENE2622","10q","protein_coding",1,-0.0733252051154863,0.929298568231713,0.76947888399028,1.12231257658322,0.446336019027241,0.957586063622862,0.0188221831276811,FALSE,FALSE,"Other"
"PROBE2624_at","GENE2624","15q","protein_coding",1,0.000605958994986117,1.00060614262523,0.83179219369772,1.20368123221794,0.994871660866782,0.999075727007576,0.000401592279433433,FALSE,FALSE,"Other"
"PROBE2626_at","GENE2626","19q","protein_coding",1,-0.00906857246132552,0.990972423024811,0.825541816157087,1.18955372577856,0.92247710011166,0.997256782471745,0.00119300131540458,FALSE,FALSE,"Other"
"PROBE2628_at","GENE2628","21q","protein_coding",1,0.0507969230945726,1.05210921250408,0.867935837008434,1.27536362463299,0.604896632729168,0.981677239820465,0.00803127800303875,FALSE,FALSE,"Other"
"PROBE2632_at","GENE2632","7q","protein_coding",1,-0.162079764953161,0.850373371842759,0.698821405634005,1.03479210240156,0.105564947942821,0.717495231810319,0.144180980733828,FALSE,FALSE,"Other"
"PROBE2635_at","GENE2635","12p","protein_coding",1,0.0975251846217977,1.10243920572816,0.907893529548717,1.338672611678,0.324864982211481,0.924241859464972,0.0342143659158097,FALSE,FALSE,"Other"
"PROBE2636_at","GENE2636","15q","protein_coding",1,-0.0906848710519618,0.913305474548988,0.756154432967305,1.10311710607563,0.346555702643706,0.930975695483427,0.0310616567793586,FALSE,FALSE,"Other"
"PROBE2643_at","GENE2643","4q","protein_coding",1,0.0697919880501767,1.07228510993779,0.885711906982263,1.29815953464123,0.474241975698459,0.959907336349336,0.0177706891005534,FALSE,FALSE,"Other"
"PROBE2645_at","GENE2645","9p","protein_coding",1,-0.00788617992333614,0.992144834411796,0.819912540195321,1.20055655230681,0.935390886730196,0.997858297460263,0.000931127049766214,FALSE,FALSE,"Other"
"PROBE2646_at","GENE2646","10q","protein_coding",1,-0.0169312525215659,0.983211275607495,0.806442760516722,1.19872662985071,0.86702573293213,0.992432550785747,0.00329899974566152,FALSE,FALSE,"Other"
"PROBE2650_at","GENE2650","19q","protein_coding",1,0.0267862008504693,1.02714817587986,0.851552161338776,1.23895331738063,0.779455462678789,0.987162805516434,0.00561121642193621,FALSE,FALSE,"Other"
"PROBE2654_at","GENE2654","3q","protein_coding",1,0.00995587230374068,1.01000559688059,0.835458245143051,1.22102009485278,0.918084780654501,0.996817263779867,0.00138444911647886,FALSE,FALSE,"Other"
"PROBE2663_at","GENE2663","20q","protein_coding",1,-0.105774125778246,0.899627827864009,0.743920060818317,1.08792633952773,0.275338691887352,0.910963414019362,0.0404990647488122,FALSE,FALSE,"Other"
"PROBE2664_at","GENE2664","21q","protein_coding",1,0.101457880506948,1.10678330025865,0.922600917367571,1.32773472329358,0.274611263543304,0.91063262919453,0.0406567923923655,FALSE,FALSE,"Other"
"PROBE2667_at","GENE2667","4q","protein_coding",1,-0.0520404526223519,0.949290464777489,0.794543308385109,1.13417654771901,0.566516884416354,0.981677239820465,0.00803127800303875,FALSE,FALSE,"Other"
"PROBE2668_at","GENE2668","7q","protein_coding",1,-0.0795967373214355,0.923488679826151,0.769327116125245,1.10854189835707,0.393013294154494,0.944212084776175,0.0249304454234874,FALSE,FALSE,"Other"
"PROBE2670_at","GENE2670","10q","protein_coding",1,-0.0807344004295108,0.922438658223059,0.76616084194275,1.1105932744184,0.393972492372859,0.944212084776175,0.0249304454234874,FALSE,FALSE,"Other"
"PROBE2678_at","GENE2678","3q","protein_coding",1,0.0304943743315346,1.0309640901703,0.864967882041989,1.22881667318263,0.733520242759304,0.987162805516434,0.00561121642193621,FALSE,FALSE,"Other"
"PROBE2679_at","GENE2679","4q","protein_coding",1,0.0411662494661988,1.0420253273005,0.861482294261034,1.26040522245104,0.671523084435332,0.985729166002647,0.0062423932409975,FALSE,FALSE,"Other"
"PROBE2680_at","GENE2680","7q","protein_coding",1,0.0678658467903551,1.07022172516845,0.886998828708396,1.29129205580842,0.478719837545911,0.959907336349336,0.0177706891005534,FALSE,FALSE,"Other"
"PROBE2684_at","GENE2684","15q","protein_coding",1,-0.0464907461867391,0.954573393973031,0.787160422779849,1.15759169047557,0.636544596881814,0.982664409922418,0.00759477291327923,FALSE,FALSE,"Other"
"PROBE2687_at","GENE2687","20q","protein_coding",1,0.03143418533186,1.03193345700264,0.85339616966047,1.24782216928051,0.745694848560435,0.987162805516434,0.00561121642193621,FALSE,FALSE,"Other"
"PROBE2689_at","GENE2689","2p","protein_coding",1,0.112925808533862,1.11954886889531,0.914171738742368,1.37106586949303,0.274783395859449,0.91063262919453,0.0406567923923655,FALSE,FALSE,"Other"
"PROBE2692_at","GENE2692","7q","protein_coding",1,-0.0613963319800346,0.940450435320571,0.781427456196631,1.13183509778302,0.515933590543858,0.968434707731315,0.0139296542715287,FALSE,FALSE,"Other"
"PROBE2693_at","GENE2693","9p","protein_coding",1,-0.178253641135672,0.836730167381561,0.686984055891457,1.01911735360128,0.0764374534112656,0.636978778427213,0.195875036370276,FALSE,FALSE,"Other"
"PROBE2706_at","GENE2706","10q","protein_coding",1,0.125567710187317,1.13379193562589,0.944266214503208,1.36135777553645,0.178470435800758,0.841832451190366,0.0747743369614036,FALSE,FALSE,"Other"
"PROBE2709_at","GENE2709","18q","protein_coding",1,0.00747730735417805,1.00750533222345,0.835033105228631,1.21560090025505,0.937786203002481,0.998604688682202,0.000606399162115522,FALSE,FALSE,"Other"
"PROBE2710_at","GENE2710","19q","protein_coding",1,-0.0267715184529805,0.97358366201513,0.805002565381451,1.17746847985962,0.782576172506693,0.987162805516434,0.00561121642193621,FALSE,FALSE,"Other"
"PROBE2714_at","GENE2714","3q","protein_coding",1,-0.0165969759875829,0.983539995003407,0.81871903672152,1.18154199228708,0.859231719256485,0.990533378491605,0.00413088524358207,FALSE,FALSE,"Other"
"PROBE2715_at","GENE2715","4q","protein_coding",1,0.133386189408811,1.1426912083723,0.940558399887782,1.38826382056355,0.179283002526244,0.841832451190366,0.0747743369614036,FALSE,FALSE,"Other"
"PROBE2716_at","GENE2716","7q","protein_coding",1,0.0267635018098973,1.02712486086636,0.856264091387481,1.23207955398462,0.773107782122875,0.987162805516434,0.00561121642193621,FALSE,FALSE,"Other"
"PROBE2724_at","GENE2724","21q","protein_coding",1,-0.028189248170643,0.972204361493558,0.804360521116092,1.17507174419203,0.770647630692643,0.987162805516434,0.00561121642193621,FALSE,FALSE,"Other"
"PROBE2725_at","GENE2725","2p","protein_coding",1,-0.092259034137998,0.9118689137718,0.757889960359786,1.09713145627187,0.328247042736988,0.924241859464972,0.0342143659158097,FALSE,FALSE,"Other"
"PROBE2727_at","GENE2727","4q","protein_coding",1,0.205439653388418,1.22806486917204,1.00130777189678,1.50617359140003,0.0485511595714483,0.51573382615993,0.287574382976013,FALSE,FALSE,"Other"
"PROBE2728_at","GENE2728","7q","protein_coding",1,-0.0689136823990097,0.933407246075248,0.777917347161752,1.11997642192265,0.458552566681975,0.957661774126624,0.018787847462735,FALSE,FALSE,"Other"
"PROBE2729_at","GENE2729","9p","protein_coding",1,0.133206389590194,1.14248577116964,0.954383517801521,1.36766165066625,0.146701658887575,0.814474503741818,0.089122506269589,FALSE,FALSE,"Other"
"PROBE2731_at","GENE2731","12p","protein_coding",1,0.0220309629164274,1.02227543660932,0.836359631461457,1.24951878233131,0.829676148209825,0.987717331562396,0.00536732556128047,FALSE,FALSE,"Other"
"PROBE2743_at","GENE2743","12p","protein_coding",1,-0.0254122185202504,0.97490795407256,0.813059830253727,1.16897365181274,0.783807267580049,0.987162805516434,0.00561121642193621,FALSE,FALSE,"Other"
"PROBE2747_at","GENE2747","20q","protein_coding",1,0.0199491971125075,1.02014951216937,0.850490841491719,1.22365224457216,0.829796556864025,0.987717331562396,0.00536732556128047,FALSE,FALSE,"Other"
"PROBE2749_at","GENE2749","2p","protein_coding",1,0.0748985327284845,1.07777478646938,0.891267949281764,1.30331006661375,0.439766296662579,0.953422865393126,0.0207144368488933,FALSE,FALSE,"Other"
"PROBE2750_at","GENE2750","3q","protein_coding",1,0.0741234594442478,1.0769397556728,0.896942324863594,1.29305887925956,0.426982530766456,0.946433601119706,0.0239098494010177,FALSE,FALSE,"Other"
"PROBE2751_at","GENE2751","4q","protein_coding",1,0.0126494505035051,1.01272979320882,0.841438199880109,1.21889122005503,0.893559120231765,0.996171374724732,0.00166594200305885,FALSE,FALSE,"Other"
"PROBE2759_at","GENE2759","20q","protein_coding",1,-0.0297715621220499,0.970667245389585,0.806584617230292,1.16812902347131,0.75267516361771,0.987162805516434,0.00561121642193621,FALSE,FALSE,"Other"
"PROBE2762_at","GENE2762","3q","protein_coding",1,-0.0483843370738203,0.952767532813874,0.785169356140531,1.15614034664614,0.62402227725879,0.981677239820465,0.00803127800303875,FALSE,FALSE,"Other"
"PROBE2764_at","GENE2764","7q","protein_coding",1,0.0185548843410637,1.01872809585551,0.846262384621075,1.22634179675857,0.844556628974874,0.989073402045557,0.0047714769362556,FALSE,FALSE,"Other"
"PROBE2765_at","GENE2765","9p","protein_coding",1,0.109711321970148,1.11595587201277,0.912857206005687,1.36424130749757,0.28443783877959,0.915629327566837,0.0382803053416808,FALSE,FALSE,"Other"
"PROBE2766_at","GENE2766","10q","protein_coding",1,0.0995686160014946,1.10469426784301,0.905026752799676,1.3484125431984,0.327634364782141,0.924241859464972,0.0342143659158097,FALSE,FALSE,"Other"
"PROBE2770_at","GENE2770","19q","protein_coding",1,-0.118564243285045,0.888194753275176,0.737596101823735,1.06954187772277,0.211027685692905,0.871394275798659,0.0597852972774978,FALSE,FALSE,"Other"
"PROBE2775_at","GENE2775","4q","protein_coding",1,0.0677895855777316,1.07014011187391,0.900959463903577,1.27108921646676,0.440059923714169,0.953542629933195,0.0206598862247992,FALSE,FALSE,"Other"
"PROBE2777_at","GENE2777","9p","protein_coding",1,0.0716417910589199,1.07427046184923,0.889520278587979,1.29739259798968,0.456839465834995,0.957586063622862,0.0188221831276811,FALSE,FALSE,"Other"
"PROBE2782_at","GENE2782","19q","protein_coding",1,-0.0827704774042342,0.920562412848641,0.762046122545502,1.11205231662223,0.390646273297163,0.942977154427675,0.0254988288174784,FALSE,FALSE,"Other"
"PROBE2783_at","GENE2783","20q","protein_coding",1,0.0709984779930727,1.07357959187154,0.88876959234153,1.29681882685311,0.461368429366781,0.958698465664611,0.0183179676886145,FALSE,FALSE,"Other"
"PROBE2784_at","GENE2784","21q","protein_coding",1,0.141037676439816,1.15146803038344,0.949713214178503,1.39608315984315,0.151286268872706,0.821947348369236,0.0851560012495655,FALSE,FALSE,"Other"
"PROBE2785_at","GENE2785","2p","protein_coding",1,0.11365808783939,1.12036899160632,0.932056344798401,1.34672832212141,0.226067440002268,0.875325692112246,0.0578303241558113,FALSE,FALSE,"Other"
"PROBE2788_at","GENE2788","7q","protein_coding",1,-0.0394731935847916,0.961295722537492,0.797831328244459,1.15825166730697,0.678077831809336,0.987049832245317,0.00566092096476375,FALSE,FALSE,"Other"
"PROBE2794_at","GENE2794","19q","protein_coding",1,-0.0741194154493984,0.928560802714812,0.77057149083279,1.11894246620327,0.436026416494475,0.948794766937587,0.0228277193174989,FALSE,FALSE,"Other"
"PROBE2796_at","GENE2796","21q","protein_coding",1,-0.0154454605323533,0.984673208839894,0.809802059144139,1.19730657295658,0.876954577354848,0.993850940743819,0.00267874685697776,FALSE,FALSE,"Other"
"PROBE2797_at","GENE2797","2p","protein_coding",1,0.047510763172189,1.04865748794165,0.869547493966946,1.26466068230415,0.619058331308993,0.981677239820465,0.00803127800303875,FALSE,FALSE,"Other"
"PROBE2800_at","GENE2800","7q","protein_coding",1,0.178336690980889,1.19522767587499,0.985789308061254,1.44916280334495,0.0696237028903259,0.62141700782189,0.206616864531134,FALSE,FALSE,"Other"
"PROBE2803_at","GENE2803","12p","protein_coding",1,0.0906405994398508,1.09487543569326,0.911871020991055,1.31460721098654,0.331387637842735,0.924241859464972,0.0342143659158097,FALSE,FALSE,"Other"
"PROBE2804_at","GENE2804","15q","protein_coding",1,0.095937193545313,1.10068993139071,0.907797295559723,1.33456921604719,0.329099971787566,0.924241859464972,0.0342143659158097,FALSE,FALSE,"Other"
"PROBE2807_at","GENE2807","20q","protein_coding",1,0.0645432258322554,1.06667168501947,0.889153459490544,1.27963117218729,0.487081203195836,0.959907336349336,0.0177706891005534,FALSE,FALSE,"Other"
"PROBE2808_at","GENE2808","21q","protein_coding",1,0.0293802393225148,1.02981609661305,0.848821471392276,1.24940429593967,0.765763209700924,0.987162805516434,0.00561121642193621,FALSE,FALSE,"Other"
"PROBE2809_at","GENE2809","2p","protein_coding",1,0.211265673945687,1.23524048268489,1.01025197840784,1.51033512695348,0.0394568798190088,0.452227848928467,0.34464269660466,FALSE,FALSE,"Other"
"PROBE2816_at","GENE2816","15q","protein_coding",1,-0.00990752011576906,0.990141397677021,0.822928678367356,1.19133044353105,0.916394386335355,0.996817263779867,0.00138444911647886,FALSE,FALSE,"Other"
"PROBE2818_at","GENE2818","19q","protein_coding",1,-0.149383736909261,0.861238562456335,0.714357059136923,1.03832089565687,0.117395496298783,0.746553235604346,0.126939217939137,FALSE,FALSE,"Other"
"PROBE2820_at","GENE2820","21q","protein_coding",1,0.00794242979725703,1.00797405456318,0.829291739902659,1.22515593220764,0.936413257699918,0.998042374313795,0.00085101929381177,FALSE,FALSE,"Other"
"PROBE2823_at","GENE2823","4q","protein_coding",1,-0.062515692201026,0.93939832147051,0.786450242728214,1.12209159389449,0.490517982460201,0.959907336349336,0.0177706891005534,FALSE,FALSE,"Other"
"PROBE2826_at","GENE2826","10q","protein_coding",1,-0.20986421664155,0.810694317294169,0.669659728041836,0.98143168623095,0.0313836891788553,0.390158572090633,0.408758846852346,FALSE,FALSE,"Other"
"PROBE2833_at","GENE2833","2p","protein_coding",1,-0.0460506528346098,0.954993587833318,0.786465914107697,1.15963417669219,0.642022072648627,0.983507012322125,0.00722253925054449,FALSE,FALSE,"Other"
"PROBE2836_at","GENE2836","7q","protein_coding",1,-0.0428981023540715,0.958009003955915,0.788618926061727,1.16378293917431,0.665656299297205,0.985321532312659,0.00642202643346168,FALSE,FALSE,"Other"
"PROBE2840_at","GENE2840","15q","protein_coding",1,-0.0883037998385244,0.915482710972345,0.750781988578672,1.11631419884742,0.382869785751902,0.942977154427675,0.0254988288174784,FALSE,FALSE,"Other"
"PROBE2841_at","GENE2841","18q","protein_coding",1,0.0283433789311995,1.02874887446793,0.852402570717466,1.2415779621925,0.767667770766358,0.987162805516434,0.00561121642193621,FALSE,FALSE,"Other"
"PROBE2844_at","GENE2844","21q","protein_coding",1,-0.0286248802384478,0.971780930334024,0.811397192792885,1.16386670418506,0.755767653472661,0.987162805516434,0.00561121642193621,FALSE,FALSE,"Other"
"PROBE2850_at","GENE2850","10q","protein_coding",1,0.043786685705338,1.0447594689877,0.865793316257702,1.26071930510787,0.647854790140608,0.984034203662156,0.00698980583332093,FALSE,FALSE,"Other"
"PROBE2851_at","GENE2851","12p","protein_coding",1,-0.0190245936747893,0.981155231733391,0.817471806209481,1.17761319894514,0.838119699892242,0.988449131713245,0.0050456757531258,FALSE,FALSE,"Other"
"PROBE2857_at","GENE2857","2p","protein_coding",1,-0.0127401841504059,0.987340628442534,0.817683000693766,1.19219980817284,0.89463620905723,0.996171374724732,0.00166594200305885,FALSE,FALSE,"Other"
"PROBE2858_at","GENE2858","3q","protein_coding",1,0.0903346875624487,1.09454055151834,0.907247744643732,1.3204982056897,0.3454744382789,0.930975695483427,0.0310616567793586,FALSE,FALSE,"Other"
"PROBE2859_at","GENE2859","4q","protein_coding",1,0.0648984544873759,1.06705066467582,0.888326617778502,1.2817325274261,0.487755602692814,0.959907336349336,0.0177706891005534,FALSE,FALSE,"Other"
"PROBE2860_at","GENE2860","7q","protein_coding",1,0.0624337202308053,1.06442390680893,0.888020047662049,1.27587012969955,0.499460380079547,0.959907336349336,0.0177706891005534,FALSE,FALSE,"Other"
"PROBE2862_at","GENE2862","10q","protein_coding",1,-0.116951939156245,0.889627948405805,0.730715352612355,1.08310012066296,0.244073209493871,0.887446985761171,0.0518575813478752,FALSE,FALSE,"Other"
"PROBE2863_at","GENE2863","12p","protein_coding",1,0.079164830937382,1.0823827175253,0.887440357197928,1.32014770085125,0.434594666061735,0.948378976675908,0.0230180818710349,FALSE,FALSE,"Other"
"PROBE2867_at","GENE2867","20q","protein_coding",1,0.0253510518886394,1.02567512251993,0.853700908799844,1.23229276917981,0.786593206609616,0.987674849423346,0.00538600515184386,FALSE,FALSE,"Other"
"PROBE2870_at","GENE2870","3q","protein_coding",1,-0.0642758717956175,0.93774626609748,0.773095093751706,1.13746428697708,0.514093954434335,0.967706267170513,0.0142564463129951,FALSE,FALSE,"Other"
"PROBE2873_at","GENE2873","9p","protein_coding",1,0.0150841846628122,1.01519852516396,0.839045288757403,1.22833422617915,0.876716378109156,0.993850940743819,0.00267874685697776,FALSE,FALSE,"Other"
"PROBE2874_at","GENE2874","10q","protein_coding",1,-0.0270224490739775,0.973339390711085,0.794347828085864,1.1926633849969,0.794377695431593,0.987717331562396,0.00536732556128047,FALSE,FALSE,"Other"
"PROBE2876_at","GENE2876","15q","protein_coding",1,-0.0488306375825248,0.952342407053281,0.799081204592812,1.13499861473302,0.585442077090488,0.981677239820465,0.00803127800303875,FALSE,FALSE,"Other"
"PROBE2878_at","GENE2878","19q","protein_coding",1,-0.102820055410652,0.902289320955636,0.740209069895959,1.09985955565907,0.308781150906484,0.922423154313618,0.0350698040823652,FALSE,FALSE,"Other"
"PROBE2879_at","GENE2879","20q","protein_coding",1,-0.00425527590517631,0.99575376495301,0.819330695473803,1.21016527989924,0.965886861908291,0.998610398120975,0.00060391612684265,FALSE,FALSE,"Other"
"PROBE2886_at","GENE2886","10q","protein_coding",1,0.0212288464262494,1.02145578139754,0.838750868698865,1.24395926405301,0.832784641080208,0.988449131713245,0.0050456757531258,FALSE,FALSE,"Other"
"PROBE2889_at","GENE2889","18q","protein_coding",1,-0.0260012431594257,0.974333878355652,0.803776743549584,1.1810823268153,0.791142008391558,0.987717331562396,0.00536732556128047,FALSE,FALSE,"Other"
"PROBE2894_at","GENE2894","3q","protein_coding",1,-0.0161329706725604,0.983996468683543,0.809978196884235,1.19540137513117,0.870931923602171,0.993850940743819,0.00267874685697776,FALSE,FALSE,"Other"
"PROBE2895_at","GENE2895","4q","protein_coding",1,0.0764526244063234,1.07945104949145,0.895932353235391,1.30056087833011,0.421320659874857,0.946433601119706,0.0239098494010177,FALSE,FALSE,"Other"
"PROBE2902_at","GENE2902","19q","protein_coding",1,-0.0657417800265112,0.936372623190723,0.786936303337036,1.11418635249511,0.458635293010127,0.957661774126624,0.018787847462735,FALSE,FALSE,"Other"
"PROBE2903_at","GENE2903","20q","protein_coding",1,0.0180822716180843,1.01824674575121,0.849801865226154,1.22008020652791,0.844622835649906,0.989073402045557,0.0047714769362556,FALSE,FALSE,"Other"
"PROBE2904_at","GENE2904","21q","protein_coding",1,0.0683591819955232,1.07074983347931,0.890738402280759,1.28714020071472,0.46666953347075,0.958698465664611,0.0183179676886145,FALSE,FALSE,"Other"
"PROBE2908_at","GENE2908","7q","protein_coding",1,-0.155116711680931,0.856315229661327,0.717889862555062,1.02143213158089,0.0846634767764624,0.655979221650603,0.1831099168216,FALSE,FALSE,"Other"
"PROBE2910_at","GENE2910","10q","protein_coding",1,0.115973525259233,1.12296614150221,0.919016276014118,1.37217695472131,0.256748475861265,0.897721943570858,0.0468581589590723,FALSE,FALSE,"Other"
"PROBE2913_at","GENE2913","18q","protein_coding",1,0.007027658032604,1.00705240997006,0.831158649647077,1.22016964734366,0.942798105523094,0.998610398120975,0.00060391612684265,FALSE,FALSE,"Other"
"PROBE2918_at","GENE2918","3q","protein_coding",1,-0.0342587681504372,0.966321419075471,0.799925201367001,1.16733049961208,0.72235705949727,0.987162805516434,0.00561121642193621,FALSE,FALSE,"Other"
"PROBE2919_at","GENE2919","4q","protein_coding",1,-0.0766754801294895,0.926190372021356,0.764381075871902,1.12225254170057,0.433826748375593,0.947737298472076,0.0233120272554743,FALSE,FALSE,"Other"
"PROBE2920_at","GENE2920","7q","protein_coding",1,-0.00773928471958208,0.992290586434275,0.829539340062114,1.18697276955225,0.932521646553366,0.997858297460263,0.000931127049766214,FALSE,FALSE,"Other"
"PROBE2925_at","GENE2925","18q","protein_coding",1,0.0127025193906661,1.01278353907804,0.847397369692049,1.2104480539044,0.888942949078023,0.996171374724732,0.00166594200305885,FALSE,FALSE,"Other"
"PROBE2926_at","GENE2926","19q","protein_coding",1,-0.0589495838797548,0.942754297973029,0.775077290284172,1.14670585435519,0.555218974376414,0.981677239820465,0.00803127800303875,FALSE,FALSE,"Other"
"PROBE2927_at","GENE2927","20q","protein_coding",1,0.055196075103706,1.056747796297,0.872528048979019,1.27986247122403,0.572241134843464,0.981677239820465,0.00803127800303875,FALSE,FALSE,"Other"
"PROBE2930_at","GENE2930","3q","protein_coding",1,-0.0301452326387431,0.97030460341699,0.805241207534931,1.16920373001572,0.751352831033881,0.987162805516434,0.00561121642193621,FALSE,FALSE,"Other"
"PROBE2931_at","GENE2931","4q","protein_coding",1,0.0460000683828592,1.04707448255888,0.872465621574105,1.25662827842762,0.621162867557022,0.981677239820465,0.00803127800303875,FALSE,FALSE,"Other"
"PROBE2936_at","GENE2936","15q","protein_coding",1,0.0433924423839136,1.04434766072621,0.865405245850862,1.26029053058488,0.650907574390912,0.984634761176682,0.00672483612294994,FALSE,FALSE,"Other"
"PROBE2941_at","GENE2941","2p","protein_coding",1,0.00277348507796104,1.00277733474588,0.832949594257471,1.20723077364177,0.976628977028976,0.998610398120975,0.00060391612684265,FALSE,FALSE,"Other"
"PROBE2942_at","GENE2942","3q","protein_coding",1,-0.0192121416260624,0.980971235334412,0.815458808190715,1.18007746668237,0.838533265312937,0.988449131713245,0.0050456757531258,FALSE,FALSE,"Other"
"PROBE2943_at","GENE2943","4q","protein_coding",1,0.0476088868592607,1.04876039112938,0.859074440289763,1.28032951094537,0.639993631782865,0.983470813342858,0.00723852419632537,FALSE,FALSE,"Other"
"PROBE2946_at","GENE2946","10q","protein_coding",1,-0.0118984179973345,0.988172088263381,0.821943050430716,1.18801914014738,0.899246018039406,0.996171374724732,0.00166594200305885,FALSE,FALSE,"Other"
"PROBE2948_at","GENE2948","15q","protein_coding",1,0.166853064337164,1.18158063621854,0.966770914673825,1.44411957237838,0.103131260526935,0.717495231810319,0.144180980733828,FALSE,FALSE,"Other"
"PROBE2949_at","GENE2949","18q","protein_coding",1,-0.0312369709805304,0.969245862717293,0.805589450030746,1.16614926170984,0.740616494832843,0.987162805516434,0.00561121642193621,FALSE,FALSE,"Other"
"PROBE2958_at","GENE2958","10q","protein_coding",1,0.0552463724257921,1.05680094921799,0.875305063095681,1.2759302937403,0.565527775699089,0.981677239820465,0.00803127800303875,FALSE,FALSE,"Other"
"PROBE2960_at","GENE2960","15q","protein_coding",1,0.130544352009025,1.13944847560195,0.949689581629525,1.36712337764497,0.160150002015279,0.834321431978163,0.0786666001530803,FALSE,FALSE,"Other"
"PROBE2963_at","GENE2963","20q","protein_coding",1,0.161100045594546,1.17480249674896,0.967690422756726,1.42624218852536,0.10351294626839,0.717495231810319,0.144180980733828,FALSE,FALSE,"Other"
"PROBE2967_at","GENE2967","4q","protein_coding",1,0.22712237604923,1.25498343845846,1.02907878000382,1.53047896954903,0.0248937049540048,0.333026153230833,0.477521659112805,FALSE,FALSE,"Other"
"PROBE2968_at","GENE2968","7q","protein_coding",1,0.105828306442828,1.11163100024019,0.917830504477273,1.34635259415222,0.278927900505606,0.911266043746049,0.0403548124198771,FALSE,FALSE,"Other"
"PROBE2969_at","GENE2969","9p","protein_coding",1,0.0827363084555124,1.08625533443265,0.904208301514988,1.30495445530239,0.376677244164051,0.940517463580652,0.0266331360346039,FALSE,FALSE,"Other"
"PROBE2975_at","GENE2975","20q","protein_coding",1,-0.0131410158548412,0.986944950321043,0.813243159350188,1.19774795983838,0.89415566770198,0.996171374724732,0.00166594200305885,FALSE,FALSE,"Other"
"PROBE2977_at","GENE2977","2p","protein_coding",1,0.126833783964582,1.1352283089499,0.927028863422751,1.39018682620407,0.219833541741636,0.873343734525246,0.0588147910869166,FALSE,FALSE,"Other"
"PROBE2978_at","GENE2978","3q","protein_coding",1,0.173390393575019,1.18933032138065,0.978382410408584,1.44576046983989,0.0817578824357718,0.649003249132368,0.187753128967387,FALSE,FALSE,"Other"
"PROBE2979_at","GENE2979","4q","protein_coding",1,0.119336549245004,1.12674906103047,0.931195065605298,1.36337003215089,0.21982090327587,0.873343734525246,0.0588147910869166,FALSE,FALSE,"Other"
"PROBE2983_at","GENE2983","12p","protein_coding",1,0.0526324229538682,1.05404213220984,0.874545340635657,1.27037989324365,0.580550852728954,0.981677239820465,0.00803127800303875,FALSE,FALSE,"Other"
"PROBE2984_at","GENE2984","15q","protein_coding",1,0.0494371129580592,1.05067951601039,0.873519720753734,1.26376934502552,0.599780558731903,0.981677239820465,0.00803127800303875,FALSE,FALSE,"Other"
"PROBE2987_at","GENE2987","20q","protein_coding",1,0.0307965383935904,1.03127565753748,0.859846529036567,1.23688291563031,0.739875952228057,0.987162805516434,0.00561121642193621,FALSE,FALSE,"Other"
"PROBE2988_at","GENE2988","21q","protein_coding",1,-0.00651343525488142,0.993507731184185,0.818858133374603,1.20540734920098,0.947352075674011,0.998610398120975,0.00060391612684265,FALSE,FALSE,"Other"
"PROBE2990_at","GENE2990","3q","protein_coding",1,0.0371344859339046,1.03783258533769,0.854833769093331,1.26000693249534,0.707511990519281,0.987162805516434,0.00561121642193621,FALSE,FALSE,"Other"
"PROBE2992_at","GENE2992","7q","protein_coding",1,0.0894304177444827,1.09355123890324,0.911897968001971,1.31139047795777,0.334597688696211,0.925916464483079,0.0334281932862362,FALSE,FALSE,"Other"
"PROBE2996_at","GENE2996","15q","protein_coding",1,0.0104480283729099,1.01050279960562,0.839906396378456,1.21574965069165,0.911820339320368,0.996171374724732,0.00166594200305885,FALSE,FALSE,"Other"
"PROBE2998_at","GENE2998","19q","protein_coding",1,0.0628757834343318,1.0648945534712,0.883908494719912,1.28293869420496,0.508251473074366,0.963709856414199,0.0160536992142982,FALSE,FALSE,"Other"
"PROBE3001_at","GENE3001","2p","protein_coding",1,-0.0161037827627951,0.984025189902834,0.816843167440964,1.18542409725584,0.865398339192742,0.992432550785747,0.00329899974566152,FALSE,FALSE,"Other"
"PROBE3005_at","GENE3005","9p","protein_coding",1,-0.150837137467882,0.859987747036652,0.708443495358471,1.04394906566112,0.127236705617859,0.773475414090328,0.111553486353238,FALSE,FALSE,"Other"
"PROBE3013_at","GENE3013","2p","protein_coding",1,-0.116448494740711,0.89007593938815,0.743484276955761,1.06557085661791,0.204705425984872,0.871394275798659,0.0597852972774978,FALSE,FALSE,"Other"
"PROBE3016_at","GENE3016","7q","protein_coding",1,-0.153452024577379,0.857741913742548,0.71013620467899,1.03602827984711,0.111245720651025,0.733085473812356,0.134845386012451,FALSE,FALSE,"Other"
"PROBE3019_at","GENE3019","12p","protein_coding",1,-0.0821523381490452,0.921131624520789,0.759675476019954,1.11690254125042,0.403421414439116,0.946433601119706,0.0239098494010177,FALSE,FALSE,"Other"
"PROBE3023_at","GENE3023","20q","protein_coding",1,0.00624912511974913,1.00626869163877,0.835856315267573,1.21142433367661,0.947369615194781,0.998610398120975,0.00060391612684265,FALSE,FALSE,"Other"
"PROBE3029_at","GENE3029","9p","protein_coding",1,-0.0940423342908213,0.91024422688127,0.751464394196765,1.10257326756819,0.336273289957531,0.928931740214174,0.0320161976721014,FALSE,FALSE,"Other"
"PROBE3031_at","GENE3031","12p","protein_coding",1,0.0365495064440259,1.0372256521004,0.862197347031144,1.2477851585598,0.698315065673801,0.987162805516434,0.00561121642193621,FALSE,FALSE,"Other"
"PROBE3037_at","GENE3037","2p","protein_coding",1,-0.0646223551954548,0.937421408865087,0.774814721279193,1.13415359009674,0.506154546750808,0.96272857204148,0.0164961389194174,FALSE,FALSE,"Other"
"PROBE3040_at","GENE3040","7q","protein_coding",1,0.0777880080570512,1.08089349366853,0.8931851028528,1.30804996738454,0.424129661601499,0.946433601119706,0.0239098494010177,FALSE,FALSE,"Other"
"PROBE3041_at","GENE3041","9p","protein_coding",1,-0.0743041491679397,0.928389282068146,0.764924346611364,1.12678680300513,0.452080674713815,0.957586063622862,0.0188221831276811,FALSE,FALSE,"Other"
"PROBE3042_at","GENE3042","10q","protein_coding",1,0.0273583645525344,1.02773604094423,0.852730940442774,1.23865725958914,0.773918548679268,0.987162805516434,0.00561121642193621,FALSE,FALSE,"Other"
"PROBE3044_at","GENE3044","15q","protein_coding",1,-0.0785000578154345,0.924502006481066,0.767934246850018,1.11299107116712,0.406996405471391,0.946433601119706,0.0239098494010177,FALSE,FALSE,"Other"
"PROBE3047_at","GENE3047","20q","protein_coding",1,0.0334987022568904,1.03406610177325,0.861205290025704,1.24162347261547,0.719645864624002,0.987162805516434,0.00561121642193621,FALSE,FALSE,"Other"
"PROBE3051_at","GENE3051","4q","protein_coding",1,-0.0455598448278195,0.955462421376877,0.796841628582958,1.14565856742049,0.622804125688721,0.981677239820465,0.00803127800303875,FALSE,FALSE,"Other"
"PROBE3053_at","GENE3053","9p","protein_coding",1,0.118595272149317,1.12591413725211,0.933738614555888,1.35764187611231,0.214242113189655,0.871394275798659,0.0597852972774978,FALSE,FALSE,"Other"
"PROBE3054_at","GENE3054","10q","protein_coding",1,0.00107683733529503,1.00107741733279,0.84183736053243,1.19043896419596,0.990280003570744,0.999075727007576,0.000401592279433433,FALSE,FALSE,"Other"
"PROBE3057_at","GENE3057","18q","protein_coding",1,0.0634605157008403,1.06551741376255,0.885441897723822,1.28221553774425,0.501674252320243,0.959907336349336,0.0177706891005534,FALSE,FALSE,"Other"
"PROBE3060_at","GENE3060","21q","protein_coding",1,-0.141911697974836,0.867697872582565,0.722821229604067,1.0416124585836,0.127871507057027,0.773806396714234,0.111367684480099,FALSE,FALSE,"Other"
"PROBE3061_at","GENE3061","2p","protein_coding",1,-0.191250496364443,0.825925670858411,0.686194242318829,0.994110955343698,0.0431326544549833,0.48058667916416,0.31822827108034,FALSE,FALSE,"Other"
"PROBE3066_at","GENE3066","10q","protein_coding",1,0.0978798126832994,1.10283023093677,0.917484374509421,1.3256187811573,0.297126073219823,0.92234964281671,0.0351044160817725,FALSE,FALSE,"Other"
"PROBE3070_at","GENE3070","19q","protein_coding",1,-0.0226839074020642,0.977571438037144,0.813581389878458,1.17461624412128,0.808686086546952,0.987717331562396,0.00536732556128047,FALSE,FALSE,"Other"
"PROBE3073_at","GENE3073","2p","protein_coding",1,-0.01318270683507,0.986903804476343,0.818107268495721,1.19052740000803,0.890443865391618,0.996171374724732,0.00166594200305885,FALSE,FALSE,"Other"
"PROBE3075_at","GENE3075","4q","protein_coding",1,0.112448057724076,1.11901413126244,0.928227286077828,1.34901510087695,0.238382097340587,0.878018774735125,0.0564961974461899,FALSE,FALSE,"Other"
"PROBE3077_at","GENE3077","9p","protein_coding",1,0.0546397552724412,1.05616007003832,0.874472896339358,1.27559595982088,0.570508169807546,0.981677239820465,0.00803127800303875,FALSE,FALSE,"Other"
"PROBE3079_at","GENE3079","12p","protein_coding",1,0.181937789234704,1.19953956728412,0.983638580953844,1.46282913393338,0.0723318948860917,0.629566930885524,0.200958092134251,FALSE,FALSE,"Other"
"PROBE3081_at","GENE3081","18q","protein_coding",1,0.060051445406273,1.06189117456306,0.891031540947783,1.26551397430385,0.50226693418554,0.960357426740995,0.0175671007404564,FALSE,FALSE,"Other"
"PROBE3082_at","GENE3082","19q","protein_coding",1,-0.0798075106110465,0.923294053590912,0.764297002431168,1.1153673332287,0.407865175158515,0.946433601119706,0.0239098494010177,FALSE,FALSE,"Other"
"PROBE3090_at","GENE3090","10q","protein_coding",1,-0.0280771815283522,0.972313319277124,0.802132294092959,1.17860008605281,0.774867915511509,0.987162805516434,0.00561121642193621,FALSE,FALSE,"Other"
"PROBE3091_at","GENE3091","12p","protein_coding",1,-0.0828740570260246,0.92046706628015,0.762174327734953,1.11163494921732,0.389371223845981,0.942977154427675,0.0254988288174784,FALSE,FALSE,"Other"
"PROBE3092_at","GENE3092","15q","protein_coding",1,-0.0188211579892674,0.981354854025023,0.815165418317205,1.18142566880054,0.842407259056753,0.989073402045557,0.0047714769362556,FALSE,FALSE,"Other"
"PROBE3096_at","GENE3096","21q","protein_coding",1,0.0167668472907929,1.01690819978164,0.851131340539594,1.21497380900995,0.85349077516462,0.989925735330178,0.00439738514596618,FALSE,FALSE,"Other"
"PROBE3099_at","GENE3099","4q","protein_coding",1,-0.0314229391599868,0.969065630587998,0.80127820131643,1.17198770020709,0.745987375944836,0.987162805516434,0.00561121642193621,FALSE,FALSE,"Other"
"PROBE3105_at","GENE3105","18q","protein_coding",1,-0.0385838316919986,0.962151042608983,0.794954193477055,1.16451317118597,0.691982571556265,0.987162805516434,0.00561121642193621,FALSE,FALSE,"Other"
"PROBE3108_at","GENE3108","21q","protein_coding",1,0.0732759107869406,1.07602738352339,0.887886890530267,1.30403426657274,0.454892139983449,0.957586063622862,0.0188221831276811,FALSE,FALSE,"Other"
"PROBE3114_at","GENE3114","10q","protein_coding",1,0.0143547684183522,1.01445829286991,0.834694791591387,1.23293644376341,0.885304090557916,0.995656280537888,0.00189056240874793,FALSE,FALSE,"Other"
"PROBE3115_at","GENE3115","12p","protein_coding",1,-0.000767606636230522,0.999232687898376,0.818853750013361,1.21934590218134,0.993970374196359,0.999075727007576,0.000401592279433433,FALSE,FALSE,"Other"
"PROBE3116_at","GENE3116","15q","protein_coding",1,-0.0677277273395919,0.934514881794498,0.771086639423808,1.13258098330944,0.489842879004403,0.959907336349336,0.0177706891005534,FALSE,FALSE,"Other"
"PROBE3118_at","GENE3118","19q","protein_coding",1,0.0865333132914367,1.09038769151569,0.901694332314776,1.31856802821054,0.372081097610312,0.938134194070164,0.027735034141505,FALSE,FALSE,"Other"
"PROBE3120_at","GENE3120","21q","protein_coding",1,0.088421836639643,1.09244885979933,0.902406385137324,1.32251337194964,0.364503964784368,0.937861450476062,0.0278613148597698,FALSE,FALSE,"Other"
"PROBE3121_at","GENE3121","2p","protein_coding",1,0.0815278398915754,1.08494342187079,0.89996085940275,1.30794824726251,0.392655101328793,0.944212084776175,0.0249304454234874,FALSE,FALSE,"Other"
"PROBE3125_at","GENE3125","9p","protein_coding",1,-0.0331204973226809,0.967421980806868,0.796454429458638,1.17508956486617,0.738520358249299,0.987162805516434,0.00561121642193621,FALSE,FALSE,"Other"
"PROBE3128_at","GENE3128","15q","protein_coding",1,-0.0264519779071691,0.973894811179623,0.808566233524397,1.17302833573494,0.780494122582062,0.987162805516434,0.00561121642193621,FALSE,FALSE,"Other"
"PROBE3129_at","GENE3129","18q","protein_coding",1,0.272664338758093,1.3134592934461,1.08434787229657,1.5909795736364,0.00530405995898229,0.130160980588522,0.885519188232075,FALSE,FALSE,"Other"
"PROBE3130_at","GENE3130","19q","protein_coding",1,0.00126141729111036,1.00126221321253,0.826612340352067,1.21281279103607,0.989709034325255,0.999075727007576,0.000401592279433433,FALSE,FALSE,"Other"
"PROBE3132_at","GENE3132","21q","protein_coding",1,-0.119636646326694,0.887242761071092,0.724430779167308,1.08664587385132,0.247429364529294,0.890737223974594,0.0502503981064741,FALSE,FALSE,"Other"
"PROBE3134_at","GENE3134","3q","protein_coding",1,0.118812469913302,1.12615870984451,0.920493534302456,1.37777550031322,0.248184998779788,0.890737223974594,0.0502503981064741,FALSE,FALSE,"Other"
"PROBE3136_at","GENE3136","7q","protein_coding",1,0.0952464756692172,1.09992992768335,0.908251576254491,1.33206027651804,0.329595693038885,0.924241859464972,0.0342143659158097,FALSE,FALSE,"Other"
"PROBE3140_at","GENE3140","15q","protein_coding",1,-0.0743997420192001,0.928300538931266,0.760583459690761,1.13300109225416,0.46430517891009,0.958698465664611,0.0183179676886145,FALSE,FALSE,"Other"
"PROBE3142_at","GENE3142","19q","protein_coding",1,0.00298972352379628,1.00299419720442,0.824610222381054,1.21996712182505,0.976129260522564,0.998610398120975,0.00060391612684265,FALSE,FALSE,"Other"
"PROBE3144_at","GENE3144","21q","protein_coding",1,0.0734710635075701,1.07623739368611,0.88672912879695,1.30624662025004,0.457196166399022,0.957586063622862,0.0188221831276811,FALSE,FALSE,"Other"
"PROBE3149_at","GENE3149","9p","protein_coding",1,0.00199534287964731,1.00199733490095,0.837347179909568,1.19902315698614,0.982618861477959,0.998610398120975,0.00060391612684265,FALSE,FALSE,"Other"
"PROBE3153_at","GENE3153","18q","protein_coding",1,-0.0705400269164338,0.931890438078584,0.766613265203645,1.13280036753813,0.478846361367937,0.959907336349336,0.0177706891005534,FALSE,FALSE,"Other"
"PROBE3155_at","GENE3155","20q","protein_coding",1,-0.122964509680486,0.88429504591764,0.738087588466576,1.05946467662339,0.18235894818774,0.846213216648446,0.0725201958888359,FALSE,FALSE,"Other"
"PROBE3160_at","GENE3160","7q","protein_coding",1,0.00825932418421253,1.00829352650003,0.832138328400796,1.22173898363229,0.93281362189583,0.997858297460263,0.000931127049766214,FALSE,FALSE,"Other"
"PROBE3163_at","GENE3163","12p","protein_coding",1,-0.010702143617995,0.989354920569881,0.822190340448041,1.19050676066376,0.909766524096706,0.996171374724732,0.00166594200305885,FALSE,FALSE,"Other"
"PROBE3165_at","GENE3165","18q","protein_coding",1,-0.143781775214294,0.866076726846648,0.711457558291774,1.05429886581904,0.15186283487615,0.821947348369236,0.0851560012495655,FALSE,FALSE,"Other"
"PROBE3174_at","GENE3174","10q","protein_coding",1,-0.0370826120367344,0.963596527389093,0.797947455704982,1.16363334572698,0.700009360305226,0.987162805516434,0.00561121642193621,FALSE,FALSE,"Other"
"PROBE3182_at","GENE3182","3q","protein_coding",1,0.0111420861849062,1.01120439041186,0.844949092889013,1.21017269299859,0.903232675245923,0.996171374724732,0.00166594200305885,FALSE,FALSE,"Other"
"PROBE3188_at","GENE3188","15q","protein_coding",1,-0.00503056694087741,0.994982065169893,0.824457914402087,1.20077604049408,0.958173514002412,0.998610398120975,0.00060391612684265,FALSE,FALSE,"Other"
"PROBE3195_at","GENE3195","4q","protein_coding",1,-0.0428496401975803,0.958055432263183,0.787145520724206,1.16607436252005,0.669077421638595,0.985729166002647,0.0062423932409975,FALSE,FALSE,"Other"
"PROBE3196_at","GENE3196","7q","protein_coding",1,-0.0351018180625355,0.965507105189915,0.805928583272881,1.15668309763444,0.703336840442742,0.987162805516434,0.00561121642193621,FALSE,FALSE,"Other"
"PROBE3200_at","GENE3200","15q","protein_coding",1,-0.122594697149311,0.884622129783004,0.733031673224402,1.06756139070986,0.201149284243882,0.870776122267887,0.0600934883464627,FALSE,FALSE,"Other"
"PROBE3202_at","GENE3202","19q","protein_coding",1,0.0546207593555374,1.05614000749995,0.864221686558211,1.29067776566014,0.593469971611888,0.981677239820465,0.00803127800303875,FALSE,FALSE,"Other"
"PROBE3204_at","GENE3204","21q","protein_coding",1,0.0974541456114594,1.10236089231971,0.916958600168779,1.32525016581146,0.299619271103462,0.92234964281671,0.0351044160817725,FALSE,FALSE,"Other"
"PROBE3205_at","GENE3205","2p","protein_coding",1,-0.00998876691451523,0.990060955126048,0.819065678973527,1.19675469260724,0.917759566485846,0.996817263779867,0.00138444911647886,FALSE,FALSE,"Other"
"PROBE3215_at","GENE3215","20q","protein_coding",1,0.237456291156977,1.26801957191103,1.03824745317727,1.54864202154215,0.0199155474075982,0.301211552245566,0.521128375830259,FALSE,FALSE,"Other"
"PROBE3224_at","GENE3224","15q","protein_coding",1,-0.0830069204830466,0.920344777967653,0.756686311202434,1.11939980648827,0.406028081721352,0.946433601119706,0.0239098494010177,FALSE,FALSE,"Other"
"PROBE3226_at","GENE3226","19q","protein_coding",1,-0.0586659073858792,0.943021773143279,0.779460763321523,1.14090420771503,0.546091807424015,0.981677239820465,0.00803127800303875,FALSE,FALSE,"Other"
"PROBE3229_at","GENE3229","2p","protein_coding",1,-0.0209656599072679,0.979252591616883,0.819693418500505,1.16987109636991,0.817286600457022,0.987717331562396,0.00536732556128047,FALSE,FALSE,"Other"
"PROBE3230_at","GENE3230","3q","protein_coding",1,-0.0486174701577714,0.9525454370706,0.78654951170685,1.15357367359499,0.618740307854036,0.981677239820465,0.00803127800303875,FALSE,FALSE,"Other"
"PROBE3235_at","GENE3235","12p","protein_coding",1,-0.0393690550411719,0.961395835686753,0.792073987576234,1.16691365626607,0.690413982424811,0.987162805516434,0.00561121642193621,FALSE,FALSE,"Other"
"PROBE3241_at","GENE3241","2p","protein_coding",1,-0.00575240417170393,0.994264109226088,0.819006850353376,1.20702423730475,0.953634842132749,0.998610398120975,0.00060391612684265,FALSE,FALSE,"Other"
"PROBE3243_at","GENE3243","4q","protein_coding",1,-0.00329838775779124,0.996707045947312,0.824740036528311,1.20453099333309,0.972769754594904,0.998610398120975,0.00060391612684265,FALSE,FALSE,"Other"
"PROBE3244_at","GENE3244","7q","protein_coding",1,-0.104683513092147,0.900609508605276,0.742598353094442,1.09224250715122,0.287533463889985,0.916327163916274,0.0379494388697971,FALSE,FALSE,"Other"
"PROBE3247_at","GENE3247","12p","protein_coding",1,-0.00802493571451888,0.992007178120854,0.821892411622261,1.19733219035435,0.933367355720097,0.997858297460263,0.000931127049766214,FALSE,FALSE,"Other"
"PROBE3254_at","GENE3254","3q","protein_coding",1,0.0308980791339755,1.03138037934796,0.851101596564144,1.24984548401534,0.752600658773046,0.987162805516434,0.00561121642193621,FALSE,FALSE,"Other"
"PROBE3260_at","GENE3260","15q","protein_coding",1,-0.0432179474652092,0.957702638456939,0.79776971652656,1.14969812053131,0.642942761377575,0.983507012322125,0.00722253925054449,FALSE,FALSE,"Other"
"PROBE3262_at","GENE3262","19q","protein_coding",1,0.104188696017934,1.10980985185849,0.916615648579589,1.34372341252388,0.285650318462429,0.916327163916274,0.0379494388697971,FALSE,FALSE,"Other"
"PROBE3272_at","GENE3272","15q","protein_coding",1,0.266122336225528,1.30489468481315,1.07611819601857,1.5823077286059,0.00681244401919219,0.15525501061033,0.808954374756522,FALSE,FALSE,"Other"
"PROBE3273_at","GENE3273","18q","protein_coding",1,0.0836334209776135,1.08723026494117,0.902893596817391,1.30920149746407,0.377610866547797,0.941672983909717,0.0260998890761394,FALSE,FALSE,"Other"
"PROBE3274_at","GENE3274","19q","protein_coding",1,0.0753458137142147,1.07825696246431,0.89630106065759,1.29715129004729,0.424290031663608,0.946433601119706,0.0239098494010177,FALSE,FALSE,"Other"
"PROBE3281_at","GENE3281","9p","protein_coding",1,-0.0646580487819009,0.937387949530139,0.773938082742889,1.13535719137913,0.50835694925849,0.963709856414199,0.0160536992142982,FALSE,FALSE,"Other"
"PROBE3283_at","GENE3283","12p","protein_coding",1,0.0399450039259539,1.04075353525996,0.852888264374135,1.26999979528496,0.694113293068628,0.987162805516434,0.00561121642193621,FALSE,FALSE,"Other"
"PROBE3288_at","GENE3288","21q","protein_coding",1,0.0578239310106623,1.05952842918678,0.884698934750416,1.26890679773645,0.529697219674937,0.975679564242699,0.0106927912789574,FALSE,FALSE,"Other"
"PROBE3292_at","GENE3292","7q","protein_coding",1,-0.170868613761764,0.842932315902519,0.701186468374874,1.01333228925478,0.0689154678564369,0.62141700782189,0.206616864531134,FALSE,FALSE,"Other"
"PROBE3296_at","GENE3296","15q","protein_coding",1,0.194425133848731,1.21461254611443,0.999527161226633,1.47598153847875,0.0505585452097049,0.525283586594336,0.279606169276608,FALSE,FALSE,"Other"
"PROBE3297_at","GENE3297","18q","protein_coding",1,-0.121964304965943,0.885179964467693,0.729487599465437,1.07410128708041,0.216567783056776,0.871394275798659,0.0597852972774978,FALSE,FALSE,"Other"
"PROBE3299_at","GENE3299","20q","protein_coding",1,-0.0785729813886996,0.924434590949384,0.76320981944721,1.11971739771734,0.421655674866511,0.946433601119706,0.0239098494010177,FALSE,FALSE,"Other"
"PROBE3305_at","GENE3305","9p","protein_coding",1,-0.0558270522052352,0.94570267894061,0.7831116001405,1.14205121823631,0.561913671565915,0.981677239820465,0.00803127800303875,FALSE,FALSE,"Other"
"PROBE3311_at","GENE3311","20q","protein_coding",1,0.116337426155421,1.12337486425027,0.936711507549247,1.34723559544076,0.209554924943689,0.871394275798659,0.0597852972774978,FALSE,FALSE,"Other"
"PROBE3313_at","GENE3313","2p","protein_coding",1,-0.0484233153798869,0.952730396273135,0.789029655298613,1.15039428732148,0.614672147121809,0.981677239820465,0.00803127800303875,FALSE,FALSE,"Other"
"PROBE3315_at","GENE3315","4q","protein_coding",1,0.123736944690427,1.13171812737703,0.931569346402356,1.37486911176291,0.212723929047279,0.871394275798659,0.0597852972774978,FALSE,FALSE,"Other"
"PROBE3316_at","GENE3316","7q","protein_coding",1,0.0474540484191418,1.0485980152777,0.864173224781132,1.27238123805885,0.630643381927247,0.981764861230005,0.00799251597927956,FALSE,FALSE,"Other"
"PROBE3319_at","GENE3319","12p","protein_coding",1,0.021109034490752,1.0213334061345,0.850132000349289,1.22701171824814,0.821590928801804,0.987717331562396,0.00536732556128047,FALSE,FALSE,"Other"
"PROBE3321_at","GENE3321","18q","protein_coding",1,0.189686838922335,1.20887096703936,0.996401519385717,1.46664671472161,0.0544285969472035,0.546021902293924,0.262789936316117,FALSE,FALSE,"Other"
"PROBE3323_at","GENE3323","20q","protein_coding",1,0.0456187983673192,1.04667534054992,0.872866361583314,1.25509392586522,0.62245414659719,0.981677239820465,0.00803127800303875,FALSE,FALSE,"Other"
"PROBE3325_at","GENE3325","2p","protein_coding",1,-0.0932933174758961,0.91092627051208,0.756371174047642,1.0970627897789,0.325388804910742,0.924241859464972,0.0342143659158097,FALSE,FALSE,"Other"
"PROBE3326_at","GENE3326","3q","protein_coding",1,0.0674161582640975,1.06974056693186,0.886097151596812,1.29144403463831,0.482960110357493,0.959907336349336,0.0177706891005534,FALSE,FALSE,"Other"
"PROBE3328_at","GENE3328","7q","protein_coding",1,0.0702693324042129,1.07279708136455,0.884366573447039,1.30137616271315,0.475822367251245,0.959907336349336,0.0177706891005534,FALSE,FALSE,"Other"
"PROBE3329_at","GENE3329","9p","protein_coding",1,-0.0995825201615386,0.905215248277842,0.760875289083282,1.07693686136392,0.261170211999889,0.900884940451697,0.045330672858682,FALSE,FALSE,"Other"
"PROBE3332_at","GENE3332","15q","protein_coding",1,0.109999075093951,1.11627703800701,0.915146119835369,1.36161253222148,0.277840033846824,0.911266043746049,0.0403548124198771,FALSE,FALSE,"Other"
"PROBE3333_at","GENE3333","18q","protein_coding",1,-0.0217120353758489,0.978521974196333,0.805913664680152,1.18809904329529,0.826432428711012,0.987717331562396,0.00536732556128047,FALSE,FALSE,"Other"
"PROBE3334_at","GENE3334","19q","protein_coding",1,0.0382088227481557,1.03894816623866,0.858199728764868,1.25776466241045,0.69518951818597,0.987162805516434,0.00561121642193621,FALSE,FALSE,"Other"
"PROBE3335_at","GENE3335","20q","protein_coding",1,0.0190797065033444,1.01926288726047,0.841177539623095,1.23505060990104,0.845599844267711,0.989073402045557,0.0047714769362556,FALSE,FALSE,"Other"
"PROBE3337_at","GENE3337","2p","protein_coding",1,0.0687464204004884,1.07116454922869,0.886561628453878,1.29420612701827,0.47625215299208,0.959907336349336,0.0177706891005534,FALSE,FALSE,"Other"
"PROBE3339_at","GENE3339","4q","protein_coding",1,0.0201836458042471,1.02038871292694,0.845374011268934,1.23163607064975,0.833478258619633,0.988449131713245,0.0050456757531258,FALSE,FALSE,"Other"
"PROBE3340_at","GENE3340","7q","protein_coding",1,0.0209155275898212,1.02113579019291,0.842485871573089,1.23766859148146,0.831201976580598,0.987726464829285,0.00536330972704716,FALSE,FALSE,"Other"
"PROBE3341_at","GENE3341","9p","protein_coding",1,-0.255100714117379,0.774838456859933,0.633806159854966,0.947252760002311,0.0128246976045249,0.22930661311484,0.639583420203037,FALSE,FALSE,"Other"
"PROBE3349_at","GENE3349","2p","protein_coding",1,-0.0225025087424044,0.977748784270424,0.81116257704835,1.17854633854159,0.8133370434121,0.987717331562396,0.00536732556128047,FALSE,FALSE,"Other"
"PROBE3354_at","GENE3354","10q","protein_coding",1,0.208805365886504,1.23220514603303,1.0142840139075,1.49694710859235,0.0354837059194535,0.422056810651619,0.374629087209128,FALSE,FALSE,"Other"
"PROBE3355_at","GENE3355","12p","protein_coding",1,-0.0691416804527752,0.933194455298636,0.769323683620396,1.13197072953992,0.482815661097538,0.959907336349336,0.0177706891005534,FALSE,FALSE,"Other"
"PROBE3358_at","GENE3358","19q","protein_coding",1,0.00694494547831277,1.00696911753764,0.827129309969824,1.22591085994948,0.944840571462817,0.998610398120975,0.00060391612684265,FALSE,FALSE,"Other"
"PROBE3360_at","GENE3360","21q","protein_coding",1,-0.0109727895064023,0.989087191959911,0.82098377563128,1.19161121368921,0.908086980389267,0.996171374724732,0.00166594200305885,FALSE,FALSE,"Other"
"PROBE3364_at","GENE3364","7q","protein_coding",1,0.177536548666736,1.19427170614339,0.99193494961207,1.4378814948021,0.0608661778988804,0.589502933645331,0.229514029308826,FALSE,FALSE,"Other"
"PROBE3366_at","GENE3366","10q","protein_coding",1,-0.0669752914691396,0.935218308921745,0.773561841217804,1.13065722575655,0.489118376551508,0.959907336349336,0.0177706891005534,FALSE,FALSE,"Other"
"PROBE3370_at","GENE3370","19q","protein_coding",1,-0.137418207896823,0.871605637539974,0.720537213042531,1.05434719212292,0.157062909270574,0.832121373618938,0.0798133226894739,FALSE,FALSE,"Other"
"PROBE3371_at","GENE3371","20q","protein_coding",1,0.165678355897383,1.1801934384089,0.977435976021744,1.42501052368922,0.084949309203753,0.655979221650603,0.1831099168216,FALSE,FALSE,"Other"
"PROBE3374_at","GENE3374","3q","protein_coding",1,0.0267605739381366,1.02712185358089,0.857655685029643,1.23007323395399,0.771141923587157,0.987162805516434,0.00561121642193621,FALSE,FALSE,"Other"
"PROBE3379_at","GENE3379","12p","protein_coding",1,0.176096724212021,1.19255340186043,1.00241740093906,1.41875391923223,0.0468990331205012,0.504290678715067,0.297319059245236,FALSE,FALSE,"Other"
"PROBE3380_at","GENE3380","15q","protein_coding",1,-0.139539203819836,0.869758924663823,0.716382871547546,1.05597246539159,0.158615858346925,0.833723302743365,0.078978059710326,FALSE,FALSE,"Other"
"PROBE3381_at","GENE3381","18q","protein_coding",1,-0.10040494159554,0.904471085904761,0.754249302001362,1.08461213429967,0.278594371803931,0.911266043746049,0.0403548124198771,FALSE,FALSE,"Other"
"PROBE3382_at","GENE3382","19q","protein_coding",1,0.093627120461623,1.09815019182815,0.903142169513336,1.33526468425456,0.347917197080619,0.931293539030011,0.0309134100090507,FALSE,FALSE,"Other"
"PROBE3385_at","GENE3385","2p","protein_coding",1,0.0183798000129943,1.01854974814477,0.850150700102867,1.22030551679866,0.842002279475273,0.989073402045557,0.0047714769362556,FALSE,FALSE,"Other"
"PROBE3390_at","GENE3390","10q","protein_coding",1,0.00519194671665294,1.00520544822827,0.83699678082262,1.20721849390474,0.9556858383525,0.998610398120975,0.00060391612684265,FALSE,FALSE,"Other"
"PROBE3391_at","GENE3391","12p","protein_coding",1,-0.0239642100190645,0.97632065163013,0.812205141075707,1.17359761295901,0.798558310431263,0.987717331562396,0.00536732556128047,FALSE,FALSE,"Other"
"PROBE3394_at","GENE3394","19q","protein_coding",1,-0.0319768161700725,0.968529036031363,0.798271037647807,1.17510024715403,0.745803333542328,0.987162805516434,0.00561121642193621,FALSE,FALSE,"Other"
"PROBE3395_at","GENE3395","20q","protein_coding",1,-0.0556542075088388,0.945866152760417,0.785219042131354,1.1393798811977,0.55786409032472,0.981677239820465,0.00803127800303875,FALSE,FALSE,"Other"
"PROBE3396_at","GENE3396","21q","protein_coding",1,-0.0994284672559746,0.90535471005897,0.752890227184629,1.08869410364249,0.290616487367202,0.91957582040123,0.0364124567202641,FALSE,FALSE,"Other"
"PROBE3406_at","GENE3406","19q","protein_coding",1,-0.0476838774253989,0.953435141814223,0.792765248235534,1.14666803529742,0.612555062182015,0.981677239820465,0.00803127800303875,FALSE,FALSE,"Other"
"PROBE3408_at","GENE3408","21q","protein_coding",1,-0.00116675208348458,0.998833928307086,0.820752820398371,1.21555380809185,0.990708422656201,0.999075727007576,0.000401592279433433,FALSE,FALSE,"Other"
"PROBE3413_at","GENE3413","9p","protein_coding",1,0.0602080637084624,1.06205749918033,0.877277748383555,1.28575714321209,0.536984766414906,0.975892351503692,0.0105980857414477,FALSE,FALSE,"Other"
"PROBE3414_at","GENE3414","10q","protein_coding",1,-0.0653737703197084,0.936717280820029,0.776246374079459,1.13036182001805,0.495324558456508,0.959907336349336,0.0177706891005534,FALSE,FALSE,"Other"
"PROBE3415_at","GENE3415","12p","protein_coding",1,0.0646860771444822,1.06682407135342,0.886367409362451,1.28402013340915,0.49387133307983,0.959907336349336,0.0177706891005534,FALSE,FALSE,"Other"
"PROBE3420_at","GENE3420","21q","protein_coding",1,0.0717494596488045,1.07438613326199,0.893992281287202,1.29118068187752,0.444227665568963,0.956871654429645,0.0191463104060336,FALSE,FALSE,"Other"
"PROBE3422_at","GENE3422","3q","protein_coding",1,-0.0699355312578077,0.932453932100403,0.774135278564762,1.12315038413117,0.461334025965951,0.958698465664611,0.0183179676886145,FALSE,FALSE,"Other"
"PROBE3430_at","GENE3430","19q","protein_coding",1,-0.0955437786384871,0.908878571316292,0.757065785440674,1.09113405107471,0.305538823173186,0.92234964281671,0.0351044160817725,FALSE,FALSE,"Other"
"PROBE3431_at","GENE3431","20q","protein_coding",1,-0.0368290241271948,0.96384091480365,0.793525147308565,1.17071186993939,0.710461558818213,0.987162805516434,0.00561121642193621,FALSE,FALSE,"Other"
"PROBE3435_at","GENE3435","4q","protein_coding",1,-0.134052906733722,0.874543794123691,0.729553324624822,1.04834947909199,0.147216266551334,0.814474503741818,0.089122506269589,FALSE,FALSE,"Other"
"PROBE3436_at","GENE3436","7q","protein_coding",1,0.0914985379677506,1.09581517457425,0.904964884417194,1.32691435602003,0.348673360119338,0.931293539030011,0.0309134100090507,FALSE,FALSE,"Other"
"PROBE3440_at","GENE3440","15q","protein_coding",1,0.0879723433803399,1.09195792174565,0.901232814405311,1.32304559244205,0.369077385217422,0.938134194070164,0.027735034141505,FALSE,FALSE,"Other"
"PROBE3441_at","GENE3441","18q","protein_coding",1,-0.140356852696039,0.869048057915807,0.713879378343208,1.05794417079259,0.161915344663026,0.840027728472251,0.0757063780765286,FALSE,FALSE,"Other"
"PROBE3443_at","GENE3443","20q","protein_coding",1,-0.122883991938633,0.884366250224435,0.733844724619063,1.06576178624438,0.196738272959504,0.862510274133389,0.0642357229528199,FALSE,FALSE,"Other"
"PROBE3447_at","GENE3447","4q","protein_coding",1,0.0186574479876856,1.01883258568228,0.846410605160158,1.22637858188417,0.843648064094454,0.989073402045557,0.0047714769362556,FALSE,FALSE,"Other"
"PROBE3450_at","GENE3450","10q","protein_coding",1,-0.0299860558903672,0.970459065641767,0.807174549817732,1.16677464409521,0.749716436045156,0.987162805516434,0.00561121642193621,FALSE,FALSE,"Other"
"PROBE3452_at","GENE3452","15q","protein_coding",1,-0.0199117483060236,0.980285181317291,0.809567998119156,1.18700225174765,0.838384593709096,0.988449131713245,0.0050456757531258,FALSE,FALSE,"Other"
"PROBE3454_at","GENE3454","19q","protein_coding",1,-0.152971192026704,0.858154443145588,0.708462568423045,1.03947488704974,0.117793342227587,0.74670898401006,0.12684862343735,FALSE,FALSE,"Other"
"PROBE3455_at","GENE3455","20q","protein_coding",1,0.00641735910056734,1.00643799446738,0.831219136958121,1.21859253675793,0.947571923863973,0.998610398120975,0.00060391612684265,FALSE,FALSE,"Other"
"PROBE3456_at","GENE3456","21q","protein_coding",1,-0.118590777689018,0.888171185869461,0.724211397521377,1.08925109175112,0.254733392511268,0.896069094248902,0.0476585013935697,FALSE,FALSE,"Other"
"PROBE3461_at","GENE3461","9p","protein_coding",1,0.129823725506684,1.13862765462057,0.942155131080763,1.37607161824777,0.179146426934891,0.841832451190366,0.0747743369614036,FALSE,FALSE,"Other"
"PROBE3462_at","GENE3462","10q","protein_coding",1,0.0847959582824057,1.08849494565989,0.899207673262899,1.31762804295011,0.384315740992581,0.942977154427675,0.0254988288174784,FALSE,FALSE,"Other"
"PROBE3466_at","GENE3466","19q","protein_coding",1,-0.0771707287974034,0.925731791038561,0.777221995556768,1.10261849746746,0.387041240670689,0.942977154427675,0.0254988288174784,FALSE,FALSE,"Other"
"PROBE3467_at","GENE3467","20q","protein_coding",1,0.0266046862897406,1.02696175044989,0.846911933518072,1.24528938033271,0.78676856310702,0.987674849423346,0.00538600515184386,FALSE,FALSE,"Other"
"PROBE3469_at","GENE3469","2p","protein_coding",1,0.0657469702887797,1.06795645826144,0.883789982151933,1.29050002803296,0.496004839357518,0.959907336349336,0.0177706891005534,FALSE,FALSE,"Other"
"PROBE3471_at","GENE3471","4q","protein_coding",1,0.116523275132411,1.12358366172137,0.91979028805314,1.3725305227557,0.253807898255639,0.896069094248902,0.0476585013935697,FALSE,FALSE,"Other"
"PROBE3472_at","GENE3472","7q","protein_coding",1,-0.0316537031290095,0.968842030957201,0.808276212921367,1.16130459605718,0.732058127372644,0.987162805516434,0.00561121642193621,FALSE,FALSE,"Other"
"PROBE3473_at","GENE3473","9p","protein_coding",1,0.184795291316422,1.20297215607386,0.986346970150972,1.46717337010474,0.0681133897448591,0.62141700782189,0.206616864531134,FALSE,FALSE,"Other"
"PROBE3474_at","GENE3474","10q","protein_coding",1,0.0195059597520907,1.01969744398652,0.838395753751887,1.24020532382176,0.845170475699109,0.989073402045557,0.0047714769362556,FALSE,FALSE,"Other"
"PROBE3475_at","GENE3475","12p","protein_coding",1,-0.0450610275078953,0.955939141469431,0.798617216315699,1.14425236962594,0.623308237320114,0.981677239820465,0.00803127800303875,FALSE,FALSE,"Other"
"PROBE3476_at","GENE3476","15q","protein_coding",1,-0.0348999465874436,0.965702033207993,0.797138564266898,1.16991004920169,0.721402216446206,0.987162805516434,0.00561121642193621,FALSE,FALSE,"Other"
"PROBE3477_at","GENE3477","18q","protein_coding",1,0.0372573250945691,1.03796007965187,0.856525713501503,1.25782695133183,0.703890264573165,0.987162805516434,0.00561121642193621,FALSE,FALSE,"Other"
"PROBE3478_at","GENE3478","19q","protein_coding",1,0.0727705223104099,1.07548370907829,0.896488153547748,1.29021806246456,0.433337755863194,0.947704222773524,0.0233271842447108,FALSE,FALSE,"Other"
"PROBE3483_at","GENE3483","4q","protein_coding",1,0.0197254828888499,1.01992131573959,0.856372899438582,1.21470388773621,0.824932080057436,0.987717331562396,0.00536732556128047,FALSE,FALSE,"Other"
"PROBE3487_at","GENE3487","12p","protein_coding",1,0.0570746717049247,1.05873486498132,0.868810831698406,1.29017672596897,0.571519170322179,0.981677239820465,0.00803127800303875,FALSE,FALSE,"Other"
"PROBE3490_at","GENE3490","19q","protein_coding",1,0.0675904384562139,1.06992701777025,0.888479239209788,1.28843058209541,0.47592943316518,0.959907336349336,0.0177706891005534,FALSE,FALSE,"Other"
"PROBE3492_at","GENE3492","21q","protein_coding",1,0.00389680947849123,1.00390441191242,0.831126317775517,1.21260035532821,0.967743643661392,0.998610398120975,0.00060391612684265,FALSE,FALSE,"Other"
"PROBE3495_at","GENE3495","4q","protein_coding",1,0.249127512595812,1.282905609265,1.05422950484935,1.56118453781919,0.0128752136403165,0.22930661311484,0.639583420203037,FALSE,FALSE,"Other"
"PROBE3496_at","GENE3496","7q","protein_coding",1,0.189446294073338,1.20858021432608,1.00844025267373,1.44844092705317,0.0402713166499677,0.457628598295088,0.33948684327609,FALSE,FALSE,"Other"
"PROBE3499_at","GENE3499","12p","protein_coding",1,-0.0402624158517699,0.960537345851362,0.799954984638939,1.15335488932744,0.666202634054742,0.985321532312659,0.00642202643346168,FALSE,FALSE,"Other"
"PROBE3501_at","GENE3501","18q","protein_coding",1,0.00803972673110782,1.00807213211934,0.844014122029055,1.20401945540035,0.929310631167134,0.997858297460263,0.000931127049766214,FALSE,FALSE,"Other"
"PROBE3502_at","GENE3502","19q","protein_coding",1,0.157399586557673,1.17046322183947,0.973597444136375,1.40713614433742,0.093897340926194,0.68956241423601,0.161426418492443,FALSE,FALSE,"Other"
"PROBE3503_at","GENE3503","20q","protein_coding",1,-0.083290679270504,0.920083659098553,0.75948764604745,1.11463819608633,0.394747781656994,0.944372683389937,0.0248565836693294,FALSE,FALSE,"Other"
"PROBE3505_at","GENE3505","2p","protein_coding",1,-0.0112399165106729,0.988823015347285,0.817727221691282,1.19571775250211,0.907688452082226,0.996171374724732,0.00166594200305885,FALSE,FALSE,"Other"
"PROBE3506_at","GENE3506","3q","protein_coding",1,0.0233160280304714,1.02358997156046,0.84087129324914,1.24601284202564,0.816222862221059,0.987717331562396,0.00536732556128047,FALSE,FALSE,"Other"
"PROBE3507_at","GENE3507","4q","protein_coding",1,-0.0274462865774986,0.97292694038578,0.807551861000459,1.17216847244427,0.772776341106214,0.987162805516434,0.00561121642193621,FALSE,FALSE,"Other"
"PROBE3508_at","GENE3508","7q","protein_coding",1,0.0116524297498757,1.01172058377215,0.836998223766817,1.22291602367058,0.90411524646362,0.996171374724732,0.00166594200305885,FALSE,FALSE,"Other"
"PROBE3509_at","GENE3509","9p","protein_coding",1,0.0492919400371745,1.05052699686723,0.871119882019586,1.266883001899,0.6059277417217,0.981677239820465,0.00803127800303875,FALSE,FALSE,"Other"
"PROBE3512_at","GENE3512","15q","protein_coding",1,-0.00385229243591873,0.996155118123652,0.825903984734531,1.20150167296131,0.967866082398448,0.998610398120975,0.00060391612684265,FALSE,FALSE,"Other"
"PROBE3513_at","GENE3513","18q","protein_coding",1,-0.0862058284913959,0.9174053836196,0.752553759633304,1.11836879042944,0.393657553664016,0.944212084776175,0.0249304454234874,FALSE,FALSE,"Other"
"PROBE3519_at","GENE3519","4q","protein_coding",1,-0.0399189190359065,0.9608673440446,0.800186281617218,1.1538138981655,0.668972820536601,0.985729166002647,0.0062423932409975,FALSE,FALSE,"Other"
"PROBE3529_at","GENE3529","2p","protein_coding",1,0.05391490816427,1.05539479285377,0.87352384321407,1.27513195825828,0.576360391569453,0.981677239820465,0.00803127800303875,FALSE,FALSE,"Other"
"PROBE3530_at","GENE3530","3q","protein_coding",1,-0.0381994500086147,0.96252094693408,0.797704813440603,1.16139022565377,0.690165960492188,0.987162805516434,0.00561121642193621,FALSE,FALSE,"Other"
"PROBE3531_at","GENE3531","4q","protein_coding",1,0.0972886415935453,1.10217846225971,0.909920072967259,1.33505941759008,0.319854229475968,0.924241859464972,0.0342143659158097,FALSE,FALSE,"Other"
"PROBE3532_at","GENE3532","7q","protein_coding",1,0.00451377764975685,1.00452398008883,0.830727509020075,1.21468040436485,0.962855657064365,0.998610398120975,0.00060391612684265,FALSE,FALSE,"Other"
"PROBE3536_at","GENE3536","15q","protein_coding",1,0.271527096457597,1.31196642101735,1.07080829001971,1.60743608909248,0.00878962256103445,0.180299949969937,0.744004393786656,FALSE,FALSE,"Other"
"PROBE3539_at","GENE3539","20q","protein_coding",1,0.0805311047053347,1.08386255934347,0.893465900978693,1.31483254846072,0.413894513316919,0.946433601119706,0.0239098494010177,FALSE,FALSE,"Other"
"PROBE3540_at","GENE3540","21q","protein_coding",1,0.0662748734458488,1.06852038468354,0.891406011550401,1.28082579395944,0.473529538120988,0.959907336349336,0.0177706891005534,FALSE,FALSE,"Other"
"PROBE3541_at","GENE3541","2p","protein_coding",1,0.1177551977097,1.12496868274589,0.935355943173253,1.35301918632766,0.211167413718069,0.871394275798659,0.0597852972774978,FALSE,FALSE,"Other"
"PROBE3547_at","GENE3547","12p","protein_coding",1,0.0781274947485224,1.08126050491872,0.89243738289067,1.31003508135239,0.424961834900585,0.946433601119706,0.0239098494010177,FALSE,FALSE,"Other"
"PROBE3548_at","GENE3548","15q","protein_coding",1,0.11325114380795,1.11991315688808,0.921948109496393,1.36038619316234,0.253819187521874,0.896069094248902,0.0476585013935697,FALSE,FALSE,"Other"
"PROBE3550_at","GENE3550","19q","protein_coding",1,0.0200637512383295,1.02026638119873,0.854528143541701,1.2181500357496,0.824443958053659,0.987717331562396,0.00536732556128047,FALSE,FALSE,"Other"
"PROBE3554_at","GENE3554","3q","protein_coding",1,0.0457452193991294,1.04680767069092,0.872931866403659,1.2553171004421,0.621588692402918,0.981677239820465,0.00803127800303875,FALSE,FALSE,"Other"
"PROBE3556_at","GENE3556","7q","protein_coding",1,0.102311431632664,1.10772839967847,0.917188754606361,1.33785134334846,0.288065944087443,0.916327163916274,0.0379494388697971,FALSE,FALSE,"Other"
"PROBE3557_at","GENE3557","9p","protein_coding",1,-0.0454116119938702,0.955604062777023,0.799546500870773,1.14212134478911,0.617645304947636,0.981677239820465,0.00803127800303875,FALSE,FALSE,"Other"
"PROBE3561_at","GENE3561","18q","protein_coding",1,-0.027566579253344,0.972809911439723,0.806095976297498,1.17400303639042,0.773796455490598,0.987162805516434,0.00561121642193621,FALSE,FALSE,"Other"
"PROBE3562_at","GENE3562","19q","protein_coding",1,0.0402566295449358,1.0410779112639,0.864322634038136,1.25397990824082,0.671527994339303,0.985729166002647,0.0062423932409975,FALSE,FALSE,"Other"
"PROBE3563_at","GENE3563","20q","protein_coding",1,0.120283652655821,1.12781671441858,0.922555765281144,1.37874650963165,0.240583561324078,0.881258466388564,0.0548966976451717,FALSE,FALSE,"Other"
"PROBE3566_at","GENE3566","3q","protein_coding",1,-0.0957851501236614,0.908659220419281,0.754834085293504,1.09383186973059,0.311441080945975,0.923689562910758,0.0344739635936315,FALSE,FALSE,"Other"
"PROBE3569_at","GENE3569","9p","protein_coding",1,0.155643100459959,1.1684091239877,0.967073754517822,1.41166056326114,0.106746254286627,0.719918251259159,0.142716816128048,FALSE,FALSE,"Other"
"PROBE3570_at","GENE3570","10q","protein_coding",1,-0.108816927649456,0.896894599071666,0.743513470746001,1.08191707816243,0.255468659138023,0.896069094248902,0.0476585013935697,FALSE,FALSE,"Other"
"PROBE3576_at","GENE3576","21q","protein_coding",1,0.114949038497882,1.12181626667314,0.918850346076562,1.36961556530513,0.258963432736496,0.899244016659311,0.0461224431847245,FALSE,FALSE,"Other"
"PROBE3579_at","GENE3579","4q","protein_coding",1,0.0995215576554952,1.10464228398108,0.922839895920818,1.32226031942558,0.278037928035931,0.911266043746049,0.0403548124198771,FALSE,FALSE,"Other"
"PROBE3582_at","GENE3582","10q","protein_coding",1,-0.161703370261631,0.850693508110755,0.707612525189404,1.02270581565537,0.0852492432318893,0.657026922789127,0.182416834124856,FALSE,FALSE,"Other"
"PROBE3592_at","GENE3592","7q","protein_coding",1,-0.0694704392765958,0.932887709812521,0.764434312987856,1.13846208148047,0.494159657846008,0.959907336349336,0.0177706891005534,FALSE,FALSE,"Other"
"PROBE3595_at","GENE3595","12p","protein_coding",1,0.00573865370856682,1.0057551513247,0.836428190158988,1.20936075124858,0.951350544769986,0.998610398120975,0.00060391612684265,FALSE,FALSE,"Other"
"PROBE3596_at","GENE3596","15q","protein_coding",1,0.0841306640819725,1.08777101712477,0.898703453684592,1.31661426340965,0.38779763812628,0.942977154427675,0.0254988288174784,FALSE,FALSE,"Other"
"PROBE3597_at","GENE3597","18q","protein_coding",1,0.176660567862933,1.19322600512816,0.992698160390465,1.4342610434113,0.0598502721604577,0.582484400588396,0.234715700909834,FALSE,FALSE,"Other"
"PROBE3598_at","GENE3598","19q","protein_coding",1,-0.0447817746804574,0.956206127454105,0.785707498683637,1.16370298070546,0.654930876806176,0.984634761176682,0.00672483612294994,FALSE,FALSE,"Other"
"PROBE3601_at","GENE3601","2p","protein_coding",1,0.028675166377499,1.02909025705997,0.858053989024849,1.23421925743776,0.757165030095592,0.987162805516434,0.00561121642193621,FALSE,FALSE,"Other"
"PROBE3602_at","GENE3602","3q","protein_coding",1,0.178073464967663,1.19491310226276,0.99349951818445,1.43715955148973,0.0586618730712973,0.577949488387166,0.2381101163776,FALSE,FALSE,"Other"
"PROBE3604_at","GENE3604","7q","protein_coding",1,-0.0649580403662215,0.93710678320991,0.772565818920265,1.13669165996154,0.509644105159902,0.964273901468145,0.0157995874662498,FALSE,FALSE,"Other"
"PROBE3607_at","GENE3607","12p","protein_coding",1,-0.0838531118880916,0.919566319535726,0.761994102445752,1.10972278303779,0.381918052091969,0.942694659767482,0.0256289531287006,FALSE,FALSE,"Other"
"PROBE3608_at","GENE3608","15q","protein_coding",1,0.0451334315854117,1.0461674423766,0.872630051996867,1.25421570685572,0.625753242685007,0.981764861230005,0.00799251597927956,FALSE,FALSE,"Other"
"PROBE3610_at","GENE3610","19q","protein_coding",1,-0.0825727666171071,0.920744435961258,0.760346225866006,1.11497931799166,0.397821065948983,0.944711559261174,0.0247007706894905,FALSE,FALSE,"Other"
"PROBE3613_at","GENE3613","2p","protein_coding",1,0.089830050833195,1.09398834549782,0.916096396104887,1.30642419856004,0.321143543299122,0.924241859464972,0.0342143659158097,FALSE,FALSE,"Other"
"PROBE3615_at","GENE3615","4q","protein_coding",1,-0.0211973209207792,0.979025763243685,0.805447932580592,1.19001043558948,0.831418751770051,0.987726464829285,0.00536330972704716,FALSE,FALSE,"Other"
"PROBE3620_at","GENE3620","15q","protein_coding",1,0.108452282439621,1.11455172358026,0.924635052558989,1.34347658689532,0.255177344118687,0.896069094248902,0.0476585013935697,FALSE,FALSE,"Other"
"PROBE3621_at","GENE3621","18q","protein_coding",1,-0.0671120822132605,0.935090388462719,0.769220423711201,1.13672753302198,0.500545022853699,0.959907336349336,0.0177706891005534,FALSE,FALSE,"Other"
"PROBE3626_at","GENE3626","3q","protein_coding",1,0.0609857703543526,1.0628837896199,0.881629033381855,1.28140284344225,0.522627100530973,0.971397601264374,0.0126029732934256,FALSE,FALSE,"Other"
"PROBE3630_at","GENE3630","10q","protein_coding",1,0.0486928100567906,1.04989778315742,0.866585482958913,1.27198686887204,0.618938621918056,0.981677239820465,0.00803127800303875,FALSE,FALSE,"Other"
"PROBE3634_at","GENE3634","19q","protein_coding",1,0.0912521611233136,1.09554522434556,0.909409310432308,1.31977903108976,0.336819383806787,0.929156920846309,0.031910933904558,FALSE,FALSE,"Other"
"PROBE3635_at","GENE3635","20q","protein_coding",1,-0.22687464099213,0.797020689750777,0.655155344782693,0.969605124875394,0.0232921088125836,0.322914762895942,0.490912099616829,FALSE,FALSE,"Other"
"PROBE3636_at","GENE3636","21q","protein_coding",1,0.0942704084166255,1.09885684588599,0.917108823493929,1.31662277890897,0.306808475968172,0.92234964281671,0.0351044160817725,FALSE,FALSE,"Other"
"PROBE3640_at","GENE3640","7q","protein_coding",1,0.0497027975835038,1.0509587024902,0.872498740909935,1.26592067420977,0.600648841471125,0.981677239820465,0.00803127800303875,FALSE,FALSE,"Other"
"PROBE3641_at","GENE3641","9p","protein_coding",1,0.0149859233356832,1.01509877531044,0.838785454315765,1.22847328638682,0.87764780548531,0.993850940743819,0.00267874685697776,FALSE,FALSE,"Other"
"PROBE3648_at","GENE3648","21q","protein_coding",1,0.133633968279509,1.14297437818977,0.940979697350825,1.38833009136777,0.178030261420148,0.841832451190366,0.0747743369614036,FALSE,FALSE,"Other"
"PROBE3649_at","GENE3649","2p","protein_coding",1,0.0423402955343496,1.04324943147567,0.871980094361578,1.24815851108523,0.643539698477069,0.983507012322125,0.00722253925054449,FALSE,FALSE,"Other"
"PROBE3652_at","GENE3652","7q","protein_coding",1,0.118087615516179,1.12534270453007,0.928835587379522,1.3634234302024,0.227812211938455,0.875325692112246,0.0578303241558113,FALSE,FALSE,"Other"
"PROBE3653_at","GENE3653","9p","protein_coding",1,-0.00113844495185653,0.998862202830753,0.831502095092815,1.19990762035607,0.990291986719623,0.999075727007576,0.000401592279433433,FALSE,FALSE,"Other"
"PROBE3659_at","GENE3659","20q","protein_coding",1,-0.0576064887030052,0.944021357423743,0.779270658405055,1.14360307764718,0.5560637364157,0.981677239820465,0.00803127800303875,FALSE,FALSE,"Other"
"PROBE3663_at","GENE3663","4q","protein_coding",1,-0.0119765288590693,0.988094904304517,0.805563161431841,1.21198633037933,0.908498312575492,0.996171374724732,0.00166594200305885,FALSE,FALSE,"Other"
"PROBE3665_at","GENE3665","9p","protein_coding",1,-0.00149264010774999,0.998508473325442,0.828505148357841,1.2033952634801,0.987493905420561,0.999075727007576,0.000401592279433433,FALSE,FALSE,"Other"
"PROBE3666_at","GENE3666","10q","protein_coding",1,0.139341845412758,1.14951698995587,0.945139829697741,1.39808869405047,0.162994453946317,0.841832451190366,0.0747743369614036,FALSE,FALSE,"Other"
"PROBE3673_at","GENE3673","2p","protein_coding",1,0.0973451561441005,1.10224075314029,0.90818825073045,1.33775643640635,0.324499851241763,0.924241859464972,0.0342143659158097,FALSE,FALSE,"Other"
"PROBE3676_at","GENE3676","7q","protein_coding",1,-0.0481737467895316,0.952968197527749,0.791183443845285,1.14783542623887,0.611813151602248,0.981677239820465,0.00803127800303875,FALSE,FALSE,"Other"
"PROBE3680_at","GENE3680","15q","protein_coding",1,-0.00584931650991862,0.994167757435374,0.819285255121379,1.20638022440383,0.952748307110538,0.998610398120975,0.00060391612684265,FALSE,FALSE,"Other"
"PROBE3681_at","GENE3681","18q","protein_coding",1,0.097810136728674,1.10275339286455,0.918351245941687,1.32418293201891,0.294800874507186,0.921125005874548,0.0356814276994047,FALSE,FALSE,"Other"
"PROBE3687_at","GENE3687","4q","protein_coding",1,-0.00820572071728633,0.991827854310428,0.822933091121649,1.19538575274112,0.931343365230762,0.997858297460263,0.000931127049766214,FALSE,FALSE,"Other"
"PROBE3689_at","GENE3689","9p","protein_coding",1,-0.0167406420676222,0.983398703817381,0.810529561305702,1.19313724858082,0.865231861740192,0.992432550785747,0.00329899974566152,FALSE,FALSE,"Other"
"PROBE3690_at","GENE3690","10q","protein_coding",1,-0.124333430284803,0.883085344390569,0.732828138833465,1.06415090271885,0.191359077971421,0.862510274133389,0.0642357229528199,FALSE,FALSE,"Other"
"PROBE3691_at","GENE3691","12p","protein_coding",1,-0.000685402095026988,0.999314832739334,0.824453907494142,1.21126254100499,0.994427617373817,0.999075727007576,0.000401592279433433,FALSE,FALSE,"Other"
"PROBE3694_at","GENE3694","19q","protein_coding",1,0.222419899073058,1.24909576191498,1.04402117976153,1.49445265352791,0.0150666823975562,0.2518515075603,0.598855445151079,FALSE,FALSE,"Other"
"PROBE3696_at","GENE3696","21q","protein_coding",1,0.0483955310965726,1.04958571702376,0.866888369377056,1.2707866621534,0.619901191685293,0.981677239820465,0.00803127800303875,FALSE,FALSE,"Other"
"PROBE3701_at","GENE3701","9p","protein_coding",1,-0.0534924368034258,0.94791311022988,0.786338860282154,1.14268709068158,0.574774329765483,0.981677239820465,0.00803127800303875,FALSE,FALSE,"Other"
"PROBE3703_at","GENE3703","12p","protein_coding",1,0.0740420105863705,1.07685204373176,0.898733926861039,1.29027100171837,0.422201633100878,0.946433601119706,0.0239098494010177,FALSE,FALSE,"Other"
"PROBE3704_at","GENE3704","15q","protein_coding",1,-0.0891096909634172,0.914745228785668,0.7491854374904,1.11689148201958,0.381709875694527,0.942694659767482,0.0256289531287006,FALSE,FALSE,"Other"
"PROBE3708_at","GENE3708","21q","protein_coding",1,-0.00297868441000058,0.997025747468925,0.823279227315799,1.20744008610175,0.975676879756946,0.998610398120975,0.00060391612684265,FALSE,FALSE,"Other"
"PROBE3715_at","GENE3715","12p","protein_coding",1,-0.00428077473107217,0.995728374724834,0.830563388720042,1.1937379009206,0.96310312408947,0.998610398120975,0.00060391612684265,FALSE,FALSE,"Other"
"PROBE3716_at","GENE3716","15q","protein_coding",1,-0.0484057385522866,0.952747142398231,0.795339391171284,1.14130788368372,0.599318809755882,0.981677239820465,0.00803127800303875,FALSE,FALSE,"Other"
"PROBE3717_at","GENE3717","18q","protein_coding",1,0.0418992290859522,1.04278939061589,0.865154060194621,1.25689719694136,0.660121966071786,0.984634761176682,0.00672483612294994,FALSE,FALSE,"Other"
"PROBE3718_at","GENE3718","19q","protein_coding",1,0.0274478516852229,1.02782801421084,0.845126431853384,1.25002648950386,0.78341572787155,0.987162805516434,0.00561121642193621,FALSE,FALSE,"Other"
"PROBE3722_at","GENE3722","3q","protein_coding",1,-0.112324501452179,0.893754185907358,0.745691311796314,1.07121610804702,0.224171729803608,0.873963858883463,0.058506526418245,FALSE,FALSE,"Other"
"PROBE3723_at","GENE3723","4q","protein_coding",1,0.0117123349587723,1.01178119292045,0.831153010822755,1.23166392832309,0.907072535612217,0.996171374724732,0.00166594200305885,FALSE,FALSE,"Other"
"PROBE3725_at","GENE3725","9p","protein_coding",1,-0.0628669039926366,0.939068451633469,0.785277139624227,1.12297877062265,0.490865268338993,0.959907336349336,0.0177706891005534,FALSE,FALSE,"Other"
"PROBE3728_at","GENE3728","15q","protein_coding",1,-0.00316724626502682,0.99683776416827,0.827131807345659,1.20136297413205,0.973464792973255,0.998610398120975,0.00060391612684265,FALSE,FALSE,"Other"
"PROBE3729_at","GENE3729","18q","protein_coding",1,-0.0170059633716777,0.983137821801187,0.815027885236323,1.18592258518335,0.858927048909088,0.990533378491605,0.00413088524358207,FALSE,FALSE,"Other"
"PROBE3730_at","GENE3730","19q","protein_coding",1,0.00328891399388511,1.00329432840573,0.832526491467889,1.20909006467326,0.972439241420418,0.998610398120975,0.00060391612684265,FALSE,FALSE,"Other"
"PROBE3734_at","GENE3734","3q","protein_coding",1,-0.0521012152035858,0.949232785190906,0.787653800782664,1.14395801757822,0.584199010377504,0.981677239820465,0.00803127800303875,FALSE,FALSE,"Other"
"PROBE3735_at","GENE3735","4q","protein_coding",1,-0.0439662736348297,0.956986232595926,0.804436352702438,1.13846502125558,0.619718397261555,0.981677239820465,0.00803127800303875,FALSE,FALSE,"Other"
"PROBE3738_at","GENE3738","10q","protein_coding",1,0.0211975664477085,1.02142383078233,0.848605663650262,1.22943634102356,0.82264723021734,0.987717331562396,0.00536732556128047,FALSE,FALSE,"Other"
"PROBE3739_at","GENE3739","12p","protein_coding",1,-0.0184239404045002,0.981744742860162,0.81241804924375,1.18636303197689,0.848729008297419,0.989073402045557,0.0047714769362556,FALSE,FALSE,"Other"
"PROBE3740_at","GENE3740","15q","protein_coding",1,-0.110688576733497,0.89521749707962,0.7465947513127,1.07342620031605,0.232086286275492,0.877366243832474,0.0568190788429758,FALSE,FALSE,"Other"
"PROBE3743_at","GENE3743","20q","protein_coding",1,0.124018745285988,1.13203709115931,0.933997621011775,1.37206770866526,0.206220870332146,0.871394275798659,0.0597852972774978,FALSE,FALSE,"Other"
"PROBE3749_at","GENE3749","9p","protein_coding",1,-0.12481078400509,0.882663900912902,0.728515807281196,1.06942849309248,0.202480246293288,0.871105129782152,0.0599294287706664,FALSE,FALSE,"Other"
"PROBE3750_at","GENE3750","10q","protein_coding",1,-0.000598935699384329,0.999401243626798,0.828942090628059,1.20491269179737,0.994991474899663,0.999075727007576,0.000401592279433433,FALSE,FALSE,"Other"
"PROBE3751_at","GENE3751","12p","protein_coding",1,0.00262664425882185,1.00263009691115,0.826909156421976,1.21569232052266,0.978685009390452,0.998610398120975,0.00060391612684265,FALSE,FALSE,"Other"
"PROBE3752_at","GENE3752","15q","protein_coding",1,0.0114142395600395,1.01147963055172,0.832401540923733,1.22908355249524,0.908594726233749,0.996171374724732,0.00166594200305885,FALSE,FALSE,"Other"
"PROBE3753_at","GENE3753","18q","protein_coding",1,0.0593579376127771,1.06115500005854,0.88645765890533,1.2702805631346,0.517786113413408,0.970126763201882,0.013171514226371,FALSE,FALSE,"Other"
"PROBE3756_at","GENE3756","21q","protein_coding",1,6.22436527100056e-05,1.00006224558989,0.83170905819594,1.20249320985352,0.999471949105402,0.999471949105402,0.000229390159859302,FALSE,FALSE,"Other"
"PROBE3758_at","GENE3758","3q","protein_coding",1,-0.00307670955099212,0.996928018669475,0.822760607190343,1.2079643406874,0.974946293867295,0.998610398120975,0.00060391612684265,FALSE,FALSE,"Other"
"PROBE3759_at","GENE3759","4q","protein_coding",1,0.0260815449755539,1.02642464483346,0.856085311919542,1.23065719835701,0.778174846489071,0.987162805516434,0.00561121642193621,FALSE,FALSE,"Other"
"PROBE3761_at","GENE3761","9p","protein_coding",1,0.0667701417242836,1.06904972000561,0.883846490694009,1.29306086054229,0.491517136374773,0.959907336349336,0.0177706891005534,FALSE,FALSE,"Other"
"PROBE3764_at","GENE3764","15q","protein_coding",1,-0.00965848623226613,0.990388007140284,0.82276801010789,1.19215671080683,0.918683095466317,0.996817263779867,0.00138444911647886,FALSE,FALSE,"Other"
"PROBE3770_at","GENE3770","3q","protein_coding",1,0.0841889704197661,1.08783444291818,0.89764660488069,1.31831810955982,0.390526540738329,0.942977154427675,0.0254988288174784,FALSE,FALSE,"Other"
"PROBE3779_at","GENE3779","20q","protein_coding",1,-0.0236613468975937,0.976616387931788,0.816477642069039,1.16816373166074,0.79567859187413,0.987717331562396,0.00536732556128047,FALSE,FALSE,"Other"
"PROBE3782_at","GENE3782","3q","protein_coding",1,0.0328111853372722,1.03335540816721,0.860371064134592,1.24111961001675,0.7255695340138,0.987162805516434,0.00561121642193621,FALSE,FALSE,"Other"
"PROBE3784_at","GENE3784","7q","protein_coding",1,0.0564982301951528,1.05812474212427,0.875297572052052,1.2791398098714,0.55937719440735,0.981677239820465,0.00803127800303875,FALSE,FALSE,"Other"
"PROBE3787_at","GENE3787","12p","protein_coding",1,0.0557215811166643,1.05730326955762,0.870709047122846,1.2838849068023,0.573802629751422,0.981677239820465,0.00803127800303875,FALSE,FALSE,"Other"
"PROBE3789_at","GENE3789","18q","protein_coding",1,-0.153228341002477,0.857933797980033,0.705513631159388,1.04328303410223,0.124690007145977,0.761297441615543,0.118445629676174,FALSE,FALSE,"Other"
"PROBE3796_at","GENE3796","7q","protein_coding",1,0.00744667464606265,1.00747447007938,0.844284162461432,1.20220756587757,0.934175296518718,0.997858297460263,0.000931127049766214,FALSE,FALSE,"Other"
"PROBE3798_at","GENE3798","10q","protein_coding",1,0.291125945947216,1.33793308058822,1.09575008749068,1.63364342706249,0.00427051111783753,0.110804758895854,0.955441586919622,FALSE,FALSE,"Other"
"PROBE3800_at","GENE3800","15q","protein_coding",1,0.00228981396768618,1.00229243759385,0.82317278620714,1.22038792740777,0.981813404040091,0.998610398120975,0.00060391612684265,FALSE,FALSE,"Other"
"PROBE3801_at","GENE3801","18q","protein_coding",1,0.0960049823768512,1.10076454840412,0.916945776272185,1.32143319962647,0.303079308898624,0.92234964281671,0.0351044160817725,FALSE,FALSE,"Other"
"PROBE3803_at","GENE3803","20q","protein_coding",1,-0.031793911521374,0.96870620069608,0.807277586620963,1.16241515783298,0.732472898474227,0.987162805516434,0.00561121642193621,FALSE,FALSE,"Other"
"PROBE3811_at","GENE3811","12p","protein_coding",1,0.130557718558111,1.13946370619772,0.94801917981783,1.36956884985315,0.164175477434122,0.841832451190366,0.0747743369614036,FALSE,FALSE,"Other"
"PROBE3814_at","GENE3814","19q","protein_coding",1,-0.13300855775037,0.875457600129112,0.726478311463078,1.05498814972232,0.16225521352811,0.840603724362383,0.075408690149701,FALSE,FALSE,"Other"
"PROBE3824_at","GENE3824","15q","protein_coding",1,-0.0914984108359994,0.912562766362755,0.752902203423301,1.10608097408295,0.351094925252307,0.932523041838796,0.0303404283452163,FALSE,FALSE,"Other"
"PROBE3827_at","GENE3827","20q","protein_coding",1,0.152115798401963,1.16429505213269,0.959759707674284,1.41241912697664,0.122765225519869,0.756642376085478,0.121109339510729,FALSE,FALSE,"Other"
"PROBE3835_at","GENE3835","12p","protein_coding",1,-0.00514604962192129,0.994867168607826,0.823219891406587,1.20230413952049,0.95752735924264,0.998610398120975,0.00060391612684265,FALSE,FALSE,"Other"
"PROBE3836_at","GENE3836","15q","protein_coding",1,-0.0931188275681762,0.91108523182113,0.761185434474634,1.09050470758873,0.309963434027812,0.922619599102815,0.0349773239616618,FALSE,FALSE,"Other"
"PROBE3838_at","GENE3838","19q","protein_coding",1,-0.0816379052181,0.921605606867789,0.764161963457706,1.11148805518525,0.393042785717865,0.944212084776175,0.0249304454234874,FALSE,FALSE,"Other"
"PROBE3847_at","GENE3847","12p","protein_coding",1,-0.0507526559805602,0.950513745349361,0.794699565309418,1.13687790900741,0.578485876089538,0.981677239820465,0.00803127800303875,FALSE,FALSE,"Other"
"PROBE3851_at","GENE3851","20q","protein_coding",1,0.0687091607472414,1.07112463875255,0.882918776173057,1.29944908037372,0.485850360352955,0.959907336349336,0.0177706891005534,FALSE,FALSE,"Other"
"PROBE3858_at","GENE3858","10q","protein_coding",1,-0.034876553572763,0.965724624154067,0.801796430061328,1.1631681243906,0.713274247222498,0.987162805516434,0.00561121642193621,FALSE,FALSE,"Other"
"PROBE3861_at","GENE3861","18q","protein_coding",1,0.0480225073654215,1.04919426965755,0.867912257018544,1.26834090264347,0.619754744672149,0.981677239820465,0.00803127800303875,FALSE,FALSE,"Other"
"PROBE3862_at","GENE3862","19q","protein_coding",1,0.135927107707767,1.14559838525906,0.943491092520561,1.39099952369669,0.169881854739907,0.841832451190366,0.0747743369614036,FALSE,FALSE,"Other"
"PROBE3865_at","GENE3865","2p","protein_coding",1,0.00393895766388264,1.0039467255534,0.825523775382245,1.22093276754228,0.96852839727524,0.998610398120975,0.00060391612684265,FALSE,FALSE,"Other"
"PROBE3867_at","GENE3867","4q","protein_coding",1,0.16611007507922,1.18070306055346,0.981639110524592,1.42013465259683,0.0778579397347568,0.643454047394684,0.191482463018365,FALSE,FALSE,"Other"
"PROBE3868_at","GENE3868","7q","protein_coding",1,0.119469649989211,1.12689904215011,0.944510479720256,1.34450752899528,0.184764461923784,0.850532615568105,0.070309027742583,FALSE,FALSE,"Other"
"PROBE3873_at","GENE3873","18q","protein_coding",1,-0.0620101003967052,0.939873393649018,0.781644674867,1.13013243036502,0.509706775386032,0.964273901468145,0.0157995874662498,FALSE,FALSE,"Other"
"PROBE3882_at","GENE3882","10q","protein_coding",1,0.0727289867615466,1.07543903919984,0.884366837272934,1.30779341591044,0.466174243043959,0.958698465664611,0.0183179676886145,FALSE,FALSE,"Other"
"PROBE3885_at","GENE3885","18q","protein_coding",1,-0.0508303476893575,0.950439901180826,0.783547164170429,1.15288019287647,0.605893058986877,0.981677239820465,0.00803127800303875,FALSE,FALSE,"Other"
"PROBE3888_at","GENE3888","21q","protein_coding",1,0.189889228502373,1.20911565468698,0.998271233056009,1.46449243251619,0.0521048905880336,0.537163820495192,0.269893245981779,FALSE,FALSE,"Other"
"PROBE3892_at","GENE3892","7q","protein_coding",1,-0.09550191170092,0.908916624075264,0.749491046284585,1.10225390098482,0.331769809035225,0.924241859464972,0.0342143659158097,FALSE,FALSE,"Other"
"PROBE3896_at","GENE3896","15q","protein_coding",1,-0.0768028980973026,0.926072366244533,0.753422127625291,1.13828622239281,0.465649710159648,0.958698465664611,0.0183179676886145,FALSE,FALSE,"Other"
"PROBE3898_at","GENE3898","19q","protein_coding",1,0.0231839195122772,1.02345475553787,0.836583981006395,1.252067527486,0.821682627646106,0.987717331562396,0.00536732556128047,FALSE,FALSE,"Other"
"PROBE3901_at","GENE3901","2p","protein_coding",1,0.118186503715939,1.12545399314671,0.930524691227244,1.36121771150352,0.223251930789591,0.873383493977691,0.0587950200425064,FALSE,FALSE,"Other"
"PROBE3902_at","GENE3902","3q","protein_coding",1,-0.0833065105947421,0.920069093071119,0.747290194743468,1.13279572243727,0.432449212431929,0.947314813651542,0.0235056713543485,FALSE,FALSE,"Other"
"PROBE3903_at","GENE3903","4q","protein_coding",1,0.0908429113208413,1.09509696441029,0.910250208766664,1.31748100677235,0.335518557163667,0.927487372947249,0.0326919942699643,FALSE,FALSE,"Other"
"PROBE3905_at","GENE3905","9p","protein_coding",1,0.0382928492129656,1.03903546904802,0.86234651493531,1.25192679188924,0.68719668279986,0.987162805516434,0.00561121642193621,FALSE,FALSE,"Other"
"PROBE3906_at","GENE3906","10q","protein_coding",1,-0.0160055358909669,0.984121872048824,0.810691004697432,1.19465474938426,0.871450036295773,0.993850940743819,0.00267874685697776,FALSE,FALSE,"Other"
"PROBE3907_at","GENE3907","12p","protein_coding",1,0.0278103273792622,1.02820064441426,0.858643323009761,1.23124065236793,0.762300066880723,0.987162805516434,0.00561121642193621,FALSE,FALSE,"Other"
"PROBE3908_at","GENE3908","15q","protein_coding",1,0.0404111716930895,1.04123881411352,0.857288985283932,1.264659043365,0.683678749234633,0.987162805516434,0.00561121642193621,FALSE,FALSE,"Other"
"PROBE3910_at","GENE3910","19q","protein_coding",1,0.000820996382562742,1.00082133349234,0.828729233425507,1.20864970266965,0.993195568632415,0.999075727007576,0.000401592279433433,FALSE,FALSE,"Other"
"PROBE3912_at","GENE3912","21q","protein_coding",1,0.256569437086415,1.29248850932019,1.07287045870676,1.5570626753377,0.00692933341100612,0.155715357550699,0.807668552681647,FALSE,FALSE,"Other"
"PROBE3914_at","GENE3914","3q","protein_coding",1,-0.00219461340709202,0.997807792996214,0.825333014408596,1.20632565810711,0.981916897018973,0.998610398120975,0.00060391612684265,FALSE,FALSE,"Other"
"PROBE3919_at","GENE3919","12p","protein_coding",1,0.0620053433718604,1.06396802988968,0.879454490993716,1.28719334567069,0.523420626141611,0.971397601264374,0.0126029732934256,FALSE,FALSE,"Other"
"PROBE3920_at","GENE3920","15q","protein_coding",1,-0.122649556686321,0.884573601153677,0.737925209968915,1.06036552930743,0.184778210732171,0.850532615568105,0.070309027742583,FALSE,FALSE,"Other"
"PROBE3926_at","GENE3926","3q","protein_coding",1,-0.0343465103032856,0.966236635673411,0.800018905369712,1.1669889671995,0.721386020809248,0.987162805516434,0.00561121642193621,FALSE,FALSE,"Other"
"PROBE3927_at","GENE3927","4q","protein_coding",1,0.0408068067209439,1.04165084616252,0.862683579830555,1.25774560995379,0.671372827442001,0.985729166002647,0.0062423932409975,FALSE,FALSE,"Other"
"PROBE3937_at","GENE3937","2p","protein_coding",1,0.0213338023297121,1.02156299483817,0.847214643668415,1.23179050341247,0.823192912267812,0.987717331562396,0.00536732556128047,FALSE,FALSE,"Other"
"PROBE3947_at","GENE3947","20q","protein_coding",1,0.140768892197857,1.15115857551191,0.951053337196511,1.39336671682463,0.1484970275819,0.816064030479451,0.0882757640489285,FALSE,FALSE,"Other"
"PROBE3951_at","GENE3951","4q","protein_coding",1,-0.0383537074141704,0.962372482401184,0.796511212950752,1.1627718226991,0.691074244792589,0.987162805516434,0.00561121642193621,FALSE,FALSE,"Other"
"PROBE3957_at","GENE3957","18q","protein_coding",1,0.0470213167852218,1.04814435190955,0.871695723373718,1.26030970782781,0.617105634472438,0.981677239820465,0.00803127800303875,FALSE,FALSE,"Other"
"PROBE3959_at","GENE3959","20q","protein_coding",1,0.0345395434246267,1.03514296066445,0.859431792590098,1.24677834617205,0.715923205761588,0.987162805516434,0.00561121642193621,FALSE,FALSE,"Other"
"PROBE3960_at","GENE3960","21q","protein_coding",1,-0.026124227116009,0.974214058288382,0.810887454522835,1.17043743379309,0.780221625171566,0.987162805516434,0.00561121642193621,FALSE,FALSE,"Other"
"PROBE3962_at","GENE3962","3q","protein_coding",1,-0.0529697706118574,0.948408681863129,0.78203421096999,1.15017861778412,0.59041375648334,0.981677239820465,0.00803127800303875,FALSE,FALSE,"Other"
"PROBE3970_at","GENE3970","19q","protein_coding",1,0.0365990722283113,1.03727706427746,0.856216799369617,1.25662531834018,0.708450206034162,0.987162805516434,0.00561121642193621,FALSE,FALSE,"Other"
"PROBE3971_at","GENE3971","20q","protein_coding",1,-0.0829601391013936,0.920387833975065,0.754313798273027,1.1230256782638,0.413851559735515,0.946433601119706,0.0239098494010177,FALSE,FALSE,"Other"
"PROBE3972_at","GENE3972","21q","protein_coding",1,0.0822399220071928,1.08571626580947,0.891136282563871,1.32278287048511,0.414415998021653,0.946433601119706,0.0239098494010177,FALSE,FALSE,"Other"
"PROBE3976_at","GENE3976","7q","protein_coding",1,-0.0503890220174475,0.950859447280248,0.775602045580208,1.16571854552774,0.627839234363823,0.981764861230005,0.00799251597927956,FALSE,FALSE,"Other"
"PROBE3982_at","GENE3982","19q","protein_coding",1,-0.103920454202954,0.901296988957148,0.751398370456907,1.08109931328339,0.262822423772879,0.902394588061387,0.0446035179508524,FALSE,FALSE,"Other"
"PROBE3984_at","GENE3984","21q","protein_coding",1,0.262582454046978,1.30028367739993,1.06387169608242,1.58923077654818,0.0103265323236024,0.200963077741538,0.69688372668926,FALSE,FALSE,"Other"
"PROBE3986_at","GENE3986","3q","protein_coding",1,0.011414959491023,1.01148035874751,0.831552645359648,1.23034004141674,0.909063417205912,0.996171374724732,0.00166594200305885,FALSE,FALSE,"Other"
"PROBE3988_at","GENE3988","7q","protein_coding",1,0.0635088357697887,1.06556890088137,0.872320733314895,1.30162798975416,0.533913901273881,0.975679564242699,0.0106927912789574,FALSE,FALSE,"Other"
"PROBE3991_at","GENE3991","12p","protein_coding",1,0.116895247804355,1.12400168187939,0.921563084608151,1.37090970978388,0.248603471713418,0.891051869940568,0.0500970140626918,FALSE,FALSE,"Other"
"PROBE3992_at","GENE3992","15q","protein_coding",1,0.0894238100926385,1.09354401312126,0.897418911118114,1.33253098839139,0.375225219134915,0.939255208611999,0.0272163878906863,FALSE,FALSE,"Other"
"PROBE3993_at","GENE3993","18q","protein_coding",1,-0.0163988260158327,0.983734902735475,0.82116308425764,1.17849228419083,0.858774592618585,0.990533378491605,0.00413088524358207,FALSE,FALSE,"Other"
"PROBE3995_at","GENE3995","20q","protein_coding",1,-0.056131452198315,0.94541485086134,0.77894075518541,1.14746755036128,0.570033685725325,0.981677239820465,0.00803127800303875,FALSE,FALSE,"Other"
"PROBE3999_at","GENE3999","4q","protein_coding",1,-0.0334902992839498,0.967064292402004,0.803208554503279,1.16434684416097,0.72366396736022,0.987162805516434,0.00561121642193621,FALSE,FALSE,"Other"
