Gene,PC_ME_Other,PC_ME_Other_Label,CHR_ARM,locus_type_n54675,N_MGUS,N_GEP70_High,Mean_MGUS,Mean_GEP70_High,Log2FC_GEP70_High_vs_MGUS,FoldChange_GEP70_High_over_MGUS,T_Statistic,B_Statistic,PValue,FDR,Direction
GENE2294,0,Other,3q,protein_coding,45,43,8.073965333333334,7.729054418604651,-0.3449109147286862,0.7873565937115832,-3.0733191027108573,-2.5445518848641955,0.0027570313926766265,0.045197235945518464,Up in MGUS
GENE2204,0,Other,15q,protein_coding,45,43,8.409358222222222,8.661997906976744,0.2526396847545218,1.1913849872306634,2.464089050912456,-4.109107972558971,0.015518691096385035,0.21857311403359206,Not significant
GENE3578,0,Other,3q,protein_coding,45,43,8.075174,7.865596976744186,-0.20957702325581629,0.8647907379354218,-2.4532825603741206,-4.1341681062097235,0.01596360989407562,0.22326727124581286,Not significant
GENE2832,0,Other,21q,protein_coding,45,43,7.6875597777777775,7.9225153488372095,0.23495557105943732,1.1768704939983599,2.3964909343866645,-4.264268360264936,0.01849423000668988,0.2516221769617671,Not significant
GENE2639,0,Other,20q,protein_coding,45,43,8.749425777777777,8.505844651162791,-0.24358112661498588,0.8446460871363546,-2.3841619151510782,-4.292155755956216,0.019088593108161685,0.2588283811276161,Not significant
GENE3179,0,Other,20q,protein_coding,45,43,9.404479333333333,9.184052558139534,-0.22042677519379872,0.8583114948704171,-2.3661045292362504,-4.332769882019948,0.01998972611717448,0.27013143401587136,Not significant
GENE1873,0,Other,2p,protein_coding,45,43,6.641941777777777,6.89861976744186,0.2566779896640847,1.1947245119190175,2.3443665247007925,-4.381298099822718,0.021124415488069634,0.2835492011821427,Not significant
GENE3261,0,Other,18q,protein_coding,45,43,8.372709555555556,8.669447441860465,0.2967378863049088,1.2283637869001458,2.323549699563132,-4.427395764081812,0.02226406668639457,0.29586799583248596,Not significant
GENE1639,0,Other,12p,protein_coding,45,43,9.891782888888889,10.118269534883721,0.2264866459948358,1.1699822527510786,2.3098224389067146,-4.457593194136358,0.023044985502726552,0.3032234934569283,Not significant
GENE3352,0,Other,7q,protein_coding,45,43,7.73401,7.945693720930232,0.21168372093023002,1.1580389038747343,2.2139488297887984,-4.664020021513901,0.029204453846501388,0.36851045863093235,Not significant
GENE3088,0,Other,7q,protein_coding,45,43,8.433036444444445,8.661020465116279,0.2279840206718351,1.171197208935922,2.175585512389172,-4.744411079234814,0.03204638755119047,0.393207209217061,Not significant
GENE1302,0,Other,10q,protein_coding,45,43,7.421498,7.659184418604651,0.237686418604655,1.1791002774572572,2.161605469362716,-4.773390412535488,0.03314032731349741,0.40170093713330196,Not significant
GENE2235,0,Other,4q,protein_coding,45,43,9.155185333333334,8.92299,-0.23219533333332976,0.8513384331916329,-2.1492184867573325,-4.798925976306549,0.03413658935843236,0.4100491214226109,Not significant
GENE1154,0,Other,3q,protein_coding,45,43,9.411987111111111,9.192639534883721,-0.21934757622738665,0.8589537895969905,-2.0083995521869316,-5.079805596694309,0.04741592421367014,0.5210541122381335,Not significant
GENE2324,0,Other,15q,protein_coding,45,43,7.872364666666667,7.628459767441861,-0.24390489922480985,0.8444565511804965,-1.996750790227192,-5.102259678361099,0.048689705684872756,0.5292359313573126,Not significant
GENE1488,0,Other,21q,protein_coding,45,43,8.246421555555555,8.457821627906977,0.21140007235142377,1.1578112439804276,1.9925572925476098,-5.110313641397605,0.04915535025130944,0.531409191906048,Not significant
GENE2011,0,Other,12p,protein_coding,45,43,9.044243333333334,8.852203023255814,-0.19204031007751787,0.8753668708873866,-1.9872189600489851,-5.120543819487162,0.04975360370701276,0.5364269941456902,Not significant
GENE2536,0,Other,7q,protein_coding,45,43,8.209257555555556,8.423066046511627,0.21380849095607246,1.159745695058045,1.961673399656751,-5.169148441842309,0.052702972645328104,0.5606699217588096,Not significant
GENE2110,0,Other,19q,protein_coding,45,43,8.171258444444444,7.934180232558139,-0.23707821188630174,0.8484619033466949,-1.958177449068317,-5.175754967543815,0.053117922073689434,0.5614050435378679,Not significant
GENE3236,0,Other,15q,protein_coding,45,43,6.533173111111111,6.7754516279069765,0.24227851679586632,1.1828593329019539,1.942057608666532,-5.20607697773729,0.05506729188837252,0.5766208574698692,Not significant
GENE2854,0,Other,19q,protein_coding,45,43,9.621969111111111,9.824853720930232,0.20288460981912415,1.1509974281341013,1.9443999637301659,-5.201685292305205,0.054780323113252864,0.5766208574698692,Not significant
GENE2726,0,Other,3q,protein_coding,45,43,8.105587111111111,7.900368837209302,-0.20521827390180825,0.8674074419999112,-1.9295288203038952,-5.2294841629496585,0.05662392990585933,0.5852602574249026,Not significant
GENE3713,0,Other,9p,protein_coding,45,43,8.262814222222222,8.485397906976743,0.22258368475451995,1.1668213462351391,1.9002132618677452,-5.2837057670919565,0.060412083792644664,0.6086859827974272,Not significant
GENE2194,0,Other,19q,protein_coding,45,43,8.757184222222222,8.548946744186047,-0.20823747803617465,0.8655940707487995,-1.8773401484081482,-5.325477040862146,0.06351395349141115,0.628851024667437,Not significant
GENE3348,0,Other,21q,protein_coding,45,43,8.431106444444444,8.208288372093023,-0.22281807235142104,0.8568900040446307,-1.8661430645012342,-5.345754111626844,0.06508049097000666,0.6427702811852509,Not significant
GENE3375,0,Other,4q,protein_coding,45,43,7.856041777777778,7.649976511627907,-0.2060652661498681,0.8668983449719512,-1.864648284797815,-5.348452516908586,0.0652920483645994,0.6432714124591074,Not significant
GENE1711,0,Other,12p,protein_coding,45,43,7.1412786666666666,7.350031627906977,0.2087529612403083,1.1556887961414612,1.8575865157637421,-5.3611733781476705,0.0662993101939147,0.6499932371952423,Not significant
GENE2577,0,Other,18q,protein_coding,45,43,6.138914444444445,6.34147511627907,0.20256067183462712,1.1507390159817459,1.8238755492385728,-5.421280009838318,0.07128852763974727,0.6871183386963593,Not significant
GENE2133,0,Other,18q,protein_coding,45,43,8.411295555555556,8.623474418604651,0.2121788630490915,1.1584364184067728,1.8145842215442576,-5.437666070938562,0.0727173494815719,0.6909011827227733,Not significant
GENE2212,0,Other,7q,protein_coding,45,43,8.04855688888889,8.25153930232558,0.20298241343669154,1.1510754595440151,1.816289981729668,-5.434663665496386,0.07245326747104856,0.6909011827227733,Not significant
GENE3154,0,Other,19q,protein_coding,45,43,10.050507777777778,9.824653720930232,-0.22585405684754178,0.8550886743595841,-1.796694041043948,-5.4689969208117954,0.07553557192337597,0.692986898379596,Not significant
GENE2422,0,Other,19q,protein_coding,45,43,7.009503555555556,7.216068604651163,0.20656504909560613,1.1539374702388228,1.8036568043385033,-5.456837573522876,0.07442815234656129,0.692986898379596,Not significant
GENE1394,0,Other,3q,protein_coding,45,43,9.82199,9.631568837209302,-0.19042116279069177,0.8763498530848753,-1.7986866571555562,-5.4655216242268505,0.07521726204709615,0.692986898379596,Not significant
GENE3256,0,Other,7q,protein_coding,45,43,9.810599777777778,9.621956046511627,-0.18864373126615064,0.877430200445756,-1.8006978245269412,-5.462010323769871,0.07489711744202653,0.692986898379596,Not significant
GENE3567,0,Other,4q,protein_coding,45,43,6.844328888888889,6.666270465116279,-0.17805842377260817,0.8838917360176182,-1.7943564461679438,-5.4730693025462624,0.07591041294785841,0.6948321551291389,Not significant
GENE2956,0,Other,7q,protein_coding,45,43,6.63083,6.838481162790698,0.2076511627906994,1.1548065237396745,1.7894526282421115,-5.481596263964829,0.07670176603460709,0.6988771392674905,Not significant
GENE1164,0,Other,21q,protein_coding,45,43,10.219184888888888,10.00635511627907,-0.21282977260981895,0.8628431476735953,-1.7684929949105324,-5.517795694848411,0.08016148817924353,0.7199813887276642,Not significant
GENE3248,0,Other,15q,protein_coding,45,43,9.442198666666666,9.27796441860465,-0.16423424806201226,0.8924020618285015,-1.7629569758576467,-5.527290312355471,0.08109649748312829,0.7224632292483589,Not significant
GENE1109,0,Other,9p,protein_coding,45,43,10.591814888888889,10.39160511627907,-0.2002097726098171,0.8704239915796466,-1.7347567876807073,-5.575222206500204,0.0859999254045857,0.7478254383007452,Not significant
GENE1964,0,Other,15q,protein_coding,45,43,8.934426888888888,8.755469767441861,-0.17895712144703424,0.883341305009065,-1.732406184256918,-5.57918478850304,0.08641940629272477,0.7498430047091086,Not significant
GENE3203,0,Other,20q,protein_coding,45,43,8.403601777777778,8.59252441860465,0.1889226408268776,1.1399121474917107,1.7288176453581967,-5.585224518602483,0.08706304083124537,0.752700230892714,Not significant
GENE3131,0,Other,20q,protein_coding,45,43,9.298735333333333,9.094113255813953,-0.20462207751938521,0.8677659737995409,-1.701569669242991,-5.63070050808161,0.09207939078047855,0.7686819690181463,Not significant
GENE1995,0,Other,4q,protein_coding,45,43,8.991244,9.186362790697675,0.195118790697677,1.1448184204223824,1.703289034221237,-5.627851025306558,0.09175603199839949,0.7686819690181463,Not significant
GENE2346,0,Other,10q,protein_coding,45,43,6.857434888888889,7.046971627906976,0.18953673901808799,1.140397466269546,1.6836339237568916,-5.660263655838125,0.09550828066086947,0.7832613703885966,Not significant
GENE2081,0,Other,9p,protein_coding,45,43,8.268229111111111,8.081254186046511,-0.186974925064602,0.8784457360378879,-1.6809806268440208,-5.664611981269346,0.09602423656466749,0.7838713188952449,Not significant
GENE2054,0,Other,3q,protein_coding,45,43,7.400531777777778,7.200127441860465,-0.2004043359173142,0.8703066132377855,-1.6727159973507915,-5.6781149516374665,0.09764589922065377,0.7954859406977903,Not significant
GENE2593,0,Other,2p,protein_coding,45,43,9.430306444444444,9.253669302325582,-0.1766371421188655,0.8847629375414272,-1.6639497589647134,-5.692368878338667,0.09939020837018561,0.7983149266681576,Not significant
GENE1612,0,Other,7q,protein_coding,45,43,7.864562888888889,7.6648474418604655,-0.19971544702842348,0.8707222850902957,-1.6593261663483856,-5.699858390163239,0.1003203348173118,0.799575964935009,Not significant
GENE1487,0,Other,20q,protein_coding,45,43,11.318222666666667,11.503250697674419,0.18502803100775367,1.1368390613655657,1.6619687310277858,-5.695580247775821,0.09978787182180995,0.799575964935009,Not significant
GENE2642,0,Other,3q,protein_coding,45,43,5.6226693333333335,5.438069302325581,-0.18460003100775335,0.8798929813352232,-1.6412458985340204,-5.728956730435759,0.10402540441608281,0.8190976725675811,Not significant
GENE3399,0,Other,4q,protein_coding,45,43,8.70221488888889,8.517187441860465,-0.18502744702842477,0.8796323409071743,-1.6274857220123,-5.7509004287261165,0.10691855207016417,0.82191752634415,Not significant
GENE1704,0,Other,21q,protein_coding,45,43,9.035409333333334,8.853539302325581,-0.18187003100775456,0.8815595719518328,-1.6357207060732548,-5.737788877300584,0.10517942315302332,0.82191752634415,Not significant
GENE1324,0,Other,7q,protein_coding,45,43,7.548632,7.7226055813953485,0.1739735813953498,1.128161478395431,1.626845337352831,-5.751917411872472,0.10705475780632555,0.82191752634415,Not significant
GENE2677,0,Other,2p,protein_coding,45,43,9.917222222222222,9.749880930232559,-0.16734129198966308,0.8904822182447863,-1.6178995596460293,-5.766084444721446,0.10897210472549965,0.8334386594684485,Not significant
GENE3198,0,Other,10q,protein_coding,45,43,9.127025333333334,9.292628139534884,0.16560280620155332,1.121634636567084,1.6117063121795643,-5.7758491056861985,0.11031559079549454,0.840499739394244,Not significant
GENE2391,0,Other,4q,protein_coding,45,43,8.270275333333334,8.449823720930233,0.17954838759689729,1.1325293097757836,1.6003376459452896,-5.793681344023247,0.11281633168049067,0.8530535476785684,Not significant
GENE1182,0,Other,10q,protein_coding,45,43,9.593029555555555,9.425462325581396,-0.1675672299741553,0.8903427722784296,-1.6006608761844099,-5.7931759952487925,0.11274460982531119,0.8530535476785684,Not significant
GENE3407,0,Other,20q,protein_coding,45,43,8.495947555555556,8.673536511627907,0.17758895607234848,1.1309921814988388,1.583483562727653,-5.819897513071714,0.11660697251302406,0.8685808008418925,Not significant
GENE2313,0,Other,18q,protein_coding,45,43,8.902183777777777,9.070791860465116,0.16860808268733507,1.1239735477163075,1.583982006797094,-5.819125970987736,0.11649342747716442,0.8685808008418925,Not significant
GENE1332,0,Other,21q,protein_coding,45,43,7.474518444444445,7.644263488372093,0.16974504392764977,1.1248596795773618,1.53897633652947,-5.887860366634031,0.12710652590924865,0.8998692099769816,Not significant
GENE1884,0,Other,21q,protein_coding,45,43,6.731719333333333,6.888713255813953,0.15699392248062072,1.114961521813702,1.5050893550787687,-5.9383695731909665,0.13559099169376856,0.9328325592663528,Not significant
GENE3543,0,Other,4q,protein_coding,45,43,8.04942288888889,8.222286279069767,0.17286339018088093,1.1272936628530228,1.4853722767121968,-5.967264791794248,0.14072844060943673,0.9452067628969391,Not significant
GENE3842,0,Other,3q,protein_coding,45,43,9.478465333333334,9.650649302325581,0.1721839689922522,1.1267629014244365,1.4849662597111353,-5.967855985245486,0.14083580767164391,0.9452067628969391,Not significant
GENE1110,0,Other,10q,protein_coding,45,43,8.030818666666667,8.205023255813954,0.17420458914728698,1.1283421367506223,1.4701383971419169,-5.989340788077855,0.14480087647792386,0.950935725171886,Not significant
GENE2548,0,Other,7q,protein_coding,45,43,8.605304444444444,8.444879534883722,-0.16042490956072442,0.89476150260629,-1.4517226137697592,-6.015737370703976,0.14984569215978197,0.950935725171886,Not significant
GENE2405,0,Other,9p,protein_coding,45,43,10.442541777777778,10.600753023255814,0.15821124547803223,1.1159027055323532,1.4478498358781233,-6.021247982108601,0.15092373088699446,0.950935725171886,Not significant
GENE1762,0,Other,19q,protein_coding,45,43,9.668013333333333,9.510209069767441,-0.15780426356589317,0.8963883080480824,-1.475538547727875,-5.981540093990275,0.14334689889027674,0.950935725171886,Not significant
GENE3921,0,Other,18q,protein_coding,45,43,8.504304,8.347793720930232,-0.156510279069769,0.8971926588437582,-1.4725142672041842,-5.985912132542454,0.14415977135306277,0.950935725171886,Not significant
GENE3589,0,Other,2p,protein_coding,45,43,7.4614811111111115,7.617746976744186,0.15626586563307754,1.1143989978181548,1.4502562849438934,-6.017825480216704,0.150253160175556,0.950935725171886,Not significant
GENE3522,0,Other,10q,protein_coding,45,43,7.063358444444445,7.207607674418605,0.14424922997415646,1.1051553872781275,1.4560870644184647,-6.009510277654406,0.14863795084094922,0.950935725171886,Not significant
GENE2070,0,Other,10q,protein_coding,45,43,9.145926666666666,9.337797209302325,0.19187054263566417,1.1422437452836307,1.4440447156506797,-6.0266486036719815,0.15198877364465457,0.954403602164236,Not significant
GENE3931,0,Other,12p,protein_coding,45,43,8.280828444444445,8.449292325581395,0.168463881136951,1.1238612089172346,1.4341305995919207,-6.040655841851782,0.15479100657431846,0.9559317485742014,Not significant
GENE2790,0,Other,10q,protein_coding,45,43,9.636943333333333,9.471623488372092,-0.1653198449612372,0.8917308011124357,-1.4399935890350903,-6.032383432368121,0.15312905122846185,0.9559317485742014,Not significant
GENE2463,0,Other,4q,protein_coding,45,43,7.7858688888888885,7.627200465116279,-0.1586684237726086,0.895851541001605,-1.4366901938532395,-6.03704834606761,0.15406374627022804,0.9559317485742014,Not significant
GENE1752,0,Other,21q,protein_coding,45,43,7.476014666666667,7.632406046511628,0.156391379844961,1.1144959545502473,1.4397420425108591,-6.032739016423523,0.15320007181552517,0.9559317485742014,Not significant
GENE3330,0,Other,10q,protein_coding,45,43,8.600193555555556,8.74745488372093,0.1472613281653743,1.1074651713186117,1.4356197166558058,-6.03855782753959,0.15436758059534084,0.9559317485742014,Not significant
GENE3672,0,Other,21q,protein_coding,45,43,8.052022444444445,8.203682558139535,0.1516601136950868,1.1108469920112845,1.4311153223021467,-6.044897674380899,0.15565113498845376,0.9578531383904847,Not significant
GENE1320,0,Other,21q,protein_coding,45,43,6.736238,6.579292558139535,-0.15694544186046233,0.8969220777619777,-1.4290407290834266,-6.047811205218688,0.15624506318797807,0.9591267929323836,Not significant
GENE2805,0,Other,18q,protein_coding,45,43,9.7005066666666675,9.848370697674419,0.14786403100774947,1.1079279245889215,1.426976582794538,-6.050706046050303,0.15683773201976792,0.9591267929323836,Not significant
GENE1530,0,Other,10q,protein_coding,45,43,9.99475088888889,9.849687441860466,-0.14506344702842533,0.9043396055228325,-1.4263144575763766,-6.051633787555717,0.15702821127959168,0.9591267929323836,Not significant
GENE3966,0,Other,10q,protein_coding,45,43,6.942166666666666,7.102529534883721,0.1603628682170566,1.1175681946859595,1.4206132298103709,-6.059605032013798,0.15867570940832662,0.9651309342339226,Not significant
GENE2399,0,Other,20q,protein_coding,45,43,7.692838888888889,7.527000697674419,-0.16583819121447352,0.8914104684849754,-1.4146664502053778,-6.06788699047278,0.16040829254233466,0.9694717434343378,Not significant
GENE1938,0,Other,10q,protein_coding,45,43,7.473411555555556,7.316898604651163,-0.1565129509043901,0.8971909972672503,-1.414532198389157,-6.068073575790992,0.1604475735383829,0.9694717434343378,Not significant
GENE1627,0,Other,12p,protein_coding,45,43,7.971680222222222,8.128055813953488,0.15637559173126458,1.1144837581455556,1.4092283909516843,-6.075431305406107,0.16200534018722412,0.9711212534480652,Not significant
GENE3769,0,Other,2p,protein_coding,45,43,8.146751111111111,8.277619069767441,0.13086795865633327,1.094952251704371,1.4078538132038116,-6.0773338690521514,0.16241094947149928,0.9711212534480652,Not significant
GENE2763,0,Other,4q,protein_coding,45,43,8.157276,8.316373488372093,0.15909748837209214,1.116588411544458,1.4030057067712203,-6.084029951608244,0.16384773927067126,0.9767376409578018,Not significant
GENE2845,0,Other,2p,protein_coding,45,43,7.634274222222222,7.796109302325581,0.16183508010335856,1.1187092098683251,1.3986936893687822,-6.08996697924838,0.16513380992163595,0.9814788108269596,Not significant
GENE2817,0,Other,18q,protein_coding,45,43,7.817757333333334,7.649522558139535,-0.16823477519379626,0.889930899663472,-1.3820583129329513,-6.112707084942682,0.17016774942098334,0.9893473803545543,Not significant
GENE1059,0,Other,4q,protein_coding,45,43,7.836683333333333,8.004671860465116,0.16798852713178025,1.1234909685619787,1.3823336198665208,-6.112332874256407,0.17008350014752585,0.9893473803545543,Not significant
GENE0979,0,Other,12p,protein_coding,45,43,9.822891555555556,9.655372790697674,-0.16751876485787598,0.8903726824739736,-1.3834191270106404,-6.1108567020186655,0.16975162327042667,0.9893473803545543,Not significant
GENE3278,0,Other,3q,protein_coding,45,43,7.802482888888889,7.966614651162791,0.16413176227390114,1.120491544740745,1.385239852227627,-6.108378213773664,0.16919607249559349,0.9893473803545543,Not significant
GENE1636,0,Other,7q,protein_coding,45,43,9.080068222222222,8.918582790697675,-0.1614854315245431,0.8941040070773877,-1.3831789461428996,-6.1111834178967666,0.16982501230785044,0.9893473803545543,Not significant
GENE3194,0,Other,3q,protein_coding,45,43,9.353187333333333,9.51111,0.15792266666667132,1.1156795165268125,1.3881317800793784,-6.104435100287708,0.16831651873861367,0.9893473803545543,Not significant
GENE1924,0,Other,7q,protein_coding,45,43,6.634871333333334,6.774052558139535,0.13918122480620454,1.101279927198108,1.374222078683895,-6.123328448743212,0.17257913106332126,0.9954090419773167,Not significant
GENE3662,0,Other,3q,protein_coding,45,43,9.418000888888889,9.274821860465117,-0.1431790284237735,0.9055216071099202,-1.3709357206647528,-6.127765559055242,0.17359810736385298,0.9976902722060516,Not significant
MEOTH013,0,Other,10q,protein_coding,45,43,7.639634222222222,7.418994883720931,-0.2206393385012948,0.858185042581366,-0.8236757392513341,-6.722184802677376,0.4121695998333478,0.9993303802855232,Not significant
GEP1Q41,0,Other,1q,protein_coding,45,43,7.2869166666666665,7.11279465116279,-0.1741220155038734,0.8863067368963631,-0.6445772855668256,-6.853326203771681,0.520741581907411,0.9993303802855232,Not significant
GENE2487,0,Other,4q,protein_coding,45,43,9.300974444444444,9.137876976744186,-0.16309746770025946,0.8931055125869126,-1.3287335421148838,-6.183836639472511,0.18709205544746615,0.9993303802855232,Not significant
GENE1534,0,Other,19q,protein_coding,45,43,6.447379777777778,6.288394186046512,-0.15898559173126436,0.8956546149943673,-1.3140634935644184,-6.202932141852601,0.1919625558758577,0.9993303802855232,Not significant
GENE3651,0,Other,4q,protein_coding,45,43,8.237645777777777,8.079599302325581,-0.15804647545219908,0.8962378274044318,-1.2604395607749865,-6.27099098292718,0.21057213821596968,0.9993303802855232,Not significant
GENE1258,0,Other,19q,protein_coding,45,43,10.414335777777778,10.258603953488372,-0.15573182428940413,0.8976769000433001,-1.2954637759327845,-6.226848758129227,0.19827308461673804,0.9993303802855232,Not significant
GENE2849,0,Other,9p,protein_coding,45,43,7.260834666666667,7.415255581395349,0.1544209147286839,1.112974790134618,1.341170774703654,-6.167487540901189,0.1830359589384009,0.9993303802855232,Not significant
GENE2379,0,Other,4q,protein_coding,45,43,8.167734444444445,8.013582790697674,-0.15415165374676576,0.8986606559051848,-1.3151455310017042,-6.201530672238158,0.19160011191110632,0.9993303802855232,Not significant
GENE1132,0,Other,7q,protein_coding,45,43,6.737913777777778,6.889721860465117,0.1518080826873387,1.1109609310870252,1.3594238707789623,-6.143227841395536,0.1772035255674011,0.9993303802855232,Not significant
MEOTH069,0,Other,3q,protein_coding,45,43,8.488656666666667,8.336874883720931,-0.1517817829457364,0.9001380712636116,-0.5217592301983601,-6.924916813652401,0.6030421767379373,0.9993303802855232,Not significant
GENE1529,0,Other,9p,protein_coding,45,43,10.173002888888888,10.021466976744186,-0.15153591214469486,0.900291490054431,-1.2921136864448062,-6.2311215294878135,0.19942590201070148,0.9993303802855232,Not significant
GENE2526,0,Other,10q,protein_coding,45,43,8.250952,8.100239534883722,-0.15071246511627834,0.9008054960913389,-1.3508718221578335,-6.154633432388768,0.17991842731005783,0.9993303802855232,Not significant
GENE1743,0,Other,4q,protein_coding,45,43,8.365168,8.214718837209302,-0.15044916279069298,0.9009699146417137,-1.1861640114818994,-6.360725657673679,0.23849093126861381,0.9993303802855232,Not significant
GENE2972,0,Other,15q,protein_coding,45,43,7.581436,7.730396976744186,0.14896097674418574,1.1087706522155947,1.3225951595878922,-6.191851626152642,0.18911861992000029,0.9993303802855232,Not significant
GENE1073,0,Other,9p,protein_coding,45,43,8.455378444444445,8.603110697674419,0.1477322532299734,1.10782672952831,1.319838558082951,-6.195439326790986,0.19003403192585444,0.9993303802855232,Not significant
GENE1229,0,Other,9p,protein_coding,45,43,7.046584666666667,6.899306511627907,-0.14727815503875785,0.902952401995208,-1.2622568378550638,-6.268729370412316,0.2099204983245296,0.9993303802855232,Not significant
GENE1859,0,Other,20q,protein_coding,45,43,8.707537333333333,8.854632790697675,0.14709545736434215,1.1073378501798792,1.3316327690942051,-6.18003863773412,0.18614056893659267,0.9993303802855232,Not significant
GENE2934,0,Other,10q,protein_coding,45,43,10.574296222222223,10.427528372093024,-0.14676785012919957,0.9032718475698382,-1.3592469136853502,-6.143464544909985,0.17725938593320792,0.9993303802855232,Not significant
GENE3133,0,Other,2p,protein_coding,45,43,9.733158222222222,9.879835813953488,0.1466775917312635,1.1070171646477889,1.2372654589137697,-6.299554813544333,0.21901259533571546,0.9993303802855232,Not significant
GENE3841,0,Other,2p,protein_coding,45,43,6.888014,7.033715581395349,0.1457015813953486,1.1062684999815229,1.198483710004439,-6.3462072959897045,0.23368504868389295,0.9993303802855232,Not significant
GENE3855,0,Other,4q,protein_coding,45,43,8.434299777777778,8.579976046511629,0.1456762687338511,1.1062490902285156,1.2648983321779683,-6.2654363959321415,0.20897595613840844,0.9993303802855232,Not significant
GENE2821,0,Other,2p,protein_coding,45,43,8.301079333333334,8.44583953488372,0.14476020155039038,1.1055468788885177,1.2544180610841646,-6.278462253119635,0.2127419513369027,0.9993303802855232,Not significant
GENE3706,0,Other,19q,protein_coding,45,43,7.973252,7.8284967441860465,-0.1447552558139522,0.9045328128776559,-1.1867273333571453,-6.360064978134429,0.23826964632420963,0.9993303802855232,Not significant
GENE2111,0,Other,20q,protein_coding,45,43,7.444049111111111,7.300023488372093,-0.14402562273901687,0.9049903898128309,-1.2881595363080056,-6.236150986333511,0.20079297728490134,0.9993303802855232,Not significant
GENE3033,0,Other,18q,protein_coding,45,43,7.719727777777778,7.576108372093024,-0.1436194056847544,0.9052452422106911,-1.2766135364460376,-6.250751633156976,0.2048245311987416,0.9993303802855232,Not significant
GENE2298,0,Other,10q,protein_coding,45,43,8.57645488888889,8.71956,0.1431051111111099,1.1042792992285493,1.2599553250520044,-6.271593085543495,0.21074602620431565,0.9993303802855232,Not significant
GENE2637,0,Other,18q,protein_coding,45,43,11.035852222222221,11.176804186046512,0.14095196382428732,1.1026324490535713,1.2135931974677117,-6.32820258633199,0.2278865814860779,0.9993303802855232,Not significant
GENE2723,0,Other,20q,protein_coding,45,43,7.963024666666667,7.822669767441861,-0.14035489922480693,0.9072959354240547,-1.3526896511995794,-6.15221484847281,0.1793387340543715,0.9993303802855232,Not significant
GENE3848,0,Other,15q,protein_coding,45,43,9.638563111111111,9.49837023255814,-0.14019287855297335,0.9073978342644524,-1.2908362597431262,-6.232747972021187,0.19986679170373237,0.9993303802855232,Not significant
GENE0994,0,Other,19q,protein_coding,45,43,10.626651777777777,10.486841627906976,-0.13981014987079732,0.9076385873252082,-1.2507879188947497,-6.282949685224819,0.21405795109302572,0.9993303802855232,Not significant
GENE3936,0,Other,21q,protein_coding,45,43,7.792761111111111,7.653400697674418,-0.13936041343669192,0.9079215728219951,-1.3028254845645377,-6.217421972330379,0.19575721158664824,0.9993303802855232,Not significant
GENE1202,0,Other,3q,protein_coding,45,43,9.434014,9.294836279069768,-0.13917772093023117,0.908036552749056,-1.2838342928730544,-6.241635404732265,0.2022962921432547,0.9993303802855232,Not significant
GENE1578,0,Other,10q,protein_coding,45,43,8.894694222222222,8.755595813953489,-0.13909840826872966,0.9080864737464694,-1.321068389015719,-6.193839600550726,0.1896252209921622,0.9993303802855232,Not significant
GENE3336,0,Other,21q,protein_coding,45,43,8.760598222222223,8.621698837209303,-0.13889938501291965,0.9082117551040015,-1.2422473319140248,-6.293457568033542,0.21717758660873304,0.9993303802855232,Not significant
GENE1619,0,Other,20q,protein_coding,45,43,8.273624444444444,8.41239,0.13876555555555647,1.1009626721654275,1.126979821731116,-6.428439267382135,0.26256583704744296,0.9993303802855232,Not significant
GENE3555,0,Other,4q,protein_coding,45,43,8.843149333333333,8.704436511627907,-0.13871282170542187,0.9083292088556136,-1.2797274434800292,-6.246826407491709,0.20373139593737769,0.9993303802855232,Not significant
GENE1940,0,Other,15q,protein_coding,45,43,8.759346444444445,8.89775023255814,0.1384037881136937,1.1006866314881831,1.1105035748517291,-6.446689865819203,0.2695615201633694,0.9993303802855232,Not significant
GENE3857,0,Other,9p,protein_coding,45,43,8.193675555555556,8.055345813953489,-0.13832974160206746,0.9085704303465574,-1.185288453840287,-6.361751931457688,0.23883516152227852,0.9993303802855232,Not significant
GENE1056,0,Other,21q,protein_coding,45,43,8.045974666666666,8.184166511627907,0.13819184496123782,1.1005249439151161,1.3083896215196664,-6.2102628057640725,0.19387148729164244,0.9993303802855232,Not significant
GENE1783,0,Other,12p,protein_coding,45,43,7.281200888888889,7.419177209302325,0.13797632041343721,1.1003605485175472,1.2509913262385168,-6.282698574237929,0.21398405445667829,0.9993303802855232,Not significant
GENE3102,0,Other,10q,protein_coding,45,43,8.525297555555555,8.387729069767442,-0.13756848578811187,0.9090499752365008,-1.122704472105668,-6.4332001864875465,0.2643687637599208,0.9993303802855232,Not significant
GENE3778,0,Other,19q,protein_coding,45,43,7.582064,7.4446720930232555,-0.13739190697674175,0.9091612453132129,-1.121526170370715,-6.434509215366909,0.2648671772026608,0.9993303802855232,Not significant
GENE2109,0,Other,18q,protein_coding,45,43,8.677459555555556,8.814041162790698,0.13658160723514,1.0992972983292342,1.2934381725447,-6.229433529996863,0.19896953280781146,0.9993303802855232,Not significant
GENE2052,0,Other,21q,protein_coding,45,43,10.104388222222223,10.24088953488372,0.1365013126615029,1.0992361175882566,1.1729551180317603,-6.37613009471667,0.2437219506979093,0.9993303802855232,Not significant
GENE3167,0,Other,20q,protein_coding,45,43,8.79479488888889,8.930413488372093,0.13561859948320354,1.0985637555173586,1.2902311299043416,-6.233517891956683,0.2000758977792855,0.9993303802855232,Not significant
GENE2490,0,Other,10q,protein_coding,45,43,8.921354888888889,9.05649046511628,0.13513557622739114,1.0981960111172144,1.0990101173759406,-6.459265987281496,0.2745178203481635,0.9993303802855232,Not significant
GENE2576,0,Other,15q,protein_coding,45,43,7.408308888888889,7.273620232558139,-0.13468865633074856,0.9108663837121685,-1.228524893409725,-6.310194934262713,0.22225935018019558,0.9993303802855232,Not significant
GENE3810,0,Other,10q,protein_coding,45,43,8.563838444444444,8.429248139534884,-0.1345903049095618,0.9109284814212993,-1.3364313601200524,-6.1737349380697415,0.18457372643282352,0.9993303802855232,Not significant
GENE2991,0,Other,4q,protein_coding,45,43,9.63296,9.498522093023256,-0.1344379069767463,0.9110247117028873,-1.3196384923575162,-6.195699430298077,0.19010059854957012,0.9993303802855232,Not significant
GENE3419,0,Other,20q,protein_coding,45,43,8.546816444444444,8.412516279069768,-0.1343001653746736,0.9111116961246484,-1.187360894890207,-6.359321555718127,0.2380209456784904,0.9993303802855232,Not significant
GENE1251,0,Other,4q,protein_coding,45,43,8.881264222222223,8.747210930232558,-0.13405329198966598,0.9112676185255463,-1.2893231092854853,-6.23467253246276,0.20038997383161394,0.9993303802855232,Not significant
GENE3955,0,Other,12p,protein_coding,45,43,9.99677288888889,9.862746744186046,-0.13402614470283858,0.9112847660691846,-1.1286313609375374,-6.426595438344933,0.2618716928959392,0.9993303802855232,Not significant
GENE1144,0,Other,7q,protein_coding,45,43,7.626981777777778,7.760989069767442,0.13400729198966577,1.0973374839720316,1.1634735378339958,-6.3870843477026185,0.24752700964671664,0.9993303802855232,Not significant
GENE3014,0,Other,3q,protein_coding,45,43,9.198995333333333,9.065146744186046,-0.13384858914728426,0.9113969267306491,-1.1152978755799086,-6.4414062683496685,0.2675126273723421,0.9993303802855232,Not significant
GENE2556,0,Other,21q,protein_coding,45,43,8.166179111111111,8.29935441860465,0.13317530749354134,1.0967048453687485,1.1315442896404024,-6.423336948722891,0.2606505264495672,0.9993303802855232,Not significant
GENE2566,0,Other,19q,protein_coding,45,43,7.705411111111111,7.5724688372093025,-0.1329422739018069,0.9119696551417341,-1.2120237213984697,-6.330082979856117,0.2284839980042414,0.9993303802855232,Not significant
GENE2114,0,Other,3q,protein_coding,45,43,8.286868,8.419657674418605,0.13278967441860168,1.096411734814712,1.273356629550018,-6.254847229663811,0.2059724950826927,0.9993303802855232,Not significant
GENE3191,0,Other,20q,protein_coding,45,43,8.144198222222222,8.276903023255814,0.13270480103359006,1.096347235086439,1.3098792303087006,-6.208341187445561,0.19336895462417397,0.9993303802855232,Not significant
GENE2613,0,Other,18q,protein_coding,45,43,11.241340666666666,11.373658837209302,0.13231817054263573,1.09605346234552,1.1727364096476587,-6.376383746043265,0.24380924784002836,0.9993303802855232,Not significant
GENE1071,0,Other,4q,protein_coding,45,43,8.656909333333333,8.525106744186047,-0.1318025891472825,0.9126903677813539,-1.1360333597158074,-6.418299332477191,0.2587764498448947,0.9993303802855232,Not significant
GENE1420,0,Other,7q,protein_coding,45,43,10.129792222222223,10.260446976744186,0.13065475452196829,1.094790449596846,1.0161886774580775,-6.546111190491147,0.31209901020270864,0.9993303802855232,Not significant
GENE1200,0,Other,21q,protein_coding,45,43,9.978589111111111,9.84919046511628,-0.12939864599483109,0.9142124390965546,-1.0899249929057913,-6.469116644258473,0.2784800592016173,0.9993303802855232,Not significant
GENE2700,0,Other,21q,protein_coding,45,43,9.909117555555556,9.779823488372093,-0.12929406718346037,0.9142787113944474,-1.289248913396415,-6.234766845386883,0.20041565365983308,0.9993303802855232,Not significant
GENE1820,0,Other,15q,protein_coding,45,43,8.449427333333333,8.320606744186046,-0.12882058914728667,0.9145788177367513,-1.2229632766210081,-6.316927193432115,0.2243434013991658,0.9993303802855232,Not significant
GENE3760,0,Other,7q,protein_coding,45,43,8.006578222222222,8.135147441860465,0.12856921963824064,1.0932089828911102,1.1640635735418263,-6.386405189099038,0.24728899632162835,0.9993303802855232,Not significant
GENE2206,0,Other,19q,protein_coding,45,43,8.508400444444444,8.380240465116279,-0.12815997932816003,0.9149976991207258,-1.109390329337911,-6.447913554171312,0.27003883737985995,0.9993303802855232,Not significant
GENE2215,0,Other,12p,protein_coding,45,43,6.856637555555555,6.728686511627907,-0.12795104392765122,0.9151302214135713,-1.3504777684445393,-6.155157299924529,0.18004427466655154,0.9993303802855232,Not significant
GENE1536,0,Other,21q,protein_coding,45,43,8.294789111111111,8.422696744186046,0.1279076330749369,1.09270777747665,1.2125258685916653,-6.329481612611604,0.22829273401168496,0.9993303802855232,Not significant
GENE1213,0,Other,2p,protein_coding,45,43,7.9159328888888885,8.043262790697675,0.12732990180878723,1.0922702871924375,1.1362445478410734,-6.418061859905591,0.25868851816373795,0.9993303802855232,Not significant
GENE3240,0,Other,21q,protein_coding,45,43,9.336895111111112,9.209687674418605,-0.12720743669250822,0.915602027885995,-1.1632318062937128,-6.387362495331488,0.247624568275147,0.9993303802855232,Not significant
GENE2488,0,Other,7q,protein_coding,45,43,6.515742,6.389041162790698,-0.12670083720930148,0.9159235961657747,-1.103837283077334,-6.4539996432059095,0.27242856335633747,0.9993303802855232,Not significant
GENE3489,0,Other,18q,protein_coding,45,43,6.248652222222222,6.122035813953488,-0.126616408268732,0.915977199123762,-1.062014089064998,-6.498880255981758,0.290899100916853,0.9993303802855232,Not significant
GENE3178,0,Other,19q,protein_coding,45,43,8.690340888888889,8.56409023255814,-0.1262506563307486,0.9162094470327091,-1.288190021410154,-6.236112267933818,0.2007824111134685,0.9993303802855232,Not significant
GENE3458,0,Other,3q,protein_coding,45,43,7.709772444444445,7.58424,-0.1255324444444419,0.9166656739668572,-1.0370335240109514,-6.524879466087913,0.302330644588652,0.9993303802855232,Not significant
GENE2852,0,Other,15q,protein_coding,45,43,7.867601777777778,7.742430930232558,-0.12517084754522045,0.9168954557283413,-1.1822213580096825,-6.365341185626739,0.2400438149658366,0.9993303802855232,Not significant
GENE1900,0,Other,7q,protein_coding,45,43,8.154442444444445,8.02950465116279,-0.12493779328165822,0.9170435838147476,-1.2841907116529367,-6.241184138493992,0.2021720983794545,0.9993303802855232,Not significant
GENE1765,0,Other,2p,protein_coding,45,43,10.141292,10.016641860465116,-0.12465013953488402,0.9172264480481991,-1.1633350860502745,-6.387243663680809,0.24758288302430512,0.9993303802855232,Not significant
GENE1466,0,Other,3q,protein_coding,45,43,8.032805333333334,8.157021162790699,0.12421582945736276,1.0899151530462423,1.323687225906592,-6.190428312903773,0.18875688117069608,0.9993303802855232,Not significant
GENE1607,0,Other,20q,protein_coding,45,43,10.392024444444445,10.515978837209301,0.12395439276486009,1.0897176629403735,1.0982938738576578,-6.460045478061155,0.274828763898317,0.9993303802855232,Not significant
GENE1057,0,Other,2p,protein_coding,45,43,8.704962222222223,8.581687209302325,-0.12327501291989762,0.9181011331138111,-1.1058998574704788,-6.451742554653088,0.2715392342937316,0.9993303802855232,Not significant
GENE1661,0,Other,9p,protein_coding,45,43,7.123272888888889,7.000452790697675,-0.12282009819121154,0.9183906770378383,-1.187188456974917,-6.359523932878311,0.23808861666394843,0.9993303802855232,Not significant
GENE1272,0,Other,21q,protein_coding,45,43,9.004203777777779,8.881776976744186,-0.12242680103359582,0.9186410762358881,-1.359469588522456,-6.143166683049801,0.1771890959297768,0.9993303802855232,Not significant
GENE3878,0,Other,3q,protein_coding,45,43,8.249360222222222,8.127052558139535,-0.12230766408269034,0.9187169402353736,-0.994682572154168,-6.567574218983361,0.32239635531817457,0.9993303802855232,Not significant
GENE2527,0,Other,12p,protein_coding,45,43,7.744956666666667,7.622746046511628,-0.12221062015503925,0.9187787404747787,-1.1549506318135403,-6.396857270637038,0.2509832291072988,0.9993303802855232,Not significant
GENE3625,0,Other,2p,protein_coding,45,43,9.347709111111111,9.469578372093023,0.12186926098191542,1.0881438281053502,0.9681974036563814,-6.593388299840719,0.33538368714395816,0.9993303802855232,Not significant
GENE3958,0,Other,19q,protein_coding,45,43,8.517661333333333,8.396061860465116,-0.12159947286821371,0.9191680313970896,-1.0492202754653421,-6.5122713074635765,0.29671637222497993,0.9993303802855232,Not significant
GENE1446,0,Other,10q,protein_coding,45,43,9.830446666666667,9.95198976744186,0.12154310077519881,1.0878978515888533,1.1031438511169356,-6.454757547838724,0.2727280076314917,0.9993303802855232,Not significant
GENE1719,0,Other,4q,protein_coding,45,43,8.167132222222222,8.045863023255814,-0.12126919896640942,0.9193784791735887,-1.2308644421392507,-6.307354100880507,0.22138689375520484,0.9993303802855232,Not significant
GENE3767,0,Other,20q,protein_coding,45,43,8.473336444444444,8.352398837209302,-0.12093760723513824,0.9195898151318108,-1.1882901008606437,-6.358230526764127,0.237656528492849,0.9993303802855232,Not significant
GENE2877,0,Other,18q,protein_coding,45,43,11.435947555555556,11.556811395348838,0.12086383979328197,1.0873857595623042,1.041694332457605,-6.520074492741845,0.3001750519707968,0.9993303802855232,Not significant
GENE3168,0,Other,21q,protein_coding,45,43,7.505630666666667,7.385163720930232,-0.12046694573643446,0.9198898689313734,-1.0879291075711772,-6.471270023107742,0.2793557820956896,0.9993303802855232,Not significant
GENE2928,0,Other,21q,protein_coding,45,43,8.657716,8.77779023255814,0.12007423255814054,1.0867907809163238,1.0714692167712898,-6.488881904767043,0.28665030027228067,0.9993303802855232,Not significant
GENE1289,0,Other,9p,protein_coding,45,43,9.255611111111111,9.135663023255814,-0.11994808785529898,0.920220762108977,-0.9625531761146799,-6.598801237480822,0.3381950496672419,0.9993303802855232,Not significant
GENE2216,0,Other,15q,protein_coding,45,43,7.758810222222222,7.878083488372093,0.119273266149869,1.0861875756042378,1.1089024503393254,-6.448449457745373,0.2702482067338261,0.9993303802855232,Not significant
GENE2068,0,Other,7q,protein_coding,45,43,9.870380444444445,9.751261162790698,-0.11911928165374874,0.9207495667212464,-1.031092411772302,-6.5309738028206885,0.305093499408882,0.9993303802855232,Not significant
GENE1632,0,Other,21q,protein_coding,45,43,7.036261777777778,7.155316279069767,0.11905450129198858,1.0860228826865335,1.1924124641821363,-6.353380255785573,0.2360446420102216,0.9993303802855232,Not significant
GENE1113,0,Other,18q,protein_coding,45,43,7.877052,7.99601,0.11895800000000278,1.0859502414814894,1.0317017096460293,-6.530350366412099,0.30480937092439,0.9993303802855232,Not significant
GENE3212,0,Other,15q,protein_coding,45,43,8.196474666666667,8.077566511627907,-0.11890815503876162,0.9208843207465229,-1.0131636662329964,-6.549157300498793,0.3135339629740517,0.9993303802855232,Not significant
GENE3909,0,Other,18q,protein_coding,45,43,8.625576444444444,8.744312558139535,0.11873611369509085,1.0857832353222476,1.145873927594733,-6.407188383078399,0.25470149142650594,0.9993303802855232,Not significant
GENE2276,0,Other,15q,protein_coding,45,43,9.29594088888889,9.414436046511629,0.1184951576227391,1.085601905096887,1.0227757200373218,-6.539447465779439,0.3089895929583219,0.9993303802855232,Not significant
GENE2602,0,Other,19q,protein_coding,45,43,7.840416444444444,7.72217465116279,-0.11824179328165307,0.9213097632794737,-1.0284938958607617,-6.5336285728938845,0.3063072457151435,0.9993303802855232,Not significant
GENE1505,0,Other,9p,protein_coding,45,43,9.316576666666666,9.198623023255815,-0.11795364341085346,0.9214937951054808,-0.9342202527723431,-6.625503949310378,0.35253899555069856,0.9993303802855232,Not significant
GENE2838,0,Other,10q,protein_coding,45,43,8.471488222222222,8.353556511627907,-0.11793171059431629,0.9215078043779926,-1.0980225876407046,-6.460340590605936,0.27494660142419813,0.9993303802855232,Not significant
GENE2522,0,Other,3q,protein_coding,45,43,8.618708666666667,8.7365023255813945,0.11779365891472615,1.0850741683306735,1.0801779080627523,-6.479596349099877,0.28277475426627574,0.9993303802855232,Not significant
GENE2834,0,Other,3q,protein_coding,45,43,8.226578,8.109342093023256,-0.11723590697673814,0.921952349546148,-1.0567355035469024,-6.50442446619776,0.2932897338567564,0.9993303802855232,Not significant
GENE3460,0,Other,7q,protein_coding,45,43,10.060119777777778,10.177247906976744,0.11712812919896542,1.0845737281540193,0.9779737126356718,-6.583939195962088,0.33055043223470804,0.9993303802855232,Not significant
GENE2914,0,Other,19q,protein_coding,45,43,9.642808222222222,9.52591534883721,-0.11689287338501053,0.9221715907710529,-0.9601906948772388,-6.601057694431393,0.3393763407556861,0.9993303802855232,Not significant
GENE1671,0,Other,4q,protein_coding,45,43,7.166528888888889,7.050140465116279,-0.1163884237726096,0.9224940916644018,-1.0804187388650834,-6.479338523378614,0.2826680945981754,0.9993303802855232,Not significant
GENE1191,0,Other,4q,protein_coding,45,43,8.407191333333333,8.52314046511628,0.11594913178294597,1.0836877562498255,1.169141612455791,-6.3805462971230185,0.24524730380012755,0.9993303802855232,Not significant
GENE2063,0,Other,20q,protein_coding,45,43,9.380352888888888,9.496198372093023,0.11584548320413646,1.083609902886584,0.9907419613802969,-6.571458201635973,0.32430729706377914,0.9993303802855232,Not significant
GENE1033,0,Other,2p,protein_coding,45,43,9.131628,9.24735953488372,0.11573153488372512,1.0835243195520519,1.0358339339801859,-6.526112752543209,0.3028871353887564,0.9993303802855232,Not significant
GENE2130,0,Other,10q,protein_coding,45,43,8.900925333333333,8.785397441860464,-0.11552789147287079,0.923044500959946,-1.0710909490531464,-6.489283566409861,0.2868194588574154,0.9993303802855232,Not significant
GENE3565,0,Other,2p,protein_coding,45,43,7.766026,7.88132488372093,0.11529888372092856,1.0831994291504976,1.0518760537532719,-6.5095045928716,0.29550235058635715,0.9993303802855232,Not significant
GENE2962,0,Other,19q,protein_coding,45,43,8.685944666666666,8.570663488372093,-0.11528117829457152,0.9232023629535417,-1.1119982749071224,-6.445044998860062,0.26892157498291436,0.9993303802855232,Not significant
GENE2511,0,Other,4q,protein_coding,45,43,9.53370311111111,9.418498837209302,-0.11520427390180821,0.9232515765485583,-0.9468247928194825,-6.613721308302938,0.3461101287898297,0.9993303802855232,Not significant
GENE3573,0,Other,18q,protein_coding,45,43,7.065234888888889,6.95005023255814,-0.11518465633074904,0.9232641308833536,-1.0914613699888165,-6.467456410931327,0.2778072457877264,0.9993303802855232,Not significant
GENE3697,0,Other,2p,protein_coding,45,43,9.47209088888889,9.357027209302325,-0.11506367958655694,0.92334155415615915,-0.9978653283235361,-6.564426177220018,0.32085838199999006,0.9993303802855232,Not significant
GENE2230,0,Other,19q,protein_coding,45,43,7.523965111111111,7.638334186046512,0.1143690749354036,1.082501538168877,1.046889118780519,-6.514694208157187,0.297784790173576,0.9993303802855232,Not significant
GENE2320,0,Other,7q,protein_coding,45,43,9.172196,9.057832790697674,-0.11436320930232569,0.9237899721111422,-1.0692074809784147,-6.491281456413002,0.28766275109624934,0.9993303802855232,Not significant
GENE1315,0,Other,12p,protein_coding,45,43,8.838621777777778,8.952941395348837,0.11431961757106635,1.0824644293178771,0.9636893056916385,-6.597714159119403,0.3376279167719721,0.9993303802855232,Not significant
GENE1120,0,Other,7q,protein_coding,45,43,6.600504888888889,6.7143839534883725,0.11387906459948294,1.0821339297303254,1.0501662526302444,-6.511286598816233,0.29628355481227975,0.9993303802855232,Not significant
GENE2721,0,Other,18q,protein_coding,45,43,9.372664222222221,9.258901627906976,-0.11376259431524716,0.924174639415661,-1.1438810642923658,-6.409446046698386,0.2555230498984497,0.9993303802855232,Not significant
GENE1172,0,Other,15q,protein_coding,45,43,9.095722,9.209171860465116,0.11344986046511885,1.0818120409998577,1.048663413677477,-6.512850563590467,0.29697135659619783,0.9993303802855232,Not significant
GENE3295,0,Other,12p,protein_coding,45,43,8.231434,8.118019069767442,-0.11341493023255822,0.9243973760553243,-0.9318378163392194,-6.627713615238645,0.35376271396514525,0.9993303802855232,Not significant
GENE3480,0,Other,21q,protein_coding,45,43,8.94674911111111,9.060022558139535,0.1132734470284209,1.081679764595836,1.1015226935643805,-6.456527623092163,0.27342896319580995,0.9993303802855232,Not significant
GENE1973,0,Other,9p,protein_coding,45,43,8.660919777777778,8.773916976744186,0.11299719896640958,1.0814726637715422,0.9791982616351437,-6.58274907417117,0.32994827657357306,0.9993303802855232,Not significant
GENE3161,0,Other,9p,protein_coding,45,43,7.961090666666666,7.848208837209302,-0.11288182945736303,0.9247390199949722,-1.0412719190069142,-6.52051083992631,0.3003699854291816,0.9993303802855232,Not significant
GENE1654,0,Other,19q,protein_coding,45,43,9.240535555555555,9.127743488372094,-0.11279206718346302,0.9247965576291733,-0.9814620119417701,-6.580545124503288,0.3288370083382368,0.9993303802855232,Not significant
GENE3571,0,Other,12p,protein_coding,45,43,7.936185777777778,8.048957441860464,0.11277166408269057,1.0813036115876242,0.9663699559462482,-6.595144259379242,0.3362922518800553,0.9993303802855232,Not significant
GENE1960,0,Other,7q,protein_coding,45,43,5.895299555555556,6.007963953488372,0.11266439793281702,1.0812232183235033,0.9288265641069441,-6.630498569441198,0.35531331474376904,0.9993303802855232,Not significant
GENE3945,0,Other,18q,protein_coding,45,43,9.852854222222222,9.740745813953488,-0.11210840826873358,0.9252349006051442,-1.0146715525793162,-6.547640007809536,0.31281812741309595,0.9993303802855232,Not significant
GENE1807,0,Other,12p,protein_coding,45,43,7.235681333333333,7.123831395348837,-0.1118499379844966,0.9254006786418569,-0.9888840914935472,-6.573284134502304,0.32521083740649903,0.9993303802855232,Not significant
GENE3106,0,Other,19q,protein_coding,45,43,9.343364666666666,9.231516511627907,-0.11184815503876067,0.9254018222932641,-1.1180716323151374,-6.438339302303879,0.26633221211898844,0.9993303802855232,Not significant
GENE2265,0,Other,18q,protein_coding,45,43,9.085825333333334,8.974338139534884,-0.11148719379844962,0.9256333861173104,-1.1030115285820281,-6.454902120476051,0.27278517436236116,0.9993303802855232,Not significant
GENE3119,0,Other,20q,protein_coding,45,43,9.504747333333333,9.615522093023255,0.11077475968992267,1.079807961993207,1.0826370684656739,-6.476961013593884,0.28168693855916194,0.9993303802855232,Not significant
GENE2364,0,Other,21q,protein_coding,45,43,8.483707333333333,8.373104186046511,-0.1106031472868203,0.9262007643307213,-0.8510098734093535,-6.6993926612972725,0.3968859163634594,0.9993303802855232,Not significant
GENE1214,0,Other,3q,protein_coding,45,43,9.753010666666666,9.642723953488373,-0.11028671317829541,0.926403935235726,-0.8913913151124873,-6.664380947532323,0.37495255466836064,0.9993303802855232,Not significant
GENE1907,0,Other,20q,protein_coding,45,43,7.164427777777778,7.054186511627907,-0.11024126614987217,0.9264331187900685,-1.0050701415564596,-6.557263570685144,0.3173948831955135,0.9993303802855232,Not significant
GENE3482,0,Other,3q,protein_coding,45,43,7.675961555555555,7.565732558139535,-0.1102289974160211,0.9264409972462719,-0.9220036696751788,-6.63677596315554,0.3588427540128891,0.9993303802855232,Not significant
GENE1780,0,Other,7q,protein_coding,45,43,9.52569711111111,9.415636279069767,-0.1100608320413432,0.9265489926114511,-0.9693865819969063,-6.592243894137818,0.3347933183650422,0.9993303802855232,Not significant
GENE2939,0,Other,20q,protein_coding,45,43,9.314346888888888,9.424329302325582,0.10998241343669335,1.0792150807095553,1.0528043721311633,-6.508535885317808,0.295078791383266,0.9993303802855232,Not significant
GENE3643,0,Other,12p,protein_coding,45,43,7.753590444444445,7.64385488372093,-0.10973556072351442,0.9267579167295438,-0.9720432005063344,-6.589682322545986,0.333476896041658,0.9993303802855232,Not significant
GENE3015,0,Other,4q,protein_coding,45,43,8.192594666666666,8.30208488372093,0.10949021705426354,1.0788469535981637,1.1391604037488505,-6.414778705979101,0.2574766027393891,0.9993303802855232,Not significant
GENE3107,0,Other,20q,protein_coding,45,43,8.919710888888888,9.029159767441861,0.1094488785529748,1.0788160411211836,0.9126329620979281,-6.645323363793618,0.363726513682573,0.9993303802855232,Not significant
GENE3564,0,Other,21q,protein_coding,45,43,7.444239777777778,7.553082093023256,0.1088423152454796,1.0783625615805483,0.9204975187707098,-6.63815556971482,0.3596248826052876,0.9993303802855232,Not significant
GENE3304,0,Other,7q,protein_coding,45,43,7.996149555555555,7.887380232558139,-0.10876932299741604,0.9273788160682227,-1.099589550157628,-6.4586350256770615,0.27426644923307214,0.9993303802855232,Not significant
GENE3949,0,Other,2p,protein_coding,45,43,7.81377,7.922524186046512,0.10875418604651355,1.0782966901916353,1.090652369371247,-6.468330914071553,0.278161384744634,0.9993303802855232,Not significant
GENE2940,0,Other,21q,protein_coding,45,43,7.642432666666667,7.534098372093023,-0.10833429457364208,0.9276584988598622,-0.9170055861905793,-6.641345592020842,0.361442387476143,0.9993303802855232,Not significant
GENE1429,0,Other,2p,protein_coding,45,43,7.954918222222222,7.846999302325581,-0.10791891989664393,0.9279256248389689,-1.0485104626797337,-6.513009612950835,0.2970414181785635,0.9993303802855232,Not significant
GENE3006,0,Other,10q,protein_coding,45,43,10.033981333333333,10.141895813953488,0.10791448062015441,1.0776692615922638,0.9738452005194985,-6.58794088161607,0.3325858925748306,0.9993303802855232,Not significant
GENE1001,0,Other,9p,protein_coding,45,43,8.973302444444444,9.081132093023255,0.10782964857881616,1.0776058953277476,0.8960167778618451,-6.660268652981202,0.3724896872044493,0.9993303802855232,Not significant
GENE2210,0,Other,3q,protein_coding,45,43,8.689607777777777,8.79724488372093,0.10763710594315157,1.0774620872265825,1.0317986114641955,-6.530251182829608,0.3047642000028086,0.9993303802855232,Not significant
GENE1582,0,Other,19q,protein_coding,45,43,9.216758444444444,9.109357441860466,-0.10740100258397689,0.9282588033740381,-0.9500494356176641,-6.610682039392516,0.3444776811974597,0.9993303802855232,Not significant
GENE3774,0,Other,10q,protein_coding,45,43,9.149611111111112,9.257011860465116,0.10740074935400656,1.077285581175824,0.8981431893172714,-6.65837113274989,0.37136088528461697,0.9993303802855232,Not significant
GENE2795,0,Other,20q,protein_coding,45,43,8.258752444444445,8.151381395348837,-0.10737104909560458,0.9282780762467723,-0.9804993884969492,-6.581482928179053,0.3293092558021995,0.9993303802855232,Not significant
GENE2615,0,Other,20q,protein_coding,45,43,9.537538666666666,9.644806744186047,0.10726807751937883,1.0771865173551052,1.0080091004258414,-6.5543273424055055,0.31598924199403455,0.9993303802855232,Not significant
GENE3218,0,Other,3q,protein_coding,45,43,8.334491333333334,8.227388837209302,-0.10710249612403011,0.9284508882636072,-1.0429227465219868,-6.518804575235604,0.29960865584975893,0.9993303802855232,Not significant
GENE2638,0,Other,19q,protein_coding,45,43,10.070740444444445,9.96398023255814,-0.1067602118863018,0.9286711924841041,-0.9575550870714149,-6.6035686022646,0.3406973693738198,0.9993303802855232,Not significant
GENE2119,0,Other,12p,protein_coding,45,43,9.098922,8.992652790697674,-0.10626920930232764,0.9289873074941982,-0.9650652872853195,-6.5963959003268124,0.33694188617443543,0.9993303802855232,Not significant
GENE3856,0,Other,7q,protein_coding,45,43,7.781609777777778,7.887743488372093,0.10613371059430943,1.076339876548,0.9167773675528663,-6.641553664334647,0.3615613755724668,0.9993303802855232,Not significant
GENE2431,0,Other,12p,protein_coding,45,43,9.247360222222222,9.353277209302325,0.10591698708010355,1.0761781995241873,0.8097540531022058,-6.7335112612385135,0.42008823861046873,0.9993303802855232,Not significant
GENE2051,0,Other,20q,protein_coding,45,43,8.192604,8.29812,0.10551599999999794,1.0758791248227788,0.9403716015018553,-6.619773072529752,0.34939200617990196,0.9993303802855232,Not significant
GENE3849,0,Other,18q,protein_coding,45,43,8.366468222222222,8.471936976744185,0.10546875452196502,1.0758438924349025,0.9911062480646973,-6.571099783405194,0.32413032791272456,0.9993303802855232,Not significant
GENE1800,0,Other,21q,protein_coding,45,43,7.938195111111111,8.043617906976744,0.10542279586563286,1.0758096207761152,0.9880944357142567,-6.574059199207218,0.32559537505277847,0.9993303802855232,Not significant
GENE2780,0,Other,15q,protein_coding,45,43,7.1724997777777775,7.067269534883721,-0.10523024289405214,0.9296565648251303,-1.08434472117159,-6.475127584337896,0.28093325276555886,0.9993303802855232,Not significant
GENE3968,0,Other,15q,protein_coding,45,43,8.180227777777779,8.285260930232559,0.1050331524547854,1.0755191050975585,0.8970102117607938,-6.659382704727111,0.37196205596311016,0.9993303802855232,Not significant
GENE3552,0,Other,21q,protein_coding,45,43,8.633906444444444,8.529175581395348,-0.10473086304909174,0.9299784153176024,-1.033661437586338,-6.528342721768168,0.30389671819056685,0.9993303802855232,Not significant
GENE3367,0,Other,12p,protein_coding,45,43,7.516701555555556,7.412002093023256,-0.104699462532297,0.929998656685192,-0.9456284728864575,-6.614846276995111,0.3467170263464314,0.9993303802855232,Not significant
GENE3109,0,Other,2p,protein_coding,45,43,7.195239333333333,7.29978511627907,0.10454578294573391,1.0751558358859648,0.9850915994440164,-6.577001010397895,0.3270604038938506,0.9993303802855232,Not significant
GENE1790,0,Other,3q,protein_coding,45,43,10.543041555555556,10.647003488372093,0.10396193281653332,1.0747208147250407,0.887724001789187,-6.667626517042373,0.3769124952668871,0.9993303802855232,Not significant
GENE1764,0,Other,21q,protein_coding,45,43,8.720322,8.616382325581394,-0.10393967441860852,0.9304885648098565,-0.970192858877621,-6.591467190175962,0.33439342855680976,0.9993303802855232,Not significant
GENE2752,0,Other,7q,protein_coding,45,43,9.453595777777778,9.349767906976744,-0.10382787080103029,0.9305606770829751,-0.9179038272932472,-6.640526150186097,0.36097430690637455,0.9993303802855232,Not significant
GENE2089,0,Other,2p,protein_coding,45,43,7.6741575555555555,7.570339534883721,-0.10381802067183266,0.9305670305907693,-0.8876130474027507,-6.667724506490674,0.3769718930255237,0.9993303802855232,Not significant
GENE3265,0,Other,2p,protein_coding,45,43,7.549814,7.446259534883721,-0.10355446511628053,0.9307370447012872,-0.8987475832972097,-6.657830989862387,0.3710404375920171,0.9993303802855232,Not significant
GENE2898,0,Other,10q,protein_coding,45,43,8.692816222222222,8.589314186046511,-0.10350203617571196,0.9307708692050837,-0.934901947350225,-6.624870670820075,0.35218935009848074,0.9993303802855232,Not significant
GENE3975,0,Other,4q,protein_coding,45,43,8.271282222222222,8.374605116279069,0.10332289405684669,1.0742448747975208,1.0077600095279853,-6.554576527379351,0.3161082155935182,0.9993303802855232,Not significant
GENE3150,0,Other,10q,protein_coding,45,43,9.545212666666666,9.64847023255814,0.10325756589147161,1.0741962319062945,0.944935885120704,-6.615496919300909,0.347068693018577,0.9993303802855232,Not significant
GENE1851,0,Other,4q,protein_coding,45,43,7.715310666666666,7.8182872093023255,0.10297654263565814,1.0739870090873862,1.010794520137778,-6.551536764904022,0.3146608725364416,0.9993303802855232,Not significant
GENE1078,0,Other,19q,protein_coding,45,43,8.098572444444445,7.9963772093023255,-0.10219523514211915,0.9316143484893564,-0.9741814447603585,-6.587615587380099,0.3324198087964967,0.9993303802855232,Not significant
GENE1495,0,Other,12p,protein_coding,45,43,9.226279555555555,9.124603488372093,-0.10167606718346178,0.9319496593776349,-0.8692465057922127,-6.68377882871329,0.38688484150122704,0.9993303802855232,Not significant
GENE1512,0,Other,21q,protein_coding,45,43,9.215036444444445,9.11364511627907,-0.10139132816537533,0.9321336127509295,-0.9758098315094997,-6.586038672724589,0.33161625683355345,0.9993303802855232,Not significant
GENE2921,0,Other,9p,protein_coding,45,43,7.592381333333333,7.491230930232558,-0.10115040310077816,0.9322892888273783,-0.888149877976287,-6.667250292313387,0.37668456331036737,0.9993303802855232,Not significant
GENE3549,0,Other,18q,protein_coding,45,43,8.75065888888889,8.649566511627906,-0.10109237726098286,0.9323267866736299,-0.8096278447629793,-6.733613071413348,0.42016043861322716,0.9993303802855232,Not significant
GENE3599,0,Other,20q,protein_coding,45,43,7.34354,7.444628837209303,0.10108883720930173,1.0725826614871548,0.8678757031333331,-6.6849638095589485,0.3876311262915777,0.9993303802855232,Not significant
GENE1237,0,Other,2p,protein_coding,45,43,8.917482666666666,9.018567209302326,0.10108454263565925,1.0725794686582888,0.8665268583090937,-6.686128012277446,0.38836632628029766,0.9993303802855232,Not significant
GENE2083,0,Other,12p,protein_coding,45,43,9.353480222222222,9.45454511627907,0.10106489405684371,1.07256486091506,0.9580579144830127,-6.603090087962003,0.34044508253141104,0.9993303802855232,Not significant
GENE2376,0,Other,21q,protein_coding,45,43,6.794002222222222,6.6932916279069765,-0.10071059431524709,0.932573542611955,-0.8794064350218486,-6.674938779349425,0.38138142324818436,0.9993303802855232,Not significant
GENE3889,0,Other,2p,protein_coding,45,43,5.640377555555555,5.74099511627907,0.10061756072351535,1.07223234460067,0.9465512045671218,-6.613978702230612,0.3462488604720966,0.9993303802855232,Not significant
GENE1965,0,Other,18q,protein_coding,45,43,9.635393333333333,9.73587534883721,0.10048201550387859,1.0721316101159828,0.8231291426968026,-6.722633095049054,0.4124787979664629,0.9993303802855232,Not significant
GENE3201,0,Other,18q,protein_coding,45,43,8.147225777777777,8.046822093023255,-0.10040368475452333,0.9327719533461635,-0.9030013499550825,-6.654019322618526,0.3687900378426976,0.9993303802855232,Not significant
GENE1163,0,Other,20q,protein_coding,45,43,8.332087555555555,8.23188511627907,-0.10020243927648309,0.9329020773331882,-0.9682780291574878,-6.59331075341918,0.33534363902621056,0.9993303802855232,Not significant
GENE3290,0,Other,3q,protein_coding,45,43,9.54003311111111,9.440112325581396,-0.09992078552971684,0.9330842232532925,-0.8802268155603218,-6.674220564491763,0.3809391798535906,0.9993303802855232,Not significant
GENE3445,0,Other,2p,protein_coding,45,43,8.508388444444444,8.607950697674418,0.09956225322997803,1.0714483112135562,0.8859159928249535,-6.669221760191718,0.3778811161505612,0.9993303802855232,Not significant
GENE2866,0,Other,19q,protein_coding,45,43,6.706960222222222,6.806277906976744,0.09931768475451985,1.071266692601959,0.8817247453277419,-6.672907478871307,0.3801325148521676,0.9993303802855232,Not significant
GENE1887,0,Other,4q,protein_coding,45,43,9.61263311111111,9.711925348837209,0.09929223772610207,1.0712477971924785,0.8973302529791608,-6.659097085139596,0.37179217640136286,0.9993303802855232,Not significant
GENE2178,0,Other,10q,protein_coding,45,43,8.26993911111111,8.36908,0.09914088888889161,1.071135421673208,1.0840604583446853,-6.475432980022045,0.2810586178050436,0.9993303802855232,Not significant
GENE2025,0,Other,18q,protein_coding,45,43,8.360292444444445,8.459408139534883,0.09911569509044149,1.071116716587563,0.8264896495991902,-6.7198723253860555,0.41058004058962105,0.9993303802855232,Not significant
GENE3403,0,Other,12p,protein_coding,45,43,8.53392911111111,8.434823488372093,-0.09910562273901924,0.9336115907445196,-0.8876120169839316,-6.667725416449354,0.3769724446721865,0.9993303802855232,Not significant
GENE1531,0,Other,12p,protein_coding,45,43,6.913039333333334,6.8140058139534885,-0.09903351937984706,0.9336582521747983,-0.8746215252760153,-6.679114672870805,0.38396720211844426,0.9993303802855232,Not significant
GENE1173,0,Other,18q,protein_coding,45,43,7.791351555555556,7.890141395348837,0.09878983979328204,1.070874815401096,0.763570130231277,-6.7697211540797975,0.4469997841036384,0.9993303802855232,Not significant
GENE1439,0,Other,20q,protein_coding,45,43,7.4466515555555555,7.54499465116279,0.09834309560723398,1.0705432602073726,0.9702034790357505,-6.5914569553234506,0.334388163355956,0.9993303802855232,Not significant
GENE1886,0,Other,3q,protein_coding,45,43,8.352575111111111,8.25442,-0.09815511111111164,0.9342268982378883,-0.7823215896281792,-6.7552723663555305,0.43595496321723926,0.9993303802855232,Not significant
GENE2304,0,Other,21q,protein_coding,45,43,7.082324888888889,7.18032511627907,0.0980002273901821,1.0702888671200446,0.8488970030857913,-6.701180584607104,0.39805478345895473,0.9993303802855232,Not significant
GENE2280,0,Other,21q,protein_coding,45,43,8.022009333333333,7.924098837209303,-0.09791049612403047,0.9343853137512316,-0.8315398233448619,-6.71570258702248,0.40773652416002115,0.9993303802855232,Not significant
GENE2842,0,Other,19q,protein_coding,45,43,8.068066666666667,8.165921627906977,0.0978549612403139,1.0701811042794656,0.8290410833998901,-6.717768831776862,0.4091419548816789,0.9993303802855232,Not significant
GENE1003,0,Other,12p,protein_coding,45,43,8.146666444444444,8.244493023255814,0.09782657881136814,1.0701600505990188,0.8553007792811633,-6.695748200574869,0.39451861416027867,0.9993303802855232,Not significant
GENE3353,0,Other,9p,protein_coding,45,43,9.780503333333334,9.87818976744186,0.09768643410852462,1.0700560993315589,0.8886693324496617,-6.666791159015489,0.3764066645353311,0.9993303802855232,Not significant
GENE2584,0,Other,7q,protein_coding,45,43,8.708613555555555,8.610936511627907,-0.09767704392764642,0.9345365251628074,-0.8889799478989584,-6.666516487355261,0.3762405522797475,0.9993303802855232,Not significant
GENE3631,0,Other,12p,protein_coding,45,43,9.360059111111111,9.457650697674419,0.09759158656330591,1.0699857526156915,0.9018050061613692,-6.655093117163757,0.3694220745379202,0.9993303802855232,Not significant
GENE1966,0,Other,19q,protein_coding,45,43,9.636077333333333,9.73259976744186,0.09652243410852535,1.0691931013091458,0.8828954892229359,-6.671879675281264,0.3795027889131446,0.9993303802855232,Not significant
GENE2484,0,Other,21q,protein_coding,45,43,8.773567777777778,8.869878139534883,0.09631036175711039,1.0690359443051016,0.8911075556597805,-6.66463254413502,0.37510397690891817,0.9993303802855232,Not significant
GENE1904,0,Other,15q,protein_coding,45,43,7.938711111111111,8.034618139534883,0.09590702842377574,1.068737116380826,0.9382426263242337,-6.6217607007873776,0.3504791199997732,0.9993303802855232,Not significant
GENE1490,0,Other,3q,protein_coding,45,43,8.384704888888889,8.480348837209302,0.09564394832041323,1.0685422464817127,0.906277529906671,-6.6510715801640234,0.36706270969847954,0.9993303802855232,Not significant
GENE1991,0,Other,20q,protein_coding,45,43,8.588029333333333,8.492412790697674,-0.095616542635657,0.9358722124896941,-0.9852693961123347,-6.576827071333429,0.3269735392370572,0.9993303802855232,Not significant
GENE2330,0,Other,3q,protein_coding,45,43,9.140593555555556,9.045400697674419,-0.09519285788113585,0.9361470959588192,-0.8562705334028647,-6.694922043803106,0.3939848030520675,0.9993303802855232,Not significant
GENE1370,0,Other,3q,protein_coding,45,43,7.867554,7.96273,0.09517600000000037,1.0681957134645421,0.8344127877246882,-6.713319316753329,0.4061242256412214,0.9993303802855232,Not significant
GENE3046,0,Other,19q,protein_coding,45,43,8.616039555555556,8.52120511627907,-0.09483443927648239,0.9363796982823507,-1.0121828476414583,-6.550143052155279,0.3140001721292674,0.9993303802855232,Not significant
GENE3755,0,Other,20q,protein_coding,45,43,8.239732444444444,8.145395813953488,-0.09433663049095742,0.9367028563011996,-0.9483232403995454,-6.612310262590515,0.34535093102335257,0.9993303802855232,Not significant
GENE1036,0,Other,7q,protein_coding,45,43,8.038425555555555,7.944176744186047,-0.0942488113695088,0.936759876616151,-0.9138749855871967,-6.644195395830884,0.3630767877072838,0.9993303802855232,Not significant
GENE2477,0,Other,9p,protein_coding,45,43,8.657560222222223,8.751549302325582,0.09398908010335738,1.0673172593830464,0.7894951456323206,-6.749653323792463,0.4317722840919258,0.9993303802855232,Not significant
GENE2091,0,Other,4q,protein_coding,45,43,7.9750033333333334,8.068955348837209,0.09395201550387355,1.0672898390499503,0.8319517034282174,-6.715361408965986,0.4075051407099237,0.9993303802855232,Not significant
GENE3180,0,Other,21q,protein_coding,45,43,10.343323333333334,10.249399302325582,-0.09392403100775049,0.9369707842931272,-0.8396341207579477,-6.708967217723629,0.40320394717572217,0.9993303802855232,Not significant
GENE3839,0,Other,20q,protein_coding,45,43,9.487126,9.5808248837209309,0.09369888372093094,1.0671025913833556,0.8260081158324916,-6.720268602189734,0.4108517931832082,0.9993303802855232,Not significant
GENE2871,0,Other,4q,protein_coding,45,43,9.213547777777778,9.306997441860466,0.09344966408268718,1.066918269717788,0.8242447000081379,-6.721717856633706,0.4118478990695197,0.9993303802855232,Not significant
GENE3517,0,Other,2p,protein_coding,45,43,7.309078888888889,7.215810930232558,-0.09326795865633031,0.9373969730599655,-0.7842103792958377,-6.753797788708614,0.4348513727674943,0.9993303802855232,Not significant
GENE3829,0,Other,2p,protein_coding,45,43,7.874046,7.967136511627907,0.09309051162790638,1.0666526982612696,0.8126125812910973,-6.731201142209987,0.4184549442668627,0.9993303802855232,Not significant
GENE2050,0,Other,19q,protein_coding,45,43,8.36774,8.460726976744187,0.09298697674418399,1.066576152770126,0.7718442032053479,-6.7633883048657815,0.4421064493804162,0.9993303802855232,Not significant
GENE1544,0,Other,15q,protein_coding,45,43,9.610445777777779,9.517502790697675,-0.09294298708010551,0.9376081484469737,-0.8320854600611447,-6.7152505767549195,0.4074300168403404,0.9993303802855232,Not significant
GENE3237,0,Other,18q,protein_coding,45,43,7.316306444444445,7.409093488372093,0.09278704392764592,1.0664283538292816,0.8907929639988298,-6.664911386172045,0.3752718969625237,0.9993303802855232,Not significant
GENE2168,0,Other,15q,protein_coding,45,43,8.52791888888889,8.620543488372093,0.09262459948320512,1.0663082829868924,0.8338984528362486,-6.713746579046489,0.4064125842771821,0.9993303802855232,Not significant
GENE1306,0,Other,19q,protein_coding,45,43,9.128290222222223,9.035747674418605,-0.0925425478036157,0.9378684302314578,-0.8629851841341047,-6.689176385118135,0.39030085009197557,0.9993303802855232,Not significant
GENE1896,0,Other,21q,protein_coding,45,43,7.714792888888889,7.807215813953488,0.09242292506459648,1.0661592341117583,0.8286098880865698,-6.718124773431081,0.40938477906705584,0.9993303802855232,Not significant
GENE1791,0,Other,4q,protein_coding,45,43,6.652363333333334,6.744577906976744,0.09221457364341124,1.0660052724317857,0.8460244590625854,-6.70360432642609,0.39964728701493424,0.9993303802855232,Not significant
GENE3282,0,Other,10q,protein_coding,45,43,9.047704,9.13979511627907,0.09209111627907163,1.0659140538674359,0.9155282551081777,-6.64269160818527,0.36221307665822533,0.9993303802855232,Not significant
GENE3816,0,Other,21q,protein_coding,45,43,10.567445555555556,10.475731162790698,-0.09171439276485316,0.9384069525198225,-0.9057737479243663,-6.6515255406339016,0.36732798921565957,0.9993303802855232,Not significant
GENE1316,0,Other,15q,protein_coding,45,43,9.179220666666666,9.270916279069768,0.09169561240310387,1.0656218816844372,0.7761621824434589,-6.76005662306903,0.43956518502719677,0.9993303802855232,Not significant
GENE1247,0,Other,20q,protein_coding,45,43,7.935132666666667,7.843661162790697,-0.09147150387596792,0.9385649539015496,-0.8410633711833021,-6.7077712419608,0.4024068038485341,0.9993303802855232,Not significant
GENE3007,0,Other,12p,protein_coding,45,43,7.488820444444444,7.397610232558139,-0.09121021188630252,0.9387349563669042,-0.815698490663381,-6.728698253686715,0.4166959985456673,0.9993303802855232,Not significant
GENE2541,0,Other,18q,protein_coding,45,43,7.890651777777777,7.981496744186046,0.09084496640827489,1.0649937518471158,0.7792817510045861,-6.757638196303361,0.43773453355887926,0.9993303802855232,Not significant
GENE1355,0,Other,20q,protein_coding,45,43,8.654722666666666,8.564188139534883,-0.0905345271317799,0.9391747149007903,-0.7278922046095373,-6.796255946878655,0.4684548526841471,0.9993303802855232,Not significant
GENE2236,0,Other,7q,protein_coding,45,43,9.802922888888888,9.71264465116279,-0.09027823772609445,0.9393415706143936,-0.8229426246051024,-6.722786001137811,0.4125843392635755,0.9993303802855232,Not significant
GENE3113,0,Other,9p,protein_coding,45,43,8.74396488888889,8.653897674418605,-0.09006721447028276,0.9394789783192024,-0.8084966866705036,-6.734524859080911,0.42080787072912884,0.9993303802855232,Not significant
GENE2300,0,Other,15q,protein_coding,45,43,5.391604666666667,5.481594651162791,0.08998998449612383,1.0643627933888775,0.8118094746153514,-6.731850983688245,0.41891343619471333,0.9993303802855232,Not significant
GENE2225,0,Other,9p,protein_coding,45,43,9.545679333333334,9.635556279069768,0.08987694573643701,1.064279401172731,0.7683751749667915,-6.76605165292232,0.4441542521982009,0.9993303802855232,Not significant
GENE3428,0,Other,15q,protein_coding,45,43,10.484980888888888,10.395800930232559,-0.089179958656322,0.9400569345283791,-0.7649576172399128,-6.7686638973049975,0.44617703891849125,0.9993303802855232,Not significant
GENE2283,0,Other,4q,protein_coding,45,43,8.906033777777777,8.817164418604651,-0.088869359173124,0.9402593422600933,-0.7638676704268376,-6.769494589933502,0.4468232763925397,0.9993303802855232,Not significant
GENE1005,0,Other,18q,protein_coding,45,43,8.907247111111111,8.818556976744187,-0.08869013436692086,0.9403761571526849,-0.8308345647520966,-6.716286396501096,0.4081329046135822,0.9993303802855232,Not significant
GENE1467,0,Other,4q,protein_coding,45,43,8.880414,8.79195465116279,-0.08845934883720652,0.9405265995974945,-0.7806171203607984,-6.756600031836904,0.4369522646101889,0.9993303802855232,Not significant
GENE2953,0,Other,2p,protein_coding,45,43,8.992836222222222,9.081086744186047,0.08825052196382721,1.0630802607229173,0.7321572729141096,-6.793149928443682,0.4658599378077999,0.9993303802855232,Not significant
GENE2437,0,Other,2p,protein_coding,45,43,9.225690888888888,9.137533953488372,-0.08815693540051583,0.9407237706459606,-0.7470412327619883,-6.782170207637873,0.4568681936349771,0.9993303802855232,Not significant
GENE2255,0,Other,20q,protein_coding,45,43,9.437736666666666,9.525636976744186,0.08790031007752219,1.0628222310295379,0.7596450157729032,-6.772701798568805,0.44933202067801536,0.9993303802855232,Not significant
GENE1461,0,Other,18q,protein_coding,45,43,8.499594444444444,8.41173023255814,-0.08786421188630378,0.9409146633146691,-0.8297782779758378,-6.717159872115911,0.40872701135017586,0.9993303802855232,Not significant
GENE2387,0,Other,20q,protein_coding,45,43,8.25758488888889,8.34535488372093,0.08776999483204229,1.0627262331360647,0.8410659625394661,-6.707769071731935,0.40240535943012157,0.9993303802855232,Not significant
GENE2760,0,Other,21q,protein_coding,45,43,9.924238888888889,10.011906511627908,0.08766762273901385,1.0626508258976153,0.8548116695205269,-6.696164535158651,0.39478801816416753,0.9993303802855232,Not significant
GENE1494,0,Other,10q,protein_coding,45,43,9.35146311111111,9.439044186046512,0.08758107493540734,1.0625870789977017,0.7639012928897896,-6.769468982381431,0.44680333330478705,0.9993303802855232,Not significant
GENE1255,0,Other,12p,protein_coding,45,43,8.371568666666667,8.284095813953488,-0.08747285271317651,0.9411699393946719,-0.8446823604562649,-6.704733963634043,0.40039266245697314,0.9993303802855232,Not significant
GENE1833,0,Other,18q,protein_coding,45,43,9.162138,9.07489023255814,-0.0872477674418608,0.9413167895685716,-0.8775561331674558,-6.676556235817737,0.38238004178680496,0.9993303802855232,Not significant
GENE3644,0,Other,15q,protein_coding,45,43,7.949378222222222,7.862136976744186,-0.0872412454780358,0.9413210449709624,-0.8834319876003366,-6.671408231635478,0.3792144321786023,0.9993303802855232,Not significant
GENE3504,0,Other,21q,protein_coding,45,43,7.26063,7.347868604651163,0.08723860465116129,1.0623348695564547,0.8231808788143333,-6.722590676128066,0.4124495259546028,0.9993303802855232,Not significant
GENE3433,0,Other,2p,protein_coding,45,43,6.131578888888889,6.044340930232558,-0.08723795865633033,0.9413231895392038,-0.8051385760987417,-6.737224308976478,0.4227334273988159,0.9993303802855232,Not significant
GENE3184,0,Other,7q,protein_coding,45,43,8.769349111111111,8.682126046511629,-0.08722306459947937,0.9413329075967789,-0.8084660363991139,-6.73454954771482,0.42082542205926654,0.9993303802855232,Not significant
GENE1115,0,Other,20q,protein_coding,45,43,9.45717111111111,9.544150697674418,0.08697958656331117,1.0621441575632031,0.7693213984635119,-6.765326364568397,0.44359514198108707,0.9993303802855232,Not significant
GENE2020,0,Other,7q,protein_coding,45,43,8.016871555555555,7.930001627906977,-0.08686992764858203,0.9415633513917564,-0.7332441132013113,-6.792355572704321,0.46519999099507525,0.9993303802855232,Not significant
GENE3881,0,Other,9p,protein_coding,45,43,7.993855777777778,7.90729976744186,-0.08655601033591687,0.9417682493001355,-0.7924144665040798,-6.747352129091461,0.4300769026042469,0.9993303802855232,Not significant
GENE3727,0,Other,12p,protein_coding,45,43,9.845264,9.93155069767442,0.08628669767441721,1.0616341598406733,0.7825357419462907,-6.755105354128804,0.4358297549634542,0.9993303802855232,Not significant
GENE3747,0,Other,4q,protein_coding,45,43,7.799345555555555,7.713160232558139,-0.08618532299741499,0.9420102591559933,-0.8570100801545626,-6.694291386633646,0.39357801055959674,0.9993303802855232,Not significant
GENE2239,0,Other,12p,protein_coding,45,43,6.7281231111111115,6.81428488372093,0.08616177260981672,1.0615422353726993,0.8000964375967741,-6.741256665661295,0.42563443746939755,0.9993303802855232,Not significant
GENE3591,0,Other,4q,protein_coding,45,43,8.364022444444444,8.277862325581395,-0.08616011886304697,0.942026716383522,-0.7806308757774373,-6.756589328746857,0.4369442108456544,0.9993303802855232,Not significant
GENE2973,0,Other,18q,protein_coding,45,43,7.921172444444444,8.00727953488372,0.086107090439274,1.061502000720301,0.8169797319605427,-6.727656328932558,0.4159670037192049,0.9993303802855232,Not significant
GENE1696,0,Other,7q,protein_coding,45,43,7.424322222222222,7.510267674418604,0.08594545219638317,1.0613830776617736,0.7871966921715305,-6.751459212977524,0.4331098633526379,0.9993303802855232,Not significant
GENE3523,0,Other,12p,protein_coding,45,43,7.953664666666667,7.868115348837209,-0.08554931782945907,0.9424256313974217,-0.7804281430228297,-6.7567470562575815,0.4370629191937033,0.9993303802855232,Not significant
GENE1105,0,Other,2p,protein_coding,45,43,8.237807333333333,8.152342558139535,-0.08546477519379891,0.942480859618966,-0.8175504331357791,-6.727191707032265,0.41564253511036353,0.9993303802855232,Not significant
GENE2701,0,Other,2p,protein_coding,45,43,9.09972488888889,9.185050697674418,0.08532580878552842,1.0609273071807406,0.7665726551533458,-6.767430860310755,0.44522046571002094,0.9993303802855232,Not significant
GENE3745,0,Other,2p,protein_coding,45,43,9.236763333333334,9.321801627906977,0.08503829457364454,1.0607158963994359,0.7529154781632335,-6.777776742519874,0.4533468668742908,0.9993303802855232,Not significant
GENE2451,0,Other,4q,protein_coding,45,43,8.528038888888888,8.44335511627907,-0.08468377260981619,0.9429912095128525,-0.7513806423474727,-6.778927958671092,0.454265422566861,0.9993303802855232,Not significant
GENE3593,0,Other,9p,protein_coding,45,43,8.687929333333333,8.603265348837208,-0.08466398449612278,0.9430041437399127,-0.7314722078441686,-6.793650033880871,0.4662761915398608,0.9993303802855232,Not significant
GENE3586,0,Other,19q,protein_coding,45,43,9.36947,9.453990465116279,0.0845204651162792,1.06033523981021,0.7659023154324798,-6.767942958053887,0.4456173579894518,0.9993303802855232,Not significant
GENE3870,0,Other,10q,protein_coding,45,43,7.9231942222222225,7.8386881395348835,-0.0845060826873425,0.9431073604313589,-0.791928673913726,-6.747735643136395,0.4303587516936861,0.9993303802855232,Not significant
GENE1067,0,Other,20q,protein_coding,45,43,7.726291111111111,7.641843255813954,-0.08444785529715837,0.9431454251552972,-0.7308415786590217,-6.794109991284442,0.4666595546996687,0.9993303802855232,Not significant
GENE2103,0,Other,4q,protein_coding,45,43,7.904628444444445,7.8208579069767445,-0.08377053746770091,0.9435883179163903,-0.7752583842793279,-6.760755497631537,0.4400963923218496,0.9993303802855232,Not significant
GENE3521,0,Other,9p,protein_coding,45,43,7.888871555555555,7.805326976744186,-0.08354457881136756,0.9437361167513361,-0.7039331515940844,-6.8133703674802994,0.48318187177337146,0.9993303802855232,Not significant
GENE2426,0,Other,3q,protein_coding,45,43,9.082191777777778,9.165643953488372,0.08345217571059393,1.0595503715004964,0.7716902389309173,-6.763506762268882,0.4421972195288495,0.9993303802855232,Not significant
GENE3098,0,Other,3q,protein_coding,45,43,9.152792666666667,9.069492790697675,-0.08329987596898647,0.943896202209323,-0.7224681236161223,-6.800180087331057,0.47176663305682065,0.9993303802855232,Not significant
GENE3025,0,Other,2p,protein_coding,45,43,7.943640444444444,7.860347906976744,-0.08329253746770426,0.9439010035019809,-0.7534358537307707,-6.777385903633138,0.4530356787105746,0.9993303802855232,Not significant
GENE2181,0,Other,18q,protein_coding,45,43,8.664319333333333,8.58134976744186,-0.08296956589147264,0.9441123352887226,-0.768808475765875,-6.765719633594587,0.4438981701241972,0.9993303802855232,Not significant
GENE3320,0,Other,15q,protein_coding,45,43,9.509447333333334,9.426515581395348,-0.08293175193798596,0.9441370813970774,-0.7045697944448637,-6.812922930374198,0.4827872685177623,0.9993303802855232,Not significant
GENE1484,0,Other,15q,protein_coding,45,43,9.033588666666667,8.950788837209302,-0.08279982945736819,0.9442234188399389,-0.7650332939674916,-6.768606177567925,0.44613218970870117,0.9993303802855232,Not significant
GENE2415,0,Other,4q,protein_coding,45,43,7.743068888888889,7.66088976744186,-0.08217912144702755,0.9446297508232939,-0.718747308662812,-6.802855183995797,0.4740460102172208,0.9993303802855232,Not significant
GENE2186,0,Other,3q,protein_coding,45,43,8.554915555555555,8.636979302325582,0.08206374677002515,1.058531165987617,0.6578838809996196,-6.844671813145315,0.512190450134777,0.9993303802855232,Not significant
GENE2240,0,Other,15q,protein_coding,45,43,8.89717488888889,8.97921465116279,0.08203976227390264,1.0585135682799311,0.7276343516143527,-6.796443152018991,0.4686119934313576,0.9993303802855232,Not significant
GENE3967,0,Other,12p,protein_coding,45,43,9.743924,9.661956279069768,-0.08196772093022986,0.9447681791420987,-0.7520187272191625,-6.778449639829826,0.4538834175107731,0.9993303802855232,Not significant
GENE3206,0,Other,3q,protein_coding,45,43,8.184351111111111,8.266304651162791,0.08195354005167843,1.0584503084347834,0.7952041412132863,-6.745145298002674,0.4284604868517403,0.9993303802855232,Not significant
GENE2301,0,Other,18q,protein_coding,45,43,7.696913111111111,7.77881488372093,0.08190177260982168,1.0584123293191694,0.7339538616376668,-6.791836199075524,0.46476930548116646,0.9993303802855232,Not significant
GENE3369,0,Other,18q,protein_coding,45,43,8.944686,9.026408604651163,0.08172260465116565,1.058280893501967,0.791199397591908,-6.748310942198789,0.43078207053855255,0.9993303802855232,Not significant
GENE2686,0,Other,19q,protein_coding,45,43,7.885634444444444,7.967320465116279,0.08168602067183794,1.05825405786841,0.8021813610159474,-6.7395923172429475,0.42443344153875295,0.9993303802855232,Not significant
GENE1713,0,Other,18q,protein_coding,45,43,7.569774,7.488550930232558,-0.08122306976744209,0.9452559498053998,-0.7555184376701297,-6.775819064959765,0.4517915060162998,0.9993303802855232,Not significant
GENE3086,0,Other,3q,protein_coding,45,43,7.758673333333333,7.839888372093023,0.08121503875969172,1.0579086368628348,0.7409215653894388,-6.7867110552760614,0.4605531845533868,0.9993303802855232,Not significant
GENE3253,0,Other,2p,protein_coding,45,43,9.578805333333333,9.659992093023256,0.08118675968992584,1.0578879004091177,0.7749107850561662,-6.761024069505924,0.44030079329235805,0.9993303802855232,Not significant
GENE2947,0,Other,12p,protein_coding,45,43,8.199233333333334,8.280197209302326,0.08096387596899035,1.057724478637781,0.7574878722933982,-6.774333423206757,0.4506167382588927,0.9993303802855232,Not significant
GENE1977,0,Other,18q,protein_coding,45,43,6.788151777777778,6.70748488372093,-0.08066689405684535,0.9456204272139334,-0.7219422432554783,-6.800559000414523,0.47208841539641333,0.9993303802855232,Not significant
GENE3705,0,Other,18q,protein_coding,45,43,9.40719088888889,9.487781162790698,0.08059027390180695,1.0574506044798009,0.7260297197085314,-6.79760666459984,0.4695905537877917,0.9993303802855232,Not significant
GENE3733,0,Other,2p,protein_coding,45,43,8.711359111111111,8.79185488372093,0.08049577260981877,1.057381340239827,0.679527409296346,-6.830220988493471,0.49844231378515,0.9993303802855232,Not significant
GENE2720,0,Other,15q,protein_coding,45,43,7.943274,7.8627944186046514,-0.08047958139534295,0.9457432100426757,-0.6836739869710502,-6.827399548651769,0.49583130926266683,0.9993303802855232,Not significant
GENE3883,0,Other,12p,protein_coding,45,43,6.756809555555556,6.8372490697674415,0.08043951421188744,1.0573401080884135,0.7925414158983367,-6.747251869311342,0.4300032665423268,0.9993303802855232,Not significant
GENE1055,0,Other,20q,protein_coding,45,43,8.34598888888889,8.426127906976744,0.0801390180878574,1.0571198997226612,0.7226153806551023,-6.8000739351671875,0.47167654956642224,0.9993303802855232,Not significant
GENE1663,0,Other,12p,protein_coding,45,43,8.22781311111111,8.307722325581395,0.07990921447028576,1.056951526904135,0.6550169282557011,-6.846551244076643,0.5140265144163811,0.9993303802855232,Not significant
GENE3442,0,Other,19q,protein_coding,45,43,8.790356666666666,8.86997511627907,0.07961844961240594,1.0567385273551209,0.7278615558039924,-6.796278201805918,0.4684735291244543,0.9993303802855232,Not significant
GENE3470,0,Other,3q,protein_coding,45,43,8.926865555555556,8.8476779069767435,-0.07918764857880767,0.9465905020169948,-0.6851893479959229,-6.826364216702322,0.4948789744297428,0.9993303802855232,Not significant
GENE2149,0,Other,2p,protein_coding,45,43,7.345100444444444,7.42396534883721,0.07886490439276539,1.0561867181934763,0.6871067724534388,-6.825050932198319,0.49367538555858725,0.9993303802855232,Not significant
GENE2064,0,Other,21q,protein_coding,45,43,8.766296,8.84478534883721,0.07848934883720915,1.0559118124406661,0.8419943499024348,-6.706991134797967,0.40188808080511773,0.9993303802855232,Not significant
GENE0975,0,Other,4q,protein_coding,45,43,9.37489,9.453187209302325,0.07829720930232398,1.0557711944380157,0.6772162363488214,-6.831786193312181,0.4999008231934432,0.9993303802855232,Not significant
GENE1069,0,Other,2p,protein_coding,45,43,9.260972888888888,9.182947441860465,-0.07802544702842518,0.947353360525537,-0.7293070392072206,-6.7952275884052575,0.4675931518580978,0.9993303802855232,Not significant
GENE2120,0,Other,15q,protein_coding,45,43,7.669384,7.747388372093023,0.0780043720930248,1.055556916502528,0.7875307701828169,-6.751197051495634,0.4329152963780575,0.9993303802855232,Not significant
GENE1018,0,Other,19q,protein_coding,45,43,6.681771555555556,6.7597137209302325,0.07794216537467769,1.0555114035463402,0.7358674862500784,-6.79043338769449,0.46360921392046517,0.9993303802855232,Not significant
GENE3969,0,Other,18q,protein_coding,45,43,7.903416666666667,7.981173953488372,0.07775728682170602,1.0553761504870032,0.6638232629476396,-6.8407523731836894,0.5083978120637382,0.9993303802855232,Not significant
GENE2592,0,Other,21q,protein_coding,45,43,7.468931333333333,7.5466772093023256,0.07774587596899085,1.0553678031274811,0.7154259210781986,-6.8052315682574305,0.47608588013664643,0.9993303802855232,Not significant
GENE2758,0,Other,19q,protein_coding,45,43,7.567067555555556,7.64464511627907,0.07757756072351718,1.0552446834631346,0.6416086265277451,-6.85523305538619,0.5226594540858027,0.9993303802855232,Not significant
GENE1393,0,Other,2p,protein_coding,45,43,7.340861555555556,7.41818488372093,0.07732332816537468,1.0550587440157009,0.7187260886885297,-6.802870401009071,0.4740590272141961,0.9993303802855232,Not significant
GENE1303,0,Other,12p,protein_coding,45,43,8.832342888888888,8.909401860465117,0.07705897157622665,1.0548654348471254,0.693520052138717,-6.820631941204906,0.48966128798806996,0.9993303802855232,Not significant
GENE3845,0,Other,9p,protein_coding,45,43,8.909156444444445,8.986102093023256,0.07694564857881225,1.054782578931803,0.7584478052155393,-6.773607913237532,0.4500447757718211,0.9993303802855232,Not significant
GENE1048,0,Other,7q,protein_coding,45,43,10.209576222222223,10.132695813953488,-0.07688040826873532,0.9481055547696315,-0.7266048643642348,-6.797189921448813,0.46923967870862593,0.9993303802855232,Not significant
GENE2274,0,Other,10q,protein_coding,45,43,9.028492444444444,8.951808372093023,-0.07668407235141927,0.9482345909383727,-0.6598308554793483,-6.843390836546928,0.5109455453625609,0.9993303802855232,Not significant
GENE2281,0,Other,2p,protein_coding,45,43,7.958862666666667,7.882288837209302,-0.0765738294573639,0.9483070526275917,-0.620812785064056,-6.868346054921092,0.536196987211541,0.9993303802855232,Not significant
GENE3700,0,Other,7q,protein_coding,45,43,6.960549555555556,6.883982093023256,-0.07656746253229851,0.9483112377208338,-0.77398791674813,-6.761736544869304,0.44084374163441964,0.9993303802855232,Not significant
GENE2135,0,Other,20q,protein_coding,45,43,8.247468222222222,8.17116,-0.076308222222222,0.948481656680779,-0.6808328706232416,-6.829334551792383,0.49761949464299093,0.9993303802855232,Not significant
GENE1157,0,Other,9p,protein_coding,45,43,7.920484222222222,7.996652093023256,0.07616787080103471,1.054214083632613,0.7394189105813213,-6.787820392530491,0.46146059148583174,0.9993303802855232,Not significant
GENE3207,0,Other,4q,protein_coding,45,43,9.487712666666667,9.41165511627907,-0.0760575503875991,0.9486464720346358,-0.7374636801819356,-6.78926051118338,0.46264281210850344,0.9993303802855232,Not significant
GENE1500,0,Other,21q,protein_coding,45,43,9.683528888888889,9.607559534883721,-0.07596935400516536,0.9487044674821413,-0.6704428959057082,-6.836342907233639,0.5041884852692688,0.9993303802855232,Not significant
GENE2754,0,Other,10q,protein_coding,45,43,7.750764888888889,7.674848604651163,-0.0759162842377279,0.9487393663693361,-0.6562831884766276,-6.845722150091846,0.5132151428914669,0.9993303802855232,Not significant
GENE2299,0,Other,12p,protein_coding,45,43,7.5826022222222225,7.506800465116279,-0.07580175710593995,0.9488146842350509,-0.6104139338524531,-6.874742422229941,0.5430329797310862,0.9993303802855232,Not significant
GENE3424,0,Other,7q,protein_coding,45,43,8.812124,8.887743953488371,0.07561995348837414,1.0538137824889895,0.6239353373235647,-6.866404439367728,0.5341529070590048,0.9993303802855232,Not significant
GENE3170,0,Other,3q,protein_coding,45,43,6.514795333333334,6.590356046511628,0.07556071317829804,1.0537705114082947,0.7365469541353337,-6.789934424710874,0.4631976964034652,0.9993303802855232,Not significant
GENE2325,0,Other,18q,protein_coding,45,43,8.889631555555555,8.814536046511629,-0.07509550904392803,0.9492792748503079,-0.7019694518398282,-6.814747948020686,0.48440012965322443,0.9993303802855232,Not significant
GENE3022,0,Other,19q,protein_coding,45,43,7.710860444444444,7.635876046511628,-0.07498439793281797,0.9493523876938164,-0.6892523490429351,-6.823577073589943,0.49233047213935854,0.9993303802855232,Not significant
GENE0992,0,Other,15q,protein_coding,45,43,8.999777111111111,9.074696744186047,0.07491963307493066,1.0533023589460564,0.6894720108771805,-6.823425924793601,0.49219289405247746,0.9993303802855232,Not significant
GENE3965,0,Other,9p,protein_coding,45,43,8.379856,8.305146279069767,-0.07470972093023143,0.949533153611901,-0.6519915334923904,-6.848525720316121,0.5159678133182458,0.9993303802855232,Not significant
GENE3628,0,Other,7q,protein_coding,45,43,8.101122222222223,8.175656279069768,0.07453405684754699,1.0530208898399511,0.6723531383829752,-6.835062399336589,0.5029772712755083,0.9993303802855232,Not significant
GENE2344,0,Other,7q,protein_coding,45,43,7.660975777777778,7.735456279069767,0.07448050129199046,1.0529818004479201,0.7425566413118738,-6.7855014287637925,0.45956696507567085,0.9993303802855232,Not significant
GENE3832,0,Other,7q,protein_coding,45,43,8.565196222222223,8.490746046511628,-0.07445017571059331,0.9497039928769675,-0.5538907694030719,-6.907633790332486,0.5809441237976346,0.9993303802855232,Not significant
GENE3228,0,Other,21q,protein_coding,45,43,8.045444,7.971047674418605,-0.07439632558139753,0.9497394422517387,-0.6494839418029832,-6.8501553940944095,0.5175797775238977,0.9993303802855232,Not significant
GENE2929,0,Other,2p,protein_coding,45,43,7.9243120000000005,7.8499527906976745,-0.07435920930232864,0.9497638765546478,-0.5905482574692806,-6.886663789496908,0.5562136784817759,0.9993303802855232,Not significant
GENE2814,0,Other,10q,protein_coding,45,43,9.394550666666667,9.468705813953488,0.07415514728682737,1.0527443606501912,0.6558791290924828,-6.845986883585392,0.5134739752019672,0.9993303802855232,Not significant
GENE2688,0,Other,21q,protein_coding,45,43,9.399529777777778,9.325586976744185,-0.07394280103358675,0.9500380485739179,-0.8108129598362869,-6.732656442170352,0.4194827615734952,0.9993303802855232,Not significant
GENE2229,0,Other,18q,protein_coding,45,43,9.445382444444444,9.51908488372093,0.07370243927648801,1.0524140683676855,0.6673968614503227,-6.8383773136248065,0.5061230912176276,0.9993303802855232,Not significant
GENE1573,0,Other,2p,protein_coding,45,43,7.543315111111111,7.616666976744186,0.07335186563307339,1.05215836373129,0.7055737450135687,-6.812216533496012,0.4821653624789962,0.9993303802855232,Not significant
GENE3300,0,Other,21q,protein_coding,45,43,8.901494444444445,8.828263488372093,-0.07323095607234897,0.9505069256746681,-0.6760107215924709,-6.83260051300494,0.5006624980598,0.9993303802855232,Not significant
GENE1957,0,Other,2p,protein_coding,45,43,5.623786222222222,5.696938372093023,0.07315214987080054,1.0520127209864425,0.6871008697240878,-6.825054980678264,0.4936790883243164,0.9993303802855232,Not significant
GENE2099,0,Other,20q,protein_coding,45,43,9.233072444444444,9.160031860465116,-0.07304058397932955,0.9506323589276939,-0.6474074547804923,-6.851500183368897,0.5189166140839453,0.9993303802855232,Not significant
GENE2611,0,Other,12p,protein_coding,45,43,8.254251333333332,8.327192325581395,0.07294099224806239,1.0518587561892112,0.6687120182306164,-6.837500063481688,0.5052873188505453,0.9993303802855232,Not significant
GENE1356,0,Other,21q,protein_coding,45,43,9.760567333333334,9.83347953488372,0.07291220155039291,1.051837765304506,0.6422734901595051,-6.854806753458381,0.5222296056081008,0.9993303802855232,Not significant
GENE3486,0,Other,10q,protein_coding,45,43,6.782443333333333,6.709774883720931,-0.07266844961240082,0.9508776003615833,-0.6864037574098136,-6.825532863959747,0.49411649112038547,0.9993303802855232,Not significant
GENE3245,0,Other,9p,protein_coding,45,43,8.580266444444444,8.652463023255814,0.07219657881136676,1.0513161496159256,0.5533081757598431,-6.907956291590098,0.5813413478872489,0.9993303802855232,Not significant
GENE2475,0,Other,4q,protein_coding,45,43,8.707776666666666,8.63577488372093,-0.07200178294573512,0.9513171006517231,-0.659572871270124,-6.843560788166542,0.5111104093566777,0.9993303802855232,Not significant
GENE3067,0,Other,12p,protein_coding,45,43,9.850705111111111,9.77889488372093,-0.07181022739018594,0.9514434213009226,-0.7393864461539924,-6.787844334875165,0.46148020694126646,0.9993303802855232,Not significant
GENE3869,0,Other,9p,protein_coding,45,43,7.268768,7.340575581395349,0.07180758139535026,1.0510327188667818,0.6905364833583127,-6.822692788345263,0.49152649292113204,0.9993303802855232,Not significant
GENE2550,0,Other,10q,protein_coding,45,43,7.955849555555556,8.027625581395348,0.07177602583979326,1.0510097302533177,0.6399897696421369,-6.856269214946275,0.5237068509105596,0.9993303802855232,Not significant
GENE2535,0,Other,4q,protein_coding,45,43,10.161736444444445,10.090143953488372,-0.07159249095607478,0.9515870272090783,-0.6143391668039929,-6.872340592782359,0.5404474390130241,0.9993303802855232,Not significant
GENE2648,0,Other,15q,protein_coding,45,43,9.03576111111111,9.107237441860464,0.07147633074935911,1.0507914237274063,0.6408661451110226,-6.855708607474829,0.5231397022042257,0.9993303802855232,Not significant
GENE3397,0,Other,2p,protein_coding,45,43,10.383867333333333,10.455106976744187,0.07123964341085554,1.0506190459081344,0.7243942918669014,-6.798789893186316,0.47058907408011763,0.9993303802855232,Not significant
GENE1343,0,Other,20q,protein_coding,45,43,8.591914,8.66303511627907,0.07112111627906792,1.0505327340103576,0.6523841834034932,-6.848269975114752,0.5157156444863908,0.9993303802855232,Not significant
GENE2769,0,Other,18q,protein_coding,45,43,8.262317777777778,8.333315813953488,0.07099803617571432,1.0504431141263744,0.6306252280999484,-6.862212115882459,0.5297870745511934,0.9993303802855232,Not significant
GENE1452,0,Other,21q,protein_coding,45,43,9.32103911111111,9.25010488372093,-0.07093422739017718,0.9520213102540174,-0.6179902519593081,-6.87009280246473,0.538048104472131,0.9993303802855232,Not significant
GENE2674,0,Other,19q,protein_coding,45,43,6.456109555555556,6.385341395348838,-0.07076816020671739,0.9521309027824403,-0.6613243608026504,-6.8424056695880955,0.5099916803872198,0.9993303802855232,Not significant
GENE3938,0,Other,3q,protein_coding,45,43,8.503530222222222,8.574154418604651,0.070624196382429,1.0501709522689817,0.6341838093834133,-6.859964010519731,0.5274722673523893,0.9993303802855232,Not significant
GENE1788,0,Other,21q,protein_coding,45,43,7.9579435555555555,8.028426279069768,0.07048272351421137,1.0500679759585143,0.6895779619082386,-6.823353003089382,0.4921265425388506,0.9993303802855232,Not significant
GENE3657,0,Other,18q,protein_coding,45,43,8.517567777777778,8.58803488372093,0.07046710594315009,1.050056608745067,0.6380233414050356,-6.857524348867169,0.5249805948455091,0.9993303802855232,Not significant
GENE1626,0,Other,10q,protein_coding,45,43,7.798626444444444,7.728319534883721,-0.07030690956072405,0.9524353615860669,-0.7077034038573832,-6.810714773805403,0.48084759238975383,0.9993303802855232,Not significant
GENE3050,0,Other,3q,protein_coding,45,43,8.338143777777777,8.267873023255813,-0.07027075452196385,0.9524592306421947,-0.6663968757874562,-6.83904318989839,0.5067590687178671,0.9993303802855232,Not significant
GENE2362,0,Other,19q,protein_coding,45,43,9.506677111111111,9.576718372093023,0.07004126098191321,1.0497467058794974,0.6147511343097228,-6.872087626375956,0.5401764400883453,0.9993303802855232,Not significant
GENE1653,0,Other,18q,protein_coding,45,43,7.1735384444444446,7.103676976744186,-0.06986146770025936,0.9527294778545015,-0.7707917189073169,-6.764197602243721,0.44272716099544085,0.9993303802855232,Not significant
GENE1703,0,Other,20q,protein_coding,45,43,7.727128444444444,7.79695,0.06982155555555636,1.0495868540186124,0.6066028452622265,-6.877059791653373,0.5455493073404735,0.9993303802855232,Not significant
GENE3872,0,Other,15q,protein_coding,45,43,8.587072444444445,8.517329302325582,-0.06974314211886146,0.9528076211136774,-0.6266419605076418,-6.864713633092445,0.5323843406294875,0.9993303802855232,Not significant
GENE3514,0,Other,19q,protein_coding,45,43,8.861497777777778,8.931075813953488,0.06957803617570768,1.0494097041967647,0.5994163224561647,-6.88139044020575,0.550310246781456,0.9993303802855232,Not significant
GENE2366,0,Other,3q,protein_coding,45,43,6.848557333333333,6.779110465116279,-0.06944686821705481,0.9530033111323629,-0.6212517106463566,-6.8680737128807925,0.5359094170589538,0.9993303802855232,Not significant
GENE3831,0,Other,4q,protein_coding,45,43,7.937932888888889,8.007377441860465,0.06944455297157326,1.0493126136227242,0.7054868173348063,-6.812277736666312,0.48221919309587413,0.9993303802855232,Not significant
GENE3658,0,Other,19q,protein_coding,45,43,10.462287777777778,10.531558372093023,0.0692705943152454,1.0491860962350976,0.5660571953098756,-6.900821888292799,0.572678444583542,0.9993303802855232,Not significant
GENE3950,0,Other,3q,protein_coding,45,43,9.462552666666667,9.393461395348837,-0.06909127131782711,0.9532382372813935,-0.5604631808530667,-6.903972199825509,0.5764718854738013,0.9993303802855232,Not significant
GENE1397,0,Other,9p,protein_coding,45,43,8.205598888888888,8.13671930232558,-0.06887958656330717,0.9533781149417171,-0.5622089735048867,-6.902992379692741,0.5752867282685872,0.9993303802855232,Not significant
GENE1390,0,Other,19q,protein_coding,45,43,7.9742648888888885,8.042803488372092,0.06853859948320551,1.0486538950575766,0.5307919651701914,-6.920161964673168,0.5967912775161619,0.9993303802855232,Not significant
GENE3306,0,Other,10q,protein_coding,45,43,7.3463255555555556,7.414845581395348,0.06852002583979822,1.0486403944926097,0.6417529484618477,-6.855140555231032,0.5225661312020808,0.9993303802855232,Not significant
GENE1830,0,Other,10q,protein_coding,45,43,9.720456888888888,9.788932558139535,0.06847566925065252,1.0486081538632486,0.6249139501227963,-6.865793945434821,0.5335131125729222,0.9993303802855232,Not significant
GENE2994,0,Other,10q,protein_coding,45,43,7.970813111111111,7.902878837209302,-0.06793427390180629,0.9540030118928713,-0.6360874673385908,-6.85875623985499,0.526236119117706,0.9993303802855232,Not significant
GENE2855,0,Other,20q,protein_coding,45,43,8.43733288888889,8.505147674418605,0.06781478552971265,1.0481279072877712,0.6869360083075612,-6.825168039566713,0.4937825115331693,0.9993303802855232,Not significant
GENE2187,0,Other,4q,protein_coding,45,43,7.945836888888889,7.878060465116279,-0.06777642377260573,0.9541073982898364,-0.64385788593393245,-6.8537890950960705,0.5212060045117819,0.9993303802855232,Not significant
GENE2732,0,Other,15q,protein_coding,45,43,9.054520222222223,8.98686488372093,-0.06765533850129124,0.9541874798026916,-0.574630145220335,-6.895933663314863,0.5668883782176077,0.9993303802855232,Not significant
GENE3172,0,Other,7q,protein_coding,45,43,8.716424444444444,8.64887511627907,-0.0675493281653754,0.9542575968051845,-0.5276438515424743,-6.9218283487246595,0.5989664571574731,0.9993303802855232,Not significant
GENE3923,0,Other,20q,protein_coding,45,43,10.395391111111111,10.462764651162791,0.06737354005168328,1.0478073884192467,0.5526634216803292,-6.908312809351469,0.5817811045821559,0.9993303802855232,Not significant
GENE1323,0,Other,4q,protein_coding,45,43,6.560628888888889,6.627864186046511,0.06723529715762577,1.0477069895256086,0.5912176888160302,-6.886268438028056,0.5557669482436711,0.9993303802855232,Not significant
GENE3009,0,Other,18q,protein_coding,45,43,7.976019111111111,7.908809534883721,-0.06720957622739121,0.9544823491174744,-0.5890344940369078,-6.887556145450125,0.5572245106484733,0.9993303802855232,Not significant
GENE2792,0,Other,15q,protein_coding,45,43,8.006208666666666,7.93952,-0.06668866666666506,0.9548270434145922,-0.5886607712612432,-6.88777610319568,0.5574742079300006,0.9993303802855232,Not significant
GENE2245,0,Other,2p,protein_coding,45,43,7.079779555555556,7.013259302325581,-0.06652025322997268,0.954938511940848,-0.5412360935313134,-6.914563029269179,0.5896012274548124,0.9993303802855232,Not significant
GENE3660,0,Other,21q,protein_coding,45,43,7.179125111111111,7.245587209302325,0.06646209819121296,1.047145631166278,0.6557254846274382,-6.846087506675448,0.5135724148653658,0.9993303802855232,Not significant
GENE3238,0,Other,19q,protein_coding,45,43,8.562984222222223,8.496648139534884,-0.06633608268733582,0.9550604245870167,-0.614574273499617,-6.872196247403858,0.5402927735461227,0.9993303802855232,Not significant
GENE1081,0,Other,2p,protein_coding,45,43,7.431090666666667,7.4973869767441865,0.06629631007752046,1.0470253047497473,0.5239801825475643,-6.923755222477636,0.601502444333784,0.9993303802855232,Not significant
GENE2812,0,Other,7q,protein_coding,45,43,9.159088222222222,9.092795813953488,-0.0662924082687315,0.9550893373779844,-0.6469574137900265,-6.8517910792957535,0.5192065878841361,0.9993303802855232,Not significant
GENE2681,0,Other,9p,protein_coding,45,43,6.883034222222222,6.817008139534884,-0.0660260826873369,0.9552656658434738,-0.5815494313042634,-6.891935132856255,0.562236057214754,0.9993303802855232,Not significant
GENE1835,0,Other,20q,protein_coding,45,43,9.528702,9.463271395348837,-0.0654306046511639,0.9556600368769641,-0.5889250644385771,-6.887620565527585,0.5572976186693864,0.9993303802855232,Not significant
GENE3411,0,Other,4q,protein_coding,45,43,8.917173111111111,8.852507906976744,-0.0646652041343696,0.9561671826929834,-0.5996344357687644,-6.881259757300384,0.5501654454775398,0.9993303802855232,Not significant
GENE2672,0,Other,15q,protein_coding,45,43,8.827915555555556,8.892566279069767,0.06465072351421242,1.045831713271031,0.5931350183902371,-6.885133644881789,0.5544884459094837,0.9993303802855232,Not significant
GENE3695,0,Other,20q,protein_coding,45,43,8.774685111111111,8.838801860465116,0.06411674935400136,1.0454446988565023,0.6004192920922378,-6.880789119121896,0.5496445519537785,0.9993303802855232,Not significant
GENE1404,0,Other,21q,protein_coding,45,43,8.47015888888889,8.534073023255814,0.06391413436692339,1.045297884814424,0.6180977405202815,-6.870026426916603,0.537977550033612,0.9993303802855232,Not significant
GENE2349,0,Other,18q,protein_coding,45,43,7.421774444444445,7.358222558139535,-0.06355188630490893,0.9569053351011676,-0.6120711049329458,-6.873730271003671,0.5419406425623812,0.9993303802855232,Not significant
GENE2441,0,Other,9p,protein_coding,45,43,6.498478,6.562021162790698,0.0635431627906966,1.045029133663757,0.5942269705940896,-6.884485730630909,0.5537609704527483,0.9993303802855232,Not significant
GENE3612,0,Other,21q,protein_coding,45,43,8.710658222222222,8.77397465116279,0.06331642894056877,1.0448649098643943,0.5730100805024656,-6.896863002789154,0.567980363300563,0.9993303802855232,Not significant
GENE2917,0,Other,2p,protein_coding,45,43,10.129781111111111,10.06647488372093,-0.06330622739017855,0.9570682886945405,-0.5858689251640968,-6.8894148833689455,0.5593412865641456,0.9993303802855232,Not significant
GENE1317,0,Other,18q,protein_coding,45,43,8.236544444444444,8.173403255813954,-0.06314118863048712,0.9571777798855421,-0.5946480155625938,-6.884235585908074,0.5534805906519527,0.9993303802855232,Not significant
GENE2158,0,Other,19q,protein_coding,45,43,10.027924666666667,9.964806046511628,-0.0631186201550431,0.9571927533980121,-0.5317537242055259,-6.919650913780504,0.5961274819217124,0.9993303802855232,Not significant
GENE3821,0,Other,9p,protein_coding,45,43,8.273298888888888,8.336317441860466,0.06301855297157388,1.0446491969037788,0.546510686535515,-6.9116941959122276,0.5859855211082023,0.9993303802855232,Not significant
GENE1193,0,Other,9p,protein_coding,45,43,8.806636888888889,8.743711162790698,-0.06292572609819302,0.9573207424269085,-0.5353932063043901,-6.9177086737408935,0.5936186499030146,0.9993303802855232,Not significant
GENE3585,0,Other,18q,protein_coding,45,43,9.526624444444444,9.589517209302326,0.06289276485787987,1.0445581182490131,0.5479823248691114,-6.9108888435772915,0.5849785881203089,0.9993303802855232,Not significant
GENE2900,0,Other,15q,protein_coding,45,43,7.093352222222222,7.156208604651163,0.06285638242894542,1.044531776519654,0.5721705596554137,-6.897343563385946,0.5685466340549772,0.9993303802855232,Not significant
GENE3877,0,Other,2p,protein_coding,45,43,7.8846680000000005,7.8219832558139535,-0.06268474418604786,0.9574806627461186,-0.5125267605169832,-6.929692943721057,0.609462042617696,0.9993303802855232,Not significant
GENE2952,0,Other,21q,protein_coding,45,43,7.512371333333333,7.574819534883721,0.06244820155038422,1.0442362895475406,0.5908061267575037,-6.886511550201174,0.5560415740371242,0.9993303802855232,Not significant
GENE3213,0,Other,18q,protein_coding,45,43,8.774704222222223,8.71251976744186,-0.06218445478036294,0.9578127499046545,-0.5108830460315049,-6.930534375943509,0.6106082409445057,0.9993303802855232,Not significant
GENE2037,0,Other,18q,protein_coding,45,43,8.465252444444445,8.40315558139535,-0.06209686304909212,0.9578709042765174,-0.5889532691821425,-6.887603962822129,0.5572787751145247,0.9993303802855232,Not significant
GENE2378,0,Other,3q,protein_coding,45,43,7.868277111111111,7.806191627906976,-0.06208548320413598,0.9578784599033552,-0.5409274454010139,-6.91473004559569,0.5898131273398532,0.9993303802855232,Not significant
GENE1850,0,Other,3q,protein_coding,45,43,7.362216222222222,7.300259534883721,-0.06195668733849935,0.9579639778326591,-0.614182051043608,-6.8724370245441335,0.5405508105027033,0.9993303802855232,Not significant
GENE2311,0,Other,12p,protein_coding,45,43,9.48985711111111,9.551774418604651,0.06191730749353752,1.0438520941115244,0.5556813343355812,-6.906640492191815,0.5797240889721932,0.9993303802855232,Not significant
GENE3383,0,Other,20q,protein_coding,45,43,9.062714444444444,9.00083976744186,-0.061874677002581535,0.9580184350661002,-0.5818839228745786,-6.8917406320391565,0.5620116305781819,0.9993303802855232,Not significant
GENE1235,0,Other,20q,protein_coding,45,43,6.721551333333333,6.659923255813953,-0.06162807751938093,0.9581822029007736,-0.5329422514652058,-6.919018094335579,0.5953076457788955,0.9993303802855232,Not significant
GENE2951,0,Other,20q,protein_coding,45,43,7.384050666666667,7.44564023255814,0.06158956589147291,1.0436149858583197,0.5473959159011179,-6.911210013114947,0.5853797263924205,0.9993303802855232,Not significant
GENE1415,0,Other,20q,protein_coding,45,43,7.6502828888888885,7.588737674418605,-0.06154521447028216,0.9582372389110725,-0.548081222293274,-6.910834644906018,0.5849109492479774,0.9993303802855232,Not significant
GENE1445,0,Other,9p,protein_coding,45,43,6.964346444444445,6.90281,-0.06153644444444417,0.9582430639750319,-0.5832888065493373,-6.89092250487893,0.56106950634157,0.9993303802855232,Not significant
GENE1571,0,Other,20q,protein_coding,45,43,9.658009999999999,9.596667209302325,-0.061342790697677785,0.9583716981002999,-0.5829195460903971,-6.891137731675521,0.5613170596104304,0.9993303802855232,Not significant
GENE1118,0,Other,3q,protein_coding,45,43,7.664903111111111,7.603636976744186,-0.06126613436692452,0.9584226216895425,-0.563544265222836,-6.9022409086903895,0.5743810358800384,0.9993303802855232,Not significant
GENE3157,0,Other,2p,protein_coding,45,43,8.606094444444444,8.544977674418604,-0.06111677002583704,0.9585218537310002,-0.5631904669479543,-6.902440190540178,0.5746209409487765,0.9993303802855232,Not significant
GENE2170,0,Other,19q,protein_coding,45,43,8.280643555555555,8.219616279069767,-0.06102727648578821,0.9585813147897383,-0.6013080062851464,-6.880255465115935,0.5490550282790259,0.9993303802855232,Not significant
GENE2641,0,Other,2p,protein_coding,45,43,6.860341555555555,6.921330232558139,0.060988677002582925,1.043180406092415,0.5294157649977309,-6.920891638022303,0.5977417096711768,0.9993303802855232,Not significant
GENE3214,0,Other,19q,protein_coding,45,43,6.967071333333333,6.906258139534883,-0.06081319379845063,0.9587235700030007,-0.551075145459258,-6.90918928723605,0.5828650668762445,0.9993303802855232,Not significant
GENE2361,0,Other,18q,protein_coding,45,43,9.450272222222223,9.510927906976745,0.06065568475452743,1.0429396546563976,0.5531380212726263,-6.9080504188921505,0.5814573869892181,0.9993303802855232,Not significant
GENE3175,0,Other,12p,protein_coding,45,43,8.66573,8.60547,-0.06025999999999598,0.9590912579849926,-0.5941990592277193,-6.884502306684445,0.5537795595230852,0.9993303802855232,Not significant
GENE1277,0,Other,9p,protein_coding,45,43,8.774393777777778,8.834613720930232,0.06021994315245749,1.0426246999638127,0.5648562512503696,-6.9015008288685795,0.5734918193572551,0.9993303802855232,Not significant
GENE2208,0,Other,21q,protein_coding,45,43,8.163572888888888,8.103462790697675,-0.060110098191215044,0.9591909165958956,-0.5886927344694456,-6.887757296394838,0.5574528500272837,0.9993303802855232,Not significant
GENE1112,0,Other,15q,protein_coding,45,43,7.831253333333334,7.890656976744186,0.05940364341085491,1.0420349332333956,0.5982425002075009,-6.882092927197963,0.5510898523492151,0.9993303802855232,Not significant
GENE2657,0,Other,9p,protein_coding,45,43,9.104018666666667,9.044840697674418,-0.05917796899225003,0.9598108527116768,-0.5385951292366736,-6.915989052237254,0.5914155114427162,0.9993303802855232,Not significant
GENE3464,0,Other,15q,protein_coding,45,43,9.798878666666667,9.857793488372092,0.05891482170542872,1.0416819251513934,0.5146470569326639,-6.9286035749677275,0.6079849500278708,0.9993303802855232,Not significant
GENE3387,0,Other,4q,protein_coding,45,43,9.253945777777778,9.195185813953488,-0.05875996382428994,0.9600889877391477,-0.5076096299790108,-6.932202059787302,0.6128937541738659,0.9993303802855232,Not significant
GENE3534,0,Other,10q,protein_coding,45,43,7.506613555555556,7.447870465116279,-0.05874309043927628,0.9601002167552697,-0.5631921480215407,-6.902439243945797,0.5746198009252501,0.9993303802855232,Not significant
GENE1411,0,Other,12p,protein_coding,45,43,10.079552222222222,10.020938837209302,-0.058613385012918684,0.9601865383981252,-0.6205207038033315,-6.86852717803482,0.5363883933186333,0.9993303802855232,Not significant
GENE2238,0,Other,10q,protein_coding,45,43,6.314228666666667,6.256037441860466,-0.058191224806200204,0.9604675484860467,-0.5020482789066002,-6.935010916222057,0.6167854852049635,0.9993303802855232,Not significant
GENE3446,0,Other,3q,protein_coding,45,43,7.867196666666667,7.925354186046511,0.05815751937984803,1.0411352669102598,0.5169764314417484,-6.9274016302167505,0.6063640757831448,0.9993303802855232,Not significant
GENE3956,0,Other,15q,protein_coding,45,43,7.543761111111111,7.601787674418604,0.05802656330749567,1.0410407654434812,0.5907907156394976,-6.886520650376591,0.556051858824059,0.9993303802855232,Not significant
GENE1836,0,Other,21q,protein_coding,45,43,8.550329777777778,8.492390930232558,-0.05793884754521805,0.9606355821768833,-0.5083774854860348,-6.9318118230773145,0.6123572896178922,0.9993303802855232,Not significant
GENE3286,0,Other,19q,protein_coding,45,43,7.13621,7.078576511627907,-0.05763348837209481,0.9608389307188882,-0.543058257921498,-6.913575086304337,0.5883509622729266,0.9993303802855232,Not significant
GENE2755,0,Other,12p,protein_coding,45,43,7.6550984444444445,7.712692558139535,0.05759411369509149,1.0407287589585048,0.5493392283375944,-6.9101443728168865,0.5840508841300892,0.9993303802855232,Not significant
GENE1600,0,Other,7q,protein_coding,45,43,7.218456444444445,7.160910232558139,-0.05754621188630349,0.960897058860659,-0.5049107760928347,-6.933569006463724,0.6147809871800407,0.9993303802855232,Not significant
GENE2502,0,Other,10q,protein_coding,45,43,9.055996888888888,8.998532558139535,-0.05746433074935986,0.9609515967735425,-0.5040628109421421,-6.933996997218268,0.6153744813942664,0.9993303802855232,Not significant
GENE2912,0,Other,15q,protein_coding,45,43,7.8651071111111115,7.8077160465116275,-0.05739106459948129,0.9610003991950435,-0.5246738360211486,-6.923391426046434,0.6010219207089713,0.9993303802855232,Not significant
GENE1760,0,Other,15q,protein_coding,45,43,6.919650444444445,6.977039069767442,0.057388625323003595,1.0405805346818153,0.4982940667635569,-6.93688964366333,0.6194188191207067,0.9993303802855232,Not significant
GENE3619,0,Other,12p,protein_coding,45,43,9.190547333333333,9.13339441860465,-0.057152914728678894,0.9611590474227909,-0.5006764993789067,-6.935699024781632,0.6177471207734562,0.9993303802855232,Not significant
GENE1288,0,Other,7q,protein_coding,45,43,8.984296666666667,8.927333023255814,-0.05696364341085314,0.9612851529185508,-0.5623250199149781,-6.902927141745355,0.5752079899207672,0.9993303802855232,Not significant
GENE3059,0,Other,20q,protein_coding,45,43,9.007537555555556,9.064500232558139,0.05696267700258595,1.040273353958467,0.4855035627210991,-6.943185096175432,0.6284276574816445,0.9993303802855232,Not significant
GENE1215,0,Other,4q,protein_coding,45,43,6.457825111111111,6.400977674418605,-0.05684743669250647,0.9613625859788376,-0.49393387855617377,-6.93905401317995,0.622483441001145,0.9993303802855232,Not significant
GENE1969,0,Other,2p,protein_coding,45,43,8.587986222222222,8.531252325581395,-0.05673389664082151,0.9614382481596131,-0.5568932628353691,-6.905966379402028,0.5788990121883653,0.9993303802855232,Not significant
GENE2015,0,Other,20q,protein_coding,45,43,9.345287555555556,9.288872093023256,-0.056415462532301675,0.9616504818699639,-0.5350116524023522,-6.917912911085823,0.5938814389141273,0.9993303802855232,Not significant
GENE3010,0,Other,19q,protein_coding,45,43,8.682724444444444,8.626470697674419,-0.056253746770027035,0.961758282030524,-0.4887566795118484,-6.941599364892218,0.6261309551836203,0.9993303802855232,Not significant
GENE3384,0,Other,21q,protein_coding,45,43,7.854773333333333,7.798648372093023,-0.0561249612403083,0.9618441394534836,-0.497028499593483,-6.937519812302054,0.6203076529563492,0.9993303802855232,Not significant
GENE2100,0,Other,21q,protein_coding,45,43,9.278690666666666,9.334809302325581,0.056118635658920724,1.0396649253577632,0.5024039798020538,-6.934832184677394,0.616536243056965,0.9993303802855232,Not significant
GENE1362,0,Other,10q,protein_coding,45,43,7.722682222222222,7.666820465116279,-0.05586175710594343,0.9620196335403317,-0.5461018392694114,-6.91191755508516,0.5862654098957666,0.9993303802855232,Not significant
GENE2074,0,Other,19q,protein_coding,45,43,8.453224666666667,8.509006279069768,0.05578161240310031,1.0394220810112538,0.4534047086769498,-6.9582665605726035,0.6512826626227985,0.9993303802855232,Not significant
GENE3985,0,Other,2p,protein_coding,45,43,7.873714666666666,7.818036976744186,-0.05567768992247579,0.9621423812701302,-0.48137451809937765,-6.9451826227210525,0.6313480326497471,0.9993303802855232,Not significant
GENE1123,0,Other,12p,protein_coding,45,43,7.1677568888888885,7.11225511627907,-0.05550177260982103,0.9622597087836154,-0.5509531900202791,-6.909256483780596,0.5829483382289518,0.9993303802855232,Not significant
GENE3632,0,Other,15q,protein_coding,45,43,8.790264,8.734809534883722,-0.05545446511627894,0.9622912628127316,-0.4744502505505571,-6.948494296540276,0.6362585294458112,0.9993303802855232,Not significant
GENE2433,0,Other,18q,protein_coding,45,43,9.173425555555555,9.118138139534883,-0.05528741602066667,0.9624026925934924,-0.44605503616262643,-6.961575312804647,0.6565639865293185,0.9993303802855232,Not significant
GENE2171,0,Other,20q,protein_coding,45,43,7.238454,7.183498139534883,-0.05495586046511658,0.9626238943161618,-0.4558121666116294,-6.957171039649998,0.6495565534688255,0.9993303802855232,Not significant
GENE2740,0,Other,7q,protein_coding,45,43,9.294724666666667,9.34947,0.05474533333333298,1.038675738533565,0.4887593613185769,-6.941598053299174,0.6261290633411771,0.9993303802855232,Not significant
GENE3277,0,Other,2p,protein_coding,45,43,7.512534,7.567270697674418,0.054736697674420576,1.0386695212649812,0.5506623468367035,-6.909416676577122,0.5831469491270562,0.9993303802855232,Not significant
GENE1441,0,Other,2p,protein_coding,45,43,7.119198222222222,7.173836046511628,0.054637824289405224,1.0385983397265763,0.4978603805894191,-6.937105770205799,0.6197233422858331,0.9993303802855232,Not significant
GENE2027,0,Other,20q,protein_coding,45,43,9.888047777777778,9.942408837209303,0.05436105943152647,1.0383991153973082,0.45923330768442094,-6.955604302924462,0.6471069349335663,0.9993303802855232,Not significant
GENE1103,0,Other,20q,protein_coding,45,43,9.922995555555556,9.868971627906976,-0.05402392764857389,0.9632459180860123,-0.4699371724085672,-6.950627062807429,0.6394678579772781,0.9993303802855232,Not significant
GENE2738,0,Other,3q,protein_coding,45,43,9.625944444444444,9.679952325581395,0.05400788113695576,1.0381449416931519,0.45769375070564156,-6.956310797779519,0.6482088159718054,0.9993303802855232,Not significant
GENE1257,0,Other,18q,protein_coding,45,43,8.160439111111112,8.214398604651162,0.05395949354005225,1.0381101231797825,0.4263622688569621,-6.970175338568435,0.6708003685186359,0.9993303802855232,Not significant
GENE1100,0,Other,15q,protein_coding,45,43,9.629222888888888,9.575634186046512,-0.05358870284237405,0.9635365489871017,-0.4337408298324399,-6.966998350391549,0.6654518016447766,0.9993303802855232,Not significant
GENE3065,0,Other,9p,protein_coding,45,43,7.569997777777778,7.623534651162791,0.05353687338501345,1.0378060658459334,0.43007903207371073,-6.968581798015588,0.6681040240051636,0.9993303802855232,Not significant
GENE3468,0,Other,21q,protein_coding,45,43,7.082905333333334,7.136420697674419,0.053515364341083504,1.0377905933800076,0.4909793136766106,-6.940509883465223,0.6245638878345416,0.9993303802855232,Not significant
GENE2890,0,Other,19q,protein_coding,45,43,8.938061333333334,8.884636279069767,-0.053425054263563254,0.9636458515949599,-0.4677323454614969,-6.951661630561673,0.6410382496704174,0.9993303802855232,Not significant
GENE3158,0,Other,3q,protein_coding,45,43,7.609565111111111,7.662813488372093,0.053248377260982416,1.0375985562301449,0.45076834765138557,-6.959459617980683,0.6531750718294975,0.9993303802855232,Not significant
GENE1135,0,Other,12p,protein_coding,45,43,8.16968288888889,8.116487209302326,-0.05319567958656357,0.9637990742247717,-0.4861394054994556,-6.942875983207857,0.6279784638285101,0.9993303802855232,Not significant
GENE3952,0,Other,7q,protein_coding,45,43,10.131787777777777,10.078643720930232,-0.0531440568475432,0.9638335616506164,-0.5069792770238484,-6.932521976960017,0.613334309693075,0.9993303802855232,Not significant
GENE2682,0,Other,10q,protein_coding,45,43,7.555136,7.607978604651163,0.05284260465116386,1.0373067621514402,0.4214578216271793,-6.972257004913541,0.674364919464133,0.9993303802855232,Not significant
GENE1774,0,Other,19q,protein_coding,45,43,7.649577333333333,7.596980930232558,-0.05259640310077618,0.9641995068057688,-0.5097331012810655,-6.93112144487127,0.611410699773949,0.9993303802855232,Not significant
GENE2630,0,Other,3q,protein_coding,45,43,7.166048888888889,7.21823511627907,0.052186227390181195,1.0368349301353856,0.5178964996535127,-6.926925392946931,0.6057243957805659,0.9993303802855232,Not significant
GENE1511,0,Other,20q,protein_coding,45,43,7.5381,7.486217674418604,-0.05188232558139738,0.9646768659108675,-0.3979670004717983,-6.981894807071634,0.6915399353704194,0.9993303802855232,Not significant
GENE1992,0,Other,21q,protein_coding,45,43,6.988333777777778,6.936620465116279,-0.0517133126614997,0.9647898852253587,-0.5450855892840895,-6.912472027527741,0.586961387277112,0.9993303802855232,Not significant
GENE2409,0,Other,18q,protein_coding,45,43,8.303850666666667,8.355337209302325,0.051486542635661436,1.0363322031670386,0.4598483346285163,-6.955321409939201,0.6466669714837745,0.9993303802855232,Not significant
GENE1114,0,Other,19q,protein_coding,45,43,8.021277111111111,7.969828604651163,-0.0514485064599457,0.9649669883454551,-0.4531461843698245,-6.95838385937399,0.6514681336077659,0.9993303802855232,Not significant
GENE1241,0,Other,9p,protein_coding,45,43,6.694274222222222,6.642870930232558,-0.05140329198966054,0.9649972311574749,-0.460965198112363,-6.954806724242349,0.6458683368675068,0.9993303802855232,Not significant
GENE1369,0,Other,2p,protein_coding,45,43,9.638391111111112,9.587116046511628,-0.0512750645994835,0.9650830043611859,-0.46874096930842485,-6.951188956437794,0.6403196525711097,0.9993303802855232,Not significant
GENE3934,0,Other,19q,protein_coding,45,43,8.38338,8.434587441860465,0.05120744186046622,1.0361317358909485,0.4475874149910687,-6.960889893389,0.6554613999958336,0.9993303802855232,Not significant
GENE3590,0,Other,3q,protein_coding,45,43,8.933377111111112,8.882497674418605,-0.05087943669250805,0.9653476937897341,-0.4803657210780954,-6.945668072322162,0.6320624225526079,0.9993303802855232,Not significant
GENE1475,0,Other,20q,protein_coding,45,43,7.598749111111111,7.547996046511628,-0.05075306459948159,0.9654322566032302,-0.45428388256147717,-6.95786715942771,0.650652088148679,0.9993303802855232,Not significant
GENE3682,0,Other,19q,protein_coding,45,43,7.941792444444444,7.9923013953488375,0.050508950904392336,1.0356302068391208,0.44591306616021276,-6.9616386962423435,0.6566661761580159,0.9993303802855232,Not significant
GENE1150,0,Other,19q,protein_coding,45,43,9.384798222222223,9.43524,0.050441777777777475,1.0355819881251687,0.4214436011292747,-6.972263005841918,0.6743752657682104,0.9993303802855232,Not significant
GENE2546,0,Other,3q,protein_coding,45,43,9.677948,9.727902558139535,0.04995455813952887,1.0352323156865042,0.47395372270996805,-6.948729936288286,0.6366112811827112,0.9993303802855232,Not significant
GENE2264,0,Other,15q,protein_coding,45,43,9.438879111111111,9.388936976744185,-0.04994213436692441,0.9659750728288325,-0.42414924615060373,-6.971117614792577,0.6724078673084268,0.9993303802855232,Not significant
GENE3781,0,Other,2p,protein_coding,45,43,7.658879777777778,7.708655581395349,0.049775803617571945,1.035104055043306,0.4181861627549225,-6.973632301235064,0.6767469009197935,0.9993303802855232,Not significant
GENE1981,0,Other,2p,protein_coding,45,43,8.65687,8.706340697674419,0.04947069767441903,1.034885170942766,0.4760022360112719,-6.947756179540791,0.6351564819697577,0.9993303802855232,Not significant
GENE1808,0,Other,15q,protein_coding,45,43,8.845680666666667,8.796293255813953,-0.049387410852711255,0.9663465665287443,-0.4606323410470459,-6.954960245230334,0.6461063093691422,0.9993303802855232,Not significant
GENE3746,0,Other,3q,protein_coding,45,43,7.564335333333333,7.515125581395349,-0.04920975193798505,0.966465573421049,-0.462085022774092,-6.95428942603277,0.6450680008845584,0.9993303802855232,Not significant
GENE2811,0,Other,4q,protein_coding,45,43,8.206000666666666,8.156921395348837,-0.04907927131782763,0.9665529867181015,-0.46443447255513365,-6.953200046949102,0.6433902123243532,0.9993303802855232,Not significant
GENE2260,0,Other,7q,protein_coding,45,43,9.076876666666667,9.125953720930232,0.04907705426356479,1.0346028381245098,0.4550124188250948,-6.9575356079856485,0.650129748620845,0.9993303802855232,Not significant
GENE3925,0,Other,2p,protein_coding,45,43,9.054992888888888,9.005968372093024,-0.04902451679586406,0.9665896709441836,-0.4247456387074928,-6.970864159460681,0.6719745086451194,0.9993303802855232,Not significant
GENE1572,0,Other,21q,protein_coding,45,43,9.107740222222223,9.156732093023257,0.04899187080103573,1.03454175213765,0.4834106817943633,-6.944199700374386,0.6299071680914092,0.9993303802855232,Not significant
GENE1841,0,Other,9p,protein_coding,45,43,9.457432222222222,9.408448372093023,-0.048983850129193485,0.9666169175436748,-0.45229464321197643,-6.958769753358821,0.6520792027141288,0.9993303802855232,Not significant
GENE1953,0,Other,18q,protein_coding,45,43,7.519588888888889,7.568563023255814,0.04897413436692233,1.034529033601637,0.4582725543701561,-6.956045464804889,0.6477944666547026,0.9993303802855232,Not significant
GENE3622,0,Other,19q,protein_coding,45,43,7.4012284444444445,7.449691627906977,0.04846318346253575,1.0341627053500286,0.45232830030413246,-6.958754514650056,0.6520550457519451,0.9993303802855232,Not significant
GENE1990,0,Other,19q,protein_coding,45,43,7.217927111111111,7.169606744186047,-0.048320366925061364,0.967061558695201,-0.47039384729098105,-6.950412172496982,0.6391427952851997,0.9993303802855232,Not significant
GENE3797,0,Other,9p,protein_coding,45,43,6.941919777777778,6.990016279069767,0.04809650129198939,1.0338998910836343,0.43288596772079907,-6.967369209394595,0.6660705953913546,0.9993303802855232,Not significant
GENE3656,0,Other,15q,protein_coding,45,43,8.649204888888889,8.697177209302325,0.04797232041343591,1.0338109013334233,0.41951038893293385,-6.973076927017115,0.6757823803030746,0.9993303802855232,Not significant
GENE1422,0,Other,10q,protein_coding,45,43,10.87419688888889,10.826393488372092,-0.047803400516801986,0.9674081516406935,-0.3810763768794383,-6.988484298198608,0.7039903375412538,0.9993303802855232,Not significant
GENE1844,0,Other,15q,protein_coding,45,43,9.453063555555556,9.405315813953488,-0.04774774160206263,0.9674454747928363,-0.4030837462753634,-6.97984242084582,0.6877847517502897,0.9993303802855232,Not significant
GENE2713,0,Other,2p,protein_coding,45,43,9.74867888888889,9.796306511627908,0.047627622739017994,1.033563926306945,0.40724365386954436,-6.978154576460397,0.6847375403651508,0.9993303802855232,Not significant
GENE1795,0,Other,12p,protein_coding,45,43,8.015900888888888,8.063505348837209,0.04760445994832274,1.0335473323407671,0.407379983600845,-6.978098969667696,0.6846377640509966,0.9993303802855232,Not significant
GENE2370,0,Other,10q,protein_coding,45,43,8.577289555555556,8.529880465116278,-0.047409090439277435,0.9676725948573097,-0.4352537018774407,-6.966340245374724,0.6643572732202263,0.9993303802855232,Not significant
GENE1283,0,Other,20q,protein_coding,45,43,8.859047555555556,8.811726046511628,-0.047321509043923626,0.9677313409444642,-0.42521095519041363,-6.970666162542796,0.6716364710878776,0.9993303802855232,Not significant
GENE1988,0,Other,15q,protein_coding,45,43,10.070912444444444,10.023633255813953,-0.04727918863048863,0.9677597290583604,-0.4328400684947456,-6.967389100927995,0.6661038261800126,0.9993303802855232,Not significant
GENE3307,0,Other,12p,protein_coding,45,43,9.128918666666667,9.176107906976744,0.04718924031007532,1.0332499116199212,0.3958432691127608,-6.9827389863678215,0.6931008157432655,0.9993303802855232,Not significant
GENE2069,0,Other,9p,protein_coding,45,43,8.817750444444444,8.770618372093024,-0.047132072351418586,0.967858419679533,-0.4009732310632792,-6.980692139313659,0.689332719513863,0.9993303802855232,Not significant
GENE3095,0,Other,20q,protein_coding,45,43,8.724712,8.67775069767442,-0.04696130232557394,0.9679729906630811,-0.4118383230428587,-6.976270261253727,0.6813779063551109,0.9993303802855232,Not significant
GENE3457,0,Other,2p,protein_coding,45,43,8.16757088888889,8.120776511627907,-0.04679437726098179,0.9680849951390147,-0.41940380977852637,-6.9731216905452555,0.6758599889055521,0.9993303802855232,Not significant
GENE3331,0,Other,12p,protein_coding,45,43,8.170065333333334,8.123639302325582,-0.046426031007751334,0.9683321963815148,-0.4239602152557854,-6.971197875229143,0.6725452465259643,0.9993303802855232,Not significant
GENE2219,0,Other,20q,protein_coding,45,43,10.250677333333334,10.204324651162791,-0.04635268217053934,0.9683814291328542,-0.43130528348381775,-6.968053027242088,0.6672153851258378,0.9993303802855232,Not significant
GENE1433,0,Other,9p,protein_coding,45,43,9.659050222222222,9.70533023255814,0.04628001033592,1.0325989314838504,0.40036377016866365,-6.980936688244021,0.689779977861796,0.9993303802855232,Not significant
GENE3146,0,Other,3q,protein_coding,45,43,10.570806666666666,10.616861627906976,0.04605496124031028,1.0324378667232035,0.38947549392141123,-6.985243176734865,0.6977888583936129,0.9993303802855232,Not significant
GENE1344,0,Other,21q,protein_coding,45,43,7.230692666666666,7.276334418604651,0.04564175193798725,1.0321422035163568,0.38170273323115056,-6.988245025176836,0.7035271712126958,0.9993303802855232,Not significant
GENE3346,0,Other,19q,protein_coding,45,43,8.780224222222222,8.825845348837209,0.045621126614989294,1.0321274477200506,0.42131038316517017,-6.972319212885603,0.6744721932288581,0.9993303802855232,Not significant
GENE3377,0,Other,9p,protein_coding,45,43,10.317127333333334,10.362659069767442,0.04553173643411412,1.0320634985150017,0.4798217962396128,-6.945929397296445,0.6324477533481703,0.9993303802855232,Not significant
GENE3876,0,Other,21q,protein_coding,45,43,8.93174288888889,8.976794883720931,0.04505199483204514,1.0317203619066615,0.41468573610137355,-6.97509193930104,0.6792990819794413,0.9993303802855232,Not significant
GENE3930,0,Other,10q,protein_coding,45,43,7.674427777777778,7.629560697674418,-0.044867080103357715,0.9693791246778163,-0.4240450493584617,-6.971161860011813,0.6724835915127323,0.9993303802855232,Not significant
GENE3257,0,Other,9p,protein_coding,45,43,9.729384666666666,9.6846881395348845,-0.0446965271317854,0.9694937298151035,-0.3592448008755245,-6.996579294464799,0.720202541165456,0.9993303802855232,Not significant
GENE2340,0,Other,21q,protein_coding,45,43,5.937545777777777,5.892918139534884,-0.044627638242894285,0.9695400243808425,-0.3816297935053839,-6.98827290887612,0.7035811015787481,0.9993303802855232,Not significant
GENE2892,0,Other,21q,protein_coding,45,43,9.297582222222223,9.342112093023255,0.04452987080103554,1.0313470407867256,0.3890526445720356,-6.9854080331202475,0.6981005834458103,0.9993303802855232,Not significant
GENE1971,0,Other,4q,protein_coding,45,43,8.685211111111112,8.640690930232559,-0.04452018087854803,0.9696122420656672,-0.416977961002872,-6.974137489130945,0.6776273835024822,0.9993303802855232,Not significant
GENE1986,0,Other,10q,protein_coding,45,43,8.902237777777778,8.94668953488372,0.04445175710594462,1.0312912007477442,0.3812385834627038,-6.988422371606036,0.7038703813284533,0.9993303802855232,Not significant
GENE2647,0,Other,12p,protein_coding,45,43,8.318834666666667,8.363022093023256,0.04418742635658823,1.0311022647656998,0.4112985452116059,-6.976492721016911,0.6817722623544689,0.9993303802855232,Not significant
GENE2122,0,Other,19q,protein_coding,45,43,8.379937555555555,8.424041395348837,0.044103839793278254,1.031042526709065,0.4415235473328142,-6.963588510755239,0.6598289508758872,0.9993303802855232,Not significant
GENE3546,0,Other,10q,protein_coding,45,43,9.044138888888888,9.088161860465116,0.044022971576227476,1.0309847347075085,0.41172466195971075,-6.9763171287963015,0.6814609386001749,0.9993303802855232,Not significant
GENE1645,0,Other,2p,protein_coding,45,43,10.816334888888889,10.772368837209303,-0.043966051679586116,0.9699847349610865,-0.373880181312012,-6.9912051936259685,0.7093196100034016,0.9993303802855232,Not significant
GENE2506,0,Other,19q,protein_coding,45,43,9.02959688888889,8.985772558139535,-0.04382433074935399,0.9700800246011081,-0.3849274655278755,-6.987006951974617,0.7011443776557436,0.9993303802855232,Not significant
GENE2891,0,Other,20q,protein_coding,45,43,8.916312444444445,8.872590232558139,-0.04372221188630121,0.9701486925957169,-0.3851954941502007,-6.98690358022355,0.7009464620178981,0.9993303802855232,Not significant
GENE3055,0,Other,12p,protein_coding,45,43,8.614676,8.658285581395349,0.04360958139534432,1.0306893584165073,0.38249272429227177,-6.9879426837755165,0.7029431626506315,0.9993303802855232,Not significant
GENE3011,0,Other,20q,protein_coding,45,43,8.521372888888889,8.564923023255814,0.04355013436692623,1.0306468891797664,0.3940174788984038,-6.98346113557746,0.6944437769465478,0.9993303802855232,Not significant
GENE2384,0,Other,15q,protein_coding,45,43,8.502236444444444,8.545251162790697,0.04301471834625126,1.0302644643041319,0.41788209370097035,-6.973759579393431,0.6769684504420544,0.9993303802855232,Not significant
GENE2875,0,Other,12p,protein_coding,45,43,8.426865555555555,8.383886976744186,-0.04297857881137013,0.9706488818925804,-0.42333033721580876,-6.97146505725108,0.6730030938973399,0.9993303802855232,Not significant
GENE3423,0,Other,4q,protein_coding,45,43,7.376310666666667,7.3333969767441864,-0.042913689922477793,0.9706925402833886,-0.3691137793680753,-6.992978906570774,0.712857445082532,0.9993303802855232,Not significant
GENE1339,0,Other,12p,protein_coding,45,43,8.235032888888888,8.27792558139535,0.042892692506461216,1.0301773262976368,0.36202563650062514,-6.995574639082957,0.7181301827557639,0.9993303802855232,Not significant
GENE2618,0,Other,3q,protein_coding,45,43,7.741296222222222,7.698442558139535,-0.04285366408268754,0.970732928477301,-0.3363884503576135,-7.00454403641337,0.7373136508785137,0.9993303802855232,Not significant
GENE2829,0,Other,18q,protein_coding,45,43,9.376054222222223,9.333291395348837,-0.042762826873381954,0.9707940511981701,-0.3243087863200671,-7.008542528924991,0.7464112800618032,0.9993303802855232,Not significant
GENE1156,0,Other,7q,protein_coding,45,43,7.883960222222222,7.926456744186047,0.04249652196382403,1.0298944738116085,0.35730656478955636,-6.997274967878826,0.7216482071967057,0.9993303802855232,Not significant
GENE2510,0,Other,3q,protein_coding,45,43,11.371816444444445,11.329595581395349,-0.042220863049097446,0.9711588088761338,-0.3987221702387923,-6.981593543445752,0.6909852279945704,0.9993303802855232,Not significant
GENE3285,0,Other,18q,protein_coding,45,43,8.627279555555555,8.669273953488371,0.04199439793281279,1.0295360856788527,0.376102707643713,-6.9903703718173,0.7076721207596304,0.9993303802855232,Not significant
GENE3737,0,Other,9p,protein_coding,45,43,7.823424222222222,7.865179767441861,0.04175554521963942,1.029365649706387,0.38188625800391945,-6.98817484306976,0.7033914828854837,0.9993303802855232,Not significant
GENE2116,0,Other,7q,protein_coding,45,43,8.814996444444445,8.773460697674418,-0.041535746770026805,0.971620108527207,-0.40489777853736625,-6.979108517319352,0.6864553017587014,0.9993303802855232,Not significant
GENE2776,0,Other,7q,protein_coding,45,43,7.613188666666667,7.654637441860465,0.04144877519379797,1.0291467919801685,0.37019732292929886,-6.99257768225991,0.7120526363927202,0.9993303802855232,Not significant
GENE1119,0,Other,4q,protein_coding,45,43,6.120174666666666,6.078777674418605,-0.041396992248063924,0.971713560825321,-0.4010587585438194,-6.980657791363308,0.6892699632222056,0.9993303802855232,Not significant
GENE1497,0,Other,18q,protein_coding,45,43,7.404747333333333,7.4460162790697675,0.04126894573643458,1.0290185185959826,0.3622400427538493,-6.99549685798114,0.7179704882623544,0.9993303802855232,Not significant
GENE3922,0,Other,19q,protein_coding,45,43,7.689215777777778,7.730406511627907,0.041190733850126726,1.0289627345975638,0.38115503944066226,-6.988454269995986,0.7039321634874022,0.9993303802855232,Not significant
GENE1250,0,Other,3q,protein_coding,45,43,7.24965,7.290382093023256,0.0407320930232542,1.0286356735761415,0.36047315531593627,-6.996136469333882,0.7192868776820762,0.9993303802855232,Not significant
GENE3216,0,Other,21q,protein_coding,45,43,10.480722,10.439997441860465,-0.04072455813953546,0.9721665780075845,-0.3551043730496579,-6.998060825473984,0.7232919752020744,0.9993303802855232,Not significant
GENE1266,0,Other,10q,protein_coding,45,43,10.195578666666666,10.154982093023255,-0.0405965736434073,0.9722528247646294,-0.3191660835490749,-7.010200541049696,0.7502954428885452,0.9993303802855232,Not significant
GENE2671,0,Other,12p,protein_coding,45,43,9.172010666666667,9.131416046511628,-0.04059462015503357,0.9722541412492789,-0.345855616184791,-7.001308354915224,0.7302095535363406,0.9993303802855232,Not significant
GENE3609,0,Other,18q,protein_coding,45,43,8.80545888888889,8.764991162790698,-0.04046772609819094,0.9723396608460427,-0.38921085370115616,-6.985346372986256,0.6979839454240149,0.9993303802855232,Not significant
GENE1451,0,Other,20q,protein_coding,45,43,8.396336222222223,8.436638139534884,0.04030191731266264,1.0283290057735337,0.37677259285570497,-6.990117783065571,0.7071758278818441,0.9993303802855232,Not significant
GENE1227,0,Other,4q,protein_coding,45,43,8.91979888888889,8.879536744186046,-0.04026214470284373,0.9724782273355433,-0.3454392001794513,-7.001452560691579,0.7305215406780228,0.9993303802855232,Not significant
GENE1091,0,Other,20q,protein_coding,45,43,8.578273555555555,8.538104418604652,-0.04016913695090629,0.9725409231421662,-0.36645740662672677,-6.993957570631819,0.7148318550880038,0.9993303802855232,Not significant
GENE1282,0,Other,19q,protein_coding,45,43,8.406754444444445,8.366913255813953,-0.03984118863048991,0.9727620228247057,-0.36705178241580777,-6.993739202103666,0.714389902710098,0.9993303802855232,Not significant
GENE1882,0,Other,19q,protein_coding,45,43,9.0260997777777785,8.98639534883721,-0.03970442894057058,0.9728542397759791,-0.37259942615644825,-6.99168402826073,0.7102696217787292,0.9993303802855232,Not significant
GENE2046,0,Other,10q,protein_coding,45,43,9.822288666666667,9.861906744186047,0.039618077519381956,1.02784169165707,0.35511063102014556,-6.998058599166908,0.7232873022630171,0.9993303802855232,Not significant
GENE2815,0,Other,12p,protein_coding,45,43,7.344206444444445,7.304769534883721,-0.03943690956072565,0.9730346531598336,-0.34846717849084596,-7.000400013811209,0.728253954968633,0.9993303802855232,Not significant
GENE2098,0,Other,19q,protein_coding,45,43,7.489106444444444,7.528494418604651,0.03938797416020723,1.0276777686108793,0.3381410875221657,-7.003951778278267,0.7359967418282964,0.9993303802855232,Not significant
GENE2000,0,Other,15q,protein_coding,45,43,8.243994666666666,8.204625813953488,-0.039368852713177915,0.9730805556070921,-0.3642729907081146,-6.9947570744029965,0.7164569267014578,0.9993303802855232,Not significant
GENE3074,0,Other,3q,protein_coding,45,43,8.624835555555556,8.585628139534883,-0.03920741602066968,0.9731894488184116,-0.32600588330022595,-7.007989580232948,0.7451309316551031,0.9993303802855232,Not significant
GENE1959,0,Other,4q,protein_coding,45,43,8.808517333333333,8.84766023255814,0.039142899224806627,1.0275032087317044,0.3492856313856946,-7.0001139407265125,0.7276414473138626,0.9993303802855232,Not significant
GENE2587,0,Other,12p,protein_coding,45,43,9.745740666666666,9.706857209302326,-0.038883457364338625,0.9734080040482853,-0.3843124987643636,-6.987243857756486,0.7015985545336276,0.9993303802855232,Not significant
GENE2335,0,Other,12p,protein_coding,45,43,9.941654666666667,9.980344186046512,0.03868951937984377,1.0271803573727618,0.33569920567334344,-7.0047761075568316,0.7378317554129549,0.9993303802855232,Not significant
GENE2583,0,Other,4q,protein_coding,45,43,7.450709111111111,7.489166046511628,0.03845693540051709,1.0270147739114717,0.31232558130032934,-7.01236494190829,0.7554718786769816,0.9993303802855232,Not significant
GENE1152,0,Other,21q,protein_coding,45,43,9.710619555555555,9.672186511627906,-0.03843304392765923,0.9737119522005772,-0.31314208770755203,-7.012109050777016,0.7548534094259373,0.9993303802855232,Not significant
GENE1635,0,Other,4q,protein_coding,45,43,7.909000444444445,7.870610930232558,-0.03838951421188597,0.9737413319674484,-0.3207023456723261,-7.00970801863762,0.7491344613200869,0.9993303802855232,Not significant
GENE1249,0,Other,2p,protein_coding,45,43,9.318198,9.279888139534883,-0.03830986046511242,0.97379509543408,-0.34418746900494496,-7.001884994543559,0.7314596350492641,0.9993303802855232,Not significant
GENE1454,0,Other,3q,protein_coding,45,43,9.143810222222223,9.182023720930232,0.03821349870801427,1.026841492670095,0.3563968095824655,-6.997600203683579,0.7223271122443725,0.9993303802855232,Not significant
GENE1453,0,Other,2p,protein_coding,45,43,9.632987111111111,9.671145348837209,0.03815823772610116,1.026802161293197,0.3594023161368363,-6.996522594041037,0.7200851003032935,0.9993303802855232,Not significant
GENE3097,0,Other,2p,protein_coding,45,43,8.546185333333334,8.584216046511628,0.038030713178294207,1.0267114028927398,0.3609468828416433,-6.995965286485722,0.7189338518664181,0.9993303802855232,Not significant
GENE3553,0,Other,2p,protein_coding,45,43,8.786487555555556,8.82422465116279,0.037737095607235815,1.0265024676533558,0.325752308626294,-7.008072383001515,0.7453221917818118,0.9993303802855232,Not significant
GENE3322,0,Other,19q,protein_coding,45,43,6.266566888888889,6.3042120930232555,0.037645204134365784,1.026437087363685,0.2989391778797219,-7.016465130812071,0.7656339450763523,0.9993303802855232,Not significant
GENE0972,0,Other,21q,protein_coding,45,43,6.974659555555555,6.937111395348837,-0.03754816020672269,0.9743093661549314,-0.34601898283902416,-7.001251733355278,0.7300871683750723,0.9993303802855232,Not significant
GENE2312,0,Other,15q,protein_coding,45,43,7.812531555555556,7.7750088372093025,-0.03752271834625098,0.9743265482071451,-0.34062664391461395,-7.003106584460271,0.7341304777447247,0.9993303802855232,Not significant
GENE2079,0,Other,4q,protein_coding,45,43,9.08960488888889,9.12707069767442,0.03746580878552663,1.0263094605360716,0.33427402396562395,-7.005254465203549,0.7389034465933403,0.9993303802855232,Not significant
GENE1899,0,Other,4q,protein_coding,45,43,7.182603111111111,7.145193488372093,-0.03740962273901971,0.9744029305115705,-0.3484076217036785,-7.000420804512267,0.7282985325176566,0.9993303802855232,Not significant
GENE2673,0,Other,18q,protein_coding,45,43,9.126676444444444,9.164034186046512,0.037357741602070504,1.0262325862031303,0.31698852601391236,-7.010894618140169,0.7519420472896702,0.9993303802855232,Not significant
GENE2938,0,Other,19q,protein_coding,45,43,7.925930444444444,7.888614186046512,-0.03731625839793118,0.9744659912616004,-0.3218004699386868,-7.009354515994827,0.7483049422038729,0.9993303802855232,Not significant
GENE2047,0,Other,12p,protein_coding,45,43,8.281745555555556,8.318683255813953,0.036937700258400596,1.0259338415920913,0.3171215679070436,-7.01085234821859,0.751841411968872,0.9993303802855232,Not significant
GENE2955,0,Other,4q,protein_coding,45,43,8.667071111111111,8.630268837209302,-0.03680227390180946,0.9748132230936223,-0.31573379540417656,-7.011292399118186,0.7528913589653461,0.9993303802855232,Not significant
GENE3222,0,Other,10q,protein_coding,45,43,10.073095555555556,10.109798837209302,0.03670328165374315,1.025767154638154,0.3313861262693723,-7.006217553167151,0.7410766318292252,0.9993303802855232,Not significant
GENE2354,0,Other,3q,protein_coding,45,43,9.112432666666667,9.148971395348838,0.03653872868216723,1.025650162895059,0.342669220028392,-7.002407400406897,0.7325980152549031,0.9993303802855232,Not significant
GENE3924,0,Other,21q,protein_coding,45,43,9.75699111111111,9.793525348837209,0.036534237726097984,1.0256469701602646,0.3283502255991439,-7.007221009586941,0.7433634554399187,0.9993303802855232,Not significant
GENE2065,0,Other,2p,protein_coding,45,43,8.285675555555555,8.249168372093024,-0.036507183462529014,0.9750126328614668,-0.3177566430557911,-7.010650328952769,0.7513610885959502,0.9993303802855232,Not significant
GENE1508,0,Other,15q,protein_coding,45,43,7.8863402222222225,7.849893255813954,-0.0364469664082705,0.9750533300374293,-0.34941373048576924,-7.000069105782178,0.7275455974486034,0.9993303802855232,Not significant
GENE1296,0,Other,21q,protein_coding,45,43,9.05585288888889,9.01960023255814,-0.036252656330749033,0.9751846644097579,-0.34575164747907244,-7.001344375738429,0.7302874447103929,0.9993303802855232,Not significant
GENE2406,0,Other,10q,protein_coding,45,43,7.807219333333333,7.77107511627907,-0.03614421705426363,0.9752579663140439,-0.3370882837441109,-7.004307914158858,0.736787710857232,0.9993303802855232,Not significant
GENE2479,0,Other,12p,protein_coding,45,43,7.726639111111111,7.762724418604651,0.036085307493540775,1.0253278643978123,0.3506669568991591,-6.9996296090584,0.7266081021646906,0.9993303802855232,Not significant
GENE3152,0,Other,15q,protein_coding,45,43,7.5224751111111114,7.558517209302326,0.03604209819121351,1.0252971558717752,0.3359472000792104,-7.004692661647118,0.737645324320477,0.9993303802855232,Not significant
GENE2018,0,Other,3q,protein_coding,45,43,8.346242888888888,8.310230232558139,-0.03601265633074924,0.9753469050643405,-0.3511986228098166,-6.999442683832719,0.7262105068093097,0.9993303802855232,Not significant
GENE2269,0,Other,2p,protein_coding,45,43,8.045833777777778,8.081819069767441,0.03598529198966638,1.025256785531141,0.3153408258784894,-7.011416656536599,0.7531887523687124,0.9993303802855232,Not significant
GENE3223,0,Other,12p,protein_coding,45,43,8.22793688888889,8.19213488372093,-0.035802005167960615,0.9754893280673114,-0.30637000048996765,-7.014211238536023,0.759987772997394,0.9993303802855232,Not significant
GENE2044,0,Other,7q,protein_coding,45,43,8.367413777777777,8.403090697674418,0.03567691989663757,1.025037663135162,0.3463080746499667,-7.001151471113813,0.7298706140674547,0.9993303802855232,Not significant
GENE3449,0,Other,9p,protein_coding,45,43,10.13068311111111,10.166240465116278,0.03555735400516369,1.0249527148543507,0.3052736241048449,-7.014547261067141,0.7608200259423057,0.9993303802855232,Not significant
GENE1098,0,Other,10q,protein_coding,45,43,7.571018444444444,7.535515348837209,-0.03550309560723619,0.9756914590005094,-0.32266296455788596,-7.009076020649956,0.7476536242462646,0.9993303802855232,Not significant
GENE1550,0,Other,3q,protein_coding,45,43,8.344592666666667,8.309181627906977,-0.03541103875969043,0.9757537188288435,-0.32181970184004594,-7.009348314214581,0.7482904171279888,0.9993303802855232,Not significant
GENE2549,0,Other,9p,protein_coding,45,43,8.548091333333334,8.512681860465117,-0.035409472868215275,0.9757547779059291,-0.3376171032194045,-7.004129166897301,0.736390374548924,0.9993303802855232,Not significant
GENE3268,0,Other,7q,protein_coding,45,43,5.252580666666667,5.217294418604651,-0.035286248062015524,0.9758381235368834,-0.3162544660806093,-7.0111275245946,0.7524973806293732,0.9993303802855232,Not significant
GENE3719,0,Other,20q,protein_coding,45,43,7.395655333333333,7.430819767441861,0.03516443410852954,1.0246736056406276,0.3055672590486857,-7.014457384344625,0.7605971017504223,0.9993303802855232,Not significant
GENE2666,0,Other,3q,protein_coding,45,43,8.858284222222222,8.823483953488372,-0.034800268733850004,0.9761668950553453,-0.3321034943939501,-7.00597909560526,0.740536605155798,0.9993303802855232,Not significant
GENE1199,0,Other,20q,protein_coding,45,43,8.06208,8.027333023255814,-0.034746976744184366,0.9762029545380797,-0.30496335060710145,-7.014642136863449,0.7610556038475852,0.9993303802855232,Not significant
GENE1309,0,Other,2p,protein_coding,45,43,8.04896,8.083704186046512,0.03474418604650964,1.024375168082569,0.2877205660172691,-7.019763275344913,0.7741821198885699,0.9993303802855232,Not significant
GENE3233,0,Other,9p,protein_coding,45,43,9.239913777777778,9.274512558139534,0.034598780361760006,1.0242719290316014,0.33094211413868124,-7.006364887769345,0.7414109441189116,0.9993303802855232,Not significant
GENE1723,0,Other,12p,protein_coding,45,43,9.526361333333334,9.491888604651162,-0.03447272868216267,0.9763885427661065,-0.3600655952519868,-6.9962835629549645,0.7195906436244979,0.9993303802855232,Not significant
GENE2697,0,Other,18q,protein_coding,45,43,8.381153555555555,8.415427906976744,0.03427435142118718,1.0240416197240383,0.2917590441841982,-7.018590513453999,0.7711016801474733,0.9993303802855232,Not significant
GENE2745,0,Other,18q,protein_coding,45,43,8.589810222222223,8.623984418604651,0.034174196382430466,1.0239705309871838,0.32091591777665457,-7.0096393610275465,0.7489731065921723,0.9993303802855232,Not significant
GENE3484,0,Other,7q,protein_coding,45,43,9.269963777777777,9.303922790697674,0.03395901291989745,1.0238178132702906,0.32344550524400895,-7.008822698476887,0.7470628422425143,0.9993303802855232,Not significant
GENE2597,0,Other,9p,protein_coding,45,43,8.832870666666667,8.866578372093024,0.03370770542635526,1.023639486823489,0.27800837479097185,-7.02251685369574,0.7816050257705387,0.9993303802855232,Not significant
GENE1219,0,Other,12p,protein_coding,45,43,7.525008888888889,7.5584841860465115,0.03347529715762221,1.0234745988097274,0.3009119836038437,-7.015872131232677,0.7641336977647781,0.9993303802855232,Not significant
GENE3822,0,Other,10q,protein_coding,45,43,7.237875777777778,7.271324186046511,0.0334484082687343,1.0234555235113936,0.30405068288584375,-7.014920655284706,0.7617486852798283,0.9993303802855232,Not significant
GENE2787,0,Other,4q,protein_coding,45,43,8.209355777777779,8.242798837209302,0.03344305943152648,1.0234517290249072,0.3149566487525755,-7.011537984505274,0.7534795277789582,0.9993303802855232,Not significant
GENE1220,0,Other,15q,protein_coding,45,43,7.061404666666666,7.027980465116279,-0.03342420155038628,0.977098423904501,-0.3033083632450321,-7.015146574247539,0.7623125473059169,0.9993303802855232,Not significant
GENE2058,0,Other,10q,protein_coding,45,43,7.524811111111111,7.558144418604651,0.0333333074935398,1.0233738736673503,0.3129917249539259,-7.012156224184686,0.7549672909076486,0.9993303802855232,Not significant
GENE3372,0,Other,21q,protein_coding,45,43,6.768137777777778,6.734823023255814,-0.033314754521962975,0.9771725522354745,-0.3202687575308441,-7.009847265119201,0.7494620735032999,0.9993303802855232,Not significant
GENE3606,0,Other,10q,protein_coding,45,43,9.048194,9.014943720930232,-0.033250279069761746,0.9772162240082792,-0.273411484875324,-7.023787242447167,0.7851254759093667,0.9993303802855232,Not significant
GENE3744,0,Other,21q,protein_coding,45,43,8.505164,8.471936279069768,-0.03322772093023474,0.9772315039889043,-0.32360527333974914,-7.008770903472016,0.7469422432637974,0.9993303802855232,Not significant
GENE3012,0,Other,21q,protein_coding,45,43,9.577986,9.544954418604652,-0.03303158139534901,0.9773643711279666,-0.31613197527167985,-7.011166336673117,0.7525900604409044,0.9993303802855232,Not significant
GENE3186,0,Other,10q,protein_coding,45,43,6.590593777777777,6.623411162790697,0.03281738501291631,1.0230079701478991,0.28545379029817064,-7.020414390122069,0.7759127411461031,0.9993303802855232,Not significant
GENE2702,0,Other,3q,protein_coding,45,43,8.74555111111111,8.712962325581396,-0.032588785529716446,0.9776643924846601,-0.3023966803281257,-7.015423283400184,0.7630052321117721,0.9993303802855232,Not significant
GENE3860,0,Other,15q,protein_coding,45,43,6.864670888888889,6.832416046511628,-0.032254842377260395,0.9778907203702366,-0.3346324327236338,-7.005134357555268,0.7386338860544427,0.9993303802855232,Not significant
GENE1496,0,Other,15q,protein_coding,45,43,9.083244,9.11543976744186,0.0321957674418627,1.0225672791279152,0.26119366202097566,-7.027060934128804,0.7945038308831027,0.9993303802855232,Not significant
GENE2847,0,Other,4q,protein_coding,45,43,7.971525111111111,7.939358837209302,-0.03216627390180715,0.9779507558915411,-0.27742492409831326,-7.0226792668354765,0.7820516015076131,0.9993303802855232,Not significant
GENE3362,0,Other,3q,protein_coding,45,43,8.654283777777778,8.68633534883721,0.032051571059431794,1.0224650793353598,0.26920498349980754,-7.024931213743206,0.7883508721871832,0.9993303802855232,Not significant
GENE2589,0,Other,18q,protein_coding,45,43,8.705815777777778,8.737756046511628,0.03194026873385347,1.022386200328943,0.2882881984233896,-7.019599422188644,0.7737489260947938,0.9993303802855232,Not significant
GENE2182,0,Other,19q,protein_coding,45,43,8.804068,8.835946511627906,0.031878511627907,1.0223424362209919,0.3284125276823757,-7.007200509481229,0.7433165025506416,0.9993303802855232,Not significant
GENE2911,0,Other,12p,protein_coding,45,43,6.916192,6.947562790697674,0.031370790697673456,1.0219827113222848,0.29280403339369776,-7.018284394372194,0.7703051857293516,0.9993303802855232,Not significant
GENE3284,0,Other,15q,protein_coding,45,43,8.439590666666666,8.470948837209303,0.03135817054264223,1.0219737714399957,0.2888781676348766,-7.01942877962037,0.7732987616080677,0.9993303802855232,Not significant
GENE2434,0,Other,19q,protein_coding,45,43,8.281833555555556,8.312722790697675,0.030889235142115723,1.0216416417879466,0.2709143018313569,-7.024468495249909,0.7870397793533133,0.9993303802855232,Not significant
GENE1615,0,Other,12p,protein_coding,45,43,7.342167777777778,7.311373255813954,-0.03079452196382082,0.978881059093607,-0.29344897185006014,-7.018094920942992,0.7698137340992607,0.9993303802855232,Not significant
GENE3772,0,Other,7q,protein_coding,45,43,7.838960666666667,7.869712790697674,0.03075212403100913,1.0215445514393282,0.2661067048242639,-7.025762474572653,0.790728885326422,0.9993303802855232,Not significant
GENE3148,0,Other,7q,protein_coding,45,43,9.587395333333333,9.556661162790698,-0.030734170542634942,0.978922008911202,-0.25194462623091296,-7.029439786133888,0.8016235562206596,0.9993303802855232,Not significant
GENE3661,0,Other,2p,protein_coding,45,43,8.934078444444445,8.903527674418605,-0.030550770025838503,0.9790464608634741,-0.2958764135847827,-7.017378043694266,0.7679648346762841,0.9993303802855232,Not significant
GENE1735,0,Other,12p,protein_coding,45,43,8.099384444444444,8.129852325581396,0.030467881136951647,1.0213433043503632,0.2870653462325861,-7.019952010699456,0.7746822455877485,0.9993303802855232,Not significant
GENE1503,0,Other,4q,protein_coding,45,43,9.454799555555555,9.485228372093024,0.03042881653746754,1.0213156492841018,0.25620458591148604,-7.028354762551917,0.7983422049849059,0.9993303802855232,Not significant
GENE2476,0,Other,7q,protein_coding,45,43,8.50708911111111,8.476708837209303,-0.03038027390180531,0.9791621703418524,-0.26068351197969053,-7.027194376131488,0.7948960875756605,0.9993303802855232,Not significant
GENE2155,0,Other,12p,protein_coding,45,43,7.309015777777778,7.278938139534883,-0.030077638242892668,0.9793675917670612,-0.2651855081871671,-7.026007776413137,0.7914363117160613,0.9993303802855232,Not significant
GENE1754,0,Other,3q,protein_coding,45,43,6.945810666666667,6.975615116279069,0.029804449612403694,1.0208737417934453,0.29743988581255926,-7.01691319468894,0.7667747001934305,0.9993303802855232,Not significant
GENE3026,0,Other,3q,protein_coding,45,43,5.456136444444445,5.426473255813954,-0.029663188630491888,0.9796489795968151,-0.23273550648785335,-7.0341067162114825,0.8164632854596171,0.9993303802855232,Not significant
GENE3135,0,Other,4q,protein_coding,45,43,8.485622444444445,8.455998139534884,-0.02962430490956436,0.979675383590584,-0.27629316049727637,-7.022993340620755,0.7829180663425541,0.9993303802855232,Not significant
GENE2883,0,Other,4q,protein_coding,45,43,8.221756666666666,8.251376976744186,0.02962031007752053,1.0207434500724113,0.2743760363377394,-7.0235224337478535,0.7843864176436227,0.9993303802855232,Not significant
GENE1292,0,Other,15q,protein_coding,45,43,7.204416222222222,7.175027906976744,-0.029388315245476804,0.9798356476574529,-0.2519867952545868,-7.02942913459624,0.8015910568399289,0.9993303802855232,Not significant
GENE3675,0,Other,4q,protein_coding,45,43,8.685339777777777,8.714727209302326,0.02938743152455281,1.0205786958683065,0.31046843825752973,-7.012944483172025,0.7568791787429543,0.9993303802855232,Not significant
GENE2515,0,Other,12p,protein_coding,45,43,7.221556888888889,7.250943023255814,0.0293861343669235,1.0205777782448247,0.2908248828611232,-7.01886324176999,0.7718139087544661,0.9993303802855232,Not significant
GENE2460,0,Other,21q,protein_coding,45,43,9.174241333333333,9.144943023255815,-0.029298310077518153,0.9798967784027266,-0.2720438751262395,-7.024161111070168,0.7861737025506258,0.9993303802855232,Not significant
GENE2189,0,Other,9p,protein_coding,45,43,10.085050666666667,10.114234186046511,0.02918351937984731,1.0204344563177619,0.2538254483409568,-7.028962975369601,0.8001743591966485,0.9993303802855232,Not significant
GENE3045,0,Other,18q,protein_coding,45,43,7.922964222222222,7.952130930232558,0.02916670801033927,1.0204225655159866,0.29062730896631184,-7.01892081159726,0.7719645692200688,0.9993303802855232,Not significant
GENE1640,0,Other,15q,protein_coding,45,43,7.841629111111111,7.812473488372093,-0.029155622739017062,0.9799936982463917,-0.22665728515467312,-7.035506486954674,0.8211731615317108,0.9993303802855232,Not significant
GENE2059,0,Other,12p,protein_coding,45,43,8.872529333333333,8.901631162790698,0.0291018294573675,1.0203766777510626,0.25163500784123016,-7.029517938590108,0.8018621876894674,0.9993303802855232,Not significant
GENE1802,0,Other,3q,protein_coding,45,43,8.068482,8.039388837209302,-0.029093162790699623,0.9800361269503428,-0.25820787183015237,-7.027838239678405,0.796800364879242,0.9993303802855232,Not significant
GENE1400,0,Other,15q,protein_coding,45,43,8.680641333333334,8.709665813953489,0.029024480620154947,1.0203219726113084,0.26098771581444513,-7.027114835664365,0.7946621775138544,0.9993303802855232,Not significant
GENE2287,0,Other,12p,protein_coding,45,43,8.245236888888888,8.274126046511627,0.028889157622741024,1.020226272169835,0.25069007819059597,-7.0297558599913845,0.8025905871357456,0.9993303802855232,Not significant
GENE1035,0,Other,4q,protein_coding,45,43,7.702626888888889,7.673768604651163,-0.02885828423772896,0.9801956951195638,-0.24879131795059858,-7.030231241032646,0.8040547735693349,0.9993303802855232,Not significant
GENE3692,0,Other,15q,protein_coding,45,43,8.138432,8.167026046511628,0.028594046511631888,1.0200176006844943,0.27910663747216863,-7.022210209998467,0.7807646091577414,0.9993303802855232,Not significant
GENE1804,0,Other,7q,protein_coding,45,43,6.490353333333333,6.518920465116279,0.02856713178294701,1.0199985715479718,0.26515863183377486,-7.02601492045974,0.7914569538427859,0.9993303802855232,Not significant
GENE2831,0,Other,20q,protein_coding,45,43,10.303089333333332,10.274602558139534,-0.028486775193801606,0.9804481382525021,-0.25442378160502915,-7.028810548260276,0.7997134821174211,0.9993303802855232,Not significant
GENE1751,0,Other,20q,protein_coding,45,43,9.670788222222223,9.699107441860464,0.028319219638238025,1.0198233104560517,0.23166159485191185,-7.0343567214105605,0.817294950973787,0.9993303802855232,Not significant
GENE3437,0,Other,9p,protein_coding,45,43,7.959428666666667,7.987615581395349,0.02818691472867929,1.019729790037438,0.24647012616006497,-7.030807480159411,0.8058456571649388,0.9993303802855232,Not significant
GENE2591,0,Other,20q,protein_coding,45,43,8.449104,8.477203720930232,0.0280997209302285,1.0196681613325353,0.2529851224134005,-7.029176445654591,0.8008217548357947,0.9993303802855232,Not significant
GENE1063,0,Other,12p,protein_coding,45,43,8.56033888888889,8.532368372093023,-0.02797051679586815,0.9807990475890608,-0.2336246532718044,-7.033898850042327,0.815774865512216,0.9993303802855232,Not significant
GENE2619,0,Other,4q,protein_coding,45,43,7.857606888888889,7.885552558139535,0.02794566925065034,1.019559286482281,0.20739234993406813,-7.039698557910111,0.8361436540396645,0.9993303802855232,Not significant
GENE1564,0,Other,7q,protein_coding,45,43,8.529291333333333,8.557187209302326,0.027895875968994233,1.0195240979461062,0.2602379584905968,-7.02731070823115,0.7952387187813645,0.9993303802855232,Not significant
GENE3638,0,Other,3q,protein_coding,45,43,10.157533555555556,10.129756511627907,-0.027777043927640577,0.9809305866349765,-0.24064193185538585,-7.032230559783805,0.8103468615195382,0.9993303802855232,Not significant
GENE3987,0,Other,4q,protein_coding,45,43,7.667115111111111,7.694869534883721,0.02775442377260884,1.0194241413723457,0.24037389853468968,-7.0322951878596145,0.8105540223388294,0.9993303802855232,Not significant
GENE2341,0,Other,2p,protein_coding,45,43,8.99499288888889,9.02243,0.027437111111112245,1.0191999494207902,0.26864326160288876,-7.025082635446658,0.7887818610787406,0.9993303802855232,Not significant
GENE1932,0,Other,21q,protein_coding,45,43,11.082205111111112,11.109638372093023,0.0274332609819119,1.0191972294791956,0.2188227412499945,-7.037256142329737,0.8272536218582249,0.9993303802855232,Not significant
GENE2443,0,Other,12p,protein_coding,45,43,8.848677555555556,8.821346976744186,-0.027330578811369577,0.9812341983120926,-0.266519153124756,-7.025652370049671,0.7904122053024835,0.9993303802855232,Not significant
GENE1623,0,Other,4q,protein_coding,45,43,7.909588666666667,7.88229,-0.027298666666665916,0.9812559032692469,-0.25546357518807683,-7.028544805275096,0.7989127308074802,0.9993303802855232,Not significant
GENE1817,0,Other,9p,protein_coding,45,43,9.613892666666667,9.58672511627907,-0.027167550387598993,0.9813450866834909,-0.24936288532022133,-7.030088520929116,0.8036139484693028,0.9993303802855232,Not significant
GENE3416,0,Other,15q,protein_coding,45,43,9.82214488888889,9.849199534883722,0.027054645994834203,1.0189297906202968,0.2590007607495952,-7.027632693233517,0.7961903355916984,0.9993303802855232,Not significant
GENE1794,0,Other,10q,protein_coding,45,43,10.017722666666666,10.044524186046512,0.02680151937984121,1.0187510309958194,0.22477488734897558,-7.035932485827652,0.8226331266072056,0.9993303802855232,Not significant
GENE2315,0,Other,20q,protein_coding,45,43,9.794795333333333,9.821506046511628,0.026710713178298207,1.0186869107226286,0.27139951485685826,-7.024336613519638,0.7866677195188181,0.9993303802855232,Not significant
GENE1819,0,Other,12p,protein_coding,45,43,8.593246,8.619823953488371,0.026577953488370554,1.0185931734238889,0.22640978424990546,-7.035562700650611,0.8213650844497948,0.9993303802855232,Not significant
GENE2278,0,Other,19q,protein_coding,45,43,8.591085777777778,8.565126744186047,-0.025959033591734126,0.9821674842501463,-0.24619462523251345,-7.0308755155193605,0.8060582849998613,0.9993303802855232,Not significant
GENE3392,0,Other,15q,protein_coding,45,43,10.065615555555556,10.03973511627907,-0.025880439276482647,0.9822209916660376,-0.21451554130791564,-7.038191860089936,0.8306009903767718,0.9993303802855232,Not significant
GENE1183,0,Other,12p,protein_coding,45,43,8.04254888888889,8.016698604651163,-0.025850284237725063,0.9822415221459938,-0.21491376379356802,-7.038106127862337,0.8302913771544707,0.9993303802855232,Not significant
GENE1952,0,Other,15q,protein_coding,45,43,8.268872444444444,8.294514186046511,0.025641741602067114,1.0179323895028847,0.25413516071890596,-7.028884120000453,0.7999357887702292,0.9993303802855232,Not significant
GENE3398,0,Other,3q,protein_coding,45,43,7.680770444444445,7.706402325581395,0.025631881136951584,1.0179254322096027,0.22598307492853997,-7.035659473030062,0.8216959988326819,0.9993303802855232,Not significant
GENE1792,0,Other,7q,protein_coding,45,43,8.577126222222223,8.551529069767442,-0.02559715245478067,0.9824138789882888,-0.22022040199941514,-7.036948514167294,0.8261681022000092,0.9993303802855232,Not significant
GENE3242,0,Other,3q,protein_coding,45,43,9.633523333333333,9.607950930232558,-0.025572403100776242,0.982430732388859,-0.21729153365935863,-7.037590918412134,0.8284432480613322,0.9993303802855232,Not significant
GENE2711,0,Other,20q,protein_coding,45,43,10.929119777777778,10.903698604651163,-0.025421173126616736,0.9825337207248463,-0.22871989646751348,-7.03503562986557,0.8195741473474045,0.9993303802855232,Not significant
GENE3583,0,Other,12p,protein_coding,45,43,9.169077777777778,9.143717209302325,-0.025360568475450762,0.9825749958123998,-0.22451592615925933,-7.035990812736412,0.8228340227251522,0.9993303802855232,Not significant
GENE3309,0,Other,18q,protein_coding,45,43,8.125622444444444,8.100345581395349,-0.02527686304909693,0.9826320066446638,-0.22042099839965237,-7.036904201901672,0.8260123328494728,0.9993303802855232,Not significant
GENE3439,0,Other,12p,protein_coding,45,43,8.429128444444444,8.403896511627908,-0.02523193281653313,0.9826626094892184,-0.21949170140719323,-7.037109146881192,0.8267340193318302,0.9993303802855232,Not significant
GENE3989,0,Other,9p,protein_coding,45,43,6.4190966666666665,6.393869767441861,-0.02522689922480481,0.9826660380246133,-0.2583131098354283,-7.0278109942749705,0.7967193900724019,0.9993303802855232,Not significant
GENE3840,0,Other,21q,protein_coding,45,43,10.293037555555555,10.267846976744186,-0.025190578811372433,0.9826907773388999,-0.19832236043611914,-7.041543474316489,0.8432130930407575,0.9993303802855232,Not significant
GENE1997,0,Other,9p,protein_coding,45,43,8.508072444444444,8.533260697674418,0.02518825322997742,1.0176124688369224,0.199106739989029,-7.041387180150378,0.8426012067386512,0.9993303802855232,Not significant
GENE2748,0,Other,21q,protein_coding,45,43,9.968261333333333,9.943177209302325,-0.02508412403100735,0.9827632916178026,-0.225413751328556,-7.0357883045894125,0.8221375611980981,0.9993303802855232,Not significant
GENE2519,0,Other,20q,protein_coding,45,43,7.985638222222223,7.960752325581395,-0.024885896640825855,0.9828983333148467,-0.21927863599891056,-7.037156013929795,0.8268995056267929,0.9993303802855232,Not significant
GENE1710,0,Other,10q,protein_coding,45,43,10.013675777777777,10.038543023255814,0.024867245478038313,1.0173860695339538,0.21433815179445317,-7.038229998651747,0.8307389172058447,0.9993303802855232,Not significant
GENE3302,0,Other,3q,protein_coding,45,43,10.748401555555555,10.723695348837209,-0.024706206718347445,0.9830207624628823,-0.23632372129276605,-7.033263008279854,0.813686004629898,0.9993303802855232,Not significant
GENE2558,0,Other,3q,protein_coding,45,43,8.237760444444444,8.262356279069767,0.02459583462532322,1.0171946890684602,0.23496667581348432,-7.033583610574466,0.8147360811192285,0.9993303802855232,Not significant
GENE1212,0,Other,21q,protein_coding,45,43,9.086565111111112,9.062004418604651,-0.02456069250645676,0.9831199176561777,-0.22149866621624553,-7.036665452400036,0.8251756094460501,0.9993303802855232,Not significant
GENE2922,0,Other,10q,protein_coding,45,43,8.503596,8.528136976744186,0.02454097674418243,1.0171560113972447,0.2201397050364777,-7.036966328967788,0.8262307678648522,0.9993303802855232,Not significant
GENE2932,0,Other,7q,protein_coding,45,43,8.82947,8.805003488372092,-0.024466511627904808,0.9831840990092965,-0.19732484053617047,-7.04174134803625,0.8439913867404949,0.9993303802855232,Not significant
GENE2512,0,Other,7q,protein_coding,45,43,8.689535333333334,8.713882325581395,0.024346992248062804,1.0170192539911065,0.23842589682405152,-7.0327627278694465,0.8120600214145015,0.9993303802855232,Not significant
GENE2332,0,Other,7q,protein_coding,45,43,8.810179777777778,8.786042790697675,-0.024136987080103367,0.9834086927658545,-0.22373979891045423,-7.036165220806001,0.8234361949491927,0.9993303802855232,Not significant
GENE3217,0,Other,2p,protein_coding,45,43,7.204821111111111,7.2288546511627905,0.024033540051679125,1.0167983117398178,0.21821098636789332,-7.03739017526606,0.8277288584918616,0.9993303802855232,Not significant
GENE3465,0,Other,18q,protein_coding,45,43,8.028068444444445,8.004105348837209,-0.023963095607234308,0.9835272325039752,-0.21673377425908172,-7.037712280789637,0.8288766821248728,0.9993303802855232,Not significant
GENE1290,0,Other,10q,protein_coding,45,43,8.492464444444444,8.468638837209303,-0.023825607235140822,0.9836209667983752,-0.19755208192554144,-7.041696358829359,0.8438140728385547,0.9993303802855232,Not significant
GENE1613,0,Other,9p,protein_coding,45,43,7.810057111111111,7.786395813953488,-0.02366129715762444,0.9837329988193781,-0.2202939651416192,-7.0369322685582425,0.8261109773223323,0.9993303802855232,Not significant
GENE1549,0,Other,2p,protein_coding,45,43,9.322868666666666,9.346478837209302,0.023610170542637476,1.0164999685473604,0.19588783239275012,-7.042024648560176,0.8451128536415622,0.9993303802855232,Not significant
GENE1074,0,Other,10q,protein_coding,45,43,9.24805488888889,9.271464883720931,0.02340999483203987,1.0163589377113489,0.22828152859450485,-7.035136057917766,0.8199139231638448,0.9993303802855232,Not significant
GENE2696,0,Other,15q,protein_coding,45,43,7.497761333333333,7.52108976744186,0.023328434108523588,1.016301480920529,0.22218543588651735,-7.0365126966996066,0.8246424925428657,0.9993303802855232,Not significant
GENE2407,0,Other,12p,protein_coding,45,43,8.925453777777777,8.902189069767442,-0.02326470801033409,0.984003458929394,-0.19439268576072777,-7.042317214606598,0.8462800313395986,0.9993303802855232,Not significant
GENE0998,0,Other,3q,protein_coding,45,43,8.413960666666666,8.390871395348837,-0.02308927131782923,0.9841231244193285,-0.19349019812855942,-7.042492726789826,0.846984719184047,0.9993303802855232,Not significant
GENE1506,0,Other,10q,protein_coding,45,43,9.717938888888888,9.694934883720931,-0.023004005167958752,0.984181289774572,-0.2153656008402714,-7.038008660733597,0.8299401116615592,0.9993303802855232,Not significant
GENE2382,0,Other,10q,protein_coding,45,43,10.652930222222222,10.62996534883721,-0.022964873385014073,0.9842079851535915,-0.20773696258178992,-7.039626835472173,0.8358753129983828,0.9993303802855232,Not significant
GENE3580,0,Other,7q,protein_coding,45,43,5.464290888888889,5.441379767441861,-0.022911121447027227,0.9842446554620272,-0.19503068520362357,-7.042192646650353,0.8457819386467743,0.9993303802855232,Not significant
GENE3359,0,Other,20q,protein_coding,45,43,9.458453333333333,9.435603953488371,-0.022849379844959827,0.9842867781147591,-0.21600555392561463,-7.0378702645921045,0.8294426607768075,0.9993303802855232,Not significant
GENE2561,0,Other,9p,protein_coding,45,43,7.483283111111111,7.460531162790698,-0.022751948320409277,0.9843532535631624,-0.21449549055945386,-7.038196172560159,0.8306165803007838,0.9993303802855232,Not significant
GENE2525,0,Other,9p,protein_coding,45,43,7.972349555555556,7.949673255813953,-0.022676299741599237,0.9844048700690137,-0.2059064232060331,-7.04000645364231,0.8373009285633982,0.9993303802855232,Not significant
GENE1868,0,Other,15q,protein_coding,45,43,8.991533777777777,9.014202325581396,0.022668547803622374,1.0158367326142714,0.18179602348571294,-7.044693161074486,0.8561269004722134,0.9993303802855232,Not significant
GENE2218,0,Other,19q,protein_coding,45,43,8.286370666666667,8.264157209302326,-0.02221345736434266,0.9847207354261115,-0.19612136544275985,-7.041978749231753,0.8449305785046357,0.9993303802855232,Not significant
GENE3211,0,Other,12p,protein_coding,45,43,7.594631111111111,7.57251488372093,-0.02211622739018093,0.9847871026037558,-0.20413493468035485,-7.040370629560636,0.8386810724790623,0.9993303802855232,Not significant
GENE1489,0,Other,2p,protein_coding,45,43,8.262380888888888,8.284461627906976,0.022080739018086604,1.0154229264310748,0.19932550856446157,-7.041343478750297,0.8424305648533525,0.9993303802855232,Not significant
GENE1601,0,Other,9p,protein_coding,45,43,8.96485,8.942770697674419,-0.02207930232557942,0.9848123080641659,-0.20605906876402613,-7.0399749262227544,0.8371820281030844,0.9993303802855232,Not significant
GENE1094,0,Other,3q,protein_coding,45,43,8.869310444444444,8.847276279069767,-0.022034165374677173,0.9848431199259318,-0.21060941339748881,-7.039024378583979,0.8336393668841598,0.9993303802855232,Not significant
GENE3736,0,Other,7q,protein_coding,45,43,7.122369555555555,7.144320930232558,0.021951374677004587,1.015331879033778,0.2049796437971177,-7.040197369595259,0.8380229073320131,0.9993303802855232,Not significant
GENE1189,0,Other,2p,protein_coding,45,43,8.022235555555556,8.044106046511628,0.021870490956072075,1.0152749567349102,0.20462529009103053,-7.040270138826603,0.8382989922462665,0.9993303802855232,Not significant
GENE3280,0,Other,7q,protein_coding,45,43,6.952150666666666,6.930316511627907,-0.021834155038760628,0.9849796646928611,-0.21231583860226738,-7.038662565850572,0.8323117129705159,0.9993303802855232,Not significant
GENE3510,0,Other,10q,protein_coding,45,43,9.403292222222221,9.425027209302325,0.021734987080103352,1.0151796023964186,0.1951603182904259,-7.042167286229311,0.8456807404145863,0.9993303802855232,Not significant
GENE2843,0,Other,20q,protein_coding,45,43,9.717231555555555,9.73882953488372,0.021597979328159767,1.0150831988827982,0.17357930697995014,-7.046157287121351,0.86256232955008,0.9993303802855232,Not significant
GENE3668,0,Other,15q,protein_coding,45,43,6.712072444444445,6.6908246511627905,-0.02124779328165438,0.9853800762667528,-0.201720294231506,-7.040861958933732,0.8405630989329967,0.9993303802855232,Not significant
GENE3805,0,Other,2p,protein_coding,45,43,7.969940888888889,7.991040697674419,0.021099808785530527,1.0147327455743091,0.20327487849211137,-7.040546302951852,0.8393513132546595,0.9993303802855232,Not significant
GENE2213,0,Other,9p,protein_coding,45,43,9.477523111111111,9.456452790697675,-0.021070320413437926,0.9855013000737318,-0.1802472223051202,-7.0449743146582104,0.8573392105467244,0.9993303802855232,Not significant
GENE1902,0,Other,10q,protein_coding,45,43,10.147960666666666,10.12701558139535,-0.020945085271314667,0.9855868515928193,-0.18221299150108308,-7.0446170582529435,0.8558005813212555,0.9993303802855232,Not significant
GENE3791,0,Other,20q,protein_coding,45,43,9.291074,9.311988372093023,0.02091437209302427,1.0146023253633991,0.20264315824610477,-7.040674864828821,0.8398436875219224,0.9993303802855232,Not significant
GENE1629,0,Other,18q,protein_coding,45,43,8.90902088888889,8.929646279069768,0.020625390180880387,1.0143991137708432,0.205704320970362,-7.04004815993338,0.8374583582031339,0.9993303802855232,Not significant
GENE1598,0,Other,3q,protein_coding,45,43,6.097552222222222,6.077375813953489,-0.020176408268735457,0.9861121183939896,-0.1795080054374144,-7.04510765708999,0.8579179465532546,0.9993303802855232,Not significant
GENE1968,0,Other,21q,protein_coding,45,43,8.917162666666666,8.937231395348837,0.0200687286821708,1.0140077850498455,0.17891932440660083,-7.045213453671839,0.8583788829206563,0.9993303802855232,Not significant
GENE1935,0,Other,4q,protein_coding,45,43,6.862887777777778,6.882861395348837,0.01997361757106031,1.0139409377776338,0.18207588243013648,-7.04464210190952,0.8559078801136497,0.9993303802855232,Not significant
GENE1690,0,Other,19q,protein_coding,45,43,6.320619777777778,6.300663720930233,-0.01995605684754498,0.9862627446840359,-0.18787671883213697,-7.043566088797339,0.8513706517297072,0.9993303802855232,Not significant
GENE1685,0,Other,9p,protein_coding,45,43,10.171935333333334,10.152011395348838,-0.01992393798448866,0.9862847021939463,-0.17902807562938927,-7.045193935271041,0.8582937271780192,0.9993303802855232,Not significant
GENE1803,0,Other,4q,protein_coding,45,43,8.83006311111111,8.810147209302325,-0.019915901808785108,0.9862901960641064,-0.17052620378992447,-7.046684074134322,0.8649559428543534,0.9993303802855232,Not significant
GENE3234,0,Other,10q,protein_coding,45,43,9.511279111111111,9.53105953488372,0.01978042377261069,1.0138051682765155,0.1656088227075801,-7.04751288560849,0.8688137758791459,0.9993303802855232,Not significant
GENE2002,0,Other,19q,protein_coding,45,43,8.550064444444445,8.53045046511628,-0.01961397932816311,0.9864966252372062,-0.1945768311551993,-7.042281302501752,0.8461362607314198,0.9993303802855232,Not significant
GENE1526,0,Other,3q,protein_coding,45,43,6.997298222222222,7.016747906976744,0.019449684754521357,1.0135727792512121,0.1700098772401463,-7.046772238348058,0.865360864630925,0.9993303802855232,Not significant
GENE3771,0,Other,4q,protein_coding,45,43,7.962643111111111,7.943306279069767,-0.01933683204134251,0.9866861532511932,-0.18499448923046094,-7.044104936257247,0.8536244246890196,0.9993303802855232,Not significant
GENE2469,0,Other,18q,protein_coding,45,43,9.242646888888888,9.223457209302326,-0.019189679586563813,0.9867867987032247,-0.15662113223220664,-7.048965105961123,0.875873027789291,0.9993303802855232,Not significant
GENE1262,0,Other,3q,protein_coding,45,43,7.4372,7.41812,-0.019079999999998876,0.9868618211294508,-0.17373491453294473,-7.046130188158606,0.8624403683505757,0.9993303802855232,Not significant
GENE1143,0,Other,4q,protein_coding,45,43,9.552230222222223,9.533577674418604,-0.018652547803618802,0.9871542590595326,-0.1581416091894514,-7.048725119257485,0.874678069748329,0.9993303802855232,Not significant
GENE2360,0,Other,15q,protein_coding,45,43,7.951788888888889,7.970435348837209,0.01864645994832248,1.0130086266171516,0.17553412416801656,-7.045815094453251,0.8610304367152234,0.9993303802855232,Not significant
GENE1670,0,Other,3q,protein_coding,45,43,8.937972222222223,8.95650511627907,0.018532894056844995,1.0129288878666638,0.14076148387007195,-7.051330181449592,0.8883539123783335,0.9993303802855232,Not significant
GENE2872,0,Other,7q,protein_coding,45,43,7.820584222222222,7.8023255813953485,-0.018258640826872785,0.9874238240251629,-0.15098970721883803,-7.0498337643236635,0.880301303918244,0.9993303802855232,Not significant
GENE2806,0,Other,19q,protein_coding,45,43,7.540183111111111,7.55838,0.018196888888889262,1.012693003150442,0.14953831038645812,-7.05005249271118,0.8814432334450817,0.9993303802855232,Not significant
GENE1254,0,Other,10q,protein_coding,45,43,10.032499111111111,10.05053465116279,0.01803554005168273,1.0125797514255885,0.17811227862728035,-7.045357929917436,0.8590108782314159,0.9993303802855232,Not significant
GENE3386,0,Other,3q,protein_coding,45,43,8.122408666666667,8.104392325581395,-0.018016341085274945,0.9875896751738189,-0.1637023228878331,-7.04782770140976,0.8703103413023185,0.9993303802855232,Not significant
GENE1920,0,Other,21q,protein_coding,45,43,7.727118666666667,7.709139302325582,-0.01797936434108305,0.9876149877435143,-0.14730220000189473,-7.050385346061336,0.8832030488765034,0.9993303802855232,Not significant
GENE3793,0,Other,2p,protein_coding,45,43,8.408162666666666,8.426137209302325,0.017974542635657897,1.0125369402694457,0.18112380246245505,-7.0448154844802815,0.8566530332045682,0.9993303802855232,Not significant
GENE2574,0,Other,10q,protein_coding,45,43,9.852709333333333,9.834743488372093,-0.01796584496124254,0.9876242426479378,-0.15663737691361665,-7.048962554204951,0.8758602594075363,0.9993303802855232,Not significant
GENE3418,0,Other,19q,protein_coding,45,43,8.298655111111112,8.316449534883722,0.017794423772608425,1.0124105340553813,0.15779324336571882,-7.048780308731837,0.8749518284008828,0.9993303802855232,Not significant
GENE3884,0,Other,15q,protein_coding,45,43,8.274413555555556,8.29217511627907,0.017761560723512204,1.012387472689529,0.16044291143736766,-7.048357481942931,0.8728700062318572,0.9993303802855232,Not significant
GENE2127,0,Other,4q,protein_coding,45,43,8.089623555555555,8.071890930232557,-0.017732625322997464,0.987783910478213,-0.15109752534623197,-7.049817431656967,0.8802164848640659,0.9993303802855232,Not significant
GENE3765,0,Other,18q,protein_coding,45,43,8.396845777777777,8.414574651162791,0.017728873385014055,1.0123645351481996,0.1724001041455268,-7.046361855852678,0.8634866663642858,0.9993303802855232,Not significant
GENE2617,0,Other,2p,protein_coding,45,43,7.773225555555555,7.755498139534883,-0.017727416020668407,0.9877874771878569,-0.15695140403356433,-7.048913174040054,0.8756134393430064,0.9993303802855232,Not significant
GENE1062,0,Other,10q,protein_coding,45,43,8.535926666666667,8.518217674418604,-0.017708992248062216,0.9878000916958092,-0.15971857216771654,-7.048473768958173,0.873439025403506,0.9993303802855232,Not significant
GENE1570,0,Other,19q,protein_coding,45,43,7.532669111111111,7.550209069767442,0.017539958656329624,1.0122319790328096,0.1582645614136206,-7.048705611642687,0.8745814530127372,0.9993303802855232,Not significant
GENE3825,0,Other,18q,protein_coding,45,43,10.537659111111111,10.555166976744186,0.017507865633080044,1.012209461991997,0.18842591159896946,-7.043462470236851,0.8509413470945175,0.9993303802855232,Not significant
GENE3327,0,Other,4q,protein_coding,45,43,8.267736222222222,8.285200930232559,0.01746470801033695,1.0121791826193898,0.15428217474163064,-7.049329754469037,0.8777117982037237,0.9993303802855232,Not significant
GENE1676,0,Other,15q,protein_coding,45,43,8.441217333333332,8.42380558139535,-0.01741175193798128,0.9880036303828801,-0.1639358018632995,-7.047789343335738,0.8701270393659104,0.9993303802855232,Not significant
GENE1948,0,Other,7q,protein_coding,45,43,8.312112222222222,8.329487906976745,0.017375684754519227,1.0121167267962845,0.169361239193133,-7.046882616456696,0.8658696006972346,0.9993303802855232,Not significant
GENE1587,0,Other,4q,protein_coding,45,43,9.774485777777778,9.757139302325582,-0.017346475452198362,0.988048334816019,-0.16049647550772647,-7.048348861766974,0.8728279305560269,0.9993303802855232,Not significant
GENE2916,0,Other,21q,protein_coding,45,43,8.073859333333333,8.056688372093022,-0.01717096124031059,0.9881685453033274,-0.15629809102654982,-7.049015795169352,0.8761269462238688,0.9993303802855232,Not significant
GENE3525,0,Other,18q,protein_coding,45,43,8.994990222222222,9.012042558139536,0.017052335917313144,1.0118899081788262,0.1700894157560047,-7.046758674331874,0.8652984853352738,0.9993303802855232,Not significant
GENE1207,0,Other,12p,protein_coding,45,43,9.212914444444444,9.195926976744186,-0.016987467700259273,0.9882942365068897,-0.16448019903695751,-7.047699692535601,0.8696996663023038,0.9993303802855232,Not significant
GENE1209,0,Other,18q,protein_coding,45,43,7.976415111111111,7.9933816279069765,0.016966516795864806,1.0118297174124644,0.15633385965810548,-7.049010187773294,0.8760988305503699,0.9993303802855232,Not significant
GENE1469,0,Other,9p,protein_coding,45,43,8.775070222222222,8.79189511627907,0.016824894056849615,1.0117303956163062,0.1599436595619882,-7.048437689253434,0.8732621963722993,0.9993303802855232,Not significant
GENE3887,0,Other,20q,protein_coding,45,43,6.419015333333333,6.435517906976744,0.01650257364341101,1.0115043846265765,0.14824713792489158,-7.050245300073429,0.8824593122289217,0.9993303802855232,Not significant
GENE3052,0,Other,7q,protein_coding,45,43,8.561928,8.545522325581395,-0.016405674418601635,0.9886928646872092,-0.1445644071685223,-7.050786051147608,0.8853584842445185,0.9993303802855232,Not significant
GENE2954,0,Other,3q,protein_coding,45,43,8.023122444444445,8.00687023255814,-0.016252211886301993,0.9887980396385642,-0.14377259732554334,-7.050900540074976,0.8859820291718932,0.9993303802855232,Not significant
GENE1677,0,Other,18q,protein_coding,45,43,9.732022666666667,9.715772558139534,-0.0162501085271316,0.9887994812453358,-0.16181757646876826,-7.048135344118545,0.8717902945948882,0.9993303802855232,Not significant
GENE0981,0,Other,18q,protein_coding,45,43,8.076624444444445,8.060416046511628,-0.016208397932814478,0.9888280694147453,-0.1688275778876955,-7.0469731129024495,0.8662882012077031,0.9993303802855232,Not significant
GENE3123,0,Other,4q,protein_coding,45,43,7.2962008888888885,7.280123953488372,-0.01607693540051436,0.9889181783852602,-0.1325897222038091,-7.05245036302412,0.8947959459762471,0.9993303802855232,Not significant
GENE2703,0,Other,4q,protein_coding,45,43,8.882208888888888,8.898261860465116,0.01605297157622232,1.0111892081036642,0.15420633207201898,-7.049341486712959,0.877771433160895,0.9993303802855232,Not significant
GENE3189,0,Other,18q,protein_coding,45,43,9.422007555555556,9.437916976744186,0.01590942118862948,1.0110885982192288,0.14330686604208892,-7.050967587263406,0.8863488229468033,0.9993303802855232,Not significant
GENE2882,0,Other,3q,protein_coding,45,43,7.779928222222222,7.764133255813953,-0.01579496640826683,0.9891114773885461,-0.14326348692565985,-7.050973821098771,0.8863829880917731,0.9993303802855232,Not significant
GENE2660,0,Other,15q,protein_coding,45,43,8.319325555555556,8.303626279069768,-0.01569927648579217,0.9891770845590467,-0.13585967965139817,-7.052010153559869,0.8922172742866579,0.9993303802855232,Not significant
GENE2121,0,Other,18q,protein_coding,45,43,7.560904666666667,7.576430930232558,0.015526263565892151,1.0108201042876168,0.13481453760085899,-7.052152018698527,0.8930413434506194,0.9993303802855232,Not significant
GENE1378,0,Other,19q,protein_coding,45,43,9.043116666666666,9.027777674418605,-0.015338992248061345,0.9894241426035374,-0.13547328448521678,-7.052062729532214,0.8925219237813244,0.9993303802855232,Not significant
GENE3076,0,Other,7q,protein_coding,45,43,8.597498444444444,8.612711860465117,0.015213416020669612,1.0106009323251564,0.13702928005685078,-7.051850096226379,0.8912952129234,0.9993303802855232,Not significant
GENE1672,0,Other,7q,protein_coding,45,43,7.283088,7.2982316279069765,0.015143627906975432,1.0105520472697884,0.14169577142798487,-7.051197845043003,0.8876178553375711,0.9993303802855232,Not significant
GENE3039,0,Other,4q,protein_coding,45,43,9.862844666666666,9.877977674418604,0.015133007751938266,1.0105446082895402,0.13137542430479196,-7.052611105035964,0.8957538241942388,0.9993303802855232,Not significant
GENE3400,0,Other,7q,protein_coding,45,43,9.498194,9.483068372093022,-0.015125627906977357,0.9895704822218897,-0.12794648964299962,-7.053057026891076,0.8984595098235564,0.9993303802855232,Not significant
GENE3317,0,Other,9p,protein_coding,45,43,9.229101111111111,9.214022093023257,-0.015079018087860163,0.9896024532517683,-0.13535912458405328,-7.052078234383172,0.8926119351255264,0.9993303802855232,Not significant
GENE3058,0,Other,19q,protein_coding,45,43,9.135025555555556,9.120098139534884,-0.014927416020672268,0.9897064486604835,-0.135144567858846,-7.052107339470839,0.8927811098795351,0.9993303802855232,Not significant
GENE1244,0,Other,15q,protein_coding,45,43,7.698856888888889,7.684496744186046,-0.014360144702846078,0.9900956802431804,-0.12025034796258993,-7.054014961838619,0.9045366602389227,0.9993303802855232,Not significant
GENE2150,0,Other,3q,protein_coding,45,43,8.606043555555555,8.59172511627907,-0.014318439276484796,0.9901243023415159,-0.11837143226941231,-7.054239810071342,0.9060211967291394,0.9993303802855232,Not significant
GENE3623,0,Other,20q,protein_coding,45,43,7.733158222222222,7.7189227906976745,-0.014235431524550535,0.9901812723556889,-0.1300099879464021,-7.0527900880941194,0.8968311097514847,0.9993303802855232,Not significant
GENE3183,0,Other,4q,protein_coding,45,43,8.001689555555556,8.01558558139535,0.013896025839798654,1.009678528052823,0.13731410251675594,-7.051810911220462,0.8910706940158044,0.9993303802855232,Not significant
GENE3239,0,Other,20q,protein_coding,45,43,8.040988444444444,8.05480488372093,0.013816439276485681,1.0096228304691959,0.1304248128562114,-7.052735910024447,0.8965038056575598,0.9993303802855232,Not significant
GENE1462,0,Other,19q,protein_coding,45,43,7.940806,7.954493255813953,0.013687255813953136,1.0095324297052322,0.13701156099760997,-7.05185253127331,0.8913091807375547,0.9993303802855232,Not significant
GENE2656,0,Other,7q,protein_coding,45,43,8.035106444444445,8.02172046511628,-0.013385979328164765,0.9907644582007347,-0.12070921565780232,-7.053959511720021,0.9041741588816592,0.9993303802855232,Not significant
GENE1037,0,Other,9p,protein_coding,45,43,9.256020888888889,9.242766511627908,-0.013254377260981443,0.9908548394623218,-0.12479877198427652,-7.053455999396934,0.9009443509504209,0.9993303802855232,Not significant
GENE1698,0,Other,10q,protein_coding,45,43,9.715158444444445,9.728411627906977,0.013253183462534679,1.0092287312891919,0.10754879082163317,-7.055466026376091,0.9145785294136966,0.9993303802855232,Not significant
GENE3568,0,Other,7q,protein_coding,45,43,9.669007333333333,9.682228604651163,0.013221271317826577,1.0092064075851492,0.12384208365416213,-7.05357529089775,0.9016997672617375,0.9993303802855232,Not significant
GENE2819,0,Other,20q,protein_coding,45,43,9.315061333333333,9.328282093023256,0.013220759689920314,1.009206049686872,0.12326176296181929,-7.05364720514969,0.9021580418101676,0.9993303802855232,Not significant
GENE2631,0,Other,4q,protein_coding,45,43,8.12,8.133137674418604,0.01313767441860314,1.0091479308595077,0.1188817743556698,-7.054179088035223,0.9056179408144617,0.9993303802855232,Not significant
GENE2966,0,Other,3q,protein_coding,45,43,9.381654888888889,9.394788139534883,0.013133250645994465,1.009144836488207,0.11247004848380524,-7.054923003918973,0.9106860415912866,0.9993303802855232,Not significant
GENE2275,0,Other,12p,protein_coding,45,43,8.807043333333333,8.820057209302325,0.013013875968990618,1.0090613390395553,0.11382011180034592,-7.054769789917408,0.9096185801709907,0.9993303802855232,Not significant
GENE3034,0,Other,19q,protein_coding,45,43,9.567190222222223,9.554192558139535,-0.012997664082689653,0.9910311678755322,-0.10994041260336082,-7.0552051628836585,0.9126866010274206,0.9993303802855232,Not significant
GENE2614,0,Other,19q,protein_coding,45,43,8.797053777777778,8.809912790697675,0.012859012919893331,1.0089530292966626,0.12480759233861871,-7.053454895298807,0.9009373866812714,0.9993303802855232,Not significant
GENE2078,0,Other,3q,protein_coding,45,43,10.118183333333333,10.130947674418605,0.01276434108527269,1.008886822442389,0.11368261123761304,-7.054785477972199,0.9097272908929364,0.9993303802855232,Not significant
GENE2416,0,Other,7q,protein_coding,45,43,8.076117555555555,8.063375581395348,-0.012741974160208613,0.9912068246369936,-0.1251028942382964,-7.053417885516207,0.9007042302377722,0.9993303802855232,Not significant
GENE1507,0,Other,12p,protein_coding,45,43,7.184584,7.197287906976745,0.012703906976745394,1.0088445613290034,0.10861881224457037,-7.055350024011844,0.9137320114423932,0.9993303802855232,Not significant
GENE3448,0,Other,7q,protein_coding,45,43,8.613871555555555,8.601391162790698,-0.012480392764858905,0.9913865610081979,-0.122675165196897,-7.053719554095854,0.9026213069697875,0.9993303802855232,Not significant
GENE1298,0,Other,3q,protein_coding,45,43,10.33331888888889,10.32084534883721,-0.012473540051672671,0.9913912700448976,-0.11360450452315987,-7.054794381073638,0.9097890444036145,0.9993303802855232,Not significant
GENE1174,0,Other,19q,protein_coding,45,43,6.9574564444444444,6.969896046511628,0.012439602067184197,1.008659755711929,0.11671455756354086,-7.054435149733106,0.907330574994696,0.9993303802855232,Not significant
GENE3679,0,Other,12p,protein_coding,45,43,6.039608888888889,6.027580465116279,-0.012028423772608932,0.9916971922687147,-0.12979099313893516,-7.052818620254969,0.8970039076727835,0.9993303802855232,Not significant
GENE1236,0,Other,21q,protein_coding,45,43,8.580875777777777,8.592866976744187,0.011991198966406102,1.0083463035483233,0.11593393497232225,-7.0545262284026204,0.9079475664413696,0.9993303802855232,Not significant
GENE0984,0,Other,21q,protein_coding,45,43,8.266626666666667,8.254780465116278,-0.011846201550387292,0.9918224582978552,-0.10396120972178167,-7.055846582447201,0.9174174580631982,0.9993303802855232,Not significant
GENE1409,0,Other,9p,protein_coding,45,43,7.843998888888889,7.832264418604651,-0.011734470284238796,0.9918992741648478,-0.09924090404948747,-7.056327630307213,0.9211543597540595,0.9993303802855232,Not significant
GENE3560,0,Other,15q,protein_coding,45,43,8.647048,8.658780930232558,0.011732930232563277,1.0081658073195636,0.10614915771886002,-7.055616029232836,0.9156859590123891,0.9993303802855232,Not significant
GENE3890,0,Other,3q,protein_coding,45,43,7.740552222222222,7.752216511627907,0.011664289405686645,1.0081178417506313,0.11764059406849989,-7.054326312618087,0.9065987244208256,0.9993303802855232,Not significant
GENE3813,0,Other,18q,protein_coding,45,43,8.114119333333333,8.102613953488373,-0.011505379844960473,0.9920567937213945,-0.10537176389167141,-7.055698496280616,0.9163011271118249,0.9993303802855232,Not significant
GENE1158,0,Other,10q,protein_coding,45,43,7.2206513333333335,7.231911860465116,0.011260527131781828,1.0078357426323372,0.10856691239607498,-7.05535567703318,0.9137730682919831,0.9993303802855232,Not significant
GENE1354,0,Other,19q,protein_coding,45,43,7.923251777777778,7.912000697674419,-0.01125108010335829,0.9922316761565406,-0.10355446007400262,-7.055888914178206,0.9177393958577178,0.9993303802855232,Not significant
GENE1322,0,Other,3q,protein_coding,45,43,8.866936888888889,8.87814953488372,0.011212645994829629,1.007802294454394,0.11456364452627209,-7.05468462850347,0.9090307580112438,0.9993303802855232,Not significant
GENE2824,0,Other,7q,protein_coding,45,43,8.403810666666667,8.392618837209302,-0.011191829457361635,0.9922724273710274,-0.09269807634824091,-7.056957460775475,0.9263369964177861,0.9993303802855232,Not significant
GENE2258,0,Other,3q,protein_coding,45,43,7.362707333333334,7.351609534883721,-0.01109779844960812,0.9923371031440759,-0.10091218519816057,-7.056159864604367,0.9198310580539094,0.9993303802855232,Not significant
GENE2347,0,Other,12p,protein_coding,45,43,9.461902666666667,9.450808372093023,-0.011094294573645413,0.9923395132378562,-0.09751741252284703,-7.056497703222785,0.9225192332755496,0.9993303802855232,Not significant
GENE3526,0,Other,19q,protein_coding,45,43,7.642899111111111,7.653739534883721,0.01084042377261163,1.0075423101812626,0.09982153273124775,-7.0562696634613875,0.9206945991374652,0.9993303802855232,Not significant
GENE2799,0,Other,4q,protein_coding,45,43,8.853689333333334,8.864412790697674,0.010723457364337108,1.0074606270641024,0.09755616314784987,-7.056493912074076,0.9224885431808634,0.9993303802855232,Not significant
GENE3792,0,Other,21q,protein_coding,45,43,8.951175777777777,8.961731162790699,0.010555385012921192,1.0073432658692738,0.09632549728919752,-7.056613578156463,0.9234632748341567,0.9993303802855232,Not significant
GENE3617,0,Other,9p,protein_coding,45,43,8.522084666666666,8.511636279069767,-0.010448387596895259,0.9927838916404857,-0.08936614880219679,-7.057261702949878,0.9289774830186077,0.9993303802855232,Not significant
GENE3493,0,Other,2p,protein_coding,45,43,7.066102888888889,7.076546279069768,0.010443390180876477,1.0072650699527084,0.08973011990433083,-7.057229010013626,0.9286890039451354,0.9993303802855232,Not significant
GENE2544,0,Other,21q,protein_coding,45,43,6.5346631111111115,6.524327441860465,-0.010335669250641999,0.9928614612771618,-0.09441241484288117,-7.056796584557037,0.9249787362531535,0.9993303802855232,Not significant
GENE3438,0,Other,10q,protein_coding,45,43,7.999117555555555,7.98890488372093,-0.010212671834624487,0.9929461115993371,-0.0867503837808535,-7.0574927500600575,0.9310509831699669,0.9993303802855232,Not significant
GENE1167,0,Other,4q,protein_coding,45,43,7.410439555555556,7.400470697674419,-0.00996885788113655,0.9931139326344043,-0.08980758605605436,-7.057222034632219,0.928627606441738,0.9993303802855232,Not significant
GENE1502,0,Other,3q,protein_coding,45,43,8.440172222222222,8.450078372093023,0.009906149870799297,1.0068900477627059,0.08514409816362577,-7.0576312303852164,0.9323245120040031,0.9993303802855232,Not significant
GENE2516,0,Other,15q,protein_coding,45,43,8.84577111111111,8.835994186046511,-0.009776925064597819,0.9932460630075102,-0.09606213946376901,-7.056638988950615,0.9236718789261463,0.9993303802855232,Not significant
GENE3624,0,Other,21q,protein_coding,45,43,7.155146444444444,7.145478604651163,-0.009667839793285893,0.9933211673154387,-0.09423691235746255,-7.056813189409002,0.9251177756885093,0.9993303802855232,Not significant
GENE2302,0,Other,19q,protein_coding,45,43,8.418079777777777,8.408720232558139,-0.009359545219639998,0.9935334562882946,-0.07642404895132086,-7.05833784382801,0.9392411092068257,0.9993303802855232,Not significant
GENE1628,0,Other,15q,protein_coding,45,43,6.177708222222222,6.186912558139535,0.009204335917315731,1.0064003547822038,0.09318594145925545,-7.056911978784186,0.9259504414238902,0.9993303802855232,Not significant
GENE2190,0,Other,10q,protein_coding,45,43,8.379093333333334,8.369910465116279,-0.009182868217052942,0.9936551349915178,-0.0813617768185112,-7.0579470895057215,0.9353239800560273,0.9993303802855232,Not significant
GENE1242,0,Other,10q,protein_coding,45,43,9.28600288888889,9.295023488372093,0.009020599483200442,1.0062721914262271,0.08929815997740684,-7.057267795175811,0.9290313711871317,0.9993303802855232,Not significant
GENE3963,0,Other,4q,protein_coding,45,43,8.067492666666666,8.076428139534883,0.008935472868214944,1.0062128178123864,0.08150146262842316,-7.057935679596713,0.9352131891348315,0.9993303802855232,Not significant
GENE1385,0,Other,9p,protein_coding,45,43,8.41368511111111,8.422240697674418,0.008555586563311124,1.0059478996301854,0.07892120075493264,-7.058143284316443,0.9372599109779088,0.9993303802855232,Not significant
GENE2557,0,Other,2p,protein_coding,45,43,9.855087777777777,9.863641395348838,0.008553617571056549,1.0059465267119905,0.07250734480673884,-7.058630406412607,0.9423493212127667,0.9993303802855232,Not significant
GENE1961,0,Other,9p,protein_coding,45,43,9.451840222222222,9.460292790697675,0.008452568475451727,1.0058760707777326,0.08078013119311223,-7.057994389472393,0.9357853222772127,0.9993303802855232,Not significant
GENE1417,0,Other,2p,protein_coding,45,43,8.888286666666666,8.896691627906977,0.008404961240314535,1.0058428786011706,0.08212160379868698,-7.05788478852105,0.9347213434852942,0.9993303802855232,Not significant
GENE1729,0,Other,2p,protein_coding,45,43,8.192643555555556,8.200957209302326,0.008313653746775174,1.0057792212908512,0.06315617446504583,-7.059266681673194,0.9497737258952664,0.9993303802855232,Not significant
GENE1970,0,Other,3q,protein_coding,45,43,8.753166222222223,8.761446046511628,0.008279824289406434,1.005755637258602,0.07917893382294675,-7.058122847607962,0.9370554521441378,0.9993303802855232,Not significant
GENE2496,0,Other,21q,protein_coding,45,43,10.10382711111111,10.095718372093023,-0.008108739018089395,0.9943952161493526,-0.07524820804206801,-7.0584272907815295,0.9401741346649012,0.9993303802855232,Not significant
GENE3388,0,Other,7q,protein_coding,45,43,8.834665777777778,8.826652325581396,-0.00801345219638172,0.9944608959265451,-0.06998389635184524,-7.058810748263475,0.9443523510139846,0.9993303802855232,Not significant
GENE2825,0,Other,9p,protein_coding,45,43,10.362793777777778,10.370637441860465,0.007843664082683333,1.0054516199363275,0.06196972511081757,-7.059341140406271,0.950716043215432,0.9993303802855232,Not significant
GENE1522,0,Other,19q,protein_coding,45,43,7.836371555555555,7.844213255813953,0.007841700258397921,1.0054502512971424,0.07141490075027485,-7.05870926347343,0.9432164224223973,0.9993303802855232,Not significant
GENE3647,0,Other,20q,protein_coding,45,43,8.980336222222222,8.972524883720931,-0.007811338501293008,0.9946002242255617,-0.06772123971024997,-7.058967021368239,0.94614867722756,0.9993303802855232,Not significant
GENE2494,0,Other,19q,protein_coding,45,43,9.986680666666667,9.99441465116279,0.007733984496123725,1.0053751842911725,0.0688192963941284,-7.058891824079919,0.9452768932106976,0.9993303802855232,Not significant
GENE3138,0,Other,10q,protein_coding,45,43,5.587526888888889,5.579973720930233,-0.007553167958656459,0.9947782240445021,-0.06660509388854509,-7.059042218036632,0.947034889942385,0.9993303802855232,Not significant
GENE3122,0,Other,3q,protein_coding,45,43,8.528024888888888,8.535313720930233,0.0072888320413433405,1.00506501743036,0.06423078565932686,-7.059198023078797,0.9489202956751673,0.9993303802855232,Not significant
GENE2888,0,Other,15q,protein_coding,45,43,9.115542444444445,9.10825558139535,-0.007286863049095871,0.9949618656104957,-0.06321065868161996,-7.0592632284656425,0.9497304544314269,0.9993303802855232,Not significant
GENE1888,0,Other,7q,protein_coding,45,43,9.238934,9.246054186046512,0.007120186046513766,1.004947535718476,0.06404602587066216,-7.0592099101244035,0.9490670232215938,0.9993303802855232,Not significant
GENE1906,0,Other,19q,protein_coding,45,43,8.067391777777777,8.060368604651163,-0.007023173126611937,0.9951437373075052,-0.0518019868781413,-7.059921344588468,0.958794329718957,0.9993303802855232,Not significant
GENE2899,0,Other,12p,protein_coding,45,43,7.843427111111112,7.836550697674419,-0.006876413436694762,0.9952449745134394,-0.07109052422615303,-7.058732447813101,0.9434739016992424,0.9993303802855232,Not significant
GENE3087,0,Other,4q,protein_coding,45,43,9.27098,9.277658604651164,0.006678604651160214,1.0046399875428298,0.06577907775923669,-7.059097063622829,0.9476907844427296,0.9993303802855232,Not significant
GENE2846,0,Other,3q,protein_coding,45,43,7.741911555555555,7.735236976744186,-0.0066745788113706794,0.9953842201216989,-0.0649139943178724,-7.059153769512203,0.9483777387680064,0.9993303802855232,Not significant
GENE2259,0,Other,4q,protein_coding,45,43,7.578776666666666,7.585006046511628,0.006229379844958416,1.0043272125390166,0.05285320941539296,-7.0598661647970715,0.9579589178372638,0.9993303802855232,Not significant
GENE2322,0,Other,10q,protein_coding,45,43,7.918744,7.924917906976744,0.00617390697674125,1.004288596034185,0.05233463681895592,-7.05989352375767,0.9583710243063265,0.9993303802855232,Not significant
GENE2221,0,Other,2p,protein_coding,45,43,9.591597333333333,9.585559767441861,-0.00603756589147153,0.9958238228072962,-0.058193266880999864,-7.059568742377429,0.9537158908274594,0.9993303802855232,Not significant
GENE1825,0,Other,2p,protein_coding,45,43,8.109375777777778,8.103760697674419,-0.005615080103359205,0.9961154873723869,-0.053696156224943475,-7.059821116831951,0.9572890575688849,0.9993303802855232,Not significant
GENE2271,0,Other,4q,protein_coding,45,43,10.763026222222223,10.757489069767441,-0.005537152454781591,0.9961692943322423,-0.051358076385946264,-7.059944313052851,0.9591471214962872,0.9993303802855232,Not significant
GENE1473,0,Other,18q,protein_coding,45,43,8.589928444444444,8.584583953488371,-0.005344490956073145,0.9963023344268849,-0.0456921252270605,-7.060220113889042,0.9636507482141599,0.9993303802855232,Not significant
GENE2414,0,Other,3q,protein_coding,45,43,8.525266666666667,8.530532325581396,0.005265658914730409,1.0036565455413435,0.048058371949958614,-7.060108848353126,0.9617697663707643,0.9993303802855232,Not significant
GENE2049,0,Other,18q,protein_coding,45,43,7.59311,7.587998139534884,-0.005111860465113693,0.9964629983106504,-0.04676948110589886,-7.0601701509522545,0.9627943080823218,0.9993303802855232,Not significant
GENE2277,0,Other,18q,protein_coding,45,43,8.601172444444444,8.596215581395349,-0.004956863049095261,0.9965700600822092,-0.04809309118128109,-7.060107173978852,0.9617421688688761,0.9993303802855232,Not significant
GENE1951,0,Other,12p,protein_coding,45,43,8.023458,8.018582325581395,-0.004875674418610032,0.9966261443084294,-0.04055441946726938,-7.060442362732748,0.9677355173413731,0.9993303802855232,Not significant
GENE2861,0,Other,9p,protein_coding,45,43,6.679157111111111,6.67443488372093,-0.004722227390180578,0.996732152473107,-0.04456242401267583,-7.060271253862156,0.9645488458172666,0.9993303802855232,Not significant
GENE3533,0,Other,9p,protein_coding,45,43,9.689068,9.693773255813953,0.004705255813959752,1.0032667590664153,0.043172066453485966,-7.0603324360735105,0.9656542243748345,0.9993303802855232,Not significant
GENE3605,0,Other,9p,protein_coding,45,43,7.425671333333334,7.421058372093023,-0.004612961240308522,0.9968076453569278,-0.04614772463398822,-7.060199127303531,0.9632885658687134,0.9993303802855232,Not significant
GENE2669,0,Other,9p,protein_coding,45,43,7.460167111111111,7.455738372093023,-0.004428739018090155,0.9969349389562349,-0.03915265161070211,-7.060498403334691,0.9688501566592698,0.9993303802855232,Not significant
GENE1472,0,Other,15q,protein_coding,45,43,8.490153777777778,8.49456046511628,0.004406687338503801,1.0030591525904813,0.03980578188349064,-7.06047253739157,0.9683308012984868,0.9993303802855232,Not significant
GENE1897,0,Other,2p,protein_coding,45,43,9.036922222222222,9.04127,0.0043477777777738424,1.0030181955163937,0.03873121294085955,-7.060514866451101,0.9691852829013996,0.9993303802855232,Not significant
GENE3491,0,Other,20q,protein_coding,45,43,5.522259333333333,5.517923953488372,-0.004335379844957465,0.996999454346147,-0.03810587051171655,-7.060538966566732,0.9696825627155027,0.9993303802855232,Not significant
GENE3035,0,Other,20q,protein_coding,45,43,7.314395333333334,7.310311627906977,-0.004083705426356943,0.9971733934935663,-0.037773386240545034,-7.060551620475493,0.9699469630911284,0.9993303802855232,Not significant
GENE2575,0,Other,12p,protein_coding,45,43,8.109946666666668,8.106008604651162,-0.003938062015507171,0.9972740655421334,-0.03784454889717303,-7.060548921446585,0.9698903723620618,0.9993303802855232,Not significant
GENE3425,0,Other,9p,protein_coding,45,43,7.622552444444445,7.62633511627907,0.0037826718346254395,1.00262538862976,0.030507684626800567,-7.060800454404904,0.975725629742814,0.9993303802855232,Not significant
GENE3344,0,Other,15q,protein_coding,45,43,9.201256444444445,9.197496976744185,-0.0037594677002630306,0.9973975278806085,-0.03402583659759016,-7.060686578382803,0.9729273397501115,0.9993303802855232,Not significant
GENE2013,0,Other,18q,protein_coding,45,43,7.698505555555555,7.7022179069767445,0.0037123514211856445,1.0025765194567253,0.03135673846870644,-7.060774108754346,0.9750502748136695,0.9993303802855232,Not significant
GENE1733,0,Other,9p,protein_coding,45,43,7.851824,7.855526744186046,0.0037027441860493226,1.002569843093377,0.04014374293108546,-7.060458985112505,0.9680620671729564,0.9993303802855232,Not significant
GENE1706,0,Other,3q,protein_coding,45,43,8.66739688888889,8.663783488372093,-0.003613400516790932,0.9974985155591815,-0.03419536345662139,-7.060680777559249,0.9727925086706636,0.9993303802855232,Not significant
GENE2924,0,Other,15q,protein_coding,45,43,9.452412888888889,9.45596976744186,0.0035568785529811464,1.0024684820378236,0.03418137412203174,-7.060681257333788,0.9728036348841439,0.9993303802855232,Not significant
GENE3572,0,Other,15q,protein_coding,45,43,8.963161111111111,8.966712558139536,0.003551447028423027,1.00246470790554,0.02745546809172504,-7.060889190557027,0.9781535681704887,0.9993303802855232,Not significant
GENE2685,0,Other,18q,protein_coding,45,43,8.033913111111112,8.037412325581396,0.0034992144702883365,1.0024284144777573,0.03180442069694187,-7.06075992626421,0.974694186424228,0.9993303802855232,Not significant
GENE1492,0,Other,7q,protein_coding,45,43,7.978021777777778,7.981217906976744,0.0031961291989652807,1.0022178437280076,0.029530747333448598,-7.060829873479806,0.9765027276452231,0.9993303802855232,Not significant
GENE3953,0,Other,9p,protein_coding,45,43,9.694222666666667,9.691181395348837,-0.003041271317830052,0.9978941717347681,-0.027832575062257205,-7.060878733020566,0.9778535803145733,0.9993303802855232,Not significant
GENE1082,0,Other,3q,protein_coding,45,43,10.77045911111111,10.767435813953488,-0.003023297157620064,0.997906604314724,-0.024796209597601447,-7.060958884456977,0.980269089720071,0.9993303802855232,Not significant
GENE2573,0,Other,9p,protein_coding,45,43,7.761394666666667,7.764388837209302,0.002994170542628183,1.0020775560047885,0.025709943917945538,-7.060935737259494,0.9795421694341064,0.9993303802855232,Not significant
GENE1857,0,Other,18q,protein_coding,45,43,7.819732666666667,7.822710465116279,0.0029777984496135446,1.002066184222534,0.028444369203912516,-7.06086146393647,0.9773669060604723,0.9993303802855232,Not significant
GENE1834,0,Other,19q,protein_coding,45,43,10.630245111111112,10.633211627906977,0.002966516795863683,1.0020583482494398,0.0227228621761175,-7.061008301248544,0.9819185996350773,0.9993303802855232,Not significant
GENE3162,0,Other,10q,protein_coding,45,43,7.3452,7.34224511627907,-0.002954883720931889,0.9979539267474574,-0.027682023477414514,-7.060882925067292,0.9779733434261106,0.9993303802855232,Not significant
GENE3463,0,Other,12p,protein_coding,45,43,8.283297333333334,8.286127906976745,0.002830573643416656,1.0019639301298187,0.025493378926418404,-7.060941299125266,0.9797144559263407,0.9993303802855232,Not significant
GENE1567,0,Other,12p,protein_coding,45,43,7.859436,7.862180232558139,0.0027442325581423788,1.0019039673088288,0.025305806405392695,-7.060946078379286,0.9798636784748889,0.9993303802855232,Not significant
GENE3942,0,Other,10q,protein_coding,45,43,8.505681555555556,8.503006279069767,-0.0026752764857889133,0.9981473579105595,-0.024456060868009694,-7.060967287361679,0.9805396989335093,0.9993303802855232,Not significant
GENE1908,0,Other,21q,protein_coding,45,43,9.320794666666666,9.323436976744187,0.002642310077515475,1.0018331880188465,0.022723356276789813,-7.061008289985709,0.9819182065297375,0.9993303802855232,Not significant
GENE2865,0,Other,18q,protein_coding,45,43,9.30306911111111,9.305661395348837,0.0025922842377319455,1.0017984497850385,0.026487552571767915,-7.060915378807798,0.9789235573317632,0.9993303802855232,Not significant
GENE2773,0,Other,2p,protein_coding,45,43,8.24391088888889,8.241545581395348,-0.002365307493537472,0.9983618370358278,-0.022946179541583407,-7.061003185854296,0.9817409293171376,0.9993303802855232,Not significant
GENE1697,0,Other,9p,protein_coding,45,43,6.567929555555556,6.5702209302325585,0.0022913746770001353,1.0015895218497337,0.019603264827188837,-7.061074529320982,0.9844006288270384,0.9993303802855232,Not significant
GENE1818,0,Other,10q,protein_coding,45,43,6.422849111111111,6.420593255813953,-0.0022558552971574386,0.9984375821087146,-0.02049335977508148,-7.061056628233605,0.9836924304587493,0.9993303802855232,Not significant
GENE2694,0,Other,10q,protein_coding,45,43,8.318724,8.316559302325581,-0.002164697674416516,0.9985006710286515,-0.01973979821615392,-7.061071835043199,0.98429199608201845,0.9993303802855232,Not significant
GENE3633,0,Other,18q,protein_coding,45,43,8.170165777777777,8.172242558139535,0.0020767803617598446,1.0014405510506652,0.01824884710018169,-7.061100243828134,0.9854782864194265,0.9993303802855232,Not significant
GENE2609,0,Other,9p,protein_coding,45,43,9.561772888888889,9.559698604651162,-0.0020742842377234894,0.9985632488455548,-0.01905868265194568,-7.0610850897737745,0.9848339283542734,0.9993303802855232,Not significant
GENE2165,0,Other,9p,protein_coding,45,43,8.887997111111112,8.889809534883721,0.0018124237726109271,1.0012570658737496,0.017099675022303307,-7.061120618564419,0.9863926592032202,0.9993303802855232,Not significant
GENE1194,0,Other,10q,protein_coding,45,43,8.139568888888888,8.141278139534883,0.0017092506459945866,1.0011854643742046,0.017390297233217628,-7.061115591002978,0.9861614152742639,0.9993303802855232,Not significant
GENE2355,0,Other,4q,protein_coding,45,43,8.296928666666666,8.295315348837208,-0.001613317829454175,0.9988823583223743,-0.014750874280828764,-7.0611581416924825,0.9882616072035499,0.9993303802855232,Not significant
GENE1921,0,Other,2p,protein_coding,45,43,7.401308888888889,7.399789534883721,-0.0015193540051692267,0.9989474184080837,-0.01221578151400075,-7.061192430881074,0.9902788614545778,0.9993303802855232,Not significant
GENE3378,0,Other,10q,protein_coding,45,43,6.895899555555555,6.897009302325581,0.0011097467700258434,1.0007695137686972,0.010611859524266555,-7.061210795451609,0.9915551868203168,0.9993303802855232,Not significant
GENE1017,0,Other,18q,protein_coding,45,43,9.638647555555556,9.639751627906977,0.0011040723514206263,1.0007655775425235,0.00953715551894309,-7.061221656689382,0.9924103979948742,0.9993303802855232,Not significant
GENE1918,0,Other,19q,protein_coding,45,43,6.673180444444444,6.674059302325581,8.788578811351755e-4,1.000609363448939,0.008655944912171537,-7.061229697931739,0.9931116406670092,0.9993303802855232,Not significant
GENE2786,0,Other,3q,protein_coding,45,43,8.233098444444444,8.233823488372092,7.250439276482723e-4,1.0005026884597488,0.007042291776616119,-7.061242403610554,0.9943957541645373,0.9993303802855232,Not significant
GENE1000,0,Other,7q,protein_coding,45,43,8.680105333333334,8.679431860465117,-6.734728682182833e-4,0.9995332931217631,-0.00511484641057283,-7.061254156654357,0.9959295963984826,0.9993303802855232,Not significant
GENE1941,0,Other,18q,protein_coding,45,43,8.715429555555556,8.715984186046512,5.546304909564981e-4,1.000384514467802,0.005186982450782198,-7.06125378391641,0.995872190929767,0.9993303802855232,Not significant
GENE3575,0,Other,20q,protein_coding,45,43,9.269168888888888,9.268888837209303,-2.8005167959044286e-4,0.9998059018073728,-0.00238986268049033,-7.061264413995524,0.9980981366041888,0.999818966729852,Not significant
GENE3429,0,Other,18q,protein_coding,45,43,8.76552911111111,8.765403488372092,-1.2562273901828291e-4,0.9999129287435572,-0.001164411521604744,-7.061266598656326,0.9990733554303883,0.999818966729852,Not significant
GENE2104,0,Other,7q,protein_coding,45,43,9.576201777777777,9.57619534883721,-6.428940563907304e-6,0.999995543807903,-6.276536984355074e-5,-7.061267276744838,0.9999500509903176,0.9999500509903176,Not significant
