Gene,PC_ME_Other,PC_ME_Other_Label,CHR_ARM,locus_type_n54675,N_MGUS,N_GEP70_High,Mean_MGUS,Mean_GEP70_High,Log2FC_GEP70_High_vs_MGUS,FoldChange_GEP70_High_over_MGUS,T_Statistic,B_Statistic,PValue,FDR,Direction
MEHIGH008,2,Microenvironment,20q,protein_coding,45,43,9.252862222222221,11.39620465116279,2.1433424289405654,4.417843855603717,16.2151406725716,55.89440291511017,3.23212977890149e-29,1.2928519115605961e-25,Up in GEP70>0.66
MEHIGH073,2,Microenvironment,7q,protein_coding,45,43,10.226450666666667,12.538173023255814,2.3117223565891507,4.964754418356531,15.786506477716594,54.05635962456644,2.1069079251992235e-28,4.213815850398447e-25,Up in GEP70>0.66
MEMGUS011,2,Microenvironment,20q,protein_coding,45,43,10.429274222222222,8.39002976744186,-2.039244454780361,0.24329111603573067,-15.195740776883985,51.48350053971995,2.8988361743111793e-27,3.865114899081572e-24,Up in MGUS
MEHIGH065,2,Microenvironment,15q,protein_coding,45,43,7.068138222222222,9.156858837209302,2.0887206149870803,4.25370686048453,15.07358907092212,50.94584978702788,5.0119345192279306e-27,5.0119345192279306e-24,Up in GEP70>0.66
MEHIGH013,2,Microenvironment,7q,protein_coding,45,43,7.007748,8.957795348837209,1.9500473488372103,3.8638721247927146,14.859729336565518,49.99992302082717,1.312908914454405e-26,1.0503271315635239e-23,Up in GEP70>0.66
MEHIGH063,2,Microenvironment,10q,protein_coding,45,43,10.151735555555556,12.083121162790698,1.9313856072351427,3.8142135177044345,14.500505499527303,48.39792786595921,6.702093784291353e-26,4.468062522860902e-23,Up in GEP70>0.66
MEHIGH044,2,Microenvironment,20q,protein_coding,45,43,8.908093333333333,11.026922325581396,2.118828992248064,4.343412554704459,13.333596183761994,43.08465178072664,1.485025346926785e-23,8.485859125295915e-21,Up in GEP70>0.66
MEMGUS035,2,Microenvironment,20q,protein_coding,45,43,9.427215111111112,7.638933023255814,-1.788282087855297,0.289516587298452,-13.27311747662111,42.80491499587781,1.972992010272693e-23,9.864960051363466e-21,Up in MGUS
MEHIGH094,2,Microenvironment,2p,protein_coding,45,43,11.572558222222222,13.469314186046512,1.8967559638242921,3.7237493427198833,13.034446979249848,41.697000346987636,6.07773350193635e-23,2.701214889749489e-20,Up in GEP70>0.66
MEHIGH025,2,Microenvironment,7q,protein_coding,45,43,10.299810666666668,12.094246976744186,1.7944363100775202,3.46879915431183,12.834574856640815,40.76442112339126,1.5665113031437257e-22,6.266045212574903e-20,Up in GEP70>0.66
MEMGUS003,2,Microenvironment,4q,protein_coding,45,43,10.708449111111111,8.738738837209302,-1.9697102739018142,0.255304297209946,-12.670390434648297,39.99520341332672,3.420060598161019e-22,1.2436583993312796e-19,Up in MGUS
MEHIGH026,2,Microenvironment,9p,protein_coding,45,43,8.854520888888889,10.92277465116279,2.0682537622739012,4.193787501790677,12.56990002967759,39.52303078467416,5.52279631178641e-22,1.8409321039288033e-19,Up in GEP70>0.66
MEHIGH005,2,Microenvironment,15q,protein_coding,45,43,8.902106222222223,10.658251162790698,1.756144940568472,3.3779428981762405,12.444725608110815,38.93345869683252,1.0046277701105885e-21,3.0911623695710415e-19,Up in GEP70>0.66
MEHIGH100,2,Microenvironment,12p,protein_coding,45,43,7.869335555555556,9.400820697674419,1.5314851421188598,2.890832746885867,12.386857029733587,38.66037587977693,1.3254190969620676e-21,3.7869117056059076e-19,Up in GEP70>0.66
MEMGUS045,2,Microenvironment,18q,protein_coding,45,43,11.342777111111111,9.523349302325581,-1.819427808785532,0.2833333226442531,-12.283345908300813,38.17109891111866,2.17752834918596e-21,5.806742264495894e-19,Up in MGUS
MEMGUS032,2,Microenvironment,15q,protein_coding,45,43,9.135331777777777,7.823652093023256,-1.3116796847545213,0.40285157896302515,-12.110261645285052,37.35070978339651,5.0054892144781664e-21,1.2513723036195415e-18,Up in MGUS
MEHIGH092,2,Microenvironment,20q,protein_coding,45,43,9.544419777777778,10.89380930232558,1.3493895245478011,2.548042823850615,12.049266915778043,37.060951271386386,6.7159854114145485e-21,1.5802318615093055e-18,Up in GEP70>0.66
MEHIGH034,2,Microenvironment,2p,protein_coding,45,43,8.849000444444444,10.623101627906976,1.7741011834625358,3.4202485823991267,11.939997738642683,36.54103491702181,1.1380551694559819e-20,2.5290114876799598e-18,Up in GEP70>0.66
MEHIGH024,2,Microenvironment,4q,protein_coding,45,43,8.447865777777778,10.38927,1.9414042222222214,3.840793027901614,11.814104046435892,35.94073553437814,2.0922315320613977e-20,4.404697962234521e-18,Up in GEP70>0.66
MEHIGH050,2,Microenvironment,9p,protein_coding,45,43,8.584903777777777,10.29678511627907,1.7118813385012928,3.2758773398294734,11.709344947680862,35.44020099171071,3.476095870373177e-20,6.952191740746355e-18,Up in GEP70>0.66
MEHIGH049,2,Microenvironment,7q,protein_coding,45,43,6.920902444444445,8.920254883720931,1.999352439276488,3.998204983322169,11.562374485015372,34.73649548703955,7.096551641164026e-20,1.2902821165752775e-17,Up in GEP70>0.66
MEHIGH020,2,Microenvironment,20q,protein_coding,45,43,7.404095111111111,9.107984418604651,1.7038893074935455,3.2577802855937845,11.562539842441211,34.73728817838406,7.090848887836181e-20,1.2902821165752775e-17,Up in GEP70>0.66
MEMGUS023,2,Microenvironment,20q,protein_coding,45,43,10.082699333333334,8.288353255813954,-1.794346077519375,0.2883022342634359,-11.546741444436252,34.66154427667482,7.657008790716941e-20,1.331653702733381e-17,Up in MGUS
MEHIGH002,2,Microenvironment,9p,protein_coding,45,43,7.951219777777778,10.32663488372093,2.375415105943154,5.188850989410711,11.530617543164908,34.58422015647386,8.281629380222593e-20,1.380271563370432e-17,Up in GEP70>0.66
MEHIGH085,2,Microenvironment,7q,protein_coding,45,43,8.689855111111111,10.275705813953488,1.585850702842377,3.0018475330512104,11.500842754382791,34.44137985141761,9.572551184959363e-20,1.531608189593498e-17,Up in GEP70>0.66
MEHIGH070,2,Microenvironment,2p,protein_coding,45,43,6.024771111111111,7.75642511627907,1.7316540051679574,3.3210835208556397,11.393306327843307,33.924941567985634,1.6161369745093187e-19,2.4863645761681826e-17,Up in GEP70>0.66
MEHIGH015,2,Microenvironment,10q,protein_coding,45,43,6.848942,8.782973720930233,1.9340317209302356,3.8212157627216246,11.366451142349984,33.79583997088878,1.8421950847666934e-19,2.7291779033580645e-17,Up in GEP70>0.66
MEHIGH051,2,Microenvironment,10q,protein_coding,45,43,8.536578222222222,10.94078534883721,2.4042071266149865,5.2934456809967285,11.264642623275929,33.30595385968018,3.027472367657802e-19,4.3249605252254314e-17,Up in GEP70>0.66
MEHIGH007,2,Microenvironment,19q,protein_coding,45,43,7.758364222222222,9.870173953488372,2.111809731266151,4.3223315231731485,11.223000427999809,33.10537408950947,3.7103311124498566e-19,5.1176980861377334e-17,Up in GEP70>0.66
MEMGUS060,2,Microenvironment,21q,protein_coding,45,43,10.589065555555555,8.838416511627907,-1.7506490439276448,0.2971680578255524,-11.1974949457338,32.982463689750745,4.2028127728961115e-19,5.603750363861482e-17,Up in MGUS
MEHIGH041,2,Microenvironment,15q,protein_coding,45,43,8.261746,9.942722325581395,1.6809763255813976,3.2064486998027943,11.141668356759988,32.71328828980713,5.5217681841826995e-19,7.124862173138967e-17,Up in GEP70>0.66
MEHIGH068,2,Microenvironment,20q,protein_coding,45,43,7.405716,9.014330465116279,1.6086144651162773,3.0495882487719066,11.12125870881218,32.61483050617726,6.101491632261596e-19,7.626864540326996e-17,Up in GEP70>0.66
MEHIGH016,2,Microenvironment,12p,protein_coding,45,43,8.679349555555556,10.282893255813953,1.6035437002583972,3.0388884124124185,11.09266482364616,32.4768471559881,7.017773024329336e-19,8.506391544641621e-17,Up in GEP70>0.66
MEMGUS072,2,Microenvironment,21q,protein_coding,45,43,9.349449777777778,7.524057906976744,-1.8253918708010346,0.28216444811578323,-11.042861219086115,32.236392805199145,8.955427811350755e-19,1.0535797425118534e-16,Up in MGUS
MEHIGH079,2,Microenvironment,19q,protein_coding,45,43,9.067073777777777,11.13141953488372,2.0643457571059454,4.182442647276554,10.930761732429328,31.694628645610997,1.551151719043511e-18,1.7727448217640127e-16,Up in GEP70>0.66
MEMGUS062,2,Microenvironment,3q,protein_coding,45,43,8.765492666666667,7.126846744186047,-1.6386459224806194,0.3211577636300903,-10.879566213763708,31.44696714467971,1.9939360002607744e-18,2.2154844447341938e-16,Up in MGUS
MEMGUS046,2,Microenvironment,19q,protein_coding,45,43,10.331948,8.425363023255814,-1.9065849767441847,0.2667231630116196,-10.762370720858078,30.87949481227048,3.544807853024645e-18,3.8322247059725896e-16,Up in MGUS
MEMGUS048,2,Microenvironment,21q,protein_coding,45,43,11.331548444444444,9.81302488372093,-1.5185235607235192,0.34904294082706827,-10.680915398915769,30.484668842044982,5.289919995160026e-18,5.568336837010553e-16,Up in MGUS
MEHIGH093,2,Microenvironment,21q,protein_coding,45,43,8.53923088888889,9.994632790697674,1.455401901808786,2.74232945376166,10.647976041591981,30.324916692740466,6.22004629942222e-18,6.3795346660740715e-16,Up in GEP70>0.66
MEHIGH099,2,Microenvironment,10q,protein_coding,45,43,9.600129555555556,11.500420930232558,1.9002913746770052,3.7328858043017465,10.531898330761985,29.76156474011274,1.1011769323717053e-17,1.1011769323717054e-15,Up in GEP70>0.66
MEHIGH074,2,Microenvironment,9p,protein_coding,45,43,7.764434,9.785332558139535,2.020898558139539,4.058364815860764,10.500199866927543,29.607625273172886,1.2871883971901018e-17,1.2557935582342457e-15,Up in GEP70>0.66
MEHIGH033,2,Microenvironment,21q,protein_coding,45,43,10.610442888888889,12.586945581395348,1.976502692506461,3.9353793003793025,10.48859304239347,29.551248104651975,1.3629094804035584e-17,1.29800902895577e-15,Up in GEP70>0.66
MEMGUS074,2,Microenvironment,3q,protein_coding,45,43,9.900186,8.093014186046512,-1.8071718139534898,0.2857505511202567,-10.094758732762022,27.635573485414334,9.506741138778725e-17,8.843480129096487e-15,Up in MGUS
MEMGUS028,2,Microenvironment,7q,protein_coding,45,43,9.861806666666666,8.388276046511628,-1.4735306201550404,0.3600999688506648,-10.083597365565632,27.581219426883145,1.0045406478306605e-16,9.13218770755146e-15,Up in MGUS
MEMGUS020,2,Microenvironment,15q,protein_coding,45,43,10.503900222222223,8.903797906976743,-1.6001023152454739,0.3298535838045621,-9.951094335293915,26.935762767203876,1.932919507374077e-16,1.7181506732214018e-14,Up in MGUS
MEHIGH045,2,Microenvironment,21q,protein_coding,45,43,8.599059555555556,10.205553488372093,1.6064939328165373,3.0451091315783576,9.923385984955127,26.800750394516662,2.2165236683174896e-16,1.9274118854934692e-14,Up in GEP70>0.66
MEHIGH090,2,Microenvironment,18q,protein_coding,45,43,9.197266888888889,10.953538604651163,1.7562717157622725,3.3782397441273955,9.847349551451085,26.430201499029863,3.22747981807795e-16,2.7467913345344254e-14,Up in GEP70>0.66
MEHIGH054,2,Microenvironment,18q,protein_coding,45,43,9.100197777777778,10.588109069767441,1.4879112919896595,2.8048260336604627,9.813866098383835,26.26700640010337,3.8083526544311033e-16,3.173627212025919e-14,Up in GEP70>0.66
MEHIGH069,2,Microenvironment,21q,protein_coding,45,43,7.555782222222223,9.124786976744186,1.5690047545219672,2.966999645661198,9.658453638418443,25.509447877135067,8.210971897146116e-16,6.702834201751931e-14,Up in GEP70>0.66
MEHIGH014,2,Microenvironment,9p,protein_coding,45,43,8.670511777777778,10.050506744186047,1.3799949664082707,2.602674630084408,9.609183242153676,25.269268137064017,1.0475754162427616e-15,8.216277774453033e-14,Up in GEP70>0.66
MEHIGH081,2,Microenvironment,21q,protein_coding,45,43,8.144743555555555,9.524733953488372,1.3799903979328167,2.602666388400616,9.609743085183519,25.271997199381573,1.0446798620784e-15,8.216277774453033e-14,Up in GEP70>0.66
MEMGUS065,2,Microenvironment,9p,protein_coding,45,43,7.981920666666666,6.587398604651163,-1.3945220620155014,0.38037067715790296,-9.548234708048458,24.97216927251671,1.4159624088531438e-15,1.0892018529639567e-13,Up in MGUS
MEMGUS037,2,Microenvironment,2p,protein_coding,45,43,9.149442,7.634967209302325,-1.5144747906976743,0.35002386846794054,-9.48736766235508,24.675488766562253,1.9131082707986857e-15,1.4438552987159893e-13,Up in MGUS
MEMGUS057,2,Microenvironment,18q,protein_coding,45,43,11.49284,10.086632325581395,-1.406207674418603,0.37730217597342297,-9.438641950345348,24.438011729611915,2.434179420867152e-15,1.8030958673090015e-13,Up in MGUS
MEMGUS075,2,Microenvironment,4q,protein_coding,45,43,11.563729111111112,9.908271395348837,-1.6554577157622798,0.31743701819494763,-9.389859586069337,24.200286842250065,3.0979821007616802e-15,2.2530778914630403e-13,Up in MGUS
MEMGUS031,2,Microenvironment,12p,protein_coding,45,43,8.657444,7.071708604651163,-1.585735395348837,0.3331548045818344,-9.366309036291204,24.08553304568366,3.4804354694735235e-15,2.486025335338231e-13,Up in MGUS
MEHIGH076,2,Microenvironment,12p,protein_coding,45,43,8.651676,10.00338534883721,1.351709348837213,2.5521433207727604,9.263463173887201,23.58451480640131,5.7858753935575245e-15,4.060263434075456e-13,Up in GEP70>0.66
MEMGUS029,2,Microenvironment,9p,protein_coding,45,43,10.782205777777778,9.172951627906977,-1.6092541498707984,0.32776775782888895,-9.195746484850968,23.254753988691867,8.084714930892115e-15,5.57566546958077e-13,Up in MGUS
MEHIGH011,2,Microenvironment,3q,protein_coding,45,43,10.773744888888888,12.545666279069767,1.771921390180875,3.4150847707603704,8.962249495759348,22.118737607945462,2.560259948438581e-14,1.7357694565685296e-12,Up in GEP70>0.66
MEHIGH058,2,Microenvironment,2p,protein_coding,45,43,10.572587333333333,12.571355348837209,1.9987680155038756,3.996585671714537,8.926822656683507,21.9465536475709,3.049116081659826e-14,1.9994203814162795e-12,Up in GEP70>0.66
MEMGUS007,2,Microenvironment,12p,protein_coding,45,43,6.865304444444444,5.504172093023256,-1.3611323514211877,0.3892766320381283,-8.926835834743795,21.946617686518316,3.048917919542949e-14,1.9994203814162795e-12,Up in MGUS
MEHIGH035,2,Microenvironment,3q,protein_coding,45,43,8.76156288888889,10.204819069767442,1.4432561808785582,2.7193393168914497,8.910109882720066,21.8653438468233,3.3110692734770296e-14,2.13617372482389e-12,Up in GEP70>0.66
MEHIGH060,2,Microenvironment,4q,protein_coding,45,43,11.123776666666666,12.994382325581395,1.8706056589147249,3.6568606682078455,8.865396866769885,21.648138918120758,4.127699292118339e-14,2.6207614553132314e-12,Up in GEP70>0.66
MEHIGH072,2,Microenvironment,4q,protein_coding,45,43,9.485252444444445,10.824936511627907,1.3396840671834571,2.530958877775671,8.84015152307932,21.525544854819493,4.6746346060879354e-14,2.9216466288049596e-12,Up in GEP70>0.66
MEHIGH048,2,Microenvironment,4q,protein_coding,45,43,8.516208888888888,9.82740465116279,1.3111957622739023,2.4814712885583297,8.83595099348366,21.505149659095892,4.772413617091631e-14,2.9368699182102347e-12,Up in GEP70>0.66
MEMGUS052,2,Microenvironment,7q,protein_coding,45,43,11.249988,9.960562093023256,-1.2894259069767422,0.4091137959375472,-8.792750954747161,21.295448466307093,5.904450206563394e-14,3.578454670644481e-12,Up in MGUS
MEHIGH097,2,Microenvironment,7q,protein_coding,45,43,10.574807555555555,12.311030232558139,1.736222677002587,3.33161727209042,8.764232392406626,21.157067366319332,6.794918892403294e-14,4.0566679954646535e-12,Up in GEP70>0.66
MEHIGH022,2,Microenvironment,2p,protein_coding,45,43,7.699582222222222,9.35291,1.653327777777779,3.1455837584830855,8.718118697627933,20.93340367025504,8.526894891090298e-14,4.943127473095825e-12,Up in GEP70>0.66
MEMGUS033,2,Microenvironment,18q,protein_coding,45,43,9.167095777777778,7.919074186046512,-1.2480215917312698,0.4210251755900093,-8.719459747248964,20.93990641704206,8.470790659722848e-14,4.943127473095825e-12,Up in MGUS
MEMGUS041,2,Microenvironment,9p,protein_coding,45,43,11.202060888888889,9.704277441860466,-1.4977834470284233,0.3540970066166777,-8.661272046827596,20.657852078190515,1.1279313056403725e-13,6.4453217465164145e-12,Up in MGUS
MEMGUS016,2,Microenvironment,7q,protein_coding,45,43,9.869843777777778,7.804798139534884,-2.065045638242891,0.23897876941983534,-8.623248138610132,20.473650232222518,1.359890249328914e-13,7.661353517345994e-12,Up in MGUS
MEHIGH032,2,Microenvironment,20q,protein_coding,45,43,9.134636444444444,10.643702325581396,1.5090658811369515,2.8462568947457796,8.587943635819101,20.30270562904937,1.6176473516885028e-13,8.986929731602793e-12,Up in GEP70>0.66
MEMGUS005,2,Microenvironment,9p,protein_coding,45,43,9.323931111111111,7.689821162790698,-1.6341099483204147,0.3221691040595716,-8.563214137818946,20.183014866609042,1.8266924669910112e-13,9.874013335086548e-12,Up in MGUS
MEHIGH057,2,Microenvironment,21q,protein_coding,45,43,11.186993777777777,12.711818837209302,1.5248250594315245,2.877518212267938,8.5650373648944491,20.19183786003392,1.810400141457792e-13,9.874013335086548e-12,Up in GEP70>0.66
MEMGUS034,2,Microenvironment,19q,protein_coding,45,43,13.749552444444445,12.484802790697675,-1.264749653746776,0.4161715780123501,-8.394546899464608,19.3678471483871,4.180226797152984e-13,2.2294542918149247e-11,Up in MGUS
MEMGUS077,2,Microenvironment,9p,protein_coding,45,43,8.621549111111111,7.314633255813954,-1.3069158552971567,0.4041840076115772,-8.316982642645064,18.99373634772062,6.112803371406315e-13,3.217264932319113e-11,Up in MGUS
MEHIGH042,2,Microenvironment,18q,protein_coding,45,43,8.225903111111112,9.497458837209303,1.2715557260981942,2.4142176169281293,8.311092266827963,18.96534673006491,6.291665558536117e-13,3.268397692746035e-11,Up in GEP70>0.66
MEMGUS044,2,Microenvironment,15q,protein_coding,45,43,9.283201777777778,8.193976744186047,-1.0892250335917293,0.4700137821289159,-8.300193036757394,18.912824194939596,6.636489376372216e-13,3.403327885319085e-11,Up in MGUS
MEHIGH010,2,Microenvironment,2p,protein_coding,45,43,8.724023777777777,9.765658372093023,1.041634594315246,2.058558709247912,8.266825627363945,18.75209533083393,7.813661008399371e-13,3.9562840548857577e-11,Up in GEP70>0.66
MEMGUS013,2,Microenvironment,2p,protein_coding,45,43,7.7343895555555555,6.633290465116279,-1.1010990904392761,0.4661612241807538,-8.241523086672522,18.63028222636229,8.843081561907571e-13,4.4215407809537853e-11,Up in MGUS
MEHIGH031,2,Microenvironment,19q,protein_coding,45,43,8.648417555555556,10.560772558139535,1.9123550025839808,3.7642305767074866,8.233489956071686,18.591621076083072,9.197358915261358e-13,4.5419056371661026e-11,Up in GEP70>0.66
MEHIGH039,2,Microenvironment,10q,protein_coding,45,43,9.462298444444444,10.635592093023256,1.1732936485788112,2.2552598169592684,8.21290067347365,18.492558613924807,1.017129917077688e-12,4.961609351598478e-11,Up in GEP70>0.66
MEHIGH086,2,Microenvironment,9p,protein_coding,45,43,8.199083555555555,9.919333488372093,1.7202499328165377,3.294934834888182,8.099740005224549,17.948845735562692,1.7673990501986627e-12,8.51758578408994e-11,Up in GEP70>0.66
MEMGUS058,2,Microenvironment,19q,protein_coding,45,43,10.069916666666666,8.378126046511628,-1.6917906201550394,0.3095424936764484,-8.058038266515114,17.74881060189029,2.165866387763822e-12,1.031364946554201e-10,Up in MGUS
MEHIGH046,2,Microenvironment,2p,protein_coding,45,43,10.013280222222223,11.424707906976744,1.411427684754523,2.660002653240245,8.050849672183586,17.714347208967716,2.2430807729130304e-12,1.0555674225473085e-10,Up in GEP70>0.66
MEHIGH021,2,Microenvironment,21q,protein_coding,45,43,9.37547088888889,11.07961511627907,1.7041442273901861,3.25835597648168,8.019336995651415,17.563336802159057,2.6152231177646835e-12,1.2163828454719458e-10,Up in GEP70>0.66
MEHIGH028,2,Microenvironment,12p,protein_coding,45,43,10.235035333333334,11.505476046511628,1.2704407131782887,2.412352466088562,7.925203716308983,17.112916464428544,4.13406493290675e-12,1.9007195093824137e-10,Up in GEP70>0.66
MEMGUS051,2,Microenvironment,4q,protein_coding,45,43,12.115408,10.281792790697674,-1.8336152093023266,0.28056069034411235,-7.922622362380265,17.10057951326582,4.186247653871731e-12,1.9028398426689687e-10,Up in MGUS
MEMGUS026,2,Microenvironment,3q,protein_coding,45,43,9.097044444444444,7.234266279069767,-1.8627781653746753,0.2749463109354273,-7.8903675911732005,16.94649360406462,4.896294586845571e-12,2.2005818367845264e-10,Up in MGUS
MEMGUS071,2,Microenvironment,20q,protein_coding,45,43,11.900498888888889,10.700228139534884,-1.2002707493540044,0.43519360156999953,-7.849894123584186,16.753326826908655,5.9590317302475955e-12,2.648458546776709e-10,Up in MGUS
MEHIGH004,2,Microenvironment,12p,protein_coding,45,43,8.97418888888889,10.55354534883721,1.5793564599483219,2.9883651859189717,7.842986098452128,16.720377571542976,6.16208877159749e-12,2.7086104490538417e-10,Up in GEP70>0.66
MEMGUS015,2,Microenvironment,4q,protein_coding,45,43,10.947304,9.458497209302326,-1.4888067906976694,0.3563071178761099,-7.765584023620917,16.351613355304252,8.966297933989565e-12,3.8983904060824197e-10,Up in MGUS
MEMGUS079,2,Microenvironment,12p,protein_coding,45,43,10.848892666666666,8.904270697674418,-1.944621968992248,0.25978283809670016,-7.75110933357628,16.2827397973058,9.616981044182664e-12,4.1363359329817907e-10,Up in MGUS
MEHIGH053,2,Microenvironment,15q,protein_coding,45,43,8.489616666666667,10.004314186046512,1.5146975193798493,2.857389126214607,7.697515612126681,16.027978453021227,1.246214399787692e-11,5.303039999096561e-10,Up in GEP70>0.66
MEHIGH083,2,Microenvironment,3q,protein_coding,45,43,10.471630888888889,11.728315813953488,1.2566849250646026,2.389460510552386,7.689517494681805,15.98999300540921,1.295317558795672e-11,5.453968668613356e-10,Up in GEP70>0.66
MEHIGH047,2,Microenvironment,3q,protein_coding,45,43,9.006415333333333,10.09568558139535,1.089270248062011,2.127663866034078,7.650161551204967,15.803211894579276,1.56642352071768e-11,6.526764669656999e-10,Up in GEP70>0.66
MEMGUS076,2,Microenvironment,7q,protein_coding,45,43,11.190992222222222,10.231436511627907,-0.959555710594314,0.5142152456192741,-7.414771449484126,14.690928212480985,4.859567228880236e-11,2.003945249022778e-9,Up in MGUS
MEMGUS027,2,Microenvironment,4q,protein_coding,45,43,10.902385555555556,9.966851627906976,-0.9355339276485726,0.5228489326915731,-7.36477885085679,14.455845644144501,6.173965934573224e-11,2.519986095744173e-9,Up in MGUS
MEMGUS068,2,Microenvironment,15q,protein_coding,45,43,11.164735111111112,9.45457534883721,-1.7101597622739035,0.3056262228770749,-7.294104038004418,14.124242427803553,8.654620374611287e-11,3.496816312974257e-9,Up in MGUS
MEHIGH067,2,Microenvironment,19q,protein_coding,45,43,11.762834222222223,13.22794511627907,1.4651108940568456,2.7608469136280473,7.260745742051886,13.968034361978253,1.0147496881741187e-10,4.0589987526964745e-9,Up in GEP70>0.66
MEHIGH091,2,Microenvironment,19q,protein_coding,45,43,10.551994888888888,12.073317674418604,1.5213227855297156,2.8705412461835076,7.226028385262996,13.805677156457312,1.1972896661802786e-10,4.741741252199123e-9,Up in GEP70>0.66
MEHIGH029,2,Microenvironment,15q,protein_coding,45,43,9.555044,10.71479976744186,1.159755767441867,2.2341960190743833,7.197601086943124,13.672901876794404,1.3707456461839032e-10,5.375473122289817e-9,Up in GEP70>0.66
MEHIGH043,2,Microenvironment,19q,protein_coding,45,43,9.547626222222222,11.074312558139535,1.5266863359173115,2.8812330052207438,7.188006549880953,13.628122932763171,1.4347443029536814e-10,5.571822535742452e-9,Up in GEP70>0.66
MEHIGH080,2,Microenvironment,20q,protein_coding,45,43,8.379052,9.718483023255814,1.3394310232558144,2.530514994907559,7.153367457613187,13.466603462013977,1.691466883323988e-10,6.505641858938415e-9,Up in GEP70>0.66
MEHIGH009,2,Microenvironment,21q,protein_coding,45,43,8.946072222222222,10.90742441860465,1.9613521963824283,3.8942680646224335,7.121061673036754,13.316172445325863,1.971756392168685e-10,7.511452922547371e-9,Up in GEP70>0.66
MEMGUS039,2,Microenvironment,4q,protein_coding,45,43,11.034547555555555,9.624701395348838,-1.4098461602067172,0.37635181646934246,-7.092757822481618,13.184544459863387,2.254896242572601e-10,8.509042424802268e-9,Up in MGUS
MEHIGH059,2,Microenvironment,3q,protein_coding,45,43,9.13571288888889,10.211143023255813,1.0754301343669326,2.1073502772050716,7.026243580580275,12.875849843266467,3.0889813767911776e-10,1.1547593931929636e-8,Up in GEP70>0.66
MEHIGH066,2,Microenvironment,18q,protein_coding,45,43,8.923905333333334,10.688231860465116,1.764326527131784,3.397153781220876,7.003973276245212,12.772694894176121,3.4316276685581356e-10,1.2709732105770873e-8,Up in GEP70>0.66
MEMGUS021,2,Microenvironment,18q,protein_coding,45,43,11.712266,10.577443488372094,-1.1348225116279131,0.45539093807720726,-6.9362866398698735,12.459813277875368,4.72165372263408e-10,1.7327169624345247e-8,Up in MGUS
MEMGUS025,2,Microenvironment,2p,protein_coding,45,43,10.006308444444445,8.334260930232558,-1.6720475142118847,0.3138076626015862,-6.896379017265119,12.275801164907348,5.696694735736164e-10,2.0715253584495143e-8,Up in MGUS
MEHIGH088,2,Microenvironment,12p,protein_coding,45,43,8.378843111111111,9.817516279069768,1.4386731679586564,2.7107144914342145,6.809626108503384,11.877005876256275,8.557834035561745e-10,3.083904156959188e-8,Up in GEP70>0.66
MEHIGH064,2,Microenvironment,12p,protein_coding,45,43,11.346333333333334,13.299027209302325,1.9526938759689898,3.8709666438492283,6.759222541157576,11.64609400808697,1.083261405641265e-9,3.868790734433089e-8,Up in GEP70>0.66
MEHIGH077,2,Microenvironment,15q,protein_coding,45,43,9.304806888888889,10.71073534883721,1.4059284599483188,2.6498826290219974,6.743316639633483,11.573348250558835,1.1667786196210934e-9,4.130189803968472e-8,Up in GEP70>0.66
MEHIGH001,2,Microenvironment,7q,protein_coding,45,43,11.961082444444445,12.950888139534884,0.9898056950904426,1.985917505718404,6.634142854777183,11.075682558128536,1.9396293568464454e-9,6.805717041566475e-8,Up in GEP70>0.66
MEMGUS080,2,Microenvironment,15q,protein_coding,45,43,8.576547555555555,7.083580232558139,-1.4929673229974103,0.3552810578102949,-6.608677483205803,10.960021234467218,2.1829081691369017e-9,7.592724066563136e-8,Up in MGUS
MEHIGH003,2,Microenvironment,10q,protein_coding,45,43,6.803388222222222,8.08977534883721,1.286387126614989,2.4391646153429853,6.582369868996698,10.840706284070004,2.4659274189438468e-9,8.503197996358093e-8,Up in GEP70>0.66
MEMGUS059,2,Microenvironment,20q,protein_coding,45,43,10.581122444444444,9.539437441860464,-1.0416850025839803,0.4857597967785874,-6.531429166993545,10.610175000952387,3.1210231532459384e-9,1.067016462648184e-7,Up in MGUS
MEHIGH056,2,Microenvironment,20q,protein_coding,45,43,7.757448666666667,9.430572093023256,1.6731234263565948,3.189042725487566,6.50165718241002,10.475755138548147,3.580712430458766e-9,1.2138008238843276e-7,Up in GEP70>0.66
MEHIGH027,2,Microenvironment,10q,protein_coding,45,43,8.744877555555556,10.251528604651163,1.506651049095609,2.841496718107091,6.497234081006172,10.455804867359527,3.654489412848454e-9,1.2283998026381359e-7,Up in GEP70>0.66
MEMGUS047,2,Microenvironment,20q,protein_coding,45,43,9.714154888888888,8.207776511627907,-1.506378377260985,0.35199372682775054,-6.442252680096863,10.208249040038519,4.707077661818526e-9,1.5690258872728422e-7,Up in MGUS
MEMGUS030,2,Microenvironment,10q,protein_coding,45,43,9.544514222222222,8.184316279069767,-1.3601979431524551,0.38952884135056226,-6.360972057134415,9.843789824491884,6.833578649496584e-9,2.2590342642963914e-7,Up in MGUS
MEMGUS002,2,Microenvironment,3q,protein_coding,45,43,11.068827555555556,9.762740930232559,-1.3060866253229957,0.40441639063428136,-6.32871326647076,9.699654204650377,7.919468969334633e-9,2.5965472030605354e-7,Up in MGUS
MEHIGH030,2,Microenvironment,18q,protein_coding,45,43,8.017331111111112,9.043219302325582,1.0258881912144737,2.036212587051708,6.2778460771368065,9.472978861604956,9.987258555210575e-9,3.24788896104409e-7,Up in GEP70>0.66
MEMGUS004,2,Microenvironment,7q,protein_coding,45,43,8.962639333333334,7.637216279069768,-1.3254230542635694,0.3990321642794988,-6.268002078760364,9.42919841499542,1.0445012611246716e-8,3.3693589068537795e-7,Up in MGUS
MEMGUS049,2,Microenvironment,2p,protein_coding,45,43,10.754711555555556,10.062547441860465,-0.6921641136950942,0.6189247356647768,-6.221067196377112,9.220850876532316,1.292845450331375e-8,4.1371054410604e-7,Up in MGUS
MEHIGH095,2,Microenvironment,3q,protein_coding,45,43,11.062438444444444,11.996566976744186,0.9341285322997415,1.9107360961023854,6.1973489338073,9.1158128504214,1.4396606627259535e-8,4.5703513102411226e-7,Up in GEP70>0.66
MEHIGH071,2,Microenvironment,3q,protein_coding,45,43,7.654117333333334,8.912506744186047,1.2583894108527156,2.392285229733372,6.071521895096005,8.561452771350877,2.5405112019438775e-8,8.001610084862606e-7,Up in GEP70>0.66
MEMGUS053,2,Microenvironment,9p,protein_coding,45,43,8.424908666666667,6.810665348837209,-1.614243317829458,0.3266362199738076,-6.058048680288481,8.502386430979067,2.699074548320228e-8,8.418646766678292e-7,Up in MGUS
MEMGUS050,2,Microenvironment,3q,protein_coding,45,43,9.612279555555556,8.233616976744186,-1.3786625788113671,0.38457514271339377,-6.056737744235898,8.496642392959016,2.7150135822537494e-8,8.418646766678292e-7,Up in MGUS
MEHIGH038,2,Microenvironment,9p,protein_coding,45,43,8.387602666666666,9.688480930232558,1.3008782635658918,2.46378824054886,6.052601604639701,8.478522948350493,2.7659132836220653e-8,8.510502411144817e-7,Up in GEP70>0.66
MEMGUS038,2,Microenvironment,3q,protein_coding,45,43,12.08519711111111,11.100241627906977,-0.9849554832041356,0.5052413130782067,-6.045060905912997,8.445503004754972,2.8611407912703367e-8,8.736307759604081e-7,Up in MGUS
MEHIGH062,2,Microenvironment,9p,protein_coding,45,43,9.413800666666667,10.769038139534883,1.3552374728682235,2.558392248597625,5.939813518516682,7.986561154333604,4.5808342147306896e-8,1.388131580221421e-6,Up in GEP70>0.66
MEMGUS042,2,Microenvironment,10q,protein_coding,45,43,10.613246666666667,9.660531395348837,-0.9527152713178246,0.51665915105374,-5.90207550029808,7.82289334546971,5.418482657020948e-8,1.6296188442168265e-6,Up in MGUS
GEP1Q27,1,Plasma cells,1q,protein_coding,45,43,7.3329962222222225,8.281237906976743,0.9482416847545201,1.9295195812084573,5.849861954929963,7.597242561665503,6.830707104188702e-8,2.0390170460264783e-6,Up in GEP70>0.66
MEMGUS009,2,Microenvironment,18q,protein_coding,45,43,14.014055555555556,12.966137906976744,-1.047917648578803,0.48366577246197423,-5.813411988475722,7.440274091316793,8.025299712457791e-8,2.373947526921862e-6,Up in MGUS
IG16,1,Plasma cells,14q,immunoglobulin,45,43,10.034776666666668,9.134863023255814,-0.8999136434108514,0.5359188092430679,-5.812114178793806,7.434693731085243,8.071421591534331e-8,2.373947526921862e-6,Up in MGUS
GEP1Q32,1,Plasma cells,1q,protein_coding,45,43,8.977553333333333,10.084233953488372,1.106680620155041,2.1534959646220875,5.735141216020569,7.1047884151676595,1.1327392884552781e-7,3.307267995489863e-6,Up in GEP70>0.66
MEHIGH096,2,Microenvironment,4q,protein_coding,45,43,8.562481111111111,9.475991162790697,0.9135100516795873,1.8836227490293382,5.717377171510383,7.02895303181279,1.2245467146152286e-7,3.549410767000663e-6,Up in GEP70>0.66
GEP1Q21,1,Plasma cells,1q,protein_coding,45,43,4.592111777777777,5.660251860465117,1.068140082687341,2.0967285291287054,5.6945030863397355,6.931471431637526,1.353595379976029e-7,3.895238503528141e-6,Up in GEP70>0.66
MEMGUS012,2,Microenvironment,21q,protein_coding,45,43,11.194702666666666,9.38672023255814,-1.8079824341085278,0.2855900389633552,-5.680476928301423,6.871791279780446,1.4392387296467012e-7,4.112110656133433e-6,Up in MGUS
MEMGUS006,2,Microenvironment,10q,protein_coding,45,43,10.824110666666666,9.573833720930233,-1.250276945736438,0.4203675043876911,-5.664584461075975,6.804257583332269,1.5427190447426925e-7,4.345687449979416e-6,Up in MGUS
MEMGUS036,2,Microenvironment,21q,protein_coding,45,43,10.624390444444444,9.740463488372093,-0.8839269560723508,0.5418904187440752,-5.6657990102013995,6.809415417148848,1.5345594122458734e-7,4.345687449979416e-6,Up in MGUS
GEP1Q02,1,Plasma cells,1q,protein_coding,45,43,7.589366888888889,8.58989441860465,1.0005275297157654,2.0007314451907035,5.643776905204558,6.7159789406375126,1.6893115478935768e-07,4.725346987114901e-6,Up in GEP70>0.66
GEP1Q22,1,Plasma cells,1q,protein_coding,45,43,7.306440222222222,8.123541395348838,0.8171011731266171,1.761862299567545,5.569521831108426,6.402266299623088,2.3327273806736234e-7,6.479798279648954e-6,Up in GEP70>0.66
MEHIGH017,2,Microenvironment,15q,protein_coding,45,43,10.067855333333334,11.19035418604651,1.1224988527131785,2.1772375948251383,5.553896679115368,6.336520056084193,2.496023217615631e-7,6.885581289974154e-6,Up in GEP70>0.66
MEHIGH082,2,Microenvironment,2p,protein_coding,45,43,7.321232888888889,8.195882790697674,0.8746499018087892,1.8335630824446583,5.519903206451845,6.193810306858595,2.8909850611389384e-7,7.920507016819009e-6,Up in GEP70>0.66
MEMGUS056,2,Microenvironment,15q,protein_coding,45,43,10.102173777777777,8.928796511627906,-1.173377266149867,0.4433821925423167,-5.505970076508879,6.135446632911071,3.0700302678705227e-7,8.353823858151082e-6,Up in MGUS
MEHIGH087,2,Microenvironment,10q,protein_coding,45,43,8.53296711111111,9.642855581395349,1.1098884702842362,2.158289616725812,5.463768045016963,5.959134059222775,3.68129123513574e-7,9.949435770637136e-6,Up in GEP70>0.66
MEHIGH052,2,Microenvironment,12p,protein_coding,45,43,9.303052888888889,10.900736279069768,1.597683390180885,3.026569310614845,5.443765770507132,5.875814528554926,4.0112225177160985e-7,1.0768382597895566e-5,Up in GEP70>0.66
IG15,1,Plasma cells,14q,immunoglobulin,45,43,10.082473111111112,9.18515,-0.8973231111111097,0.5368819803468489,-5.4353437598680685,5.840780416055807,4.1586553990797855e-7,1.1089747730879428e-5,Up in MGUS
MEMGUS067,2,Microenvironment,12p,protein_coding,45,43,10.177430222222222,8.853683953488373,-1.3237462687338528,0.3994962126885151,-5.418651170622839,5.771426259159229,4.466728903604564e-7,1.1832394446634607e-5,Up in MGUS
MEMGUS001,2,Microenvironment,2p,protein_coding,45,43,11.446561333333333,9.74708488372093,-1.6994764496124013,0.307897818405316,-5.39558821364376,5.675789608788747,4.929425732741448e-7,1.2972172980898547e-5,Up in MGUS
MEMGUS063,2,Microenvironment,4q,protein_coding,45,43,10.948323333333333,10.044596279069767,-0.9037270542635643,0.5345041097106693,-5.385408378454786,5.633644910577084,5.148293752982675e-7,1.3459591511065815e-5,Up in MGUS
IG12,1,Plasma cells,14q,immunoglobulin,45,43,10.650295555555555,9.823222558139534,-0.8270729974160247,0.5636716847176855,-5.382017075966686,5.61961423770912,5.223298949760779e-7,1.3567010259118905e-5,Up in MGUS
IG22,1,Plasma cells,22q,immunoglobulin,45,43,11.314172222222222,10.454226279069768,-0.8599459431524537,0.5509732021601006,-5.377687625273164,5.601709035443678,5.320609603267853e-7,1.3730605427788007e-5,Up in MGUS
GEP1Q16,1,Plasma cells,1q,protein_coding,45,43,6.9603806666666665,7.853730697674418,0.8933500310077518,1.8574843183757814,5.375005752225357,5.590621523750766,5.381776606435103e-7,1.3799427195987443e-5,Up in GEP70>0.66
MEMGUS069,2,Microenvironment,18q,protein_coding,45,43,9.36879688888889,8.30890488372093,-1.0598920051679528,0.4796679644942172,-5.368014017089736,5.561729850078315,5.544496676705555e-7,1.4036700447355837e-5,Up in MGUS
MEMGUS022,2,Microenvironment,19q,protein_coding,45,43,10.687286444444444,9.77794488372093,-0.9093415607235151,0.5324280334506128,-5.368884257236267,5.5653248174425745,5.523983902046963e-7,1.4036700447355837e-5,Up in MGUS
MEHIGH061,2,Microenvironment,7q,protein_coding,45,43,11.806556888888888,13.02572558139535,1.219168692506459,2.328125277633625,5.341398962435014,5.451933412940015,6.2091579759397315e-07,1.5522894939849327e-5,Up in GEP70>0.66
MEHIGH023,2,Microenvironment,3q,protein_coding,45,43,8.138985555555555,9.27476976744186,1.1357842118863068,2.1973797420624863,5.342052517680373,5.454626055901487,6.19193932130932e-7,1.5522894939849327e-5,Up in GEP70>0.66
GEP1Q09,1,Plasma cells,1q,protein_coding,45,43,8.507362,9.497685116279069,0.99032311627907,1.9866298808601883,5.304582794785633,5.30053779437619,7.258636046387809e-7,1.803387837611878e-5,Up in GEP70>0.66
IG21,1,Plasma cells,22q,immunoglobulin,45,43,10.238951111111112,9.533660465116279,-0.7052906459948325,0.6133189166738023,-5.279641417122974,5.198296139132072,8.066258957965331e-7,1.991668878509958e-5,Up in MGUS
MEMGUS024,2,Microenvironment,21q,protein_coding,45,43,11.188612,9.954502325581396,-1.2341096744186064,0.4251047621211655,-5.2713071955658535,5.164190342175372,8.355232887246226e-7,2.0503638987107303e-5,Up in MGUS
MEHIGH037,2,Microenvironment,7q,protein_coding,45,43,10.558818888888888,11.663085813953488,1.1042669250645947,2.149896079153891,5.267542844297876,5.148795286390367,8.48905119212747e-7,2.0705002907627975e-5,Up in GEP70>0.66
IG28,1,Plasma cells,22q,immunoglobulin,45,43,10.771906444444445,9.904147674418605,-0.8677587700258407,0.5479975050628096,-5.259392294985637,5.1154826249618175,8.786015978214492e-7,2.1299432674459375e-5,Up in MGUS
GEP1Q19,1,Plasma cells,1q,protein_coding,45,43,5.818261333333333,6.778174418604651,0.9599130852713174,1.945192703745338,5.210892533343131,4.917843099263209,1.0774913227560482e-6,2.5963646331471042e-5,Up in GEP70>0.66
IG02,1,Plasma cells,14q,immunoglobulin,45,43,10.584125555555556,9.914093953488372,-0.6700316020671835,0.6284929200457674,-5.150324795390802,4.672455688413681,1.3883934619788199e-6,3.325493322104958e-5,Up in MGUS
MEMGUS017,2,Microenvironment,9p,protein_coding,45,43,8.043039555555556,7.005649069767442,-1.0373904857881149,0.4872079278914044,-5.139747825501273,4.629768581733044,1.451018301816446e-6,3.454805480515347e-5,Up in MGUS
MEHIGH055,2,Microenvironment,19q,protein_coding,45,43,10.163071333333333,11.813537441860465,1.6504661085271337,3.139350494803566,5.132243498297983,4.599512217601232,1.497114568217953e-6,3.54346643365196e-5,Up in GEP70>0.66
MEHIGH078,2,Microenvironment,18q,protein_coding,45,43,8.483619333333333,9.959138604651162,1.4755192713178307,2.780837170331307,5.121543310137951,4.5564138112888415,1.5653232992904215e-6,3.661574969100401e-5,Up in GEP70>0.66
MEMGUS008,2,Microenvironment,15q,protein_coding,45,43,9.232366666666667,8.561223488372093,-0.6711431782945763,0.6280088615990853,-5.122422164150067,4.559951756798906,1.5596085210563437e-6,3.661574969100401e-5,Up in MGUS
IG27,1,Plasma cells,22q,immunoglobulin,45,43,10.277395333333333,9.384017209302325,-0.8933781240310061,0.5383520698921049,-5.108199335062916,4.502738122245345,1.6546460922836192e-6,3.84801416810144e-5,Up in MGUS
MEHIGH036,2,Microenvironment,4q,protein_coding,45,43,9.772164222222223,10.680921395348838,0.9087571731266237,1.8774274692769095,5.0867664477316765,4.416691755417192,1.8086267886505115e-6,4.18179604312257e-5,Up in GEP70>0.66
MEMGUS018,2,Microenvironment,10q,protein_coding,45,43,7.970550888888889,7.051861860465117,-0.9186890284237696,0.528989492715181,-5.073377100606962,4.363042505870805,1.9118248165153055e-6,4.394999578196104e-5,Up in MGUS
IG18,1,Plasma cells,14q,immunoglobulin,45,43,11.186400222222222,10.397602558139535,-0.7887976640826846,0.5788262823614033,-5.0653504637649265,4.330919706663446,1.976420944320774e-6,4.517533587018912e-5,Up in MGUS
IG05,1,Plasma cells,14q,immunoglobulin,45,43,9.501681111111111,8.829228139534884,-0.6724529715762273,0.6274389639534222,-5.059016057587511,4.305589858626748,2.0288970673975153e-6,4.611129698630716e-5,Up in MGUS
MEHIGH098,2,Microenvironment,9p,protein_coding,45,43,8.749811777777778,9.817286046511628,1.0674742687338483,2.095761097355348,5.049921101610361,4.269253060269028,2.106626162713065e-6,4.760737090876984e-5,Up in GEP70>0.66
IG29,1,Plasma cells,22q,immunoglobulin,45,43,11.092497333333334,10.247824186046511,-0.8446731472868123,0.5568369501540323,-5.030353975606934,4.191204921216718,2.2838286022867747e-6,5.132199106262416e-5,Up in MGUS
MEHIGH089,2,Microenvironment,15q,protein_coding,45,43,7.319296888888889,8.707940930232558,1.388644041343671,2.6183247426461858,5.0085149275093,4.104301831589922,2.498786006188874e-6,5.583879343438824e-5,Up in GEP70>0.66
IG04,1,Plasma cells,14q,immunoglobulin,45,43,10.417201777777779,9.552805348837209,-0.8643964289405659,0.5492761559688353,-4.955110338799801,3.892721149816248,3.1108988904738037e-6,6.913108645497342e-5,Up in MGUS
MEHIGH040,2,Microenvironment,12p,protein_coding,45,43,8.576836666666667,9.722385813953489,1.14554914728682,2.2123032372629603,4.898649865949562,3.670488297309186,3.916555337820192e-6,8.655370912309817e-5,Up in GEP70>0.66
IG06,1,Plasma cells,14q,immunoglobulin,45,43,11.266222888888889,10.45641465116279,-0.8098082377260987,0.5704576778327395,-4.874967193349539,3.577722688848228,4.3119788959758e-6,9.476876694452308e-5,Up in MGUS
MEHIGH018,2,Microenvironment,18q,protein_coding,45,43,10.885894,12.469596976744187,1.5837029767441884,2.997382036473373,4.870882894441005,3.5617515841366405,4.38399207624955e-6,9.582496341529071e-5,Up in GEP70>0.66
IG11,1,Plasma cells,14q,immunoglobulin,45,43,10.200639777777777,9.342957209302325,-0.8576825684754574,0.5518382758555569,-4.8633996744610775,3.532510283773819,4.518982023744142e-6,9.823873964661178e-5,Up in MGUS
IG24,1,Plasma cells,22q,immunoglobulin,45,43,10.72143311111111,9.951274186046511,-0.7701589250645924,0.5863528793276832,-4.833168791916099,3.4146561351300146,5.106673611969722e-6,1.1041456458312913e-4,Up in MGUS
IG23,1,Plasma cells,22q,immunoglobulin,45,43,10.936788444444444,10.135353255813953,-0.8014351886304851,0.5737781007866853,-4.8257821642788885,3.385927052199346,5.261201488468081e-6,1.1314411803157162e-4,Up in MGUS
GEP1Q36,1,Plasma cells,1q,protein_coding,45,43,7.073693333333334,7.964520930232558,0.8908275968992267,1.854239496669859,4.820335467373793,3.364760054949695,5.378048889981192e-6,1.1503847893007896e-4,Up in GEP70>0.66
GEP1Q03,1,Plasma cells,1q,protein_coding,45,43,7.579384222222222,8.365867906976744,0.786483684754522,1.7248652795881814,4.8003656828063,3.2872774683484938,5.828432824656047e-6,1.2400920903523504e-4,Up in GEP70>0.66
MEMGUS055,2,Microenvironment,12p,protein_coding,45,43,9.624936,8.500914186046511,-1.1240218139534868,0.45881300372198736,-4.786380109726626,3.233130183074076,6.165464086520372e-6,1.3048601241312958e-4,Up in MGUS
IG13,1,Plasma cells,14q,immunoglobulin,45,43,11.442486888888888,10.617813255813953,-0.8246736330749265,0.5646099141890638,-4.773184322759901,3.1821291663959013,6.500782099469588e-6,1.3685857051514924e-4,Up in MGUS
IG30,1,Plasma cells,22q,immunoglobulin,45,43,10.632164,9.814840930232558,-0.8173230697674416,0.5674939551417539,-4.764788253952345,3.1497236891167795,6.72328796272204e-6,1.408018421512469e-4,Up in MGUS
IG25,1,Plasma cells,22q,immunoglobulin,45,43,10.261441333333334,9.57026023255814,-0.6911811007751929,0.6193465977484105,-4.742686842853023,3.0645886556884925,7.344958163278388e-6,1.530199617349664e-4,Up in MGUS
GEP1Q28,1,Plasma cells,1q,protein_coding,45,43,6.407832222222222,7.60609,1.1982577777777808,2.294624010516649,4.74043737940685,3.055937346045148,7.411275370140351e-6,1.5360156207544766e-4,Up in GEP70>0.66
MEHIGH012,2,Microenvironment,4q,protein_coding,45,43,9.574363111111111,10.580857441860465,1.0064943307493532,2.009023348283027,4.709323171622708,2.9365342180916336,8.390406155786811e-6,1.7299806506776931e-4,Up in GEP70>0.66
GEP1Q01,1,Plasma cells,1q,protein_coding,45,43,7.0419804444444445,8.088890930232559,1.0469104857881106,2.066100577032981,4.681208346457639,2.8290616108238815,9.38231196371704e-6,1.9245768130701622e-4,Up in GEP70>0.66
GEP1Q81,1,Plasma cells,1q,protein_coding,45,43,6.6752986666666665,7.35029488372093,0.6749962170542636,1.5965925862214465,4.658862247762207,2.743927490706934,1.025097128794877e-5,2.0920349567242388e-4,Up in GEP70>0.66
IG20,1,Plasma cells,22q,immunoglobulin,45,43,10.639957333333333,9.96966023255814,-0.6702971007751906,0.6283772693361531,-4.620751108852178,2.599322753427707,1.191553581890012e-5,2.4193981358172834e-4,Up in MGUS
MEMGUS043,2,Microenvironment,12p,protein_coding,45,43,10.22504111111111,9.346210697674419,-0.8788304134366864,0.5438081154706208,-4.610489408855647,2.560515069549986,1.2406745401116056e-5,2.506413212346678e-4,Up in MGUS
MEHIGH019,2,Microenvironment,19q,protein_coding,45,43,8.203981777777777,9.084748372093022,0.880766594315249,1.8413534678748162,4.599510733178905,2.5190564891779346,1.2953995620833596e-5,2.6038182152429343e-4,Up in GEP70>0.66
GEP1Q05,1,Plasma cells,1q,protein_coding,45,43,7.760977333333333,8.47549441860465,0.714517085271317,1.6409338542801744,4.53891564137387,2.291367426427948,1.642157504347746e-5,3.284315008695492e-4,Up in GEP70>0.66
IG19,1,Plasma cells,22q,immunoglobulin,45,43,10.383851111111111,9.760143255813954,-0.6237078552971589,0.6490007923553232,-4.51585937450632,2.2052416669940182,1.796414913085686e-5,3.5749550509167876e-4,Up in MGUS
MEMGUS061,2,Microenvironment,2p,protein_coding,45,43,11.239282,10.034000930232558,-1.2052810697674392,0.4336848436855525,-4.486474341189612,2.0958862977902015,2.013432742651876e-5,3.986995530003715e-4,Up in MGUS
GEP1Q12,1,Plasma cells,1q,protein_coding,45,43,6.2562093333333335,7.316595813953488,1.0603864806201537,2.0854901245362116,4.480397521657946,2.0733294493926504,2.06137459788205e-5,4.0618218677478823e-4,Up in GEP70>0.66
IG09,1,Plasma cells,14q,immunoglobulin,45,43,11.301173555555556,10.669649534883721,-0.6315240206718329,0.645494173943964,-4.4731822640483845,2.0465726113180374,2.1197321198074073e-5,4.156337489818446e-4,Up in MGUS
IG01,1,Plasma cells,14q,immunoglobulin,45,43,10.407127555555556,9.700926279069767,-0.7062012764857855,0.6129319113383637,-4.4490863238319625,1.9574199136998267,2.3264237088166715e-5,4.5393633342764324e-4,Up in MGUS
GEP1Q10,1,Plasma cells,1q,protein_coding,45,43,5.7743868888888885,6.987286744186046,1.212899855297156,2.318030992060108,4.439449217320956,1.9218517376646815,2.414429874231048e-5,4.665564974359513e-4,Up in GEP70>0.66
GEP1Q61,1,Plasma cells,1q,protein_coding,45,43,9.409048444444444,10.021623488372093,0.6125750439276487,1.5289858379063055,4.440129715854209,1.924361630662327,2.4081114321772876e-5,4.665564974359513e-4,Up in GEP70>0.66
GEP1Q15,1,Plasma cells,1q,protein_coding,45,43,5.663237777777778,6.545598604651163,0.8823608268733851,1.8433893577256417,4.429103000167627,1.883722733860722,2.5124905893352847e-5,4.831712671798624e-4,Up in GEP70>0.66
MEMGUS014,2,Microenvironment,3q,protein_coding,45,43,10.656412444444445,9.454546279069767,-1.2018661653746765,0.4347126051993218,-4.423541946986215,1.8632526915304481,2.566776348135409e-5,4.912490618440975e-4,Up in MGUS
MEMGUS019,2,Microenvironment,12p,protein_coding,45,43,8.373539777777777,6.999001395348837,-1.3745383824289403,0.3856760909727903,-4.370888893968844,1.670280846291634,3.140150957129306e-5,5.981239918341535e-4,Up in MGUS
IG10,1,Plasma cells,14q,immunoglobulin,45,43,9.515489333333333,8.778828604651162,-0.7366607286821747,0.6001268033877856,-4.368721192049469,1.6623691151134494,3.166229077431551e-5,6.002330004609576e-4,Up in MGUS
MEMGUS040,2,Microenvironment,7q,protein_coding,45,43,9.856335333333334,8.852852093023255,-1.0034832403100786,0.4987942570574449,-4.360220671609411,1.6313689058556573,3.270524043797679e-5,6.170800082637131e-4,Up in MGUS
IG17,1,Plasma cells,14q,immunoglobulin,45,43,9.112583777777777,8.44936465116279,-0.6632191266149885,0.631467711905227,-4.354637259854349,1.6110288650220532,3.340823507151005e-5,6.273846961785926e-4,Up in MGUS
IG14,1,Plasma cells,14q,immunoglobulin,45,43,10.917959777777778,10.277001395348837,-0.6409583824289342,0.6412868003800728,-4.351639037478083,1.6001136875188635,3.3791727110723385e-5,6.316210674901568e-4,Up in MGUS
IG03,1,Plasma cells,14q,immunoglobulin,45,43,11.045610222222223,10.305951395348837,-0.7396588268733879,0.5988809608453116,-4.338507165900652,1.5523656013328662,3.5521987999009524e-5,6.608741953304098e-4,Up in MGUS
MEMGUS064,2,Microenvironment,7q,protein_coding,45,43,13.97081,13.077819069767441,-0.8929909302325516,0.5384965734435326,-4.33687077983515,1.5464223852800192,3.5743494359416745e-5,6.619165622114212e-4,Up in MGUS
GEP1Q07,1,Plasma cells,1q,protein_coding,45,43,6.698459777777778,7.609336976744186,0.9108771989664124,1.8801883580963499,4.327657866506577,1.5129898753502822,3.701565989908405e-5,6.823163115038534e-4,Up in GEP70>0.66
MEMGUS054,2,Microenvironment,10q,protein_coding,45,43,12.202610222222223,11.14723465116279,-1.0553755710594324,0.48117194366755117,-4.320392231825379,1.4866574055605764,3.804961626515782e-5,6.981580966084005e-4,Up in MGUS
GEP1Q30,1,Plasma cells,1q,protein_coding,45,43,7.011430444444445,7.741254186046511,0.7298237416020701,1.6584364630740653,4.311879772172658,1.4558439186641685,3.929644155185037e-5,7.17743224691331e-4,Up in GEP70>0.66
GEP1Q04,1,Plasma cells,1q,protein_coding,45,43,7.496833333333333,8.588963720930233,1.0921303875969022,2.1318861385981345,4.1478896731871195,0.8703168581963876,7.259287665643835e-5,0.0013198704846625155,Up in GEP70>0.66
GEP1Q35,1,Plasma cells,1q,protein_coding,45,43,8.261194,9.032097441860465,0.770903441860467,1.7063379889033117,4.127703435666359,0.7993224658884781,7.821200205032553e-5,0.0014156018470647155,Up in GEP70>0.66
MEHIGH084,2,Microenvironment,4q,protein_coding,45,43,9.027814444444445,10.038782558139534,1.0109681136950908,2.0152629791832144,4.104452286428485,0.7178476748024574,8.520207246697043e-5,0.00153517247688235,Up in GEP70>0.66
IG26,1,Plasma cells,22q,immunoglobulin,45,43,10.780659555555555,10.143579302325582,-0.6370802532299713,0.6430129716448822,-4.0744470421121,0.6131814398557625,9.511237167728761e-5,0.001706051509906504,Up in MGUS
GEP1Q29,1,Plasma cells,1q,protein_coding,45,43,5.404819111111111,6.206447674418604,0.8016285633074922,1.7430676505852847,4.065231778679885,0.5811443227230892,9.837174933273726e-5,0.0017566383809417367,Up in GEP70>0.66
GEP1Q80,1,Plasma cells,1q,protein_coding,45,43,7.898574222222222,8.4905506976744185,0.5919764754521939,1.5073103311949456,4.041383906872509,0.4984737490980109,1.0731127707986517e-4,0.001907756036975381,Up in GEP70>0.66
GEP1Q78,1,Plasma cells,1q,protein_coding,45,43,6.348170666666666,7.048291162790697,0.7001204961240326,1.624640479534842,4.04015469060029,0.49422187161949704,1.0779254933759828e-4,0.0019078327316389076,Up in GEP70>0.66
MEHIGH075,2,Microenvironment,10q,protein_coding,45,43,7.894582888888889,8.518600465116279,0.6240175762273896,1.5411609924319016,4.0389052758963935,0.4899010638285013,1.0828384904935247e-4,0.0019080854458035676,Up in GEP70>0.66
MEMGUS066,2,Microenvironment,10q,protein_coding,45,43,8.458800666666667,7.55658,-0.9022206666666639,0.5350625027483594,-3.9840529487462994,0.3011420352853671,1.3209824556438513e-4,0.0023175130800769323,Up in MGUS
GEP1Q08,1,Plasma cells,1q,protein_coding,45,43,5.734143111111111,6.449535813953489,0.7153927028423759,1.641930091594608,3.9763410672959285,0.274751090974374,1.3582397928308253e-4,0.00237247125385297,Up in GEP70>0.66
IG08,1,Plasma cells,14q,immunoglobulin,45,43,10.905418444444445,10.315155581395349,-0.5902628630490909,0.6642218729495305,-3.944038219502073,0.16460486239438055,1.5255121716269867e-4,0.002653064646307803,Up in MGUS
MEOTH102,2,Microenvironment,20q,protein_coding,45,43,10.66921,10.001163488372093,-0.6680465116278995,0.6293582962891421,-3.874062040934908,-0.07177736314552341,1.9579348770431504e-4,0.0033903634234513425,Up in MGUS
GEP1Q50,1,Plasma cells,1q,protein_coding,45,43,6.710296666666666,7.33689,0.626593333333334,1.5439150063052751,3.8684827718496364,-0.09049230779749617,1.9970426570469665e-4,0.003443176994908563,Up in GEP70>0.66
IG31,1,Plasma cells,22q,immunoglobulin,45,43,11.133623777777778,10.512751860465116,-0.6208719173126589,0.6502778024747908,-3.8552586623384926,-0.1347724518494653,2.0927354631974145e-4,0.003592678906776677,Up in MGUS
GEP1Q33,1,Plasma cells,1q,protein_coding,45,43,6.158598666666666,7.05325488372093,0.8946562170542638,1.8591668075267107,3.41727876319384,-1.5367320475112658,9.298513117362514e-4,0.015894894217713697,Up in GEP70>0.66
MEMGUS010,2,Microenvironment,19q,protein_coding,45,43,9.469029555555556,8.438733023255814,-1.0302965322997366,0.48960950385481594,-3.3583109367376758,-1.7155377666395708,0.0011264139731782103,0.019173003798778048,Up in MGUS
GEP1Q18,1,Plasma cells,1q,protein_coding,45,43,6.841350444444444,7.3384893023255815,0.49713885788113554,1.4114116837622388,3.3529994389769224,-1.7315234744259822,0.0011459157255918958,0.019422300433760947,Up in GEP70>0.66
GEP1Q49,1,Plasma cells,1q,protein_coding,45,43,7.335222666666667,7.844506511627907,0.5092838449612369,1.4233434712990662,3.3146139358814763,-1.8464557363592782,0.0012965620354639328,0.021882903552133886,Up in GEP70>0.66
MEOTH112,2,Microenvironment,18q,protein_coding,45,43,9.536945333333334,10.03053,0.49358466666667233,1.407938841091447,3.303658489410451,-1.8790658095594006,0.0013428492328539372,0.02256889466981407,Up in GEP70>0.66
GEP1Q57,1,Plasma cells,1q,protein_coding,45,43,5.312062666666667,5.806486976744186,0.49442431007751697,1.4087584950116507,3.2975636568588538,-1.8971706370325707,0.0013692659348567425,0.022916584683794854,Up in GEP70>0.66
GEP1Q24,1,Plasma cells,1q,protein_coding,45,43,7.030316,7.983394651162791,0.9530786511627953,1.9359995954747433,3.2958792451557466,-1.9021695329476485,0.0013766520502644052,0.022944200837740087,Up in GEP70>0.66
MEHIGH006,2,Microenvironment,18q,protein_coding,45,43,10.189849333333333,10.899438837209303,0.7095895038759696,1.635338741059877,3.2486176164632927,-2.041599721178579,0.0015997562363051256,0.026551970727056028,Up in GEP70>0.66
MEMGUS070,2,Microenvironment,19q,protein_coding,45,43,11.639072666666667,10.931636744186047,-0.7074359224806201,0.6124075938709816,-3.105071363213284,-2.4551317692765817,0.0025019597597828683,0.04135470677327055,Up in MGUS
GENE2435,1,Plasma cells,20q,protein_coding,45,43,9.267533777777778,8.947843023255814,-0.31969075452195916,0.8012416074303765,-3.0899501339545457,-2.49780958069932,0.00262056636650586,0.04313689492190716,Up in MGUS
GENE2294,0,Other,3q,protein_coding,45,43,8.073965333333334,7.729054418604651,-0.3449109147286862,0.7873565937115832,-3.0733191027108573,-2.5445518848641955,0.0027570313926766265,0.045197235945518464,Up in MGUS
GEP1Q25,1,Plasma cells,1q,protein_coding,45,43,6.413594222222222,7.035576976744186,0.6219827545219614,1.5389888235102644,3.0512217128338612,-2.6063377253343534,0.0029485599670716358,0.048139754564434874,Up in GEP70>0.66
MEMGUS078,2,Microenvironment,10q,protein_coding,45,43,9.647775777777778,8.764646976744187,-0.8831288010335978,0.5421902965556495,-3.019709095908237,-2.693814846842362,0.003243091461441368,0.052733194494981595,Not significant
MEOTH098,2,Microenvironment,12p,protein_coding,45,43,9.793169111111112,10.175788372093024,0.38261926098191523,1.303706631014373,2.9875721399879698,-2.7822529053302985,0.00357130741386496,0.05783493787635562,Not significant
GEP1Q76,1,Plasma cells,1q,protein_coding,45,43,7.6729024444444445,8.068236976744187,0.39533453229974214,1.3152477046445004,2.9416679913318253,-2.9072154896250977,0.004093568153992811,0.06602529280633566,Not significant
GEP1Q92,1,Plasma cells,1q,protein_coding,45,43,7.288036,7.830181395348837,0.5421453953488395,1.4561362915677152,2.927239079876364,-2.946161855414619,0.004271736867677093,0.0686222789988288,Not significant
GEP1Q26,1,Plasma cells,1q,protein_coding,45,43,7.799020444444444,8.44108046511628,0.6420600206718348,1.5605558830521478,2.885097949091994,-3.0589918874314144,0.004833783987210177,0.07734054379536283,Not significant
GEP1Q60,1,Plasma cells,1q,protein_coding,45,43,7.157648222222222,7.701404186046512,0.5437559638242888,1.4577627730325016,2.858594675039768,-3.1292494180050037,0.005221276765919817,0.08320759786326401,Not significant
GENE2789,2,Microenvironment,9p,protein_coding,45,43,7.913446666666666,8.209626279069768,0.29617961240310375,1.2278885438596778,2.855406187456346,-3.137665030976757,0.005269767433763949,0.0836471021232373,Not significant
GEP1Q88,1,Plasma cells,1q,protein_coding,45,43,7.887400888888889,8.314825581395349,0.42742469250645776,1.3448308196730538,2.851363343918219,-3.1483242384395815,0.0053318451907689215,0.08429794768014105,Not significant
IG07,1,Plasma cells,14q,immunoglobulin,45,43,11.432391333333333,10.998979302325582,-0.4334120310077516,0.74050838099717875,-2.827479415199802,-3.2110357946094297,0.005712471279121864,0.08996017762396637,Not significant
GEP1Q34,1,Plasma cells,1q,protein_coding,45,43,7.542354444444444,8.069246046511628,0.5268916020671828,1.4408214876087895,2.824312531423469,-3.2193175767951194,0.005764768100268302,0.09042773490616944,Not significant
GEP1Q87,1,Plasma cells,1q,protein_coding,45,43,6.735154666666666,7.211776976744186,0.47662231007752354,1.3914820615076546,2.8064556534977547,-3.26586852606087,0.006067945282710113,0.09481164504234552,Not significant
GEP1Q69,1,Plasma cells,1q,protein_coding,45,43,8.091743777777777,8.523871627906978,0.4321278501291985,1.3492220956962455,2.8009290076514595,-3.2802252355565176,0.006164692445961562,0.09594852055971304,Not significant
MEOTH001,2,Microenvironment,10q,protein_coding,45,43,7.557737111111111,7.9159953488372095,0.3582582377260959,1.281877355508635,2.7505871796924977,-3.4098922979598942,0.007113116814636904,0.11028088084708378,Not significant
GENE1925,2,Microenvironment,9p,protein_coding,45,43,8.322962222222221,8.016802790697675,-0.3061594315245486,0.8087919642178715,-2.7237696814675574,-3.4781485465098805,0.007670985470887034,0.11847081808319744,Not significant
MEOTH064,2,Microenvironment,18q,protein_coding,45,43,10.06258688888889,10.538630697674419,0.4760438087855263,1.3909242077844286,2.717193864450817,-3.4947981348632515,0.00781372514558636,0.120211156085944,Not significant
MEOTH180,2,Microenvironment,9p,protein_coding,45,43,9.818488666666667,10.206519767441861,0.3880311007752031,1.308606281319157,2.7002858827974756,-3.5374499210990322,0.008191906392761758,0.12554645812661697,Not significant
GEP1Q17,1,Plasma cells,1q,protein_coding,45,43,5.549135777777778,6.100491627906977,0.5513558501292009,1.4654622958569923,2.688519442132956,-3.566997012981626,0.008464824268311414,0.12923395829483075,Not significant
GEP1Q82,1,Plasma cells,1q,protein_coding,45,43,8.484942222222223,9.039640465116278,0.5546982428940552,1.4688613710354506,2.681889149625548,-3.5835977523161167,0.008622224357204913,0.13113649212478956,Not significant
PCFAV033,1,Plasma cells,6p,protein_coding,45,43,7.921502888888889,8.709817906976744,0.7883150180878546,1.7270561854327702,2.662426757495877,-3.632123527019751,0.009099719493865238,0.13787453778583694,Not significant
GEP1Q06,1,Plasma cells,1q,protein_coding,45,43,6.5405882222222225,7.170684186046512,0.6300959638242905,1.5476679364307002,2.657334005453145,-3.6447711093441484,0.009228562799774366,0.13929906112866966,Not significant
GEP1Q75,1,Plasma cells,1q,protein_coding,45,43,6.416934,6.73934511627907,0.32241111627906793,1.2504185762115403,2.653579228196139,-3.6540825379743582,0.009324612792040733,0.14021974123369524,Not significant
GEP1Q58,1,Plasma cells,1q,protein_coding,45,43,8.987998888888889,9.337782558139535,0.3497836692506464,1.2743695224936762,2.614831424220224,-3.7495085523501697,0.010370031959933598,0.15535628404394902,Not significant
GENE1718,1,Plasma cells,3q,protein_coding,45,43,6.242501555555555,6.471377674418605,0.2288761188630497,1.1719216489489088,2.5827988409212344,-3.82747853955074,0.011313031188721736,0.16885121177196621,Not significant
MEOTH207,2,Microenvironment,15q,protein_coding,45,43,9.300102444444445,8.926086046511628,-0.3740163979328184,0.7716313169784867,-2.572629968676963,-3.852055884068173,0.011628172351227366,0.17290962604055563,Not significant
GEP1Q107,1,Plasma cells,1q,protein_coding,45,43,6.037945555555556,6.490757209302326,0.452811653746771,1.3687051146829294,2.5657083460058816,-3.8687366490090542,0.011847181003876446,0.17551379265002143,Not significant
GEP1Q115,1,Plasma cells,1q,protein_coding,45,43,4.907306666666667,5.343803720930232,0.43649705426356533,1.3533144105364006,2.5546877604590232,-3.8952149554393456,0.012203560405900907,0.1781541665095023,Not significant
MEOTH214,2,Microenvironment,4q,protein_coding,45,43,9.33692488888889,9.71204511627907,0.37512022739018214,1.2969476316371629,2.5587776219771694,-3.885400147140674,0.012070193277532067,0.1781541665095023,Not significant
MEOTH090,2,Microenvironment,20q,protein_coding,45,43,10.658493777777778,10.983557209302326,0.3250634315245513,1.2527195162113212,2.5558678060522135,-3.892384498050106,0.012164944582287772,0.1781541665095023,Not significant
GENE1349,1,Plasma cells,9p,protein_coding,45,43,5.755984222222223,5.47888,-0.27710422222222153,0.8252457894979671,-2.557285590174774,-3.888982294809888,0.012118694468777705,0.1781541665095023,Not significant
GEP1Q52,1,Plasma cells,1q,protein_coding,45,43,6.849722666666667,7.295519069767442,0.4457964031007746,1.3620658027865118,2.545775758315054,-3.916554481036508,0.012498777499532893,0.1818003999932057,Not significant
GENE3077,1,Plasma cells,9p,protein_coding,45,43,8.227100666666667,7.96729023255814,-0.25981043410852855,0.83519765473779,-2.516859716206379,-3.985344578563579,0.013501381468870715,0.19567219520102486,Not significant
GEP1Q43,1,Plasma cells,1q,protein_coding,45,43,6.907590222222222,7.217536511627907,0.30994628940568525,1.2396615472899497,2.512718585812292,-3.9951399059865973,0.013650728482958648,0.19570936893130678,Not significant
GENE1767,1,Plasma cells,4q,protein_coding,45,43,7.240321333333333,6.946439302325581,-0.2938820310077501,0.8157041906412505,-2.5139320563587058,-3.992271055095379,0.013606812712689827,0.19570936893130678,Not significant
GENE2117,1,Plasma cells,9p,protein_coding,45,43,8.739409555555556,8.493076976744186,-0.2463325788113675,0.8430367459039171,-2.5145641531191902,-3.9907761905348784,0.013583987239844823,0.19570936893130678,Not significant
GEP1Q71,1,Plasma cells,1q,protein_coding,45,43,6.441792,6.903276976744186,0.4614849767441873,1.3769584024972472,2.4943077186930576,-4.038517436525396,0.01433280024995859,0.20475428928512274,Not significant
GENE1066,1,Plasma cells,19q,protein_coding,45,43,7.410769111111111,7.662931627906977,0.252162516795865,1.1909910046334378,2.488255240795405,-4.052716478163747,0.014563606936606667,0.20731113077020166,Not significant
GENE3833,2,Microenvironment,9p,protein_coding,45,43,9.057805333333333,8.779445348837209,-0.27835998449612553,0.8245277849212133,-2.485850452426455,-4.058349679178296,0.01465623184702642,0.20788981343299887,Not significant
GENE1126,1,Plasma cells,19q,protein_coding,45,43,8.869183111111111,8.609930697674418,-0.25925241343668937,0.8355207637027015,-2.4843139807545502,-4.061946350402941,0.014715687723123415,0.2079955861925571,Not significant
GENE2204,0,Other,15q,protein_coding,45,43,8.409358222222222,8.661997906976744,0.2526396847545218,1.1913849872306634,2.464089050912456,-4.109107972558971,0.015518691096385035,0.21857311403359206,Not significant
GEP1Q55,1,Plasma cells,1q,protein_coding,45,43,6.186327555555556,6.705819069767442,0.5194915142118877,1.433449931671689,2.4576258013747,-4.124107833071847,0.015783441052798924,0.22152197968840592,Not significant
GENE3578,0,Other,3q,protein_coding,45,43,8.075174,7.865596976744186,-0.20957702325581629,0.8647907379354218,-2.4532825603741206,-4.1341681062097235,0.01596360989407562,0.22326727124581286,Not significant
MEOTH173,2,Microenvironment,19q,protein_coding,45,43,9.024253555555555,8.486756976744186,-0.5374965788113659,0.6889653922646661,-2.4505454297713642,-4.140500084816717,0.016078094427150434,0.22408493975122554,Not significant
MEOTH118,2,Microenvironment,4q,protein_coding,45,43,8.944343555555555,9.232198139534884,0.28785458397933006,1.2208234539278306,2.4290713788289486,-4.189961044340011,0.01700200944073785,0.23613902001024795,Not significant
MEOTH040,2,Microenvironment,18q,protein_coding,45,43,8.745925111111111,9.210890930232559,0.46496581912144563,1.3802846507813282,2.427058927260374,-4.194576610448669,0.017090974232451216,0.2362909598149956,Not significant
MEOTH109,2,Microenvironment,10q,protein_coding,45,43,11.325695555555555,10.996276511627906,-0.32941904392764165,0.7958569013109054,-2.426154426872245,-4.196649985267076,0.01713109458658718,0.2362909598149956,Not significant
MEOTH234,2,Microenvironment,20q,protein_coding,45,43,9.862015111111111,10.597902558139534,0.7358874470284338,1.665421607535449,2.419039747571522,-4.2129350625184525,0.01744961322729205,0.2398572264919869,Not significant
GEP1Q100,1,Plasma cells,1q,protein_coding,45,43,6.395127777777778,6.692694883720931,0.29756710594315106,1.2290700180359295,2.411572151367416,-4.229982461527197,0.017789594352780085,0.2436930733257546,Not significant
MEOTH134,2,Microenvironment,12p,protein_coding,45,43,10.837332,11.331261860465116,0.4939298604651121,1.4082757590757968,2.4024970339385403,-4.250636809123503,0.018210688727584384,0.24861008501821685,Not significant
GENE2832,0,Other,21q,protein_coding,45,43,7.6875597777777775,7.9225153488372095,0.23495557105943732,1.1768704939983599,2.3964909343866645,-4.264268360264936,0.01849423000668988,0.2516221769617671,Not significant
GENE2639,0,Other,20q,protein_coding,45,43,8.749425777777777,8.505844651162791,-0.24358112661498588,0.8446460871363546,-2.3841619151510782,-4.292155755956216,0.019088593108161685,0.2588283811276161,Not significant
GENE3179,0,Other,20q,protein_coding,45,43,9.404479333333333,9.184052558139534,-0.22042677519379872,0.8583114948704171,-2.3661045292362504,-4.332769882019948,0.01998972611717448,0.27013143401587136,Not significant
PCADV064,1,Plasma cells,8q,protein_coding,45,43,6.187117111111111,6.697975581395349,0.5108584702842371,1.4248978234997982,2.3524701377483095,-4.3632540773169906,0.020694921963398005,0.2787194877225321,Not significant
GENE1873,0,Other,2p,protein_coding,45,43,6.641941777777777,6.89861976744186,0.2566779896640847,1.1947245119190175,2.3443665247007925,-4.381298099822718,0.021124415488069634,0.2835492011821427,Not significant
MEOTH030,2,Microenvironment,20q,protein_coding,45,43,10.28229111111111,10.732911627906976,0.4506205167958619,1.366627929974717,2.3337791612707495,-4.4047890168596755,0.02169742230687989,0.2892989640917319,Not significant
GENE1942,1,Plasma cells,19q,protein_coding,45,43,8.631398444444445,8.37541465116279,-0.255983793281656,0.8374158946852224,-2.3341392691434106,-4.403991577514138,0.02167770912812647,0.2892989640917319,Not significant
GENE3261,0,Other,18q,protein_coding,45,43,8.372709555555556,8.669447441860465,0.2967378863049088,1.2283637869001458,2.323549699563132,-4.427395764081812,0.02226406668639457,0.29586799583248596,Not significant
MEOTH066,2,Microenvironment,20q,protein_coding,45,43,8.451888444444444,8.790782325581395,0.3388938811369506,1.2647865063077701,2.319527956873783,-4.436259401398871,0.022490399511903545,0.2978860862503781,Not significant
GEP1Q11,1,Plasma cells,1q,protein_coding,45,43,8.30040311111111,8.758044651162791,0.45764154005168045,1.3732949746098795,2.3142229796018317,-4.44793022488081,0.02279205513362044,0.30088521628541837,Not significant
GENE1639,0,Other,12p,protein_coding,45,43,9.891782888888889,10.118269534883721,0.2264866459948358,1.1699822527510786,2.3098224389067146,-4.457593194136358,0.023044985502726552,0.3032234934569283,Not significant
MEOTH175,2,Microenvironment,21q,protein_coding,45,43,7.867343555555555,8.280792790697674,0.4134492351421164,1.331866273280827,2.2931940989159387,-4.4939581905392245,0.02402322646429199,0.31505870772841954,Not significant
GEP1Q14,1,Plasma cells,1q,protein_coding,45,43,7.298443333333333,7.914055813953488,0.6156124806201602,1.5322083415628114,2.2880612034263486,-4.505135971772561,0.02433249269589953,0.31807179994639906,Not significant
MEOTH011,2,Microenvironment,7q,protein_coding,45,43,7.200482222222222,7.630582790697674,0.43010056847545375,1.3473274941147053,2.2745007903482115,-4.53455818348173,0.025166452656165017,0.32790166327250836,Not significant
MEOTH211,2,Microenvironment,21q,protein_coding,45,43,10.655934444444444,11.025982325581396,0.37004788113694076,1.2923957228274308,2.2661273824381523,-4.552647752830316,0.02569387331019993,0.33368666636623284,Not significant
GENE3696,1,Plasma cells,21q,protein_coding,45,43,7.514122222222222,7.2658948837209305,-0.24822733850129186,0.8419302725897021,-2.2536064215585756,-4.579585771711738,0.026500653070948732,0.34305052519027485,Not significant
GENE3182,1,Plasma cells,3q,protein_coding,45,43,9.80701111111111,10.087782093023256,0.2807709819121502,1.2148439283339523,2.2475014226745347,-4.592671637335496,0.02690202459718237,0.3471228980281596,Not significant
PCOTH155,1,Plasma cells,20q,protein_coding,45,43,6.064302444444444,6.289169534883721,0.22486709043927888,1.1686695788798438,2.2404741269649167,-4.607694897737275,0.02737062328015981,0.3520337399377467,Not significant
GENE3524,2,Microenvironment,15q,protein_coding,45,43,7.764993333333333,7.988087674418605,0.22309434108527348,1.1672344274168587,2.23609592277344,-4.617033413321749,0.02766617662863068,0.3546945721619318,Not significant
GENE3244,1,Plasma cells,7q,protein_coding,45,43,8.946050444444445,9.189691627906976,0.24364118346253782,1.1839771051228232,2.227600949284885,-4.635105904655744,0.028247617641362167,0.36099191873945263,Not significant
MEOTH115,2,Microenvironment,21q,protein_coding,45,43,7.972027555555555,8.434891627906977,0.4628640723514268,1.3782752887009893,2.2234368199233745,-4.643942182508088,0.028536518854595225,0.363522533179557,Not significant
GENE1325,2,Microenvironment,9p,protein_coding,45,43,7.721004444444445,7.966535348837209,0.24553090439276914,1.1855289592697769,2.2181445685273133,-4.65515083136034,0.028907415383852726,0.367078290588606,Not significant
PCADV012,1,Plasma cells,8q,protein_coding,45,43,7.912104,8.346891162790698,0.4347871627906965,1.351711403698114,2.214062653302943,-4.663779614764469,0.029196360609363602,0.36851045863093235,Not significant
GENE3352,0,Other,7q,protein_coding,45,43,7.73401,7.945693720930232,0.21168372093023002,1.1580389038747343,2.2139488297887984,-4.664020021513901,0.029204453846501388,0.36851045863093235,Not significant
GENE1797,1,Plasma cells,18q,protein_coding,45,43,7.43327,7.651482790697674,0.2182127906976783,1.1632916089072927,2.2081327715160697,-4.676289282593306,0.029620613550844707,0.3725863339728894,Not significant
GEP1Q31,1,Plasma cells,1q,protein_coding,45,43,8.299338222222222,8.79521,0.49587177777777924,1.4101726231832072,2.202128841230894,-4.688924314232807,0.03005564066550943,0.3756955083188679,Not significant
GEP1Q101,1,Plasma cells,1q,protein_coding,45,43,5.87655,6.18282511627907,0.306275116279072,1.2365110362385592,2.20316993171076,-4.68673560653014,0.02997980894361866,0.3756955083188679,Not significant
GENE3064,2,Microenvironment,7q,protein_coding,45,43,8.836917555555555,8.58556953488372,-0.2513480206718324,0.8401110681747833,-2.199747947691032,-4.69392620880355,0.030229691563164487,0.376693975864978,Not significant
PCOTH054,1,Plasma cells,10q,protein_coding,45,43,9.246686666666667,9.026154186046512,-0.22053248062015385,0.8582486091903392,-2.1967265364547868,-4.700266697514576,0.030451832334698198,0.37828363148693417,Not significant
MEOTH232,2,Microenvironment,18q,protein_coding,45,43,7.629015555555555,7.996305581395349,0.3672900258397931,1.2899275394908927,2.1875950972266414,-4.719381328407202,0.031131874200013458,0.38553404582060014,Not significant
GENE1480,1,Plasma cells,7q,protein_coding,45,43,9.977218666666667,10.231243488372092,0.2540248217054284,1.19252938973573,2.185623171548587,-4.723499664594462,0.03128045459320531,0.3861784517679668,Not significant
GEP1Q93,1,Plasma cells,1q,protein_coding,45,43,5.802099777777777,6.12464511627907,0.32254533850129263,1.2505349152594851,2.1801781361224184,-4.734854092311313,0.03169393984444232,0.3900792596239055,Not significant
GENE3088,0,Other,7q,protein_coding,45,43,8.433036444444445,8.661020465116279,0.2279840206718351,1.171197208935922,2.175585512389172,-4.744411079234814,0.03204638755119047,0.393207209217061,Not significant
GENE1206,2,Microenvironment,10q,protein_coding,45,43,8.187886888888888,7.947577674418604,-0.24030921447028675,0.8465638479233403,-2.171816926077834,-4.752239665066412,0.032338140679484935,0.3955735862933937,Not significant
GEP1Q85,1,Plasma cells,1q,protein_coding,45,43,7.0928875555555555,7.600736511627907,0.5078489560723538,1.4219285330298541,2.168200683325712,-4.759740228603125,0.03262027021267406,0.39659902994132595,Not significant
GENE3508,1,Plasma cells,7q,protein_coding,45,43,10.323304888888888,10.552936279069767,0.2296313901808773,1.1725353271758805,2.1684401773883124,-4.759243836415989,0.032601519541846535,0.39659902994132595,Not significant
GENE1302,0,Other,10q,protein_coding,45,43,7.421498,7.659184418604651,0.237686418604655,1.1791002774572572,2.161605469362716,-4.773390412535488,0.03314032731349741,0.40170093713330196,Not significant
MEOTH204,2,Microenvironment,9p,protein_coding,45,43,8.653293333333334,9.014916046511628,0.3616227131782974,1.284870280296637,2.1550635801332345,-4.786892992949561,0.03366328468425953,0.4055817431838498,Not significant
GENE1652,1,Plasma cells,15q,protein_coding,45,43,8.935044,8.695436511627907,-0.23960748837209778,0.8469757162854714,-2.1554154931949068,-4.78616758224916,0.03363497145175923,0.4055817431838498,Not significant
GENE2235,0,Other,4q,protein_coding,45,43,9.155185333333334,8.92299,-0.23219533333332976,0.8513384331916329,-2.1492184867573325,-4.798925976306549,0.03413658935843236,0.4100491214226109,Not significant
GEP1Q73,1,Plasma cells,1q,protein_coding,45,43,6.730933555555556,7.0245027906976745,0.29356923514211974,1.2256688409851746,2.142715975599997,-4.81227750347383,0.03466990639356842,0.4147176366613432,Not significant
GEP1Q51,1,Plasma cells,1q,protein_coding,45,43,6.759763111111111,7.051204651162791,0.29144154005168144,1.2238625496964954,2.141404906512077,-4.8149650568839935,0.03477830778345396,0.4147176366613432,Not significant
PCOTH225,1,Plasma cells,18q,protein_coding,45,43,7.616235333333333,7.853116279069767,0.23688094573643692,1.1784421562456102,2.139456349302752,-4.818956634181484,0.03493996088871817,0.4147176366613432,Not significant
GENE3863,2,Microenvironment,20q,protein_coding,45,43,9.994641333333334,10.216136976744187,0.22149564341086148,1.1659416930723134,2.139620890381719,-4.818619702893148,0.03492628534959298,0.4147176366613432,Not significant
GENE2141,1,Plasma cells,9p,protein_coding,45,43,7.832008888888889,7.5894202325581395,-0.24258865633075022,0.8452273427203749,-2.1370297582255122,-4.823922839736213,0.03514218254935561,0.4158838171521374,Not significant
MEOTH165,2,Microenvironment,3q,protein_coding,45,43,7.991344,8.277881162790697,0.28653716279069563,1.2197091473536996,2.1313434390580928,-4.835540272755545,0.03562003482986803,0.4190592332925651,Not significant
GEP1Q114,1,Plasma cells,1q,protein_coding,45,43,7.720309777777778,7.980437441860465,0.2601276640826873,1.197584674196826,2.1319510850482977,-4.8343001639283525,0.035568703779470454,0.4190592332925651,Not significant
GEP1Q108,1,Plasma cells,1q,protein_coding,45,43,6.906671555555556,7.264414418604651,0.35774286304910063,1.2814195115972615,2.1200111853590506,-4.858608709159057,0.03658915648339717,0.4291983165207879,Not significant
GENE3318,2,Microenvironment,10q,protein_coding,45,43,8.814051555555556,8.596112325581394,-0.2179392299741565,0.8597927021603144,-2.117304693075894,-4.864101616326462,0.03682396016996911,0.4306895926312177,Not significant
MEOTH145,2,Microenvironment,10q,protein_coding,45,43,10.319431555555555,9.920077674418605,-0.3993538811369479,0.7581977702463775,-2.1078975335398074,-4.883144046843308,0.03765025226214834,0.43779363095521323,Not significant
PCOTH220,1,Plasma cells,7q,protein_coding,45,43,7.974064444444444,7.754584651162791,-0.21947979328165523,0.8588750736295001,-2.1080571113770916,-4.88282166532281,0.03763610299032931,0.43779363095521323,Not significant
GEP1Q103,1,Plasma cells,1q,protein_coding,45,43,7.763304444444445,8.09233465116279,0.3290302067183424,1.2561686821532776,2.102653619349791,-4.893725512321861,0.038117778246039874,0.44194525502654924,Not significant
PCADV079,1,Plasma cells,1p,protein_coding,45,43,7.479355777777777,7.868492325581395,0.3891365478036164,1.3096093687653922,2.0964091101352555,-4.906294705702534,0.0386810461354617,0.4467188938726752,Not significant
GEP1Q74,1,Plasma cells,1q,protein_coding,45,43,7.873979777777778,8.178110930232558,0.30413115245478206,1.234674843556057,2.0956185727285734,-4.9078835004121775,0.03875286404345458,0.4467188938726752,Not significant
GEP1Q119,1,Plasma cells,1q,protein_coding,45,43,5.893203555555556,6.2925181395348835,0.3993145839793302,1.3188811691335112,2.0758921299318076,-4.947351974821183,0.0405825781849039,0.46512983593013063,Not significant
GENE1376,2,Microenvironment,15q,protein_coding,45,43,7.498073777777778,7.756899534883721,0.25882575710594935,1.1965044455178497,2.07671621753695,-4.945709968419065,0.04050467716415421,0.46512983593013063,Not significant
GENE0986,1,Plasma cells,3q,protein_coding,45,43,8.547746666666667,8.344636279069768,-0.20311038759690092,0.8686757160142525,-2.0686797267535524,-4.961697385079987,0.041269888880284836,0.47165587291754096,Not significant
GENE1170,2,Microenvironment,10q,protein_coding,45,43,8.915738222222222,9.16010069767442,0.24436247545219913,1.1845691961019313,2.063278895606231,-4.972409716259829,0.04179110015857689,0.4762518536589959,Not significant
GENE2329,1,Plasma cells,2p,protein_coding,45,43,7.241918444444445,6.995505581395349,-0.2464128630490965,0.8429898332318605,-2.062039189513292,-4.974865010670758,0.04191153442227769,0.47626743661679194,Not significant
MEMGUS073,2,Microenvironment,2p,protein_coding,45,43,11.137386444444445,10.61842534883721,-0.5189610956072279,0.6978742010111597,-2.053985986245836,-4.990781883791239,0.04270116922288293,0.4830449913815593,Not significant
GENE3334,1,Plasma cells,19q,protein_coding,45,43,6.840788444444445,6.635744418604651,-0.20504402583979253,0.8675122134099363,-2.0534974291281123,-4.991745666470679,0.042749481737267996,0.4830449913815593,Not significant
MEOTH196,2,Microenvironment,18q,protein_coding,45,43,10.264277555555555,10.58474534883721,0.32046779328165265,1.2487353852060554,2.050198686358791,-4.9982476460272975,0.04307691840251323,0.48401031912936215,Not significant
GENE3897,2,Microenvironment,18q,protein_coding,45,43,9.038955111111111,9.28159511627907,0.2426400051679618,1.1831557527664978,2.051353889849191,-4.995971773265325,0.04296200756049345,0.48401031912936215,Not significant
GENE1910,1,Plasma cells,3q,protein_coding,45,43,7.5331542222222225,7.310619069767442,-0.22253515245478006,0.8570580610470208,-2.044114001933227,-5.010215744118369,0.04368654055511329,0.48948504823656347,Not significant
GENE3252,2,Microenvironment,21q,protein_coding,45,43,8.109919777777778,7.878743720930233,-0.23117605684754672,0.851940123659929,-2.032525571291734,-5.032919145032549,0.044868066185053894,0.5013191752519988,Not significant
MEOTH168,2,Microenvironment,9p,protein_coding,45,43,9.421674444444445,10.007706279069767,0.5860318346253255,1.501112220812456,2.0180369636725874,-5.06113790218007,0.04638369949190535,0.5139468087745745,Not significant
GEP1Q54,1,Plasma cells,1q,protein_coding,45,43,9.172732,9.475117906976743,0.3023859069767436,1.2331821456526364,2.0182356152419088,-5.060752250574753,0.04636262642419977,0.5139468087745745,Not significant
GENE3409,2,Microenvironment,2p,protein_coding,45,43,10.326055111111112,10.072348604651163,-0.2537065064599471,0.8387387952587332,-2.0198906731389665,-5.05753785480502,0.04618737499517377,0.5139468087745745,Not significant
GEP1Q23,1,Plasma cells,1q,protein_coding,45,43,7.047160666666667,7.543008139534884,0.49584747286821873,1.4101488663750146,2.0091960815056193,-5.078265828218321,0.047329873649204206,0.5210541122381335,Not significant
GEP1Q13,1,Plasma cells,1q,protein_coding,45,43,7.539779111111111,7.991002093023256,0.4512229819121423,1.3671987488717625,2.009869159678301,-5.0769642656277485,0.04725726375741426,0.5210541122381335,Not significant
GENE1154,0,Other,3q,protein_coding,45,43,9.411987111111111,9.192639534883721,-0.21934757622738665,0.8589537895969905,-2.0083995521869316,-5.079805596694309,0.04741592421367014,0.5210541122381335,Not significant
MEOTH176,2,Microenvironment,2p,protein_coding,45,43,10.227190444444444,10.621076046511627,0.39388560206718104,1.3139274356620365,2.0044761183175095,-5.087381789033293,0.047841732655548024,0.5229511926719488,Not significant
GENE3225,2,Microenvironment,18q,protein_coding,45,43,7.171439333333334,7.385096279069767,0.21365694573643434,1.1596238781247692,2.0043999246166537,-5.087528785135996,0.04785003412948331,0.5229511926719488,Not significant
GENE3093,2,Microenvironment,18q,protein_coding,45,43,10.319606888888888,10.57739046511628,0.25778357622738746,1.1956404210845322,2.0030785154007567,-5.09007728682644,0.0479942003109544,0.5230975510730724,Not significant
GENE2324,0,Other,15q,protein_coding,45,43,7.872364666666667,7.628459767441861,-0.24390489922480985,0.8444565511804965,-1.996750790227192,-5.102259678361099,0.048689705684872756,0.5292359313573126,Not significant
GENE3149,1,Plasma cells,9p,protein_coding,45,43,8.428091555555556,8.221018139534884,-0.2070734160206733,0.86629277127851545,-1.9951365620906774,-5.105361781885021,0.04886850182168759,0.529739857145665,Not significant
GENE1488,0,Other,21q,protein_coding,45,43,8.246421555555555,8.457821627906977,0.21140007235142377,1.1578112439804276,1.9925572925476098,-5.110313641397605,0.04915535025130944,0.531409191906048,Not significant
GENE2011,0,Other,12p,protein_coding,45,43,9.044243333333334,8.852203023255814,-0.19204031007751787,0.8753668708873866,-1.9872189600489851,-5.120543819487162,0.04975360370701276,0.5364269941456902,Not significant
GEP1Q105,1,Plasma cells,1q,protein_coding,45,43,8.631597555555555,9.00278069767442,0.37118314211886805,1.2934131130739632,1.9785506318458015,-5.13710166165492,0.0507382505510957,0.5444426266946731,Not significant
GENE3196,1,Plasma cells,7q,protein_coding,45,43,7.387065333333333,7.588456046511628,0.20139071317829416,1.149806198385496,1.9782798435223257,-5.137617835567202,0.05076927493927827,0.5444426266946731,Not significant
GENE2990,1,Plasma cells,3q,protein_coding,45,43,7.8659184444444445,7.664092325581396,-0.20182611886304702,0.8694493443486819,-1.9742244624598846,-5.1453403764190195,0.0512358366752726,0.5479768628371401,Not significant
GENE1201,1,Plasma cells,2p,protein_coding,45,43,8.908770222222222,8.722299302325581,-0.18647091989664233,0.8787526744572738,-1.9705899247825105,-5.152249112073147,0.05165707459078181,0.5510087956350059,Not significant
GENE2536,0,Other,7q,protein_coding,45,43,8.209257555555556,8.423066046511627,0.21380849095607246,1.159745695058045,1.961673399656751,-5.169148441842309,0.052702972645328104,0.5606699217588096,Not significant
GENE2110,0,Other,19q,protein_coding,45,43,8.171258444444444,7.934180232558139,-0.23707821188630174,0.8484619033466949,-1.958177449068317,-5.175754967543815,0.053117922073689434,0.5614050435378679,Not significant
GENE2979,1,Plasma cells,4q,protein_coding,45,43,7.6787891111111115,7.473616511627907,-0.2051725994832072,0.8674349037687725,-1.957546322440902,-5.1769464903670475,0.053193127875212985,0.5614050435378679,Not significant
PCOTH051,1,Plasma cells,4q,protein_coding,45,43,8.08296088888889,7.892647441860465,-0.1903134470284229,0.8764152863287805,-1.9597169290980403,-5.172847051066598,0.05293485417867387,0.5614050435378679,Not significant
GENE3236,0,Other,15q,protein_coding,45,43,6.533173111111111,6.7754516279069765,0.24227851679586632,1.1828593329019539,1.942057608666532,-5.20607697773729,0.05506729188837252,0.5766208574698692,Not significant
GENE2854,0,Other,19q,protein_coding,45,43,9.621969111111111,9.824853720930232,0.20288460981912415,1.1509974281341013,1.9443999637301659,-5.201685292305205,0.054780323113252864,0.5766208574698692,Not significant
GENE1679,2,Microenvironment,20q,protein_coding,45,43,9.629055333333334,9.427282093023257,-0.20177324031008048,0.869481212529046,-1.9428870777346308,-5.2045223639268325,0.05496552596950916,0.5766208574698692,Not significant
MEOTH189,2,Microenvironment,3q,protein_coding,45,43,8.627716,9.040340465116278,0.4126244651162754,1.3311050802254765,1.9355050671709977,-5.218336371694002,0.05587683195277744,0.5805385137950902,Not significant
GEP1Q112,1,Plasma cells,1q,protein_coding,45,43,7.893952666666666,8.18315046511628,0.2891977984496119,1.2219606251916213,1.9375094179958956,-5.214590421253472,0.05562814032737674,0.5805385137950902,Not significant
GENE2594,1,Plasma cells,3q,protein_coding,45,43,5.563361111111111,5.766506511627907,0.20314540051679764,1.15120550852926,1.9356524977181346,-5.218060959415792,0.05585850738171437,0.5805385137950902,Not significant
MEOTH108,2,Microenvironment,9p,protein_coding,45,43,7.920501333333333,8.222083023255815,0.30158168992248324,1.232494911194949,1.9332807288702607,-5.22248926394538,0.056153919179732156,0.5819058982355664,Not significant
GENE2726,0,Other,3q,protein_coding,45,43,8.105587111111111,7.900368837209302,-0.20521827390180825,0.8674074419999112,-1.9295288203038952,-5.2294841629496585,0.05662392990585933,0.5852602574249026,Not significant
GEP1Q42,1,Plasma cells,1q,protein_coding,45,43,9.45352311111111,9.718805813953487,0.265282702842379,1.201871538804026,1.9274294419017137,-5.23339267292606,0.05688837214356609,0.5852717928694143,Not significant
GENE2202,2,Microenvironment,10q,protein_coding,45,43,10.605094666666666,10.815616976744186,0.21052231007751487,1.1571070245151223,1.9271972632728043,-5.233824688989976,0.05691768185655054,0.5852717928694143,Not significant
GEP1Q40,1,Plasma cells,1q,protein_coding,45,43,7.052162444444444,7.641813023255814,0.5896505788113693,1.5048822203256866,1.919484340360251,-5.248148802603886,0.057898621843998736,0.5923132669462786,Not significant
GEP1Q59,1,Plasma cells,1q,protein_coding,45,43,7.286758888888889,7.72240488372093,0.4356459948320399,1.3525163130087396,1.9202453073149615,-5.246737930068729,0.05780121066080217,0.5923132669462786,Not significant
MEOTH028,2,Microenvironment,18q,protein_coding,45,43,9.431723333333332,9.695487209302327,0.26376387596899775,1.2006069096240002,1.9166790126878726,-5.253345556057213,0.05825892906163567,0.5944788679758741,Not significant
MEOTH043,2,Microenvironment,21q,protein_coding,45,43,9.369431333333333,9.049115813953488,-0.3203155193798395,0.8008947016673961,-1.9124303751121292,-5.261202584603147,0.05880821184828247,0.5973926218127752,Not significant
GENE1748,1,Plasma cells,15q,protein_coding,45,43,8.252721777777777,8.450616279069768,0.1978945012919855,1.147023143793442,1.9121610874846915,-5.261700035673893,0.05884317324855835,0.5973926218127752,Not significant
GENE3563,1,Plasma cells,20q,protein_coding,45,43,8.1614846666666665,7.944058139534884,-0.21742652713178234,0.8600983083263364,-1.91027789228582,-5.265177021479227,0.05908815719847285,0.5975220580570509,Not significant
GENE2180,2,Microenvironment,15q,protein_coding,45,43,8.384776888888888,8.570695813953488,0.18591892506460006,1.1375412998237897,1.9097676384131508,-5.2661185684469345,0.05915468374764805,0.5975220580570509,Not significant
GENE3713,0,Other,9p,protein_coding,45,43,8.262814222222222,8.485397906976743,0.22258368475451995,1.1668213462351391,1.9002132618677452,-5.2837057670919565,0.060412083792644664,0.6086859827974272,Not significant
GEP1Q106,1,Plasma cells,1q,protein_coding,45,43,8.217356222222222,8.427204186046511,0.20984796382428783,1.1565662945405712,1.897195886099281,-5.28924301053968,0.06081383016976944,0.6111942730630096,Not significant
GENE3939,2,Microenvironment,4q,protein_coding,45,43,9.842800444444444,9.624826046511627,-0.21797439793281193,0.859771743617581,-1.8902487223966136,-5.30196086297717,0.06174735893220515,0.6190211421774952,Not significant
GENE3215,1,Plasma cells,20q,protein_coding,45,43,6.424359111111111,6.216596511627907,-0.2077625994832033,0.865879037222411,-1.8871864726111027,-5.307553040866058,0.06216265999414553,0.6216265999414553,Not significant
GENE3915,2,Microenvironment,4q,protein_coding,45,43,10.21777311111111,10.005192093023256,-0.21258101808785668,0.8629919349320692,-1.885466750882118,-5.310689850477912,0.06239691547282373,0.6224131219234288,Not significant
GEP1Q91,1,Plasma cells,1q,protein_coding,45,43,6.7190751111111116,7.07888,0.3598048888888883,1.2832523378612961,1.8803266353474282,-5.3200497108766935,0.06310151234388818,0.6278757447153053,Not significant
GENE1210,2,Microenvironment,19q,protein_coding,45,43,8.816374444444444,8.60266465116279,-0.21370979328165696,0.8623169877814041,-1.8777295642899359,-5.324769811145085,0.06346004627810961,0.628851024667437,Not significant
GENE2194,0,Other,19q,protein_coding,45,43,8.757184222222222,8.548946744186047,-0.20823747803617465,0.8655940707487995,-1.8773401484081482,-5.325477040862146,0.06351395349141115,0.628851024667437,Not significant
GENE3348,0,Other,21q,protein_coding,45,43,8.431106444444444,8.208288372093023,-0.22281807235142104,0.8568900040446307,-1.8661430645012342,-5.345754111626844,0.06508049097000666,0.6427702811852509,Not significant
GENE3375,0,Other,4q,protein_coding,45,43,7.856041777777778,7.649976511627907,-0.2060652661498681,0.8668983449719512,-1.864648284797815,-5.348452516908586,0.0652920483645994,0.6432714124591074,Not significant
GENE3483,1,Plasma cells,4q,protein_coding,45,43,6.416156666666667,6.205725581395349,-0.21043108527131782,0.8642789413844246,-1.8585569772124055,-5.3594278776159285,0.06616012153970455,0.6499932371952423,Not significant
GENE1711,0,Other,12p,protein_coding,45,43,7.1412786666666666,7.350031627906977,0.2087529612403083,1.1556887961414612,1.8575865157637421,-5.3611733781476705,0.0662993101939147,0.6499932371952423,Not significant
GENE2053,2,Microenvironment,2p,protein_coding,45,43,8.784836666666667,8.998983255813954,0.21414658914728513,1.1600175154080434,1.8552356718790601,-5.365398160595083,0.06663749644246227,0.6517114566499977,Not significant
GENE3557,1,Plasma cells,9p,protein_coding,45,43,8.988844666666667,8.790329534883721,-0.1985151317829441,0.8714470232369921,-1.8512474883539374,-5.37255407936602,0.06721452608407139,0.6557514739909404,Not significant
MEOTH195,2,Microenvironment,15q,protein_coding,45,43,10.845702888888889,11.139055348837209,0.29335245994831816,1.2254846893573121,1.8431127934093616,-5.387105574017791,0.06840444678675074,0.6627555712579454,Not significant
GEP1Q84,1,Plasma cells,1q,protein_coding,45,43,7.202231777777778,7.487973488372093,0.2857417105943174,1.2190368272383003,1.8429427094329618,-5.38740918676843,0.06842951273238286,0.6627555712579454,Not significant
GENE1042,2,Microenvironment,19q,protein_coding,45,43,9.096721777777777,9.305557209302325,0.2088354315245553,1.1557548618760909,1.8433734644767037,-5.386640205839448,0.06836604554317464,0.6627555712579454,Not significant
GENE1281,2,Microenvironment,18q,protein_coding,45,43,7.617835333333334,7.438418139534884,-0.17941719379844923,0.8830596542745164,-1.8315312593231812,-5.407719873909112,0.07012886487178716,0.6775735736404557,Not significant
GENE2577,0,Other,18q,protein_coding,45,43,6.138914444444445,6.34147511627907,0.20256067183462712,1.1507390159817459,1.8238755492385728,-5.421280009838318,0.07128852763974727,0.6871183386963593,Not significant
MEOTH123,2,Microenvironment,15q,protein_coding,45,43,7.132078888888889,7.3698546511627905,0.2377757622739054,1.1791732994086797,1.822466704318168,-5.423769649860041,0.07150366490942303,0.687535239513683,Not significant
GENE1273,1,Plasma cells,2p,protein_coding,45,43,7.045501777777778,6.849829767441861,-0.1956720103359153,0.8731660786093164,-1.8197744890920229,-5.4285222075065755,0.07191628194323413,0.6898444311101596,Not significant
GENE2133,0,Other,18q,protein_coding,45,43,8.411295555555556,8.623474418604651,0.2121788630490915,1.1584364184067728,1.8145842215442576,-5.437666070938562,0.0727173494815719,0.6909011827227733,Not significant
GENE2212,0,Other,7q,protein_coding,45,43,8.04855688888889,8.25153930232558,0.20298241343669154,1.1510754595440151,1.816289981729668,-5.434663665496386,0.07245326747104856,0.6909011827227733,Not significant
GENE3264,2,Microenvironment,21q,protein_coding,45,43,10.928244,11.123200697674418,0.19495669767441726,1.1446898023504062,1.8155839231413693,-5.435906758589486,0.07256248100696712,0.6909011827227733,Not significant
PCOTH070,1,Plasma cells,19q,protein_coding,45,43,6.092530444444445,6.286397906976744,0.19386746253229958,1.1438258874122114,1.8156747966903746,-5.435746791086432,0.07254841696550479,0.6909011827227733,Not significant
GEP1Q47,1,Plasma cells,1q,protein_coding,45,43,6.371691333333334,6.76788488372093,0.3961935503875944,1.3160310704741343,1.812768463759999,-5.440859197072931,0.0729993398288357,0.6919368704155043,Not significant
GEP1Q89,1,Plasma cells,1q,protein_coding,45,43,8.445858666666666,8.944973488372094,0.49911482170542776,1.4133461252804793,1.8040590221152253,-5.4561338228601715,0.07436459388667122,0.692986898379596,Not significant
MEOTH228,2,Microenvironment,9p,protein_coding,45,43,9.046596888888889,9.324313023255813,0.2777161343669228,1.2122742677048206,1.8062577241940652,-5.4522842176611395,0.07401795064683502,0.692986898379596,Not significant
MEOTH116,2,Microenvironment,2p,protein_coding,45,43,9.778982444444445,10.046856279069768,0.2678738346253251,1.204032082608394,1.797477822265133,-5.467630367276465,0.0754102340340288,0.692986898379596,Not significant
GENE3154,0,Other,19q,protein_coding,45,43,10.050507777777778,9.824653720930232,-0.22585405684754178,0.8550886743595841,-1.796694041043948,-5.4689969208117954,0.07553557192337597,0.692986898379596,Not significant
GEP1Q72,1,Plasma cells,1q,protein_coding,45,43,8.487774666666667,8.704853488372093,0.21707882170543336,1.1623776123340093,1.8053717349214817,-5.45383598171038,0.07415747233843305,0.692986898379596,Not significant
GENE3505,1,Plasma cells,2p,protein_coding,45,43,7.391397333333334,7.175535348837209,-0.21586198449612315,0.8610315550321571,-1.8094663496586625,-5.446658529460735,0.07351449307372418,0.692986898379596,Not significant
GENE2422,0,Other,19q,protein_coding,45,43,7.009503555555556,7.216068604651163,0.20656504909560613,1.1539374702388228,1.8036568043385033,-5.456837573522876,0.07442815234656129,0.692986898379596,Not significant
GENE3730,1,Plasma cells,19q,protein_coding,45,43,8.446059111111111,8.242521395348838,-0.20353771576226976,0.868418451229563,-1.8055678627222795,-5.45349253534838,0.07412656819472696,0.692986898379596,Not significant
GENE2177,2,Microenvironment,9p,protein_coding,45,43,10.017142,9.81643023255814,-0.20071176744186303,0.8701211747525064,-1.8058313341609786,-5.453031106319402,0.07408506944496877,0.692986898379596,Not significant
GENE1389,1,Plasma cells,18q,protein_coding,45,43,6.800648444444445,6.605256511627907,-0.19539193281653588,0.8733356071112967,-1.8002091662920832,-5.462863810084255,0.0749747996187038,0.692986898379596,Not significant
GENE1394,0,Other,3q,protein_coding,45,43,9.82199,9.631568837209302,-0.19042116279069177,0.8763498530848753,-1.7986866571555562,-5.4655216242268505,0.07521726204709615,0.692986898379596,Not significant
GENE3256,0,Other,7q,protein_coding,45,43,9.810599777777778,9.621956046511627,-0.18864373126615064,0.877430200445756,-1.8006978245269412,-5.462010323769871,0.07489711744202653,0.692986898379596,Not significant
GENE2969,1,Plasma cells,9p,protein_coding,45,43,7.617017555555556,7.804003255813954,0.186985700258397,1.1383827455677462,1.799944209915527,-5.463326490171044,0.07501694776441768,0.692986898379596,Not significant
GENE1448,2,Microenvironment,15q,protein_coding,45,43,8.984730222222222,9.164151395348837,0.1794211731266131,1.132429449611148,1.8007667185308338,-5.461889976686405,0.0748861707092708,0.692986898379596,Not significant
GENE3567,0,Other,4q,protein_coding,45,43,6.844328888888889,6.666270465116279,-0.17805842377260817,0.8838917360176182,-1.7943564461679438,-5.4730693025462624,0.07591041294785841,0.6948321551291389,Not significant
GENE3603,2,Microenvironment,4q,protein_coding,45,43,9.441882666666666,9.625776046511628,0.18389337984495313,1.1359453113957758,1.7921274425747244,-5.476947889946876,0.07626927545297175,0.696523063497459,Not significant
GENE2956,0,Other,7q,protein_coding,45,43,6.63083,6.838481162790698,0.2076511627906994,1.1548065237396745,1.7894526282421115,-5.481596263964829,0.07670176603460709,0.6988771392674905,Not significant
GENE2334,2,Microenvironment,10q,protein_coding,45,43,8.857472,8.65767046511628,-0.19980153488371855,0.8706703292884438,-1.786375602154332,-5.486935585393879,0.07720179996127295,0.7018345451024814,Not significant
GENE3412,2,Microenvironment,7q,protein_coding,45,43,8.849910666666666,8.665805116279069,-0.1841055503875939,0.8801946144498842,-1.7851295129691929,-5.489095381685986,0.07740506250357687,0.7020867347263209,Not significant
GENE1824,1,Plasma cells,21q,protein_coding,45,43,8.62070511111111,8.833182093023256,0.21247698191214326,1.1586758227316147,1.7796419283397127,-5.498590018974509,0.07830547536649432,0.7086468358958762,Not significant
GENE2456,1,Plasma cells,15q,protein_coding,45,43,9.105284666666666,8.930511860465117,-0.17477280620155078,0.8859070196398383,-1.7769930619845677,-5.503163310250009,0.0787431951758912,0.7109995049741871,Not significant
GENE3715,1,Plasma cells,12p,protein_coding,45,43,7.106557111111111,7.298121860465116,0.19156474935400514,1.1420016612407238,1.7757993673302706,-5.505222151225393,0.0789411107018031,0.7111811774937217,Not significant
GENE1164,0,Other,21q,protein_coding,45,43,10.219184888888888,10.00635511627907,-0.21282977260981895,0.8628431476735953,-1.7684929949105324,-5.517795694848411,0.08016148817924353,0.7199813887276642,Not significant
GENE1457,1,Plasma cells,9p,protein_coding,45,43,6.097562666666667,5.90842511627907,-0.1891375503875956,0.8771299168436688,-1.767800700020134,-5.518984548707537,0.08027792484313456,0.7199813887276642,Not significant
GENE2850,1,Plasma cells,10q,protein_coding,45,43,8.277,8.074095813953488,-0.20290418604650995,0.8687998829904732,-1.7666471664078331,-5.520964503536884,0.08047224695142371,0.7201095924064762,Not significant
GENE2746,2,Microenvironment,19q,protein_coding,45,43,9.246564444444445,9.41888558139535,0.17232113695090057,1.1268700364116069,1.763736836506206,-5.525954489853963,0.08096424078136628,0.7224632292483589,Not significant
GENE3248,0,Other,15q,protein_coding,45,43,9.442198666666666,9.27796441860465,-0.16423424806201226,0.8924020618285015,-1.7629569758576467,-5.527290312355471,0.08109649748312829,0.7224632292483589,Not significant
MEOTH128,2,Microenvironment,2p,protein_coding,45,43,9.732452444444444,9.481300465116279,-0.2511519793281618,0.8402252348478569,-1.7603972473483174,-5.53167097930189,0.08153185468271232,0.7231206623743887,Not significant
GENE3272,1,Plasma cells,15q,protein_coding,45,43,7.473535333333333,7.275492790697674,-0.1980425426356609,0.8717325332406458,-1.7606918521206205,-5.531167102378508,0.0814816505826381,0.7231206623743887,Not significant
GENE1625,1,Plasma cells,9p,protein_coding,45,43,9.90783688888889,10.086971627906976,0.17913473901809063,1.1322046382596243,1.7570386227026147,-5.537409814610232,0.0821060076342654,0.7249978599052133,Not significant
GENE3576,1,Plasma cells,21q,protein_coding,45,43,7.857089333333334,7.6899546511627905,-0.16713468217054306,0.8906097542379146,-1.7573489820429646,-5.536879938546486,0.08205281278641864,0.7249978599052133,Not significant
GENE3742,2,Microenvironment,19q,protein_coding,45,43,9.724233111111111,9.91696023255814,0.19272712144702808,1.1429221369610825,1.7557974939432233,-5.539527915336047,0.08231901814145991,0.7252776928762986,Not significant
GENE2944,2,Microenvironment,7q,protein_coding,45,43,8.59385088888889,8.77572558139535,0.1818746925064616,1.1343569543415324,1.7485613291634468,-5.551849161856767,0.08357001435611286,0.7346814448889043,Not significant
GENE2357,2,Microenvironment,9p,protein_coding,45,43,11.210188,11.00627511627907,-0.20391288372092653,0.8681926513133698,-1.7454496016738983,-5.557132928308641,0.08411276074340766,0.7378312345912953,Not significant
PCOTH100,1,Plasma cells,7q,protein_coding,45,43,6.942706222222222,7.13381488372093,0.19110866149870898,1.1416406904519385,1.7416416386806253,-5.563586903265245,0.08478088376027042,0.7407251916238721,Not significant
GENE2772,2,Microenvironment,21q,protein_coding,45,43,8.404312888888889,8.594437906976744,0.19012501808785132,1.1408625740982297,1.7414590187821188,-5.563896086662599,0.08481303444093334,0.7407251916238721,Not significant
GENE1109,0,Other,9p,protein_coding,45,43,10.591814888888889,10.39160511627907,-0.2002097726098171,0.8704239915796466,-1.7347567876807073,-5.575222206500204,0.0859999254045857,0.7478254383007452,Not significant
GENE1470,1,Plasma cells,10q,protein_coding,45,43,6.921910444444444,7.1196218604651165,0.1977114160206721,1.1468775900118915,1.735554296851195,-5.573876641863436,0.08585798475149549,0.7478254383007452,Not significant
GENE1964,0,Other,15q,protein_coding,45,43,8.934426888888888,8.755469767441861,-0.17895712144703424,0.883341305009065,-1.732406184256918,-5.57918478850304,0.08641940629272477,0.7498430047091086,Not significant
MEOTH120,2,Microenvironment,9p,protein_coding,45,43,9.516227555555556,9.84795511627907,0.3317275607235164,1.2585194915929243,1.7284730580124534,-5.5858038613197065,0.08712505172583165,0.752700230892714,Not significant
GENE3203,0,Other,20q,protein_coding,45,43,8.403601777777778,8.59252441860465,0.1889226408268776,1.1399121474917107,1.7288176453581967,-5.585224518602483,0.08706304083124537,0.752700230892714,Not significant
PCOTH004,1,Plasma cells,7q,protein_coding,45,43,8.835326222222223,8.635733023255813,-0.19959319896640437,0.8707960696524092,-1.7256261785355558,-5.590586071227295,0.08763875389333622,0.7555064990804847,Not significant
GEP1Q109,1,Plasma cells,1q,protein_coding,45,43,7.540483555555555,7.216667209302326,-0.32381634625322686,0.7989536160335862,-1.7201453353912335,-5.599771981434186,0.08863472651655252,0.7559868619454615,Not significant
GEP1Q37,1,Plasma cells,1q,protein_coding,45,43,7.560488666666666,7.873604186046512,0.3131155193798465,1.242387758190391,1.720260459856818,-5.599579314762255,0.08861371136218964,0.7559868619454615,Not significant
GENE3128,1,Plasma cells,15q,protein_coding,45,43,8.56909511111111,8.367627674418605,-0.20146743669250533,0.8696655333138646,-1.7202757716660086,-5.599553688754819,0.08861091660740697,0.7559868619454615,Not significant
GENE2094,1,Plasma cells,10q,protein_coding,45,43,7.037422,7.231341627906977,0.19391962790697637,1.1438672469393825,1.7216342253963839,-5.597279313135948,0.08836325480538176,0.7559868619454615,Not significant
GENE3080,2,Microenvironment,15q,protein_coding,45,43,8.339075777777778,8.525317906976744,0.1862421291989662,1.1377961695132424,1.7199236176733823,-5.600143003220457,0.08867521100721369,0.7559868619454615,Not significant
GENE3993,1,Plasma cells,18q,protein_coding,45,43,8.90264111111111,8.738962325581396,-0.16367878552971504,0.8927457182028801,-1.7190851029526724,-5.60154576495357,0.08882845627859173,0.7559868619454615,Not significant
GENE1089,2,Microenvironment,18q,protein_coding,45,43,8.80007088888889,8.986198139534883,0.18612725064599722,1.1377055729769305,1.7142821589150754,-5.609568281974687,0.08971041407562425,0.7602577464035953,Not significant
GENE2889,1,Plasma cells,18q,protein_coding,45,43,8.156104666666666,7.972423255813953,-0.18368141085271272,0.8804534218945212,-1.714285017306239,-5.609563513783157,0.08970988707145455,0.7602577464035953,Not significant
GENE2131,1,Plasma cells,12p,protein_coding,45,43,7.887685777777778,7.701994418604651,-0.1856913591731244,0.8792276370555314,-1.71254505207531,-5.612464633802867,0.0900311546194913,0.7613628297631398,Not significant
PCOTH139,1,Plasma cells,12p,protein_coding,45,43,7.3744266666666665,7.558058372093023,0.1836317054263601,1.1357392935854422,1.7089066501838057,-5.618522147884343,0.09070598980761173,0.7654513907815336,Not significant
MEOTH227,2,Microenvironment,7q,protein_coding,45,43,12.116937333333334,11.827003023255815,-0.28993431007752335,0.8179393007638655,-1.701946166375477,-5.630076775473643,0.09200850404888851,0.7686819690181463,Not significant
MEOTH110,2,Microenvironment,12p,protein_coding,45,43,9.088998,8.835682790697675,-0.25331520930232543,0.8389663143178808,-1.7058195969800576,-5.623652229797039,0.091281798726721,0.7686819690181463,Not significant
GENE3131,0,Other,20q,protein_coding,45,43,9.298735333333333,9.094113255813953,-0.20462207751938521,0.8677659737995409,-1.701569669242991,-5.63070050808161,0.09207939078047855,0.7686819690181463,Not significant
GENE1509,2,Microenvironment,18q,protein_coding,45,43,8.10953488888889,7.90709534883721,-0.20243954005167542,0.8690797407486301,-1.7007077717232872,-5.6321279015226295,0.09224183628217755,0.7686819690181463,Not significant
GENE1995,0,Other,4q,protein_coding,45,43,8.991244,9.186362790697675,0.195118790697677,1.1448184204223824,1.703289034221237,-5.627851025306558,0.09175603199839949,0.7686819690181463,Not significant
GENE2003,2,Microenvironment,20q,protein_coding,45,43,10.099835777777779,9.914991860465117,-0.18484391731266214,0.8797442487864693,-1.7010602054411665,-5.631544316251321,0.09217538336358094,0.7686819690181463,Not significant
GENE1876,2,Microenvironment,7q,protein_coding,45,43,7.961744666666666,8.136239069767441,0.17449440310077602,1.1285688250900794,1.6959836549748297,-5.63993944988785,0.09313636791834413,0.7745228101317599,Not significant
GENE1160,1,Plasma cells,15q,protein_coding,45,43,7.6456071111111115,7.8287248837209304,0.18311777260981632,1.1353347800015612,1.6937780715576338,-5.643579481986678,0.09355641927415777,0.7764018197025542,Not significant
MEOTH174,2,Microenvironment,20q,protein_coding,45,43,10.909025555555555,11.183097906976744,0.2740723514211929,1.2092163167330803,1.6921749514612636,-5.6462224271344885,0.0938626997447861,0.777330846747711,Not significant
MEOTH097,2,Microenvironment,10q,protein_coding,45,43,9.291446222222222,9.55152511627907,0.26007889405684814,1.1975441907636295,1.6889895144784486,-5.651467027398152,0.09447370995059393,0.7797023098139544,Not significant
GENE2970,2,Microenvironment,10q,protein_coding,45,43,8.494292222222223,8.692553488372093,0.1982612661498706,1.147314779410798,1.6886506179467355,-5.652024449260919,0.09453890506494197,0.7797023098139544,Not significant
MEOTH129,2,Microenvironment,3q,protein_coding,45,43,8.745738666666666,9.057162325581395,0.31142365891472856,1.240931653700301,1.682370395167599,-5.66233518114734,0.09575370253000592,0.7832613703885966,Not significant
GENE3329,1,Plasma cells,9p,protein_coding,45,43,7.973427777777777,7.78239465116279,-0.19103312661498784,0.8759782009578142,-1.6837133949623577,-5.660133315696136,0.09549286166289489,0.7832613703885966,Not significant
GENE2346,0,Other,10q,protein_coding,45,43,6.857434888888889,7.046971627906976,0.18953673901808799,1.140397466269546,1.6836339237568916,-5.660263655838125,0.09550828066086947,0.7832613703885966,Not significant
GENE1745,2,Microenvironment,9p,protein_coding,45,43,10.378728888888888,10.207720930232558,-0.1710079586563289,0.8882218959348628,-1.6831208793856565,-5.661104956664992,0.09560787023286692,0.7832613703885966,Not significant
GENE2081,0,Other,9p,protein_coding,45,43,8.268229111111111,8.081254186046511,-0.186974925064602,0.8784457360378879,-1.6809806268440208,-5.664611981269346,0.09602423656466749,0.7838713188952449,Not significant
GENE2054,0,Other,3q,protein_coding,45,43,7.400531777777778,7.200127441860465,-0.2004043359173142,0.8703066132377855,-1.6727159973507915,-5.6781149516374665,0.09764589922065377,0.7954859406977903,Not significant
GENE1382,1,Plasma cells,3q,protein_coding,45,43,9.244226,9.05133976744186,-0.19288623255814485,0.874853751036773,-1.6701768964375723,-5.6822508027295155,0.0981485551787504,0.7963371616937153,Not significant
GENE3741,2,Microenvironment,18q,protein_coding,45,43,7.886437777777778,7.705258139534884,-0.18117963824288985,0.8819815377744612,-1.6708477823571204,-5.681158596397589,0.09801553886269142,0.7963371616937153,Not significant
MEOTH142,2,Microenvironment,4q,protein_coding,45,43,8.826800222222221,8.536836279069767,-0.28996394315245766,0.817922500395818,-1.6670889390117887,-5.68727268208909,0.0987626930334467,0.7980823679470441,Not significant
GENE3581,2,Microenvironment,9p,protein_coding,45,43,9.604378222222222,9.792219069767443,0.1878408475452229,1.1390577139143525,1.6675126068522528,-5.686584198889448,0.09867824932223349,0.7980823679470441,Not significant
GENE2665,2,Microenvironment,2p,protein_coding,45,43,10.203201555555555,10.397004186046512,0.19380263049096058,1.1437744871516495,1.6650038248571113,-5.690658700954451,0.09917914351580542,0.7983149266681576,Not significant
GENE2593,0,Other,2p,protein_coding,45,43,9.430306444444444,9.253669302325582,-0.1766371421188655,0.8847629375414272,-1.6639497589647134,-5.692368878338667,0.09939020837018561,0.7983149266681576,Not significant
GENE3908,1,Plasma cells,15q,protein_coding,45,43,7.104652,7.276055116279069,0.17140311627907057,1.126153210683876,1.664576095286286,-5.691352797290226,0.09926474771599762,0.7983149266681576,Not significant
PCADV018,1,Plasma cells,17p,protein_coding,45,43,6.369828444444445,6.7920027906976745,0.4221743462532288,1.3399455218628837,1.6578129456740016,-5.702305304377542,0.10062627528449125,0.799575964935009,Not significant
MEOTH046,2,Microenvironment,4q,protein_coding,45,43,7.420345111111111,7.157347674418605,-0.2629974366925083,0.833354687820312,-1.6609598700862587,-5.6972142868954725,0.09999088123550248,0.799575964935009,Not significant
GENE1612,0,Other,7q,protein_coding,45,43,7.864562888888889,7.6648474418604655,-0.19971544702842348,0.8707222850902957,-1.6593261663483856,-5.699858390163239,0.1003203348173118,0.799575964935009,Not significant
GENE1487,0,Other,20q,protein_coding,45,43,11.318222666666667,11.503250697674419,0.18502803100775367,1.1368390613655657,1.6619687310277858,-5.695580247775821,0.09978787182180995,0.799575964935009,Not significant
GENE2224,1,Plasma cells,7q,protein_coding,45,43,10.584795111111111,10.410956976744187,-0.17383813436692286,0.8864811538819766,-1.6580269281764992,-5.701959417431894,0.10058296686057101,0.799575964935009,Not significant
GENE1104,1,Plasma cells,21q,protein_coding,45,43,7.737487555555556,7.569701860465116,-0.16778569509043617,0.8902079592338028,-1.6572189648142697,-5.703265209853065,0.10074657158181113,0.799575964935009,Not significant
PCADV001,1,Plasma cells,13q,protein_coding,45,43,4.202465777777777,4.46082,0.2583542222222217,1.196113440227563,1.6473365011766647,-5.719188156783252,0.10276515355450005,0.813943878863475,Not significant
MEOTH197,2,Microenvironment,19q,protein_coding,45,43,8.254483333333333,8.471020465116279,0.21653713178294787,1.1619412553573805,1.6453860475689508,-5.722320163648653,0.10316738664594545,0.813943878863475,Not significant
GENE1498,2,Microenvironment,19q,protein_coding,45,43,8.618709555555556,8.78881488372093,0.1701053281653735,1.1251406258680667,1.645642414172966,-5.72190869436638,0.10311444487208501,0.813943878863475,Not significant
GENE2642,0,Other,3q,protein_coding,45,43,5.6226693333333335,5.438069302325581,-0.18460003100775335,0.8798929813352232,-1.6412458985340204,-5.728956730435759,0.10402540441608281,0.8190976725675811,Not significant
MEOTH218,2,Microenvironment,12p,protein_coding,45,43,10.900826,11.200678837209303,0.29985283720930944,1.23101883628103,1.6329090694947794,-5.742272534541116,0.10577062514206872,0.82191752634415,Not significant
GENE1776,2,Microenvironment,21q,protein_coding,45,43,7.614375333333333,7.41348511627907,-0.20089021705426457,0.8700135545144216,-1.6316442524674712,-5.7442871332279575,0.10603744952272962,0.82191752634415,Not significant
GENE2505,2,Microenvironment,18q,protein_coding,45,43,9.383396222222222,9.57915,0.1957537777777798,1.1453224111393967,1.6303463849076925,-5.746352840330902,0.10631180954604104,0.82191752634415,Not significant
GENE3399,0,Other,4q,protein_coding,45,43,8.70221488888889,8.517187441860465,-0.18502744702842477,0.8796323409071743,-1.6274857220123,-5.7509004287261165,0.10691855207016417,0.82191752634415,Not significant
PCOTH002,1,Plasma cells,3q,protein_coding,45,43,6.273158666666666,6.457419534883721,0.1842608682170539,1.1362347002497675,1.6363040250188046,-5.736857757649998,0.10505710311849993,0.82191752634415,Not significant
GENE1704,0,Other,21q,protein_coding,45,43,9.035409333333334,8.853539302325581,-0.18187003100775456,0.8815595719518328,-1.6357207060732548,-5.737788877300584,0.10517942315302332,0.82191752634415,Not significant
GENE2923,2,Microenvironment,12p,protein_coding,45,43,10.086037333333334,9.911176511627907,-0.17486082170542794,0.8858529741402233,-1.6356039862895135,-5.737975152932954,0.10520391268083748,0.82191752634415,Not significant
GENE1324,0,Other,7q,protein_coding,45,43,7.548632,7.7226055813953485,0.1739735813953498,1.128161478395431,1.626845337352831,-5.751917411872472,0.10705475780632555,0.82191752634415,Not significant
GENE1138,1,Plasma cells,19q,protein_coding,45,43,7.855115333333333,7.682079534883721,-0.1730357984496118,0.8869742958586506,-1.6278217460285083,-5.7503666437124386,0.10684713771577496,0.82191752634415,Not significant
GENE3089,2,Microenvironment,9p,protein_coding,45,43,7.9686346666666665,7.80035511627907,-0.16827955038759956,0.8899032803752358,-1.6282335502237613,-5.749712337306239,0.10675967034921498,0.82191752634415,Not significant
PCOTH122,1,Plasma cells,3q,protein_coding,45,43,8.242850222222222,8.07474534883721,-0.16810487338501545,0.8900110336037529,-1.628547101838239,-5.749214037249663,0.10669311052492708,0.82191752634415,Not significant
GENE1459,1,Plasma cells,12p,protein_coding,45,43,5.50748,5.341125581395349,-0.16635441860465505,0.8910915596601423,-1.6345571627287394,-5.739645239628721,0.10542375719150393,0.82191752634415,Not significant
GENE2782,1,Plasma cells,19q,protein_coding,45,43,10.55303288888889,10.391228372093023,-0.1618045167958666,0.8939062772286666,-1.6355261168641557,-5.738099419448836,0.10522025338785217,0.82191752634415,Not significant
MEOTH084,2,Microenvironment,9p,protein_coding,45,43,10.548422,10.882495581395348,0.3340735813953444,1.2605676823450955,1.6229159637648463,-5.758149289190403,0.10789357015769639,0.8267706525493976,Not significant
GENE2677,0,Other,2p,protein_coding,45,43,9.917222222222222,9.749880930232559,-0.16734129198966308,0.8904822182447863,-1.6178995596460293,-5.766084444721446,0.10897210472549965,0.8334386594684485,Not significant
GENE1412,1,Plasma cells,15q,protein_coding,45,43,9.17306288888889,8.990112093023257,-0.1829507958656329,0.880899417312085,-1.6126288954124974,-5.774396750629547,0.11011461869373586,0.840499739394244,Not significant
GENE3198,0,Other,10q,protein_coding,45,43,9.127025333333334,9.292628139534884,0.16560280620155332,1.121634636567084,1.6117063121795643,-5.7758491056861985,0.11031559079549454,0.840499739394244,Not significant
GENE1630,1,Plasma cells,19q,protein_coding,45,43,8.338442,8.151721627906976,-0.18672037209302594,0.8786007450277007,-1.6080802391440367,-5.781549740973183,0.11110833408557229,0.8449302972286866,Not significant
GENE1739,2,Microenvironment,20q,protein_coding,45,43,8.721997777777778,8.562182558139535,-0.15981521963824186,0.8951397130687458,-1.6043230888240432,-5.787443617840604,0.11193454545462143,0.8495980679667661,Not significant
GENE2391,0,Other,4q,protein_coding,45,43,8.270275333333334,8.449823720930233,0.17954838759689729,1.1325293097757836,1.6003376459452896,-5.793681344023247,0.11281633168049067,0.8530535476785684,Not significant
GENE1182,0,Other,10q,protein_coding,45,43,9.593029555555555,9.425462325581396,-0.1675672299741553,0.8903427722784296,-1.6006608761844099,-5.7931759952487925,0.11274460982531119,0.8530535476785684,Not significant
GENE3712,2,Microenvironment,7q,protein_coding,45,43,9.301671333333333,9.487929069767441,0.18625773643411137,1.137808478385121,1.5966147770087602,-5.799494827613134,0.11364503810627644,0.8565659371448889,Not significant
GENE2036,1,Plasma cells,15q,protein_coding,45,43,8.543499555555556,8.365187906976745,-0.178311648578811,0.8837366071335513,-1.5963277657020127,-5.799942480251768,0.11370912815598401,0.8565659371448889,Not significant
PCADV028,1,Plasma cells,8q,protein_coding,45,43,8.502293777777778,8.767256511627908,0.26496273385013147,1.2016050105550058,1.593580640777344,-5.804223322178357,0.11432402891779168,0.8595791647954262,Not significant
GENE1955,2,Microenvironment,20q,protein_coding,45,43,8.980545333333334,8.816225348837209,-0.16431998449612273,0.8923490297635168,-1.5924130115004973,-5.806040720898685,0.11458618817691764,0.8599338699956296,Not significant
GENE3467,1,Plasma cells,20q,protein_coding,45,43,11.25300111111111,11.081546976744185,-0.17145413436692358,0.8879472420757618,-1.5912007687956988,-5.807926223566195,0.11485887231846047,0.8603660847824753,Not significant
GENE2733,2,Microenvironment,18q,protein_coding,45,43,8.84145088888889,8.65822465116279,-0.18322623772609248,0.8807312505085122,-1.5891414820543923,-5.811126083974605,0.11532328048262036,0.862230134449498,Not significant
GENE3407,0,Other,20q,protein_coding,45,43,8.495947555555556,8.673536511627907,0.17758895607234848,1.1309921814988388,1.583483562727653,-5.819897513071714,0.11660697251302406,0.8685808008418925,Not significant
GENE2313,0,Other,18q,protein_coding,45,43,8.902183777777777,9.070791860465116,0.16860808268733507,1.1239735477163075,1.583982006797094,-5.819125970987736,0.11649342747716442,0.8685808008418925,Not significant
GEP1Q38,1,Plasma cells,1q,protein_coding,45,43,4.097232666666667,4.446413953488372,0.3491812868217057,1.2738375337191397,1.5811280435962816,-5.823540506908765,0.1171447523493959,0.8709647014824974,Not significant
MEOTH027,2,Microenvironment,15q,protein_coding,45,43,10.845838,11.37721534883721,0.5313773488372107,1.445308380867013,1.5783320616783763,-5.827858031940854,0.11778565770170954,0.8712937817421059,Not significant
GENE3759,1,Plasma cells,4q,protein_coding,45,43,7.931373333333333,8.105847441860465,0.17447410852712864,1.1285529494813102,1.5784477103271568,-5.82767959230674,0.11775909299744323,0.8712937817421059,Not significant
GENE1165,2,Microenvironment,2p,protein_coding,45,43,8.04387,7.870623953488372,-0.17324604651162723,0.8868450439837439,-1.57808473994403,-5.828239594414585,0.11784248398061982,0.8712937817421059,Not significant
GENE2926,1,Plasma cells,19q,protein_coding,45,43,7.481557777777778,7.6527988372093025,0.1712410594315248,1.1260267178463064,1.5708813554217682,-5.839327916500567,0.11950718694590477,0.8819718593793711,Not significant
GEP1Q102,1,Plasma cells,1q,protein_coding,45,43,6.823829333333333,7.195133488372093,0.3713041550387599,1.2935216088111805,1.5692381697872146,-5.841850560884235,0.1198895364938337,0.8829207353229256,Not significant
GENE1050,2,Microenvironment,10q,protein_coding,45,43,7.173180666666666,7.356558139534884,0.18337747286822026,1.135539170580811,1.5677466683641406,-5.844138166833484,0.12023743286606685,0.8829207353229256,Not significant
GENE2411,2,Microenvironment,20q,protein_coding,45,43,8.442281777777778,8.276571860465117,-0.16570991731266282,0.8914897297142476,-1.5674875690282848,-5.844535352568915,0.12029795018774861,0.8829207353229256,Not significant
GENE2788,1,Plasma cells,7q,protein_coding,45,43,8.218535333333334,8.372298139534884,0.15376280620155036,1.1124672045789545,1.5664688855280335,-5.8460963367267516,0.12053611693447479,0.883048475710438,Not significant
GENE1556,1,Plasma cells,15q,protein_coding,45,43,9.325800222222222,9.170198139534884,-0.1556020826873361,0.8977576317800179,-1.565393032663191,-5.847743878221586,0.12078805666135767,0.8832764655309518,Not significant
GENE3110,2,Microenvironment,3q,protein_coding,45,43,8.069317555555555,8.24881511627907,0.17949756072351342,1.132489410900258,1.5639190711442628,-5.849999330648228,0.12113390351872717,0.8836136424783984,Not significant
GENE1086,1,Plasma cells,10q,protein_coding,45,43,8.823464666666666,8.662976744186047,-0.16048792248061972,0.8947224227578019,-1.5633145578507621,-5.850923771880237,0.12127597243016018,0.8836136424783984,Not significant
MEOTH198,2,Microenvironment,20q,protein_coding,45,43,10.725611777777777,10.429763720930232,-0.29584805684754834,0.8145933506834161,-1.5619068557708122,-5.85307515953791,0.12160731478584444,0.8839513756560979,Not significant
GENE3374,1,Plasma cells,3q,protein_coding,45,43,7.580967333333334,7.7423332558139535,0.16136592248062342,1.1183454700561795,1.5612409618524479,-5.854092202136747,0.1217643019966275,0.8839513756560979,Not significant
GENE3666,1,Plasma cells,10q,protein_coding,45,43,8.323791555555555,8.162413953488372,-0.16137760206718355,0.8941708364142983,-1.5580160388935902,-5.859011907441223,0.12252686912502088,0.887875863224789,Not significant
GENE2590,2,Microenvironment,19q,protein_coding,45,43,8.583387333333333,8.412492790697675,-0.17089454263565962,0.8882917253512594,-1.5558141712535913,-5.862365361739233,0.1230496977897218,0.8900520635784579,Not significant
GEP1Q79,1,Plasma cells,1q,protein_coding,45,43,7.216174666666666,7.488490465116279,0.2723157984496112,1.207744931645367,1.552857821166355,-5.866860807418858,0.12375445803270296,0.8920906197427098,Not significant
GENE3997,2,Microenvironment,2p,protein_coding,45,43,8.344537333333333,8.217103023255813,-0.12743431007751482,0.9154580547016223,-1.5527610820723412,-5.867007772211922,0.12377757348930098,0.8920906197427098,Not significant
PCOTH111,1,Plasma cells,4q,protein_coding,45,43,7.058464444444445,6.886339767441861,-0.1721246770025857,0.8875346336445475,-1.5512380471105929,-5.869320400281429,0.12414194849571494,0.8931075431346398,Not significant
GENE2016,1,Plasma cells,21q,protein_coding,45,43,7.713220222222223,7.8765125581395345,0.16329233591731196,1.1198397808350598,1.549338023638825,-5.872202435860887,0.12459770636445884,0.8947770654539234,Not significant
MEOTH070,2,Microenvironment,4q,protein_coding,45,43,9.243297333333333,9.480649534883721,0.2373522015503884,1.178827156826978,1.543507408636085,-5.881025589826186,0.1260045717804336,0.8967796491678073,Not significant
MEOTH201,2,Microenvironment,3q,protein_coding,45,43,10.551753333333334,10.315808139534884,-0.23594519379844847,0.8491285031765222,-1.5434450541897835,-5.881119776453749,0.12601968488966575,0.8967796491678073,Not significant
GENE2868,2,Microenvironment,21q,protein_coding,45,43,8.322001555555556,8.499839069767441,0.17783751421188754,1.1311870539579316,1.5458921774823022,-5.877420671670443,0.12542764076618443,0.8967796491678073,Not significant
PCOTH091,1,Plasma cells,12p,protein_coding,45,43,7.441241111111111,7.265338604651163,-0.17590250645994843,0.8852135829662957,-1.5445730686267929,-5.87941534694331,0.12574650489880806,0.8967796491678073,Not significant
GENE1084,1,Plasma cells,7q,protein_coding,45,43,8.478452222222222,8.652754418604651,0.17430219638243116,1.1284184786516216,1.5426119905678377,-5.882377775044416,0.12622173562036887,0.8967796491678073,Not significant
GENE1371,1,Plasma cells,4q,protein_coding,45,43,8.382938888888889,8.21805465116279,-0.16488423772610084,0.8920000908979312,-1.5435177528544144,-5.881009964495182,0.12600206474744036,0.8967796491678073,Not significant
GENE1332,0,Other,21q,protein_coding,45,43,7.474518444444445,7.644263488372093,0.16974504392764977,1.1248596795773618,1.53897633652947,-5.887860366634031,0.12710652590924865,0.8998692099769816,Not significant
GENE2006,1,Plasma cells,3q,protein_coding,45,43,7.665104222222222,7.834559534883721,0.16945531266150038,1.124633800727854,1.5392838937755728,-5.887397044685823,0.12703148798716452,0.8998692099769816,Not significant
MEOTH093,2,Microenvironment,3q,protein_coding,45,43,9.309442666666667,9.686359302325581,0.3769166356589171,1.2985635646791702,1.532929357128253,-5.896951990310134,0.12858899739028598,0.9073881617476839,Not significant
GENE2056,2,Microenvironment,7q,protein_coding,45,43,8.859337777777778,9.026099534883722,0.16676175710594165,1.1225360340955923,1.5327942638725902,-5.89715471379803,0.1286222719277342,0.9073881617476839,Not significant
GENE3499,1,Plasma cells,12p,protein_coding,45,43,7.171964222222222,7.011671860465117,-0.1602923617571026,0.8948437127178352,-1.528894284136158,-5.902999764702113,0.1295858011279846,0.9125760642815817,Not significant
PCADV070,1,Plasma cells,17p,protein_coding,45,43,7.229992666666667,7.585616279069767,0.35562361240310025,1.2795385489217195,1.5263753662448054,-5.906767429542265,0.13021114482570822,0.9153683291789682,Not significant
GENE2498,1,Plasma cells,3q,protein_coding,45,43,7.923944,8.116851860465117,0.19290786046511332,1.1430653297765574,1.5234157073058452,-5.911186772823903,0.13094894308225374,0.9189399514544122,Not significant
MEOTH029,2,Microenvironment,19q,protein_coding,45,43,10.714352444444444,10.510096511627907,-0.20425593281654209,0.8679862339567102,-1.5211397529459776,-5.9145796566508935,0.1315185408243652,0.9213207763528211,Not significant
PCADV031,1,Plasma cells,1p,protein_coding,45,43,7.510956666666667,7.844198139534884,0.33324147286821404,1.2598408297195718,1.5176263650827437,-5.919807760132101,0.13240165587887703,0.9258857054466926,Not significant
GENE1027,1,Plasma cells,12p,protein_coding,45,43,6.536379111111111,6.349202093023256,-0.18717701808785492,0.8783226917935768,-1.5150370152036035,-5.923653474822434,0.13305548839474596,0.927215947001714,Not significant
GENE1525,2,Microenvironment,2p,protein_coding,45,43,8.475363333333334,8.642018139534883,0.16665480620155115,1.1224528205329773,1.5152997045523628,-5.923263612555441,0.1329890416428779,0.927215947001714,Not significant
MEOTH223,2,Microenvironment,21q,protein_coding,45,43,10.381205333333334,10.570011627906977,0.1888062945736415,1.1398202228950307,1.5117127496414977,-5.928581515591386,0.133898611856476,0.9314686042189635,Not significant
MEOTH023,2,Microenvironment,7q,protein_coding,45,43,10.437793333333333,10.67497046511628,0.23717713178294453,1.17868411587305,1.5045593528759482,-5.939151040243739,0.13572713737325434,0.9328325592663528,Not significant
PCOTH140,1,Plasma cells,15q,protein_coding,45,43,5.3108437777777775,5.483997674418605,0.1731538966408266,1.1275206817698114,1.5077108531427255,-5.934500420307871,0.1349191625463921,0.9328325592663528,Not significant
GENE2123,2,Microenvironment,20q,protein_coding,45,43,8.107221333333333,7.937011860465116,-0.17020947286822175,0.8887136345528812,-1.5058203992243404,-5.937291247219064,0.13540337867984728,0.9328325592663528,Not significant
GENE1203,2,Microenvironment,4q,protein_coding,45,43,8.414207333333334,8.244869302325581,-0.1693380310077508,0.8892506130482519,-1.5060753120001937,-5.93691512097825,0.13533800653323882,0.9328325592663528,Not significant
GENE3579,1,Plasma cells,4q,protein_coding,45,43,8.264299555555555,8.098823720930232,-0.16547583462532423,0.891634389005651,-1.5072188580096428,-5.935227060986671,0.13504504991483873,0.9328325592663528,Not significant
GENE1884,0,Other,21q,protein_coding,45,43,6.731719333333333,6.888713255813953,0.15699392248062072,1.114961521813702,1.5050893550787687,-5.9383695731909665,0.13559099169376856,0.9328325592663528,Not significant
GENE2348,1,Plasma cells,15q,protein_coding,45,43,8.018751555555555,8.161266279069768,0.1425147235142088,1.1038274924338733,1.5070360255759323,-5.935497033444076,0.13509185495195622,0.9328325592663528,Not significant
GENE3219,2,Microenvironment,4q,protein_coding,45,43,8.943727555555556,8.780704883720931,-0.1630226718346215,0.8931518164346974,-1.502392103107112,-5.9423438325495965,0.13628497126366632,0.9350598371435082,Not significant
GENE3850,2,Microenvironment,19q,protein_coding,45,43,9.414145333333334,9.250001162790698,-0.16414417054263453,0.8924577824564238,-1.5006740026794807,-5.944871819170489,0.13672847351889952,0.9364963939650652,Not significant
GENE2708,2,Microenvironment,15q,protein_coding,45,43,7.455303777777778,7.6348267441860465,0.17952296640827115,1.1325093540770788,1.4962452260196855,-5.951375530731989,0.13787691290758747,0.9379381830448127,Not significant
GENE3056,2,Microenvironment,15q,protein_coding,45,43,10.431230666666666,10.279737674418605,-0.15149299224806612,0.90031827394941355,-1.4985567567420877,-5.9479833076639395,0.13727656418523326,0.9379381830448127,Not significant
GENE3756,1,Plasma cells,21q,protein_coding,45,43,9.52927,9.37923511627907,-0.1500348837209291,0.9012286710411312,-1.4967117907303171,-5.950691238960876,0.13775557183752127,0.9379381830448127,Not significant
GENE1197,2,Microenvironment,18q,protein_coding,45,43,10.043062444444445,9.901626744186046,-0.14143570025840013,0.9066164854113936,-1.4970049771462486,-5.950261130059178,0.13767936464181282,0.9379381830448127,Not significant
GENE3919,1,Plasma cells,12p,protein_coding,45,43,9.359462444444445,9.537877674418604,0.1784152299741617,1.131640119529971,1.4947642053387693,-5.953546335942494,0.13826264145853936,0.9389653070189431,Not significant
GENE2925,1,Plasma cells,18q,protein_coding,45,43,8.605743333333333,8.769248837209302,0.16350550387597274,1.1200052569682772,1.4909951767398175,-5.959061534883078,0.13924808642389117,0.9440548232128214,Not significant
PCADV058,1,Plasma cells,17p,protein_coding,45,43,6.934205555555556,7.272772325581395,0.33856677002584057,1.2644997660002706,1.4876152451997906,-5.963996068710555,0.14013646204487204,0.9452067628969391,Not significant
GENE3543,0,Other,4q,protein_coding,45,43,8.04942288888889,8.222286279069767,0.17286339018088093,1.1272936628530228,1.4853722767121968,-5.967264791794248,0.14072844060943673,0.9452067628969391,Not significant
GENE3842,0,Other,3q,protein_coding,45,43,9.478465333333334,9.650649302325581,0.1721839689922522,1.1267629014244365,1.4849662597111353,-5.967855985245486,0.14083580767164391,0.9452067628969391,Not significant
GENE3537,2,Microenvironment,18q,protein_coding,45,43,7.890136888888889,7.728723953488372,-0.16141293540051382,0.8941489373653398,-1.4881723476168713,-5.963183462268825,0.1399897301004711,0.9452067628969391,Not significant
GENE2945,2,Microenvironment,9p,protein_coding,45,43,8.232834666666667,8.080757441860465,-0.15207722480620411,0.8999537556385415,-1.4856330261229216,-5.966885038292057,0.140659521798703,0.9452067628969391,Not significant
GENE2285,1,Plasma cells,9p,protein_coding,45,43,7.830096222222222,7.979779069767442,0.1496828475452201,1.1093255785250604,1.488299932079091,-5.962997322842256,0.13995614327872363,0.9452067628969391,Not significant
GENE2436,2,Microenvironment,21q,protein_coding,45,43,9.394896888888889,9.56198,0.16708311111110774,1.12278610193317,1.4808355953853383,-5.973861794269412,0.14193175870629013,0.9486530154114182,Not significant
GENE1863,1,Plasma cells,4q,protein_coding,45,43,7.804695777777778,7.637857441860465,-0.16683833591731378,0.8907927145761385,-1.4803509165046598,-5.974565449449168,0.14206078905785988,0.9486530154114182,Not significant
GENE1666,2,Microenvironment,19q,protein_coding,45,43,10.133995555555556,10.291835348837209,0.15783979328165287,1.11561542988345,1.4813127611226777,-5.973168831775819,0.14180481782441348,0.9486530154114182,Not significant
GENE3716,1,Plasma cells,15q,protein_coding,45,43,8.428849777777778,8.58228,0.15343022222222302,1.1122107774645114,1.477566953996662,-5.978602936197487,0.14280370364700845,0.9504406232745988,Not significant
GENE1137,1,Plasma cells,18q,protein_coding,45,43,9.23624911111111,9.382625348837209,0.14637623772610198,1.1067859520856973,1.4783079733300912,-5.977528969778087,0.14260566369153996,0.9504406232745988,Not significant
PCFAV056,1,Plasma cells,16q,protein_coding,45,43,6.007220222222222,6.465182093023256,0.4579618708010358,1.3735999298757537,1.4665131017424315,-5.994562313073446,0.14578339968265114,0.950935725171886,Not significant
MEOTH080,2,Microenvironment,2p,protein_coding,45,43,10.147446666666667,10.568312558139535,0.4208658914728698,1.3387308068649908,1.4517185704103852,-6.015743131381244,0.14984681456275753,0.950935725171886,Not significant
MEOTH161,2,Microenvironment,19q,protein_coding,45,43,10.511672,10.893773488372092,0.38210148837209523,1.3032388242709876,1.4527214043657626,-6.0143138980902435,0.14956863567185483,0.950935725171886,Not significant
PCFAV063,1,Plasma cells,5q,protein_coding,45,43,7.615698666666667,7.929461395348837,0.31376272868217114,1.2429452324168664,1.4483081711654613,-6.020596547387476,0.15079583487618062,0.950935725171886,Not significant
MEOTH039,2,Microenvironment,15q,protein_coding,45,43,9.275951333333333,9.552563488372092,0.2766121550387606,1.2113469658375753,1.457855548537383,-6.006981957383495,0.14815072643388616,0.950935725171886,Not significant
PCADV025,1,Plasma cells,13q,protein_coding,45,43,6.957394666666667,6.729683488372093,-0.22771117829457488,0.8539886623513611,-1.4752833713388607,-5.981909319683191,0.1434153474811885,0.950935725171886,Not significant
MEOTH171,2,Microenvironment,15q,protein_coding,45,43,9.190400888888888,9.416718372093023,0.22631748320413259,1.1698450748621863,1.4571850223149203,-6.007940923258374,0.1483353130190075,0.950935725171886,Not significant
MEOTH169,2,Microenvironment,10q,protein_coding,45,43,9.274572666666666,9.48065465116279,0.2060819844961248,1.1535511564208505,1.4690379127911337,-5.990927121629257,0.14509858220645,0.950935725171886,Not significant
GENE3190,2,Microenvironment,19q,protein_coding,45,43,8.704915333333334,8.529498139534883,-0.17541719379845055,0.8855114128014366,-1.4595835677118845,-6.004508653299793,0.147675848196312,0.950935725171886,Not significant
GENE1110,0,Other,10q,protein_coding,45,43,8.030818666666667,8.205023255813954,0.17420458914728698,1.1283421367506223,1.4701383971419169,-5.989340788077855,0.14480087647792386,0.950935725171886,Not significant
GENE1259,2,Microenvironment,20q,protein_coding,45,43,9.60260911111111,9.772538372093024,0.1699292609819114,1.1250033215537498,1.4515599822342946,-6.015969063894675,0.1498908424613273,0.950935725171886,Not significant
PCOTH061,1,Plasma cells,2p,protein_coding,45,43,6.252614444444444,6.421610697674419,0.16899625322997291,1.124276003959124,1.4686789350029843,-5.991444337793081,0.14519579669405808,0.950935725171886,Not significant
GENE1416,1,Plasma cells,21q,protein_coding,45,43,7.847822888888889,7.67935511627907,-0.16846777260981494,0.8897871860917993,-1.4474546730611693,-6.021809471036926,0.15103406634704886,0.950935725171886,Not significant
GENE1746,2,Microenvironment,10q,protein_coding,45,43,9.308611777777777,9.141632093023256,-0.1669796847545193,0.8907054429471001,-1.4563994492186867,-6.009063888921677,0.14855179732815438,0.950935725171886,Not significant
GENE3834,2,Microenvironment,10q,protein_coding,45,43,7.293138444444445,7.127587441860465,-0.16555100258397726,0.8915879338720275,-1.4513276940268476,-6.016299950474215,0.14995534935466487,0.950935725171886,Not significant
GENE2530,2,Microenvironment,19q,protein_coding,45,43,8.410785333333333,8.575823255813953,0.16503792248061977,1.1211955492309935,1.449559340628777,-6.018817248322188,0.15044712986197348,0.950935725171886,Not significant
GENE2453,1,Plasma cells,9p,protein_coding,45,43,7.556075555555555,7.392826976744186,-0.16324857881137333,0.8930119716133454,-1.4479189859489396,-6.0211497113313746,0.15090442955292008,0.950935725171886,Not significant
GENE3314,2,Microenvironment,3q,protein_coding,45,43,9.858877777777778,9.696555581395348,-0.1623221963824335,0.8935855760383817,-1.4585224593709867,-6.006027743658125,0.14796731195547114,0.950935725171886,Not significant
GENE3420,1,Plasma cells,21q,protein_coding,45,43,8.513748666666666,8.675260930232557,0.1615122635658892,1.1184589162010175,1.4632387870788939,-5.999267728845392,0.14667524855275912,0.950935725171886,Not significant
GENE1949,1,Plasma cells,9p,protein_coding,45,43,7.865910222222222,8.026443023255814,0.16053280103359224,1.1176998390673023,1.4579314621935786,-6.006873361433756,0.1481298396916756,0.950935725171886,Not significant
GENE2548,0,Other,7q,protein_coding,45,43,8.605304444444444,8.444879534883722,-0.16042490956072442,0.89476150260629,-1.4517226137697592,-6.015737370703976,0.14984569215978197,0.950935725171886,Not significant
GENE2468,1,Plasma cells,15q,protein_coding,45,43,8.582418888888888,8.42271953488372,-0.15969935400516988,0.8952116063597935,-1.4538952725606686,-6.012639708432025,0.14924352172400274,0.950935725171886,Not significant
GENE3720,2,Microenvironment,21q,protein_coding,45,43,11.064891555555555,10.906101860465116,-0.1587896950904426,0.895776239896461,-1.4706724534240867,-5.988570543959112,0.1446565736782558,0.950935725171886,Not significant
GENE3037,1,Plasma cells,2p,protein_coding,45,43,9.981637333333333,9.823217674418604,-0.1584196589147293,0.8960060265926013,-1.452883582613638,-6.014082673880364,0.14952368621639023,0.950935725171886,Not significant
GENE2405,0,Other,9p,protein_coding,45,43,10.442541777777778,10.600753023255814,0.15821124547803223,1.1159027055323532,1.4478498358781233,-6.021247982108601,0.15092373088699446,0.950935725171886,Not significant
GENE1762,0,Other,19q,protein_coding,45,43,9.668013333333333,9.510209069767441,-0.15780426356589317,0.8963883080480824,-1.475538547727875,-5.981540093990275,0.14334689889027674,0.950935725171886,Not significant
GENE3921,0,Other,18q,protein_coding,45,43,8.504304,8.347793720930232,-0.156510279069769,0.8971926588437582,-1.4725142672041842,-5.985912132542454,0.14415977135306277,0.950935725171886,Not significant
GENE3589,0,Other,2p,protein_coding,45,43,7.4614811111111115,7.617746976744186,0.15626586563307754,1.1143989978181548,1.4502562849438934,-6.017825480216704,0.150253160175556,0.950935725171886,Not significant
GENE3732,2,Microenvironment,21q,protein_coding,45,43,7.194101111111111,7.038404418604651,-0.15569669250645823,0.8976987600851688,-1.4480440812283206,-6.02097192410391,0.15086951751259242,0.950935725171886,Not significant
GENE2223,1,Plasma cells,4q,protein_coding,45,43,9.517599111111112,9.362371860465116,-0.15522725064599108,0.897990911880628,-1.4494379326364866,-6.0189899680949495,0.15048093928577816,0.950935725171886,Not significant
GENE1481,2,Microenvironment,9p,protein_coding,45,43,9.45595311111111,9.301623023255814,-0.154330087855298,0.8985495154405435,-1.4677279012312305,-5.99281400587153,0.14545359032516345,0.950935725171886,Not significant
GENE3522,0,Other,10q,protein_coding,45,43,7.063358444444445,7.207607674418605,0.14424922997415646,1.1051553872781275,1.4560870644184647,-6.009510277654406,0.14863795084094922,0.950935725171886,Not significant
GENE2478,1,Plasma cells,10q,protein_coding,45,43,8.417860666666666,8.273792558139535,-0.14406810852713114,0.9049637392299156,-1.4678801767097402,-5.992594757461153,0.14541228958649302,0.950935725171886,Not significant
GENE3684,2,Microenvironment,21q,protein_coding,45,43,6.9827084444444445,7.126712325581395,0.14400388113694884,1.1049674573784096,1.4668356516372794,-5.994098242728824,0.14569577305101172,0.950935725171886,Not significant
GENE1673,1,Plasma cells,9p,protein_coding,45,43,9.837021333333333,9.96916976744186,0.1321484341085224,1.0959245166865825,1.4468651709892912,-6.022646825047198,0.15119878030232986,0.950935725171886,Not significant
GENE2070,0,Other,10q,protein_coding,45,43,9.145926666666666,9.337797209302325,0.19187054263566417,1.1422437452836307,1.4440447156506797,-6.0266486036719815,0.15198877364465457,0.954403602164236,Not significant
MEOTH007,2,Microenvironment,21q,protein_coding,45,43,7.406602222222222,7.657101860465116,0.2504996382429008,1.1896190359120762,1.4330461633583638,-6.04218238992121,0.15509992620616417,0.9559317485742014,Not significant
GENE3160,1,Plasma cells,7q,protein_coding,45,43,10.139534444444445,9.967703488372093,-0.17183095607235188,0.88771534684418,-1.4378639122697696,-6.035392045836867,0.15373113971065253,0.9559317485742014,Not significant
GENE3931,0,Other,12p,protein_coding,45,43,8.280828444444445,8.449292325581395,0.168463881136951,1.1238612089172346,1.4341305995919207,-6.040655841851782,0.15479100657431846,0.9559317485742014,Not significant
GENE2790,0,Other,10q,protein_coding,45,43,9.636943333333333,9.471623488372092,-0.1653198449612372,0.8917308011124357,-1.4399935890350903,-6.032383432368121,0.15312905122846185,0.9559317485742014,Not significant
GENE2539,1,Plasma cells,12p,protein_coding,45,43,8.353455111111112,8.517137906976744,0.1636827958656344,1.120142902247608,1.4382482748112584,-6.034849368702797,0.1536223402316341,0.9559317485742014,Not significant
GENE3231,2,Microenvironment,4q,protein_coding,45,43,10.75293488888889,10.916051860465116,0.16311697157622973,1.1197036688884006,1.4414303356671065,-6.030351319563328,0.15272389367663985,0.9559317485742014,Not significant
PCOTH084,1,Plasma cells,21q,protein_coding,45,43,6.908524222222222,6.74639511627907,-0.16212910594315577,0.8937051816193315,-1.4344677868223095,-6.040180961990114,0.15469505000683945,0.9559317485742014,Not significant
GENE2650,1,Plasma cells,19q,protein_coding,45,43,7.789142666666667,7.629723720930232,-0.15941894573643633,0.8953856203587788,-1.4386265510669645,-6.0343151491387435,0.15351532163279175,0.9559317485742014,Not significant
GENE2463,0,Other,4q,protein_coding,45,43,7.7858688888888885,7.627200465116279,-0.1586684237726086,0.895851541001605,-1.4366901938532395,-6.03704834606761,0.15406374627022804,0.9559317485742014,Not significant
GENE1752,0,Other,21q,protein_coding,45,43,7.476014666666667,7.632406046511628,0.156391379844961,1.1144959545502473,1.4397420425108591,-6.032739016423523,0.15320007181552517,0.9559317485742014,Not significant
GENE1821,2,Microenvironment,18q,protein_coding,45,43,9.742716666666666,9.898707441860465,0.1559907751937999,1.1141865265225497,1.433802499991328,-6.041117820461207,0.1548844210610055,0.9559317485742014,Not significant
GENE3330,0,Other,10q,protein_coding,45,43,8.600193555555556,8.74745488372093,0.1472613281653743,1.1074651713186117,1.4356197166558058,-6.03855782753959,0.15436758059534084,0.9559317485742014,Not significant
GENE3672,0,Other,21q,protein_coding,45,43,8.052022444444445,8.203682558139535,0.1516601136950868,1.1108469920112845,1.4311153223021467,-6.044897674380899,0.15565113498845376,0.9578531383904847,Not significant
GENE2314,2,Microenvironment,19q,protein_coding,45,43,8.654343555555556,8.484169534883721,-0.1701740206718334,0.8887354737056706,-1.4262143959932507,-6.05177395367931,0.1570570123426778,0.9591267929323836,Not significant
GENE1320,0,Other,21q,protein_coding,45,43,6.736238,6.579292558139535,-0.15694544186046233,0.8969220777619777,-1.4290407290834266,-6.047811205218688,0.15624506318797807,0.9591267929323836,Not significant
GENE2805,0,Other,18q,protein_coding,45,43,9.7005066666666675,9.848370697674419,0.14786403100774947,1.1079279245889215,1.426976582794538,-6.050706046050303,0.15683773201976792,0.9591267929323836,Not significant
GENE1530,0,Other,10q,protein_coding,45,43,9.99475088888889,9.849687441860466,-0.14506344702842533,0.9043396055228325,-1.4263144575763766,-6.051633787555717,0.15702821127959168,0.9591267929323836,Not significant
GENE2728,1,Plasma cells,7q,protein_coding,45,43,8.068508222222222,8.211586976744186,0.14307875452196228,1.1042591253393275,1.4279708586583588,-6.0493121344605925,0.15655203440018803,0.9591267929323836,Not significant
GENE2793,2,Microenvironment,18q,protein_coding,45,43,9.979294888888889,9.822131627906977,-0.15716326098191402,0.8967866700521799,-1.4246648618173468,-6.053943336244364,0.15750353932544825,0.9603874349112699,Not significant
GENE3966,0,Other,10q,protein_coding,45,43,6.942166666666666,7.102529534883721,0.1603628682170566,1.1175681946859595,1.4206132298103709,-6.059605032013798,0.15867570940832662,0.9651309342339226,Not significant
GENE1669,1,Plasma cells,2p,protein_coding,45,43,8.058648444444444,8.21384,0.15519155555555209,1.1135694639276161,1.420308851490212,-6.060029742090188,0.15876403868148026,0.9651309342339226,Not significant
GENE2848,2,Microenvironment,7q,protein_coding,45,43,8.65923511111111,8.813998372093023,0.15476326098191606,1.1132389263170908,1.4171702998495521,-6.064403989401017,0.15967703853973675,0.9692081246721502,Not significant
PCADV011,1,Plasma cells,1p,protein_coding,45,43,8.346136,8.58114534883721,0.23500934883721136,1.1769143637405457,1.4146526040399332,-6.067906234879856,0.16041234347692,0.9694717434343378,Not significant
GENE2399,0,Other,20q,protein_coding,45,43,7.692838888888889,7.527000697674419,-0.16583819121447352,0.8914104684849754,-1.4146664502053778,-6.06788699047278,0.16040829254233466,0.9694717434343378,Not significant
GENE1938,0,Other,10q,protein_coding,45,43,7.473411555555556,7.316898604651163,-0.1565129509043901,0.8971909972672503,-1.414532198389157,-6.068073575790992,0.1604475735383829,0.9694717434343378,Not significant
GENE3655,2,Microenvironment,12p,protein_coding,45,43,6.811269111111111,6.9598860465116275,0.14861693540051846,1.1085062737753615,1.412884442273346,-6.070362270509028,0.16093029535536582,0.9700996154197914,Not significant
GENE1936,1,Plasma cells,7q,protein_coding,45,43,8.416520888888888,8.287161627906977,-0.12935926098190897,0.9142373970808756,-1.412522301932564,-6.070864932118545,0.16103653615968536,0.9700996154197914,Not significant
PCFAV045,1,Plasma cells,6p,protein_coding,45,43,9.064224,9.391871162790698,0.32764716279069717,1.2549650293137176,1.4093501594603843,-6.0752626788133455,0.16196944631206978,0.9711212534480652,Not significant
GENE1580,1,Plasma cells,15q,protein_coding,45,43,9.674600222222223,9.5142,-0.16040022222221673,0.8947768138595132,-1.4081442770944523,-6.0769319841386435,0.16232517483491193,0.9711212534480652,Not significant
GENE1627,0,Other,12p,protein_coding,45,43,7.971680222222222,8.128055813953488,0.15637559173126458,1.1144837581455556,1.4092283909516843,-6.075431305406107,0.16200534018722412,0.9711212534480652,Not significant
GENE3395,1,Plasma cells,20q,protein_coding,45,43,8.662841333333333,8.516626744186047,-0.1462145891472897,0.9036183108842204,-1.4078230713594422,-6.077376398716542,0.16242002963918892,0.9711212534480652,Not significant
GENE3769,0,Other,2p,protein_coding,45,43,8.146751111111111,8.277619069767441,0.13086795865633327,1.094952251704371,1.4078538132038116,-6.0773338690521514,0.16241094947149928,0.9711212534480652,Not significant
GENE2763,0,Other,4q,protein_coding,45,43,8.157276,8.316373488372093,0.15909748837209214,1.116588411544458,1.4030057067712203,-6.084029951608244,0.16384773927067126,0.9767376409578018,Not significant
GENE2073,2,Microenvironment,18q,protein_coding,45,43,7.905992222222222,8.062863720930233,0.15687149870801065,1.1148669127655892,1.4036512316591958,-6.083139647723501,0.1636558712779597,0.9767376409578018,Not significant
PCFAV044,1,Plasma cells,16q,protein_coding,45,43,7.536077777777778,7.161118604651163,-0.3749591731266184,0.7711272345496223,-1.4019257783083992,-6.085518503645798,0.16416910900307483,0.977197077399255,Not significant
GENE2845,0,Other,2p,protein_coding,45,43,7.634274222222222,7.796109302325581,0.16183508010335856,1.1187092098683251,1.3986936893687822,-6.08996697924838,0.16513380992163595,0.9814788108269596,Not significant
MEOTH216,2,Microenvironment,9p,protein_coding,45,43,9.263924444444445,9.606885813953488,0.34296136950904277,1.2683574365512746,1.3830427773234806,-6.111368622915888,0.1698666304258349,0.9893473803545543,Not significant
GENE1407,2,Microenvironment,4q,protein_coding,45,43,6.071383333333333,6.240707441860465,0.16932410852713264,1.1245315269342597,1.3929525817452943,-6.097844435510856,0.1668580709186333,0.9893473803545543,Not significant
GENE2817,0,Other,18q,protein_coding,45,43,7.817757333333334,7.649522558139535,-0.16823477519379626,0.889930899663472,-1.3820583129329513,-6.112707084942682,0.17016774942098334,0.9893473803545543,Not significant
GENE1059,0,Other,4q,protein_coding,45,43,7.836683333333333,8.004671860465116,0.16798852713178025,1.1234909685619787,1.3823336198665208,-6.112332874256407,0.17008350014752585,0.9893473803545543,Not significant
GENE0979,0,Other,12p,protein_coding,45,43,9.822891555555556,9.655372790697674,-0.16751876485787598,0.8903726824739736,-1.3834191270106404,-6.1108567020186655,0.16975162327042667,0.9893473803545543,Not significant
GENE3278,0,Other,3q,protein_coding,45,43,7.802482888888889,7.966614651162791,0.16413176227390114,1.120491544740745,1.385239852227627,-6.108378213773664,0.16919607249559349,0.9893473803545543,Not significant
GENE1636,0,Other,7q,protein_coding,45,43,9.080068222222222,8.918582790697675,-0.1614854315245431,0.8941040070773877,-1.3831789461428996,-6.1111834178967666,0.16982501230785044,0.9893473803545543,Not significant
GENE3725,1,Plasma cells,9p,protein_coding,45,43,9.588367555555555,9.749823720930232,0.16145616537467689,1.1184154265510828,1.3822083049399896,-6.112503217328536,0.1701218450129291,0.9893473803545543,Not significant
GENE3194,0,Other,3q,protein_coding,45,43,9.353187333333333,9.51111,0.15792266666667132,1.1156795165268125,1.3881317800793784,-6.104435100287708,0.16831651873861367,0.9893473803545543,Not significant
GENE0974,1,Plasma cells,3q,protein_coding,45,43,8.761078444444445,8.603215813953488,-0.15786263049095517,0.896352043716818,-1.3891848685480783,-6.102997263767839,0.16799709868415602,0.9893473803545543,Not significant
GENE1829,1,Plasma cells,9p,protein_coding,45,43,8.277681777777778,8.435133720930233,0.1574519431524557,1.1153155512398267,1.3826606531485928,-6.111888261539411,0.16998346287372032,0.9893473803545543,Not significant
GENE2547,1,Plasma cells,4q,protein_coding,45,43,9.690579333333334,9.536509069767442,-0.15407026356588815,0.8987113556126548,-1.39069928326667,-6.100927719090684,0.16753856107230772,0.9893473803545543,Not significant
GENE1705,1,Plasma cells,2p,protein_coding,45,43,8.33922,8.187372093023257,-0.15184790697674444,0.90009681556366,-1.385823599781718,-6.107582916251311,0.1690182494430809,0.9893473803545543,Not significant
GENE2279,2,Microenvironment,20q,protein_coding,45,43,7.32653,7.475737441860465,0.14920744186046608,1.1089600870052418,1.3871493708700526,-6.105775490707488,0.16861491782619148,0.9893473803545543,Not significant
GENE3970,1,Plasma cells,19q,protein_coding,45,43,8.576741333333333,8.430687674418605,-0.1460536589147292,0.9037191136261362,-1.392021533485428,-6.0991190091966265,0.16713898878347688,0.9893473803545543,Not significant
PCADV023,1,Plasma cells,1p,protein_coding,45,43,7.235010666666667,7.55059,0.3155793333333339,1.2445113029954298,1.373755407467929,-6.123959151737992,0.1727235508945405,0.9954090419773167,Not significant
GENE1129,2,Microenvironment,2p,protein_coding,45,43,9.064843555555555,8.91101,-0.15383355555555767,0.8988588224186177,-1.3769148116002896,-6.11968521756841,0.171747607365958,0.9954090419773167,Not significant
GENE1363,1,Plasma cells,12p,protein_coding,45,43,7.04163,6.893421395348837,-0.14820860465116503,0.9023702409536954,-1.3730167769227706,-6.124956985115062,0.1729523210435588,0.9954090419773167,Not significant
GENE1092,2,Microenvironment,21q,protein_coding,45,43,9.464127555555555,9.316800930232558,-0.14732662532299656,0.9029220659760657,-1.3747153682679976,-6.12266154738285,0.17242657344230677,0.9954090419773167,Not significant
GENE2087,2,Microenvironment,20q,protein_coding,45,43,9.198281555555555,9.05432023255814,-0.14396132299741815,0.905030725395431,-1.3762259977248348,-6.120617825747428,0.17196002463136936,0.9954090419773167,Not significant
GENE1924,0,Other,7q,protein_coding,45,43,6.634871333333334,6.774052558139535,0.13918122480620454,1.101279927198108,1.374222078683895,-6.123328448743212,0.17257913106332126,0.9954090419773167,Not significant
GENE3126,2,Microenvironment,10q,protein_coding,45,43,8.227211555555556,8.090802325581395,-0.1364092299741575,0.9097807221675418,-1.3759459365950133,-6.120996881663325,0.17204644729941973,0.9954090419773167,Not significant
GENE3662,0,Other,3q,protein_coding,45,43,9.418000888888889,9.274821860465117,-0.1431790284237735,0.9055216071099202,-1.3709357206647528,-6.127765559055242,0.17359810736385298,0.9976902722060516,Not significant
GENE1234,1,Plasma cells,19q,protein_coding,45,43,9.668810444444444,9.527140930232559,-0.1416695142118911,0.9064695642657767,-1.369413324744093,-6.129817576633016,0.17407169000417794,0.9989767001674488,Not significant
PCADV080,1,Plasma cells,8q,protein_coding,45,43,8.065093333333333,7.672219302325582,-0.3928740310077492,0.7616108670408054,-1.2937663723393824,-6.229014995621328,0.19885656718131006,0.9993303802855232,Not significant
PCADV006,1,Plasma cells,17p,protein_coding,45,43,8.210475777777777,8.565980930232557,0.3555051524547803,1.279433490095449,1.3309413398058394,-6.1809451377469955,0.18636715601539086,0.9993303802855232,Not significant
PCFAV076,1,Plasma cells,16q,protein_coding,45,43,6.970091777777778,6.617811627906977,-0.35228014987080236,0.7833450582462056,-1.3526545218862212,-6.152261616953379,0.17934992317111145,0.9993303802855232,Not significant
PCFAV067,1,Plasma cells,5q,protein_coding,45,43,8.90580488888889,8.558735813953488,-0.34706907493539774,0.7861796496677107,-1.1986630935811484,-6.345994823087077,0.23361559036915042,0.9993303802855232,Not significant
PCFAV050,1,Plasma cells,11q,protein_coding,45,43,6.090366222222222,6.4347425581395346,0.34437633591731664,1.269602026362682,0.9827792240259393,-6.57926041348104,0.3281915283302904,0.9993303802855232,Not significant
PCFAV073,1,Plasma cells,6p,protein_coding,45,43,8.336344888888888,7.996675813953488,-0.3396690749354052,0.7902225521477617,-1.3431397879074243,-6.164885767488151,0.1823999289692091,0.9993303802855232,Not significant
MEOTH154,2,Microenvironment,4q,protein_coding,45,43,9.958089777777777,10.297634418604652,0.3395446408268725,1.2653571450857015,1.3626182889153866,-6.138949788354857,0.1761974267848259,0.9993303802855232,Not significant
PCADV013,1,Plasma cells,13q,protein_coding,45,43,8.992031333333333,9.327182093023255,0.33515075968992214,1.261509227960014,1.1433290591192409,-6.410070723020008,0.255750944690656,0.9993303802855232,Not significant
MEOTH187,2,Microenvironment,21q,protein_coding,45,43,10.368536888888888,10.039733023255813,-0.32880386563307695,0.7961963342997704,-1.2671153847110819,-6.262667407031788,0.20818560246919257,0.9993303802855232,Not significant
GEP1Q20,1,Plasma cells,1q,protein_coding,45,43,7.111367777777778,7.438788604651163,0.32742082687338847,1.2547681606940524,1.1774145294285738,-6.37094818584711,0.24194684463098393,0.9993303802855232,Not significant
MEOTH182,2,Microenvironment,12p,protein_coding,45,43,9.432467555555556,9.758795348837209,0.32632779328165284,1.2538178667695208,1.3551376696032373,-6.148952865753886,0.17856030789759345,0.9993303802855232,Not significant
MEOTH086,2,Microenvironment,12p,protein_coding,45,43,9.744174444444445,10.068046511627907,0.3238720671834603,1.2516854589334763,1.1875378571149078,-6.359113839055965,0.2379515135307054,0.9993303802855232,Not significant
PCADV007,1,Plasma cells,1p,protein_coding,45,43,7.670355777777778,7.36236,-0.3079957777777773,0.807763141623069,-1.3540964309114776,-6.150341009087808,0.1788910906069231,0.9993303802855232,Not significant
MEOTH051,2,Microenvironment,15q,protein_coding,45,43,9.800568,10.102582790697674,0.30201479069767245,1.2328649648913894,1.0387710878085348,-6.52309061967354,0.3015258131734191,0.9993303802855232,Not significant
MEOTH024,2,Microenvironment,9p,protein_coding,45,43,8.396847333333334,8.693378837209302,0.2965315038759684,1.2281880778537317,1.2284112533596117,-6.310332790121702,0.2223017920309421,0.9993303802855232,Not significant
MEOTH190,2,Microenvironment,4q,protein_coding,45,43,10.40595688888889,10.120899302325581,-0.28505758656330826,0.8207088487718203,-1.1077648546354466,-6.449698140883205,0.27073683587205294,0.9993303802855232,Not significant
MEOTH057,2,Microenvironment,3q,protein_coding,45,43,11.37209111111111,11.656653488372093,0.2845623772609862,1.2180407308497148,1.0646929412338046,-6.49605628119159,0.28969097428788476,0.9993303802855232,Not significant
GEP1Q120,1,Plasma cells,1q,protein_coding,45,43,8.034122222222223,8.305509534883722,0.2713873126614974,1.2069679044810009,1.1634154637246077,-6.387151175618684,0.24755044484844282,0.9993303802855232,Not significant
PCFAV009,1,Plasma cells,6p,protein_coding,45,43,8.253254,8.518593488372094,0.2653394883720921,1.201918846275962,1.3110022314710845,-6.206891104317839,0.19299074319564666,0.9993303802855232,Not significant
PCADV003,1,Plasma cells,1p,protein_coding,45,43,7.878949777777778,7.617796976744186,-0.26115280103358973,0.8344208999489877,-1.3520316639896712,-6.153090648240175,0.1795483985911031,0.9993303802855232,Not significant
PCFAV016,1,Plasma cells,16q,protein_coding,45,43,7.868979333333334,7.608032558139535,-0.26094677519379417,0.8345400689607595,-0.9903407311086537,-6.5718528189441034,0.324502287218178,0.9993303802855232,Not significant
MEOTH061,2,Microenvironment,10q,protein_coding,45,43,9.283436222222223,9.023476744186047,-0.2599594780361727,0.8351113754441899,-1.1877546357212747,-6.358859345330994,0.23786647899517785,0.9993303802855232,Not significant
PCFAV023,1,Plasma cells,5q,protein_coding,45,43,7.608403111111111,7.3519453488372095,-0.25645776227390105,0.8371408234017926,-0.9972882388455145,-6.5649977033649805,0.32113688153644754,0.9993303802855232,Not significant
MEOTH184,2,Microenvironment,18q,protein_coding,45,43,11.296858,11.041432325581395,-0.2554256744185963,0.8377399188275142,-1.1286816093905085,-6.426539298223706,0.2618505936123657,0.9993303802855232,Not significant
GEP1Q86,1,Plasma cells,1q,protein_coding,45,43,6.048592222222222,6.299351627906977,0.25075940568475286,1.189833254515213,1.2760796159082497,-6.2514237369947985,0.20501239796376056,0.9993303802855232,Not significant
PCFAV075,1,Plasma cells,5q,protein_coding,45,43,7.429211777777778,7.181204186046512,-0.2480075917312643,0.8420585225272447,-0.8691233920976529,-6.683885328727962,0.3869518299654702,0.9993303802855232,Not significant
MEOTH081,2,Microenvironment,3q,protein_coding,45,43,12.087872444444445,12.335336046511628,0.2474636020671781,1.1871182102379092,1.3099822281781448,-6.208208240648674,0.1933342433362023,0.9993303802855232,Not significant
MEOTH240,2,Microenvironment,9p,protein_coding,45,43,8.598112666666667,8.350735581395348,-0.2473770852713102,0.8424266109698332,-1.2450480105015076,-6.290019441190785,0.21615093796736398,0.9993303802855232,Not significant
PCADV005,1,Plasma cells,13q,protein_coding,45,43,7.3415886666666665,7.095126046511628,-0.24646262015504217,0.8429607598588005,-0.8668819127826695,-6.685821733717073,0.38817271704631284,0.9993303802855232,Not significant
MEOTH148,2,Microenvironment,18q,protein_coding,45,43,10.492382222222222,10.255471395348838,-0.23691082687338394,0.8485603496861416,-1.0023019883481719,-6.560021476131959,0.3187226340211203,0.9993303802855232,Not significant
PCFAV069,1,Plasma cells,6p,protein_coding,45,43,9.040806444444444,8.804386744186047,-0.23641970025839498,0.84884926834472,-1.135020261039201,-6.419437923918535,0.2591985628128804,0.9993303802855232,Not significant
MEOTH125,2,Microenvironment,19q,protein_coding,45,43,8.346402,8.113892558139534,-0.23250944186046674,0.8511530970361205,-0.9260421866588269,-6.633065821642727,0.3567509596681945,0.9993303802855232,Not significant
MEOTH035,2,Microenvironment,7q,protein_coding,45,43,8.586092888888889,8.81776558139535,0.2316726925064625,1.1741955485876308,1.3090741101223848,-6.209380066816927,0.19364044821674062,0.9993303802855232,Not significant
MEOTH033,2,Microenvironment,3q,protein_coding,45,43,8.906118666666666,8.674666279069767,-0.23145238759690123,0.8517769604813755,-0.9979360730826748,-6.564356092185406,0.32082425208323223,0.9993303802855232,Not significant
MEOTH147,2,Microenvironment,15q,protein_coding,45,43,11.262880888888889,11.49427046511628,0.23138957622739653,1.1739651455927462,1.0669611587645131,-6.493659755593674,0.2886707248792381,0.9993303802855232,Not significant
PCFAV062,1,Plasma cells,11q,protein_coding,45,43,5.885981777777777,6.115458604651163,0.2294768268733831,1.1724097141908536,1.2366346880507861,-6.3003251132516604,0.2192457359062657,0.9993303802855232,Not significant
PCADV067,1,Plasma cells,1p,protein_coding,45,43,5.986492222222222,6.21570534883721,0.22921312661498838,1.1721954371035326,1.0687831179704277,-6.491731125911596,0.2878529870313806,0.9993303802855232,Not significant
PCADV050,1,Plasma cells,17p,protein_coding,45,43,9.009584222222223,9.238751627906977,0.22916740568475014,1.1721582892551898,1.0497388093023428,-6.511731650490289,0.29647907181407385,0.9993303802855232,Not significant
PCFAV024,1,Plasma cells,16q,protein_coding,45,43,8.213549777777779,7.98507488372093,-0.2284748940568484,0.8535367082056258,-1.1160765975811244,-6.440545978167227,0.26718086190574414,0.9993303802855232,Not significant
MEOTH049,2,Microenvironment,10q,protein_coding,45,43,11.892083777777778,11.664527674418604,-0.22755610335917176,0.8540804623164991,-1.2021739568599048,-6.341830130832408,0.23225915616756113,0.9993303802855232,Not significant
MEOTH021,2,Microenvironment,3q,protein_coding,45,43,9.718909777777778,9.945972093023256,0.22706231524547604,1.1704491963401293,1.1407922653811384,-6.412937712192113,0.2568001018680018,0.9993303802855232,Not significant
MEOTH135,2,Microenvironment,15q,protein_coding,45,43,8.486608888888888,8.713140232558139,0.22653134366925265,1.1700185017811537,1.3270920000456137,-6.185983531128904,0.18763240217155644,0.9993303802855232,Not significant
MEOTH144,2,Microenvironment,9p,protein_coding,45,43,10.464000666666667,10.689203953488372,0.22520328682169932,1.1689419498638833,1.10579720275202,-6.451854987486405,0.27158344855829264,0.9993303802855232,Not significant
MEOTH113,2,Microenvironment,19q,protein_coding,45,43,8.08991288888889,7.866002325581396,-0.2239105633074967,0.8562413636932944,-1.1303802580035234,-6.424640050363753,0.26113803433611965,0.9993303802855232,Not significant
MEOTH188,2,Microenvironment,2p,protein_coding,45,43,9.553176444444444,9.329448372093024,-0.2237280723514239,0.8563496791610467,-1.0329892062690555,-6.5290318093808475,0.304209570890278,0.9993303802855232,Not significant
MEOTH013,0,Other,10q,protein_coding,45,43,7.639634222222222,7.418994883720931,-0.2206393385012948,0.858185042581366,-0.8236757392513341,-6.722184802677376,0.4121695998333478,0.9993303802855232,Not significant
PCFAV060,1,Plasma cells,16q,protein_coding,45,43,4.477386222222222,4.697717906976744,0.22033168475452225,1.1650013969033561,0.7654205174403933,-6.768310748350096,0.44590274561202037,0.9993303802855232,Not significant
GEP1Q53,1,Plasma cells,1q,protein_coding,45,43,7.631905333333333,7.851968372093023,0.22006303875969113,1.1647844807757946,0.9599858915153553,-6.601253050389328,0.3394788732823404,0.9993303802855232,Not significant
PCADV047,1,Plasma cells,1p,protein_coding,45,43,8.181553555555556,8.400077209302326,0.21852365374677163,1.163542294831466,1.2271401584091153,-6.311873903571804,0.22277691744684558,0.9993303802855232,Not significant
MEOTH094,2,Microenvironment,4q,protein_coding,45,43,8.982877555555556,9.199421395348837,0.2165438397932853,1.161946657976681,0.7763079425229205,-6.7599438367592235,0.43947954957476154,0.9993303802855232,Not significant
PCFAV079,1,Plasma cells,5q,protein_coding,45,43,8.182387333333333,7.966574186046511,-0.21581314728682166,0.8610607026266355,-1.1091953293549293,-6.448127776617655,0.2701225064967811,0.9993303802855232,Not significant
PCADV021,1,Plasma cells,13q,protein_coding,45,43,8.531826222222222,8.316041627906976,-0.21578459431524522,0.8610777444021783,-1.0005889616156518,-6.561724430890392,0.3195461387841028,0.9993303802855232,Not significant
PCFAV002,1,Plasma cells,11q,protein_coding,45,43,5.456586222222223,5.241086279069767,-0.21549994315245247,0.8612476562381916,-0.6834059746187151,-6.82758242506079,0.49599984605691927,0.9993303802855232,Not significant
PCFAV014,1,Plasma cells,11q,protein_coding,45,43,7.340367333333333,7.5552737209302325,0.21490638759689418,1.160628602031132,1.18104103994866,-6.366720040934144,0.24051010891406915,0.9993303802855232,Not significant
PCADV037,1,Plasma cells,13q,protein_coding,45,43,5.794204888888889,6.0085,0.21429511111110866,1.160136942551826,1.1416373773017143,-6.411983286633595,0.2564502472131214,0.9993303802855232,Not significant
MEOTH143,2,Microenvironment,7q,protein_coding,45,43,9.653355555555555,9.866273255813953,0.21291770025839796,1.1590298321953096,0.9566195215874127,-6.60445827477588,0.34116710030152486,0.9993303802855232,Not significant
GEP1Q95,1,Plasma cells,1q,protein_coding,45,43,6.8515382222222225,7.063503488372093,0.21196526614986855,1.1582649198546362,1.248345687634853,-6.28596158985766,0.21494665887670986,0.9993303802855232,Not significant
GEP1Q56,1,Plasma cells,1q,protein_coding,45,43,9.68378888888889,9.894853255813954,0.21106436692506847,1.1575418604393655,0.8655642233667201,-6.686957783057124,0.38889154625530686,0.9993303802855232,Not significant
PCADV030,1,Plasma cells,17p,protein_coding,45,43,7.013022444444444,7.221978372093023,0.2089559276485824,1.1558513963432984,0.9076516522010345,-6.6498320904489105,0.3663397465934566,0.9993303802855232,Not significant
MEOTH036,2,Microenvironment,9p,protein_coding,45,43,8.582162222222221,8.373445813953488,-0.20871640826872984,0.8653067679196895,-0.9697052303376433,-6.591937008959271,0.3346352406938443,0.9993303802855232,Not significant
PCADV074,1,Plasma cells,17p,protein_coding,45,43,7.246119111111111,7.453721395348837,0.20760228423772542,1.1547673995214076,1.1654297663692847,-6.3848313529555085,0.24673851544961303,0.9993303802855232,Not significant
PCFAV059,1,Plasma cells,5q,protein_coding,45,43,6.692429555555555,6.485116046511628,-0.2073135090439262,0.8661486150024863,-1.177958163052892,-6.37031516861029,0.2417310801713457,0.9993303802855232,Not significant
MEOTH047,2,Microenvironment,7q,protein_coding,45,43,8.961589555555555,9.165543255813953,0.2039537002583991,1.1518506759476508,1.2142170591649224,-6.327454480684082,0.22764942459777243,0.9993303802855232,Not significant
PCADV020,1,Plasma cells,8q,protein_coding,45,43,8.924012222222222,9.126896279069767,0.2028840568475463,1.1509969869675873,1.1781239369419367,-6.370122081903764,0.24166531302444916,0.9993303802855232,Not significant
PCFAV003,1,Plasma cells,5q,protein_coding,45,43,8.732224444444444,8.529772093023256,-0.20245235142118823,0.8690720232116989,-0.9538799314384051,-6.607058571030647,0.34254502123840225,0.9993303802855232,Not significant
PCFAV043,1,Plasma cells,5q,protein_coding,45,43,7.633416222222222,7.83392511627907,0.20050889405684735,1.1491036165810435,1.26935724247314,-6.259862670723722,0.20738864655826125,0.9993303802855232,Not significant
MEOTH025,2,Microenvironment,10q,protein_coding,45,43,8.572373555555556,8.77271976744186,0.20034621188630375,1.1489740478740267,1.0523227862617721,-6.509038528184931,0.2952984705774021,0.9993303802855232,Not significant
PCADV010,1,Plasma cells,17p,protein_coding,45,43,6.283689777777778,6.084840465116279,-0.19884931266149763,0.8712451876463192,-0.8784002416546199,-6.675818767270275,0.3819242697690286,0.9993303802855232,Not significant
MEOTH037,2,Microenvironment,10q,protein_coding,45,43,11.110172222222221,11.30857,0.1983977777777728,1.1474233465119756,1.2559297165426848,-6.2765898965024025,0.212195699261446,0.9993303802855232,Not significant
MEOTH050,2,Microenvironment,12p,protein_coding,45,43,10.34037088888889,10.142342558139536,-0.19802833074935755,0.8717411206581663,-0.7516558452837898,-6.778721711261868,0.4541006430511183,0.9993303802855232,Not significant
PCADV062,1,Plasma cells,17p,protein_coding,45,43,8.561379333333333,8.757542325581396,0.19616299224806077,1.145647323173264,0.8966893647472941,-6.659668942886975,0.3721324123046086,0.9993303802855232,Not significant
MEOTH079,2,Microenvironment,21q,protein_coding,45,43,8.814682666666666,9.010754186046512,0.19607151937984924,1.1455746866690342,1.2937687865622856,-6.229011916521501,0.198855736387714,0.9993303802855232,Not significant
PCFAV039,1,Plasma cells,5q,protein_coding,45,43,6.981794222222222,7.177648139534884,0.1958539173126601,1.1454019123720556,0.660688388852732,-6.842825448144999,0.5103977442484238,0.9993303802855232,Not significant
MEOTH191,2,Microenvironment,7q,protein_coding,45,43,9.720874222222223,9.526349302325581,-0.1945249198966419,0.8738606112203973,-1.1751940947224588,-6.373530754766261,0.24282954901530876,0.9993303802855232,Not significant
MEOTH206,2,Microenvironment,12p,protein_coding,45,43,9.417395777777777,9.224018139534884,-0.19337763824289134,0.8745558121891154,-1.2845163285511967,-6.240771765140313,0.2020586868464001,0.9993303802855232,Not significant
PCADV015,1,Plasma cells,1p,protein_coding,45,43,9.820514666666666,10.012584418604652,0.19206975193798215,1.1424014787503378,1.139602232605006,-6.4142805074518225,0.2572933153052308,0.9993303802855232,Not significant
MEOTH071,2,Microenvironment,7q,protein_coding,45,43,9.217726,9.028142558139535,-0.18958344186046538,0.8768588655773932,-1.2952531771325626,-6.227117674670977,0.19834540878249918,0.9993303802855232,Not significant
PCFAV074,1,Plasma cells,11q,protein_coding,45,43,6.876159333333333,7.065432558139535,0.18927322480620656,1.140189186981181,0.9055102914140656,-6.651762843817407,0.36746676740552897,0.9993303802855232,Not significant
PCFAV042,1,Plasma cells,11q,protein_coding,45,43,7.824053777777777,7.63520534883721,-0.18884842894056586,0.8773057145529546,-0.8752981924927393,-6.678525491859162,0.3836008689859185,0.9993303802855232,Not significant
MEOTH124,2,Microenvironment,18q,protein_coding,45,43,10.032636444444444,10.22068046511628,0.1880440206718319,1.1392181374321826,1.1709412863557334,-6.37846393889921,0.24452661185412788,0.9993303802855232,Not significant
GEP1Q94,1,Plasma cells,1q,protein_coding,45,43,7.5822664444444445,7.770181395348837,0.18791495090439447,1.139116222586196,1.217340356980824,-6.323703564896472,0.22646480956580067,0.9993303802855232,Not significant
MEOTH119,2,Microenvironment,7q,protein_coding,45,43,8.77807511111111,8.591282325581396,-0.18679278552972178,0.8785566463783346,-1.010756263077667,-6.55157514385408,0.31467909207585093,0.9993303802855232,Not significant
GEP1Q70,1,Plasma cells,1q,protein_coding,45,43,8.063728666666666,8.249494651162792,0.18576598449612547,1.13742071509395,1.187837726872037,-6.3587617860358945,0.23783389107194897,0.9993303802855232,Not significant
PCFAV068,1,Plasma cells,16q,protein_coding,45,43,8.186370222222223,8.001578837209303,-0.18479138501291992,0.8797762831587229,-0.9544767668025905,-6.606492704926787,0.342244525796341,0.9993303802855232,Not significant
MEOTH194,2,Microenvironment,12p,protein_coding,45,43,9.033669111111111,9.218267441860466,0.1845983307493526,1.136500509361827,1.165969202614294,-6.3842094354686125,0.24652140038997125,0.9993303802855232,Not significant
PCFAV054,1,Plasma cells,11q,protein_coding,45,43,7.154092666666666,7.337654418604651,0.18356175193798663,1.1356842251218473,0.8564014025726144,-6.694810482624397,0.3939127987969948,0.9993303802855232,Not significant
MEOTH052,2,Microenvironment,18q,protein_coding,45,43,11.474948444444445,11.658221627906977,0.1832731834625303,1.135457087797099,0.8702601074260389,-6.6829014440923995,0.3863335950617668,0.9993303802855232,Not significant
PCADV072,1,Plasma cells,8q,protein_coding,45,43,5.673799777777778,5.855839069767442,0.18203929198966406,1.1344863824014155,1.0580175992659773,-6.5030803347695265,0.29270785434328134,0.9993303802855232,Not significant
MEOTH017,2,Microenvironment,19q,protein_coding,45,43,8.70513,8.885576976744186,0.18044697674418586,1.1332349305179075,1.1411757399272733,-6.412504721160512,0.256641311556931,0.9993303802855232,Not significant
MEOTH230,2,Microenvironment,12p,protein_coding,45,43,9.093896444444445,9.272817906976744,0.178921462532303,1.132037274560584,1.10533098092901,-6.45236549007947,0.2717843173018171,0.9993303802855232,Not significant
GEP1Q48,1,Plasma cells,1q,protein_coding,45,43,6.665636888888889,6.8445439534883725,0.17890706459948458,1.1320259770134002,0.9350458609651209,-6.624736920423771,0.35211556441158665,0.9993303802855232,Not significant
GEP1Q44,1,Plasma cells,1q,protein_coding,45,43,8.359518666666666,8.536699069767442,0.17718040310077576,1.1306719441767157,1.1929503340783478,-6.352746208992226,0.23583490999207057,0.9993303802855232,Not significant
MEOTH229,2,Microenvironment,10q,protein_coding,45,43,10.472716,10.295711162790697,-0.1770048372093047,0.8845374695626637,-1.0248271017924016,-6.537363602021936,0.3080254988287957,0.9993303802855232,Not significant
MEOTH126,2,Microenvironment,20q,protein_coding,45,43,10.429515777777777,10.604981627906977,0.1754658501291999,1.1293290093274568,1.105467818048932,-6.452215678210962,0.2717253511783772,0.9993303802855232,Not significant
PCADV029,1,Plasma cells,13q,protein_coding,45,43,8.619329111111112,8.79439023255814,0.17506112144702968,1.1290122357044483,1.0966072731293388,-6.461879055588562,0.27556193418743663,0.9993303802855232,Not significant
MEOTH053,2,Microenvironment,19q,protein_coding,45,43,7.670481777777778,7.845044651162791,0.17456287338501575,1.1286223882200372,0.5803540413162914,-6.892629323012972,0.5630384615686623,0.9993303802855232,Not significant
GEP1Q68,1,Plasma cells,1q,protein_coding,45,43,7.718277333333333,7.89276534883721,0.17448801550387927,1.1285638283121313,1.011703238451455,-6.55062473339324,0.3142283116647796,0.9993303802855232,Not significant
GEP1Q41,0,Other,1q,protein_coding,45,43,7.2869166666666665,7.11279465116279,-0.1741220155038734,0.8863067368963631,-0.6445772855668256,-6.853326203771681,0.520741581907411,0.9993303802855232,Not significant
MEOTH016,2,Microenvironment,18q,protein_coding,45,43,11.058096888888889,11.231949302325582,0.173852413436693,1.1280667312179216,0.9100608322254627,-6.647654500502543,0.36507439051363666,0.9993303802855232,Not significant
MEOTH015,2,Microenvironment,15q,protein_coding,45,43,8.558154,8.72990976744186,0.17175576744186394,1.1264285202746906,0.6108700321296635,-6.874464122404085,0.5427322279526986,0.9993303802855232,Not significant
MEOTH224,2,Microenvironment,2p,protein_coding,45,43,8.740368,8.911783488372093,0.17141548837209797,1.1261628682564282,0.8636678977766095,-6.6885897193284345,0.38992747793739424,0.9993303802855232,Not significant
MEOTH146,2,Microenvironment,12p,protein_coding,45,43,9.265488666666666,9.436869069767441,0.17138040310077507,1.126135481145346,0.576700142031764,-6.894742431696974,0.5654946109636204,0.9993303802855232,Not significant
MEOTH200,2,Microenvironment,2p,protein_coding,45,43,9.209134888888888,9.037870930232557,-0.17126395865632738,0.8880642987810071,-0.7645703980600088,-6.768959146724732,0.44640656208422846,0.9993303802855232,Not significant
PCFAV065,1,Plasma cells,6p,protein_coding,45,43,6.855568888888889,6.684800697674419,-0.17076819121446896,0.8883695254640722,-0.775877725377055,-6.760276670177226,0.43973233431553793,0.9993303802855232,Not significant
MEOTH233,2,Microenvironment,19q,protein_coding,45,43,8.39995888888889,8.230411162790698,-0.1695477260981928,0.8891213702551971,-1.2798267646525077,-6.246701056453846,0.20369660041095425,0.9993303802855232,Not significant
MEOTH236,2,Microenvironment,2p,protein_coding,45,43,9.670278666666666,9.501893255813954,-0.16838541085271252,0.8898379844420518,-1.1186264028239656,-6.437724997403349,0.26609655849389197,0.9993303802855232,Not significant
MEOTH192,2,Microenvironment,9p,protein_coding,45,43,8.355404666666667,8.52201488372093,0.16661021705426649,1.122418129597407,0.8630672128687333,-6.689105920771141,0.3902559773873959,0.9993303802855232,Not significant
MEOTH075,2,Microenvironment,15q,protein_coding,45,43,9.078642666666667,9.245216046511628,0.16657337984496046,1.1223894705790172,0.8924332673350015,-6.663456420173521,0.3743968680689266,0.9993303802855232,Not significant
GEP1Q116,1,Plasma cells,1q,protein_coding,45,43,8.888162444444445,9.053692093023257,0.16552964857881136,1.1215777610384283,1.1049172453986753,-6.452818345623143,0.2719626591691552,0.9993303802855232,Not significant
PCADV014,1,Plasma cells,17p,protein_coding,45,43,7.550893111111111,7.716099302325581,0.16520619121446867,1.1213263274986465,0.7084339890082088,-6.810198559407038,0.4803959872547312,0.9993303802855232,Not significant
GENE2164,2,Microenvironment,7q,protein_coding,45,43,7.091789333333334,7.256145581395349,0.1643562480620142,1.1206659086852877,1.2132194786633592,-6.328650553845192,0.22802873382035996,0.9993303802855232,Not significant
GENE2487,0,Other,4q,protein_coding,45,43,9.300974444444444,9.137876976744186,-0.16309746770025946,0.8931055125869126,-1.3287335421148838,-6.183836639472511,0.18709205544746615,0.9993303802855232,Not significant
PCADV041,1,Plasma cells,13q,protein_coding,45,43,8.239373111111112,8.40182,0.1624468888888888,1.119183725444929,0.6436916636707968,-6.853895976461526,0.521313343360841,0.9993303802855232,Not significant
PCFAV040,1,Plasma cells,16q,protein_coding,45,43,6.976851555555555,6.815096279069768,-0.16175527648578836,0.8939367874696993,-0.885165393226049,-6.669883089780741,0.3782836987854552,0.9993303802855232,Not significant
MEOTH089,2,Microenvironment,19q,protein_coding,45,43,10.444874666666667,10.606371395348837,0.16149672868217024,1.1184468727440373,1.2290860816221985,-6.309513980078462,0.22204984616910597,0.9993303802855232,Not significant
MEOTH149,2,Microenvironment,19q,protein_coding,45,43,10.373799333333334,10.214028372093024,-0.1597709612403122,0.895167174213472,-1.094951722544123,-6.463676204971274,0.27628292415676486,0.9993303802855232,Not significant
GENE1946,1,Plasma cells,3q,protein_coding,45,43,7.504257777777778,7.344703023255814,-0.15955475452195778,0.8953013367736048,-1.3523814472144522,-6.152625127828622,0.17943691877747975,0.9993303802855232,Not significant
GENE1534,0,Other,19q,protein_coding,45,43,6.447379777777778,6.288394186046512,-0.15898559173126436,0.8956546149943673,-1.3140634935644184,-6.202932141852601,0.1919625558758577,0.9993303802855232,Not significant
GENE1060,1,Plasma cells,7q,protein_coding,45,43,7.723875333333333,7.882216511627907,0.15834117829457028,1.1160032111186287,1.2855712976982954,-6.239435019396331,0.20169156731761706,0.9993303802855232,Not significant
MEOTH077,2,Microenvironment,19q,protein_coding,45,43,8.611403555555556,8.769692558139536,0.15828900258398093,1.115962851093816,0.9296254865547693,-6.629760549355917,0.3549014972440061,0.9993303802855232,Not significant
GENE3651,0,Other,4q,protein_coding,45,43,8.237645777777777,8.079599302325581,-0.15804647545219908,0.8962378274044318,-1.2604395607749865,-6.27099098292718,0.21057213821596968,0.9993303802855232,Not significant
GENE0983,2,Microenvironment,20q,protein_coding,45,43,8.317469555555556,8.47425,0.15678044444444694,1.1147965512689142,1.286668566434496,-6.238043551566994,0.20131025227426824,0.9993303802855232,Not significant
GENE1043,2,Microenvironment,20q,protein_coding,45,43,7.675311555555555,7.831613488372093,0.15630193281653693,1.1144268579926053,1.3305112413917501,-6.181508790464564,0.1865082072173038,0.9993303802855232,Not significant
MEOTH058,2,Microenvironment,4q,protein_coding,45,43,8.740041555555555,8.896239069767441,0.15619751421188965,1.114346201524588,0.5804661187427134,-6.892564297356826,0.5629632058739262,0.9993303802855232,Not significant
GENE1258,0,Other,19q,protein_coding,45,43,10.414335777777778,10.258603953488372,-0.15573182428940413,0.8976769000433001,-1.2954637759327845,-6.226848758129227,0.19827308461673804,0.9993303802855232,Not significant
GENE2286,2,Microenvironment,10q,protein_coding,45,43,10.169959333333333,10.32536,0.15540066666666696,1.1137308817033917,1.2964712673160605,-6.225561694470126,0.1979273613803634,0.9993303802855232,Not significant
GENE3459,2,Microenvironment,4q,protein_coding,45,43,7.273951333333334,7.118638837209303,-0.1553124961240293,0.8979378532640375,-1.308434453122654,-6.2102050030881015,0.19385634875453148,0.9993303802855232,Not significant
MEOTH210,2,Microenvironment,20q,protein_coding,45,43,8.363570666666666,8.518743255813954,0.15517258914728593,1.1135548244690627,1.1730255297736367,-6.376048423543541,0.2436938506973011,0.9993303802855232,Not significant
PCOTH005,1,Plasma cells,9p,protein_coding,45,43,9.284234,9.129105581395349,-0.15512841860465443,0.8980524309906286,-1.3619524459180905,-6.139842300357205,0.17640677990395245,0.9993303802855232,Not significant
GEP1Q118,1,Plasma cells,1q,protein_coding,45,43,9.007901555555556,9.162984186046511,0.1550826304909556,1.1134853913804097,0.7339922766506527,-6.7918080738933435,0.46474600112949405,0.9993303802855232,Not significant
GENE1367,1,Plasma cells,20q,protein_coding,45,43,7.6870346666666665,7.532166976744186,-0.15486768992248212,0.8982147447017731,-1.2329450072242796,-6.304823344443918,0.22061311312375195,0.9993303802855232,Not significant
MEOTH122,2,Microenvironment,12p,protein_coding,45,43,10.669430222222223,10.514566744186046,-0.1548634780361784,0.8982173670050293,-0.9183852717862586,-6.640086616537833,0.3607235814110843,0.9993303802855232,Not significant
GENE1563,2,Microenvironment,4q,protein_coding,45,43,7.6876124444444445,7.532813720930233,-0.15479872351421076,0.8982576838702814,-1.2922264510686037,-6.230977880942471,0.19938701724227947,0.9993303802855232,Not significant
GENE2458,2,Microenvironment,19q,protein_coding,45,43,7.944902666666667,8.099388139534884,0.154485472868215,1.1130245949702913,1.3541848036550488,-6.150223233477611,0.1788629982183757,0.9993303802855232,Not significant
GENE2849,0,Other,9p,protein_coding,45,43,7.260834666666667,7.415255581395349,0.1544209147286839,1.112974790134618,1.341170774703654,-6.167487540901189,0.1830359589384009,0.9993303802855232,Not significant
GENE1107,1,Plasma cells,4q,protein_coding,45,43,7.60625,7.760525348837209,0.1542753488372126,1.112862498215782,1.3067060355708857,-6.212432118477353,0.19444063148053167,0.9993303802855232,Not significant
GENE2379,0,Other,4q,protein_coding,45,43,8.167734444444445,8.013582790697674,-0.15415165374676576,0.8986606559051848,-1.3151455310017042,-6.201530672238158,0.19160011191110632,0.9993303802855232,Not significant
PCADV053,1,Plasma cells,13q,protein_coding,45,43,8.358281555555555,8.205413953488373,-0.15286760206718242,0.8994608530105196,-0.8164456389465263,-6.728090857423381,0.41627079652932397,0.9993303802855232,Not significant
GENE3250,2,Microenvironment,19q,protein_coding,45,43,10.327018,10.174224186046512,-0.15279381395349212,0.8995068580324391,-1.2611996228463815,-6.270045464365011,0.21029941425353615,0.9993303802855232,Not significant
GEP1Q90,1,Plasma cells,1q,protein_coding,45,43,7.018742888888889,7.1712613953488376,0.15251850645994836,1.1115081343355677,0.4916869810611712,-6.940161969806095,0.6240653084965004,0.9993303802855232,Not significant
PCOTH203,1,Plasma cells,20q,protein_coding,45,43,9.2476,9.095468604651163,-0.15213139534884057,0.8999199646663224,-1.3613888483233676,-6.140597432305259,0.1765841323373347,0.9993303802855232,Not significant
GENE3379,1,Plasma cells,12p,protein_coding,45,43,6.747101333333333,6.898996279069768,0.15189494573643447,1.111027822811434,1.3457971851804413,-6.1613685653187975,0.1815441785921136,0.9993303802855232,Not significant
GENE1132,0,Other,7q,protein_coding,45,43,6.737913777777778,6.889721860465117,0.1518080826873387,1.1109609310870252,1.3594238707789623,-6.143227841395536,0.1772035255674011,0.9993303802855232,Not significant
GENE3142,1,Plasma cells,19q,protein_coding,45,43,8.7298,8.578008837209302,-0.15179116279069937,0.9001322189331693,-1.3337266108328574,-6.177290735177389,0.18545566120806614,0.9993303802855232,Not significant
MEOTH069,0,Other,3q,protein_coding,45,43,8.488656666666667,8.336874883720931,-0.1517817829457364,0.9001380712636116,-0.5217592301983601,-6.924916813652401,0.6030421767379373,0.9993303802855232,Not significant
GENE3474,1,Plasma cells,10q,protein_coding,45,43,6.028996,6.180647906976744,0.15165190697674014,1.1108406730164848,1.2100319340404053,-6.332465948536637,0.22924379609055742,0.9993303802855232,Not significant
GENE2444,2,Microenvironment,15q,protein_coding,45,43,9.611062444444444,9.76262953488372,0.15156709043927385,1.1107753682310648,1.317152822667927,-6.198927855157122,0.19092909524700222,0.9993303802855232,Not significant
GENE2785,1,Plasma cells,2p,protein_coding,45,43,6.443032,6.5945983720930235,0.15156637209302204,1.1107748151542876,1.2804181183210213,-6.245954527601275,0.20348952040636267,0.9993303802855232,Not significant
GENE1529,0,Other,9p,protein_coding,45,43,10.173002888888888,10.021466976744186,-0.15153591214469486,0.900291490054431,-1.2921136864448062,-6.2311215294878135,0.19942590201070148,0.9993303802855232,Not significant
MEOTH056,2,Microenvironment,2p,protein_coding,45,43,10.818638222222223,10.970080697674419,0.15144247545220146,1.1106794274561163,1.0552984196627757,-6.5059291927766205,0.29394289136865337,0.9993303802855232,Not significant
MEOTH137,2,Microenvironment,19q,protein_coding,45,43,9.637178888888888,9.788313953488371,0.1511350645994849,1.1104427880235568,0.7645476145935556,-6.768976514211814,0.4464200690512399,0.9993303802855232,Not significant
GENE1068,2,Microenvironment,21q,protein_coding,45,43,8.775456222222223,8.92628,0.15082377777777545,1.1102032163141662,1.324380490867247,-6.189524178418871,0.18852751144929586,0.9993303802855232,Not significant
GENE2297,2,Microenvironment,9p,protein_coding,45,43,7.8720271111111115,8.022841627906978,0.150814516795867,1.110196089694465,1.216166934995172,-6.325113878207172,0.226909344140671,0.9993303802855232,Not significant
GENE2526,0,Other,10q,protein_coding,45,43,8.250952,8.100239534883722,-0.15071246511627834,0.9008054960913389,-1.3508718221578335,-6.154633432388768,0.17991842731005783,0.9993303802855232,Not significant
PCOTH089,1,Plasma cells,9p,protein_coding,45,43,9.302247555555555,9.15173441860465,-0.15051313695090762,0.9009299633601885,-1.3141315625618188,-6.202844010748326,0.19193974010433396,0.9993303802855232,Not significant
GEP1Q45,1,Plasma cells,1q,protein_coding,45,43,7.927064888888889,8.077571395348837,0.15050650645995045,1.1099590920195137,0.7712219648706424,-6.763866900657294,0.44247335861373227,0.9993303802855232,Not significant
GENE1743,0,Other,4q,protein_coding,45,43,8.365168,8.214718837209302,-0.15044916279069298,0.9009699146417137,-1.1861640114818994,-6.360725657673679,0.23849093126861381,0.9993303802855232,Not significant
GENE3177,2,Microenvironment,18q,protein_coding,45,43,7.271242666666667,7.4212820930232555,0.15003942635658518,1.1095997950939749,1.356898003023321,-6.146603715489034,0.17800213335881865,0.9993303802855232,Not significant
MEOTH099,2,Microenvironment,15q,protein_coding,45,43,9.530113555555555,9.679827441860464,0.14971388630490878,1.109349445287937,0.517840077315907,-6.926954621995601,0.6057636147353362,0.9993303802855232,Not significant
PCADV017,1,Plasma cells,13q,protein_coding,45,43,8.140599111111111,8.29020534883721,0.14960623772609694,1.1092666728151819,0.8210578237876798,-6.7243292293838115,0.41365176605546106,0.9993303802855232,Not significant
GENE2108,2,Microenvironment,15q,protein_coding,45,43,8.060385111111112,7.911086976744186,-0.14929813436692463,0.9016890241929663,-1.2752057487708044,-6.252523182341974,0.20532015379936777,0.9993303802855232,Not significant
MEOTH139,2,Microenvironment,21q,protein_coding,45,43,9.550893777777778,9.401623488372094,-0.149270289405683,0.901706427550929,-1.0345284111634419,-6.527453361522861,0.303493554166484,0.9993303802855232,Not significant
MEOTH088,2,Microenvironment,18q,protein_coding,45,43,8.244725777777777,8.393883488372094,0.14915771059431826,1.1089218606045528,0.8040363522974054,-6.738107926368505,0.4233665886949901,0.9993303802855232,Not significant
GENE2514,1,Plasma cells,10q,protein_coding,45,43,8.35962511111111,8.210647906976744,-0.14897720413436844,0.9018896289284744,-1.2957184620818754,-6.226523489456412,0.19818564607837938,0.9993303802855232,Not significant
GENE2972,0,Other,15q,protein_coding,45,43,7.581436,7.730396976744186,0.14896097674418574,1.1087706522155947,1.3225951595878922,-6.191851626152642,0.18911861992000029,0.9993303802855232,Not significant
MEOTH220,2,Microenvironment,18q,protein_coding,45,43,10.388174444444445,10.537106511627908,0.14893206718346264,1.1087484342482261,0.6192219618446559,-6.869331519789061,0.5372399049564635,0.9993303802855232,Not significant
PCOTH219,1,Plasma cells,4q,protein_coding,45,43,7.798519333333333,7.947027906976744,0.1485085736434133,1.1084230162793811,1.2439807664169118,-6.29133047912473,0.2165417398101642,0.9993303802855232,Not significant
PCFAV052,1,Plasma cells,16q,protein_coding,45,43,7.394334,7.542771395348837,0.14843739534883849,1.1083683313241248,0.9212388700205844,-6.637476782474207,0.35923977073225033,0.9993303802855232,Not significant
PCOTH154,1,Plasma cells,19q,protein_coding,45,43,8.947746666666667,8.799381395348837,-0.14836527131782695,0.9022722551299119,-1.2858451557754154,-6.239087842011642,0.20159634804583795,0.9993303802855232,Not significant
PCOTH009,1,Plasma cells,18q,protein_coding,45,43,6.655251777777778,6.803549069767442,0.14829729198966657,1.1082607004096425,1.2465281892542726,-6.28819933943477,0.2156097823856243,0.9993303802855232,Not significant
GENE2303,2,Microenvironment,20q,protein_coding,45,43,8.20561111111111,8.353785813953488,0.14817470284237722,1.1081665329256287,1.2317349214800095,-6.306295771477513,0.22106291473501619,0.9993303802855232,Not significant
GENE1555,1,Plasma cells,12p,protein_coding,45,43,7.029025111111111,6.880966976744186,-0.14805813436692095,0.9024643613213666,-1.3410563927653008,-6.16763856756346,0.1830729577974285,0.9993303802855232,Not significant
GENE3542,2,Microenvironment,3q,protein_coding,45,43,8.544507777777778,8.39649511627907,-0.1480126614987025,0.9024928068961823,-1.3030756201093838,-6.21710076423819,0.19567214684171583,0.9993303802855232,Not significant
GENE1073,0,Other,9p,protein_coding,45,43,8.455378444444445,8.603110697674419,0.1477322532299734,1.10782672952831,1.319838558082951,-6.195439326790986,0.19003403192585444,0.9993303802855232,Not significant
GENE2423,2,Microenvironment,20q,protein_coding,45,43,9.194101111111111,9.046433720930233,-0.1476673901808745,0.902708820788341,-1.284814241488156,-6.240394388654952,0.2019549658001025,0.9993303802855232,Not significant
GENE1229,0,Other,9p,protein_coding,45,43,7.046584666666667,6.899306511627907,-0.14727815503875785,0.902952401995208,-1.2622568378550638,-6.268729370412316,0.2099204983245296,0.9993303802855232,Not significant
GENE1859,0,Other,20q,protein_coding,45,43,8.707537333333333,8.854632790697675,0.14709545736434215,1.1073378501798792,1.3316327690942051,-6.18003863773412,0.18614056893659267,0.9993303802855232,Not significant
GENE1894,1,Plasma cells,19q,protein_coding,45,43,8.105268666666667,8.252084418604651,0.14681575193798402,1.1071231836189923,1.3520054461582633,-6.153125536427881,0.17955675661255407,0.9993303802855232,Not significant
GENE2934,0,Other,10q,protein_coding,45,43,10.574296222222223,10.427528372093024,-0.14676785012919957,0.9032718475698382,-1.3592469136853502,-6.143464544909985,0.17725938593320792,0.9993303802855232,Not significant
GENE3133,0,Other,2p,protein_coding,45,43,9.733158222222222,9.879835813953488,0.1466775917312635,1.1070171646477889,1.2372654589137697,-6.299554813544333,0.21901259533571546,0.9993303802855232,Not significant
MEOTH034,2,Microenvironment,4q,protein_coding,45,43,9.600708888888889,9.74709046511628,0.14638157622739456,1.1067900476076202,1.1039753149880054,-6.453848722212197,0.27236898440800705,0.9993303802855232,Not significant
GENE2039,2,Microenvironment,20q,protein_coding,45,43,7.871557777777777,8.01793511627907,0.14637733850129298,1.1067867965628377,1.2833375674572791,-6.242264113124978,0.20246946979457991,0.9993303802855232,Not significant
GENE2062,2,Microenvironment,19q,protein_coding,45,43,9.510838222222223,9.364687441860465,-0.1461507803617561,0.9036582777937056,-1.2961555207658875,-6.225965162538949,0.19803566238771472,0.9993303802855232,Not significant
GENE1471,2,Microenvironment,12p,protein_coding,45,43,8.793042666666667,8.939191162790697,0.14614849612402914,1.1066112503609478,1.285629278335851,-6.239361521714123,0.20167140492111557,0.9993303802855232,Not significant
GENE2351,2,Microenvironment,20q,protein_coding,45,43,9.903391333333333,10.049242790697674,0.14585145736434413,1.1063834318772596,1.239050205205171,-6.297373214187404,0.21835391125615555,0.9993303802855232,Not significant
MEOTH065,2,Microenvironment,19q,protein_coding,45,43,11.30072,11.446569534883722,0.14584953488371788,1.1063819575536946,0.62517804843191,-6.865629028787627,0.5333405186192137,0.9993303802855232,Not significant
GENE3841,0,Other,2p,protein_coding,45,43,6.888014,7.033715581395349,0.1457015813953486,1.1062684999815229,1.198483710004439,-6.3462072959897045,0.23368504868389295,0.9993303802855232,Not significant
PCFAV010,1,Plasma cells,11q,protein_coding,45,43,8.241711111111112,8.096017674418604,-0.14569343669250046,0.903944788729367,-0.46048521127229497,-6.955028069528119,0.6462115099110763,0.9993303802855232,Not significant
GENE3855,0,Other,4q,protein_coding,45,43,8.434299777777778,8.579976046511629,0.1456762687338511,1.1062490902285156,1.2648983321779683,-6.2654363959321415,0.20897595613840844,0.9993303802855232,Not significant
MEOTH078,2,Microenvironment,20q,protein_coding,45,43,7.160812,7.306258372093024,0.14544637209302458,1.1060728210377526,1.0428317578158701,-6.518898688267654,0.29965058399963634,0.9993303802855232,Not significant
GENE2461,1,Plasma cells,2p,protein_coding,45,43,5.795406222222223,5.650410697674419,-0.14499552454780495,0.9043821830832766,-1.3446552194605528,-6.162880835808836,0.18191154945681964,0.9993303802855232,Not significant
MEOTH177,2,Microenvironment,3q,protein_coding,45,43,9.564461111111111,9.419687441860464,-0.14477366925064672,0.9045212681984776,-0.8542166758953421,-6.696670682858559,0.39511589581507356,0.9993303802855232,Not significant
GENE2821,0,Other,2p,protein_coding,45,43,8.301079333333334,8.44583953488372,0.14476020155039038,1.1055468788885177,1.2544180610841646,-6.278462253119635,0.2127419513369027,0.9993303802855232,Not significant
GENE3706,0,Other,19q,protein_coding,45,43,7.973252,7.8284967441860465,-0.1447552558139522,0.9045328128776559,-1.1867273333571453,-6.360064978134429,0.23826964632420963,0.9993303802855232,Not significant
MEOTH209,2,Microenvironment,19q,protein_coding,45,43,7.966429555555556,8.11046465116279,0.14403509560723293,1.1049913649583316,0.6908720450701255,-6.822461444069982,0.49131652029504447,0.9993303802855232,Not significant
GENE2111,0,Other,20q,protein_coding,45,43,7.444049111111111,7.300023488372093,-0.14402562273901687,0.9049903898128309,-1.2881595363080056,-6.236150986333511,0.20079297728490134,0.9993303802855232,Not significant
GENE2291,1,Plasma cells,20q,protein_coding,45,43,8.025908,8.16957023255814,0.14366223255813715,1.1047058179781069,1.2770439767069783,-6.250209593396691,0.20467316788926662,0.9993303802855232,Not significant
GENE3033,0,Other,18q,protein_coding,45,43,7.719727777777778,7.576108372093024,-0.1436194056847544,0.9052452422106911,-1.2766135364460376,-6.250751633156976,0.2048245311987416,0.9993303802855232,Not significant
GENE1558,2,Microenvironment,19q,protein_coding,45,43,9.342031333333333,9.19888953488372,-0.14314179844960861,0.9055449751676713,-1.1705567924072768,-6.378909088760774,0.24468045814881392,0.9993303802855232,Not significant
PCOTH016,1,Plasma cells,7q,protein_coding,45,43,7.131112222222222,6.987983255813954,-0.14312896640826622,0.9055530295671851,-1.3577774811921532,-6.145428960206299,0.1777237590671528,0.9993303802855232,Not significant
GENE2298,0,Other,10q,protein_coding,45,43,8.57645488888889,8.71956,0.1431051111111099,1.1042792992285493,1.2599553250520044,-6.271593085543495,0.21074602620431565,0.9993303802855232,Not significant
PCADV055,1,Plasma cells,1p,protein_coding,45,43,8.673770888888889,8.81680976744186,0.14303887855297148,1.1042286041322409,0.5983594093742652,-6.882023022885581,0.5510121812472104,0.9993303802855232,Not significant
PCFAV005,1,Plasma cells,6p,protein_coding,45,43,7.775134666666666,7.632108372093024,-0.1430262945736489,0.9056174770745837,-0.673566983778939,-6.834246837615436,0.5022084291263762,0.9993303802855232,Not significant
GENE2272,1,Plasma cells,7q,protein_coding,45,43,7.798809777777778,7.655922093023256,-0.14288768475452418,0.9057044902696669,-1.3364667413034659,-6.173688378242659,0.18456221065456532,0.9993303802855232,Not significant
GENE2172,2,Microenvironment,21q,protein_coding,45,43,8.88357688888889,9.02643,0.1428531111111102,1.104086428196861,1.243767657139341,-6.291592139259156,0.21661983767530782,0.9993303802855232,Not significant
GENE3487,1,Plasma cells,12p,protein_coding,45,43,8.928083555555556,8.785269302325581,-0.14281425322997165,0.9057505907636938,-1.1857851485611224,-6.361169827341791,0.2386398396098733,0.9993303802855232,Not significant
GENE1539,2,Microenvironment,4q,protein_coding,45,43,8.211996222222222,8.069415581395349,-0.14258064082687127,0.9058972688200845,-1.2886535570380537,-6.2355234333948335,0.20062179990350326,0.9993303802855232,Not significant
GENE1431,2,Microenvironment,4q,protein_coding,45,43,9.565942444444444,9.423378837209302,-0.1425636072351466,0.9059079646184881,-1.2128249698920652,-6.329123296644997,0.2281788636920273,0.9993303802855232,Not significant
GENE1087,1,Plasma cells,12p,protein_coding,45,43,7.922379777777778,7.7799476744186045,-0.1424321033591731,0.9059905432888732,-1.2213448975264236,-6.31888065884143,0.224952497514212,0.9993303802855232,Not significant
GENE3650,2,Microenvironment,3q,protein_coding,45,43,8.539006444444444,8.396947441860465,-0.1420590025839772,0.9062248752005139,-1.2885478098363072,-6.235657783270089,0.2006584320346549,0.9993303802855232,Not significant
GENE3528,2,Microenvironment,21q,protein_coding,45,43,8.881426,8.739384186046511,-0.1420418139534867,0.9062356722552432,-1.3342001276926956,-6.1766687275575745,0.18530103389619643,0.9993303802855232,Not significant
PCFAV061,1,Plasma cells,6p,protein_coding,45,43,7.671041111111111,7.812986279069768,0.1419451679586583,1.1033918029915206,0.6011392780815173,-6.880356843062976,0.5491669288321143,0.9993303802855232,Not significant
GENE2307,1,Plasma cells,4q,protein_coding,45,43,8.368407777777778,8.227127674418604,-0.14128010335917374,0.9067142706794681,-1.2901248162957561,-6.2336531210860135,0.20011265180565113,0.9993303802855232,Not significant
GENE2629,2,Microenvironment,2p,protein_coding,45,43,8.147004,8.288004186046512,0.1410001860465151,1.1026693052665102,1.2087637870343058,-6.333981175826009,0.22972850098365485,0.9993303802855232,Not significant
GENE2637,0,Other,18q,protein_coding,45,43,11.035852222222221,11.176804186046512,0.14095196382428732,1.1026324490535713,1.2135931974677117,-6.32820258633199,0.2278865814860779,0.9993303802855232,Not significant
GENE3800,1,Plasma cells,15q,protein_coding,45,43,8.776086222222222,8.916919767441861,0.14083354521963543,1.1025419470183353,1.2363900302279258,-6.300623787908309,0.2193362131067441,0.9993303802855232,Not significant
GENE3410,2,Microenvironment,3q,protein_coding,45,43,7.5816711111111115,7.440858139534884,-0.14081297157623052,0.9070079042062714,-1.2650904549854363,-6.265196629593076,0.20890737931344508,0.9993303802855232,Not significant
PCOTH205,1,Plasma cells,2p,protein_coding,45,43,6.966759333333333,7.10745488372093,0.1406955503876013,1.10243649312107,1.2371598581873235,-6.299683800050508,0.2190516140384252,0.9993303802855232,Not significant
GENE1010,2,Microenvironment,3q,protein_coding,45,43,11.932849777777777,12.073418837209303,0.14056905943152032,1.1023398391997155,1.2978040974272151,-6.223857528756726,0.19747068585474195,0.9993303802855232,Not significant
GENE2338,1,Plasma cells,19q,protein_coding,45,43,8.945961333333333,8.805438604651163,-0.14052272868216775,0.9071903953593461,-1.187843313352938,-6.358755226578193,0.23783170019768882,0.9993303802855232,Not significant
PCADV034,1,Plasma cells,17p,protein_coding,45,43,5.661513333333334,5.521144651162791,-0.14036868217054455,0.9072872675139582,-0.615726300992988,-6.871488160140698,0.5395352348800283,0.9993303802855232,Not significant
GENE2723,0,Other,20q,protein_coding,45,43,7.963024666666667,7.822669767441861,-0.14035489922480693,0.9072959354240547,-1.3526896511995794,-6.15221484847281,0.1793387340543715,0.9993303802855232,Not significant
MEOTH193,2,Microenvironment,10q,protein_coding,45,43,8.357635111111112,8.217323023255814,-0.14031208785529792,0.9073228594494163,-1.1268036925649172,-6.428635748259307,0.2626399404605434,0.9993303802855232,Not significant
GENE1428,2,Microenvironment,21q,protein_coding,45,43,8.829248,8.688958837209302,-0.14028916279069925,0.907337277326958,-1.2972845191944453,-6.2245220660589995,0.19764861880176424,0.9993303802855232,Not significant
GENE1749,1,Plasma cells,18q,protein_coding,45,43,9.48608311111111,9.345802093023256,-0.14028101808785287,0.9073423996938865,-1.3357072749000432,-6.174687536407118,0.18480951851948094,0.9993303802855232,Not significant
GENE3848,0,Other,15q,protein_coding,45,43,9.638563111111111,9.49837023255814,-0.14019287855297335,0.9073978342644524,-1.2908362597431262,-6.232747972021187,0.19986679170373237,0.9993303802855232,Not significant
GENE1070,2,Microenvironment,3q,protein_coding,45,43,8.507635555555556,8.647749069767443,0.140113514211885,1.1019918194475213,1.1982053856209298,-6.34653689937517,0.2337928468566388,0.9993303802855232,Not significant
GENE0994,0,Other,19q,protein_coding,45,43,10.626651777777777,10.486841627906976,-0.13981014987079732,0.9076385873252082,-1.2507879188947497,-6.282949685224819,0.21405795109302572,0.9993303802855232,Not significant
GENE1361,2,Microenvironment,9p,protein_coding,45,43,8.475268,8.614957441860465,0.13968944186046528,1.101667942556083,1.2661604247055074,-6.26386067961619,0.20852576441772744,0.9993303802855232,Not significant
GENE2662,2,Microenvironment,19q,protein_coding,45,43,8.715787555555556,8.57632953488372,-0.13945802067183166,0.9078601483946788,-1.2076371990393928,-6.335325970977283,0.23015972061746443,0.9993303802855232,Not significant
MEOTH160,2,Microenvironment,18q,protein_coding,45,43,10.096263555555556,10.235631627906976,0.13936807235141835,1.1014225663358026,1.1296313579898278,-6.425477733262262,0.26145201936471657,0.9993303802855232,Not significant
GENE3936,0,Other,21q,protein_coding,45,43,7.792761111111111,7.653400697674418,-0.13936041343669192,0.9079215728219951,-1.3028254845645377,-6.217421972330379,0.19575721158664824,0.9993303802855232,Not significant
GENE1202,0,Other,3q,protein_coding,45,43,9.434014,9.294836279069768,-0.13917772093023117,0.908036552749056,-1.2838342928730544,-6.241635404732265,0.2022962921432547,0.9993303802855232,Not significant
MEOTH133,2,Microenvironment,10q,protein_coding,45,43,12.741807777777778,12.880946976744186,0.13913919896641147,1.1012478472793585,1.1885813130641878,-6.357888428887063,0.23754240294142595,0.9993303802855232,Not significant
GENE1578,0,Other,10q,protein_coding,45,43,8.894694222222222,8.755595813953489,-0.13909840826872966,0.9080864737464694,-1.321068389015719,-6.193839600550726,0.1896252209921622,0.9993303802855232,Not significant
MEOTH005,2,Microenvironment,19q,protein_coding,45,43,9.341845333333334,9.202766279069767,-0.1390790542635667,0.908098655966336,-0.8992722185915074,-6.657361837148058,0.3707624190589698,0.9993303802855232,Not significant
GENE1232,2,Microenvironment,15q,protein_coding,45,43,8.32360711111111,8.462657209302325,0.13905009819121616,1.101179836366345,1.2230185868654153,-6.316860386870786,0.2243226059141546,0.9993303802855232,Not significant
MEOTH022,2,Microenvironment,4q,protein_coding,45,43,8.968808,9.107781627906977,0.13897362790697976,1.1011214696977019,0.6827504952797979,-6.828029387753083,0.4964121682463051,0.9993303802855232,Not significant
GENE3336,0,Other,21q,protein_coding,45,43,8.760598222222223,8.621698837209303,-0.13889938501291965,0.9082117551040015,-1.2422473319140248,-6.293457568033542,0.21717758660873304,0.9993303802855232,Not significant
GENE3911,2,Microenvironment,20q,protein_coding,45,43,10.631744888888889,10.492895116279069,-0.13884977260982012,0.9082429878601824,-1.2973244099235675,-6.224471055169219,0.19763495374026588,0.9993303802855232,Not significant
GENE1619,0,Other,20q,protein_coding,45,43,8.273624444444444,8.41239,0.13876555555555647,1.1009626721654275,1.126979821731116,-6.428439267382135,0.26256583704744296,0.9993303802855232,Not significant
MEOTH205,2,Microenvironment,10q,protein_coding,45,43,9.75808111111111,9.896801860465116,0.13872074935400747,1.1009284797768981,0.7817703228566927,-6.755702078412814,0.43627736878301737,0.9993303802855232,Not significant
GENE3555,0,Other,4q,protein_coding,45,43,8.843149333333333,8.704436511627907,-0.13871282170542187,0.9083292088556136,-1.2797274434800292,-6.246826407491709,0.20373139593737769,0.9993303802855232,Not significant
GENE1493,2,Microenvironment,9p,protein_coding,45,43,10.464282888888889,10.602779302325581,0.1384964134366946,1.1007573011201832,1.15578117559776,-6.3959079867196245,0.2506449290879796,0.9993303802855232,Not significant
PCOTH184,1,Plasma cells,7q,protein_coding,45,43,8.019699777777777,7.881207674418604,-0.1384921033591766,0.9084681850439614,-1.3294708929601589,-6.1828714624819305,0.18684972177112294,0.9993303802855232,Not significant
GENE1940,0,Other,15q,protein_coding,45,43,8.759346444444445,8.89775023255814,0.1384037881136937,1.1006866314881831,1.1105035748517291,-6.446689865819203,0.2695615201633694,0.9993303802855232,Not significant
GENE3857,0,Other,9p,protein_coding,45,43,8.193675555555556,8.055345813953489,-0.13832974160206746,0.9085704303465574,-1.185288453840287,-6.361751931457688,0.23883516152227852,0.9993303802855232,Not significant
GENE3819,2,Microenvironment,4q,protein_coding,45,43,8.432069777777778,8.293771162790698,-0.1382986149870753,0.9085900332607298,-1.3327380562504636,-6.178588606348952,0.18577878686448057,0.9993303802855232,Not significant
GENE2841,1,Plasma cells,18q,protein_coding,45,43,7.960205333333334,7.82197511627907,-0.13823021705425997,0.9086331103847732,-1.2252256198022349,-6.314192229709127,0.2234939498346384,0.9993303802855232,Not significant
GENE1056,0,Other,21q,protein_coding,45,43,8.045974666666666,8.184166511627907,0.13819184496123782,1.1005249439151161,1.3083896215196664,-6.2102628057640725,0.19387148729164244,0.9993303802855232,Not significant
GENE1783,0,Other,12p,protein_coding,45,43,7.281200888888889,7.419177209302325,0.13797632041343721,1.1003605485175472,1.2509913262385168,-6.282698574237929,0.21398405445667829,0.9993303802855232,Not significant
GENE1340,2,Microenvironment,15q,protein_coding,45,43,8.895182666666667,8.757396976744186,-0.1377856899224863,0.9089131240346304,-1.1721840793550253,-6.3770241173454325,0.2440298090000434,0.9993303802855232,Not significant
GENE2878,1,Plasma cells,19q,protein_coding,45,43,5.4783273333333335,5.616079534883721,0.13775220155038603,1.1001896236901538,1.305896998914311,-6.213473609506839,0.19471457273597784,0.9993303802855232,Not significant
GENE3102,0,Other,10q,protein_coding,45,43,8.525297555555555,8.387729069767442,-0.13756848578811187,0.9090499752365008,-1.122704472105668,-6.4332001864875465,0.2643687637599208,0.9993303802855232,Not significant
GENE3078,2,Microenvironment,10q,protein_coding,45,43,9.134063555555555,8.996502093023256,-0.13756146253229673,0.9090544006388791,-1.128009035686425,-6.427290530000495,0.26213310565891224,0.9993303802855232,Not significant
GENE3778,0,Other,19q,protein_coding,45,43,7.582064,7.4446720930232555,-0.13739190697674175,0.9091612453132129,-1.121526170370715,-6.434509215366909,0.2648671772026608,0.9993303802855232,Not significant
GENE2429,1,Plasma cells,9p,protein_coding,45,43,9.411963333333333,9.274716046511628,-0.1372472868217045,0.9092523869799374,-1.198082942102417,-6.346681878589499,0.23384028194944237,0.9993303802855232,Not significant
GENE1347,2,Microenvironment,4q,protein_coding,45,43,11.071265555555556,11.20847534883721,0.13720979328165228,1.0997760645067047,1.2573026759959183,-6.2748874403031785,0.21170045896026368,0.9993303802855232,Not significant
GENE2603,2,Microenvironment,20q,protein_coding,45,43,8.948322222222222,9.085273023255814,0.13695080103359203,1.0995786507067327,1.1460927604643343,-6.406940240003451,0.2546113913501459,0.9993303802855232,Not significant
GENE2109,0,Other,18q,protein_coding,45,43,8.677459555555556,8.814041162790698,0.13658160723514,1.0992972983292342,1.2934381725447,-6.229433529996863,0.19896953280781146,0.9993303802855232,Not significant
GENE2052,0,Other,21q,protein_coding,45,43,10.104388222222223,10.24088953488372,0.1365013126615029,1.0992361175882566,1.1729551180317603,-6.37613009471667,0.2437219506979093,0.9993303802855232,Not significant
GENE2616,2,Microenvironment,21q,protein_coding,45,43,7.968947333333333,8.105416046511628,0.13646871317829223,1.0992112792658915,1.1159463470757358,-6.4406899126568256,0.2672363335983328,0.9993303802855232,Not significant
GENE1831,2,Microenvironment,12p,protein_coding,45,43,9.991235777777778,10.127589534883722,0.13635375710594388,1.099123695976574,1.1587493468865013,-6.392510043400927,0.2494385661379091,0.9993303802855232,Not significant
GENE2927,1,Plasma cells,20q,protein_coding,45,43,5.692341555555555,5.82863976744186,0.13629821188630586,1.0990813794161622,1.1559412883175502,-6.395724906922938,0.2505797486032913,0.9993303802855232,Not significant
GENE3940,2,Microenvironment,7q,protein_coding,45,43,7.816216222222223,7.952467906976744,0.13625168475452742,1.099045934448137,1.3586736116289408,-6.144231208662088,0.177440452726185,0.9993303802855232,Not significant
GENE3043,2,Microenvironment,12p,protein_coding,45,43,11.215601777777778,11.35182,0.13621822222222235,1.09902044296689,1.1190129249183578,-6.437296820810366,0.2659324590775932,0.9993303802855232,Not significant
PCOTH183,1,Plasma cells,4q,protein_coding,45,43,7.767757555555556,7.63205488372093,-0.13570267183461926,0.9102263952934313,-1.3400973757255354,-6.1689043384769775,0.18338339030535702,0.9993303802855232,Not significant
GENE3167,0,Other,20q,protein_coding,45,43,8.79479488888889,8.930413488372093,0.13561859948320354,1.0985637555173586,1.2902311299043416,-6.233517891956683,0.2000758977792855,0.9993303802855232,Not significant
GENE2742,2,Microenvironment,10q,protein_coding,45,43,7.211476666666667,7.347000465116279,0.13552379844961493,1.0984915700901752,1.201615205603726,-6.342493729125154,0.2324746509400116,0.9993303802855232,Not significant
GENE1757,1,Plasma cells,9p,protein_coding,45,43,7.272502888888889,7.137182325581396,-0.1353205633074932,0.9104675074625816,-1.277173971973424,-6.250045859768525,0.20462747160706024,0.9993303802855232,Not significant
GENE2490,0,Other,10q,protein_coding,45,43,8.921354888888889,9.05649046511628,0.13513557622739114,1.0981960111172144,1.0990101173759406,-6.459265987281496,0.2745178203481635,0.9993303802855232,Not significant
MEOTH003,2,Microenvironment,15q,protein_coding,45,43,10.293863555555555,10.428610465116279,0.13474690956071989,1.0979001934419048,1.0410072757089994,-6.520784124612387,0.3004921554841945,0.9993303802855232,Not significant
GENE2576,0,Other,15q,protein_coding,45,43,7.408308888888889,7.273620232558139,-0.13468865633074856,0.9108663837121685,-1.228524893409725,-6.310194934262713,0.22225935018019558,0.9993303802855232,Not significant
GENE3810,0,Other,10q,protein_coding,45,43,8.563838444444444,8.429248139534884,-0.1345903049095618,0.9109284814212993,-1.3364313601200524,-6.1737349380697415,0.18457372643282352,0.9993303802855232,Not significant
GENE3053,1,Plasma cells,9p,protein_coding,45,43,7.900471777777778,7.765970697674418,-0.13450108010335615,0.9109848203760393,-1.290368608829657,-6.233343005113204,0.2000283769124994,0.9993303802855232,Not significant
GENE2991,0,Other,4q,protein_coding,45,43,9.63296,9.498522093023256,-0.1344379069767463,0.9110247117028873,-1.3196384923575162,-6.195699430298077,0.19010059854957012,0.9993303802855232,Not significant
GENE2995,2,Microenvironment,12p,protein_coding,45,43,9.621472666666667,9.755800232558139,0.13432756589147132,1.0975811165906852,1.1607433853201021,-6.390222523314604,0.24863044103794926,0.9993303802855232,Not significant
GENE3419,0,Other,20q,protein_coding,45,43,8.546816444444444,8.412516279069768,-0.1343001653746736,0.9111116961246484,-1.187360894890207,-6.359321555718127,0.2380209456784904,0.9993303802855232,Not significant
GENE2442,2,Microenvironment,10q,protein_coding,45,43,9.417391111111112,9.551558604651163,0.13416749354005475,1.097459342661529,1.209459433340053,-6.333150183570804,0.22946252287537397,0.9993303802855232,Not significant
PCOTH133,1,Plasma cells,2p,protein_coding,45,43,7.489681333333333,7.623818372093023,0.1341370387596923,1.0974361759287683,1.2514060146836483,-6.28218650954638,0.21383345859428055,0.9993303802855232,Not significant
GENE1251,0,Other,4q,protein_coding,45,43,8.881264222222223,8.747210930232558,-0.13405329198966598,0.9112676185255463,-1.2893231092854853,-6.23467253246276,0.20038997383161394,0.9993303802855232,Not significant
GENE3955,0,Other,12p,protein_coding,45,43,9.99677288888889,9.862746744186046,-0.13402614470283858,0.9112847660691846,-1.1286313609375374,-6.426595438344933,0.2618716928959392,0.9993303802855232,Not significant
GENE1144,0,Other,7q,protein_coding,45,43,7.626981777777778,7.760989069767442,0.13400729198966577,1.0973374839720316,1.1634735378339958,-6.3870843477026185,0.24752700964671664,0.9993303802855232,Not significant
GENE3345,2,Microenvironment,18q,protein_coding,45,43,10.192514444444445,10.058593255813953,-0.13392118863048452,0.9113510644526258,-1.2515112848317183,-6.282056493954497,0.21379524165748232,0.9993303802855232,Not significant
GENE3014,0,Other,3q,protein_coding,45,43,9.198995333333333,9.065146744186046,-0.13384858914728426,0.9113969267306491,-1.1152978755799086,-6.4414062683496685,0.2675126273723421,0.9993303802855232,Not significant
GENE1875,1,Plasma cells,4q,protein_coding,45,43,8.809596222222222,8.676161162790697,-0.13343505943152323,0.9116582042160458,-1.1085628031703971,-6.4488224026035255,0.2703940303241338,0.9993303802855232,Not significant
GENE1903,1,Plasma cells,12p,protein_coding,45,43,6.7630593333333335,6.629860930232558,-0.13319840310077424,0.9118077627685444,-1.281972157778706,-6.243991109561379,0.20294606959661368,0.9993303802855232,Not significant
GENE2556,0,Other,21q,protein_coding,45,43,8.166179111111111,8.29935441860465,0.13317530749354134,1.0967048453687485,1.1315442896404024,-6.423336948722891,0.2606505264495672,0.9993303802855232,Not significant
GENE2566,0,Other,19q,protein_coding,45,43,7.705411111111111,7.5724688372093025,-0.1329422739018069,0.9119696551417341,-1.2120237213984697,-6.330082979856117,0.2284839980042414,0.9993303802855232,Not significant
GENE2114,0,Other,3q,protein_coding,45,43,8.286868,8.419657674418605,0.13278967441860168,1.096411734814712,1.273356629550018,-6.254847229663811,0.2059724950826927,0.9993303802855232,Not significant
GENE3191,0,Other,20q,protein_coding,45,43,8.144198222222222,8.276903023255814,0.13270480103359006,1.096347235086439,1.3098792303087006,-6.208341187445561,0.19336895462417397,0.9993303802855232,Not significant
GENE3835,1,Plasma cells,12p,protein_coding,45,43,7.977199111111111,7.844501627906976,-0.1326974832041321,0.9121244076169699,-1.0998846776769513,-6.458313527909743,0.2741384776159258,0.9993303802855232,Not significant
GENE1286,2,Microenvironment,3q,protein_coding,45,43,10.46744111111111,10.334941627906977,-0.1324994832041373,0.9122495990269703,-1.1939735512532201,-6.351539263544353,0.23543629589633824,0.9993303802855232,Not significant
GENE2408,2,Microenvironment,15q,protein_coding,45,43,9.230805555555555,9.098393255813953,-0.13241229974160262,0.9123047288220163,-1.3430374681582493,-6.165021059136452,0.1824329392035978,0.9993303802855232,Not significant
GENE2613,0,Other,18q,protein_coding,45,43,11.241340666666666,11.373658837209302,0.13231817054263573,1.09605346234552,1.1727364096476587,-6.376383746043265,0.24380924784002836,0.9993303802855232,Not significant
GENE1072,1,Plasma cells,7q,protein_coding,45,43,9.007057777777778,8.874933023255814,-0.13212475452196237,0.9124865794560478,-1.2096158263741195,-6.332963298651587,0.22940275715922,0.9993303802855232,Not significant
GENE1124,2,Microenvironment,15q,protein_coding,45,43,9.913109333333333,9.780986744186047,-0.13212258914728814,0.9124879490294895,-1.0733286286223132,-6.486905485004252,0.28581977977436585,0.9993303802855232,Not significant
GENE2588,2,Microenvironment,15q,protein_coding,45,43,10.023304666666666,9.891282558139535,-0.13202210852713137,0.9125515040743143,-1.188967478203602,-6.3574346607450565,0.23739112615355404,0.9993303802855232,Not significant
GENE1915,1,Plasma cells,12p,protein_coding,45,43,5.860764666666666,5.728789302325581,-0.13197536434108414,0.9125810717702794,-1.3061349653380634,-6.213167334593542,0.19463396704272326,0.9993303802855232,Not significant
GENE1071,0,Other,4q,protein_coding,45,43,8.656909333333333,8.525106744186047,-0.1318025891472825,0.9126903677813539,-1.1360333597158074,-6.418299332477191,0.2587764498448947,0.9993303802855232,Not significant
PCOTH162,1,Plasma cells,10q,protein_coding,45,43,8.761160666666667,8.629405581395348,-0.1317550852713154,0.9127204205940462,-1.2042516301514359,-6.339359966753579,0.23145911888999152,0.9993303802855232,Not significant
GENE3105,1,Plasma cells,18q,protein_coding,45,43,6.705704666666667,6.574235813953488,-0.1314688527131782,0.9129015234684293,-1.2069007202384765,-6.336204439922463,0.23044193552347605,0.9993303802855232,Not significant
PCOTH036,1,Plasma cells,21q,protein_coding,45,43,8.198162666666667,8.067146976744185,-0.13101568992247792,0.9131883186464347,-1.1365187907132381,-6.4177534206878395,0.25857436398439476,0.9993303802855232,Not significant
GENE2959,2,Microenvironment,12p,protein_coding,45,43,10.462875333333333,10.331928372093023,-0.1309469612403138,0.9132318231452518,-1.2399469652894337,-6.296275902823801,0.21802349642027624,0.9993303802855232,Not significant
PCOTH042,1,Plasma cells,10q,protein_coding,45,43,7.210726222222222,7.079981860465116,-0.13074436175710602,0.9133600784466832,-1.1076693642106108,-6.449802899229586,0.270777879640414,0.9993303802855232,Not significant
GENE1562,1,Plasma cells,3q,protein_coding,45,43,7.012098222222222,7.142813488372093,0.13071526614986873,1.094836369863973,1.259106349523639,-6.272648168521686,0.21105114606039807,0.9993303802855232,Not significant
GENE1420,0,Other,7q,protein_coding,45,43,10.129792222222223,10.260446976744186,0.13065475452196829,1.094790449596846,1.0161886774580775,-6.546111190491147,0.31209901020270864,0.9993303802855232,Not significant
GENE3328,1,Plasma cells,7q,protein_coding,45,43,8.51404311111111,8.383423255813954,-0.13061985529715692,0.9134389060117631,-1.1290792907336467,-6.42609490261407,0.26168364963743324,0.9993303802855232,Not significant
GENE3147,2,Microenvironment,4q,protein_coding,45,43,9.584356666666666,9.714903953488372,0.1305472868217059,1.094708900671702,1.084045768423247,-6.47544875990875,0.28106509737368435,0.9993303802855232,Not significant
MEOTH225,2,Microenvironment,3q,protein_coding,45,43,9.011612,8.881081395348836,-0.1305306046511614,0.913495416592243,-0.777927242882048,-6.758689447100805,0.4385288495914952,0.9993303802855232,Not significant
GENE1889,2,Microenvironment,9p,protein_coding,45,43,9.290139333333332,9.420611627906977,0.13047229457364828,1.09465199845365,1.1597369450832637,-6.391377568841748,0.2490380888937226,0.9993303802855232,Not significant
GENE3786,2,Microenvironment,10q,protein_coding,45,43,10.080115555555555,9.949860697674419,-0.13025485788113578,0.9136700324864799,-1.2942312597603618,-6.228421975911805,0.19869663548887945,0.9993303802855232,Not significant
GENE2894,1,Plasma cells,3q,protein_coding,45,43,8.317111777777777,8.186997441860465,-0.1301143359173107,0.9137590304774612,-1.1817171179529489,-6.365930405810375,0.2402429397281686,0.9993303802855232,Not significant
GENE1895,2,Microenvironment,20q,protein_coding,45,43,10.646915111111111,10.77695,0.13003488888888448,1.0943201650329937,1.1261596319831144,-6.42935397540828,0.262911043110354,0.9993303802855232,Not significant
GENE1127,1,Plasma cells,20q,protein_coding,45,43,7.459686222222222,7.329744418604651,-0.12994180361756857,0.9138683137076142,-1.1455282532852404,-6.407580262666373,0.2548438618294296,0.9993303802855232,Not significant
GEP1Q67,1,Plasma cells,1q,protein_coding,45,43,7.135525555555556,7.005671162790698,-0.12985439276485966,0.9139236853740569,-0.597299284892456,-6.882656414582954,0.5517166975783824,0.9993303802855232,Not significant
GENE3558,2,Microenvironment,10q,protein_coding,45,43,9.100423333333334,9.23018976744186,0.12976643410853228,1.0941165543320257,1.1097423055272404,-6.447526788420467,0.26988785980711155,0.9993303802855232,Not significant
PCOTH233,1,Plasma cells,9p,protein_coding,45,43,8.423639111111111,8.55312069767442,0.12948158656330477,1.093900551891477,1.3101506297178978,-6.207990850886351,0.19327750038632024,0.9993303802855232,Not significant
GENE1200,0,Other,21q,protein_coding,45,43,9.978589111111111,9.84919046511628,-0.12939864599483109,0.9142124390965546,-1.0899249929057913,-6.469116644258473,0.2784800592016173,0.9993303802855232,Not significant
MEOTH038,2,Microenvironment,12p,protein_coding,45,43,9.41843,9.547816279069767,0.1293862790697684,1.0938282888884285,0.9130216627837792,-6.644970519704811,0.36352309763778345,0.9993303802855232,Not significant
GENE2700,0,Other,21q,protein_coding,45,43,9.909117555555556,9.779823488372093,-0.12929406718346037,0.9142787113944474,-1.289248913396415,-6.234766845386883,0.20041565365983308,0.9993303802855232,Not significant
GENE2267,2,Microenvironment,20q,protein_coding,45,43,9.76706488888889,9.896225813953489,0.1291609250646033,1.0936574424323788,1.1207938381134699,-6.435322121946969,0.2651772798740224,0.9993303802855232,Not significant
PCFAV053,1,Plasma cells,6p,protein_coding,45,43,9.154032222222222,9.283091627906977,0.1290594056847496,1.093580486793182,0.516596176310606,-6.92759820846597,0.6066285388112256,0.9993303802855232,Not significant
GENE1139,1,Plasma cells,20q,protein_coding,45,43,7.593557777777778,7.722608837209302,0.1290510594315224,1.0935741602494515,1.1462076516945188,-6.406809941930628,0.25456409619016956,0.9993303802855232,Not significant
MEOTH121,2,Microenvironment,10q,protein_coding,45,43,9.555606888888889,9.684603488372094,0.12899659948320696,1.0935328799604853,0.9348184815763008,-6.624948232957738,0.3522321482378481,0.9993303802855232,Not significant
GENE1271,1,Plasma cells,20q,protein_coding,45,43,9.258140222222222,9.387133488372093,0.12899326614987494,1.0935303533659633,1.1412657972795976,-6.412403014543104,0.2566040303759724,0.9993303802855232,Not significant
GENE3454,1,Plasma cells,19q,protein_coding,45,43,7.124354888888889,7.253343953488372,0.128989064599482,1.0935271686900163,1.1064405519202407,-6.451150189840007,0.27130643522080206,0.9993303802855232,Not significant
PCOTH020,1,Plasma cells,15q,protein_coding,45,43,5.7848675555555555,5.655956976744186,-0.1289105788113698,0.9145217716726501,-1.145126404499999,-6.408035680835514,0.25500943906036067,0.9993303802855232,Not significant
GENE1820,0,Other,15q,protein_coding,45,43,8.449427333333333,8.320606744186046,-0.12882058914728667,0.9145788177367513,-1.2229632766210081,-6.316927193432115,0.2243434013991658,0.9993303802855232,Not significant
GENE1712,1,Plasma cells,15q,protein_coding,45,43,9.188324666666666,9.059572325581396,-0.12875234108527422,0.9146220837815489,-1.0909895308092183,-6.467966530471743,0.27801375485235025,0.9993303802855232,Not significant
GENE3368,2,Microenvironment,15q,protein_coding,45,43,8.18435911111111,8.312966744186046,0.12860763307493173,1.0932380912417579,1.1783798203475209,-6.369823987480345,0.24156382201884766,0.9993303802855232,Not significant
GENE3760,0,Other,7q,protein_coding,45,43,8.006578222222222,8.135147441860465,0.12856921963824064,1.0932089828911102,1.1640635735418263,-6.386405189099038,0.24728899632162835,0.9993303802855232,Not significant
GENE2113,1,Plasma cells,2p,protein_coding,45,43,7.628780444444445,7.500266511627907,-0.12851393281654033,0.9147732394168286,-1.130342783083592,-6.424681980820297,0.2611537398342733,0.9993303802855232,Not significant
GENE2679,1,Plasma cells,4q,protein_coding,45,43,6.650170222222222,6.77857,0.12839977777778078,1.0930805950604643,1.2050142037225613,-6.338452298382197,0.23116597854529777,0.9993303802855232,Not significant
GENE1845,1,Plasma cells,18q,protein_coding,45,43,7.780290444444445,7.652083488372093,-0.12820695607235422,0.9149679056357359,-1.1174638812506539,-6.439011932589112,0.2665905380485495,0.9993303802855232,Not significant
GENE2206,0,Other,19q,protein_coding,45,43,8.508400444444444,8.380240465116279,-0.12815997932816003,0.9149976991207258,-1.109390329337911,-6.447913554171312,0.27003883737985995,0.9993303802855232,Not significant
MEOTH131,2,Microenvironment,7q,protein_coding,45,43,11.131946666666666,11.260101627906977,0.1281549612403179,1.0928951216965508,0.9658789321424431,-6.595615520314121,0.33653665147549183,0.9993303802855232,Not significant
GENE1939,2,Microenvironment,12p,protein_coding,45,43,11.181544,11.053422790697674,-0.1281212093023214,0.9150222884899929,-1.2102597749157793,-6.3321935528624005,0.22915679026962987,0.9993303802855232,Not significant
GENE3951,1,Plasma cells,4q,protein_coding,45,43,8.244098444444445,8.11612,-0.12797844444444628,0.9151128408846498,-1.1986361263231609,-6.346026766730732,0.2336260312913682,0.9993303802855232,Not significant
PCOTH039,1,Plasma cells,4q,protein_coding,45,43,7.182129333333333,7.3100858139534886,0.1279564806201563,1.092744775591073,1.1984607279096966,-6.346234515161655,0.23369394855267706,0.9993303802855232,Not significant
GENE2215,0,Other,12p,protein_coding,45,43,6.856637555555555,6.728686511627907,-0.12795104392765122,0.9151302214135713,-1.3504777684445393,-6.155157299924529,0.18004427466655154,0.9993303802855232,Not significant
GENE2333,1,Plasma cells,9p,protein_coding,45,43,8.491099111111112,8.363190697674419,-0.1279084134366908,0.9151572631832627,-1.1792863295760974,-6.368767432835071,0.24120451857239483,0.9993303802855232,Not significant
GENE1536,0,Other,21q,protein_coding,45,43,8.294789111111111,8.422696744186046,0.1279076330749369,1.09270777747665,1.2125258685916653,-6.329481612611604,0.22829273401168496,0.9993303802855232,Not significant
GENE2964,2,Microenvironment,21q,protein_coding,45,43,8.324810888888889,8.452662325581395,0.12785143669251298,1.0926652147544829,1.3025420095018465,-6.217785920975713,0.19585364753027576,0.9993303802855232,Not significant
GENE3246,2,Microenvironment,10q,protein_coding,45,43,9.386498222222222,9.514329069767442,0.12783084754522278,1.09264962110241,1.2132628181690073,-6.328598610705401,0.22801224537841688,0.9993303802855232,Not significant
GENE1877,1,Plasma cells,9p,protein_coding,45,43,7.526060888888889,7.398284186046512,-0.12777670284237708,0.9152408161212904,-1.1249899671057004,-6.430657310186805,0.2634038885627955,0.9993303802855232,Not significant
GENE3063,2,Microenvironment,4q,protein_coding,45,43,9.497127333333333,9.624838372093024,0.12771103875968137,1.0925588856490471,1.0452669168627207,-6.516377145231908,0.29852981815887136,0.9993303802855232,Not significant
GENE3886,2,Microenvironment,19q,protein_coding,45,43,7.933100444444444,7.805511627906977,-0.1275888165374699,0.9153600183145149,-1.1687515898424954,-6.38099717234568,0.24540369041925408,0.9993303802855232,Not significant
GENE2160,1,Plasma cells,21q,protein_coding,45,43,7.3800942222222226,7.252569302325582,-0.12752491989663994,0.915400560302878,-1.1587954578092572,-6.392457189079576,0.2494198577022754,0.9993303802855232,Not significant
GENE2800,1,Plasma cells,7q,protein_coding,45,43,8.776728222222221,8.904194186046512,0.1274659638242852,1.0923733051559277,1.0857397006609613,-6.473627766127805,0.28031860059495817,0.9993303802855232,Not significant
GENE1702,2,Microenvironment,19q,protein_coding,45,43,10.960941333333333,10.833509069767441,-0.12743226356588977,0.9154593533107025,-1.2828550956674483,-6.242874555618639,0.2026377831017921,0.9993303802855232,Not significant
GENE3846,2,Microenvironment,10q,protein_coding,45,43,6.865999777777778,6.993368372093023,0.1273685943152465,1.092299581839389,1.0653544154980092,-6.49535790314799,0.28939318724572555,0.9993303802855232,Not significant
GENE1213,0,Other,2p,protein_coding,45,43,7.9159328888888885,8.043262790697675,0.12732990180878723,1.0922702871924375,1.1362445478410734,-6.418061859905591,0.25868851816373795,0.9993303802855232,Not significant
GENE2472,2,Microenvironment,21q,protein_coding,45,43,9.157321333333334,9.284563720930233,0.12724238759690465,1.0922040318359931,1.2222273128857652,-6.31781584965946,0.2246202414566744,0.9993303802855232,Not significant
GENE3240,0,Other,21q,protein_coding,45,43,9.336895111111112,9.209687674418605,-0.12720743669250822,0.915602027885995,-1.1632318062937128,-6.387362495331488,0.247624568275147,0.9993303802855232,Not significant
GENE1014,2,Microenvironment,10q,protein_coding,45,43,8.664980444444444,8.537847441860466,-0.12713300258397986,0.9156492684856516,-1.2019962216533868,-6.342041249668928,0.23232768805516382,0.9993303802855232,Not significant
GENE2766,1,Plasma cells,10q,protein_coding,45,43,7.625339555555556,7.498225813953488,-0.12711374160206645,0.9156614931216478,-1.0283611269325719,-6.533764040161018,0.30636934819805045,0.9993303802855232,Not significant
GENE1039,2,Microenvironment,12p,protein_coding,45,43,9.681961777777778,9.808917674418604,0.1269558966408315,1.0919871630578106,1.137869417622621,-6.41623332230095,0.25801268007409284,0.9993303802855232,Not significant
PCADV065,1,Plasma cells,13q,protein_coding,45,43,5.8815917777777775,5.7546890697674415,-0.12690270801033865,0.9157954434450963,-0.7479573741850084,-6.781487245591564,0.4563179857404609,0.9993303802855232,Not significant
PCOTH067,1,Plasma cells,12p,protein_coding,45,43,6.463058888888889,6.589783488372093,0.12672459948320647,1.0918121064628734,1.2087546768593347,-6.333992055414191,0.2297319857066108,0.9993303802855232,Not significant
MEOTH127,2,Microenvironment,21q,protein_coding,45,43,6.866586222222223,6.99329488372093,0.12670866149870985,1.0918000448782599,0.6429076080233235,-6.854399757502424,0.5218198069484826,0.9993303802855232,Not significant
GENE2488,0,Other,7q,protein_coding,45,43,6.515742,6.389041162790698,-0.12670083720930148,0.9159235961657747,-1.103837283077334,-6.4539996432059095,0.27242856335633747,0.9993303802855232,Not significant
GENE3489,0,Other,18q,protein_coding,45,43,6.248652222222222,6.122035813953488,-0.126616408268732,0.915977199123762,-1.062014089064998,-6.498880255981758,0.290899100916853,0.9993303802855232,Not significant
GENE3754,2,Microenvironment,19q,protein_coding,45,43,9.267605333333334,9.141098372093023,-0.1265069612403078,0.916046690445537,-1.1157261446013402,-6.44093321215776,0.26733013274824846,0.9993303802855232,Not significant
GENE1131,2,Microenvironment,4q,protein_coding,45,43,10.641966666666667,10.768468139534884,0.12650147286821856,1.0916432603137611,1.1892711989154574,-6.3570776694274445,0.23727219482162917,0.9993303802855232,Not significant
GENE3254,1,Plasma cells,3q,protein_coding,45,43,9.124718444444444,8.99823023255814,-0.12648821188630954,0.9160585955223531,-1.168546001396043,-6.381234778543204,0.24548615341429167,0.9993303802855232,Not significant
GENE3820,2,Microenvironment,7q,protein_coding,45,43,7.576432666666666,7.449990697674418,-0.12644196899224713,0.9160879585396915,-1.2841038911768803,-6.241294074122471,0.2022023456853502,0.9993303802855232,Not significant
GENE1329,2,Microenvironment,18q,protein_coding,45,43,7.747047111111111,7.873408604651162,0.12636149354005077,1.0915373473710284,1.1424357284577258,-6.411081038607755,0.25612005924502235,0.9993303802855232,Not significant
GENE3178,0,Other,19q,protein_coding,45,43,8.690340888888889,8.56409023255814,-0.1262506563307486,0.9162094470327091,-1.288190021410154,-6.236112267933818,0.2007824111134685,0.9993303802855232,Not significant
GENE2485,1,Plasma cells,2p,protein_coding,45,43,10.087951111111112,9.961739534883721,-0.12621157622739076,0.9162342658917418,-1.083683504847177,-6.475837836772214,0.28122492058726567,0.9993303802855232,Not significant
GENE3071,2,Microenvironment,20q,protein_coding,45,43,9.780925555555555,9.65474976744186,-0.12617578811369334,0.916256994674929,-1.05439408040001,-6.506875073304272,0.2943544229569402,0.9993303802855232,Not significant
GENE3394,1,Plasma cells,19q,protein_coding,45,43,9.410454222222222,9.28442488372093,-0.12602933850129006,0.9163500096842134,-1.0752968599604682,-6.484809753911824,0.28494245544779234,0.9993303802855232,Not significant
GENE2722,2,Microenvironment,19q,protein_coding,45,43,8.765128888888889,8.639110697674418,-0.12601819121447022,0.9163570900827449,-1.0656831209544622,-6.495010701626855,0.2892452862744582,0.9993303802855232,Not significant
GENE2663,1,Plasma cells,20q,protein_coding,45,43,5.5894639999999995,5.463447674418605,-0.12601632558139286,0.9163582750782948,-1.0632643513475224,-6.497563127240346,0.29033482159225643,0.9993303802855232,Not significant
GENE2430,1,Plasma cells,10q,protein_coding,45,43,8.191434666666666,8.317434186046512,0.12599951937984777,1.0912635135107982,1.1210930884863337,-6.43499000925253,0.2650505330198586,0.9993303802855232,Not significant
PCOTH046,1,Plasma cells,19q,protein_coding,45,43,7.584018222222222,7.458088837209302,-0.1259293850129204,0.916413498883515,-1.1096286591759164,-6.44765168072194,0.26993660113549767,0.9993303802855232,Not significant
MEOTH041,2,Microenvironment,19q,protein_coding,45,43,9.449045333333334,9.57464,0.1255946666666663,1.090957323361206,0.7671506145826616,-6.766988980117256,0.44487843399540095,0.9993303802855232,Not significant
GENE1545,2,Microenvironment,18q,protein_coding,45,43,11.210254444444445,11.084666046511629,-0.12558839793281606,0.9166301226922896,-1.1346365805711243,-6.419868872856242,0.2593585517364147,0.9993303802855232,Not significant
GENE1463,1,Plasma cells,20q,protein_coding,45,43,9.244369777777777,9.118787441860466,-0.12558233591731494,0.9166339742600355,-1.109692529141288,-6.44758149199573,0.2699092074471581,0.9993303802855232,Not significant
GENE3458,0,Other,3q,protein_coding,45,43,7.709772444444445,7.58424,-0.1255324444444419,0.9166656739668572,-1.0370335240109514,-6.524879466087913,0.302330644588652,0.9993303802855232,Not significant
GENE1914,1,Plasma cells,10q,protein_coding,45,43,9.029232,8.903925581395349,-0.12530641860464797,0.9168092984709254,-1.044129585514573,-6.517555537256135,0.2990529130822973,0.9993303802855232,Not significant
PCOTH075,1,Plasma cells,4q,protein_coding,45,43,9.943359555555556,9.818054883720931,-0.12530467183462335,0.916810408515616,-1.0591715240179869,-6.501869214908584,0.29218481886774356,0.9993303802855232,Not significant
GENE3974,2,Microenvironment,3q,protein_coding,45,43,9.662938444444444,9.537734418604652,-0.12520402583979262,0.9168743697213477,-1.2401675601598667,-6.296005856358593,0.2179422733272684,0.9993303802855232,Not significant
GENE2852,0,Other,15q,protein_coding,45,43,7.867601777777778,7.742430930232558,-0.12517084754522045,0.9168954557283413,-1.1822213580096825,-6.365341185626739,0.2400438149658366,0.9993303802855232,Not significant
GENE1900,0,Other,7q,protein_coding,45,43,8.154442444444445,8.02950465116279,-0.12493779328165822,0.9170435838147476,-1.2841907116529367,-6.241184138493992,0.2021720983794545,0.9993303802855232,Not significant
GENE1359,2,Microenvironment,4q,protein_coding,45,43,9.369525777777778,9.49440465116279,0.12487887338501835,1.0904161790370428,1.1629767784241056,-6.3876558814451965,0.24772752270337983,0.9993303802855232,Not significant
GENE2142,2,Microenvironment,10q,protein_coding,45,43,7.857418666666667,7.982291627906977,0.12487296124031122,1.0904117105354887,1.0272967046229025,-6.534849477087525,0.30686753659283394,0.9993303802855232,Not significant
GENE1077,2,Microenvironment,18q,protein_coding,45,43,8.904250222222222,8.779477674418604,-0.12477254780361591,0.9171486274864371,-1.1159150601624983,-6.44072448410349,0.2672496594128684,0.9993303802855232,Not significant
PCOTH129,1,Plasma cells,18q,protein_coding,45,43,6.012200666666667,6.136877674418605,0.12467700775193702,1.0902636158500394,1.2265835164371426,-6.312548306232982,0.22298521817132394,0.9993303802855232,Not significant
GENE1765,0,Other,2p,protein_coding,45,43,10.141292,10.016641860465116,-0.12465013953488402,0.9172264480481991,-1.1633350860502745,-6.387243663680809,0.24758288302430512,0.9993303802855232,Not significant
GENE3479,2,Microenvironment,20q,protein_coding,45,43,9.697494222222222,9.82201,0.12451577777777345,1.090141779046295,1.1502319579440101,-6.40223796294455,0.2529113993767631,0.9993303802855232,Not significant
GENE1466,0,Other,3q,protein_coding,45,43,8.032805333333334,8.157021162790699,0.12421582945736276,1.0899151530462423,1.323687225906592,-6.190428312903773,0.18875688117069608,0.9993303802855232,Not significant
GENE1341,1,Plasma cells,18q,protein_coding,45,43,6.851528444444444,6.7273948837209305,-0.12413356072351522,0.9175549336769369,-1.10617386492643,-6.451442397500332,0.27142124146260177,0.9993303802855232,Not significant
GENE1651,2,Microenvironment,12p,protein_coding,45,43,7.943425777777778,7.819347906976744,-0.12407787080103372,0.9175903531855157,-1.1532561071485656,-6.3987919980130545,0.25167445242482483,0.9993303802855232,Not significant
GENE3862,1,Plasma cells,19q,protein_coding,45,43,8.002268888888889,8.126339302325581,0.12407041343669079,1.0898053009065525,1.1222270139705526,-6.433730777717989,0.26457064603070796,0.9993303802855232,Not significant
GENE1607,0,Other,20q,protein_coding,45,43,10.392024444444445,10.515978837209301,0.12395439276486009,1.0897176629403735,1.0982938738576578,-6.460045478061155,0.274828763898317,0.9993303802855232,Not significant
GENE1674,1,Plasma cells,10q,protein_coding,45,43,7.904092222222222,8.02796,0.1238677777777788,1.0896522415967356,1.208388710757104,-6.334429035103997,0.22987200257993864,0.9993303802855232,Not significant
GENE1023,2,Microenvironment,4q,protein_coding,45,43,8.991805333333334,9.115478604651162,0.1236732713178359,1.0895053428361692,1.1282016890885496,-6.4270753901707645,0.2620521604750449,0.9993303802855232,Not significant
GENE3251,2,Microenvironment,20q,protein_coding,45,43,6.45665,6.580306046511628,0.12365604651162698,1.0894923349545083,1.2672287786051704,-6.262525657645594,0.20814523810434796,0.9993303802855232,Not significant
PCFAV035,1,Plasma cells,5q,protein_coding,45,43,7.021494,6.897838372093023,-0.12365562790697826,0.9178589495964,-0.7766428516739765,-6.759684611357791,0.4392828240795874,0.9993303802855232,Not significant
GENE3707,2,Microenvironment,20q,protein_coding,45,43,7.722568,7.846043023255814,0.1234750232558115,1.089355638652652,1.1926534810055651,-6.353096176888325,0.23595064557215362,0.9993303802855232,Not significant
PCFAV041,1,Plasma cells,6p,protein_coding,45,43,8.967625111111111,9.090997209302326,0.1233720981912203,1.0892779243770272,0.6577611786451053,-6.844752417288792,0.5122689603961883,0.9993303802855232,Not significant
GENE1057,0,Other,2p,protein_coding,45,43,8.704962222222223,8.581687209302325,-0.12327501291989762,0.9181011331138111,-1.1058998574704788,-6.451742554653088,0.2715392342937316,0.9993303802855232,Not significant
GENE1030,1,Plasma cells,19q,protein_coding,45,43,8.747605333333333,8.62438534883721,-0.12321998449612437,0.9181361527266321,-1.0737228460472683,-6.48648603075798,0.2856439119820976,0.9993303802855232,Not significant
GENE2997,2,Microenvironment,18q,protein_coding,45,43,8.838162888888888,8.961370930232558,0.12320804134366803,1.0891540635907768,1.0921413465856942,-6.466720889386444,0.2775098282167576,0.9993303802855232,Not significant
GENE1350,1,Plasma cells,10q,protein_coding,45,43,7.758098444444444,7.881256744186047,0.1231582997416032,1.089116512110705,1.1469902123121616,-6.405922102432298,0.25424211898281135,0.9993303802855232,Not significant
MEOTH170,2,Microenvironment,12p,protein_coding,45,43,10.342955555555555,10.466101860465116,0.12314630490956446,1.089107457033259,0.896048582870415,-6.660240304106755,0.37247278767611636,0.9993303802855232,Not significant
GENE2425,2,Microenvironment,2p,protein_coding,45,43,9.063349111111112,8.940428837209302,-0.12292027390180849,0.9183269094070851,-1.169935255339385,-6.379628376129178,0.24492929763612004,0.9993303802855232,Not significant
GENE1622,2,Microenvironment,3q,protein_coding,45,43,7.913880666666667,8.036722558139536,0.12284189147287172,1.0888776759921661,1.2082455309495792,-6.3345999631956955,0.22992679926176604,0.9993303802855232,Not significant
GENE1140,1,Plasma cells,21q,protein_coding,45,43,8.874158444444445,8.751331162790697,-0.12282728165375012,0.9183861042012977,-1.1777803917992973,-6.370522200037104,0.24180162122389195,0.9993303802855232,Not significant
GENE2450,2,Microenvironment,3q,protein_coding,45,43,9.121637333333334,8.998816976744186,-0.12282035658914481,0.9183905125469204,-1.0231850390772697,-6.539031991680094,0.30879706242089944,0.9993303802855232,Not significant
GENE1661,0,Other,9p,protein_coding,45,43,7.123272888888889,7.000452790697675,-0.12282009819121154,0.9183906770378383,-1.187188456974917,-6.359523932878311,0.23808861666394843,0.9993303802855232,Not significant
GEP1Q113,1,Plasma cells,1q,protein_coding,45,43,7.407162222222222,7.529914651162791,0.12275242894057126,1.0888101560165555,0.6747109821968355,-6.8334768711400615,0.5014844060308679,0.9993303802855232,Not significant
PCOTH148,1,Plasma cells,7q,protein_coding,45,43,9.756021777777777,9.878592790697674,0.12257101291989692,1.0886732489216076,1.0516991892717742,-6.5096890576700766,0.2955830945382163,0.9993303802855232,Not significant
GENE1272,0,Other,21q,protein_coding,45,43,9.004203777777779,8.881776976744186,-0.12242680103359582,0.9186410762358881,-1.359469588522456,-6.143166683049801,0.1771890959297768,0.9993303802855232,Not significant
GENE3878,0,Other,3q,protein_coding,45,43,8.249360222222222,8.127052558139535,-0.12230766408269034,0.9187169402353736,-0.994682572154168,-6.567574218983361,0.32239635531817457,0.9993303802855232,Not significant
GENE3641,1,Plasma cells,9p,protein_coding,45,43,9.376998444444444,9.25475534883721,-0.12224309560723867,0.9187580587517554,-1.116003399698866,-6.44062686815787,0.2672120347712281,0.9993303802855232,Not significant
PCOTH213,1,Plasma cells,18q,protein_coding,45,43,5.8367642222222225,5.95899511627907,0.12223089405684728,1.0884166218080549,1.0893704390477346,-6.469715343676821,0.27872318696961973,0.9993303802855232,Not significant
GENE2527,0,Other,12p,protein_coding,45,43,7.744956666666667,7.622746046511628,-0.12221062015503925,0.9187787404747787,-1.1549506318135403,-6.396857270637038,0.2509832291072988,0.9993303802855232,Not significant
PCOTH126,1,Plasma cells,10q,protein_coding,45,43,8.280135333333334,8.402078604651162,0.12194327131783034,1.088199651376167,1.2605541082284186,-6.270848520970964,0.21053101990098436,0.9993303802855232,Not significant
GENE3625,0,Other,2p,protein_coding,45,43,9.347709111111111,9.469578372093023,0.12186926098191542,1.0881438281053502,0.9681974036563814,-6.593388299840719,0.33538368714395816,0.9993303802855232,Not significant
GENE1701,1,Plasma cells,18q,protein_coding,45,43,9.028348888888889,9.150163023255814,0.12181413436692878,1.0881022499906936,1.0469524945580593,-6.5146284078285674,0.29775570924237627,0.9993303802855232,Not significant
PCOTH077,1,Plasma cells,9p,protein_coding,45,43,6.126864666666667,6.005089534883721,-0.12177513178294497,0.9190561226255274,-0.9907585796273234,-6.5714418539092545,0.3242992225886995,0.9993303802855232,Not significant
GENE1732,2,Microenvironment,7q,protein_coding,45,43,7.523641555555556,7.401885813953489,-0.12175574160206626,0.91906847505186,-1.166291314588524,-6.383837938347928,0.24639181997180748,0.9993303802855232,Not significant
GENE3958,0,Other,19q,protein_coding,45,43,8.517661333333333,8.396061860465116,-0.12159947286821371,0.9191680313970896,-1.0492202754653421,-6.5122713074635765,0.29671637222497993,0.9993303802855232,Not significant
GENE1446,0,Other,10q,protein_coding,45,43,9.830446666666667,9.95198976744186,0.12154310077519881,1.0878978515888533,1.1031438511169356,-6.454757547838724,0.2727280076314917,0.9993303802855232,Not significant
GENE2009,2,Microenvironment,9p,protein_coding,45,43,8.089087555555555,8.210535813953488,0.12144825839793327,1.0878263358324785,1.0859586223951836,-6.473392220717235,0.28022222417929554,0.9993303802855232,Not significant
GENE3685,2,Microenvironment,2p,protein_coding,45,43,9.570690666666666,9.449406976744186,-0.1212836899224854,0.9193692446466286,-0.9101346687321082,-6.647587672170753,0.36503565374310964,0.9993303802855232,Not significant
GENE1719,0,Other,4q,protein_coding,45,43,8.167132222222222,8.045863023255814,-0.12126919896640942,0.9193784791735887,-1.2308644421392507,-6.307354100880507,0.22138689375520484,0.9993303802855232,Not significant
GENE1708,1,Plasma cells,7q,protein_coding,45,43,7.801898666666666,7.6806983720930235,-0.12120029457364545,0.9194223905525452,-1.2299020124664448,-6.3085233799458384,0.2217454974182852,0.9993303802855232,Not significant
GENE3636,1,Plasma cells,21q,protein_coding,45,43,8.093362888888889,7.972199767441861,-0.121163121447033,0.9194460811068825,-1.187686328172586,-6.35893954188562,0.23789327126415874,0.9993303802855232,Not significant
MEOTH076,2,Microenvironment,18q,protein_coding,45,43,11.723938444444444,11.602986046511628,-0.1209523979328182,0.9195803874254429,-0.8119002826238652,-6.731777537292197,0.41886157904329246,0.9993303802855232,Not significant
GENE3767,0,Other,20q,protein_coding,45,43,8.473336444444444,8.352398837209302,-0.12093760723513824,0.9195898151318108,-1.1882901008606437,-6.358230526764127,0.237656528492849,0.9993303802855232,Not significant
MEOTH231,2,Microenvironment,15q,protein_coding,45,43,9.016419777777777,9.137291395348837,0.12087161757105669,1.0873916218321196,0.67851132423137,-6.830909766339789,0.4990832502245238,0.9993303802855232,Not significant
GENE2877,0,Other,18q,protein_coding,45,43,11.435947555555556,11.556811395348838,0.12086383979328197,1.0873857595623042,1.041694332457605,-6.520074492741845,0.3001750519707968,0.9993303802855232,Not significant
GENE1927,1,Plasma cells,12p,protein_coding,45,43,8.652549555555556,8.531785813953489,-0.12076374160206349,0.9197006456922997,-1.0832438955215473,-6.476309813811383,0.28141895128219285,0.9993303802855232,Not significant
GENE2735,2,Microenvironment,20q,protein_coding,45,43,8.924718,8.803978604651164,-0.12073939534883671,0.9197161662653325,-1.010630728539621,-6.551701068368141,0.3147388815825048,0.9993303802855232,Not significant
GEP1Q98,1,Plasma cells,1q,protein_coding,45,43,10.155984444444444,10.035426744186047,-0.12055770025839685,0.919832003937619,-0.7167427028171848,-6.804290740802471,0.47527657873567564,0.9993303802855232,Not significant
GENE1689,1,Plasma cells,18q,protein_coding,45,43,6.823096666666666,6.702582325581395,-0.12051434108527115,0.9198596492495601,-1.1527936368441158,-6.399319544711881,0.25186333539054157,0.9993303802855232,Not significant
GENE3061,1,Plasma cells,2p,protein_coding,45,43,9.18775311111111,9.067268139534884,-0.12048497157623039,0.9198783753839869,-1.0945796081549102,-6.464079781781303,0.276445159129153,0.9993303802855232,Not significant
GENE3168,0,Other,21q,protein_coding,45,43,7.505630666666667,7.385163720930232,-0.12046694573643446,0.9198898689313734,-1.0879291075711772,-6.471270023107742,0.2793557820956896,0.9993303802855232,Not significant
PCFAV007,1,Plasma cells,5q,protein_coding,45,43,7.330597555555555,7.21041,-0.12018755555555494,0.9200680306891286,-0.5636874506483983,-6.902160222150314,0.5742839577760106,0.9993303802855232,Not significant
GENE2928,0,Other,21q,protein_coding,45,43,8.657716,8.77779023255814,0.12007423255814054,1.0867907809163238,1.0714692167712898,-6.488881904767043,0.28665030027228067,0.9993303802855232,Not significant
GENE2284,2,Microenvironment,7q,protein_coding,45,43,9.238114444444445,9.118063953488372,-0.12005049095607312,0.9201554467703366,-1.0624059875346,-6.498467560853527,0.2907221453068751,0.9993303802855232,Not significant
GENE1299,2,Microenvironment,4q,protein_coding,45,43,10.306868444444444,10.426881860465116,0.12001341602067228,1.0867449684214538,1.1387690076438164,-6.415219880386253,0.25763904558763523,0.9993303802855232,Not significant
GENE2389,1,Plasma cells,2p,protein_coding,45,43,9.743107333333333,9.623095348837209,-0.12001198449612183,0.9201800066396856,-1.0958425310506763,-6.4627095348703305,0.27589481608535155,0.9993303802855232,Not significant
PCOTH027,1,Plasma cells,4q,protein_coding,45,43,8.216641777777777,8.336640930232559,0.11999915245478299,1.086734224098228,1.0254311261381697,-6.536749235081854,0.30774200933425233,0.9993303802855232,Not significant
GENE1289,0,Other,9p,protein_coding,45,43,9.255611111111111,9.135663023255814,-0.11994808785529898,0.920220762108977,-0.9625531761146799,-6.598801237480822,0.3381950496672419,0.9993303802855232,Not significant
PCADV026,1,Plasma cells,17p,protein_coding,45,43,8.413928222222221,8.533856744186046,0.11992852196382486,1.0866810217992349,0.5543911399284519,-6.907356535425505,0.580603064127132,0.9993303802855232,Not significant
GENE1294,2,Microenvironment,19q,protein_coding,45,43,8.924529555555555,9.044283488372093,0.11975393281653801,1.0865495239924805,1.1534620171066203,-6.398557047285741,0.2515903865981203,0.9993303802855232,Not significant
GENE2216,0,Other,15q,protein_coding,45,43,7.758810222222222,7.878083488372093,0.119273266149869,1.0861875756042378,1.1089024503393254,-6.448449457745373,0.2702482067338261,0.9993303802855232,Not significant
GENE3247,1,Plasma cells,12p,protein_coding,45,43,6.844658666666667,6.725414186046511,-0.11924448062015536,0.9206696663341164,-1.0152218223005514,-6.547085755505219,0.31255717156244883,0.9993303802855232,Not significant
GENE2765,1,Plasma cells,9p,protein_coding,45,43,8.823531333333333,8.704357441860465,-0.11917389147286706,0.920714714577012,-1.1665702612695361,-6.383516143909062,0.24627964342954423,0.9993303802855232,Not significant
GENE2068,0,Other,7q,protein_coding,45,43,9.870380444444445,9.751261162790698,-0.11911928165374874,0.9207495667212464,-1.031092411772302,-6.5309738028206885,0.305093499408882,0.9993303802855232,Not significant
GENE1632,0,Other,21q,protein_coding,45,43,7.036261777777778,7.155316279069767,0.11905450129198858,1.0860228826865335,1.1924124641821363,-6.353380255785573,0.2360446420102216,0.9993303802855232,Not significant
GENE3677,2,Microenvironment,9p,protein_coding,45,43,8.165722444444445,8.046717906976744,-0.11900453746770268,0.9208228010903573,-1.1157771551922258,-6.440876855231069,0.26730840183630505,0.9993303802855232,Not significant
GENE1113,0,Other,18q,protein_coding,45,43,7.877052,7.99601,0.11895800000000278,1.0859502414814894,1.0317017096460293,-6.530350366412099,0.30480937092439,0.9993303802855232,Not significant
GENE1801,2,Microenvironment,2p,protein_coding,45,43,8.107638,7.988682790697674,-0.11895520930232806,0.920854286106019,-1.2007287623075553,-6.343545895298952,0.23281682299308737,0.9993303802855232,Not significant
GENE3492,1,Plasma cells,21q,protein_coding,45,43,8.653107555555556,8.534198372093023,-0.11890918346253265,0.9208836642952555,-1.0793253464437964,-6.480508623479004,0.283152561233176,0.9993303802855232,Not significant
GENE3212,0,Other,15q,protein_coding,45,43,8.196474666666667,8.077566511627907,-0.11890815503876162,0.9208843207465229,-1.0131636662329964,-6.549157300498793,0.3135339629740517,0.9993303802855232,Not significant
GENE1730,1,Plasma cells,3q,protein_coding,45,43,8.740854222222222,8.859645813953488,0.11879159173127185,1.0858249893160676,1.0390618765993245,-6.522790962548127,0.30139126282774753,0.9993303802855232,Not significant
GENE3912,1,Plasma cells,21q,protein_coding,45,43,7.440968,7.5597244186046515,0.11875641860465169,1.0857985170588018,1.1115428261183875,-6.445546433234966,0.26911645981419474,0.9993303802855232,Not significant
GENE3909,0,Other,18q,protein_coding,45,43,8.625576444444444,8.744312558139535,0.11873611369509085,1.0857832353222476,1.145873927594733,-6.407188383078399,0.25470149142650594,0.9993303802855232,Not significant
GENE1261,2,Microenvironment,2p,protein_coding,45,43,9.374671333333334,9.493313720930233,0.1186423875969016,1.0857126986407994,1.035544491480105,-6.526410116479861,0.30302151153598417,0.9993303802855232,Not significant
GENE2545,2,Microenvironment,2p,protein_coding,45,43,9.075229777777778,9.193851395348837,0.11862161757105838,1.08569706808975,1.1200047290477126,-6.436197473323883,0.26551170868060425,0.9993303802855232,Not significant
GENE2276,0,Other,15q,protein_coding,45,43,9.29594088888889,9.414436046511629,0.1184951576227391,1.085601905096887,1.0227757200373218,-6.539447465779439,0.3089895929583219,0.9993303802855232,Not significant
GENE2602,0,Other,19q,protein_coding,45,43,7.840416444444444,7.72217465116279,-0.11824179328165307,0.9213097632794737,-1.0284938958607617,-6.5336285728938845,0.3063072457151435,0.9993303802855232,Not significant
GENE3639,2,Microenvironment,4q,protein_coding,45,43,9.113712444444445,8.995517441860466,-0.1181950025839793,0.9213396444563354,-1.0458179984670712,-6.515805717203119,0.29827658148791975,0.9993303802855232,Not significant
PCADV045,1,Plasma cells,13q,protein_coding,45,43,8.582732,8.700812790697675,0.11808079069767174,1.0852901462593314,0.41236992291016283,-6.976050887745585,0.6809896115048779,0.9993303802855232,Not significant
GENE1270,1,Plasma cells,19q,protein_coding,45,43,9.70237,9.584389534883721,-0.11798046511628257,0.9214766634146694,-1.0676142376975046,-6.492968810154397,0.2883774251258511,0.9993303802855232,Not significant
GENE3020,2,Microenvironment,15q,protein_coding,45,43,10.011415555555555,10.129392325581396,0.11797677002584095,1.085211897885855,1.0145305518028873,-6.547781981752029,0.31288501803043756,0.9993303802855232,Not significant
GENE1505,0,Other,9p,protein_coding,45,43,9.316576666666666,9.198623023255815,-0.11795364341085346,0.9214937951054808,-0.9342202527723431,-6.625503949310378,0.35253899555069856,0.9993303802855232,Not significant
GENE2838,0,Other,10q,protein_coding,45,43,8.471488222222222,8.353556511627907,-0.11793171059431629,0.9215078043779926,-1.0980225876407046,-6.460340590605936,0.27494660142419813,0.9993303802855232,Not significant
GENE3574,2,Microenvironment,19q,protein_coding,45,43,9.192177555555556,9.074246511627907,-0.1179310439276442,0.9215082302051187,-1.0399678314301284,-6.521856852724391,0.30097233050931793,0.9993303802855232,Not significant
PCOTH021,1,Plasma cells,18q,protein_coding,45,43,8.187013333333333,8.304939069767443,0.1179257364341062,1.0851735105067872,1.1159736033689183,-6.440659794199416,0.26722472489565274,0.9993303802855232,Not significant
PCOTH171,1,Plasma cells,4q,protein_coding,45,43,8.824892,8.942726279069767,0.11783427906976485,1.08510471983338,1.1065203692774728,-6.451062720996643,0.27127208117005086,0.9993303802855232,Not significant
GENE2522,0,Other,3q,protein_coding,45,43,8.618708666666667,8.7365023255813945,0.11779365891472615,1.0850741683306735,1.0801779080627523,-6.479596349099877,0.28277475426627574,0.9993303802855232,Not significant
GENE3085,2,Microenvironment,2p,protein_coding,45,43,8.49011488888889,8.607723953488373,0.11760906459947762,1.084935340855867,1.0344433082919173,-6.527540694158336,0.303533113106511,0.9993303802855232,Not significant
GENE2833,1,Plasma cells,2p,protein_coding,45,43,9.462064,9.344594186046512,-0.11746981395348399,0.9218028837202787,-1.2644276507753889,-6.266023650361214,0.20914403241225177,0.9993303802855232,Not significant
GENE1223,1,Plasma cells,20q,protein_coding,45,43,7.215088888888888,7.33234976744186,0.11726087855297251,1.0846735296241106,1.0556246582359157,-6.5055877738472025,0.29379452841453174,0.9993303802855232,Not significant
GENE2834,0,Other,3q,protein_coding,45,43,8.226578,8.109342093023256,-0.11723590697673814,0.921952349546148,-1.0567355035469024,-6.50442446619776,0.2932897338567564,0.9993303802855232,Not significant
GENE3460,0,Other,7q,protein_coding,45,43,10.060119777777778,10.177247906976744,0.11712812919896542,1.0845737281540193,0.9779737126356718,-6.583939195962088,0.33055043223470804,0.9993303802855232,Not significant
GENE2914,0,Other,19q,protein_coding,45,43,9.642808222222222,9.52591534883721,-0.11689287338501053,0.9221715907710529,-0.9601906948772388,-6.601057694431393,0.3393763407556861,0.9993303802855232,Not significant
GENE1358,2,Microenvironment,3q,protein_coding,45,43,10.009928222222221,9.893263023255814,-0.11666519896640537,0.9223171318884692,-0.9799586030676657,-6.582009374657491,0.329574752080666,0.9993303802855232,Not significant
PCOTH212,1,Plasma cells,15q,protein_coding,45,43,8.335324444444444,8.218858604651162,-0.11646583979328007,0.9224445913170882,-1.142376514607452,-6.4111479795772155,0.25614453904300466,0.9993303802855232,Not significant
GENE2836,1,Plasma cells,7q,protein_coding,45,43,8.97199111111111,9.088398372093023,0.11640726098191578,1.0840319369845481,1.0673326495679498,-6.493266775810703,0.28850386218485635,0.9993303802855232,Not significant
GENE1671,0,Other,4q,protein_coding,45,43,7.166528888888889,7.050140465116279,-0.1163884237726096,0.9224940916644018,-1.0804187388650834,-6.479338523378614,0.2826680945981754,0.9993303802855232,Not significant
GENE1963,1,Plasma cells,12p,protein_coding,45,43,9.473925333333334,9.59028511627907,0.11635978294573945,1.083996262875198,1.052814415806198,-6.5085254000985096,0.29507421106571824,0.9993303802855232,Not significant
GENE1773,2,Microenvironment,18q,protein_coding,45,43,8.860864222222222,8.977179302325581,0.11631508010335878,1.0839626750676794,1.1409674547349073,-6.412739918927556,0.25672755033228467,0.9993303802855232,Not significant
GENE3538,2,Microenvironment,19q,protein_coding,45,43,6.881820666666667,6.765533023255814,-0.11628764341085063,0.9225585353153002,-1.1403099668649943,-6.4134820868915,0.25699991185090937,0.9993303802855232,Not significant
GENE3962,1,Plasma cells,3q,protein_coding,45,43,7.908633555555555,7.792358372093023,-0.11627518346253396,0.9225665030984992,-1.0595307980646982,-6.50149186996059,0.2920221022264802,0.9993303802855232,Not significant
GENE2174,2,Microenvironment,3q,protein_coding,45,43,7.742710444444445,7.858980465116279,0.11627002067183856,1.0839288203875126,1.008185396377819,-6.554150943439742,0.3159050555842247,0.9993303802855232,Not significant
GENE3818,2,Microenvironment,3q,protein_coding,45,43,8.418074,8.53419488372093,0.11612088372093154,1.0838167762759097,1.1828391727321708,-6.36461891717426,0.23980000059285436,0.9993303802855232,Not significant
GENE1191,0,Other,4q,protein_coding,45,43,8.407191333333333,8.52314046511628,0.11594913178294597,1.0836877562498255,1.169141612455791,-6.3805462971230185,0.24524730380012755,0.9993303802855232,Not significant
GENE1373,2,Microenvironment,9p,protein_coding,45,43,9.268602666666666,9.15268488372093,-0.11591778294573807,0.922795079880621,-0.9947843623584965,-6.567473691472187,0.3223470926996177,0.9993303802855232,Not significant
GENE2063,0,Other,20q,protein_coding,45,43,9.380352888888888,9.496198372093023,0.11584548320413646,1.083609902886584,0.9907419613802969,-6.571458201635973,0.32430729706377914,0.9993303802855232,Not significant
GENE3592,1,Plasma cells,7q,protein_coding,45,43,6.525415555555555,6.4096311627906974,-0.11578439276485764,0.9228804045610154,-1.0926852034280854,-6.46613228520798,0.2772721071886641,0.9993303802855232,Not significant
GENE1033,0,Other,2p,protein_coding,45,43,9.131628,9.24735953488372,0.11573153488372512,1.0835243195520519,1.0358339339801859,-6.526112752543209,0.3028871353887564,0.9993303802855232,Not significant
GENE2756,2,Microenvironment,15q,protein_coding,45,43,8.694718444444444,8.579061860465115,-0.11565658397932488,0.922962166433914,-1.0282680609503672,-6.533858987379805,0.30641288473498274,0.9993303802855232,Not significant
PCOTH056,1,Plasma cells,15q,protein_coding,45,43,5.549283333333333,5.433639302325581,-0.11564403100775333,0.922970197215135,-1.068802887706109,-6.491710181096436,0.287844122624711,0.9993303802855232,Not significant
GENE2130,0,Other,10q,protein_coding,45,43,8.900925333333333,8.785397441860464,-0.11552789147287079,0.923044500959946,-1.0710909490531464,-6.489283566409861,0.2868194588574154,0.9993303802855232,Not significant
GENE3469,1,Plasma cells,2p,protein_coding,45,43,6.222397333333333,6.106872558139535,-0.11552477519380044,0.9230464947751906,-0.991303326614803,-6.5709058258788104,0.32403461450096005,0.9993303802855232,Not significant
GENE3301,2,Microenvironment,2p,protein_coding,45,43,10.499003555555555,10.383520232558139,-0.11548332299741482,0.9230730165647446,-0.956143999574201,-6.604910143667701,0.3414060128743077,0.9993303802855232,Not significant
MEOTH054,2,Microenvironment,20q,protein_coding,45,43,11.550320888888889,11.665780930232557,0.11546004134366505,1.0833204357321997,0.873328787067429,-6.68023902655975,0.38466766725067414,0.9993303802855232,Not significant
GENE3396,1,Plasma cells,21q,protein_coding,45,43,6.422160444444445,6.306773023255814,-0.11538742118863077,0.9231343790230411,-1.1170701813259902,-6.439447471009515,0.266757974494929,0.9993303802855232,Not significant
PCOTH019,1,Plasma cells,12p,protein_coding,45,43,5.719496444444444,5.6041211627906975,-0.11537528165374411,0.9231421467555347,-0.9288378775389843,-6.630488122788678,0.35530748091521847,0.9993303802855232,Not significant
GENE3806,2,Microenvironment,3q,protein_coding,45,43,8.528281777777778,8.412927906976744,-0.11535387080103554,0.9231558470918086,-1.1372814017908914,-6.4168953360497145,0.25825711193604267,0.9993303802855232,Not significant
GENE3565,0,Other,2p,protein_coding,45,43,7.766026,7.88132488372093,0.11529888372092856,1.0831994291504976,1.0518760537532719,-6.5095045928716,0.29550235058635715,0.9993303802855232,Not significant
GENE3155,1,Plasma cells,20q,protein_coding,45,43,8.413192888888888,8.528477209302325,0.1152843204134335,1.0831884948322266,1.0580657371915265,-6.503029836626942,0.29268602227746965,0.9993303802855232,Not significant
GENE2962,0,Other,19q,protein_coding,45,43,8.685944666666666,8.570663488372093,-0.11528117829457152,0.9232023629535417,-1.1119982749071224,-6.445044998860062,0.26892157498291436,0.9993303802855232,Not significant
GENE2511,0,Other,4q,protein_coding,45,43,9.53370311111111,9.418498837209302,-0.11520427390180821,0.9232515765485583,-0.9468247928194825,-6.613721308302938,0.3461101287898297,0.9993303802855232,Not significant
GENE3573,0,Other,18q,protein_coding,45,43,7.065234888888889,6.95005023255814,-0.11518465633074904,0.9232641308833536,-1.0914613699888165,-6.467456410931327,0.2778072457877264,0.9993303802855232,Not significant
GENE3461,1,Plasma cells,9p,protein_coding,45,43,7.203876666666667,7.08873488372093,-0.11514178294573352,0.9232915684537343,-0.9530203990912965,-6.607872892865645,0.34297808065548174,0.9993303802855232,Not significant
GENE3697,0,Other,2p,protein_coding,45,43,9.47209088888889,9.357027209302325,-0.11506367958655694,0.92334155415615915,-0.9978653283235361,-6.564426177220018,0.32085838199999006,0.9993303802855232,Not significant
GENE1224,2,Microenvironment,21q,protein_coding,45,43,9.00639311111111,9.121396046511627,0.11500293540052375,1.082977249019151,1.0070674890259672,-6.555268992651198,0.3164391419655697,0.9993303802855232,Not significant
GEP1Q97,1,Plasma cells,1q,protein_coding,45,43,6.542889111111111,6.6578348837209305,0.11494577260981842,1.0829343398986098,0.8383789332426772,-6.7100158872790825,0.40390480133872897,0.9993303802855232,Not significant
GENE3241,1,Plasma cells,2p,protein_coding,45,43,8.500036,8.61495,0.11491400000000418,1.0829104905954776,1.0046814239352369,-6.557651298692972,0.31758110984413723,0.9993303802855232,Not significant
GENE2462,2,Microenvironment,3q,protein_coding,45,43,6.5709888888888885,6.456255581395349,-0.11473330749353927,0.9235530203379227,-0.9381102160674187,-6.621884173987653,0.35054680424550655,0.9993303802855232,Not significant
GENE2393,1,Plasma cells,9p,protein_coding,45,43,7.036206888888889,6.9214762790697675,-0.11473060981911853,0.9235547472778636,-1.0616172589370592,-6.499297992961585,0.29107835830169204,0.9993303802855232,Not significant
GENE1346,2,Microenvironment,3q,protein_coding,45,43,10.818966666666666,10.704262790697674,-0.11470387596898846,0.923571861361064,-0.9684369953389205,-6.593157839592119,0.33526468686649613,0.9993303802855232,Not significant
GENE3171,2,Microenvironment,4q,protein_coding,45,43,9.072441555555555,8.957743720930232,-0.11469783462532135,0.9235757288635784,-1.0211657971237145,-6.541080019865884,0.30974763078549555,0.9993303802855232,Not significant
MEOTH151,2,Microenvironment,21q,protein_coding,45,43,9.444995333333333,9.55968511627907,0.11468978294573873,1.0827422026854516,0.7343700838733965,-6.791531388424348,0.46451684069784716,0.9993303802855232,Not significant
GENE3943,2,Microenvironment,12p,protein_coding,45,43,9.583563333333332,9.468896511627907,-0.11466682170542697,0.9235955827392389,-0.9619884750030699,-6.599341090322346,0.33847716808414374,0.9993303802855232,Not significant
GENE2230,0,Other,19q,protein_coding,45,43,7.523965111111111,7.638334186046512,0.1143690749354036,1.082501538168877,1.046889118780519,-6.514694208157187,0.297784790173576,0.9993303802855232,Not significant
GENE2320,0,Other,7q,protein_coding,45,43,9.172196,9.057832790697674,-0.11436320930232569,0.9237899721111422,-1.0692074809784147,-6.491281456413002,0.28766275109624934,0.9993303802855232,Not significant
GENE1315,0,Other,12p,protein_coding,45,43,8.838621777777778,8.952941395348837,0.11431961757106635,1.0824644293178771,0.9636893056916385,-6.597714159119403,0.3376279167719721,0.9993303802855232,Not significant
GENE3654,2,Microenvironment,10q,protein_coding,45,43,8.047264,7.9329872093023255,-0.11427679069767471,0.9238453095381004,-1.1218241584963204,-6.434178293295807,0.2647410682063334,0.9993303802855232,Not significant
MEOTH237,2,Microenvironment,3q,protein_coding,45,43,8.744989777777779,8.859153255813954,0.11416347803617732,1.0823472830451095,0.5512959297824397,-6.909067599114126,0.5827143293562775,0.9993303802855232,Not significant
GENE2783,1,Plasma cells,20q,protein_coding,45,43,7.776434,7.890322790697675,0.11388879069767643,1.0821412250879987,1.0158655751884718,-6.546436970221517,0.3122520678694408,0.9993303802855232,Not significant
GENE1120,0,Other,7q,protein_coding,45,43,6.600504888888889,6.7143839534883725,0.11387906459948294,1.0821339297303254,1.0501662526302444,-6.511286598816233,0.29628355481227975,0.9993303802855232,Not significant
GENE1450,1,Plasma cells,19q,protein_coding,45,43,7.474473777777778,7.360669302325581,-0.11380447545219674,0.9241478112075221,-0.9432850283333437,-6.6170459079407395,0.34790785742870833,0.9993303802855232,Not significant
PCADV057,1,Plasma cells,13q,protein_coding,45,43,5.749285777777778,5.863072790697674,0.11378701291989923,1.0820648859857274,0.601096054429823,-6.880382808837731,0.5491955965985824,0.9993303802855232,Not significant
GENE2721,0,Other,18q,protein_coding,45,43,9.372664222222221,9.258901627906976,-0.11376259431524716,0.924174639415661,-1.1438810642923658,-6.409446046698386,0.2555230498984497,0.9993303802855232,Not significant
GENE1756,2,Microenvironment,7q,protein_coding,45,43,7.561133777777778,7.447392558139535,-0.11374121963824368,0.9241883319010362,-0.9904756249105422,-6.57172016589555,0.32443672278951907,0.9993303802855232,Not significant
GENE1976,2,Microenvironment,15q,protein_coding,45,43,7.438646666666667,7.32500488372093,-0.11364178294573257,0.9242520330959934,-0.9895401478183269,-6.5726397393283404,0.3248915868456974,0.9993303802855232,Not significant
PCOTH196,1,Plasma cells,7q,protein_coding,45,43,7.9010182222222225,7.787401860465116,-0.11361636175710643,0.9242683191381645,-1.0814871830544641,-6.478194005029238,0.28219523376361483,0.9993303802855232,Not significant
PCOTH079,1,Plasma cells,12p,protein_coding,45,43,7.361035333333334,7.474617674418605,0.11358234108527299,1.0819113868121164,1.0483290208564726,-6.513198259707617,0.2971245449829041,0.9993303802855232,Not significant
GENE1172,0,Other,15q,protein_coding,45,43,9.095722,9.209171860465116,0.11344986046511885,1.0818120409998577,1.048663413677477,-6.512850563590467,0.29697135659619783,0.9993303802855232,Not significant
GENE3295,0,Other,12p,protein_coding,45,43,8.231434,8.118019069767442,-0.11341493023255822,0.9243973760553243,-0.9318378163392194,-6.627713615238645,0.35376271396514525,0.9993303802855232,Not significant
GENE3847,1,Plasma cells,12p,protein_coding,45,43,8.854036222222222,8.96740511627907,0.11336889405684936,1.0817513296401549,0.9656712459709507,-6.595814776794938,0.33664005900801297,0.9993303802855232,Not significant
GENE2166,2,Microenvironment,10q,protein_coding,45,43,9.52202,9.40869046511628,-0.113329534883718,0.9244520941838765,-0.9830825198378693,-6.578964362088238,0.32804302108591465,0.9993303802855232,Not significant
GENE2336,1,Plasma cells,15q,protein_coding,45,43,6.685049333333334,6.571746279069767,-0.11330305426356357,0.92446906262747,-0.9933230692073058,-6.568915891581161,0.323054781702959,0.9993303802855232,Not significant
GENE3287,2,Microenvironment,20q,protein_coding,45,43,6.9317664444444445,7.045043488372093,0.11327704392764915,1.0816824614221578,1.059308516599272,-6.501725346566122,0.29212276708839013,0.9993303802855232,Not significant
GENE3480,0,Other,21q,protein_coding,45,43,8.94674911111111,9.060022558139535,0.1132734470284209,1.081679764595836,1.1015226935643805,-6.456527623092163,0.27342896319580995,0.9993303802855232,Not significant
PCFAV031,1,Plasma cells,5q,protein_coding,45,43,6.237590444444445,6.350781162790698,0.11319071834625216,1.0816177394461937,0.4777822391065596,-6.946906664782193,0.6338935318897331,0.9993303802855232,Not significant
PCOTH228,1,Plasma cells,21q,protein_coding,45,43,5.921833555555556,6.034902558139535,0.11306900258397778,1.0815264905192752,1.1184310967351934,-6.437941296335493,0.26617950335118545,0.9993303802855232,Not significant
GENE3456,1,Plasma cells,21q,protein_coding,45,43,7.934107333333333,7.821098372093023,-0.11300896124030668,0.9246575346240024,-1.0570771906471512,-6.504066401761115,0.2931345820596794,0.9993303802855232,Not significant
GENE1973,0,Other,9p,protein_coding,45,43,8.660919777777778,8.773916976744186,0.11299719896640958,1.0814726637715422,0.9791982616351437,-6.58274907417117,0.32994827657357306,0.9993303802855232,Not significant
GENE3161,0,Other,9p,protein_coding,45,43,7.961090666666666,7.848208837209302,-0.11288182945736303,0.9247390199949722,-1.0412719190069142,-6.52051083992631,0.3003699854291816,0.9993303802855232,Not significant
GENE2941,1,Plasma cells,2p,protein_coding,45,43,8.742184444444444,8.855024651162791,0.1128402067183476,1.0813549856881979,0.9519212478235964,-6.608913180520934,0.34353238518433526,0.9993303802855232,Not significant
GENE1654,0,Other,19q,protein_coding,45,43,9.240535555555555,9.127743488372094,-0.11279206718346302,0.9247965576291733,-0.9814620119417701,-6.580545124503288,0.3288370083382368,0.9993303802855232,Not significant
GENE2195,1,Plasma cells,20q,protein_coding,45,43,10.863067555555556,10.750287441860465,-0.11278011369509322,0.924804220087544,-1.0353684518737318,-6.526590934186373,0.3031032591091249,0.9993303802855232,Not significant
GENE3571,0,Other,12p,protein_coding,45,43,7.936185777777778,8.048957441860464,0.11277166408269057,1.0813036115876242,0.9663699559462482,-6.595144259379242,0.3362922518800553,0.9993303802855232,Not significant
GENE1960,0,Other,7q,protein_coding,45,43,5.895299555555556,6.007963953488372,0.11266439793281702,1.0812232183235033,0.9288265641069441,-6.630498569441198,0.35531331474376904,0.9993303802855232,Not significant
GENE1336,1,Plasma cells,7q,protein_coding,45,43,8.070655333333333,7.958059069767442,-0.11259626356589081,0.924922080206696,-1.0334544400893226,-6.528554956462569,0.30399303052953386,0.9993303802855232,Not significant
GENE3260,1,Plasma cells,15q,protein_coding,45,43,6.606113111111111,6.718670697674419,0.11255758656330705,1.0811431718449114,0.8907584847214826,-6.6649419413992685,0.37529030388505524,0.9993303802855232,Not significant
GENE1233,1,Plasma cells,18q,protein_coding,45,43,9.194535555555555,9.081993023255814,-0.11254253229973976,0.9249565283461276,-1.033850859752285,-6.528148470656641,0.3038086013903406,0.9993303802855232,Not significant
GENE1239,2,Microenvironment,4q,protein_coding,45,43,9.666597777777778,9.55407511627907,-0.11252266149871026,0.9249692682205919,-1.0310116820994564,-6.531056378775611,0.30513115875016295,0.9993303802855232,Not significant
GENE2198,2,Microenvironment,3q,protein_coding,45,43,10.457650666666666,10.34534,-0.11231066666666933,0.9251051965400213,-0.8877245707964236,-6.667626014492158,0.3769121906725488,0.9993303802855232,Not significant
GENE3536,1,Plasma cells,15q,protein_coding,45,43,7.783099777777778,7.6709181395348836,-0.11218163824289729,0.9251879376598341,-0.9437825281941781,-6.616579386757145,0.34765483019340593,0.9993303802855232,Not significant
GENE3945,0,Other,18q,protein_coding,45,43,9.852854222222222,9.740745813953488,-0.11210840826873358,0.9252349006051442,-1.0146715525793162,-6.547640007809536,0.31281812741309595,0.9993303802855232,Not significant
GENE1807,0,Other,12p,protein_coding,45,43,7.235681333333333,7.123831395348837,-0.1118499379844966,0.9254006786418569,-0.9888840914935472,-6.573284134502304,0.32521083740649903,0.9993303802855232,Not significant
GENE3106,0,Other,19q,protein_coding,45,43,9.343364666666666,9.231516511627907,-0.11184815503876067,0.9254018222932641,-1.1180716323151374,-6.438339302303879,0.26633221211898844,0.9993303802855232,Not significant
GENE2625,2,Microenvironment,18q,protein_coding,45,43,6.304437555555555,6.416136744186047,0.11169918863049233,1.0805000872020323,0.9570872952343812,-6.604013553803349,0.340932186782795,0.9993303802855232,Not significant
GENE2265,0,Other,18q,protein_coding,45,43,9.085825333333334,8.974338139534884,-0.11148719379844962,0.9256333861173104,-1.1030115285820281,-6.454902120476051,0.27278517436236116,0.9993303802855232,Not significant
GENE2604,1,Plasma cells,21q,protein_coding,45,43,7.361460444444445,7.472706976744186,0.11124653229973447,1.0801611254184353,1.0269500947850656,-6.535202692665952,0.3070298801886483,0.9993303802855232,Not significant
GENE2482,2,Microenvironment,19q,protein_coding,45,43,9.101921555555556,9.213142790697674,0.11122123514211424,1.0801421853334523,1.0021420988220928,-6.560180546248557,0.31879943807151717,0.9993303802855232,Not significant
GENE0993,2,Microenvironment,18q,protein_coding,45,43,10.231701777777777,10.342703720930233,0.1110019431524556,1.0799780144441884,0.8994047557399716,-6.6572432738200416,0.3706922048031086,0.9993303802855232,Not significant
GENE2695,2,Microenvironment,12p,protein_coding,45,43,9.70386,9.592988372093023,-0.11087162790697924,0.9260284175686186,-1.0137991986661923,-6.548518072773691,0.3132321246732523,0.9993303802855232,Not significant
GENE3868,1,Plasma cells,7q,protein_coding,45,43,7.364084888888889,7.474920697674419,0.11083580878552901,1.0798536561228897,1.0386941887322898,-6.523169850272071,0.30156140179387725,0.9993303802855232,Not significant
PCOTH158,1,Plasma cells,3q,protein_coding,45,43,6.675218444444445,6.564388372093023,-0.11083007235142261,0.9260550913828917,-0.9877271588929204,-6.574419482901224,0.3257743296613156,0.9993303802855232,Not significant
GENE1006,1,Plasma cells,19q,protein_coding,45,43,9.020898888888889,8.91009,-0.11080888888888651,0.9260686889879298,-1.0865852508530998,-6.472717753573718,0.27994648850077775,0.9993303802855232,Not significant
GENE3844,2,Microenvironment,7q,protein_coding,45,43,7.256305111111111,7.367085348837209,0.11078023772609846,1.0798120621239633,0.9788845517412055,-6.583054103425758,0.33010247045565977,0.9993303802855232,Not significant
GENE3119,0,Other,20q,protein_coding,45,43,9.504747333333333,9.615522093023255,0.11077475968992267,1.079807961993207,1.0826370684656739,-6.476961013593884,0.28168693855916194,0.9993303802855232,Not significant
GENE1989,1,Plasma cells,18q,protein_coding,45,43,8.294694222222223,8.183948837209302,-0.11074538501291897,0.9261094531437822,-0.9895259243507828,-6.572653714419129,0.3248985060811135,0.9993303802855232,Not significant
GENE2364,0,Other,21q,protein_coding,45,43,8.483707333333333,8.373104186046511,-0.1106031472868203,0.9262007643307213,-0.8510098734093535,-6.6993926612972725,0.3968859163634594,0.9993303802855232,Not significant
PCOTH132,1,Plasma cells,21q,protein_coding,45,43,7.6295895555555555,7.7401216279069764,0.11053207235141826,1.0796263340864418,0.8545681203977551,-6.69637175887735,0.3949222083245352,0.9993303802855232,Not significant
PCFAV020,1,Plasma cells,16q,protein_coding,45,43,7.24901,7.359461627906977,0.11045162790697916,1.0795661359732844,0.4086882488402089,-6.977564405494984,0.6836805619115106,0.9993303802855232,Not significant
MEOTH172,2,Microenvironment,18q,protein_coding,45,43,7.995175555555556,8.105571860465115,0.11039630490956576,1.0795247386663438,0.8467559499649052,-6.702987890609991,0.39924138837803,0.9993303802855232,Not significant
GENE2428,2,Microenvironment,7q,protein_coding,45,43,9.850286222222222,9.739913023255815,-0.11037319896641051,0.9263484014113806,-0.9891328845529995,-6.573039812924301,0.32508974517137634,0.9993303802855232,Not significant
GENE2004,1,Plasma cells,21q,protein_coding,45,43,7.282711777777778,7.393031627906977,0.11031985012919865,1.0794675313996986,0.9047583582692516,-6.65243975936615,0.36786303769441286,0.9993303802855232,Not significant
GENE1214,0,Other,3q,protein_coding,45,43,9.753010666666666,9.642723953488373,-0.11028671317829541,0.926403935235726,-0.8913913151124873,-6.664380947532323,0.37495255466836064,0.9993303802855232,Not significant
GENE2600,2,Microenvironment,15q,protein_coding,45,43,10.250791777777778,10.361056976744186,0.1102651989664114,1.0794266405414532,1.0266608648024174,-6.535497345606602,0.30716539267112986,0.9993303802855232,Not significant
GENE1907,0,Other,20q,protein_coding,45,43,7.164427777777778,7.054186511627907,-0.11024126614987217,0.9264331187900685,-1.0050701415564596,-6.557263570685144,0.3173948831955135,0.9993303802855232,Not significant
GENE3482,0,Other,3q,protein_coding,45,43,7.675961555555555,7.565732558139535,-0.1102289974160211,0.9264409972462719,-0.9220036696751788,-6.63677596315554,0.3588427540128891,0.9993303802855232,Not significant
GENE1780,0,Other,7q,protein_coding,45,43,9.52569711111111,9.415636279069767,-0.1100608320413432,0.9265489926114511,-0.9693865819969063,-6.592243894137818,0.3347933183650422,0.9993303802855232,Not significant
GENE2939,0,Other,20q,protein_coding,45,43,9.314346888888888,9.424329302325582,0.10998241343669335,1.0792150807095553,1.0528043721311633,-6.508535885317808,0.295078791383266,0.9993303802855232,Not significant
GENE3814,1,Plasma cells,19q,protein_coding,45,43,8.962790666666667,9.07263534883721,0.109844682170543,1.0791120550802544,0.9924205117907595,-6.569805618946686,0.323492394440144,0.9993303802855232,Not significant
GENE3643,0,Other,12p,protein_coding,45,43,7.753590444444445,7.64385488372093,-0.10973556072351442,0.9267579167295438,-0.9720432005063344,-6.589682322545986,0.333476896041658,0.9993303802855232,Not significant
GENE3401,2,Microenvironment,9p,protein_coding,45,43,8.31070911111111,8.420433720930232,0.10972460981912313,1.0790222466824995,0.8892879039686226,-6.666244074139114,0.37607590759191656,0.9993303802855232,Not significant
PCFAV017,1,Plasma cells,6p,protein_coding,45,43,6.421695111111111,6.311978139534884,-0.1097169715762254,0.9267698580961644,-0.5382388414282466,-6.916180903730428,0.5916604726372158,0.9993303802855232,Not significant
GENE2418,2,Microenvironment,10q,protein_coding,45,43,10.129215555555556,10.238900232558139,0.109684677002587,1.078992380494656,1.105764773866147,-6.451890503189317,0.2715974169974346,0.9993303802855232,Not significant
GENE1634,1,Plasma cells,3q,protein_coding,45,43,7.9835928888888885,7.873920697674419,-0.10967219121446714,0.9267986249057997,-1.022235915953298,-6.539995138415434,0.30924362267807937,0.9993303802855232,Not significant
GENE3015,0,Other,4q,protein_coding,45,43,8.192594666666666,8.30208488372093,0.10949021705426354,1.0788469535981637,1.1391604037488505,-6.414778705979101,0.2574766027393891,0.9993303802855232,Not significant
PCOTH235,1,Plasma cells,12p,protein_coding,45,43,8.433062444444445,8.542534418604651,0.10947197416020593,1.0788333116532713,0.8490665735646211,-6.701037254635413,0.39796089719628736,0.9993303802855232,Not significant
GENE3107,0,Other,20q,protein_coding,45,43,8.919710888888888,9.029159767441861,0.1094488785529748,1.0788160411211836,0.9126329620979281,-6.645323363793618,0.363726513682573,0.9993303802855232,Not significant
MEOTH044,2,Microenvironment,2p,protein_coding,45,43,7.719664666666667,7.828888837209302,0.10922417054263533,1.07864802243311,0.6269712831797116,-6.8645074124762235,0.5321693596883877,0.9993303802855232,Not significant
GENE2337,1,Plasma cells,18q,protein_coding,45,43,8.294551555555556,8.403651860465116,0.10910030490956046,1.0785554168020048,0.9114229558962864,-6.646420805001143,0.36436020067706354,0.9993303802855232,Not significant
GENE1874,2,Microenvironment,3q,protein_coding,45,43,8.536377777777778,8.427317674418605,-0.10906010335917316,0.9271919183760715,-1.0236773933881782,-6.538532018231939,0.3085655815120505,0.9993303802855232,Not significant
PCADV039,1,Plasma cells,1p,protein_coding,45,43,8.035398666666667,7.92642488372093,-0.10897378294573556,0.9272473964791247,-0.521656653991721,-6.924970344016287,0.6031133338349893,0.9993303802855232,Not significant
GENE3687,1,Plasma cells,4q,protein_coding,45,43,9.399573333333333,9.508541162790697,0.10896782945736838,1.07845638301272,1.0017746301411763,-6.560546037534526,0.31897600086358274,0.9993303802855232,Not significant
GENE1398,2,Microenvironment,10q,protein_coding,45,43,8.304851555555556,8.195902325581395,-0.10894922997415968,0.927263177272748,-0.9828812615722179,-6.57916082316005,0.3281415612236397,0.9993303802855232,Not significant
GENE3143,2,Microenvironment,20q,protein_coding,45,43,8.337034666666666,8.22814069767442,-0.10889396899224835,0.9272986958359947,-0.9555522826613894,-6.605472120006293,0.3417034561365654,0.9993303802855232,Not significant
GENE3564,0,Other,21q,protein_coding,45,43,7.444239777777778,7.553082093023256,0.1088423152454796,1.0783625615805483,0.9204975187707098,-6.63815556971482,0.3596248826052876,0.9993303802855232,Not significant
GENE3304,0,Other,7q,protein_coding,45,43,7.996149555555555,7.887380232558139,-0.10876932299741604,0.9273788160682227,-1.099589550157628,-6.4586350256770615,0.27426644923307214,0.9993303802855232,Not significant
GENE3949,0,Other,2p,protein_coding,45,43,7.81377,7.922524186046512,0.10875418604651355,1.0782966901916353,1.090652369371247,-6.468330914071553,0.278161384744634,0.9993303802855232,Not significant
GENE3481,2,Microenvironment,2p,protein_coding,45,43,9.698155777777778,9.806755581395349,0.10859980361756882,1.0781813081110188,0.9755516858281419,-6.586288830796936,0.331743557571067,0.9993303802855232,Not significant
GENE2132,1,Plasma cells,15q,protein_coding,45,43,6.130646666666666,6.239232093023256,0.10858542635659152,1.0781705634862928,0.9086088789008907,-6.648967559419098,0.3658366570687799,0.9993303802855232,Not significant
MEOTH183,2,Microenvironment,15q,protein_coding,45,43,7.1297002222222225,7.021189767441861,-0.10851045478035726,0.9275452340799104,-0.4870921011833559,-6.942412079751197,0.6273056901282417,0.9993303802855232,Not significant
GENE2940,0,Other,21q,protein_coding,45,43,7.642432666666667,7.534098372093023,-0.10833429457364208,0.9276584988598622,-0.9170055861905793,-6.641345592020842,0.361442387476143,0.9993303802855232,Not significant
GENE3977,2,Microenvironment,9p,protein_coding,45,43,9.258224,9.149932325581394,-0.10829167441860577,0.9276859041894213,-1.0725960912847363,-6.487684518311311,0.2861467757765043,0.9993303802855232,Not significant
GENE3417,2,Microenvironment,18q,protein_coding,45,43,9.384864222222221,9.493119534883721,0.10825531266150179,1.0779238875489272,0.951626720941995,-6.609191734310492,0.34368101444756316,0.9993303802855232,Not significant
GENE1898,1,Plasma cells,3q,protein_coding,45,43,7.790917777777778,7.682819767441861,-0.10809801033591615,0.9278104429821963,-0.8285029936081094,-6.718212984092396,0.40944498930240314,0.9993303802855232,Not significant
GENE1429,0,Other,2p,protein_coding,45,43,7.954918222222222,7.846999302325581,-0.10791891989664393,0.9279256248389689,-1.0485104626797337,-6.513009612950835,0.2970414181785635,0.9993303802855232,Not significant
GENE3006,0,Other,10q,protein_coding,45,43,10.033981333333333,10.141895813953488,0.10791448062015441,1.0776692615922638,0.9738452005194985,-6.58794088161607,0.3325858925748306,0.9993303802855232,Not significant
GENE1001,0,Other,9p,protein_coding,45,43,8.973302444444444,9.081132093023255,0.10782964857881616,1.0776058953277476,0.8960167778618451,-6.660268652981202,0.3724896872044493,0.9993303802855232,Not significant
GENE1840,1,Plasma cells,7q,protein_coding,45,43,6.401175333333334,6.293372558139535,-0.10780277519379755,0.9280003308448822,-0.9519737549976481,-6.608863512088741,0.343505892483736,0.9993303802855232,Not significant
GENE1709,2,Microenvironment,9p,protein_coding,45,43,7.742289555555556,7.850053255813953,0.10776370025839821,1.0775566370489067,0.9268047023261965,-6.632363519430596,0.35635688377523955,0.9993303802855232,Not significant
GENE3531,1,Plasma cells,4q,protein_coding,45,43,5.963692666666667,5.85595,-0.10774266666666943,0.9280389959081994,-0.982565942336152,-6.579468547191662,0.3282959871422555,0.9993303802855232,Not significant
GENE2210,0,Other,3q,protein_coding,45,43,8.689607777777777,8.79724488372093,0.10763710594315157,1.0774620872265825,1.0317986114641955,-6.530251182829608,0.3047642000028086,0.9993303802855232,Not significant
GENE1582,0,Other,19q,protein_coding,45,43,9.216758444444444,9.109357441860466,-0.10740100258397689,0.9282588033740381,-0.9500494356176641,-6.610682039392516,0.3444776811974597,0.9993303802855232,Not significant
GENE3774,0,Other,10q,protein_coding,45,43,9.149611111111112,9.257011860465116,0.10740074935400656,1.077285581175824,0.8981431893172714,-6.65837113274989,0.37136088528461697,0.9993303802855232,Not significant
GENE2795,0,Other,20q,protein_coding,45,43,8.258752444444445,8.151381395348837,-0.10737104909560458,0.9282780762467723,-0.9804993884969492,-6.581482928179053,0.3293092558021995,0.9993303802855232,Not significant
GENE1130,2,Microenvironment,3q,protein_coding,45,43,8.144472,8.251842093023257,0.10737009302325795,1.077262689801509,0.8555893147149587,-6.695502486664978,0.3943597404459037,0.9993303802855232,Not significant
GENE2615,0,Other,20q,protein_coding,45,43,9.537538666666666,9.644806744186047,0.10726807751937883,1.0771865173551052,1.0080091004258414,-6.5543273424055055,0.31598924199403455,0.9993303802855232,Not significant
PCADV073,1,Plasma cells,13q,protein_coding,45,43,8.455247555555555,8.56237023255814,0.10712267700258415,1.0770779597046196,0.6005533388371116,-6.880708677063191,0.5495556124903447,0.9993303802855232,Not significant
GENE3218,0,Other,3q,protein_coding,45,43,8.334491333333334,8.227388837209302,-0.10710249612403011,0.9284508882636072,-1.0429227465219868,-6.518804575235604,0.29960865584975893,0.9993303802855232,Not significant
GENE2481,1,Plasma cells,18q,protein_coding,45,43,7.639094888888889,7.532073953488372,-0.10702093540051383,0.9285033784050416,-1.0140559905130868,-6.548259676542338,0.313110219680279,0.9993303802855232,Not significant
GENE1848,2,Microenvironment,21q,protein_coding,45,43,8.184930222222222,8.077949302325582,-0.10698091989664071,0.9285291323202887,-0.9839527616196969,-6.578114409721635,0.3276171574916851,0.9993303802855232,Not significant
GENE1392,1,Plasma cells,21q,protein_coding,45,43,7.577149555555556,7.684054186046511,0.10690463049095644,1.0769151842472626,0.9396100350179142,-6.6204845851017895,0.34978063311881036,0.9993303802855232,Not significant
GENE1647,1,Plasma cells,4q,protein_coding,45,43,7.414686666666666,7.521544186046512,0.10685751937984467,1.0768800182273448,0.9612191120110892,-6.600076099383946,0.33886178020292956,0.9993303802855232,Not significant
GENE2638,0,Other,19q,protein_coding,45,43,10.070740444444445,9.96398023255814,-0.1067602118863018,0.9286711924841041,-0.9575550870714149,-6.6035686022646,0.3406973693738198,0.9993303802855232,Not significant
GENE2250,1,Plasma cells,10q,protein_coding,45,43,8.857960666666667,8.96467,0.10670933333333821,1.0767694124564202,0.9261636834661641,-6.6329539570767455,0.3566881502045297,0.9993303802855232,Not significant
GENE3506,1,Plasma cells,3q,protein_coding,45,43,8.713207333333333,8.819840465116279,0.10663313178294231,1.0767125401934496,0.8852268970021211,-6.669828921486299,0.37825070126770155,0.9993303802855232,Not significant
GENE1919,2,Microenvironment,20q,protein_coding,45,43,8.068481111111112,8.175090697674419,0.10660958656331054,1.0766949680623685,0.9500124204991067,-6.610716984162501,0.34449639142531807,0.9993303802855232,Not significant
GENE3964,2,Microenvironment,7q,protein_coding,45,43,8.877035777777778,8.77046069767442,-0.10657508010335981,0.9287903705365304,-0.8983152656998923,-6.658217385605508,0.37126963320116335,0.9993303802855232,Not significant
GENE2523,1,Plasma cells,4q,protein_coding,45,43,8.756565555555555,8.863116744186046,0.1065511886304904,1.076651386095235,0.9179289697626666,-6.640503202029781,0.36096121052491215,0.9993303802855232,Not significant
GENE1828,2,Microenvironment,7q,protein_coding,45,43,9.189867111111111,9.083404883720931,-0.10646222739018008,0.9288630266488658,-0.9860555758298167,-6.5760575804593975,0.32658962431746374,0.9993303802855232,Not significant
GENE2908,1,Plasma cells,7q,protein_coding,45,43,7.562602444444444,7.456176511627907,-0.10642593281653756,0.9288863947971131,-0.9299154939772496,-6.629492495237387,0.35475208396683255,0.9993303802855232,Not significant
PCOTH076,1,Plasma cells,7q,protein_coding,45,43,8.136236444444444,8.24262023255814,0.10638378811369442,1.0765264660412452,0.9844791509302593,-6.577599935338915,0.3273597393412614,0.9993303802855232,Not significant
GENE2119,0,Other,12p,protein_coding,45,43,9.098922,8.992652790697674,-0.10626920930232764,0.9289873074941982,-0.9650652872853195,-6.5963959003268124,0.33694188617443543,0.9993303802855232,Not significant
GENE2491,2,Microenvironment,12p,protein_coding,45,43,8.713198666666667,8.81942976744186,0.10623110077519371,1.076412538108843,0.9621807198607205,-6.5991573396044005,0.3383811074595663,0.9993303802855232,Not significant
GENE2373,2,Microenvironment,18q,protein_coding,45,43,9.350060222222222,9.24385488372093,-0.10620533850129199,0.9290284364058937,-0.9591434567808639,-6.602056194477276,0.3399008410607296,0.9993303802855232,Not significant
GENE3873,1,Plasma cells,18q,protein_coding,45,43,8.205106444444445,8.311306511627906,0.10620006718346353,1.0763893838128813,1.0913387994505275,-6.467588946312352,0.2778608808274849,0.9993303802855232,Not significant
GENE3173,2,Microenvironment,9p,protein_coding,45,43,8.438057555555556,8.544220697674419,0.10616314211886291,1.0763618345125965,0.9084606432274377,-6.649101498891957,0.36591453660349493,0.9993303802855232,Not significant
GENE3856,0,Other,7q,protein_coding,45,43,7.781609777777778,7.887743488372093,0.10613371059430943,1.076339876548,0.9167773675528663,-6.641553664334647,0.3615613755724668,0.9993303802855232,Not significant
GENE3441,1,Plasma cells,18q,protein_coding,45,43,8.146542,8.252672558139535,0.1061305581395331,1.0763375246240094,0.8714420836380656,-6.681877041641198,0.3856913936449927,0.9993303802855232,Not significant
GENE2568,2,Microenvironment,21q,protein_coding,45,43,9.616183333333334,9.722281627906977,0.10609829457364306,1.0763134543268482,0.9545954229778095,-6.606380164337219,0.3421848050435118,0.9993303802855232,Not significant
GENE1838,1,Plasma cells,3q,protein_coding,45,43,8.196951555555556,8.090915581395349,-0.1060359741602035,0.9291375055581098,-0.9199557629952385,-6.638651266236105,0.35990647655885866,0.9993303802855232,Not significant
PCOTH188,1,Plasma cells,15q,protein_coding,45,43,7.263192888888889,7.369163023255814,0.10597013436692482,1.0762178454669198,0.933635371065361,-6.62604692939256,0.35283916284419226,0.9993303802855232,Not significant
GENE2431,0,Other,12p,protein_coding,45,43,9.247360222222222,9.353277209302325,0.10591698708010355,1.0761781995241873,0.8097540531022058,-6.7335112612385135,0.42008823861046873,0.9993303802855232,Not significant
GENE1318,2,Microenvironment,19q,protein_coding,45,43,8.162658444444444,8.268566744186046,0.10590829974160165,1.0761717192245435,0.9220382194146677,-6.63674429023421,0.3588248254434968,0.9993303802855232,Not significant
GENE3452,1,Plasma cells,15q,protein_coding,45,43,9.520688222222223,9.626532790697674,0.10584456847544921,1.0761241802301973,0.9504332616577541,-6.610319602958919,0.3442837054419925,0.9993303802855232,Not significant
GENE2455,2,Microenvironment,12p,protein_coding,45,43,7.477552444444444,7.583371860465117,0.10581941602067158,1.0761054188647918,1.0118001431211792,-6.550527428079022,0.31418220732264895,0.9993303802855232,Not significant
GENE1675,1,Plasma cells,12p,protein_coding,45,43,8.067052888888888,8.17279488372093,0.10574199483204261,1.0760476719932621,0.9850343600731444,-6.577057001317611,0.32708837210145125,0.9993303802855232,Not significant
MEOTH055,2,Microenvironment,21q,protein_coding,45,43,10.995808888888888,11.101361395348837,0.10555250645994896,1.0759063495889332,0.4864510729044958,-6.942724320058295,0.6277583362500816,0.9993303802855232,Not significant
PCOTH090,1,Plasma cells,10q,protein_coding,45,43,6.741824444444444,6.8473704651162794,0.10554602067183616,1.0759015127490401,1.0145368280885267,-6.5477756625590064,0.31288204036381584,0.9993303802855232,Not significant
GENE2051,0,Other,20q,protein_coding,45,43,8.192604,8.29812,0.10551599999999794,1.0758791248227788,0.9403716015018553,-6.619773072529752,0.34939200617990196,0.9993303802855232,Not significant
GENE3849,0,Other,18q,protein_coding,45,43,8.366468222222222,8.471936976744185,0.10546875452196502,1.0758438924349025,0.9911062480646973,-6.571099783405194,0.32413032791272456,0.9993303802855232,Not significant
GENE1268,1,Plasma cells,15q,protein_coding,45,43,7.620582222222223,7.515113953488372,-0.1054682687338504,0.9295031962857261,-0.9027288413999682,-6.654264039430996,0.36893394586828954,0.9993303802855232,Not significant
GENE1800,0,Other,21q,protein_coding,45,43,7.938195111111111,8.043617906976744,0.10542279586563286,1.0758096207761152,0.9880944357142567,-6.574059199207218,0.32559537505277847,0.9993303802855232,Not significant
GENE2780,0,Other,15q,protein_coding,45,43,7.1724997777777775,7.067269534883721,-0.10523024289405214,0.9296565648251303,-1.08434472117159,-6.475127584337896,0.28093325276555886,0.9993303802855232,Not significant
MEOTH105,2,Microenvironment,3q,protein_coding,45,43,9.990280666666667,9.8851044186046515,-0.10517624806201198,0.9296913591427102,-0.6146751540193537,-6.872134294312939,0.5402264159653005,0.9993303802855232,Not significant
GENE2718,2,Microenvironment,10q,protein_coding,45,43,10.143678666666666,10.038613488372093,-0.10506517829456996,0.9297629366938391,-0.9108391359536375,-6.646949801368356,0.3646662009615411,0.9993303802855232,Not significant
GENE3968,0,Other,15q,protein_coding,45,43,8.180227777777779,8.285260930232559,0.1050331524547854,1.0755191050975585,0.8970102117607938,-6.659382704727111,0.37196205596311016,0.9993303802855232,Not significant
GENE2022,2,Microenvironment,10q,protein_coding,45,43,8.646736888888888,8.541722325581395,-0.10501456330749726,0.9297955567301006,-0.8765333877606759,-6.677448838578167,0.38293272147275725,0.9993303802855232,Not significant
GENE3620,1,Plasma cells,15q,protein_coding,45,43,8.592503777777777,8.487491860465116,-0.10501191731266246,0.9297972620360917,-0.8828211092674706,-6.671945013833325,0.3795427774026773,0.9993303802855232,Not significant
PCADV061,1,Plasma cells,13q,protein_coding,45,43,7.642175777777778,7.746908372093023,0.10473259431524617,1.0752950644359391,0.5096191299053001,-6.9311795577901965,0.6114902575513174,0.9993303802855232,Not significant
GENE3552,0,Other,21q,protein_coding,45,43,8.633906444444444,8.529175581395348,-0.10473086304909174,0.9299784153176024,-1.033661437586338,-6.528342721768168,0.30389671819056685,0.9993303802855232,Not significant
GENE3367,0,Other,12p,protein_coding,45,43,7.516701555555556,7.412002093023256,-0.104699462532297,0.929998656685192,-0.9456284728864575,-6.614846276995111,0.3467170263464314,0.9993303802855232,Not significant
PCFAV004,1,Plasma cells,16q,protein_coding,45,43,7.001861555555555,6.897181162790698,-0.10468039276486163,0.9300109496333253,-0.5825646298685105,-6.891344470261157,0.5615550470332558,0.9993303802855232,Not significant
GENE3773,2,Microenvironment,9p,protein_coding,45,43,10.711150666666667,10.815767674418604,0.10461700775192462,1.0752089168588597,1.0117957091248542,-6.550531880606485,0.3141843167867614,0.9993303802855232,Not significant
GENE1644,1,Plasma cells,21q,protein_coding,45,43,8.976646888888888,9.081212093023256,0.10456520413437076,1.0751703094540144,1.0174496508037563,-6.544838797986987,0.3115021515687571,0.9993303802855232,Not significant
GENE3109,0,Other,2p,protein_coding,45,43,7.195239333333333,7.29978511627907,0.10454578294573391,1.0751558358859648,0.9850915994440164,-6.577001010397895,0.3270604038938506,0.9993303802855232,Not significant
PCOTH109,1,Plasma cells,2p,protein_coding,45,43,8.462283777777778,8.566763488372093,0.10447971059432071,1.0751065971726343,0.9251569450434018,-6.633880446386313,0.3572088112713786,0.9993303802855232,Not significant
GENE2794,1,Plasma cells,19q,protein_coding,45,43,7.388829333333334,7.2844,-0.10442933333332949,0.9301728052790573,-1.0758410070696816,-6.4842296963648085,0.28470023274582645,0.9993303802855232,Not significant
GENE3197,2,Microenvironment,9p,protein_coding,45,43,9.908482222222222,10.012736279069767,0.10425405684754807,1.0749384515471785,1.1144524874922792,-6.442339545415095,0.26787312067182856,0.9993303802855232,Not significant
GENE3072,2,Microenvironment,21q,protein_coding,45,43,9.391414666666666,9.495446744186047,0.10403207751937948,1.0747730695694397,0.9626312319671991,-6.598726591841113,0.33815606589729597,0.9993303802855232,Not significant
GENE1790,0,Other,3q,protein_coding,45,43,10.543041555555556,10.647003488372093,0.10396193281653332,1.0747208147250407,0.887724001789187,-6.667626517042373,0.3769124952668871,0.9993303802855232,Not significant
GENE1806,1,Plasma cells,10q,protein_coding,45,43,7.284208888888889,7.388153720930233,0.10394483204134009,1.0747080757541536,1.05493337072862,-6.506311105756017,0.29410896453764696,0.9993303802855232,Not significant
GENE1764,0,Other,21q,protein_coding,45,43,8.720322,8.616382325581394,-0.10393967441860852,0.9304885648098565,-0.970192858877621,-6.591467190175962,0.33439342855680976,0.9993303802855232,Not significant
GENE3780,2,Microenvironment,21q,protein_coding,45,43,7.9316553333333335,7.827783023255814,-0.10387231007752185,0.9305320135018638,-0.9488376668463187,-6.61182533687679,0.34509054250577564,0.9993303802855232,Not significant
GENE2752,0,Other,7q,protein_coding,45,43,9.453595777777778,9.349767906976744,-0.10382787080103029,0.9305606770829751,-0.9179038272932472,-6.640526150186097,0.36097430690637455,0.9993303802855232,Not significant
PCFAV019,1,Plasma cells,5q,protein_coding,45,43,7.706018888888889,7.6021983720930235,-0.10382051679586635,0.9305654205424536,-0.45795568180683877,-6.956190765676101,0.6480212931218512,0.9993303802855232,Not significant
GENE2089,0,Other,2p,protein_coding,45,43,7.6741575555555555,7.570339534883721,-0.10381802067183266,0.9305670305907693,-0.8876130474027507,-6.667724506490674,0.3769718930255237,0.9993303802855232,Not significant
GENE1724,2,Microenvironment,15q,protein_coding,45,43,7.525680444444444,7.6292846511627905,0.10360420671834358,1.074454363387418,0.9901991037168353,-6.571992074683495,0.32457113390114267,0.9993303802855232,Not significant
GENE3265,0,Other,2p,protein_coding,45,43,7.549814,7.446259534883721,-0.10355446511628053,0.9307370447012872,-0.8987475832972097,-6.657830989862387,0.3710404375920171,0.9993303802855232,Not significant
GENE2898,0,Other,10q,protein_coding,45,43,8.692816222222222,8.589314186046511,-0.10350203617571196,0.9307708692050837,-0.934901947350225,-6.624870670820075,0.35218935009848074,0.9993303802855232,Not significant
GENE3975,0,Other,4q,protein_coding,45,43,8.271282222222222,8.374605116279069,0.10332289405684669,1.0742448747975208,1.0077600095279853,-6.554576527379351,0.3161082155935182,0.9993303802855232,Not significant
GENE3150,0,Other,10q,protein_coding,45,43,9.545212666666666,9.64847023255814,0.10325756589147161,1.0741962319062945,0.944935885120704,-6.615496919300909,0.347068693018577,0.9993303802855232,Not significant
GENE1588,2,Microenvironment,7q,protein_coding,45,43,7.572588666666666,7.469419302325582,-0.10316936434108293,0.9309855209137383,-0.8624941272512878,-6.6895980750611495,0.3905695426885908,0.9993303802855232,Not significant
GENE2028,1,Plasma cells,21q,protein_coding,45,43,9.825768,9.722674186046511,-0.10309381395348538,0.9310342756100957,-0.9362465836540542,-6.623620205296574,0.3515003315738753,0.9993303802855232,Not significant
GENE1851,0,Other,4q,protein_coding,45,43,7.715310666666666,7.8182872093023255,0.10297654263565814,1.0739870090873862,1.010794520137778,-6.551536764904022,0.3146608725364416,0.9993303802855232,Not significant
GENE3024,2,Microenvironment,21q,protein_coding,45,43,6.8335622222222225,6.936529534883721,0.10296731266150072,1.0739801380298526,0.9523942844344275,-6.608465621139091,0.3432937605269084,0.9993303802855232,Not significant
GENE0995,1,Plasma cells,20q,protein_coding,45,43,8.933702444444444,8.830740930232558,-0.10296151421188249,0.9311196583407253,-0.93250473954597,-6.627095614589587,0.35341987995951385,0.9993303802855232,Not significant
GENE1424,2,Microenvironment,15q,protein_coding,45,43,7.659380666666666,7.762193953488373,0.10281328682170798,1.0738654832636427,1.0599634452029059,-6.501037295490432,0.2918262367074642,0.9993303802855232,Not significant
GENE2207,1,Plasma cells,20q,protein_coding,45,43,8.089206888888889,8.191897441860466,0.1026905529715787,1.0737741305969775,0.9786717440988145,-6.583260967956817,0.3302070960928548,0.9993303802855232,Not significant
GENE3120,1,Plasma cells,21q,protein_coding,45,43,9.952218,10.054814418604652,0.10259641860464797,1.0737040702255438,1.020514965601942,-6.5417392861716115,0.31005443093985274,0.9993303802855232,Not significant
GENE0987,2,Microenvironment,4q,protein_coding,45,43,9.278441333333333,9.380941395348838,0.10250006201550477,1.0736323606790756,0.8980137323671398,-6.6584867811119075,0.37142954560391894,0.9993303802855232,Not significant
GENE1093,1,Plasma cells,2p,protein_coding,45,43,6.321804222222222,6.219401395348838,-0.10240282687338365,0.931480306632506,-0.8736277222641643,-6.6799791743816535,0.38450561987258713,0.9993303802855232,Not significant
PCFAV006,1,Plasma cells,11q,protein_coding,45,43,6.708154666666666,6.605781395348838,-0.10237327131782958,0.9314993894595559,-0.4300960979964789,-6.968574449324453,0.6680916534395842,0.9993303802855232,Not significant
GENE3019,1,Plasma cells,12p,protein_coding,45,43,8.049127777777779,8.15147465116279,0.10234687338501125,1.0735183660129632,0.8767001356091224,-6.677303378994604,0.382842578976506,0.9993303802855232,Not significant
GENE3851,1,Plasma cells,20q,protein_coding,45,43,9.107066444444444,9.004771860465116,-0.10229458397932767,0.931550196598013,-1.0081864030718646,-6.554149936070759,0.3159045749016917,0.9993303802855232,Not significant
GENE3867,1,Plasma cells,4q,protein_coding,45,43,6.397181333333333,6.499452325581395,0.10227099224806313,1.0734619038711977,0.8277394215185767,-6.718842767084713,0.4098752405871767,0.9993303802855232,Not significant
GENE3083,2,Microenvironment,20q,protein_coding,45,43,8.33853911111111,8.236328837209303,-0.10221027390180382,0.9316046373231802,-0.9379300187575049,-6.622052181362418,0.3506389293572827,0.9993303802855232,Not significant
GENE2555,1,Plasma cells,20q,protein_coding,45,43,8.286440888888889,8.388638604651163,0.10219771576227465,1.0734073826341137,1.0276248176627973,-6.534515003409176,0.30671390966722106,0.9993303802855232,Not significant
GENE1078,0,Other,19q,protein_coding,45,43,8.098572444444445,7.9963772093023255,-0.10219523514211915,0.9316143484893564,-0.9741814447603585,-6.587615587380099,0.3324198087964967,0.9993303802855232,Not significant
GENE1321,1,Plasma cells,2p,protein_coding,45,43,9.967519777777778,9.865326279069768,-0.10219349870800798,0.931615469785168,-0.8832816654923582,-6.671540354392295,0.3792952133800258,0.9993303802855232,Not significant
GENE3048,2,Microenvironment,21q,protein_coding,45,43,8.957434666666666,9.059607209302326,0.10217254263566034,1.0733886532537202,1.0263961295377801,-6.53576697340509,0.30728946393806306,0.9993303802855232,Not significant
PCADV046,1,Plasma cells,17p,protein_coding,45,43,8.23614911111111,8.338229767441861,0.10208065633075059,1.0733202905204664,0.4346019678648799,-6.966624031946179,0.664828698953291,0.9993303802855232,Not significant
MEOTH152,2,Microenvironment,2p,protein_coding,45,43,9.014925555555555,8.912848837209301,-0.10207671834624854,0.9316908833631257,-0.8157704350938452,-6.728639790122352,0.41665504365830974,0.9993303802855232,Not significant
GENE3688,2,Microenvironment,7q,protein_coding,45,43,8.744704444444444,8.846650697674418,0.10194625322997375,1.073220303446488,0.9940340679195622,-6.568214442046423,0.32271032403441413,0.9993303802855232,Not significant
PCOTH152,1,Plasma cells,15q,protein_coding,45,43,6.2439015555555555,6.142063488372093,-0.10183806718346222,0.9318450167717264,-0.9496648365805376,-6.611045061666887,0.34467211863786495,0.9993303802855232,Not significant
PCOTH163,1,Plasma cells,12p,protein_coding,45,43,7.183102444444445,7.28492976744186,0.10182732299741204,1.0731318349373442,0.8883610419539386,-6.6670636814102195,0.37657157888648296,0.9993303802855232,Not significant
PCADV027,1,Plasma cells,1p,protein_coding,45,43,9.378505777777777,9.480319302325581,0.10181352454780068,1.0731215711710465,0.6404930007286909,-6.855947396689289,0.523381144427737,0.9993303802855232,Not significant
MEOTH222,2,Microenvironment,20q,protein_coding,45,43,8.338115555555556,8.439864418604651,0.10174886304909236,1.0730734750092625,0.7276921884138969,-6.796401167341756,0.46857674395677795,0.9993303802855232,Not significant
GENE2946,1,Plasma cells,10q,protein_coding,45,43,5.989138888888889,6.090883255813954,0.10174436692506372,1.073070130807071,0.8719074845256404,-6.681473309653977,0.3854387099107198,0.9993303802855232,Not significant
GENE1495,0,Other,12p,protein_coding,45,43,9.226279555555555,9.124603488372093,-0.10167606718346178,0.9319496593776349,-0.8692465057922127,-6.68377882871329,0.38688484150122704,0.9993303802855232,Not significant
GENE2042,2,Microenvironment,3q,protein_coding,45,43,6.460544444444444,6.562112325581396,0.10156788113695292,1.0729388694945605,0.8529773676346256,-6.697723820215296,0.3957993666338162,0.9993303802855232,Not significant
GENE2743,1,Plasma cells,12p,protein_coding,45,43,6.819731777777778,6.921241395348837,0.10150961757106458,1.072895539490328,0.9157953095070239,-6.6424484492256015,0.36207368323196665,0.9993303802855232,Not significant
PCOTH108,1,Plasma cells,21q,protein_coding,45,43,4.035369111111111,4.136809302325581,0.10144019121447023,1.0728439101203167,0.9636572455530799,-6.597744852337511,0.3376439120291268,0.9993303802855232,Not significant
GENE1512,0,Other,21q,protein_coding,45,43,9.215036444444445,9.11364511627907,-0.10139132816537533,0.9321336127509295,-0.9758098315094997,-6.586038672724589,0.33161625683355345,0.9993303802855232,Not significant
GENE2319,2,Microenvironment,4q,protein_coding,45,43,8.201650444444445,8.302994186046512,0.1013437416020686,1.072772188850344,0.8818833698102324,-6.67276829999512,0.38004715489133367,0.9993303802855232,Not significant
GENE1693,1,Plasma cells,2p,protein_coding,45,43,6.82655,6.725318372093024,-0.10123162790697737,0.9322368017230264,-0.8901614216118063,-6.665470868924184,0.3756091386471181,0.9993303802855232,Not significant
GENE2921,0,Other,9p,protein_coding,45,43,7.592381333333333,7.491230930232558,-0.10115040310077816,0.9322892888273783,-0.888149877976287,-6.667250292313387,0.37668456331036737,0.9993303802855232,Not significant
GENE3224,1,Plasma cells,15q,protein_coding,45,43,8.257068666666667,8.155953488372093,-0.10111517829457206,0.932312051857337,-0.9091930552969045,-6.648439513289832,0.3655298468379703,0.9993303802855232,Not significant
GENE1617,2,Microenvironment,18q,protein_coding,45,43,9.585819777777777,9.686918837209303,0.10109905943152242,1.0725902613033658,0.7097825110331533,-6.809244341050031,0.47956302657423233,0.9993303802855232,Not significant
GENE3549,0,Other,18q,protein_coding,45,43,8.75065888888889,8.649566511627906,-0.10109237726098286,0.9323267866736299,-0.8096278447629793,-6.733613071413348,0.42016043861322716,0.9993303802855232,Not significant
GENE3599,0,Other,20q,protein_coding,45,43,7.34354,7.444628837209303,0.10108883720930173,1.0725826614871548,0.8678757031333331,-6.6849638095589485,0.3876311262915777,0.9993303802855232,Not significant
GENE1237,0,Other,2p,protein_coding,45,43,8.917482666666666,9.018567209302326,0.10108454263565925,1.0725794686582888,0.8665268583090937,-6.686128012277446,0.38836632628029766,0.9993303802855232,Not significant
GENE2083,0,Other,12p,protein_coding,45,43,9.353480222222222,9.45454511627907,0.10106489405684371,1.07256486091506,0.9580579144830127,-6.603090087962003,0.34044508253141104,0.9993303802855232,Not significant
GENE3724,2,Microenvironment,7q,protein_coding,45,43,8.476474222222222,8.577398837209303,0.10092461498708083,1.072460576168746,0.9836880974336862,-6.578372981322689,0.3277466356061949,0.9993303802855232,Not significant
PCOTH208,1,Plasma cells,7q,protein_coding,45,43,6.922380666666666,7.023254651162791,0.10087398449612373,1.0724229394879665,0.8916033772908448,-6.664192870207649,0.374839417221578,0.9993303802855232,Not significant
GENE2072,2,Microenvironment,15q,protein_coding,45,43,8.183476888888888,8.08265976744186,-0.10081712144702948,0.93250468487404,-0.9008731335458188,-6.655928562451005,0.3699148628926976,0.9993303802855232,Not significant
GENE2376,0,Other,21q,protein_coding,45,43,6.794002222222222,6.6932916279069765,-0.10071059431524709,0.932573542611955,-0.8794064350218486,-6.674938779349425,0.38138142324818436,0.9993303802855232,Not significant
PCOTH223,1,Plasma cells,12p,protein_coding,45,43,6.2791091111111115,6.3798132558139535,0.10070414470284561,1.0722966970289016,0.9717718305502406,-6.589944298752322,0.3336112110144358,0.9993303802855232,Not significant
GENE2342,1,Plasma cells,3q,protein_coding,45,43,8.40162288888889,8.300943255813953,-0.10067963307493599,0.9325935565044053,-0.973269125418471,-6.588497940614305,0.33287056439862484,0.9993303802855232,Not significant
PCOTH114,1,Plasma cells,10q,protein_coding,45,43,6.114714,6.014051162790698,-0.10066283720930258,0.9326044138282337,-0.9499018919035441,-6.610821322665616,0.34455226481900003,0.9993303802855232,Not significant
GENE2827,2,Microenvironment,12p,protein_coding,45,43,7.799663111111111,7.699006744186047,-0.10065636692506175,0.9326085964371719,-1.0336532988880824,-6.528351067166742,0.3039005045965838,0.9993303802855232,Not significant
GENE3889,0,Other,2p,protein_coding,45,43,5.640377555555555,5.74099511627907,0.10061756072351535,1.07223234460067,0.9465512045671218,-6.613978702230612,0.3462488604720966,0.9993303802855232,Not significant
GENE3648,1,Plasma cells,21q,protein_coding,45,43,8.889946,8.99046930232558,0.10052330232558404,1.072162292650244,0.8484789839724736,-6.701533796121337,0.3982862864269593,0.9993303802855232,Not significant
GENE1965,0,Other,18q,protein_coding,45,43,9.635393333333333,9.73587534883721,0.10048201550387859,1.0721316101159828,0.8231291426968026,-6.722633095049054,0.4124787979664629,0.9993303802855232,Not significant
GENE3758,1,Plasma cells,3q,protein_coding,45,43,7.072349555555555,7.1728093023255814,0.10045974677002789,1.072115061345424,0.8659662805921878,-6.68661132871573,0.3886721277939492,0.9993303802855232,Not significant
GENE3342,2,Microenvironment,10q,protein_coding,45,43,7.6500437777777774,7.549623953488372,-0.10041982428940344,0.9327615184165062,-0.9088138395015132,-6.648782330328128,0.3657289929006192,0.9993303802855232,Not significant
GENE3201,0,Other,18q,protein_coding,45,43,8.147225777777777,8.046822093023255,-0.10040368475452333,0.9327719533461635,-0.9030013499550825,-6.654019322618526,0.3687900378426976,0.9993303802855232,Not significant
PCOTH191,1,Plasma cells,20q,protein_coding,45,43,7.105230888888888,7.205572093023256,0.10034120413436831,1.0720269719569846,0.8516350498797164,-6.69886279405155,0.39654046434838675,0.9993303802855232,Not significant
GENE1163,0,Other,20q,protein_coding,45,43,8.332087555555555,8.23188511627907,-0.10020243927648309,0.9329020773331882,-0.9682780291574878,-6.59331075341918,0.33534363902621056,0.9993303802855232,Not significant
GENE2381,1,Plasma cells,9p,protein_coding,45,43,8.255560888888889,8.155435581395349,-0.10012530749353843,0.932951955042655,-0.873697495500434,-6.679918510755152,0.38446780316539164,0.9993303802855232,Not significant
GENE3290,0,Other,3q,protein_coding,45,43,9.54003311111111,9.440112325581396,-0.09992078552971684,0.9330842232532925,-0.8802268155603218,-6.674220564491763,0.3809391798535906,0.9993303802855232,Not significant
GENE2683,2,Microenvironment,12p,protein_coding,45,43,9.405922444444444,9.50567488372093,0.09975243927648059,1.071589566256819,0.8835909390334029,-6.671268500239127,0.37912902538177906,0.9993303802855232,Not significant
GENE2822,2,Microenvironment,3q,protein_coding,45,43,9.445232,9.544913720930232,0.09968172093022964,1.0715370401286062,0.9325938448339178,-6.6270130127974936,0.3533740912640977,0.9993303802855232,Not significant
GENE1434,2,Microenvironment,10q,protein_coding,45,43,9.394908666666666,9.295304418604651,-0.09960424806201651,0.9332889709739025,-0.8816153425400719,-6.673003455735928,0.3801913943115609,0.9993303802855232,Not significant
GENE3445,0,Other,2p,protein_coding,45,43,8.508388444444444,8.607950697674418,0.09956225322997803,1.0714483112135562,0.8859159928249535,-6.669221760191718,0.3778811161505612,0.9993303802855232,Not significant
GENE2658,2,Microenvironment,10q,protein_coding,45,43,8.791322888888889,8.691996046511628,-0.09932684237725908,0.9334684438017176,-0.8863164219552565,-6.668868729202419,0.37766645647164965,0.9993303802855232,Not significant
GENE2866,0,Other,19q,protein_coding,45,43,6.706960222222222,6.806277906976744,0.09931768475451985,1.071266692601959,0.8817247453277419,-6.672907478871307,0.3801325148521676,0.9993303802855232,Not significant
GENE1887,0,Other,4q,protein_coding,45,43,9.61263311111111,9.711925348837209,0.09929223772610207,1.0712477971924785,0.8973302529791608,-6.659097085139596,0.37179217640136286,0.9993303802855232,Not significant
GENE2178,0,Other,10q,protein_coding,45,43,8.26993911111111,8.36908,0.09914088888889161,1.071135421673208,1.0840604583446853,-6.475432980022045,0.2810586178050436,0.9993303802855232,Not significant
GENE2369,2,Microenvironment,9p,protein_coding,45,43,9.475294666666667,9.37616930232558,-0.09912536434108787,0.933598815444206,-0.8422167805379699,-6.706804624748545,0.4017642071602229,0.9993303802855232,Not significant
GENE2025,0,Other,18q,protein_coding,45,43,8.360292444444445,8.459408139534883,0.09911569509044149,1.071116716587563,0.8264896495991902,-6.7198723253860555,0.41058004058962105,0.9993303802855232,Not significant
GENE3403,0,Other,12p,protein_coding,45,43,8.53392911111111,8.434823488372093,-0.09910562273901924,0.9336115907445196,-0.8876120169839316,-6.667725416449354,0.3769724446721865,0.9993303802855232,Not significant
GENE3865,1,Plasma cells,2p,protein_coding,45,43,8.794102444444444,8.695023720930232,-0.09907872351420899,0.9336289982086586,-0.8602603502162628,-6.69151332532687,0.3917932431595632,0.9993303802855232,Not significant
GENE3473,1,Plasma cells,9p,protein_coding,45,43,7.0358748888888885,6.936803953488372,-0.09907093540051459,0.933634038240132,-0.9831994303440336,-6.578850220163927,0.32798578828015235,0.9993303802855232,Not significant
GENE1531,0,Other,12p,protein_coding,45,43,6.913039333333334,6.8140058139534885,-0.09903351937984706,0.9336582521747983,-0.8746215252760153,-6.679114672870805,0.38396720211844426,0.9993303802855232,Not significant
GENE3551,2,Microenvironment,20q,protein_coding,45,43,9.370963555555555,9.469970930232558,0.09900737467700083,1.071036298032875,1.0216771334555794,-6.540561768170279,0.30950673119279176,0.9993303802855232,Not significant
PCADV004,1,Plasma cells,8q,protein_coding,45,43,8.337394666666667,8.238511627906977,-0.09888303875968596,0.9337556426810301,-0.4260255701730295,-6.970319015549528,0.6710448417642667,0.9993303802855232,Not significant
GENE1173,0,Other,18q,protein_coding,45,43,7.791351555555556,7.890141395348837,0.09878983979328204,1.070874815401096,0.763570130231277,-6.7697211540797975,0.4469997841036384,0.9993303802855232,Not significant
GENE3905,1,Plasma cells,9p,protein_coding,45,43,7.013136666666667,7.111891860465116,0.09875519379845166,1.0708490988936028,0.9667898913601968,-6.594741039333641,0.3360833274864137,0.9993303802855232,Not significant
GENE3751,1,Plasma cells,12p,protein_coding,45,43,6.9045908888888885,6.80589976744186,-0.09869112144702719,0.9338798656030921,-0.9365260736361012,-6.623360067740335,0.3513572242714993,0.9993303802855232,Not significant
GENE3582,1,Plasma cells,10q,protein_coding,45,43,6.987262444444444,6.8887306976744185,-0.09853174677002396,0.9339830371112995,-0.9452495936858145,-6.615202267950477,0.346909376568186,0.9993303802855232,Not significant
GENE2747,1,Plasma cells,20q,protein_coding,45,43,10.20418711111111,10.302680697674418,0.09849358656331297,1.0706549369493104,0.8792278070525688,-6.675095074622186,0.38147775882952784,0.9993303802855232,Not significant
GENE2704,2,Microenvironment,7q,protein_coding,45,43,10.764278888888889,10.862747209302325,0.09846832041343845,1.0706361865616967,0.8786803497556052,-6.675573892301959,0.3817731016692216,0.9993303802855232,Not significant
GENE1439,0,Other,20q,protein_coding,45,43,7.4466515555555555,7.54499465116279,0.09834309560723398,1.0705432602073726,0.9702034790357505,-6.5914569553234506,0.334388163355956,0.9993303802855232,Not significant
GENE3618,2,Microenvironment,10q,protein_coding,45,43,10.440113333333333,10.538449302325581,0.0983359689922505,1.0705379719582424,0.8542013305854522,-6.696683732177783,0.39512435422473513,0.9993303802855232,Not significant
GENE2380,1,Plasma cells,7q,protein_coding,45,43,9.029924,9.128116976744186,0.09819297674418515,1.070431871194746,0.7651543007879205,-6.7685138721925675,0.4460604813989265,0.9993303802855232,Not significant
GENE3047,1,Plasma cells,20q,protein_coding,45,43,7.422110222222222,7.32395,-0.09816022222222376,0.9342235885092989,-0.8862842744203856,-6.668897077279416,0.37768368711365785,0.9993303802855232,Not significant
GENE1886,0,Other,3q,protein_coding,45,43,8.352575111111111,8.25442,-0.09815511111111164,0.9342268982378883,-0.7823215896281792,-6.7552723663555305,0.43595496321723926,0.9993303802855232,Not significant
GENE1184,2,Microenvironment,15q,protein_coding,45,43,7.833607333333333,7.735540465116279,-0.09806686821705135,0.9342840422663381,-0.9954455912796261,-6.56682041970948,0.3220272043053425,0.9993303802855232,Not significant
GENE2304,0,Other,21q,protein_coding,45,43,7.082324888888889,7.18032511627907,0.0980002273901821,1.0702888671200446,0.8488970030857913,-6.701180584607104,0.39805478345895473,0.9993303802855232,Not significant
GENE2154,1,Plasma cells,10q,protein_coding,45,43,6.615462444444445,6.517476976744186,-0.09798546770025851,0.934336758431056,-0.8242284394960924,-6.721731206046867,0.41185709095835976,0.9993303802855232,Not significant
GENE1225,2,Microenvironment,2p,protein_coding,45,43,10.41645,10.31853511627907,-0.09791488372092516,0.9343824720558276,-0.9543650443804268,-6.606598656586983,0.3423007629153654,0.9993303802855232,Not significant
GENE2280,0,Other,21q,protein_coding,45,43,8.022009333333333,7.924098837209303,-0.09791049612403047,0.9343853137512316,-0.8315398233448619,-6.71570258702248,0.40773652416002115,0.9993303802855232,Not significant
GENE2842,0,Other,19q,protein_coding,45,43,8.068066666666667,8.165921627906977,0.0978549612403139,1.0701811042794656,0.8290410833998901,-6.717768831776862,0.4091419548816789,0.9993303802855232,Not significant
GENE1003,0,Other,12p,protein_coding,45,43,8.146666444444444,8.244493023255814,0.09782657881136814,1.0701600505990188,0.8553007792811633,-6.695748200574869,0.39451861416027867,0.9993303802855232,Not significant
GENE0985,1,Plasma cells,2p,protein_coding,45,43,7.448224222222223,7.54600465116279,0.09778042894056593,1.0701258181682154,1.022952579865093,-6.539267966407449,0.30890639388596175,0.9993303802855232,Not significant
GENE1185,1,Plasma cells,18q,protein_coding,45,43,7.153021777777778,7.0553076744186045,-0.09771410335917441,0.9345125194328632,-0.8955187341131707,-6.66071244707894,0.3727543847094511,0.9993303802855232,Not significant
GENE1852,2,Microenvironment,7q,protein_coding,45,43,9.388361555555555,9.486051860465116,0.09769030490956077,1.0700589703331893,0.8818246516625476,-6.672819822818854,0.38007875125917123,0.9993303802855232,Not significant
GENE3353,0,Other,9p,protein_coding,45,43,9.780503333333334,9.87818976744186,0.09768643410852462,1.0700560993315589,0.8886693324496617,-6.666791159015489,0.3764066645353311,0.9993303802855232,Not significant
GENE2584,0,Other,7q,protein_coding,45,43,8.708613555555555,8.610936511627907,-0.09767704392764642,0.9345365251628074,-0.8889799478989584,-6.666516487355261,0.3762405522797475,0.9993303802855232,Not significant
PCFAV066,1,Plasma cells,11q,protein_coding,45,43,8.519571555555556,8.421918604651163,-0.09765295090439352,0.9345521320635046,-0.5104088685460139,-6.930776612083875,0.6109390757889892,0.9993303802855232,Not significant
GENE3631,0,Other,12p,protein_coding,45,43,9.360059111111111,9.457650697674419,0.09759158656330591,1.0699857526156915,0.9018050061613692,-6.655093117163757,0.3694220745379202,0.9993303802855232,Not significant
GENE2948,1,Plasma cells,15q,protein_coding,45,43,8.480793333333333,8.578290232558139,0.09749689922480798,1.0699155293352265,0.9114740248894604,-6.646374515795745,0.3643334414018493,0.9993303802855232,Not significant
GENE3992,1,Plasma cells,15q,protein_coding,45,43,7.606746,7.704241627906977,0.09749562790697652,1.069914586514982,0.8480116145608853,-6.701928504009712,0.398545217581585,0.9993303802855232,Not significant
GENE1655,1,Plasma cells,20q,protein_coding,45,43,6.8092442222222225,6.906613023255814,0.09736880103359535,1.0698205347897618,0.9496024655484179,-6.611103919970098,0.34470365756442556,0.9993303802855232,Not significant
PCOTH195,1,Plasma cells,4q,protein_coding,45,43,8.410667333333333,8.313306511627907,-0.09736082170542915,0.9347413873118772,-0.9414808509826672,-6.618735716129537,0.34882645514522537,0.9993303802855232,Not significant
GENE1784,1,Plasma cells,15q,protein_coding,45,43,7.283699555555556,7.381034651162791,0.09733509560723608,1.0697955410558007,0.8859664341094585,-6.669177298197979,0.3778540716829395,0.9993303802855232,Not significant
GENE1721,1,Plasma cells,9p,protein_coding,45,43,8.483575333333333,8.580774186046511,0.09719885271317885,1.0696945182100144,0.7955688847765026,-6.744856194175271,0.42824940988921256,0.9993303802855232,Not significant
GENE2751,1,Plasma cells,4q,protein_coding,45,43,7.2347428888888885,7.1375920930232555,-0.0971507958656348,0.9348774757643881,-0.905152391253158,-6.652085106532021,0.3676553478167305,0.9993303802855232,Not significant
GENE2061,1,Plasma cells,18q,protein_coding,45,43,8.27677511111111,8.179691395348836,-0.09708371576227215,0.9349209451975559,-0.9655550762658347,-6.595926213010239,0.33669790928475585,0.9993303802855232,Not significant
GENE2367,2,Microenvironment,4q,protein_coding,45,43,9.19058688888889,9.093556046511628,-0.09703084237725967,0.934955209778446,-0.8942628009380957,-6.661830499773517,0.37342240643640856,0.9993303802855232,Not significant
GENE1933,2,Microenvironment,2p,protein_coding,45,43,8.596294444444444,8.49934023255814,-0.09695421188630071,0.9350048723734762,-0.8498100966115457,-6.700408456607024,0.3975493900580639,0.9993303802855232,Not significant
PCOTH008,1,Plasma cells,15q,protein_coding,45,43,8.490016444444445,8.586846046511628,0.09682960206718327,1.069420770232993,0.9278966341923239,-6.631356825435834,0.35579304771821696,0.9993303802855232,Not significant
GENE1591,2,Microenvironment,12p,protein_coding,45,43,9.15436688888889,9.25107976744186,0.09671287855297095,1.0693342505615258,0.9158949989659181,-6.6423576618999824,0.36202165743449655,0.9993303802855232,Not significant
GENE1179,1,Plasma cells,4q,protein_coding,45,43,8.58373711111111,8.680442790697674,0.09670567958656129,1.069328914657592,0.9430777143509768,-6.617240241484265,0.3480133319213239,0.9993303802855232,Not significant
GENE2363,2,Microenvironment,20q,protein_coding,45,43,9.364172222222223,9.460873720930232,0.09670149870801126,1.0693258157851915,0.8486376266949367,-6.701399768751497,0.39819841887761753,0.9993303802855232,Not significant
GENE3227,2,Microenvironment,20q,protein_coding,45,43,7.663809333333333,7.760495813953488,0.09668648062015706,1.0693146844337935,0.9331117142368427,-6.6265327875430255,0.3531080481969988,0.9993303802855232,Not significant
GENE2610,2,Microenvironment,10q,protein_coding,45,43,9.475494222222222,9.57205,0.09655577777778035,1.0692178128608698,0.8310533858730719,-6.716105309729126,0.4080098944062237,0.9993303802855232,Not significant
GENE1966,0,Other,19q,protein_coding,45,43,9.636077333333333,9.73259976744186,0.09652243410852535,1.0691931013091458,0.8828954892229359,-6.671879675281264,0.3795027889131446,0.9993303802855232,Not significant
GENE2484,0,Other,21q,protein_coding,45,43,8.773567777777778,8.869878139534883,0.09631036175711039,1.0690359443051016,0.8911075556597805,-6.66463254413502,0.37510397690891817,0.9993303802855232,Not significant
GENE2741,2,Microenvironment,9p,protein_coding,45,43,8.56881688888889,8.472677209302326,-0.09613967958656211,0.9355329165419588,-0.8309789254301931,-6.716166935204643,0.40805174979638326,0.9993303802855232,Not significant
GENE3068,2,Microenvironment,15q,protein_coding,45,43,9.776140444444444,9.680052325581395,-0.09608811886305091,0.9355663523095046,-0.8607827712058279,-6.691065837348253,0.39150684069963637,0.9993303802855232,Not significant
GENE1364,2,Microenvironment,15q,protein_coding,45,43,8.070555777777777,8.16661534883721,0.09605957105943475,1.0688501247374662,0.8888126866711072,-6.66666440518447,0.37632999524198185,0.9993303802855232,Not significant
GENE2029,1,Plasma cells,2p,protein_coding,45,43,8.925474888888889,9.021527209302326,0.09605232041344003,1.068844752961601,0.8835560566110144,-6.6712991668783275,0.3791477671587379,0.9993303802855232,Not significant
GENE2253,1,Plasma cells,18q,protein_coding,45,43,8.734924888888889,8.638928604651163,-0.09599628423772444,0.9356259075984513,-0.8328552170613217,-6.714612406364746,0.4069978489822099,0.9993303802855232,Not significant
GENE1909,1,Plasma cells,2p,protein_coding,45,43,6.914131555555556,7.0100955813953485,0.09596402583979113,1.0687793404514927,0.807899280924514,-6.735005899931539,0.4211500431036733,0.9993303802855232,Not significant
GENE1904,0,Other,15q,protein_coding,45,43,7.938711111111111,8.034618139534883,0.09590702842377574,1.068737116380826,0.9382426263242337,-6.6217607007873776,0.3504791199997732,0.9993303802855232,Not significant
GENE3854,2,Microenvironment,3q,protein_coding,45,43,7.7982524444444445,7.702472325581395,-0.09578011886305049,0.9357661070667346,-0.8772933146532794,-6.676785708892196,0.3825220184028305,0.9993303802855232,Not significant
PCOTH082,1,Plasma cells,19q,protein_coding,45,43,7.0395813333333335,6.943823023255814,-0.09575831007751567,0.9357802528674841,-0.9147546181774141,-6.643395628478391,0.3626170818641209,0.9993303802855232,Not significant
GENE1584,1,Plasma cells,21q,protein_coding,45,43,7.440779777777778,7.536503488372093,0.09572371059431717,1.0686013246049524,0.8500917607998372,-6.700170111402683,0.3973935694580115,0.9993303802855232,Not significant
GENE3032,2,Microenvironment,15q,protein_coding,45,43,9.072292444444445,8.976599534883722,-0.09569290956072152,0.935822674791457,-0.9243183701261095,-6.634651421327259,0.35764287311681664,0.9993303802855232,Not significant
GENE3518,2,Microenvironment,3q,protein_coding,45,43,6.008311333333333,6.103991627906977,0.09568029457364435,1.0685691669293504,0.8878531540180727,-6.667512440983386,0.3768433629518685,0.9993303802855232,Not significant
GENE1490,0,Other,3q,protein_coding,45,43,8.384704888888889,8.480348837209302,0.09564394832041323,1.0685422464817127,0.906277529906671,-6.6510715801640234,0.36706270969847954,0.9993303802855232,Not significant
GENE1991,0,Other,20q,protein_coding,45,43,8.588029333333333,8.492412790697674,-0.095616542635657,0.9358722124896941,-0.9852693961123347,-6.576827071333429,0.3269735392370572,0.9993303802855232,Not significant
GENE1686,2,Microenvironment,10q,protein_coding,45,43,11.013631555555556,10.91803046511628,-0.09560109043927945,0.935882236339674,-0.8039413232324305,-6.738184052200611,0.4234212035647792,0.9993303802855232,Not significant
GEP1Q104,1,Plasma cells,1q,protein_coding,45,43,6.612637777777778,6.708223488372093,0.09558571059431209,1.0684991131701584,0.465329292727948,-6.952783695736743,0.6427516882243947,0.9993303802855232,Not significant
GENE2261,2,Microenvironment,9p,protein_coding,45,43,9.874260444444445,9.778693023255814,-0.09556742118863504,0.9359040779766038,-0.9090224063005482,-6.648593800057567,0.3656194550474702,0.9993303802855232,Not significant
GENE1482,1,Plasma cells,10q,protein_coding,45,43,8.552032888888888,8.456559069767442,-0.09547381912144814,0.9359648014114206,-0.9517262835065566,-6.609097580790131,0.3436307667933093,0.9993303802855232,Not significant
PCOTH149,1,Plasma cells,9p,protein_coding,45,43,6.981447333333334,7.076905581395349,0.0954582480620152,1.0684047151285303,0.8051011625796239,-6.737254321770501,0.4227549099751453,0.9993303802855232,Not significant
GENE2145,2,Microenvironment,18q,protein_coding,45,43,8.88033911111111,8.784893720930233,-0.09544539018087761,0.9359832451913803,-0.858966052610223,-6.692620824222551,0.39250336108465544,0.9993303802855232,Not significant
GENE3358,1,Plasma cells,19q,protein_coding,45,43,9.654504,9.559126976744187,-0.09537702325581066,0.9360276009358691,-0.8131941291047576,-6.7307301816362655,0.41812312720619194,0.9993303802855232,Not significant
PCOTH018,1,Plasma cells,10q,protein_coding,45,43,6.883673111111111,6.788306046511628,-0.09536706459948174,0.9360340621831186,-0.9466924966736254,-6.61384578264708,0.34617720929459284,0.9993303802855232,Not significant
GENE2129,2,Microenvironment,9p,protein_coding,45,43,8.655028222222223,8.559666744186046,-0.09536147803617645,0.9360376868047612,-0.842634898386842,-6.70645389787958,0.4015314165202033,0.9993303802855232,Not significant
GENE2330,0,Other,3q,protein_coding,45,43,9.140593555555556,9.045400697674419,-0.09519285788113585,0.9361470959588192,-0.8562705334028647,-6.694922043803106,0.3939848030520675,0.9993303802855232,Not significant
GENE1370,0,Other,3q,protein_coding,45,43,7.867554,7.96273,0.09517600000000037,1.0681957134645421,0.8344127877246882,-6.713319316753329,0.4061242256412214,0.9993303802855232,Not significant
GENE1796,1,Plasma cells,15q,protein_coding,45,43,6.853936222222222,6.7588211627906976,-0.09511505943152265,0.9361975797785975,-0.7776751520962447,-6.758884898629329,0.43867677449687115,0.9993303802855232,Not significant
GENE1122,2,Microenvironment,10q,protein_coding,45,43,9.358632,9.26365046511628,-0.09498153488371841,0.9362842309002061,-0.8500373076254043,-6.700216195932099,0.3974236908046622,0.9993303802855232,Not significant
GENE1256,1,Plasma cells,15q,protein_coding,45,43,7.635602444444444,7.540645813953488,-0.09495663049095704,0.9363003935616291,-0.7751991921341878,-6.7608012407312215,0.4401311955468976,0.9993303802855232,Not significant
GENE3046,0,Other,19q,protein_coding,45,43,8.616039555555556,8.52120511627907,-0.09483443927648239,0.9363796982823507,-1.0121828476414583,-6.550143052155279,0.3140001721292674,0.9993303802855232,Not significant
PCOTH229,1,Plasma cells,2p,protein_coding,45,43,8.398335777777778,8.493082093023256,0.09474631524548194,1.0678776150061087,0.8059726157998933,-6.736554892523512,0.4222546963765158,0.9993303802855232,Not significant
GENE2048,1,Plasma cells,15q,protein_coding,45,43,8.984130666666667,8.889465813953489,-0.09466485271317815,0.9364897747323552,-0.8419177265403622,-6.707055372923275,0.4019307584419425,0.9993303802855232,Not significant
GENE2014,2,Microenvironment,19q,protein_coding,45,43,9.637704888888889,9.543088604651162,-0.09461628423772517,0.9365213022866652,-0.8104540532037515,-6.732946298611386,0.4196879239997058,0.9993303802855232,Not significant
PCADV009,1,Plasma cells,13q,protein_coding,45,43,8.230727333333334,8.325323488372094,0.09459615503876506,1.0677664727520935,0.5102370455767049,-6.930864333561423,0.6110589770355099,0.9993303802855232,Not significant
GENE1631,2,Microenvironment,20q,protein_coding,45,43,8.942809333333333,8.848288372093023,-0.09452096124030618,0.9365831829783182,-0.910841206567287,-6.646947925784153,0.3646651153929713,0.9993303802855232,Not significant
GENE3882,1,Plasma cells,10q,protein_coding,45,43,7.287857111111111,7.382344418604651,0.09448730749354084,1.0676859156198792,0.790838609916094,-6.748595360818022,0.43099158558340966,0.9993303802855232,Not significant
GENE3995,1,Plasma cells,20q,protein_coding,45,43,5.120723777777778,5.026259069767442,-0.09446470801033513,0.9366197027242493,-0.8410590239958746,-6.707774882661916,0.4024092269720042,0.9993303802855232,Not significant
GENE1403,1,Plasma cells,20q,protein_coding,45,43,8.2235,8.31793441860465,0.09443441860465462,1.067646775202048,0.8279760917494284,-6.7186476261813874,0.4097418544145859,0.9993303802855232,Not significant
GENE1763,1,Plasma cells,20q,protein_coding,45,43,6.711084,6.616666511627907,-0.0944174883720974,0.9366503589378351,-0.9600420445271995,-6.60119949173485,0.3394507588934398,0.9993303802855232,Not significant
GENE3948,2,Microenvironment,21q,protein_coding,45,43,11.048918888888888,10.954557674418604,-0.09436121447028079,0.9366868947245679,-0.8423358372760796,-6.706704774682074,0.4016979129418413,0.9993303802855232,Not significant
GENE3946,2,Microenvironment,19q,protein_coding,45,43,8.841691555555556,8.74734046511628,-0.09435109043927703,0.9366934678950354,-0.8150682538799126,-6.729210180048537,0.41705486848970397,0.9993303802855232,Not significant
GENE3755,0,Other,20q,protein_coding,45,43,8.239732444444444,8.145395813953488,-0.09433663049095742,0.9367028563011996,-0.9483232403995454,-6.612310262590515,0.34535093102335257,0.9993303802855232,Not significant
PCFAV027,1,Plasma cells,5q,protein_coding,45,43,6.314966888888889,6.409290697674418,0.0943238087855276,1.067564923052795,0.4612505770417071,-6.9546750133102355,0.645664337645486,0.9993303802855232,Not significant
GENE1036,0,Other,7q,protein_coding,45,43,8.038425555555555,7.944176744186047,-0.0942488113695088,0.936759876616151,-0.9138749855871967,-6.644195395830884,0.3630767877072838,0.9993303802855232,Not significant
MEOTH156,2,Microenvironment,9p,protein_coding,45,43,8.479906,8.573911860465117,0.0940058604651206,1.0673296737002647,0.6062984058575973,-6.877244287824711,0.5457505711165971,0.9993303802855232,Not significant
GENE2477,0,Other,9p,protein_coding,45,43,8.657560222222223,8.751549302325582,0.09398908010335738,1.0673172593830464,0.7894951456323206,-6.749653323792463,0.4317722840919258,0.9993303802855232,Not significant
PCOTH044,1,Plasma cells,15q,protein_coding,45,43,5.668505555555556,5.76249,0.09398444444444554,1.067313829891244,0.8929343755676051,-6.663011407088906,0.3741298048712697,0.9993303802855232,Not significant
GENE2091,0,Other,4q,protein_coding,45,43,7.9750033333333334,8.068955348837209,0.09395201550387355,1.0672898390499503,0.8319517034282174,-6.715361408965986,0.4075051407099237,0.9993303802855232,Not significant
GENE3180,0,Other,21q,protein_coding,45,43,10.343323333333334,10.249399302325582,-0.09392403100775049,0.9369707842931272,-0.8396341207579477,-6.708967217723629,0.40320394717572217,0.9993303802855232,Not significant
GENE3165,1,Plasma cells,18q,protein_coding,45,43,7.929884666666666,8.023793488372092,0.0939088217054298,1.0672578852338106,0.9139510206362932,-6.644126294148219,0.36303703631645157,0.9993303802855232,Not significant
GENE3980,2,Microenvironment,15q,protein_coding,45,43,8.42125911111111,8.5151,0.09384088888889153,1.0672076319750652,0.8526737810546553,-6.697981571913205,0.3959669033003682,0.9993303802855232,Not significant
GENE3270,2,Microenvironment,10q,protein_coding,45,43,7.948241555555556,8.041970232558139,0.09372867700258514,1.0671246284843614,0.9776945574890149,-6.584210298592572,0.33068780410089904,0.9993303802855232,Not significant
GENE3839,0,Other,20q,protein_coding,45,43,9.487126,9.5808248837209309,0.09369888372093094,1.0671025913833556,0.8260081158324916,-6.720268602189734,0.4108517931832082,0.9993303802855232,Not significant
GENE3404,2,Microenvironment,15q,protein_coding,45,43,7.343814,7.43736534883721,0.0935513488372095,1.0669934714358682,0.7998052745088824,-6.74148875467189,0.42580231878311825,0.9993303802855232,Not significant
GENE2918,1,Plasma cells,3q,protein_coding,45,43,9.463071777777778,9.369613953488372,-0.09345782428940552,0.937273615209745,-0.750428452216776,-6.779640989824238,0.4548358165689048,0.9993303802855232,Not significant
GENE2871,0,Other,4q,protein_coding,45,43,9.213547777777778,9.306997441860466,0.09344966408268718,1.066918269717788,0.8242447000081379,-6.721717856633706,0.4118478990695197,0.9993303802855232,Not significant
GENE3981,2,Microenvironment,18q,protein_coding,45,43,7.943702888888889,8.037062093023255,0.09335920413436671,1.0668513738436944,0.8786377152997452,-6.675611168979349,0.3817961081290666,0.9993303802855232,Not significant
GENE3517,0,Other,2p,protein_coding,45,43,7.309078888888889,7.215810930232558,-0.09326795865633031,0.9373969730599655,-0.7842103792958377,-6.753797788708614,0.4348513727674943,0.9993303802855232,Not significant
GENE3898,1,Plasma cells,19q,protein_coding,45,43,9.814437555555555,9.907596279069768,0.09315872351421284,1.0667031317282099,0.7972561704439634,-6.743517111870429,0.42727377840946523,0.9993303802855232,Not significant
PCFAV001,1,Plasma cells,6p,protein_coding,45,43,8.600434666666667,8.507281162790697,-0.09315350387596766,0.9374713434692282,-0.43171086813124704,-6.967877805420928,0.6669215706005003,0.9993303802855232,Not significant
GENE3829,0,Other,2p,protein_coding,45,43,7.874046,7.967136511627907,0.09309051162790638,1.0666526982612696,0.8126125812910973,-6.731201142209987,0.4184549442668627,0.9993303802855232,Not significant
GENE1541,2,Microenvironment,9p,protein_coding,45,43,7.889596222222222,7.982633255813953,0.0930370335917301,1.066613160151862,0.8204875109266667,-6.724795499910576,0.4139750805658501,0.9993303802855232,Not significant
MEOTH212,2,Microenvironment,2p,protein_coding,45,43,10.976975111111111,11.070011860465117,0.09303674935400785,1.066612950009277,0.39809126151379826,-6.981845274123088,0.6914486482778289,0.9993303802855232,Not significant
GENE2802,2,Microenvironment,10q,protein_coding,45,43,9.928904444444445,10.021900930232558,0.0929964857881167,1.0665831827748264,0.8447997741319889,-6.704635207691252,0.4003274193338092,0.9993303802855232,Not significant
GENE2050,0,Other,19q,protein_coding,45,43,8.36774,8.460726976744187,0.09298697674418399,1.066576152770126,0.7718442032053479,-6.7633883048657815,0.4421064493804162,0.9993303802855232,Not significant
GENE1544,0,Other,15q,protein_coding,45,43,9.610445777777779,9.517502790697675,-0.09294298708010551,0.9376081484469737,-0.8320854600611447,-6.7152505767549195,0.4074300168403404,0.9993303802855232,Not significant
GENE0980,1,Plasma cells,15q,protein_coding,45,43,9.15315111111111,9.06026,-0.09289111111110948,0.9376418632684363,-0.8285893852934949,-6.718141693461921,0.40939632721891694,0.9993303802855232,Not significant
GENE3333,1,Plasma cells,18q,protein_coding,45,43,9.55980711111111,9.652597209302325,0.09279009819121598,1.066430611518278,0.8721801607257502,-6.681236666416822,0.3852907114386188,0.9993303802855232,Not significant
GENE3237,0,Other,18q,protein_coding,45,43,7.316306444444445,7.409093488372093,0.09278704392764592,1.0664283538292816,0.8907929639988298,-6.664911386172045,0.3752718969625237,0.9993303802855232,Not significant
GENE3118,1,Plasma cells,19q,protein_coding,45,43,8.434008444444444,8.341230930232559,-0.09277751421188718,0.9377156955051398,-0.7667155735381673,-6.767321622348465,0.4451358735978598,0.9993303802855232,Not significant
GENE2263,2,Microenvironment,12p,protein_coding,45,43,9.621425777777779,9.714119534883721,0.09269375710595185,1.0663593992043885,0.8019379981986466,-6.7397868087039505,0.4245735240568398,0.9993303802855232,Not significant
MEOTH002,2,Microenvironment,12p,protein_coding,45,43,9.054687555555555,8.962015581395349,-0.09267197416020423,0.9377842964084422,-0.6326212848157245,-6.860952667721348,0.5284880221084063,0.9993303802855232,Not significant
GENE3630,1,Plasma cells,10q,protein_coding,45,43,8.51803,8.42539511627907,-0.0926348837209332,0.9378084063399464,-0.755604520795636,-6.775754208074688,0.4517401206956817,0.9993303802855232,Not significant
GENE2168,0,Other,15q,protein_coding,45,43,8.52791888888889,8.620543488372093,0.09262459948320512,1.0663082829868924,0.8338984528362486,-6.713746579046489,0.4064125842771821,0.9993303802855232,Not significant
PCOTH069,1,Plasma cells,18q,protein_coding,45,43,8.653028444444445,8.745608372093024,0.09257992764858436,1.0662752661618133,0.8095233667247571,-6.733697340272925,0.42022021296475665,0.9993303802855232,Not significant
GENE1306,0,Other,19q,protein_coding,45,43,9.128290222222223,9.035747674418605,-0.0925425478036157,0.9378684302314578,-0.8629851841341047,-6.689176385118135,0.39030085009197557,0.9993303802855232,Not significant
GENE1365,2,Microenvironment,18q,protein_coding,45,43,10.47149511111111,10.379050697674419,-0.09244441343669152,0.9379322276746983,-0.9598388106823924,-6.601393321292577,0.3395525201148134,0.9993303802855232,Not significant
GENE1108,1,Plasma cells,7q,protein_coding,45,43,7.792850888888889,7.700411627906977,-0.09243926098191135,0.9379355774207517,-0.8242006358260087,-6.721754031459623,0.4118728083540034,0.9993303802855232,Not significant
GENE1896,0,Other,21q,protein_coding,45,43,7.714792888888889,7.807215813953488,0.09242292506459648,1.0661592341117583,0.8286098880865698,-6.718124773431081,0.40938477906705584,0.9993303802855232,Not significant
PCOTH125,1,Plasma cells,9p,protein_coding,45,43,8.800598888888889,8.708240930232558,-0.09235795865633811,0.9379884357797635,-0.7865117093653082,-6.751996397093496,0.43350895787386856,0.9993303802855232,Not significant
GENE2734,2,Microenvironment,19q,protein_coding,45,43,11.293332222222222,11.200982093023256,-0.0923501291989659,0.9379935262252098,-0.8402888968239154,-6.7084195594861065,0.40283863629066896,0.9993303802855232,Not significant
MEOTH163,2,Microenvironment,21q,protein_coding,45,43,8.607695333333334,8.700043255813954,0.09234792248062007,1.0661038082478973,0.5280653645150827,-6.921605801591881,0.5986750024451724,0.9993303802855232,Not significant
GENE3916,2,Microenvironment,7q,protein_coding,45,43,11.814604444444445,11.906942325581396,0.09233788113695418,1.066096388053633,0.831086504249724,-6.716077898316694,0.4079912788788207,0.9993303802855232,Not significant
GENE3187,2,Microenvironment,12p,protein_coding,45,43,8.038254444444444,8.130512325581396,0.09225788113695188,1.0660372727562237,0.9395382880242537,-6.620551587363205,0.3498172599248611,0.9993303802855232,Not significant
GENE2620,1,Plasma cells,7q,protein_coding,45,43,8.193770222222222,8.285989302325582,0.09221908010336399,1.0660086022537065,0.7821666271061569,-6.7553931897464965,0.4360455781585114,0.9993303802855232,Not significant
GENE1791,0,Other,4q,protein_coding,45,43,6.652363333333334,6.744577906976744,0.09221457364341124,1.0660052724317857,0.8460244590625854,-6.70360432642609,0.39964728701493424,0.9993303802855232,Not significant
GENE1548,2,Microenvironment,21q,protein_coding,45,43,8.029484222222223,8.121678604651162,0.09219438242893929,1.0659903532771093,0.8375061761758049,-6.710744137154024,0.4043925555826603,0.9993303802855232,Not significant
GENE1523,2,Microenvironment,20q,protein_coding,45,43,9.57453511111111,9.666702558139535,0.09216744702842483,1.0659704512130832,0.8784521852180879,-6.675773363180572,0.38189623416917506,0.9993303802855232,Not significant
GENE3282,0,Other,10q,protein_coding,45,43,9.047704,9.13979511627907,0.09209111627907163,1.0659140538674359,0.9155282551081777,-6.64269160818527,0.36221307665822533,0.9993303802855232,Not significant
GENE2071,2,Microenvironment,12p,protein_coding,45,43,8.213106666666667,8.121130465116279,-0.09197620155038777,0.9382366733640409,-0.794805741698657,-6.745460928793637,0.4286911107335001,0.9993303802855232,Not significant
GENE2687,1,Plasma cells,20q,protein_coding,45,43,6.641259111111111,6.5494041860465115,-0.09185492506460058,0.9383155471565323,-0.7661587220875357,-6.767747131618578,0.4454655215010116,0.9993303802855232,Not significant
PCOTH165,1,Plasma cells,18q,protein_coding,45,43,8.00829911111111,8.100082790697675,0.09178367958656075,1.0656869329804515,0.8920368957591763,-6.663808247043507,0.37460819716925053,0.9993303802855232,Not significant
GENE3596,1,Plasma cells,15q,protein_coding,45,43,8.036915111111112,7.945134186046512,-0.09178092506459823,0.9383636773083137,-0.8344309428352762,-6.713304230407364,0.40611404935985274,0.9993303802855232,Not significant
GENE2353,2,Microenvironment,2p,protein_coding,45,43,7.9739846666666665,7.882269069767442,-0.09171559689922137,0.9384061692859724,-0.859460174876839,-6.692198209602765,0.39223216682588247,0.9993303802855232,Not significant
GENE3816,0,Other,21q,protein_coding,45,43,10.567445555555556,10.475731162790698,-0.09171439276485316,0.9384069525198225,-0.9057737479243663,-6.6515255406339016,0.36732798921565957,0.9993303802855232,Not significant
GENE1316,0,Other,15q,protein_coding,45,43,9.179220666666666,9.270916279069768,0.09169561240310387,1.0656218816844372,0.7761621824434589,-6.76005662306903,0.43956518502719677,0.9993303802855232,Not significant
GENE3906,1,Plasma cells,10q,protein_coding,45,43,8.003791333333334,7.912176046511628,-0.09161528682170239,0.9384714186044089,-0.9479125090575806,-6.612697254514703,0.3455589232494134,0.9993303802855232,Not significant
GENE1247,0,Other,20q,protein_coding,45,43,7.935132666666667,7.843661162790697,-0.09147150387596792,0.9385649539015496,-0.8410633711833021,-6.7077712419608,0.4024068038485341,0.9993303802855232,Not significant
GENE1786,2,Microenvironment,19q,protein_coding,45,43,8.303146222222223,8.394595348837209,0.0914491266149895,1.065439834747791,0.9361278396551,-6.623730704159296,0.3515611434341881,0.9993303802855232,Not significant
GENE1147,2,Microenvironment,12p,protein_coding,45,43,8.986935777777777,8.895523488372094,-0.09141228940568169,0.9386034774741467,-0.8066723216330719,-6.735992767666888,0.4218533207922732,0.9993303802855232,Not significant
MEOTH101,2,Microenvironment,19q,protein_coding,45,43,10.718074666666666,10.626692790697675,-0.09138187596898995,0.9386232643712555,-0.4979449011048476,-6.9370636642815535,0.6196639889748694,0.9993303802855232,Not significant
GENE1064,2,Microenvironment,15q,protein_coding,45,43,10.373337333333334,10.464687441860466,0.09135010852713243,1.06536671174405,0.7841355235118989,-6.7538562954023496,0.4348950786392578,0.9993303802855232,Not significant
GEP1Q110,1,Plasma cells,1q,protein_coding,45,43,7.859327111111111,7.950632325581395,0.09130521447028883,1.0653335599772535,0.7576044305652948,-6.7742453777771034,0.4505472663628215,0.9993303802855232,Not significant
GENE3007,0,Other,12p,protein_coding,45,43,7.488820444444444,7.397610232558139,-0.09121021188630252,0.9387349563669042,-0.815698490663381,-6.728698253686715,0.4166959985456673,0.9993303802855232,Not significant
GENE2651,2,Microenvironment,20q,protein_coding,45,43,8.304143333333334,8.212972790697675,-0.0911705426356626,0.9387607687688256,-0.9051512036067345,-6.652086175711633,0.36765597369888414,0.9993303802855232,Not significant
GENE2118,1,Plasma cells,10q,protein_coding,45,43,7.60426,7.695413953488372,0.09115395348837652,1.0652218697388842,0.901505042878609,-6.655362133834639,0.36958065440377774,0.9993303802855232,Not significant
GENE1893,1,Plasma cells,18q,protein_coding,45,43,7.799950888888889,7.8911006976744185,0.0911498087855307,1.06521880947899,0.8204830767407223,-6.724799123915298,0.4139775949330273,0.9993303802855232,Not significant
GENE2001,1,Plasma cells,18q,protein_coding,45,43,8.184302888888888,8.093177674418605,-0.09112521447028854,0.9387902642412933,-0.8995856561323283,-6.657081418617083,0.3705963826673552,0.9993303802855232,Not significant
GENE3159,2,Microenvironment,4q,protein_coding,45,43,8.618694222222222,8.709806511627907,0.09111228940568772,1.0651911072769937,0.8942840516157259,-6.661811594897879,0.37341109709840126,0.9993303802855232,Not significant
GENE1649,2,Microenvironment,9p,protein_coding,45,43,8.50165488888889,8.410581395348837,-0.09107349354005301,0.9388239206792461,-0.798007205186362,-6.742920167054695,0.4268399343745569,0.9993303802855232,Not significant
GENE2084,2,Microenvironment,15q,protein_coding,45,43,10.024908444444444,9.933897674418604,-0.09101077002584113,0.9388647384639965,-0.7886710254568812,-6.7503014305791185,0.4322515989524798,0.9993303802855232,Not significant
GENE2495,2,Microenvironment,20q,protein_coding,45,43,9.397504222222222,9.488491395348838,0.0909871731266172,1.0650987336531448,0.7888223759194026,-6.750182455225192,0.432163548861627,0.9993303802855232,Not significant
GENE2753,2,Microenvironment,9p,protein_coding,45,43,8.248176222222222,8.15722465116279,-0.0909515710594313,0.9389032642514125,-0.7911213763380772,-6.748372459299256,0.43082737361377665,0.9993303802855232,Not significant
MEOTH153,2,Microenvironment,3q,protein_coding,45,43,11.132286222222222,11.041344186046512,-0.0909420361757114,0.9389094695566076,-0.4589988257811239,-6.955712057951472,0.6472747060596098,0.9993303802855232,Not significant
GENE3130,1,Plasma cells,19q,protein_coding,45,43,9.672225555555556,9.763147674418605,0.09092211886305179,1.065050707112815,0.8243576426284354,-6.721625126823405,0.4117840572578365,0.9993303802855232,Not significant
MEOTH166,2,Microenvironment,4q,protein_coding,45,43,10.234334,10.325237209302326,0.09090320930232743,1.0650367474689095,0.3535122303393065,-6.998625967511149,0.7244811968213902,0.9993303802855232,Not significant
GENE2541,0,Other,18q,protein_coding,45,43,7.890651777777777,7.981496744186046,0.09084496640827489,1.0649937518471158,0.7792817510045861,-6.757638196303361,0.43773453355887926,0.9993303802855232,Not significant
GENE2764,1,Plasma cells,7q,protein_coding,45,43,7.919151777777778,7.828457209302326,-0.09069456847545165,0.9390705359562231,-0.7986824113066102,-6.742383019662757,0.42645011636229413,0.9993303802855232,Not significant
GENE1421,2,Microenvironment,9p,protein_coding,45,43,7.463280222222222,7.37270488372093,-0.09057533850129396,0.9391481476338933,-0.8671152108161145,-6.685620417964736,0.38804553344370263,0.9993303802855232,Not significant
GENE1355,0,Other,20q,protein_coding,45,43,8.654722666666666,8.564188139534883,-0.0905345271317799,0.9391747149007903,-0.7278922046095373,-6.796255946878655,0.4684548526841471,0.9993303802855232,Not significant
GENE2082,2,Microenvironment,10q,protein_coding,45,43,9.405593111111111,9.31514023255814,-0.09045287855297346,0.9392278685115584,-0.8356718238890334,-6.712272329305101,0.40541887871856497,0.9993303802855232,Not significant
GENE2551,1,Plasma cells,12p,protein_coding,45,43,7.957865777777778,8.048303255813954,0.09043747803618096,1.0646929874609823,0.8567817482044776,-6.694486156592303,0.393703578454208,0.9993303802855232,Not significant
GENE2236,0,Other,7q,protein_coding,45,43,9.802922888888888,9.71264465116279,-0.09027823772609445,0.9393415706143936,-0.8229426246051024,-6.722786001137811,0.4125843392635755,0.9993303802855232,Not significant
GENE2801,2,Microenvironment,9p,protein_coding,45,43,8.303666222222223,8.213490930232558,-0.09017529198967011,0.9394086011767885,-0.8663783048167045,-6.686256121459263,0.38844734939889536,0.9993303802855232,Not significant
GENE3113,0,Other,9p,protein_coding,45,43,8.74396488888889,8.653897674418605,-0.09006721447028276,0.9394789783192024,-0.8084966866705036,-6.734524859080911,0.42080787072912884,0.9993303802855232,Not significant
GENE2232,2,Microenvironment,21q,protein_coding,45,43,10.11292911111111,10.20298,0.09005088888888935,1.0644077271663557,0.8172770742085478,-6.727414295195727,0.41579793268202936,0.9993303802855232,Not significant
GENE1700,2,Microenvironment,15q,protein_coding,45,43,7.746138888888889,7.656119767441861,-0.09001912144702917,0.9395102968835337,-0.871024811426417,-6.682238841970566,0.38591803386907986,0.9993303802855232,Not significant
PCOTH117,1,Plasma cells,18q,protein_coding,45,43,7.478215111111111,7.38821023255814,-0.09000487855297568,0.9395195721713074,-0.746625968004836,-6.782479505342885,0.4571177142210401,0.9993303802855232,Not significant
GENE2300,0,Other,15q,protein_coding,45,43,5.391604666666667,5.481594651162791,0.08998998449612383,1.0643627933888775,0.8118094746153514,-6.731850983688245,0.41891343619471333,0.9993303802855232,Not significant
PCFAV058,1,Plasma cells,11q,protein_coding,45,43,6.5745877777777775,6.664576279069768,0.08998850129198921,1.0643616991406548,0.2931731539120326,-7.0181760031222735,0.7700238995350488,0.9993303802855232,Not significant
PCOTH130,1,Plasma cells,19q,protein_coding,45,43,8.358599111111111,8.448553488372093,0.08995437726098565,1.0643365241167915,0.7936168851941794,-6.7464018688611445,0.4293797469040833,0.9993303802855232,Not significant
GENE2936,1,Plasma cells,15q,protein_coding,45,43,8.445868444444445,8.535769069767442,0.08990062532300058,1.0642968698007624,0.725052802393085,-6.798313779578848,0.4701868734034774,0.9993303802855232,Not significant
GENE3174,1,Plasma cells,10q,protein_coding,45,43,7.389626444444445,7.299738837209302,-0.08988760723514133,0.9395959453294362,-0.7043548189037709,-6.8130740614693375,0.4829204945274488,0.9993303802855232,Not significant
GENE2225,0,Other,9p,protein_coding,45,43,9.545679333333334,9.635556279069768,0.08987694573643701,1.064279401172731,0.7683751749667915,-6.76605165292232,0.4441542521982009,0.9993303802855232,Not significant
GENE1444,2,Microenvironment,7q,protein_coding,45,43,8.878236666666666,8.968091627906977,0.08985496124031123,1.0642631832836849,0.807531584294302,-6.735301800887249,0.42136072883872566,0.9993303802855232,Not significant
GENE3513,1,Plasma cells,18q,protein_coding,45,43,7.85238,7.942051395348837,0.08967139534883373,1.0641277769876782,0.698404858837633,-6.817238859949766,0.4866158791313828,0.9993303802855232,Not significant
GENE3136,1,Plasma cells,7q,protein_coding,45,43,5.9045646666666665,5.814920465116279,-0.08964420155038866,0.9397544835388218,-0.7808024733521653,-6.756455793019699,0.4368437481619021,0.9993303802855232,Not significant
GENE2474,2,Microenvironment,3q,protein_coding,45,43,7.66632,7.755928837209303,0.0896088372093038,1.0640816352815077,0.8361406940550603,-6.711882029417837,0.40515639478940435,0.9993303802855232,Not significant
GENE1410,2,Microenvironment,10q,protein_coding,45,43,9.154808444444445,9.244410697674418,0.0896022532299714,1.0640767791786518,0.8165534213173572,-6.7280031901884465,0.416209479065471,0.9993303802855232,Not significant
GENE1856,2,Microenvironment,15q,protein_coding,45,43,8.841750888888889,8.931257441860465,0.08950655297157972,1.0640061966630057,0.8521516448057544,-6.698424665743619,0.3962551500736401,0.9993303802855232,Not significant
GENE1566,2,Microenvironment,10q,protein_coding,45,43,8.19095711111111,8.28038511627907,0.08942800516795835,1.063948268221913,0.848327767670797,-6.701661526395406,0.39837005174229245,0.9993303802855232,Not significant
GENE2570,1,Plasma cells,3q,protein_coding,45,43,8.047185777777777,7.957894651162791,-0.08929112661498095,0.9399845005203241,-0.810909556751074,-6.732578407957742,0.4194275539412291,0.9993303802855232,Not significant
GENE3428,0,Other,15q,protein_coding,45,43,10.484980888888888,10.395800930232559,-0.089179958656322,0.9400569345283791,-0.7649576172399128,-6.7686638973049975,0.44617703891849125,0.9993303802855232,Not significant
GENE3659,1,Plasma cells,20q,protein_coding,45,43,9.490156666666667,9.579331627906976,0.08917496124031032,1.0637616715873417,0.8563706247386036,-6.694836721111597,0.3939297320424473,0.9993303802855232,Not significant
GENE1499,2,Microenvironment,20q,protein_coding,45,43,8.633536666666666,8.544411395348837,-0.08912527131782788,0.9400925693539701,-0.7725519216500797,-6.762843498564915,0.4416893509607519,0.9993303802855232,Not significant
GENE3478,1,Plasma cells,19q,protein_coding,45,43,7.537805333333333,7.448787441860465,-0.0890178914728681,0.9401625430825277,-0.678119746348383,-6.831174934393507,0.4993303723717121,0.9993303802855232,Not significant
MEOTH087,2,Microenvironment,15q,protein_coding,45,43,7.48725,7.398239069767442,-0.08901093023255857,0.9401670795320174,-0.7225476356700089,-6.800122772684027,0.47171799090317534,0.9993303802855232,Not significant
GENE2993,2,Microenvironment,9p,protein_coding,45,43,8.638608,8.54960488372093,-0.0890031162790681,0.9401721716973881,-0.8280893784604272,-6.718554198813139,0.40967801586332053,0.9993303802855232,Not significant
GENE2283,0,Other,4q,protein_coding,45,43,8.906033777777777,8.817164418604651,-0.088869359173124,0.9402593422600933,-0.7638676704268376,-6.769494589933502,0.4468232763925397,0.9993303802855232,Not significant
GENE3714,2,Microenvironment,10q,protein_coding,45,43,10.871734444444444,10.960593953488372,0.0888595090439317,1.0635291004185665,0.7886343547167346,-6.75033025375519,0.4322729342183508,0.9993303802855232,Not significant
GENE1005,0,Other,18q,protein_coding,45,43,8.907247111111111,8.818556976744187,-0.08869013436692086,0.9403761571526849,-0.8308345647520966,-6.716286396501096,0.4081329046135822,0.9993303802855232,Not significant
GENE2767,2,Microenvironment,12p,protein_coding,45,43,7.785493333333333,7.696825581395349,-0.08866775193798482,0.9403907465601389,-0.9015559388557839,-6.655316494891126,0.3695537444927396,0.9993303802855232,Not significant
GENE1559,2,Microenvironment,20q,protein_coding,45,43,9.252981777777778,9.164340465116279,-0.0886413126615011,0.9404079806103529,-0.7955778254950531,-6.744849105921021,0.42824423667062417,0.9993303802855232,Not significant
GENE2222,1,Plasma cells,3q,protein_coding,45,43,7.125496444444445,7.036864883720931,-0.08863156072351064,0.9404143373462174,-0.7776006312783746,-6.758942664280199,0.4387205083080258,0.9993303802855232,Not significant
GENE1436,1,Plasma cells,15q,protein_coding,45,43,8.573403555555556,8.484879069767441,-0.08852448578811156,0.9404841362561577,-0.8234003208945907,-6.72241072432084,0.4123253807320537,0.9993303802855232,Not significant
GENE2159,1,Plasma cells,20q,protein_coding,45,43,9.285608666666667,9.197092093023256,-0.08851657364341037,0.9404892941493849,-0.7241337373862203,-6.798978160089061,0.47074826706526807,0.9993303802855232,Not significant
GENE2667,1,Plasma cells,4q,protein_coding,45,43,9.117392444444445,9.028885348837209,-0.08850709560723047,0.940495472877796,-0.7803264122275831,-6.756826188292499,0.4371224938557451,0.9993303802855232,Not significant
GENE1467,0,Other,4q,protein_coding,45,43,8.880414,8.79195465116279,-0.08845934883720652,0.9405265995974945,-0.7806171203607984,-6.756600031836904,0.4369522646101889,0.9993303802855232,Not significant
GENE2398,2,Microenvironment,19q,protein_coding,45,43,6.905970444444445,6.81757488372093,-0.08839556072351762,0.9405681854782904,-0.784507586217705,-6.753565439709519,0.43467786867311997,0.9993303802855232,Not significant
GENE1913,1,Plasma cells,9p,protein_coding,45,43,7.936916888888889,8.025251395348837,0.08833450645994301,1.063142148271061,0.7626013104176794,-6.770458264798611,0.44757478944503626,0.9993303802855232,Not significant
GENE3595,1,Plasma cells,12p,protein_coding,45,43,8.054571777777777,7.966238372093023,-0.08833340568475467,0.9406087084645872,-0.7718263071279782,-6.763402074991437,0.4421169995158518,0.9993303802855232,Not significant
GENE2953,0,Other,2p,protein_coding,45,43,8.992836222222222,9.081086744186047,0.08825052196382721,1.0630802607229173,0.7321572729141096,-6.793149928443682,0.4658599378077999,0.9993303802855232,Not significant
GENE1565,2,Microenvironment,9p,protein_coding,45,43,7.9344397777777775,7.84618976744186,-0.08825001033591917,0.9406630821585222,-0.8280189202635541,-6.718612307055942,0.40971771927740563,0.9993303802855232,Not significant
GENE2437,0,Other,2p,protein_coding,45,43,9.225690888888888,9.137533953488372,-0.08815693540051583,0.9407237706459606,-0.7470412327619883,-6.782170207637873,0.4568681936349771,0.9993303802855232,Not significant
GENE3649,1,Plasma cells,2p,protein_coding,45,43,7.232179333333334,7.3202481395348835,0.088068806201556,1.0629463680643862,0.8603612831703841,-6.691426890451439,0.39173789947449644,0.9993303802855232,Not significant
GENE2012,1,Plasma cells,15q,protein_coding,45,43,7.515446444444445,7.427503720930233,-0.08794272351421295,0.94086346002513,-0.8396280486733264,-6.708972294479545,0.403207335839763,0.9993303802855232,Not significant
GENE3163,1,Plasma cells,12p,protein_coding,45,43,8.345570888888888,8.433513255813953,0.08794236692506274,1.0628532144340657,0.7395332184089933,-6.787736082836542,0.4613915288827781,0.9993303802855232,Not significant
MEOTH048,2,Microenvironment,9p,protein_coding,45,43,9.011194222222223,8.923288837209302,-0.08790538501291856,0.940887810899802,-0.5756339432272193,-6.895356533791403,0.5662122935405693,0.9993303802855232,Not significant
GENE2255,0,Other,20q,protein_coding,45,43,9.437736666666666,9.525636976744186,0.08790031007752219,1.0628222310295379,0.7596450157729032,-6.772701798568805,0.44933202067801536,0.9993303802855232,Not significant
GENE1461,0,Other,18q,protein_coding,45,43,8.499594444444444,8.41173023255814,-0.08786421188630378,0.9409146633146691,-0.8297782779758378,-6.717159872115911,0.40872701135017586,0.9993303802855232,Not significant
GENE2446,2,Microenvironment,19q,protein_coding,45,43,10.131717111111112,10.043879069767442,-0.08783804134367301,0.9409317316970743,-0.7782599964032537,-6.758431360212614,0.4383336370184294,0.9993303802855232,Not significant
GENE1337,1,Plasma cells,9p,protein_coding,45,43,7.126705111111111,7.038911627906977,-0.0877934832041305,0.9409607931505842,-0.7862669631159204,-6.75218822253375,0.43365160780975576,0.9993303802855232,Not significant
GENE2387,0,Other,20q,protein_coding,45,43,8.25758488888889,8.34535488372093,0.08776999483204229,1.0627262331360647,0.8410659625394661,-6.707769071731935,0.40240535943012157,0.9993303802855232,Not significant
GENE2045,2,Microenvironment,9p,protein_coding,45,43,9.33171711111111,9.24400511627907,-0.08771199483204128,0.9410139433497612,-0.8436155336057214,-6.705630645731885,0.40098576227233074,0.9993303802855232,Not significant
GENE2760,0,Other,21q,protein_coding,45,43,9.924238888888889,10.011906511627908,0.08766762273901385,1.0626508258976153,0.8548116695205269,-6.696164535158651,0.39478801816416753,0.9993303802855232,Not significant
GENE1151,1,Plasma cells,20q,protein_coding,45,43,9.487854222222222,9.575508837209302,0.08765461498708227,1.062641244776431,0.7898721889629998,-6.749356585627374,0.43155309702996647,0.9993303802855232,Not significant
GENE1335,1,Plasma cells,4q,protein_coding,45,43,8.562072444444444,8.64972023255814,0.08764778811369389,1.0626362163401604,0.7910881449592505,-6.7483986592911105,0.4308466702809346,0.9993303802855232,Not significant
GENE3355,1,Plasma cells,12p,protein_coding,45,43,7.851009777777778,7.7634076744186045,-0.08760210335917051,0.941085624019475,-0.7473559073728901,-6.781935718335458,0.4566791665386678,0.9993303802855232,Not significant
GENE1494,0,Other,10q,protein_coding,45,43,9.35146311111111,9.439044186046512,0.08758107493540734,1.0625870789977017,0.7639012928897896,-6.769468982381431,0.44680333330478705,0.9993303802855232,Not significant
GENE1255,0,Other,12p,protein_coding,45,43,8.371568666666667,8.284095813953488,-0.08747285271317651,0.9411699393946719,-0.8446823604562649,-6.704733963634043,0.40039266245697314,0.9993303802855232,Not significant
GENE2879,1,Plasma cells,20q,protein_coding,45,43,9.138581555555556,9.05111,-0.08747155555555253,0.9411707856208504,-0.8542960539974154,-6.696603177753794,0.3950721439931284,0.9993303802855232,Not significant
GENE2768,2,Microenvironment,15q,protein_coding,45,43,7.762835777777778,7.675399302325581,-0.08743647545219613,0.9411936711017806,-0.7890403419774408,-6.750011074307256,0.4320367628278402,0.9993303802855232,Not significant
PCFAV011,1,Plasma cells,5q,protein_coding,45,43,7.169141111111111,7.256555348837209,0.08741423772609291,1.062464205619915,0.26976701458160546,-7.024779392629194,0.7879197119225118,0.9993303802855232,Not significant
GENE2308,1,Plasma cells,7q,protein_coding,45,43,8.781156888888889,8.693763488372094,-0.08739340051679534,0.9412217729948862,-0.75675022916899,-6.774890311424427,0.45105653645545984,0.9993303802855232,Not significant
GENE1231,2,Microenvironment,12p,protein_coding,45,43,8.860675777777777,8.77331953488372,-0.08735624289405841,0.9412460151340423,-0.7305421878775649,-6.79432821842549,0.46684161827259485,0.9993303802855232,Not significant
PCADV077,1,Plasma cells,13q,protein_coding,45,43,7.702067777777778,7.789351162790697,0.08728338501291777,1.0623678442855022,0.470290538197801,-6.950460803213972,0.6392163248808891,0.9993303802855232,Not significant
GENE1833,0,Other,18q,protein_coding,45,43,9.162138,9.07489023255814,-0.0872477674418608,0.9413167895685716,-0.8775561331674558,-6.676556235817737,0.38238004178680496,0.9993303802855232,Not significant
GENE3644,0,Other,15q,protein_coding,45,43,7.949378222222222,7.862136976744186,-0.0872412454780358,0.9413210449709624,-0.8834319876003366,-6.671408231635478,0.3792144321786023,0.9993303802855232,Not significant
GENE3504,0,Other,21q,protein_coding,45,43,7.26063,7.347868604651163,0.08723860465116129,1.0623348695564547,0.8231808788143333,-6.722590676128066,0.4124495259546028,0.9993303802855232,Not significant
GENE3433,0,Other,2p,protein_coding,45,43,6.131578888888889,6.044340930232558,-0.08723795865633033,0.9413231895392038,-0.8051385760987417,-6.737224308976478,0.4227334273988159,0.9993303802855232,Not significant
GENE3184,0,Other,7q,protein_coding,45,43,8.769349111111111,8.682126046511629,-0.08722306459947937,0.9413329075967789,-0.8084660363991139,-6.73454954771482,0.42082542205926654,0.9993303802855232,Not significant
GENE3315,1,Plasma cells,4q,protein_coding,45,43,6.570260444444444,6.657341395348837,0.08708095090439194,1.0622187868659618,0.7238983696851164,-6.799148170382331,0.47089209744018934,0.9993303802855232,Not significant
GENE2689,1,Plasma cells,2p,protein_coding,45,43,7.464748444444444,7.377696744186046,-0.08705170025839948,0.941444726428594,-0.8573621104320721,-6.693991000351414,0.39338446480944267,0.9993303802855232,Not significant
PCFAV030,1,Plasma cells,11q,protein_coding,45,43,9.09316,9.180176744186046,0.087016744186041,1.0621715141832955,0.43453612534415326,-6.96665267840293,0.6648763330208887,0.9993303802855232,Not significant
GENE1115,0,Other,20q,protein_coding,45,43,9.45717111111111,9.544150697674418,0.08697958656331117,1.0621441575632031,0.7693213984635119,-6.765326364568397,0.44359514198108707,0.9993303802855232,Not significant
GENE1483,2,Microenvironment,12p,protein_coding,45,43,9.421048,9.33410511627907,-0.08694288372092451,0.9415157383999673,-0.8118746666240944,-6.731798256581106,0.4188762070207507,0.9993303802855232,Not significant
GENE2020,0,Other,7q,protein_coding,45,43,8.016871555555555,7.930001627906977,-0.08686992764858203,0.9415633513917564,-0.7332441132013113,-6.792355572704321,0.46519999099507525,0.9993303802855232,Not significant
GENE1121,2,Microenvironment,9p,protein_coding,45,43,8.330587333333334,8.41744488372093,0.08685755038759879,1.0620543156178788,0.7621398550851716,-6.770809030514748,0.4478488184018852,0.9993303802855232,Not significant
GENE3262,1,Plasma cells,19q,protein_coding,45,43,7.621988,7.70877488372093,0.0867868837209329,1.062002294921823,0.7260253867545572,-6.797609802969437,0.4695931977262231,0.9993303802855232,Not significant
GENE3414,1,Plasma cells,10q,protein_coding,45,43,5.827237333333334,5.913953255813953,0.08671592248061977,1.0619500599417457,0.7644793792109377,-6.769028525939294,0.4464605231792491,0.9993303802855232,Not significant
GENE3768,2,Microenvironment,21q,protein_coding,45,43,8.01661,8.10323976744186,0.08662976744185791,1.0618866441718406,0.7868287497165476,-6.751747821895634,0.4333242124255514,0.9993303802855232,Not significant
GENE3881,0,Other,9p,protein_coding,45,43,7.993855777777778,7.90729976744186,-0.08655601033591687,0.9417682493001355,-0.7924144665040798,-6.747352129091461,0.4300769026042469,0.9993303802855232,Not significant
GENE0996,2,Microenvironment,21q,protein_coding,45,43,9.993333111111111,10.079883023255814,0.08654991214470265,1.0618278688074507,0.7476239433930101,-6.781735906216129,0.4565181907644541,0.9993303802855232,Not significant
GENE1312,2,Microenvironment,7q,protein_coding,45,43,10.118963777777777,10.205294651162792,0.08633087338501255,1.0616666678621904,0.8022361904917552,-6.739548490414111,0.4244018848316985,0.9993303802855232,Not significant
GENE3727,0,Other,12p,protein_coding,45,43,9.845264,9.93155069767442,0.08628669767441721,1.0616341598406733,0.7825357419462907,-6.755105354128804,0.4358297549634542,0.9993303802855232,Not significant
PCOTH057,1,Plasma cells,18q,protein_coding,45,43,5.811852444444445,5.8980769767441865,0.0862245322997417,1.0615884152712598,0.8192637734753415,-6.725794912510963,0.4146693386335597,0.9993303802855232,Not significant
GENE3747,0,Other,4q,protein_coding,45,43,7.799345555555555,7.713160232558139,-0.08618532299741499,0.9420102591559933,-0.8570100801545626,-6.694291386633646,0.39357801055959674,0.9993303802855232,Not significant
GENE2239,0,Other,12p,protein_coding,45,43,6.7281231111111115,6.81428488372093,0.08616177260981672,1.0615422353726993,0.8000964375967741,-6.741256665661295,0.42563443746939755,0.9993303802855232,Not significant
GENE3591,0,Other,4q,protein_coding,45,43,8.364022444444444,8.277862325581395,-0.08616011886304697,0.942026716383522,-0.7806308757774373,-6.756589328746857,0.4369442108456544,0.9993303802855232,Not significant
GENE1190,2,Microenvironment,3q,protein_coding,45,43,10.081468666666666,9.995312558139535,-0.0861561085271294,0.9420293349887848,-0.8611926480917901,-6.690714563560863,0.3912822277294067,0.9993303802855232,Not significant
GENE2973,0,Other,18q,protein_coding,45,43,7.921172444444444,8.00727953488372,0.086107090439274,1.061502000720301,0.8169797319605427,-6.727656328932558,0.4159670037192049,0.9993303802855232,Not significant
GENE2904,1,Plasma cells,21q,protein_coding,45,43,7.864971111111111,7.951004186046512,0.08603307493539702,1.0614475432030466,0.7394653264452314,-6.787786159269553,0.4614325472014117,0.9993303802855232,Not significant
PCADV054,1,Plasma cells,17p,protein_coding,45,43,7.916496666666666,8.002518604651163,0.08602193798449598,1.0614393493414125,0.4087800647215289,-6.977526824895411,0.6836134034938695,0.9993303802855232,Not significant
GENE1696,0,Other,7q,protein_coding,45,43,7.424322222222222,7.510267674418604,0.08594545219638317,1.0613830776617736,0.7871966921715305,-6.751459212977524,0.4331098633526379,0.9993303802855232,Not significant
GENE2092,2,Microenvironment,7q,protein_coding,45,43,8.892685333333333,8.806744651162791,-0.0859406821705413,0.9421700113576676,-0.8245192904673857,-6.721492386546701,0.41169269476752446,0.9993303802855232,Not significant
MEOTH096,2,Microenvironment,9p,protein_coding,45,43,9.696251555555556,9.782128604651163,0.08587704909560934,1.0613327550568996,0.3212098487678876,-7.009544795647783,0.7487510586011412,0.9993303802855232,Not significant
GENE0977,2,Microenvironment,9p,protein_coding,45,43,6.343635777777778,6.257883953488372,-0.08575182428940309,0.942293355428292,-0.8401449194774536,-6.7085400189928714,0.40291894645569415,0.9993303802855232,Not significant
GENE2209,2,Microenvironment,2p,protein_coding,45,43,8.988069777777778,8.90234930232558,-0.08572047545219696,0.9423138310805298,-0.7509323139629999,-6.779263792956136,0.4545339353535318,0.9993303802855232,Not significant
GENE1352,2,Microenvironment,15q,protein_coding,45,43,8.451346000000001,8.365626511627907,-0.08571948837209753,0.9423144758041352,-0.7238439718439861,-6.799187455137666,0.47092534281156273,0.9993303802855232,Not significant
PCOTH001,1,Plasma cells,2p,protein_coding,45,43,5.318038888888889,5.403704186046512,0.08566529715762172,1.0611769890986835,0.8638116727028099,-6.688466113219668,0.38984887638679677,0.9993303802855232,Not significant
GENE3523,0,Other,12p,protein_coding,45,43,7.953664666666667,7.868115348837209,-0.08554931782945907,0.9424256313974217,-0.7804281430228297,-6.7567470562575815,0.4370629191937033,0.9993303802855232,Not significant
PCOTH123,1,Plasma cells,4q,protein_coding,45,43,6.6797144444444445,6.5941851162790694,-0.08552932816537506,0.9424386895294423,-0.7900538401642114,-6.749213573779344,0.43144752090140315,0.9993303802855232,Not significant
GENE1867,2,Microenvironment,12p,protein_coding,45,43,9.603022666666666,9.517518837209302,-0.08550382945736246,0.9424553466750276,-0.8083542674994947,-6.734639569159759,0.42088942822002207,0.9993303802855232,Not significant
GENE1105,0,Other,2p,protein_coding,45,43,8.237807333333333,8.152342558139535,-0.08546477519379891,0.942480859618966,-0.8175504331357791,-6.727191707032265,0.41564253511036353,0.9993303802855232,Not significant
PCADV019,1,Plasma cells,1p,protein_coding,45,43,6.329583111111111,6.415020697674419,0.08543758656330969,1.0610095093700824,0.5069992763376989,-6.9325118329673785,0.6133203299339334,0.9993303802855232,Not significant
GENE2701,0,Other,2p,protein_coding,45,43,9.09972488888889,9.185050697674418,0.08532580878552842,1.0609273071807406,0.7665726551533458,-6.767430860310755,0.44522046571002094,0.9993303802855232,Not significant
GENE2241,1,Plasma cells,18q,protein_coding,45,43,8.980058,9.06536534883721,0.0853073488372118,1.06091373221347,0.8723283925588746,-6.681107992216395,0.3852102715302742,0.9993303802855232,Not significant
GENE2774,2,Microenvironment,3q,protein_coding,45,43,9.594874888888889,9.68011976744186,0.08524487855297203,1.0608677944749703,0.7844985035505414,-6.753572541600799,0.4346831703704944,0.9993303802855232,Not significant
GENE1102,1,Plasma cells,19q,protein_coding,45,43,7.063343555555556,6.9781360465116276,-0.08520750904392571,0.9426489409080681,-0.7161772339015189,-6.804694972393869,0.4756240251213054,0.9993303802855232,Not significant
GENE0991,1,Plasma cells,12p,protein_coding,45,43,8.18418088888889,8.269254186046512,0.08507329715761713,1.060741631739603,0.762429407645212,-6.770588957644508,0.4476768602462158,0.9993303802855232,Not significant
GENE3745,0,Other,2p,protein_coding,45,43,9.236763333333334,9.321801627906977,0.08503829457364454,1.0607158963994359,0.7529154781632335,-6.777776742519874,0.4533468668742908,0.9993303802855232,Not significant
GENE2886,1,Plasma cells,10q,protein_coding,45,43,7.0544986666666665,6.969538139534884,-0.08496052713177793,0.9428103313343188,-0.8105585685496425,-6.732861904077526,0.4196281735276889,0.9993303802855232,Not significant
GENE2644,2,Microenvironment,7q,protein_coding,45,43,7.523933111111111,7.43902488372093,-0.08490822739017734,0.9428445101656562,-0.7658565118297115,-6.7679779329988055,0.44564448469034335,0.9993303802855232,Not significant
GENE1537,2,Microenvironment,2p,protein_coding,45,43,9.727198,9.81208976744186,0.08489176744185833,1.060608170399824,0.8225316801910115,-6.723122769639906,0.41281692959689287,0.9993303802855232,Not significant
GENE2060,2,Microenvironment,15q,protein_coding,45,43,9.153075555555555,9.237764186046512,0.08468863049095887,1.0604588432472095,0.7445141218385084,-6.784049821358866,0.4583878639459158,0.9993303802855232,Not significant
GENE2451,0,Other,4q,protein_coding,45,43,8.528038888888888,8.44335511627907,-0.08468377260981619,0.9429912095128525,-0.7513806423474727,-6.778927958671092,0.454265422566861,0.9993303802855232,Not significant
PCOTH049,1,Plasma cells,2p,protein_coding,45,43,7.695605777777778,7.780275348837209,0.08466957105943163,1.0604448336272763,0.6688603095665173,-6.837401041257207,0.505193127149461,0.9993303802855232,Not significant
GENE3593,0,Other,9p,protein_coding,45,43,8.687929333333333,8.603265348837208,-0.08466398449612278,0.9430041437399127,-0.7314722078441686,-6.793650033880871,0.4662761915398608,0.9993303802855232,Not significant
PCOTH115,1,Plasma cells,12p,protein_coding,45,43,6.298133111111111,6.382692790697674,0.0845596795865644,1.06036406159769,0.7945483780481386,-6.745664741372328,0.4288401313312251,0.9993303802855232,Not significant
GENE1218,1,Plasma cells,10q,protein_coding,45,43,6.9019346666666666,6.986462093023256,0.08452742635659227,1.0603403561140827,0.8978694909503103,-6.658615617643459,0.3715060566086945,0.9993303802855232,Not significant
GENE3586,0,Other,19q,protein_coding,45,43,9.36947,9.453990465116279,0.0845204651162792,1.06033523981021,0.7659023154324798,-6.767942958053887,0.4456173579894518,0.9993303802855232,Not significant
GENE3870,0,Other,10q,protein_coding,45,43,7.9231942222222225,7.8386881395348835,-0.0845060826873425,0.9431073604313589,-0.791928673913726,-6.747735643136395,0.4303587516936861,0.9993303802855232,Not significant
GENE3054,1,Plasma cells,10q,protein_coding,45,43,8.419372444444445,8.503873255813954,0.08450081136950871,1.060320795026138,0.7802525119943589,-6.756883665737124,0.43716577361514875,0.9993303802855232,Not significant
GENE1067,0,Other,20q,protein_coding,45,43,7.726291111111111,7.641843255813954,-0.08444785529715837,0.9431454251552972,-0.7308415786590217,-6.794109991284442,0.4666595546996687,0.9993303802855232,Not significant
GENE2266,1,Plasma cells,19q,protein_coding,45,43,9.259804,9.175367674418604,-0.08443632558139491,0.9431529626055689,-0.7646378339433892,-6.768907738389051,0.44636658473030866,0.9993303802855232,Not significant
PCOTH041,1,Plasma cells,9p,protein_coding,45,43,7.351383555555556,7.266971162790698,-0.08441239276486279,0.9431686086661726,-0.8073050828817155,-6.735484009975483,0.4214905426713448,0.9993303802855232,Not significant
GENE2729,1,Plasma cells,9p,protein_coding,45,43,8.014969555555556,8.099365348837209,0.08439579328165792,1.0602436139126727,0.8382604782700922,-6.710114772845317,0.4039709808077806,0.9993303802855232,Not significant
GENE2038,1,Plasma cells,19q,protein_coding,45,43,7.988586,8.07295976744186,0.08437376744186054,1.0602274271392658,0.6681812420031424,-6.837854313503575,0.505624534314697,0.9993303802855232,Not significant
GENE1769,1,Plasma cells,9p,protein_coding,45,43,8.82641,8.910777906976744,0.0843679069767429,1.0602231203294012,0.7372637629963208,-6.7894075471156246,0.462763787687405,0.9993303802855232,Not significant
GENE2709,1,Plasma cells,18q,protein_coding,45,43,7.5314937777777775,7.615617441860465,0.08412366408268834,1.060043643698963,0.7673515261571007,-6.766835295669848,0.4447595718137889,0.9993303802855232,Not significant
GENE3802,2,Microenvironment,19q,protein_coding,45,43,7.790061111111111,7.874118837209302,0.08405772609819007,1.0599951957996676,0.6580393006557022,-6.844569695361464,0.5120910150830515,0.9993303802855232,Not significant
GENE3269,2,Microenvironment,9p,protein_coding,45,43,9.95050111111111,10.03445023255814,0.08394912144702893,1.0599154034164935,0.7349884745776186,-6.791078208910815,0.46414189127174077,0.9993303802855232,Not significant
GENE2503,1,Plasma cells,12p,protein_coding,45,43,7.034903777777778,7.118848139534884,0.08394436175710673,1.0599119065857712,0.7201609382984232,-6.801840457956875,0.47317929504237954,0.9993303802855232,Not significant
GENE2394,2,Microenvironment,10q,protein_coding,45,43,7.241373777777778,7.157541627906977,-0.08383214987079946,0.9435480214568024,-0.7959444797022178,-6.744558352599415,0.4280321174921603,0.9993303802855232,Not significant
GENE3613,1,Plasma cells,2p,protein_coding,45,43,9.078712222222222,9.162500930232557,0.08378870801033855,1.0597975578459031,0.7844996449133071,-6.753571649154375,0.43468250413679954,0.9993303802855232,Not significant
GENE2103,0,Other,4q,protein_coding,45,43,7.904628444444445,7.8208579069767445,-0.08377053746770091,0.9435883179163903,-0.7752583842793279,-6.760755497631537,0.4400963923218496,0.9993303802855232,Not significant
PCFAV064,1,Plasma cells,16q,protein_coding,45,43,8.390297111111112,8.473856511627908,0.08355940051679767,1.0596291229358508,0.41659245016274793,-6.97429837709714,0.6779084205275483,0.9993303802855232,Not significant
GENE3521,0,Other,9p,protein_coding,45,43,7.888871555555555,7.805326976744186,-0.08354457881136756,0.9437361167513361,-0.7039331515940844,-6.8133703674802994,0.48318187177337146,0.9993303802855232,Not significant
GENE1912,2,Microenvironment,7q,protein_coding,45,43,8.018260666666666,7.93472976744186,-0.08353089922480628,0.9437450652683408,-0.7436231480377119,-6.784711008530658,0.45892433402876465,0.9993303802855232,Not significant
GENE2426,0,Other,3q,protein_coding,45,43,9.082191777777778,9.165643953488372,0.08345217571059393,1.0595503715004964,0.7716902389309173,-6.763506762268882,0.4421972195288495,0.9993303802855232,Not significant
GENE2569,1,Plasma cells,2p,protein_coding,45,43,7.7611,7.677652558139535,-0.08344744186046604,0.9437996608354586,-0.8077871223600397,-6.735096172732514,0.42121430195236387,0.9993303802855232,Not significant
PCOTH174,1,Plasma cells,10q,protein_coding,45,43,9.789277333333333,9.872688604651163,0.08341127131783566,1.059520330744195,0.7917035481752963,-6.747913292302583,0.4304894029641221,0.9993303802855232,Not significant
GENE2243,2,Microenvironment,20q,protein_coding,45,43,7.360210888888889,7.4436146511627905,0.08340376227389967,1.0595148160901728,0.7039534589209164,-6.813356101527587,0.48316928216309374,0.9993303802855232,Not significant
GENE3393,2,Microenvironment,18q,protein_coding,45,43,8.013166666666667,7.929807209302326,-0.0833594573643417,0.943857221350632,-0.7904207976442571,-6.7489245734751915,0.4312342907024813,0.9993303802855232,Not significant
GENE3098,0,Other,3q,protein_coding,45,43,9.152792666666667,9.069492790697675,-0.08329987596898647,0.943896202209323,-0.7224681236161223,-6.800180087331057,0.47176663305682065,0.9993303802855232,Not significant
GENE3025,0,Other,2p,protein_coding,45,43,7.943640444444444,7.860347906976744,-0.08329253746770426,0.9439010035019809,-0.7534358537307707,-6.777385903633138,0.4530356787105746,0.9993303802855232,Not significant
GENE1516,2,Microenvironment,7q,protein_coding,45,43,9.735194666666667,9.818402558139535,0.083207891472874,1.0593709783956333,0.6805484960571129,-6.829527791856722,0.49779867047541515,0.9993303802855232,Not significant
PCADV051,1,Plasma cells,1p,protein_coding,45,43,7.2747631111111115,7.191620232558139,-0.08314287855296953,0.9439989247695155,-0.33228178492470023,-7.0059197509222875,0.7404024101794504,0.9993303802855232,Not significant
GENE2796,1,Plasma cells,21q,protein_coding,45,43,7.232647333333333,7.149593720930232,-0.08305361240310116,0.9440573361136712,-0.8112492515233707,-6.732303918367997,0.41923344406840246,0.9993303802855232,Not significant
GENE2982,2,Microenvironment,10q,protein_coding,45,43,9.837643333333334,9.920693255813953,0.08304992248062071,1.0592549881138789,0.8007877367405231,-6.740705290343018,0.4252359995081537,0.9993303802855232,Not significant
GENE2181,0,Other,18q,protein_coding,45,43,8.664319333333333,8.58134976744186,-0.08296956589147264,0.9441123352887226,-0.768808475765875,-6.765719633594587,0.4438981701241972,0.9993303802855232,Not significant
GENE3320,0,Other,15q,protein_coding,45,43,9.509447333333334,9.426515581395348,-0.08293175193798596,0.9441370813970774,-0.7045697944448637,-6.812922930374198,0.4827872685177623,0.9993303802855232,Not significant
GENE2184,2,Microenvironment,21q,protein_coding,45,43,9.515844,9.598773488372093,0.08292948837209302,1.0591665667205619,0.7350338965217933,-6.791044907166804,0.4641143572891896,0.9993303802855232,Not significant
GENE3783,2,Microenvironment,4q,protein_coding,45,43,8.556867111111112,8.639751395348837,0.0828842842377231,1.0591333802491605,0.7778575344779916,-6.7587434998154485,0.4385697510256725,0.9993303802855232,Not significant
GENE1484,0,Other,15q,protein_coding,45,43,9.033588666666667,8.950788837209302,-0.08279982945736819,0.9442234188399389,-0.7650332939674916,-6.768606177567925,0.44613218970870117,0.9993303802855232,Not significant
GENE1034,2,Microenvironment,3q,protein_coding,45,43,10.054014222222222,9.97128046511628,-0.08273375710594166,0.9442666632460021,-0.6789439370917472,-6.830616634025347,0.4988103079390295,0.9993303802855232,Not significant
GENE2359,2,Microenvironment,12p,protein_coding,45,43,9.12679288888889,9.044061162790697,-0.0827317260981939,0.9442679925735485,-0.6910021521723554,-6.8223717151844925,0.4912351209239073,0.9993303802855232,Not significant
MEOTH186,2,Microenvironment,20q,protein_coding,45,43,10.034503555555556,10.117230465116279,0.08272690956072637,1.0590178522421092,0.6221138991281224,-6.867538191227747,0.5353447682064604,0.9993303802855232,Not significant
GENE2873,1,Plasma cells,9p,protein_coding,45,43,6.439700444444444,6.356992093023256,-0.0827083514211866,0.9442832918138704,-0.7898840675511644,-6.749347234746839,0.43154619270031913,0.9993303802855232,Not significant
PCOTH030,1,Plasma cells,10q,protein_coding,45,43,7.4090153333333335,7.326323488372093,-0.08269184496124282,0.9442940958043589,-0.7474223946572767,-6.781886160835405,0.45663923290594965,0.9993303802855232,Not significant
GENE3323,1,Plasma cells,20q,protein_coding,45,43,8.201987555555556,8.119321395348837,-0.08266616020671691,0.9443109075194236,-0.8263002555971134,-6.720028213787077,0.4106869117638805,0.9993303802855232,Not significant
MEOTH004,2,Microenvironment,18q,protein_coding,45,43,11.067295111111111,10.984660930232558,-0.08263418087855356,0.9443318397069208,-0.62734656514427245,-6.864272281327949,0.531924431095873,0.9993303802855232,Not significant
GENE3824,1,Plasma cells,15q,protein_coding,45,43,7.005174888888889,7.087710232558139,0.08253534366924686,1.0588772416315426,0.7154812892584176,-6.805192042713354,0.47605183509948734,0.9993303802855232,Not significant
GENE2930,1,Plasma cells,3q,protein_coding,45,43,7.808576444444444,7.7260893023255814,-0.0824871421188611,0.9444280904423065,-0.7304910801413556,-6.794365462224385,0.46687270157531024,0.9993303802855232,Not significant
GENE3804,2,Microenvironment,21q,protein_coding,45,43,8.9523,9.034757441860465,0.08245744186046622,1.0588200665370007,0.6953177982770765,-6.819385933431559,0.4885392816849905,0.9993303802855232,Not significant
GENE2996,1,Plasma cells,15q,protein_coding,45,43,8.368815111111111,8.286362790697675,-0.08245232041343797,0.9444508859692298,-0.6717592720332788,-6.835460877022689,0.5033536525645314,0.9993303802855232,Not significant
GENE3704,1,Plasma cells,15q,protein_coding,45,43,6.127465777777778,6.045027209302326,-0.08243856847545494,0.9444598886285206,-0.7692004019178774,-6.765419158606913,0.44366661436745813,0.9993303802855232,Not significant
GENE1405,2,Microenvironment,2p,protein_coding,45,43,9.189655555555555,9.271962325581395,0.0823067700258413,1.0587094915180078,0.7176360144530431,-6.803651504157068,0.47472798122337645,0.9993303802855232,Not significant
GENE2471,1,Plasma cells,20q,protein_coding,45,43,8.228094444444444,8.145802790697674,-0.08229165374677017,0.9445560712101181,-0.7513087643239738,-6.778981814467208,0.45430846563050953,0.9993303802855232,Not significant
GENE3763,2,Microenvironment,12p,protein_coding,45,43,8.082456666666667,8.164724186046511,0.08226751937984567,1.0586806881569313,0.6506577933068495,-6.84939328757577,0.5168248569150857,0.9993303802855232,Not significant
GENE3151,2,Microenvironment,12p,protein_coding,45,43,9.737806666666668,9.655562093023256,-0.08224457364341298,0.944586895827801,-0.8414461645350066,-6.707450585855411,0.4021934695730205,0.9993303802855232,Not significant
GENE1186,2,Microenvironment,19q,protein_coding,45,43,8.999838666666667,9.082069302325582,0.08223063565891664,1.058653622434236,0.7272712612018741,-6.796706649888262,0.4688333181910659,0.9993303802855232,Not significant
MEOTH219,2,Microenvironment,15q,protein_coding,45,43,8.602977777777777,8.520751860465117,-0.08222591731266249,0.944599110910681,-0.5953660906337285,-6.883808568528781,0.5530025773417844,0.9993303802855232,Not significant
GENE2415,0,Other,4q,protein_coding,45,43,7.743068888888889,7.66088976744186,-0.08217912144702755,0.9446297508232939,-0.718747308662812,-6.802855183995797,0.4740460102172208,0.9993303802855232,Not significant
GEP1Q66,1,Plasma cells,1q,protein_coding,45,43,7.868105333333333,7.786001627906977,-0.08210370542635115,0.9446791320694012,-0.5445662252729915,-6.912754999531895,0.5873172230178872,0.9993303802855232,Not significant
GENE2542,2,Microenvironment,19q,protein_coding,45,43,8.273699777777777,8.191632093023255,-0.08206768475452364,0.9447027187601685,-0.7567676361701531,-6.7748771760775535,0.451046155196715,0.9993303802855232,Not significant
GENE2186,0,Other,3q,protein_coding,45,43,8.554915555555555,8.636979302325582,0.08206374677002515,1.058531165987617,0.6578838809996196,-6.844671813145315,0.512190450134777,0.9993303802855232,Not significant
GENE2240,0,Other,15q,protein_coding,45,43,8.89717488888889,8.97921465116279,0.08203976227390264,1.0585135682799311,0.7276343516143527,-6.796443152018991,0.4686119934313576,0.9993303802855232,Not significant
MEOTH045,2,Microenvironment,3q,protein_coding,45,43,9.394998444444445,9.31299488372093,-0.08200356072351589,0.944744709264748,-0.6001884539979274,-6.880927604337638,0.5497977289682734,0.9993303802855232,Not significant
GENE3967,0,Other,12p,protein_coding,45,43,9.743924,9.661956279069768,-0.08196772093022986,0.9447681791420987,-0.7520187272191625,-6.778449639829826,0.4538834175107731,0.9993303802855232,Not significant
GENE3206,0,Other,3q,protein_coding,45,43,8.184351111111111,8.266304651162791,0.08195354005167843,1.0584503084347834,0.7952041412132863,-6.745145298002674,0.4284604868517403,0.9993303802855232,Not significant
GENE2301,0,Other,18q,protein_coding,45,43,7.696913111111111,7.77881488372093,0.08190177260982168,1.0584123293191694,0.7339538616376668,-6.791836199075524,0.46476930548116646,0.9993303802855232,Not significant
GENE3127,2,Microenvironment,12p,protein_coding,45,43,10.855334222222222,10.773477674418604,-0.08185654780361418,0.9448409851589002,-0.7403861465372661,-6.7871065843861045,0.4608763912139926,0.9993303802855232,Not significant
GENE1813,1,Plasma cells,2p,protein_coding,45,43,6.0816653333333335,6.163499069767441,0.0818337364341053,1.058362416740812,0.7580542347797622,-6.773905480563444,0.4502792286053855,0.9993303802855232,Not significant
PCOTH081,1,Plasma cells,18q,protein_coding,45,43,7.682143555555555,7.7639655813953485,0.08182202583979326,1.0583538258728573,0.6519528990702793,-6.8485508758806946,0.5159926287456009,0.9993303802855232,Not significant
GENE3349,1,Plasma cells,2p,protein_coding,45,43,6.989166666666667,7.070915813953488,0.08174914728682392,1.0583003638832889,0.7084803994423531,-6.810165749075027,0.48036730696409335,0.9993303802855232,Not significant
GENE3369,0,Other,18q,protein_coding,45,43,8.944686,9.026408604651163,0.08172260465116565,1.058280893501967,0.791199397591908,-6.748310942198789,0.43078207053855255,0.9993303802855232,Not significant
GENE2686,0,Other,19q,protein_coding,45,43,7.885634444444444,7.967320465116279,0.08168602067183794,1.05825405786841,0.8021813610159474,-6.7395923172429475,0.42443344153875295,0.9993303802855232,Not significant
GENE1187,2,Microenvironment,20q,protein_coding,45,43,11.050005111111112,10.968336976744187,-0.08166813436692699,0.9449643877888356,-0.7294192750597552,-6.795145926351712,0.4675248331635997,0.9993303802855232,Not significant
GENE3721,2,Microenvironment,2p,protein_coding,45,43,7.504008888888889,7.422417441860465,-0.08159144702842447,0.9450146192846598,-0.7661566303614373,-6.7677487294024825,0.44546676003858343,0.9993303802855232,Not significant
GENE1923,1,Plasma cells,4q,protein_coding,45,43,7.3356782222222225,7.417069534883721,0.08139131266150024,1.058037904012767,0.7147327344853999,-6.805726155533352,0.47651222454016706,0.9993303802855232,Not significant
PCFAV013,1,Plasma cells,6p,protein_coding,45,43,6.461602,6.5429697674418605,0.0813677674418587,1.058020636654905,0.371826502206989,-6.99197220786581,0.7108431666038679,0.9993303802855232,Not significant
GENE3729,1,Plasma cells,18q,protein_coding,45,43,5.970669111111111,6.05203488372093,0.0813657726098187,1.05801917371787,0.7636097768473397,-6.769690969910627,0.44697626248983635,0.9993303802855232,Not significant
PCOTH104,1,Plasma cells,15q,protein_coding,45,43,4.932640666666667,5.013981162790698,0.08134049612403338,1.0580006370406265,0.8279603281835405,-6.718660625370275,0.4097507378673907,0.9993303802855232,Not significant
PCOTH017,1,Plasma cells,9p,protein_coding,45,43,8.628022,8.546701627906977,-0.0813203720930229,0.9451921993259094,-0.6771296567404251,-6.831844725335621,0.4999555055638484,0.9993303802855232,Not significant
GENE1637,2,Microenvironment,9p,protein_coding,45,43,7.115123777777778,7.196383255813953,0.08125947803617617,1.0579412240813035,0.7125426084996592,-6.807285689281902,0.47786065641228626,0.9993303802855232,Not significant
GENE1713,0,Other,18q,protein_coding,45,43,7.569774,7.488550930232558,-0.08122306976744209,0.9452559498053998,-0.7555184376701297,-6.775819064959765,0.4517915060162998,0.9993303802855232,Not significant
GENE3086,0,Other,3q,protein_coding,45,43,7.758673333333333,7.839888372093023,0.08121503875969172,1.0579086368628348,0.7409215653894388,-6.7867110552760614,0.4605531845533868,0.9993303802855232,Not significant
GENE3253,0,Other,2p,protein_coding,45,43,9.578805333333333,9.659992093023256,0.08118675968992584,1.0578879004091177,0.7749107850561662,-6.761024069505924,0.44030079329235805,0.9993303802855232,Not significant
MEOTH199,2,Microenvironment,21q,protein_coding,45,43,8.391057555555555,8.47222976744186,0.08117221188630808,1.0578772329656216,0.376314004540456,-6.990290748016277,0.7075155651667893,0.9993303802855232,Not significant
GENE3141,2,Microenvironment,18q,protein_coding,45,43,9.998430666666668,10.079601860465116,0.08117119379844873,1.0578764864380763,0.725883445626674,-6.797712601047599,0.4696798138384306,0.9993303802855232,Not significant
GENE2947,0,Other,12p,protein_coding,45,43,8.199233333333334,8.280197209302326,0.08096387596899035,1.057724478637781,0.7574878722933982,-6.774333423206757,0.4506167382588927,0.9993303802855232,Not significant
GENE3210,2,Microenvironment,10q,protein_coding,45,43,7.109097111111111,7.028173255813954,-0.08092385529715607,0.9454520159054294,-0.8319283799688955,-6.715380733241884,0.407518241094848,0.9993303802855232,Not significant
GENE1594,2,Microenvironment,19q,protein_coding,45,43,9.533452222222222,9.452664418604652,-0.08078780361756976,0.9455411798634691,-0.7232428287093193,-6.799621391196243,0.4712928204707093,0.9993303802855232,Not significant
GENE1020,2,Microenvironment,21q,protein_coding,45,43,8.736041555555556,8.816751395348838,0.08070983979328439,1.0575382461920422,0.7180176866843124,-6.803378146687998,0.47449369769123206,0.9993303802855232,Not significant
GENE1977,0,Other,18q,protein_coding,45,43,6.788151777777778,6.70748488372093,-0.08066689405684535,0.9456204272139334,-0.7219422432554783,-6.800559000414523,0.47208841539641333,0.9993303802855232,Not significant
MEOTH100,2,Microenvironment,18q,protein_coding,45,43,9.496253333333334,9.576913255813954,0.08065992248061704,1.0575016559546404,0.592159798280317,-6.885711295674143,0.5551385537779945,0.9993303802855232,Not significant
GENE2823,1,Plasma cells,4q,protein_coding,45,43,9.295402888888889,9.376061627906976,0.08065873901808729,1.0575007884718832,0.7047403060806875,-6.812803025627975,0.4826816123862582,0.9993303802855232,Not significant
GENE3901,1,Plasma cells,2p,protein_coding,45,43,6.688366888888889,6.607776279069768,-0.0805906098191187,0.9456704293547844,-0.6810504331258567,-6.829186658319058,0.49748243862586006,0.9993303802855232,Not significant
GENE3705,0,Other,18q,protein_coding,45,43,9.40719088888889,9.487781162790698,0.08059027390180695,1.0574506044798009,0.7260297197085314,-6.79760666459984,0.4695905537877917,0.9993303802855232,Not significant
PCADV043,1,Plasma cells,1p,protein_coding,45,43,7.865206888888888,7.945792325581396,0.08058543669250717,1.0574470589617406,0.3923133883470106,-6.984132146928237,0.6956981016179051,0.9993303802855232,Not significant
GENE3733,0,Other,2p,protein_coding,45,43,8.711359111111111,8.79185488372093,0.08049577260981877,1.057381340239827,0.679527409296346,-6.830220988493471,0.49844231378515,0.9993303802855232,Not significant
GENE2720,0,Other,15q,protein_coding,45,43,7.943274,7.8627944186046514,-0.08047958139534295,0.9457432100426757,-0.6836739869710502,-6.827399548651769,0.49583130926266683,0.9993303802855232,Not significant
GENE3883,0,Other,12p,protein_coding,45,43,6.756809555555556,6.8372490697674415,0.08043951421188744,1.0573401080884135,0.7925414158983367,-6.747251869311342,0.4300032665423268,0.9993303802855232,Not significant
GENE1458,1,Plasma cells,10q,protein_coding,45,43,6.540652888888889,6.460234651162791,-0.08041823772609558,0.945783424079915,-0.7927612743445769,-6.747078196017539,0.4298757568615095,0.9993303802855232,Not significant
GENE3937,1,Plasma cells,2p,protein_coding,45,43,6.946410888888889,6.86616,-0.08025088888888465,0.9458931388373156,-0.7121472790188136,-6.8075666889699535,0.4781042812078167,0.9993303802855232,Not significant
GENE2076,1,Plasma cells,21q,protein_coding,45,43,7.990660444444445,7.910434186046512,-0.0802262583979303,0.9459092877881454,-0.7734211533515516,-6.762173683581885,0.44117737694500203,0.9993303802855232,Not significant
GENE1826,1,Plasma cells,3q,protein_coding,45,43,7.433165777777778,7.353003953488372,-0.08016182428940777,0.945951535235494,-0.7081702280146132,-6.810384987553549,0.4805590018330018,0.9993303802855232,Not significant
MEOTH085,2,Microenvironment,10q,protein_coding,45,43,11.407778888888888,11.487920697674419,0.08014180878552501,1.0571219445795492,0.5240534536375666,-6.923716817015251,0.6014516779785876,0.9993303802855232,Not significant
GENE1055,0,Other,20q,protein_coding,45,43,8.34598888888889,8.426127906976744,0.0801390180878574,1.0571198997226612,0.7226153806551023,-6.8000739351671875,0.47167654956642224,0.9993303802855232,Not significant
GENE2080,1,Plasma cells,7q,protein_coding,45,43,9.448147777777777,9.368055581395348,-0.08009219638242904,0.9459971902166595,-0.7024271640436047,-6.814427192784186,0.4841160189252084,0.9993303802855232,Not significant
GENE3674,2,Microenvironment,3q,protein_coding,45,43,8.778594666666667,8.6985576744186055,-0.08003699224806127,0.946033389103935,-0.7759992569989582,-6.760182666852564,0.4396609168118616,0.9993303802855232,Not significant
GENE3532,1,Plasma cells,7q,protein_coding,45,43,9.367694444444444,9.287690930232559,-0.08000351421188334,0.9460553422586913,-0.7892346758566362,-6.7498582353358305,0.43192374156708035,0.9993303802855232,Not significant
GENE1688,2,Microenvironment,15q,protein_coding,45,43,8.60010511111111,8.520132790697675,-0.07997232041343949,0.9460757979876371,-0.7774995104061102,-6.759021040522295,0.438779856883464,0.9993303802855232,Not significant
GENE1663,0,Other,12p,protein_coding,45,43,8.22781311111111,8.307722325581395,0.07990921447028576,1.056951526904135,0.6550169282557011,-6.846551244076643,0.5140265144163811,0.9993303802855232,Not significant
GENE3137,2,Microenvironment,9p,protein_coding,45,43,10.410932888888889,10.490779302325581,0.07984641343669097,1.0569055184257194,0.7932202473408538,-6.746715485201939,0.42960964157615933,0.9993303802855232,Not significant
GENE2306,2,Microenvironment,3q,protein_coding,45,43,8.553751555555555,8.47396511627907,-0.0797864392764911,0.9461977010714375,-0.7361408185164406,-6.790232722594654,0.4634436462554834,0.9993303802855232,Not significant
GENE2605,1,Plasma cells,2p,protein_coding,45,43,9.383406666666668,9.463169069767442,0.07976240310077998,1.0568439749948866,0.7548500711063687,-6.77632237834405,0.45219058610251583,0.9993303802855232,Not significant
GENE3389,2,Microenvironment,9p,protein_coding,45,43,10.605473111111111,10.525778604651164,-0.07969450645994591,0.946257997522721,-0.7850888995687125,-6.753110732119393,0.4343386257205788,0.9993303802855232,Not significant
GENE1931,2,Microenvironment,20q,protein_coding,45,43,7.774906666666666,7.69527023255814,-0.07963643410853027,0.9462960877159986,-0.6644160222816385,-6.840359291672339,0.5080201235963469,0.9993303802855232,Not significant
GENE3442,0,Other,19q,protein_coding,45,43,8.790356666666666,8.86997511627907,0.07961844961240594,1.0567385273551209,0.7278615558039924,-6.796278201805918,0.4684735291244543,0.9993303802855232,Not significant
PCOTH173,1,Plasma cells,9p,protein_coding,45,43,7.869066666666667,7.948657441860465,0.07959077519379587,1.0567182567206148,0.7348187790342561,-6.7912026056097945,0.46424476589210406,0.9993303802855232,Not significant
GENE1088,2,Microenvironment,15q,protein_coding,45,43,9.485636444444445,9.406098837209303,-0.07953760723514236,0.9463609127026981,-0.7474703587645402,-6.781850407215092,0.4566104259127981,0.9993303802855232,Not significant
GENE2612,2,Microenvironment,15q,protein_coding,45,43,6.236007111111111,6.315263720930233,0.07925660981912319,1.0564735218669985,0.6697063543560403,-6.836835674900505,0.5046559161136186,0.9993303802855232,Not significant
PCADV036,1,Plasma cells,8q,protein_coding,45,43,7.284807333333333,7.364021860465116,0.07921452713178123,1.0564427055161931,0.45082617616000764,-6.959433522610213,0.6531335375070687,0.9993303802855232,Not significant
GENE3470,0,Other,3q,protein_coding,45,43,8.926865555555556,8.8476779069767435,-0.07918764857880767,0.9465905020169948,-0.6851893479959229,-6.826364216702322,0.4948789744297428,0.9993303802855232,Not significant
GENE3341,1,Plasma cells,9p,protein_coding,45,43,7.42075,7.341602790697674,-0.07914720930232644,0.9466170356713285,-0.7475382100207749,-6.781799825354129,0.45656967657342906,0.9993303802855232,Not significant
GENE1975,2,Microenvironment,12p,protein_coding,45,43,9.952055555555555,9.87295023255814,-0.07910532299741924,0.9466445195568755,-0.7800831940314941,-6.757015336043968,0.4372649443286043,0.9993303802855232,Not significant
GENE1099,2,Microenvironment,12p,protein_coding,45,43,9.160028888888888,9.080960697674419,-0.07906819121447661,0.9466688844088926,-0.6938189260611152,-6.820425014670407,0.48947465771351906,0.9993303802855232,Not significant
GENE2088,2,Microenvironment,21q,protein_coding,45,43,7.623465777777778,7.544471860465117,-0.07899391731266103,0.9467176227768488,-0.727006368693226,-6.79689880262801,0.46899482266567005,0.9993303802855232,Not significant
PCADV059,1,Plasma cells,1p,protein_coding,45,43,7.349795333333334,7.428707441860465,0.07891210852713382,1.0562212765679042,0.4757170629459866,-6.9478919864253115,0.6353589187044285,0.9993303802855232,Not significant
GENE2149,0,Other,2p,protein_coding,45,43,7.345100444444444,7.42396534883721,0.07886490439276539,1.0561867181934763,0.6871067724534388,-6.825050932198319,0.49367538555858725,0.9993303802855232,Not significant
GENE3324,2,Microenvironment,21q,protein_coding,45,43,7.914603555555556,7.835739534883721,-0.07886402067183429,0.9468028666931934,-0.817129727641875,-6.727534244741941,0.4158817098952535,0.9993303802855232,Not significant
PCADV069,1,Plasma cells,13q,protein_coding,45,43,9.397353777777777,9.476208837209303,0.07885505943152538,1.0561795107923766,0.39759454498710195,-6.9820431829809175,0.6918135832272257,0.9993303802855232,Not significant
MEOTH141,2,Microenvironment,3q,protein_coding,45,43,10.881632222222223,10.960448372093023,0.07881614987080532,1.0561510259598421,0.3000521216531301,-7.016131073118171,0.7647874814551961,0.9993303802855232,Not significant
GENE1581,1,Plasma cells,18q,protein_coding,45,43,7.1298902222222225,7.208583488372093,0.07869326614986871,1.05606107053811,0.6904781402824057,-6.8227330001030975,0.49156300520453344,0.9993303802855232,Not significant
GENE1715,1,Plasma cells,20q,protein_coding,45,43,9.481150666666666,9.402471395348837,-0.07867927131783503,0.9469241206058916,-0.6279167426349456,-6.863914772249739,0.5315524145628167,0.9993303802855232,Not significant
GENE3038,2,Microenvironment,3q,protein_coding,45,43,7.663133333333334,7.584566744186047,-0.07856658914728598,0.9469980833140981,-0.7918130213179169,-6.747826912082482,0.4304258675252659,0.9993303802855232,Not significant
GENE2031,1,Plasma cells,4q,protein_coding,45,43,6.677476666666666,6.598947906976744,-0.07852875968992024,0.9470229152378864,-0.7197745772281516,-6.802117989985675,0.4734160901837592,0.9993303802855232,Not significant
GENE3864,2,Microenvironment,21q,protein_coding,45,43,7.984375333333333,7.9058488372093025,-0.07852649612403084,0.9470244011031513,-0.7773345344173661,-6.75914888765384,0.43887669254873163,0.9993303802855232,Not significant
GENE2064,0,Other,21q,protein_coding,45,43,8.766296,8.84478534883721,0.07848934883720915,1.0559118124406661,0.8419943499024348,-6.706991134797967,0.40188808080511773,0.9993303802855232,Not significant
GENE2318,2,Microenvironment,3q,protein_coding,45,43,8.753996888888889,8.675541395348837,-0.07845549354005499,0.947071010284117,-0.7498090154642562,-6.780104364645139,0.45520709997444286,0.9993303802855232,Not significant
GENE1616,1,Plasma cells,15q,protein_coding,45,43,8.389136666666667,8.31076,-0.07837666666666543,0.9471227583556452,-0.6346565685548891,-6.859664404753071,0.5271651388701335,0.9993303802855232,Not significant
GENE0975,0,Other,4q,protein_coding,45,43,9.37489,9.453187209302325,0.07829720930232398,1.0557711944380157,0.6772162363488214,-6.831786193312181,0.4999008231934432,0.9993303802855232,Not significant
GENE1543,1,Plasma cells,12p,protein_coding,45,43,7.5159402222222225,7.43784488372093,-0.07809533850128858,0.9473074670303646,-0.7399324091195433,-6.787441551840482,0.4611503915015871,0.9993303802855232,Not significant
GENE2627,2,Microenvironment,20q,protein_coding,45,43,10.808177555555556,10.730122790697674,-0.07805476485788354,0.947334109012732,-0.6643497179481533,-6.840403277892283,0.5080623633000247,0.9993303802855232,Not significant
GENE1069,0,Other,2p,protein_coding,45,43,9.260972888888888,9.182947441860465,-0.07802544702842518,0.947353360525537,-0.7293070392072206,-6.7952275884052575,0.4675931518580978,0.9993303802855232,Not significant
GENE2120,0,Other,15q,protein_coding,45,43,7.669384,7.747388372093023,0.0780043720930248,1.055556916502528,0.7875307701828169,-6.751197051495634,0.4329152963780575,0.9993303802855232,Not significant
GENE2483,1,Plasma cells,20q,protein_coding,45,43,3.6131088888888887,3.6911030232558137,0.07799413436692726,1.0555494260323022,0.71458414137835,-6.805832114688034,0.47660364437122527,0.9993303802855232,Not significant
GENE2559,2,Microenvironment,4q,protein_coding,45,43,8.872036444444445,8.79407,-0.07796644444444745,0.9473921056779434,-0.6976880288601709,-6.817738259759078,0.48706213135569765,0.9993303802855232,Not significant
GENE3693,2,Microenvironment,18q,protein_coding,45,43,9.045894666666667,9.123847441860466,0.07795277519380228,1.0555191659811842,0.7126210448850318,-6.807229918456697,0.4778123275927153,0.9993303802855232,Not significant
GENE1018,0,Other,19q,protein_coding,45,43,6.681771555555556,6.7597137209302325,0.07794216537467769,1.0555114035463402,0.7358674862500784,-6.79043338769449,0.46360921392046517,0.9993303802855232,Not significant
PCOTH175,1,Plasma cells,12p,protein_coding,45,43,7.727017333333333,7.804944418604651,0.07792708527131964,1.0555003706271016,0.6109836935921683,-6.874394736904099,0.5426572925657189,0.9993303802855232,Not significant
GENE1793,1,Plasma cells,9p,protein_coding,45,43,8.694494,8.616651860465117,-0.07784213953488184,0.9474737380120534,-0.7304697385086946,-6.7943810137741,0.4668856817250293,0.9993303802855232,Not significant
GENE3969,0,Other,18q,protein_coding,45,43,7.903416666666667,7.981173953488372,0.07775728682170602,1.0553761504870032,0.6638232629476396,-6.8407523731836894,0.5083978120637382,0.9993303802855232,Not significant
GENE3200,1,Plasma cells,15q,protein_coding,45,43,9.57994711111111,9.50219,-0.07775711111110972,0.9475295811184117,-0.7094374647923014,-6.809488667775005,0.4797760799423797,0.9993303802855232,Not significant
GENE2592,0,Other,21q,protein_coding,45,43,7.468931333333333,7.5466772093023256,0.07774587596899085,1.0553678031274811,0.7154259210781986,-6.8052315682574305,0.47608588013664643,0.9993303802855232,Not significant
GENE2758,0,Other,19q,protein_coding,45,43,7.567067555555556,7.64464511627907,0.07757756072351718,1.0552446834631346,0.6416086265277451,-6.85523305538619,0.5226594540858027,0.9993303802855232,Not significant
GENE2421,1,Plasma cells,18q,protein_coding,45,43,9.115014222222221,9.037487674418605,-0.07752654780360935,0.9476810220022266,-0.7309263048971718,-6.794048217938432,0.46660803879717727,0.9993303802855232,Not significant
GENE1136,2,Microenvironment,15q,protein_coding,45,43,9.203393777777778,9.280894418604651,0.07750064082687658,1.0551884226832218,0.6836680873718449,-6.827403574967508,0.4958350188303837,0.9993303802855232,Not significant
GENE2553,1,Plasma cells,18q,protein_coding,45,43,8.439549555555555,8.362119767441861,-0.07742978811369383,0.9477445838737988,-0.726600239490592,-6.797193273880276,0.4692424995903005,0.9993303802855232,Not significant
GENE1883,1,Plasma cells,20q,protein_coding,45,43,8.770677555555556,8.693278604651162,-0.07739895090438687,0.9477648418698569,-0.7955252613673033,-6.744890777943256,0.42827465150337085,0.9993303802855232,Not significant
GENE2578,1,Plasma cells,19q,protein_coding,45,43,7.454758666666667,7.532152790697674,0.07739412403100765,1.055110519080891,0.6694552564557501,-6.837003544039939,0.5048153232197141,0.9993303802855232,Not significant
GENE1393,0,Other,2p,protein_coding,45,43,7.340861555555556,7.41818488372093,0.07732332816537468,1.0550587440157009,0.7187260886885297,-6.802870401009071,0.4740590272141961,0.9993303802855232,Not significant
GENE2147,2,Microenvironment,20q,protein_coding,45,43,11.002191333333334,11.079491860465117,0.07730052713178814,1.0550420695009366,0.7150348569256336,-6.805510650077772,0.4763263780246796,0.9993303802855232,Not significant
GENE1269,1,Plasma cells,18q,protein_coding,45,43,7.052345555555555,7.129614186046512,0.07726863049095734,1.0550187437633478,0.6523521317008137,-6.848290857113807,0.5157362263942666,0.9993303802855232,Not significant
GENE3181,2,Microenvironment,2p,protein_coding,45,43,9.324717555555555,9.401938139534884,0.07722058397932585,1.0549836087383808,0.6866409787635246,-6.825370298282147,0.4939676230595781,0.9993303802855232,Not significant
GENE3584,2,Microenvironment,15q,protein_coding,45,43,7.043792,6.966636279069768,-0.07715572093023582,0.9479246429678836,-0.6948300599518547,-6.819724297773612,0.4888435488932482,0.9993303802855232,Not significant
GENE1303,0,Other,12p,protein_coding,45,43,8.832342888888888,8.909401860465117,0.07705897157622665,1.0548654348471254,0.693520052138717,-6.820631941204906,0.48966128798806996,0.9993303802855232,Not significant
GENE0989,1,Plasma cells,9p,protein_coding,45,43,8.811964,8.888976046511628,0.07701204651162818,1.0548311248770577,0.6151801981182372,-6.871823983224214,0.5398942683645389,0.9993303802855232,Not significant
GENE2856,2,Microenvironment,21q,protein_coding,45,43,9.094585333333333,9.017609534883722,-0.07697579844960956,0.9480428686385085,-0.6587975120835532,-6.844071173221263,0.5116060700319175,0.9993303802855232,Not significant
GENE2096,2,Microenvironment,15q,protein_coding,45,43,9.898033555555555,9.975001162790697,0.07696760723514373,1.0547986334573722,0.6948760957189092,-6.819692370894228,0.4888148258357209,0.9993303802855232,Not significant
GENE3845,0,Other,9p,protein_coding,45,43,8.909156444444445,8.986102093023256,0.07694564857881225,1.054782578931803,0.7584478052155393,-6.773607913237532,0.4500447757718211,0.9993303802855232,Not significant
PCOTH053,1,Plasma cells,9p,protein_coding,45,43,6.743648888888889,6.820565581395349,0.07691669250645905,1.054761408793067,0.6994020209255597,-6.816543314696181,0.4859954836275828,0.9993303802855232,Not significant
MEOTH179,2,Microenvironment,7q,protein_coding,45,43,9.850059777777778,9.926973488372093,0.07691371059431695,1.0547592287047514,0.2465928361278937,-7.030777152289697,0.8057509559878526,0.9993303802855232,Not significant
GENE1145,2,Microenvironment,9p,protein_coding,45,43,11.101733777777778,11.178616511627906,0.07688273385013389,1.0547365817453382,0.6249258071639707,-6.865786542766675,0.5335053631255195,0.9993303802855232,Not significant
GENE1048,0,Other,7q,protein_coding,45,43,10.209576222222223,10.132695813953488,-0.07688040826873532,0.9481055547696315,-0.7266048643642348,-6.797189921448813,0.46923967870862593,0.9993303802855232,Not significant
GENE3117,2,Microenvironment,18q,protein_coding,45,43,9.465247333333334,9.542041627906977,0.07679429457363973,1.0546719268609082,0.7016738163028319,-6.814955013296897,0.48458368507809224,0.9993303802855232,Not significant
GENE3826,2,Microenvironment,19q,protein_coding,45,43,8.777994222222222,8.701226744186046,-0.07676747803617623,0.948179772791064,-0.7101535454377486,-6.808981480980351,0.47933398498492596,0.9993303802855232,Not significant
GENE2274,0,Other,10q,protein_coding,45,43,9.028492444444444,8.951808372093023,-0.07668407235141927,0.9482345909383727,-0.6598308554793483,-6.843390836546928,0.5109455453625609,0.9993303802855232,Not significant
GENE2281,0,Other,2p,protein_coding,45,43,7.958862666666667,7.882288837209302,-0.0765738294573639,0.9483070526275917,-0.620812785064056,-6.868346054921092,0.536196987211541,0.9993303802855232,Not significant
GENE3700,0,Other,7q,protein_coding,45,43,6.960549555555556,6.883982093023256,-0.07656746253229851,0.9483112377208338,-0.77398791674813,-6.761736544869304,0.44084374163441964,0.9993303802855232,Not significant
MEOTH136,2,Microenvironment,18q,protein_coding,45,43,9.648223333333334,9.571659069767442,-0.07656426356589385,0.9483133404653973,-0.4328092607031569,-6.9674024510470245,0.6661261312260678,0.9993303802855232,Not significant
GENE1196,1,Plasma cells,15q,protein_coding,45,43,8.164436,8.240975813953488,0.0765398139534863,1.0544859070240873,0.7218386707178448,-6.8006335954680806,0.4721518051487442,0.9993303802855232,Not significant
PCOTH119,1,Plasma cells,20q,protein_coding,45,43,7.954505111111111,7.878010465116279,-0.07649464599483036,0.9483591026413334,-0.7425834578494103,-6.785481567964005,0.45955080031414586,0.9993303802855232,Not significant
GENE3094,2,Microenvironment,19q,protein_coding,45,43,6.266030888888889,6.342434418604651,0.07640352971576458,1.0543862996806141,0.6364452014286028,-6.858528875794405,0.5260039909183698,0.9993303802855232,Not significant
GENE2185,1,Plasma cells,2p,protein_coding,45,43,8.204598666666667,8.280967674418605,0.07636900775193567,1.0543610697815897,0.7220995068108945,-6.80044571575566,0.4719921741069678,0.9993303802855232,Not significant
GEP1Q99,1,Plasma cells,1q,protein_coding,45,43,6.663881333333333,6.740218837209302,0.07633750387597349,1.0543380461371243,0.2808568427463135,-7.021719044315386,0.7794258484437364,0.9993303802855232,Not significant
MEOTH042,2,Microenvironment,20q,protein_coding,45,43,11.798546444444444,11.874857441860465,0.07631099741602831,1.054318675090807,0.3013446931325329,-7.015741543809964,0.7638047578402842,0.9993303802855232,Not significant
GENE2135,0,Other,20q,protein_coding,45,43,8.247468222222222,8.17116,-0.076308222222222,0.948481656680779,-0.6808328706232416,-6.829334551792383,0.49761949464299093,0.9993303802855232,Not significant
GENE1736,1,Plasma cells,15q,protein_coding,45,43,7.408931777777778,7.485191860465116,0.0762600826873383,1.054281467364602,0.683149584424551,-6.827757304716689,0.4961611034304656,0.9993303802855232,Not significant
GENE1157,0,Other,9p,protein_coding,45,43,7.920484222222222,7.996652093023256,0.07616787080103471,1.054214083632613,0.7394189105813213,-6.787820392530491,0.46146059148583174,0.9993303802855232,Not significant
GENE3703,1,Plasma cells,12p,protein_coding,45,43,7.153126888888889,7.229199302325582,0.07607241343669191,1.054144332808029,0.6434226076721703,-6.8540689222177935,0.5214871120925081,0.9993303802855232,Not significant
GENE3082,1,Plasma cells,19q,protein_coding,45,43,6.997641111111111,6.921575813953488,-0.076065297157621,0.9486413781470767,-0.6820722030269283,-6.828491459117608,0.49683903604365365,0.9993303802855232,Not significant
GENE3207,0,Other,4q,protein_coding,45,43,9.487712666666667,9.41165511627907,-0.0760575503875991,0.9486464720346358,-0.7374636801819356,-6.78926051118338,0.46264281210850344,0.9993303802855232,Not significant
GENE1500,0,Other,21q,protein_coding,45,43,9.683528888888889,9.607559534883721,-0.07596935400516536,0.9487044674821413,-0.6704428959057082,-6.836342907233639,0.5041884852692688,0.9993303802855232,Not significant
GENE2754,0,Other,10q,protein_coding,45,43,7.750764888888889,7.674848604651163,-0.0759162842377279,0.9487393663693361,-0.6562831884766276,-6.845722150091846,0.5132151428914669,0.9993303802855232,Not significant
GENE1978,1,Plasma cells,19q,protein_coding,45,43,8.184098444444444,8.259917209302326,0.07581876485788364,1.0539590138732111,0.6568016834979011,-6.845382203440343,0.5128831065467025,0.9993303802855232,Not significant
GENE2299,0,Other,12p,protein_coding,45,43,7.5826022222222225,7.506800465116279,-0.07580175710593995,0.9488146842350509,-0.6104139338524531,-6.874742422229941,0.5430329797310862,0.9993303802855232,Not significant
GENE1860,1,Plasma cells,21q,protein_coding,45,43,8.585603555555556,8.509835348837209,-0.07576820671834739,0.9488367495154152,-0.7304920519592564,-6.794364754054443,0.46687211051281996,0.9993303802855232,Not significant
MEOTH238,2,Microenvironment,4q,protein_coding,45,43,12.663796222222222,12.739432325581395,0.07563610335916948,1.0538255791966822,0.3977458757067726,-6.981982913730537,0.6917023936596329,0.9993303802855232,Not significant
GENE3424,0,Other,7q,protein_coding,45,43,8.812124,8.887743953488371,0.07561995348837414,1.0538137824889895,0.6239353373235647,-6.866404439367728,0.5341529070590048,0.9993303802855232,Not significant
GENE3170,0,Other,3q,protein_coding,45,43,6.514795333333334,6.590356046511628,0.07556071317829804,1.0537705114082947,0.7365469541353337,-6.789934424710874,0.4631976964034652,0.9993303802855232,Not significant
GENE1777,2,Microenvironment,2p,protein_coding,45,43,8.839653333333333,8.764151395348836,-0.07550193798449989,0.9490118862343747,-0.706498240749021,-6.811565162092747,0.48159306693932813,0.9993303802855232,Not significant
PCFAV015,1,Plasma cells,5q,protein_coding,45,43,7.243806444444444,7.168380697674419,-0.07542574677002367,0.949062006513062,-0.4223953976458663,-6.971860910766243,0.6736829121823605,0.9993303802855232,Not significant
GENE3101,2,Microenvironment,9p,protein_coding,45,43,8.139979333333333,8.215388604651162,0.0754092713178327,1.053659901344085,0.6170288218921672,-6.870685988408153,0.5386793874757874,0.9993303802855232,Not significant
GENE3653,1,Plasma cells,9p,protein_coding,45,43,7.20886,7.284242790697674,0.07538279069767295,1.053640561628643,0.7280843388850736,-6.796116411866786,0.468337781500207,0.9993303802855232,Not significant
GENE1606,2,Microenvironment,19q,protein_coding,45,43,10.946006888888888,10.870706511627906,-0.07530037726098193,0.9491444831310486,-0.7007240744833625,-6.8156196352320855,0.4851736237297237,0.9993303802855232,Not significant
GENE3023,1,Plasma cells,20q,protein_coding,45,43,8.582145555555556,8.506927906976744,-0.07521764857881053,0.9491989116287085,-0.6975234175296452,-6.817852869214596,0.48716463946937716,0.9993303802855232,Not significant
GENE3040,1,Plasma cells,7q,protein_coding,45,43,8.07942711111111,8.004288604651164,-0.07513850645994857,0.9492509833912602,-0.6600455987870755,-6.843249320405396,0.5108083358560074,0.9993303802855232,Not significant
GENE3690,1,Plasma cells,10q,protein_coding,45,43,8.176307111111111,8.251432325581396,0.07512521447028497,1.0534524632934816,0.7075398538428374,-6.810830262225339,0.48094872163562163,0.9993303802855232,Not significant
GENE3235,1,Plasma cells,12p,protein_coding,45,43,7.564734,7.639835813953488,0.0751018139534887,1.0534353764307411,0.6519220149095301,-6.848570984048627,0.5160124665243861,0.9993303802855232,Not significant
GENE2325,0,Other,18q,protein_coding,45,43,8.889631555555555,8.814536046511629,-0.07509550904392803,0.9492792748503079,-0.7019694518398282,-6.814747948020686,0.48440012965322443,0.9993303802855232,Not significant
GENE2864,2,Microenvironment,15q,protein_coding,45,43,9.28453,9.209524186046512,-0.0750058139534886,0.9493382951802364,-0.7355745669072365,-6.790648350731779,0.46378668336289586,0.9993303802855232,Not significant
GENE3289,2,Microenvironment,2p,protein_coding,45,43,7.587468,7.662460930232558,0.07499293023255937,1.0533558740882614,0.6785957490073227,-6.8308525758453875,0.4990299789711683,0.9993303802855232,Not significant
GENE3022,0,Other,19q,protein_coding,45,43,7.710860444444444,7.635876046511628,-0.07498439793281797,0.9493523876938164,-0.6892523490429351,-6.823577073589943,0.49233047213935854,0.9993303802855232,Not significant
GENE2183,1,Plasma cells,20q,protein_coding,45,43,8.237145111111111,8.312089534883722,0.07494442377260846,1.0533204586302969,0.6481057331151429,-6.851048435744937,0.518466862367969,0.9993303802855232,Not significant
GENE0992,0,Other,15q,protein_coding,45,43,8.999777111111111,9.074696744186047,0.07491963307493066,1.0533023589460564,0.6894720108771805,-6.823425924793601,0.49219289405247746,0.9993303802855232,Not significant
GENE3784,1,Plasma cells,7q,protein_coding,45,43,10.392836444444445,10.467719302325582,0.07488285788113558,1.053275509956085,0.649989532908732,-6.849827313429833,0.5172545536400279,0.9993303802855232,Not significant
PCOTH215,1,Plasma cells,20q,protein_coding,45,43,6.099014888888889,6.024173953488372,-0.07484093540051528,0.9494467966060843,-0.7057090298889384,-6.812121268630892,0.4820815929071637,0.9993303802855232,Not significant
GENE1216,1,Plasma cells,7q,protein_coding,45,43,8.840932888888888,8.766113023255814,-0.07481986563307785,0.9494606628555069,-0.7296256505387588,-6.794995736505303,0.4673992257332369,0.9993303802855232,Not significant
GENE2775,1,Plasma cells,4q,protein_coding,45,43,8.242617777777777,8.317418372093023,0.07480059431524211,1.053215453099582,0.5975347378405289,-6.882515835005887,0.5515601861407593,0.9993303802855232,Not significant
GENE1643,2,Microenvironment,20q,protein_coding,45,43,9.450473777777777,9.37567511627907,-0.0747986614987095,0.9494746177377601,-0.6796387322677432,-6.830145463481389,0.49837211938572434,0.9993303802855232,Not significant
GENE3965,0,Other,9p,protein_coding,45,43,8.379856,8.305146279069767,-0.07470972093023143,0.949533153611901,-0.6519915334923904,-6.848525720316121,0.5159678133182458,0.9993303802855232,Not significant
GENE2607,2,Microenvironment,4q,protein_coding,45,43,9.416038,9.49074465116279,0.07470665116279207,1.053146873700782,0.6869125763437247,-6.825184106590705,0.4937972121619977,0.9993303802855232,Not significant
GENE2983,1,Plasma cells,12p,protein_coding,45,43,8.241918666666667,8.316575581395348,0.07465691472868308,1.053110567436652,0.6821970524341361,-6.828406442415344,0.49676044999097013,0.9993303802855232,Not significant
GENE2730,2,Microenvironment,10q,protein_coding,45,43,7.485890444444444,7.560539069767442,0.07464862532299588,1.0531045165143156,0.7626055628211489,-6.770455031446888,0.4475722646634692,0.9993303802855232,Not significant
GENE1683,2,Microenvironment,4q,protein_coding,45,43,10.343874,10.269272325581396,-0.07460167441860577,0.9496042688398884,-0.6148081020349089,-6.872052632413526,0.5401389712274288,0.9993303802855232,Not significant
GENE3628,0,Other,7q,protein_coding,45,43,8.101122222222223,8.175656279069768,0.07453405684754699,1.0530208898399511,0.6723531383829752,-6.835062399336589,0.5029772712755083,0.9993303802855232,Not significant
GENE1782,1,Plasma cells,10q,protein_coding,45,43,6.399499777777778,6.3249676744186045,-0.07453210335917237,0.9496500626952105,-0.6493113363626496,-6.850267340711895,0.5176908314008113,0.9993303802855232,Not significant
GENE2344,0,Other,7q,protein_coding,45,43,7.660975777777778,7.735456279069767,0.07448050129199046,1.0529818004479201,0.7425566413118738,-6.7855014287637925,0.45956696507567085,0.9993303802855232,Not significant
GENE3832,0,Other,7q,protein_coding,45,43,8.565196222222223,8.490746046511628,-0.07445017571059331,0.9497039928769675,-0.5538907694030719,-6.907633790332486,0.5809441237976346,0.9993303802855232,Not significant
GENE3228,0,Other,21q,protein_coding,45,43,8.045444,7.971047674418605,-0.07439632558139753,0.9497394422517387,-0.6494839418029832,-6.8501553940944095,0.5175797775238977,0.9993303802855232,Not significant
GENE1204,1,Plasma cells,7q,protein_coding,45,43,7.816905111111111,7.891289302325581,0.07438419121447115,1.052911508826323,0.6881863369609741,-6.824309916794631,0.49299843173503477,0.9993303802855232,Not significant
GENE2929,0,Other,2p,protein_coding,45,43,7.9243120000000005,7.8499527906976745,-0.07435920930232864,0.9497638765546478,-0.5905482574692806,-6.886663789496908,0.5562136784817759,0.9993303802855232,Not significant
GENE2675,2,Microenvironment,20q,protein_coding,45,43,5.762929333333333,5.6886600000000005,-0.07426933333333352,0.9498230460986158,-0.6520084125854527,-6.84851472957243,0.5159569718390813,0.9993303802855232,Not significant
GENE3363,2,Microenvironment,4q,protein_coding,45,43,6.321210444444445,6.2469625581395345,-0.0742478863049092,0.9498371662229023,-0.7780525227902249,-6.758592291568492,0.43845534715270296,0.9993303802855232,Not significant
GENE3275,2,Microenvironment,20q,protein_coding,45,43,10.192539555555555,10.266763255813954,0.07422370025840053,1.052794385407221,0.6503989489827123,-6.849561455822589,0.5169912735733339,0.9993303802855232,Not significant
PCOTH177,1,Plasma cells,18q,protein_coding,45,43,9.40628711111111,9.33210488372093,-0.07418222739018177,0.9498803955228707,-0.6758118525699689,-6.832734710038805,0.5007882085851159,0.9993303802855232,Not significant
GENE2316,1,Plasma cells,21q,protein_coding,45,43,10.489744444444444,10.563921162790697,0.07417671834625317,1.0527601013162995,0.6604915911554198,-6.8429552650180305,0.5105234330510684,0.9993303802855232,Not significant
GENE2814,0,Other,10q,protein_coding,45,43,9.394550666666667,9.468705813953488,0.07415514728682737,1.0527443606501912,0.6558791290924828,-6.845986883585392,0.5134739752019672,0.9993303802855232,Not significant
MEOTH032,2,Microenvironment,2p,protein_coding,45,43,10.335357555555555,10.409466744186046,0.07410918863049787,1.052710824840981,0.4950466390335918,-6.938503444512656,0.6217006864296888,0.9993303802855232,Not significant
GENE3600,2,Microenvironment,21q,protein_coding,45,43,6.673636,6.747680697674419,0.07404469767441935,1.052663767903611,0.674744724057725,-6.833454141580949,0.5014630597322347,0.9993303802855232,Not significant
GENE2161,2,Microenvironment,2p,protein_coding,45,43,7.957936,7.883929302325582,-0.07400669767441848,0.9499959725329135,-0.7401379086507704,-6.787289868860034,0.4610262841974425,0.9993303802855232,Not significant
GENE2688,0,Other,21q,protein_coding,45,43,9.399529777777778,9.325586976744185,-0.07394280103358675,0.9500380485739179,-0.8108129598362869,-6.732656442170352,0.4194827615734952,0.9993303802855232,Not significant
GENE3798,1,Plasma cells,10q,protein_coding,45,43,8.282203777777777,8.35608953488372,0.07388575710594303,1.052547803159141,0.6788369165672534,-6.830689166834457,0.4988778213753283,0.9993303802855232,Not significant
GENE3979,2,Microenvironment,12p,protein_coding,45,43,7.709011111111111,7.635139302325581,-0.07387180878552879,0.9500847992692154,-0.7258022489840271,-6.7977713971857074,0.46972936614239635,0.9993303802855232,Not significant
MEOTH103,2,Microenvironment,21q,protein_coding,45,43,8.161808888888888,8.087963953488371,-0.07384493540051729,0.9501024968641174,-0.46033716842092015,-6.955096292966598,0.6463173705730993,0.9993303802855232,Not significant
PCOTH121,1,Plasma cells,2p,protein_coding,45,43,7.239737555555555,7.313552093023256,0.07381453746770639,1.0524958446915536,0.7053692088830059,-6.812360529370597,0.4822920282936288,0.9993303802855232,Not significant
GENE3303,2,Microenvironment,4q,protein_coding,45,43,8.265957333333333,8.339728837209302,0.07377150387597098,1.0524644506687713,0.6124338911696936,-6.873508328616034,0.5417016578490333,0.9993303802855232,Not significant
GENE2229,0,Other,18q,protein_coding,45,43,9.445382444444444,9.51908488372093,0.07370243927648801,1.0524140683676855,0.6673968614503227,-6.8383773136248065,0.5061230912176276,0.9993303802855232,Not significant
PCOTH052,1,Plasma cells,7q,protein_coding,45,43,8.621637111111111,8.695339302325582,0.07370219121447086,1.0524138874119555,0.632149596833338,-6.861250643940242,0.5287948523424866,0.9993303802855232,Not significant
GENE1958,2,Microenvironment,3q,protein_coding,45,43,7.223457555555556,7.29708,0.07362244444444421,1.052355715527848,0.6647681804591972,-6.840125597441914,0.5077958097952959,0.9993303802855232,Not significant
GENE3740,1,Plasma cells,15q,protein_coding,45,43,7.711386,7.637771395348837,-0.07361460465116298,0.9502541957913766,-0.7219632711438844,-6.800543854407745,0.47207554622837444,0.9993303802855232,Not significant
GENE1843,1,Plasma cells,12p,protein_coding,45,43,8.860512,8.786963488372093,-0.07354851162790688,0.9502977300169232,-0.6386308900244745,-6.8571369708847065,0.5245868864116408,0.9993303802855232,Not significant
GENE3111,2,Microenvironment,4q,protein_coding,45,43,9.321845111111111,9.395343953488371,0.07349884237726023,1.0522655594197687,0.6474072828180797,-6.8515002945596555,0.5189167248678341,0.9993303802855232,Not significant
GENE3837,2,Microenvironment,18q,protein_coding,45,43,8.22347888888889,8.150033720930232,-0.07344516795865808,0.9503658045364914,-0.6308245504168047,-6.862086527240575,0.5296572796679488,0.9993303802855232,Not significant
PCOTH236,1,Plasma cells,15q,protein_coding,45,43,7.963266,7.889883953488372,-0.07338204651162528,0.9504073862813738,-0.7158698281051369,-6.804914592335764,0.4758129667090464,0.9993303802855232,Not significant
GENE2105,1,Plasma cells,9p,protein_coding,45,43,8.262795555555556,8.18942441860465,-0.07337113695090203,0.950414573223868,-0.7582823562684006,-6.773733023035181,0.4501433263775334,0.9993303802855232,Not significant
GENE3471,1,Plasma cells,4q,protein_coding,45,43,8.704044,8.77739930232558,0.0733553023255844,1.0521608701161969,0.6713460714303932,-6.8357379242426655,0.5036156204200217,0.9993303802855232,Not significant
GENE1573,0,Other,2p,protein_coding,45,43,7.543315111111111,7.616666976744186,0.07335186563307339,1.05215836373129,0.7055737450135687,-6.812216533496012,0.4821653624789962,0.9993303802855232,Not significant
GENE3300,0,Other,21q,protein_coding,45,43,8.901494444444445,8.828263488372093,-0.07323095607234897,0.9505069256746681,-0.6760107215924709,-6.83260051300494,0.5006624980598,0.9993303802855232,Not significant
PCOTH034,1,Plasma cells,19q,protein_coding,45,43,5.821494444444444,5.748285581395349,-0.07320886304909457,0.9505214815799764,-0.6996216021197292,-6.816390019415137,0.48585892714721113,0.9993303802855232,Not significant
GENE1866,2,Microenvironment,10q,protein_coding,45,43,7.72175,7.648565813953488,-0.07318418604651278,0.9505377401938875,-0.668466894249714,-6.837663698459193,0.5054430373165775,0.9993303802855232,Not significant
GENE1957,0,Other,2p,protein_coding,45,43,5.623786222222222,5.696938372093023,0.07315214987080054,1.0520127209864425,0.6871008697240878,-6.825054980678264,0.4936790883243164,0.9993303802855232,Not significant
PCOTH189,1,Plasma cells,18q,protein_coding,45,43,8.29909511111111,8.225995581395349,-0.07309952971576195,0.950593518716738,-0.6486069654708919,-6.8507238684175205,0.5181441515345613,0.9993303802855232,Not significant
GENE3042,1,Plasma cells,10q,protein_coding,45,43,7.286422666666667,7.359474418604651,0.07305175193798163,1.0519395133961307,0.6739308925008509,-6.834002049741874,0.5019780546921386,0.9993303802855232,Not significant
GENE2099,0,Other,20q,protein_coding,45,43,9.233072444444444,9.160031860465116,-0.07304058397932955,0.9506323589276939,-0.6474074547804923,-6.851500183368897,0.5189166140839453,0.9993303802855232,Not significant
MEOTH107,2,Microenvironment,7q,protein_coding,45,43,11.367538444444444,11.440506046511628,0.07296760206718389,1.0518781573991558,0.4764351393987825,-6.947549864797866,0.6348492283722262,0.9993303802855232,Not significant
GENE3947,1,Plasma cells,20q,protein_coding,45,43,8.206978,8.134016976744187,-0.07296102325581622,0.9506847851727726,-0.7039097234475092,-6.813386825311455,0.4831963963733579,0.9993303802855232,Not significant
GENE2611,0,Other,12p,protein_coding,45,43,8.254251333333332,8.327192325581395,0.07294099224806239,1.0518587561892112,0.6687120182306164,-6.837500063481688,0.5052873188505453,0.9993303802855232,Not significant
PCOTH120,1,Plasma cells,21q,protein_coding,45,43,7.814518444444444,7.887446511627907,0.0729280671834669,1.051849332658192,0.6944047708770166,-6.820019146654566,0.4891089428289632,0.9993303802855232,Not significant
GENE1611,2,Microenvironment,4q,protein_coding,45,43,9.148474888888888,9.075562093023256,-0.07291279586563171,0.9507165658409821,-0.6007129222544954,-6.880612887094224,0.5494497389473192,0.9993303802855232,Not significant
GENE1356,0,Other,21q,protein_coding,45,43,9.760567333333334,9.83347953488372,0.07291220155039291,1.051837765304506,0.6422734901595051,-6.854806753458381,0.5222296056081008,0.9993303802855232,Not significant
GENE1592,1,Plasma cells,15q,protein_coding,45,43,6.164266666666666,6.0914332558139535,-0.07283341085271022,0.950768880932684,-0.6999227987661943,-6.8161796688158915,0.48567164871502455,0.9993303802855232,Not significant
GENE1552,1,Plasma cells,7q,protein_coding,45,43,7.380653333333333,7.307894186046512,-0.07275914728682498,0.9508178235731877,-0.6568953412898687,-6.845320769172979,0.5128231416427278,0.9993303802855232,Not significant
GENE3486,0,Other,10q,protein_coding,45,43,6.782443333333333,6.709774883720931,-0.07266844961240082,0.9508776003615833,-0.6864037574098136,-6.825532863959747,0.49411649112038547,0.9993303802855232,Not significant
GENE2643,1,Plasma cells,4q,protein_coding,45,43,9.626761555555555,9.699396976744186,0.07263542118863597,1.0516359900822048,0.6397394660608973,-6.856429191680123,0.523868894322874,0.9993303802855232,Not significant
GENE3891,2,Microenvironment,4q,protein_coding,45,43,8.296382444444445,8.223782093023257,-0.07260035142118859,0.9509224848112254,-0.6909171066455001,-6.822430369067062,0.49128832742788453,0.9993303802855232,Not significant
GENE2586,2,Microenvironment,10q,protein_coding,45,43,9.323057777777777,9.250476511627907,-0.07258126614987326,0.9509350645547968,-0.7376078198698096,-6.78915447426804,0.4625556001979464,0.9993303802855232,Not significant
GENE3801,1,Plasma cells,18q,protein_coding,45,43,7.759182666666667,7.686690930232558,-0.07249173643410867,0.9509940788200192,-0.569144811773899,-6.899069763435247,0.5705898225089188,0.9993303802855232,Not significant
GENE3728,1,Plasma cells,15q,protein_coding,45,43,8.035352666666666,7.962878372093023,-0.0724742945736443,0.9510055761952945,-0.6509332069691771,-6.849214281591586,0.5166478184264554,0.9993303802855232,Not significant
GENE3360,1,Plasma cells,21q,protein_coding,45,43,8.011796444444444,8.084260930232558,0.0724644857881156,1.0515113960653837,0.6530743132487318,-6.847820102091117,0.5152725846469426,0.9993303802855232,Not significant
GENE1314,2,Microenvironment,10q,protein_coding,45,43,8.638809333333333,8.566396744186047,-0.07241258914728554,0.9510462524698016,-0.605764639559506,-6.877567538708182,0.5461035323185459,0.9993303802855232,Not significant
GENE2211,1,Plasma cells,4q,protein_coding,45,43,6.659639333333334,6.732010930232558,0.07237159689922557,1.051443695977603,0.6369036739613285,-6.8582373003692805,0.5257065728202686,0.9993303802855232,Not significant
PCOTH164,1,Plasma cells,15q,protein_coding,45,43,6.895662,6.8232960465116275,-0.07236595348837405,0.9510769958939128,-0.6386743583743796,-6.8571092410955625,0.5245587235993041,0.9993303802855232,Not significant
GENE1692,2,Microenvironment,21q,protein_coding,45,43,10.073494,10.001149534883721,-0.07234446511627901,0.951091161915145,-0.614698418587631,-6.872120005564944,0.5402111134946742,0.9993303802855232,Not significant
GENE2383,2,Microenvironment,12p,protein_coding,45,43,9.366088,9.293761395348838,-0.07232660465116325,0.9511029364310245,-0.6454792530414943,-6.852745116815177,0.5201596051008265,0.9993303802855232,Not significant
GENE1847,2,Microenvironment,20q,protein_coding,45,43,9.69261888888889,9.620340930232558,-0.07227795865633269,0.9511350070538983,-0.6337332844323369,-6.860249319592418,0.5277650375844319,0.9993303802855232,Not significant
GENE1045,1,Plasma cells,2p,protein_coding,45,43,6.633349111111111,6.5611072093023255,-0.07224190180878587,0.9511587787849564,-0.6571717330851359,-6.8451394210237755,0.5126462019481176,0.9993303802855232,Not significant
GENE2659,2,Microenvironment,12p,protein_coding,45,43,10.584857555555555,10.512627441860465,-0.07223011369509358,0.9511665506378523,-0.6523223277802481,-6.848310273748388,0.5157553652838243,0.9993303802855232,Not significant
GENE3310,2,Microenvironment,19q,protein_coding,45,43,7.170277111111111,7.242485581395349,0.07220847028423893,1.0513248151679944,0.6177157814814709,-6.870262239507535,0.5382282856044669,0.9993303802855232,Not significant
GENE3245,0,Other,9p,protein_coding,45,43,8.580266444444444,8.652463023255814,0.07219657881136676,1.0513161496159256,0.5533081757598431,-6.907956291590098,0.5813413478872489,0.9993303802855232,Not significant
MEOTH150,2,Microenvironment,20q,protein_coding,45,43,9.01213688888889,9.084223488372093,0.07208659948320495,1.0512360088837711,0.502745355989136,-6.934660532558396,0.6162970805423871,0.9993303802855232,Not significant
GENE1577,1,Plasma cells,9p,protein_coding,45,43,7.252559333333333,7.180552325581395,-0.07200700775193791,0.9513136554062991,-0.6965779835810292,-6.81851060241693,0.48775361694272623,0.9993303802855232,Not significant
GENE2475,0,Other,4q,protein_coding,45,43,8.707776666666666,8.63577488372093,-0.07200178294573512,0.9513171006517231,-0.659572871270124,-6.843560788166542,0.5111104093566777,0.9993303802855232,Not significant
GENE3067,0,Other,12p,protein_coding,45,43,9.850705111111111,9.77889488372093,-0.07181022739018594,0.9514434213009226,-0.7393864461539924,-6.787844334875165,0.46148020694126646,0.9993303802855232,Not significant
GENE3869,0,Other,9p,protein_coding,45,43,7.268768,7.340575581395349,0.07180758139535026,1.0510327188667818,0.6905364833583127,-6.822692788345263,0.49152649292113204,0.9993303802855232,Not significant
PCFAV047,1,Plasma cells,5q,protein_coding,45,43,6.431228888888889,6.503036279069767,0.071807390180882,1.0510325795631568,0.30976705753775485,-7.013162459154906,0.7574108822198398,0.9993303802855232,Not significant
GENE3723,1,Plasma cells,4q,protein_coding,45,43,8.543634,8.61542953488372,0.07179553488372115,1.051023942774364,0.6402280454430396,-6.856116867894704,0.523552618395916,0.9993303802855232,Not significant
GENE3957,1,Plasma cells,18q,protein_coding,45,43,8.869644000000001,8.941435813953488,0.07179181395348522,1.0510212320270382,0.7044709203142805,-6.812992446069516,0.482848540903939,0.9993303802855232,Not significant
GENE2550,0,Other,10q,protein_coding,45,43,7.955849555555556,8.027625581395348,0.07177602583979326,1.0510097302533177,0.6399897696421369,-6.856269214946275,0.5237068509105596,0.9993303802855232,Not significant
GENE2781,2,Microenvironment,18q,protein_coding,45,43,8.520288222222222,8.591906279069768,0.07161805684754619,1.05089465544268,0.6690091355275336,-6.837301640165786,0.5050986053117189,0.9993303802855232,Not significant
GENE2535,0,Other,4q,protein_coding,45,43,10.161736444444445,10.090143953488372,-0.07159249095607478,0.9515870272090783,-0.6143391668039929,-6.872340592782359,0.5404474390130241,0.9993303802855232,Not significant
GENE3753,1,Plasma cells,18q,protein_coding,45,43,7.140806,7.069254418604651,-0.07155158139534734,0.9516140111232952,-0.653210048238262,-6.847731565425093,0.5151854671069893,0.9993303802855232,Not significant
GENE2664,1,Plasma cells,21q,protein_coding,45,43,7.518315777777778,7.446776046511628,-0.07153973126614943,0.9516218276021572,-0.5932772195816102,-6.8850493362231635,0.5543936823905963,0.9993303802855232,Not significant
GENE1188,2,Microenvironment,21q,protein_coding,45,43,7.080639111111111,7.152126976744186,0.07148786563307752,1.050799825229454,0.6507276308562634,-6.849347903544436,0.5167799616615066,0.9993303802855232,Not significant
GENE2648,0,Other,15q,protein_coding,45,43,9.03576111111111,9.107237441860464,0.07147633074935911,1.0507914237274063,0.6408661451110226,-6.855708607474829,0.5231397022042257,0.9993303802855232,Not significant
GENE2968,1,Plasma cells,7q,protein_coding,45,43,8.75806,8.68661046511628,-0.07144953488371542,0.9516813242573933,-0.7172114437028534,-6.803955417045111,0.47498867312485504,0.9993303802855232,Not significant
MEOTH157,2,Microenvironment,10q,protein_coding,45,43,10.10380288888889,10.175223488372094,0.07142059948320423,1.0507508324702515,0.35461437604281126,-6.998235023096039,0.7236578972951814,0.9993303802855232,Not significant
PCOTH012,1,Plasma cells,21q,protein_coding,45,43,7.035699777777777,6.9644427906976745,-0.07125698708010475,0.9518083478987858,-0.661045698483165,-6.842589652220077,0.510169583290718,0.9993303802855232,Not significant
GENE3397,0,Other,2p,protein_coding,45,43,10.383867333333333,10.455106976744187,0.07123964341085554,1.0506190459081344,0.7243942918669014,-6.798789893186316,0.47058907408011763,0.9993303802855232,Not significant
GENE3895,2,Microenvironment,12p,protein_coding,45,43,9.247857333333334,9.176621627906977,-0.07123570542635527,0.9518223884302385,-0.6857112899930035,-6.826007087556211,0.4945511878765718,0.9993303802855232,Not significant
GENE1343,0,Other,20q,protein_coding,45,43,8.591914,8.66303511627907,0.07112111627906792,1.0505327340103576,0.6523841834034932,-6.848269975114752,0.5157156444863908,0.9993303802855232,Not significant
GENE1101,1,Plasma cells,18q,protein_coding,45,43,7.228062888888889,7.299153488372093,0.07109059948320695,1.0505105127140908,0.69651855132188,-6.818551919613079,0.48779065452213854,0.9993303802855232,Not significant
GENE2769,0,Other,18q,protein_coding,45,43,8.262317777777778,8.333315813953488,0.07099803617571432,1.0504431141263744,0.6306252280999484,-6.862212115882459,0.5297870745511934,0.9993303802855232,Not significant
GENE1747,2,Microenvironment,12p,protein_coding,45,43,10.386026444444445,10.456979534883722,0.07095309043927855,1.0504103891203396,0.6289799797620579,-6.863247247714645,0.5308590555988125,0.9993303802855232,Not significant
GENE1452,0,Other,21q,protein_coding,45,43,9.32103911111111,9.25010488372093,-0.07093422739017718,0.9520213102540174,-0.6179902519593081,-6.87009280246473,0.538048104472131,0.9993303802855232,Not significant
GENE1575,2,Microenvironment,4q,protein_coding,45,43,8.298466666666666,8.369372093023255,0.07090542635659425,1.0503756859993265,0.6243945822921896,-6.866118063978615,0.5338526142927282,0.9993303802855232,Not significant
GENE1243,2,Microenvironment,12p,protein_coding,45,43,8.871957111111112,8.942782790697674,0.07082567958656405,1.050317626776231,0.6305533053033398,-6.862257423203772,0.5298339133328713,0.9993303802855232,Not significant
PCOTH239,1,Plasma cells,20q,protein_coding,45,43,5.230299555555556,5.159497906976744,-0.07080164857881233,0.9521088018234797,-0.5885534490046761,-6.887839243017027,0.5575459239138146,0.9993303802855232,Not significant
GENE2674,0,Other,19q,protein_coding,45,43,6.456109555555556,6.385341395348838,-0.07076816020671739,0.9521309027824403,-0.6613243608026504,-6.8424056695880955,0.5099916803872198,0.9993303802855232,Not significant
GENE3938,0,Other,3q,protein_coding,45,43,8.503530222222222,8.574154418604651,0.070624196382429,1.0501709522689817,0.6341838093834133,-6.859964010519731,0.5274722673523893,0.9993303802855232,Not significant
GENE1788,0,Other,21q,protein_coding,45,43,7.9579435555555555,8.028426279069768,0.07048272351421137,1.0500679759585143,0.6895779619082386,-6.823353003089382,0.4921265425388506,0.9993303802855232,Not significant
GENE3657,0,Other,18q,protein_coding,45,43,8.517567777777778,8.58803488372093,0.07046710594315009,1.050056608745067,0.6380233414050356,-6.857524348867169,0.5249805948455091,0.9993303802855232,Not significant
GENE1626,0,Other,10q,protein_coding,45,43,7.798626444444444,7.728319534883721,-0.07030690956072405,0.9524353615860669,-0.7077034038573832,-6.810714773805403,0.48084759238975383,0.9993303802855232,Not significant
GENE1141,2,Microenvironment,2p,protein_coding,45,43,8.039879555555556,8.110171395348837,0.07029183979327946,1.0499290501168301,0.7195771427082888,-6.802259754858956,0.47353712051548125,0.9993303802855232,Not significant
GENE3050,0,Other,3q,protein_coding,45,43,8.338143777777777,8.267873023255813,-0.07027075452196385,0.9524592306421947,-0.6663968757874562,-6.83904318989839,0.5067590687178671,0.9993303802855232,Not significant
GENE2919,1,Plasma cells,4q,protein_coding,45,43,8.238716666666667,8.168467906976744,-0.07024875968992106,0.9524737516184958,-0.5891967952786831,-6.887460578500695,0.5571160887340075,0.9993303802855232,Not significant
PCFAV046,1,Plasma cells,11q,protein_coding,45,43,6.389587555555556,6.319396976744186,-0.0701905788113697,0.9525121636706008,-0.34799553204603073,-7.000564563930183,0.7286070023076379,0.9993303802855232,Not significant
GENE2388,2,Microenvironment,21q,protein_coding,45,43,10.091433111111112,10.021313023255814,-0.07012008785529567,0.9525587051305413,-0.6590177709205571,-6.8439262469499305,0.5114652401607206,0.9993303802855232,Not significant
GENE2362,0,Other,19q,protein_coding,45,43,9.506677111111111,9.576718372093023,0.07004126098191321,1.0497467058794974,0.6147511343097228,-6.872087626375956,0.5401764400883453,0.9993303802855232,Not significant
GENE1031,1,Plasma cells,20q,protein_coding,45,43,8.255802,8.185760930232558,-0.07004106976744495,0.9526108793091755,-0.6001877926387498,-6.880928001026688,0.5497981678564487,0.9993303802855232,Not significant
GENE3495,1,Plasma cells,4q,protein_coding,45,43,6.023956888888889,5.9539281395348835,-0.07002874935400971,0.9526190145072997,-0.6801226415224532,-6.829817021808294,0.4980670537772556,0.9993303802855232,Not significant
GENE3983,2,Microenvironment,20q,protein_coding,45,43,8.850575333333333,8.920534883720931,0.06995955038759938,1.0496872525676193,0.7063492304452658,-6.811670207248831,0.4816852841989099,0.9993303802855232,Not significant
MEOTH162,2,Microenvironment,20q,protein_coding,45,43,11.733317333333334,11.663413720930233,-0.06990361240310072,0.9527016466683373,-0.2956283075067618,-7.01745158537057,0.7681537472827401,0.9993303802855232,Not significant
GENE1653,0,Other,18q,protein_coding,45,43,7.1735384444444446,7.103676976744186,-0.06986146770025936,0.9527294778545015,-0.7707917189073169,-6.764197602243721,0.44272716099544085,0.9993303802855232,Not significant
GENE2739,2,Microenvironment,4q,protein_coding,45,43,8.255656888888888,8.185813720930232,-0.0698431679586573,0.9527415627465557,-0.6355684792447216,-6.859085866344339,0.5265729770717638,0.9993303802855232,Not significant
GENE1703,0,Other,20q,protein_coding,45,43,7.727128444444444,7.79695,0.06982155555555636,1.0495868540186124,0.6066028452622265,-6.877059791653373,0.5455493073404735,0.9993303802855232,Not significant
GENE3872,0,Other,15q,protein_coding,45,43,8.587072444444445,8.517329302325582,-0.06974314211886146,0.9528076211136774,-0.6266419605076418,-6.864713633092445,0.5323843406294875,0.9993303802855232,Not significant
GENE3514,0,Other,19q,protein_coding,45,43,8.861497777777778,8.931075813953488,0.06957803617570768,1.0494097041967647,0.5994163224561647,-6.88139044020575,0.550310246781456,0.9993303802855232,Not significant
PCADV035,1,Plasma cells,1p,protein_coding,45,43,5.185164222222222,5.254703720930233,0.06953949870801246,1.049381672595288,0.34482402043888416,-7.001665281671811,0.7309825284264011,0.9993303802855232,Not significant
GENE1994,1,Plasma cells,3q,protein_coding,45,43,8.286787555555556,8.356286279069767,0.06949872351421682,1.0493520141191826,0.5529545275269881,-6.90815189306664,0.5815825353030288,0.9993303802855232,Not significant
GENE2366,0,Other,3q,protein_coding,45,43,6.848557333333333,6.779110465116279,-0.06944686821705481,0.9530033111323629,-0.6212517106463566,-6.8680737128807925,0.5359094170589538,0.9993303802855232,Not significant
GENE3831,0,Other,4q,protein_coding,45,43,7.937932888888889,8.007377441860465,0.06944455297157326,1.0493126136227242,0.7054868173348063,-6.812277736666312,0.48221919309587413,0.9993303802855232,Not significant
GENE3880,2,Microenvironment,7q,protein_coding,45,43,7.800360444444444,7.869768837209302,0.06940839276485988,1.0492863136186128,0.5696530988044557,-6.898780419122414,0.5702463447474044,0.9993303802855232,Not significant
PCOTH141,1,Plasma cells,18q,protein_coding,45,43,7.012252,7.081647674418605,0.06939567441861172,1.0492770634808855,0.648163950898072,-6.851010750245937,0.5184293743181378,0.9993303802855232,Not significant
GENE3913,2,Microenvironment,2p,protein_coding,45,43,7.255958888888889,7.186579069767442,-0.06937981912144586,0.9530476028871429,-0.529866664295072,-6.92065277469867,0.5974302324038712,0.9993303802855232,Not significant
GENE1678,1,Plasma cells,19q,protein_coding,45,43,7.344924444444445,7.414213488372093,0.06928904392764945,1.0491995136241086,0.6462138776467636,-6.8522712442956015,0.5196858547919512,0.9993303802855232,Not significant
GENE3658,0,Other,19q,protein_coding,45,43,10.462287777777778,10.531558372093023,0.0692705943152454,1.0491860962350976,0.5660571953098756,-6.900821888292799,0.572678444583542,0.9993303802855232,Not significant
GENE1474,2,Microenvironment,19q,protein_coding,45,43,9.042458222222223,8.973269534883721,-0.06918868733850303,0.9531738733388239,-0.6935739459360225,-6.820594634145199,0.48962763141035803,0.9993303802855232,Not significant
GENE3950,0,Other,3q,protein_coding,45,43,9.462552666666667,9.393461395348837,-0.06909127131782711,0.9532382372813935,-0.5604631808530667,-6.903972199825509,0.5764718854738013,0.9993303802855232,Not significant
GENE1054,1,Plasma cells,19q,protein_coding,45,43,11.051125777777777,10.982038372093024,-0.0690874056847548,0.9532407914415507,-0.6001954076120488,-6.880923433472613,0.5497931144530482,0.9993303802855232,Not significant
GENE2126,2,Microenvironment,3q,protein_coding,45,43,8.681174888888888,8.612118837209302,-0.06905605167958484,0.9532615083918656,-0.5887345698549421,-6.887732679381503,0.5574248961201904,0.9993303802855232,Not significant
GENE2040,1,Plasma cells,21q,protein_coding,45,43,8.777536222222222,8.846551860465116,0.0690156382428917,1.0490006982654516,0.6462441290277389,-6.852251719068034,0.5196663508993984,0.9993303802855232,Not significant
GENE1397,0,Other,9p,protein_coding,45,43,8.205598888888888,8.13671930232558,-0.06887958656330717,0.9533781149417171,-0.5622089735048867,-6.902992379692741,0.5752867282685872,0.9993303802855232,Not significant
PCADV076,1,Plasma cells,8q,protein_coding,45,43,5.819383333333334,5.750526511627907,-0.06885682170542395,0.9533931587922299,-0.4257864005017793,-6.97042100599624,0.6712185217432562,0.9993303802855232,Not significant
GENE2623,2,Microenvironment,12p,protein_coding,45,43,10.281257777777778,10.21241953488372,-0.06883824289405638,0.9534054365260592,-0.6079768266360596,-6.876225989008194,0.5446414388519847,0.9993303802855232,Not significant
GENE1387,2,Microenvironment,12p,protein_coding,45,43,9.101226666666667,9.170063023255814,0.06883635658914322,1.0488703485451436,0.5566786687714391,-6.906085849682801,0.5790450662694808,0.9993303802855232,Not significant
MEOTH140,2,Microenvironment,2p,protein_coding,45,43,8.7664928888888891,8.83530534883721,0.06881245994832064,1.0488529753167781,0.4144562528018882,-6.9751872042329435,0.6794665304563029,0.9993303802855232,Not significant
GENE3434,2,Microenvironment,3q,protein_coding,45,43,8.224045555555556,8.155235581395349,-0.06880997416020307,0.953424118110058,-0.616018429585749,-6.871308395839714,0.5393432257967654,0.9993303802855232,Not significant
GENE3274,1,Plasma cells,19q,protein_coding,45,43,7.644954222222222,7.57624976744186,-0.06870445478036213,0.9534938545394797,-0.5928948829840123,-6.885275971521231,0.5546484915010591,0.9993303802855232,Not significant
GENE1605,1,Plasma cells,18q,protein_coding,45,43,7.590355777777778,7.521693255813953,-0.06866252196382394,0.9535215688261485,-0.6426880870425158,-6.854540697743301,0.5219616533654383,0.9993303802855232,Not significant
GENE3029,1,Plasma cells,9p,protein_coding,45,43,8.012417333333334,8.081049302325582,0.06863196899224455,1.0487217648880054,0.6038355950386386,-6.878733419783181,0.5473801002697103,0.9993303802855232,Not significant
GENE1390,0,Other,19q,protein_coding,45,43,7.9742648888888885,8.042803488372092,0.06853859948320551,1.0486538950575766,0.5307919651701914,-6.920161964673168,0.5967912775161619,0.9993303802855232,Not significant
GENE1551,1,Plasma cells,4q,protein_coding,45,43,8.882011111111112,8.950546976744185,0.06853586563307346,1.0486519079017385,0.6542065036264905,-6.847081043262304,0.5145461592573828,0.9993303802855232,Not significant
GENE3306,0,Other,10q,protein_coding,45,43,7.3463255555555556,7.414845581395348,0.06852002583979822,1.0486403944926097,0.6417529484618477,-6.855140555231032,0.5225661312020808,0.9993303802855232,Not significant
GENE1830,0,Other,10q,protein_coding,45,43,9.720456888888888,9.788932558139535,0.06847566925065252,1.0486081538632486,0.6249139501227963,-6.865793945434821,0.5335131125729222,0.9993303802855232,Not significant
GENE3312,2,Microenvironment,21q,protein_coding,45,43,8.996347333333333,8.927936976744187,-0.06841035658914763,0.9536882472519428,-0.5759999004287292,-6.895145879392466,0.5659659094204983,0.9993303802855232,Not significant
GEP1Q83,1,Plasma cells,1q,protein_coding,45,43,7.094084666666666,7.162409302325582,0.06832463565891267,1.0484983823858522,0.2667937717906335,-7.025578965205464,0.7902013711017319,0.9993303802855232,Not significant
GENE1926,2,Microenvironment,10q,protein_coding,45,43,8.707441555555556,8.63919976744186,-0.06824178811369208,0.9537996853325027,-0.6200066879918884,-6.868845720121101,0.5367253219160723,0.9993303802855232,Not significant
GENE1425,1,Plasma cells,18q,protein_coding,45,43,8.156662444444445,8.088456046511627,-0.06820639793281558,0.9538230829019456,-0.6162009338068585,-6.871196047079618,0.5392232878182341,0.9993303802855232,Not significant
GENE1228,1,Plasma cells,7q,protein_coding,45,43,7.852868666666667,7.92102511627907,0.06815644961240253,1.048376157997267,0.6045333028221755,-6.878312163263733,0.5469182108785307,0.9993303802855232,Not significant
GENE3226,1,Plasma cells,19q,protein_coding,45,43,9.351277555555555,9.28320511627907,-0.06807243927648265,0.9539116524105236,-0.5829804906881897,-6.891102218890016,0.5612761984798654,0.9993303802855232,Not significant
PCOTH065,1,Plasma cells,9p,protein_coding,45,43,7.372725333333333,7.440737674418605,0.06801234108527243,1.0482714425900546,0.5597171663334277,-6.904389974719184,0.5769786849655814,0.9993303802855232,Not significant
GENE1779,1,Plasma cells,4q,protein_coding,45,43,6.408590444444444,6.34059976744186,-0.0679906770025811,0.9539657152538281,-0.5726275874069355,-6.897082037210599,0.568238327251871,0.9993303802855232,Not significant
GENE2994,0,Other,10q,protein_coding,45,43,7.970813111111111,7.902878837209302,-0.06793427390180629,0.9540030118928713,-0.6360874673385908,-6.85875623985499,0.526236119117706,0.9993303802855232,Not significant
GENE2112,1,Plasma cells,21q,protein_coding,45,43,8.611103555555555,8.543216046511628,-0.06788750904392415,0.954033936334344,-0.667469431315854,-6.838328951883779,0.5060769543584653,0.9993303802855232,Not significant
GENE2855,0,Other,20q,protein_coding,45,43,8.43733288888889,8.505147674418605,0.06781478552971265,1.0481279072877712,0.6869360083075612,-6.825168039566713,0.4937825115331693,0.9993303802855232,Not significant
PCOTH234,1,Plasma cells,10q,protein_coding,45,43,6.472933777777778,6.405136046511628,-0.06779773126614863,0.9540933069631691,-0.5578891175837847,-6.905411361580405,0.5782214572731461,0.9993303802855232,Not significant
GENE2187,0,Other,4q,protein_coding,45,43,7.945836888888889,7.878060465116279,-0.06777642377260573,0.9541073982898364,-0.64385788593393245,-6.8537890950960705,0.5212060045117819,0.9993303802855232,Not significant
PCOTH151,1,Plasma cells,12p,protein_coding,45,43,6.913370666666666,6.845682558139535,-0.06768810852712992,0.9541658062040735,-0.5937043939428766,-6.884795951189044,0.5541090598662806,0.9993303802855232,Not significant
GENE2732,0,Other,15q,protein_coding,45,43,9.054520222222223,8.98686488372093,-0.06765533850129124,0.9541874798026916,-0.574630145220335,-6.895933663314863,0.5668883782176077,0.9993303802855232,Not significant
GENE1535,2,Microenvironment,20q,protein_coding,45,43,9.45594,9.388313023255813,-0.0676269767441866,0.9542062382365794,-0.5996822844011611,-6.881231082412276,0.5501336822248182,0.9993303802855232,Not significant
PCOTH201,1,Plasma cells,18q,protein_coding,45,43,7.5025055555555555,7.434917674418605,-0.06758788113695235,0.9542320966312683,-0.6052244544181494,-6.8778943892328,0.5464608550554916,0.9993303802855232,Not significant
GENE3172,0,Other,7q,protein_coding,45,43,8.716424444444444,8.64887511627907,-0.0675493281653754,0.9542575968051845,-0.5276438515424743,-6.9218283487246595,0.5989664571574731,0.9993303802855232,Not significant
GENE3923,0,Other,20q,protein_coding,45,43,10.395391111111111,10.462764651162791,0.06737354005168328,1.0478073884192467,0.5526634216803292,-6.908312809351469,0.5817811045821559,0.9993303802855232,Not significant
GENE1323,0,Other,4q,protein_coding,45,43,6.560628888888889,6.627864186046511,0.06723529715762577,1.0477069895256086,0.5912176888160302,-6.886268438028056,0.5557669482436711,0.9993303802855232,Not significant
GENE3009,0,Other,18q,protein_coding,45,43,7.976019111111111,7.908809534883721,-0.06720957622739121,0.9544823491174744,-0.5890344940369078,-6.887556145450125,0.5572245106484733,0.9993303802855232,Not significant
PCADV038,1,Plasma cells,17p,protein_coding,45,43,7.077779777777778,7.010585581395349,-0.06719419638243007,0.9544925244271406,-0.41242572843861214,-6.976027842314017,0.6809488546223827,0.9993303802855232,Not significant
GENE1945,2,Microenvironment,2p,protein_coding,45,43,9.445505555555556,9.37832976744186,-0.06717578811369407,0.9545047034854277,-0.5716943672043181,-6.897615835618696,0.568867955566079,0.9993303802855232,Not significant
GENE3103,2,Microenvironment,12p,protein_coding,45,43,8.057764444444445,7.990591162790698,-0.06717328165374425,0.9545063617914603,-0.6430686052429689,-6.854296361257929,0.5217157892436863,0.9993303802855232,Not significant
GENE2237,2,Microenvironment,9p,protein_coding,45,43,9.084432222222222,9.017295813953488,-0.06713640826873579,0.9545307580286122,-0.5711432010144024,-6.89793069443051,0.5692399772800817,0.9993303802855232,Not significant
PCOTH110,1,Plasma cells,3q,protein_coding,45,43,7.414401555555555,7.481164186046511,0.06676263049095876,1.047363788057541,0.6282795418554549,-6.863687124501975,0.5313157732762097,0.9993303802855232,Not significant
GENE2792,0,Other,15q,protein_coding,45,43,8.006208666666666,7.93952,-0.06668866666666506,0.9548270434145922,-0.5886607712612432,-6.88777610319568,0.5574742079300006,0.9993303802855232,Not significant
MEOTH235,2,Microenvironment,21q,protein_coding,45,43,10.830202222222223,10.763633720930233,-0.06656850129199299,0.9549065764584161,-0.3139249059149587,-7.011863091420873,0.7542606074210048,0.9993303802855232,Not significant
GENE3266,2,Microenvironment,3q,protein_coding,45,43,9.342248444444444,9.408771627906976,0.06652318346253239,1.0471899693856344,0.6090770857231933,-6.8755569455087056,0.5439149845264066,0.9993303802855232,Not significant
GENE2245,0,Other,2p,protein_coding,45,43,7.079779555555556,7.013259302325581,-0.06652025322997268,0.954938511940848,-0.5412360935313134,-6.914563029269179,0.5896012274548124,0.9993303802855232,Not significant
GENE2632,1,Plasma cells,7q,protein_coding,45,43,6.983012666666666,6.916500930232558,-0.06651173643410857,0.9549441493348535,-0.5581349826043852,-6.905274182463617,0.5780542351225137,0.9993303802855232,Not significant
GENE3660,0,Other,21q,protein_coding,45,43,7.179125111111111,7.245587209302325,0.06646209819121296,1.047145631166278,0.6557254846274382,-6.846087506675448,0.5135724148653658,0.9993303802855232,Not significant
GENE1687,2,Microenvironment,12p,protein_coding,45,43,8.209399777777778,8.143062093023255,-0.06633768475452051,0.9550593640232297,-0.6188598218778054,-6.869555503619128,0.5374774626132949,0.9993303802855232,Not significant
GENE3238,0,Other,19q,protein_coding,45,43,8.562984222222223,8.496648139534884,-0.06633608268733582,0.9550604245870167,-0.614574273499617,-6.872196247403858,0.5402927735461227,0.9993303802855232,Not significant
GENE1081,0,Other,2p,protein_coding,45,43,7.431090666666667,7.4973869767441865,0.06629631007752046,1.0470253047497473,0.5239801825475643,-6.923755222477636,0.601502444333784,0.9993303802855232,Not significant
GENE2812,0,Other,7q,protein_coding,45,43,9.159088222222222,9.092795813953488,-0.0662924082687315,0.9550893373779844,-0.6469574137900265,-6.8517910792957535,0.5192065878841361,0.9993303802855232,Not significant
GENE3205,1,Plasma cells,2p,protein_coding,45,43,8.811544,8.74531046511628,-0.06623353488372352,0.9551283133833075,-0.6333336113145834,-6.860502256852508,0.5280248325532533,0.9993303802855232,Not significant
GENE2681,0,Other,9p,protein_coding,45,43,6.883034222222222,6.817008139534884,-0.0660260826873369,0.9552656658434738,-0.5815494313042634,-6.891935132856255,0.562236057214754,0.9993303802855232,Not significant
GENE1956,2,Microenvironment,21q,protein_coding,45,43,9.986721555555556,10.05265558139535,0.06593402583979291,1.046762412640995,0.6335130957358542,-6.860388687856262,0.5279081561492511,0.9993303802855232,Not significant
GENE2023,2,Microenvironment,12p,protein_coding,45,43,11.341952888888889,11.407875581395349,0.06592269250646332,1.046754189655259,0.6020793958912051,-6.879791626999593,0.5485435882365576,0.9993303802855232,Not significant
GENE3554,1,Plasma cells,3q,protein_coding,45,43,9.518457111111111,9.452571162790697,-0.06588594832040862,0.9553584588781613,-0.5529509096777337,-6.908153893443051,0.5815850029148105,0.9993303802855232,Not significant
GENE2138,2,Microenvironment,3q,protein_coding,45,43,7.730894666666667,7.796773488372093,0.0658788217054278,1.0467223594726671,0.6162537982089442,-6.871163497829875,0.5391885489679593,0.9993303802855232,Not significant
GENE2784,1,Plasma cells,21q,protein_coding,45,43,5.301631777777778,5.235798604651163,-0.06583317312661574,0.9553934074629858,-0.6084445929984638,-6.875941697182368,0.5443325327749108,0.9993303802855232,Not significant
GENE1681,1,Plasma cells,2p,protein_coding,45,43,8.106783111111111,8.04099976744186,-0.06578334366924565,0.9554264065070506,-0.6354071253048542,-6.859188293199665,0.5266777293504263,0.9993303802855232,Not significant
GENE3752,1,Plasma cells,15q,protein_coding,45,43,7.122537777777778,7.0568732558139535,-0.06566452196382322,0.9555050995551072,-0.5643162112195078,-6.9018056677279,0.5738577586187066,0.9993303802855232,Not significant
GENE2075,1,Plasma cells,20q,protein_coding,45,43,6.132878666666667,6.067214186046511,-0.0656644806201534,0.9555051269372543,-0.5903208012449297,-6.88679801894989,0.5563655068586603,0.9993303802855232,Not significant
GENE2798,2,Microenvironment,3q,protein_coding,45,43,10.170422,10.10477023255814,-0.06565176744186019,0.9555135469846082,-0.6158224621028581,-6.871428995763236,0.5394720266614959,0.9993303802855232,Not significant
GENE2851,1,Plasma cells,12p,protein_coding,45,43,7.876035333333333,7.810383953488372,-0.06565137984495806,0.9555138036945365,-0.5451715124596576,-6.912425187017784,0.5869025278699045,0.9993303802855232,Not significant
GENE3108,1,Plasma cells,21q,protein_coding,45,43,8.476052222222222,8.54158046511628,0.0655282428940609,1.0464680339999584,0.537928140097026,-6.916348105121219,0.5918741300560131,0.9993303802855232,Not significant
GENE1648,2,Microenvironment,7q,protein_coding,45,43,6.608204,6.5427372093023255,-0.06546679069767514,0.95563606706777,-0.6110396213707608,-6.874360590666715,0.5426204220987184,0.9993303802855232,Not significant
GENE1835,0,Other,20q,protein_coding,45,43,9.528702,9.463271395348837,-0.0654306046511639,0.9556600368769641,-0.5889250644385771,-6.887620565527585,0.5572976186693864,0.9993303802855232,Not significant
PCADV008,1,Plasma cells,8q,protein_coding,45,43,8.204763333333334,8.27018,0.06541666666666224,1.0463871046025033,0.35626904031422935,-6.997645814736099,0.7224224778953527,0.9993303802855232,Not significant
GENE3435,1,Plasma cells,4q,protein_coding,45,43,7.536577555555556,7.601975348837209,0.0653977932816554,1.0463734158207758,0.6138883650746766,-6.872617212357411,0.5407440628284965,0.9993303802855232,Not significant
GENE3836,1,Plasma cells,15q,protein_coding,45,43,7.989210666666667,8.054565581395348,0.06535491472867871,1.0463423168636645,0.5956928466633684,-6.883614087328951,0.55278512815281,0.9993303802855232,Not significant
PCOTH186,1,Plasma cells,10q,protein_coding,45,43,8.311939777777777,8.246632790697674,-0.06530698708010618,0.9557419262787985,-0.6120742267469003,-6.873728361722497,0.5419385858457522,0.9993303802855232,Not significant
GENE3003,2,Microenvironment,4q,protein_coding,45,43,8.913484222222221,8.978713953488372,0.06522973126615028,1.0462515290894943,0.6416356638374948,-6.855215727952397,0.5226419702898992,0.9993303802855232,Not significant
GENE2967,1,Plasma cells,4q,protein_coding,45,43,6.995356444444444,7.060577209302326,0.06522076485788375,1.0462450266139596,0.5491017193758433,-6.910274815193708,0.5842132168602163,0.9993303802855232,Not significant
GENE2725,1,Plasma cells,2p,protein_coding,45,43,9.676956666666667,9.61184465116279,-0.06511201550387469,0.9558710977922913,-0.6716111611751703,-6.835560203411869,0.5034475459669194,0.9993303802855232,Not significant
GENE3782,1,Plasma cells,3q,protein_coding,45,43,7.092936,7.027839302325582,-0.06509669767441917,0.9558812468173956,-0.6466844229587061,-6.851967436453846,0.5193825247886397,0.9993303802855232,Not significant
GENE2975,1,Plasma cells,20q,protein_coding,45,43,8.115848222222223,8.050760465116278,-0.0650877571059425,0.9558871705559414,-0.5377334610940329,-6.916452821140678,0.5920080216927499,0.9993303802855232,Not significant
GENE1766,1,Plasma cells,3q,protein_coding,45,43,7.585489333333333,7.520651860465116,-0.0648374728682155,0.9560530158930993,-0.5146221208249839,-6.928616412664888,0.6080023122037761,0.9993303802855232,Not significant
GENE2985,2,Microenvironment,18q,protein_coding,45,43,8.51091,8.57568534883721,0.0647753488372107,1.0459220599770478,0.5505622995395435,-6.909471761951288,0.5832152768000465,0.9993303802855232,Not significant
GENE3777,2,Microenvironment,18q,protein_coding,45,43,8.586256222222222,8.650942093023255,0.06468587080103205,1.0458571923874824,0.5889870208889916,-6.887584093862578,0.5572562260544427,0.9993303802855232,Not significant
GENE3100,2,Microenvironment,7q,protein_coding,45,43,8.070213333333333,8.134887209302326,0.06467387596899421,1.0458484969744861,0.5615868959181486,-6.903341865757205,0.5757089007000677,0.9993303802855232,Not significant
GENE3411,0,Other,4q,protein_coding,45,43,8.917173111111111,8.852507906976744,-0.0646652041343696,0.9561671826929834,-0.5996344357687644,-6.881259757300384,0.5501654454775398,0.9993303802855232,Not significant
GENE2672,0,Other,15q,protein_coding,45,43,8.827915555555556,8.892566279069767,0.06465072351421242,1.045831713271031,0.5931350183902371,-6.885133644881789,0.5544884459094837,0.9993303802855232,Not significant
GENE1665,1,Plasma cells,18q,protein_coding,45,43,8.074724666666667,8.010172558139535,-0.06455210852713122,0.9562421413944259,-0.6120151264922561,-6.87376450541509,0.5419775230066932,0.9993303802855232,Not significant
GENE2649,2,Microenvironment,18q,protein_coding,45,43,7.786922666666666,7.851426744186046,0.06450407751937792,1.0457254127478641,0.63106067527392,-6.861937699192068,0.5295035409231555,0.9993303802855232,Not significant
GENE2019,1,Plasma cells,4q,protein_coding,45,43,8.017699111111112,7.953257906976744,-0.06444120413436583,0.9563156534862935,-0.5484215774591971,-6.910648046074185,0.5846781985136349,0.9993303802855232,Not significant
PCFAV012,1,Plasma cells,16q,protein_coding,45,43,7.6685155555555555,7.604161627906977,-0.064353927648575393,0.9563735079820949,-0.27231425477610754,-7.02408734482167,0.7859664343970225,0.9993303802855232,Not significant
GENE1714,2,Microenvironment,19q,protein_coding,45,43,7.536801333333333,7.4725172093023255,-0.0642841240310057,0.9564197824501997,-0.5390393011321505,-6.915749700796696,0.5911101929630074,0.9993303802855232,Not significant
GENE1217,1,Plasma cells,9p,protein_coding,45,43,7.2154446666666665,7.2796853488372095,0.0642406821705439,1.0455345102633533,0.633216223613085,-6.8605765168103,0.528101149319312,0.9993303802855232,Not significant
PCOTH199,1,Plasma cells,12p,protein_coding,45,43,7.325431555555555,7.389574186046512,0.0641426304909567,1.045463453714155,0.5584109145630949,-6.90512015614275,0.5778665908261587,0.9993303802855232,Not significant
GENE3996,2,Microenvironment,21q,protein_coding,45,43,8.357365777777778,8.421498837209302,0.06413305943152281,1.0454565179727981,0.5956848005328566,-6.883618877559522,0.5527904821699713,0.9993303802855232,Not significant
GENE3134,1,Plasma cells,3q,protein_coding,45,43,8.635322222222221,8.699448139534883,0.06412591731266204,1.0454513424117673,0.5200117838987794,-6.92582730563527,0.604254903589903,0.9993303802855232,Not significant
GENE3695,0,Other,20q,protein_coding,45,43,8.774685111111111,8.838801860465116,0.06411674935400136,1.0454446988565023,0.6004192920922378,-6.880789119121896,0.5496445519537785,0.9993303802855232,Not significant
PCOTH105,1,Plasma cells,18q,protein_coding,45,43,6.096276666666666,6.1603676744186044,0.06409100775193455,1.0454260454470337,0.5964607682858064,-6.883156612807748,0.5522742603923505,0.9993303802855232,Not significant
GENE2417,1,Plasma cells,9p,protein_coding,45,43,8.417732222222222,8.353724651162791,-0.06400757105942745,0.956603137960797,-0.5442541499436986,-6.912924902752073,0.5875310862875331,0.9993303802855232,Not significant
GENE2137,1,Plasma cells,2p,protein_coding,45,43,8.04779711111111,8.111799069767441,0.06400195865633229,1.0453615194257984,0.5291411843834801,-6.921036997713797,0.5979314242495146,0.9993303802855232,Not significant
GENE1404,0,Other,21q,protein_coding,45,43,8.47015888888889,8.534073023255814,0.06391413436692339,1.045297884814424,0.6180977405202815,-6.870026426916603,0.537977550033612,0.9993303802855232,Not significant
GENE2981,2,Microenvironment,9p,protein_coding,45,43,9.018335333333333,8.954438837209302,-0.06389649612403048,0.956676790894496,-0.6004445837388925,-6.880773942854228,0.5496277704987518,0.9993303802855232,Not significant
GENE3121,1,Plasma cells,2p,protein_coding,45,43,6.340680666666667,6.276804186046512,-0.06387648062015572,0.9566900636238687,-0.5515727432755972,-6.908914961364703,0.5825253647849729,0.9993303802855232,Not significant
GENE1984,2,Microenvironment,7q,protein_coding,45,43,9.360063555555556,9.423915581395349,0.06385202583979321,1.045252885342767,0.5728049209946565,-6.896980505307779,0.5681187214856673,0.9993303802855232,Not significant
GENE2153,2,Microenvironment,9p,protein_coding,45,43,10.394611555555556,10.458448837209302,0.06383728165374691,1.0452422030268103,0.6447940169897776,-6.853186649415387,0.5206017091212105,0.9993303802855232,Not significant
GENE3635,1,Plasma cells,20q,protein_coding,45,43,9.27498688888889,9.338749069767442,0.0637621808785589,1.0451877934292428,0.5944340525323376,-6.884362724291087,0.5536230628321315,0.9993303802855232,Not significant
GENE2234,2,Microenvironment,3q,protein_coding,45,43,8.388351111111112,8.452098837209302,0.06374772609819246,1.0451773214418287,0.5809974836924112,-6.892255837637114,0.5626064817810302,0.9993303802855232,Not significant
GENE2652,2,Microenvironment,21q,protein_coding,45,43,8.925912666666667,8.98965976744186,0.06374710077519197,1.0451768684193545,0.6159209042776115,-6.871368418436228,0.5394073229651599,0.9993303802855232,Not significant
MEOTH130,2,Microenvironment,4q,protein_coding,45,43,7.438284444444444,7.3745832558139535,-0.06370118863049168,0.9568063115407528,-0.4631211681701592,-6.953809670147989,0.6443278420513743,0.9993303802855232,Not significant
GENE1881,2,Microenvironment,18q,protein_coding,45,43,10.898734444444445,10.835038372093024,-0.06369607235141395,0.9568097047019231,-0.6301312570651237,-6.862523186616961,0.5301088098035834,0.9993303802855232,Not significant
MEOTH026,2,Microenvironment,12p,protein_coding,45,43,10.67610288888889,10.73977,0.06366711111111023,1.0451189206018277,0.36302705689772746,-6.995210955715745,0.7173844101453255,0.9993303802855232,Not significant
GENE2395,1,Plasma cells,12p,protein_coding,45,43,8.293676666666666,8.230028139534884,-0.06364852713177882,0.9568412376842145,-0.5832138135930901,-6.890966226152191,0.5611197774910045,0.9993303802855232,Not significant
GENE2717,2,Microenvironment,9p,protein_coding,45,43,9.058042666666667,8.994475813953489,-0.06356685271317453,0.9568954082897305,-0.6170148023753154,-6.870694631433475,0.5386885955973149,0.9993303802855232,Not significant
GENE3091,1,Plasma cells,12p,protein_coding,45,43,7.757907333333334,7.694343255813954,-0.06356407751938065,0.9568972489924968,-0.5365950476393486,-6.91706440881886,0.5927912548881995,0.9993303802855232,Not significant
GENE1862,2,Microenvironment,3q,protein_coding,45,43,7.82716,7.89072023255814,0.0635602325581397,1.04504149837654,0.5722491461512857,-6.897298608395465,0.568493614531241,0.9993303802855232,Not significant
GENE1267,2,Microenvironment,12p,protein_coding,45,43,8.516434888888888,8.452876279069768,-0.06355860981912187,0.9569008755643655,-0.5613537693283214,-6.9034727383432735,0.5758671501398066,0.9993303802855232,Not significant
GENE2349,0,Other,18q,protein_coding,45,43,7.421774444444445,7.358222558139535,-0.06355188630490893,0.9569053351011676,-0.6120711049329458,-6.873730271003671,0.5419406425623812,0.9993303802855232,Not significant
GENE2441,0,Other,9p,protein_coding,45,43,6.498478,6.562021162790698,0.0635431627906966,1.045029133663757,0.5942269705940896,-6.884485730630909,0.5537609704527483,0.9993303802855232,Not significant
GENE3982,1,Plasma cells,19q,protein_coding,45,43,9.112244666666667,9.048713488372092,-0.06353117829456956,0.9569190703308772,-0.5482039455795117,-6.910767375454511,0.5848270202987453,0.9993303802855232,Not significant
GENE2778,2,Microenvironment,10q,protein_coding,45,43,12.408672666666666,12.34514930232558,-0.06352336434108885,0.9569242532289519,-0.6370484283550203,-6.858145197471481,0.5256126865915987,0.9993303802855232,Not significant
PCOTH187,1,Plasma cells,12p,protein_coding,45,43,8.776599333333333,8.840113720930233,0.06351438759690176,1.0450082903010898,0.5469746195729689,-6.911440541395192,0.5856679979771284,0.9993303802855232,Not significant
PCOTH011,1,Plasma cells,20q,protein_coding,45,43,8.016329777777777,7.952836046511628,-0.06349373126615365,0.956943908733771,-0.5828284943263307,-6.8911907812211535,0.5613781092211851,0.9993303802855232,Not significant
GENE2699,2,Microenvironment,20q,protein_coding,45,43,10.187315555555555,10.123933488372092,-0.06338206718345774,0.9570179787181798,-0.5140102502084682,-6.928931224296921,0.6084284075263571,0.9993303802855232,Not significant
GENE2858,1,Plasma cells,3q,protein_coding,45,43,7.772632888888889,7.836008604651163,0.06337571576227141,1.0449078489407138,0.5308767346895531,-6.920116957564078,0.5967327567894403,0.9993303802855232,Not significant
GENE3902,1,Plasma cells,3q,protein_coding,45,43,9.477606,9.414245581395349,-0.06336041860464903,0.9570323395040641,-0.5429750691337044,-6.913620261576723,0.5884080145560833,0.9993303802855232,Not significant
GENE3612,0,Other,21q,protein_coding,45,43,8.710658222222222,8.77397465116279,0.06331642894056877,1.0448649098643943,0.5730100805024656,-6.896863002789154,0.567980363300563,0.9993303802855232,Not significant
GENE2917,0,Other,2p,protein_coding,45,43,10.129781111111111,10.06647488372093,-0.06330622739017855,0.9570682886945405,-0.5858689251640968,-6.8894148833689455,0.5593412865641456,0.9993303802855232,Not significant
GENE2532,1,Plasma cells,21q,protein_coding,45,43,9.581437333333334,9.518154186046512,-0.06328314728682294,0.9570835999079897,-0.5298235477947931,-6.920675624350461,0.5974600136621417,0.9993303802855232,Not significant
GENE2397,2,Microenvironment,18q,protein_coding,45,43,9.51841311111111,9.581642558139535,0.06322944702842648,1.0448019155339894,0.5766143302279373,-6.8947918987663694,0.5655523564033564,0.9993303802855232,Not significant
GENE3381,1,Plasma cells,18q,protein_coding,45,43,8.285098,8.221918604651163,-0.06317939534883799,0.957152431397769,-0.5532267590982094,-6.908001333842618,0.5813968696832545,0.9993303802855232,Not significant
GENE1317,0,Other,18q,protein_coding,45,43,8.236544444444444,8.173403255813954,-0.06314118863048712,0.9571777798855421,-0.5946480155625938,-6.884235585908074,0.5534805906519527,0.9993303802855232,Not significant
GENE2158,0,Other,19q,protein_coding,45,43,10.027924666666667,9.964806046511628,-0.0631186201550431,0.9571927533980121,-0.5317537242055259,-6.919650913780504,0.5961274819217124,0.9993303802855232,Not significant
GENE3821,0,Other,9p,protein_coding,45,43,8.273298888888888,8.336317441860466,0.06301855297157388,1.0446491969037788,0.546510686535515,-6.9116941959122276,0.5859855211082023,0.9993303802855232,Not significant
GENE2102,2,Microenvironment,3q,protein_coding,45,43,9.525582222222223,9.462566279069767,-0.06301594315245573,0.9572608794936053,-0.56843049408126,-6.899475957889295,0.5710726957599173,0.9993303802855232,Not significant
GENE1193,0,Other,9p,protein_coding,45,43,8.806636888888889,8.743711162790698,-0.06292572609819302,0.9573207424269085,-0.5353932063043901,-6.9177086737408935,0.5936186499030146,0.9993303802855232,Not significant
GENE3406,1,Plasma cells,19q,protein_coding,45,43,7.527274222222222,7.590194418604651,0.06292019638243129,1.0445779797535368,0.6274865846337222,-6.864184517032163,0.5318330619319811,0.9993303802855232,Not significant
GENE3585,0,Other,18q,protein_coding,45,43,9.526624444444444,9.589517209302326,0.06289276485787987,1.0445581182490131,0.5479823248691114,-6.9108888435772915,0.5849785881203089,0.9993303802855232,Not significant
GENE2507,1,Plasma cells,20q,protein_coding,45,43,5.747668,5.810526976744186,0.06285897674418539,1.0445336548425608,0.5698157672437413,-6.89868776531189,0.5701364418020981,0.9993303802855232,Not significant
GENE2900,0,Other,15q,protein_coding,45,43,7.093352222222222,7.156208604651163,0.06285638242894542,1.044531776519654,0.5721705596554137,-6.897343563385946,0.5685466340549772,0.9993303802855232,Not significant
GENE1849,1,Plasma cells,2p,protein_coding,45,43,8.682170888888889,8.744937441860465,0.06276655297157241,1.0444667407366648,0.6179153820637074,-6.8701390288076,0.5380972511252851,0.9993303802855232,Not significant
GENE2128,2,Microenvironment,7q,protein_coding,45,43,9.236362,9.173613953488372,-0.06274804651162391,0.9574386514954984,-0.5754248717471685,-6.895476821050944,0.5663530763384659,0.9993303802855232,Not significant
GENE3877,0,Other,2p,protein_coding,45,43,7.8846680000000005,7.8219832558139535,-0.06268474418604786,0.9574806627461186,-0.5125267605169832,-6.929692943721057,0.609462042617696,0.9993303802855232,Not significant
GENE2350,1,Plasma cells,19q,protein_coding,45,43,7.282099333333333,7.344687674418605,0.06258834108527456,1.0443377287924913,0.4851346803388687,-6.943364242665685,0.6286883199882364,0.9993303802855232,Not significant
GENE3339,1,Plasma cells,4q,protein_coding,45,43,7.319638888888889,7.257147441860465,-0.062491447028424574,0.9576089578359356,-0.5953571604629833,-6.883813882170505,0.5530085207784768,0.9993303802855232,Not significant
GENE2952,0,Other,21q,protein_coding,45,43,7.512371333333333,7.574819534883721,0.06244820155038422,1.0442362895475406,0.5908061267575037,-6.886511550201174,0.5560415740371242,0.9993303802855232,Not significant
MEOTH019,2,Microenvironment,21q,protein_coding,45,43,11.688017333333333,11.625655813953488,-0.0623615193798468,0.9576952030085842,-0.4214439701663437,-6.972262850113977,0.6743749972698079,0.9993303802855232,Not significant
PCOTH102,1,Plasma cells,10q,protein_coding,45,43,9.205364888888889,9.143057441860465,-0.06230744702842195,0.9577310981912595,-0.556585420893262,-6.906137749023751,0.5791085368444773,0.9993303802855232,Not significant
GENE3556,1,Plasma cells,7q,protein_coding,45,43,9.423039333333334,9.360817674418605,-0.06222165891472997,0.9577880502046011,-0.5733576734780521,-6.896663827922767,0.5677459863302625,0.9993303802855232,Not significant
GENE3213,0,Other,18q,protein_coding,45,43,8.774704222222223,8.71251976744186,-0.06218445478036294,0.9578127499046545,-0.5108830460315049,-6.930534375943509,0.6106082409445057,0.9993303802855232,Not significant
GENE1300,2,Microenvironment,7q,protein_coding,45,43,10.952672,11.014852093023256,0.06218009302326344,1.0440422480954437,0.5577082885881224,-6.905512215860321,0.5783444606948405,0.9993303802855232,Not significant
GENE2887,2,Microenvironment,12p,protein_coding,45,43,9.613464222222222,9.551328604651163,-0.06213561757105879,0.9578451737310042,-0.5473499103433304,-6.911235195381043,0.5854112023926403,0.9993303802855232,Not significant
GENE2037,0,Other,18q,protein_coding,45,43,8.465252444444445,8.40315558139535,-0.06209686304909212,0.9578709042765174,-0.5889532691821425,-6.887603962822129,0.5572787751145247,0.9993303802855232,Not significant
GENE2378,0,Other,3q,protein_coding,45,43,7.868277111111111,7.806191627906976,-0.06208548320413598,0.9578784599033552,-0.5409274454010139,-6.91473004559569,0.5898131273398532,0.9993303802855232,Not significant
MEOTH083,2,Microenvironment,7q,protein_coding,45,43,10.05100111111111,10.11306976744186,0.06206865633075154,1.0439616072680742,0.34880779050351013,-7.000281041331944,0.7279990288580865,0.9993303802855232,Not significant
GENE1618,2,Microenvironment,19q,protein_coding,45,43,9.929968666666667,9.992031627906977,0.06206296124031674,1.0439574862003085,0.5805549063742809,-6.892512775242549,0.5629035918828784,0.9993303802855232,Not significant
GENE1850,0,Other,3q,protein_coding,45,43,7.362216222222222,7.300259534883721,-0.06195668733849935,0.9579639778326591,-0.614182051043608,-6.8724370245441335,0.5405508105027033,0.9993303802855232,Not significant
GENE2311,0,Other,12p,protein_coding,45,43,9.48985711111111,9.551774418604651,0.06191730749353752,1.0438520941115244,0.5556813343355812,-6.906640492191815,0.5797240889721932,0.9993303802855232,Not significant
GENE3383,0,Other,20q,protein_coding,45,43,9.062714444444444,9.00083976744186,-0.061874677002581535,0.9580184350661002,-0.5818839228745786,-6.8917406320391565,0.5620116305781819,0.9993303802855232,Not significant
GENE2085,2,Microenvironment,18q,protein_coding,45,43,10.222573777777777,10.284437906976745,0.06186412919896611,1.0438136180306312,0.5095178863583345,-6.931231170070654,0.6115609345668921,0.9993303802855232,Not significant
GENE1326,2,Microenvironment,10q,protein_coding,45,43,9.354566888888888,9.29278488372093,-0.06178200516795762,0.9580799755684031,-0.5478191759062693,-6.910978232722995,0.5850901785893379,0.9993303802855232,Not significant
GENE3049,2,Microenvironment,2p,protein_coding,45,43,10.312360444444444,10.250584651162791,-0.0617757932816545,0.9580841008315542,-0.6500137058909281,-6.849811621119315,0.5172390069466313,0.9993303802855232,Not significant
PCOTH127,1,Plasma cells,12p,protein_coding,45,43,7.3493377777777775,7.411107906976744,0.06177012919896985,1.0437456096983893,0.5158726225848043,-6.927971862525226,0.6071319065861851,0.9993303802855232,Not significant
GENE1930,2,Microenvironment,19q,protein_coding,45,43,8.941323555555556,8.879594186046512,-0.06172936950904351,0.958114931043624,-0.5775409832443589,-6.89425733366832,0.5649289349603243,0.9993303802855232,Not significant
GENE2372,1,Plasma cells,15q,protein_coding,45,43,6.25298,6.191257441860465,-0.06172255813953331,0.95811945458467,-0.5250932327268361,-6.923171235360169,0.6007314720026053,0.9993303802855232,Not significant
GENE3874,2,Microenvironment,19q,protein_coding,45,43,8.64487511111111,8.706581860465116,0.061706749354002,1.0436997573318219,0.5399107361574335,-6.915279539768184,0.5905113928695243,0.9993303802855232,Not significant
GENE1235,0,Other,20q,protein_coding,45,43,6.721551333333333,6.659923255813953,-0.06162807751938093,0.9581822029007736,-0.5329422514652058,-6.919018094335579,0.5953076457788955,0.9993303802855232,Not significant
GENE2951,0,Other,20q,protein_coding,45,43,7.384050666666667,7.44564023255814,0.06158956589147291,1.0436149858583197,0.5473959159011179,-6.911210013114947,0.5853797263924205,0.9993303802855232,Not significant
GENE1415,0,Other,20q,protein_coding,45,43,7.6502828888888885,7.588737674418605,-0.06154521447028216,0.9582372389110725,-0.548081222293274,-6.910834644906018,0.5849109492479774,0.9993303802855232,Not significant
GENE1445,0,Other,9p,protein_coding,45,43,6.964346444444445,6.90281,-0.06153644444444417,0.9582430639750319,-0.5832888065493373,-6.89092250487893,0.56106950634157,0.9993303802855232,Not significant
GENE1396,2,Microenvironment,7q,protein_coding,45,43,8.593303777777777,8.654825348837209,0.06152157105943168,1.0435658009983897,0.5511508616196202,-6.909147560756366,0.5828133706069257,0.9993303802855232,Not significant
GENE2797,1,Plasma cells,2p,protein_coding,45,43,8.098792444444445,8.16019465116279,0.06140220671834662,1.0434794630074942,0.6029180447837897,-6.879286676177571,0.5479878257565738,0.9993303802855232,Not significant
GENE1571,0,Other,20q,protein_coding,45,43,9.658009999999999,9.596667209302325,-0.061342790697677785,0.9583716981002999,-0.5829195460903971,-6.891137731675521,0.5613170596104304,0.9993303802855232,Not significant
MEOTH095,2,Microenvironment,7q,protein_coding,45,43,11.816202666666667,11.754916279069768,-0.06128638759689409,0.9584091669974807,-0.29440112969216153,-7.017814430307326,0.769088348916263,0.9993303802855232,Not significant
GENE1118,0,Other,3q,protein_coding,45,43,7.664903111111111,7.603636976744186,-0.06126613436692452,0.9584226216895425,-0.563544265222836,-6.9022409086903895,0.5743810358800384,0.9993303802855232,Not significant
GENE3598,1,Plasma cells,19q,protein_coding,45,43,8.962971111111111,9.024101395348838,0.06113028423773059,1.0432828041314413,0.4946145577277052,-6.938717374936117,0.6220045759490005,0.9993303802855232,Not significant
GENE3157,0,Other,2p,protein_coding,45,43,8.606094444444444,8.544977674418604,-0.06111677002583704,0.9585218537310002,-0.5631904669479543,-6.902440190540178,0.5746209409487765,0.9993303802855232,Not significant
PCOTH059,1,Plasma cells,20q,protein_coding,45,43,7.702306666666667,7.641218372093023,-0.06108829457364351,0.9585407729147598,-0.534511890075036,-6.91818020384578,0.5942257238005904,0.9993303802855232,Not significant
GENE2170,0,Other,19q,protein_coding,45,43,8.280643555555555,8.219616279069767,-0.06102727648578821,0.9585813147897383,-0.6013080062851464,-6.880255465115935,0.5490550282790259,0.9993303802855232,Not significant
GENE3153,1,Plasma cells,18q,protein_coding,45,43,8.26783111111111,8.206821395348838,-0.061009715762272876,0.9585929828716326,-0.5253725547979585,-6.923024489289487,0.6005380662347899,0.9993303802855232,Not significant
GENE2641,0,Other,2p,protein_coding,45,43,6.860341555555555,6.921330232558139,0.060988677002582925,1.043180406092415,0.5294157649977309,-6.920891638022303,0.5977417096711768,0.9993303802855232,Not significant
GENE1638,1,Plasma cells,10q,protein_coding,45,43,6.132073777777777,6.071246279069768,-0.060827498708008854,0.9587140639150337,-0.5525223251923843,-6.908390773789889,0.5818773609749415,0.9993303802855232,Not significant
GENE3214,0,Other,19q,protein_coding,45,43,6.967071333333333,6.906258139534883,-0.06081319379845063,0.9587235700030007,-0.551075145459258,-6.90918928723605,0.5828650668762445,0.9993303802855232,Not significant
GENE1116,1,Plasma cells,21q,protein_coding,45,43,6.733157333333334,6.793938139534884,0.06078080620154935,1.0430301102093258,0.5314456693783869,-6.919814705303263,0.5963400608039295,0.9993303802855232,Not significant
GENE2361,0,Other,18q,protein_coding,45,43,9.450272222222223,9.510927906976745,0.06065568475452743,1.0429396546563976,0.5531380212726263,-6.9080504188921505,0.5814573869892181,0.9993303802855232,Not significant
GENE1455,1,Plasma cells,4q,protein_coding,45,43,9.002846222222223,8.942373255813953,-0.06047296640827149,0.9589496901971578,-0.5592153280807697,-6.904670697680183,0.5773197250460276,0.9993303802855232,Not significant
GENE1026,1,Plasma cells,10q,protein_coding,45,43,8.543313333333334,8.603661627906977,0.0603482945736431,1.042717462683054,0.5107214433936729,-6.930616956656203,0.6107209824503528,0.9993303802855232,Not significant
GENE3665,1,Plasma cells,9p,protein_coding,45,43,8.434977555555555,8.495274651162791,0.0602970956072344,1.0426804589452228,0.5825294793514745,-6.891364938622158,0.5615786197460815,0.9993303802855232,Not significant
GENE3175,0,Other,12p,protein_coding,45,43,8.66573,8.60547,-0.06025999999999598,0.9590912579849926,-0.5941990592277193,-6.884502306684445,0.5537795595230852,0.9993303802855232,Not significant
GENE1277,0,Other,9p,protein_coding,45,43,8.774393777777778,8.834613720930232,0.06021994315245749,1.0426246999638127,0.5648562512503696,-6.9015008288685795,0.5734918193572551,0.9993303802855232,Not significant
GENE1546,2,Microenvironment,19q,protein_coding,45,43,7.650902444444444,7.590783953488372,-0.060118490956073245,0.9591853365944586,-0.5171909016104731,-6.927290693400562,0.6062149373726189,0.9993303802855232,Not significant
GENE2208,0,Other,21q,protein_coding,45,43,8.163572888888888,8.103462790697675,-0.060110098191215044,0.9591909165958956,-0.5886927344694456,-6.887757296394838,0.5574528500272837,0.9993303802855232,Not significant
GENE2191,2,Microenvironment,12p,protein_coding,45,43,7.956586,8.016660697674418,0.06007469767442242,1.0425197374486086,0.5407983903598751,-6.914799852058703,0.5899017396055366,0.9993303802855232,Not significant
GENE1360,1,Plasma cells,7q,protein_coding,45,43,7.480513111111111,7.540523255813953,0.06001014470284005,1.0424730912486206,0.5300081978352512,-6.92057775580127,0.5973324777360155,0.9993303802855232,Not significant
GENE1353,2,Microenvironment,18q,protein_coding,45,43,9.045860222222222,9.105844186046511,0.0599839638242905,1.0424541734503499,0.5610039096595485,-6.903669041243565,0.5761046786892962,0.9993303802855232,Not significant
PCFAV028,1,Plasma cells,16q,protein_coding,45,43,7.198916666666666,7.1389430232558135,-0.05997364341085021,0.9592816442771849,-0.34592039248428513,-7.001285907165325,0.7301610259201843,0.9993303802855232,Not significant
PCOTH086,1,Plasma cells,3q,protein_coding,45,43,7.037816222222222,6.977875348837209,-0.05994087338501064,0.9593034340805766,-0.5546645540064129,-6.907204931811678,0.580416741452455,0.9993303802855232,Not significant
GENE0997,1,Plasma cells,2p,protein_coding,45,43,7.8244913333333335,7.884389767441861,0.059898434108527354,1.0423923737187768,0.6027388414382284,-6.8793946331802935,0.5481065578967099,0.9993303802855232,Not significant
GENE3959,1,Plasma cells,20q,protein_coding,45,43,5.607114666666667,5.667006046511628,0.05989137984496029,1.0423872768047662,0.5424205504401307,-6.913921214566868,0.5887883792036649,0.9993303802855232,Not significant
GENE1771,2,Microenvironment,12p,protein_coding,45,43,9.19844288888889,9.258283023255814,0.05984013436692237,1.0423502511797498,0.5604965328650164,-6.903953509487138,0.5764492330104143,0.9993303802855232,Not significant
GENE3984,1,Plasma cells,21q,protein_coding,45,43,8.719839333333333,8.779596279069768,0.05975694573643686,1.0422901489492096,0.5432980493934637,-6.913444830208608,0.5881865237387155,0.9993303802855232,Not significant
GENE1998,1,Plasma cells,10q,protein_coding,45,43,7.774549111111111,7.834196046511628,0.059646935400519574,1.0422106738594898,0.5108184669130355,-6.930567379695254,0.6106532932119344,0.9993303802855232,Not significant
GENE0982,1,Plasma cells,19q,protein_coding,45,43,7.127998,7.068388372093024,-0.059609627906976215,0.959523717229889,-0.5865153604765253,-6.889036121699843,0.5589087015224588,0.9993303802855232,Not significant
GENE3734,1,Plasma cells,3q,protein_coding,45,43,8.883850222222222,8.824304186046511,-0.05954603617570697,0.9595660124603063,-0.5129904113378784,-6.929455110652068,0.6091389044541675,0.9993303802855232,Not significant
GENE2248,2,Microenvironment,7q,protein_coding,45,43,8.335529555555556,8.394999069767442,0.05946951421188729,1.042082511717285,0.5333670332114411,-6.918791582874627,0.5950147617110554,0.9993303802855232,Not significant
GENE2529,2,Microenvironment,18q,protein_coding,45,43,8.22844,8.168977674418604,-0.059462325581396414,0.9596216917059927,-0.49657372688093293,-6.93774586962822,0.6206271869006919,0.9993303802855232,Not significant
GENE1112,0,Other,15q,protein_coding,45,43,7.831253333333334,7.890656976744186,0.05940364341085491,1.0420349332333956,0.5982425002075009,-6.882092927197963,0.5510898523492151,0.9993303802855232,Not significant
GENE2920,1,Plasma cells,7q,protein_coding,45,43,7.995296222222223,7.935918372093023,-0.059377850129198606,0.9596778829643084,-0.5562382630427571,-6.906330892102707,0.5793448642393917,0.9993303802855232,Not significant
GENE3927,1,Plasma cells,4q,protein_coding,45,43,8.566290666666667,8.625664186046512,0.05937351937984836,1.0420131753677133,0.5165076913315988,-6.927643931393689,0.6066900865962094,0.9993303802855232,Not significant
MEOTH009,2,Microenvironment,3q,protein_coding,45,43,12.973600222222222,12.914270930232558,-0.05932929198966441,0.9597101842861191,-0.4821695594946219,-6.944799321728598,0.6307852622815735,0.9993303802855232,Not significant
GENE3892,1,Plasma cells,7q,protein_coding,45,43,9.426922,9.367620697674418,-0.05930130232558106,0.9597288037625087,-0.543843926576374,-6.913148093486073,0.5878122654571671,0.9993303802855232,Not significant
GENE3501,1,Plasma cells,18q,protein_coding,45,43,10.007984444444444,10.067223488372093,0.059239043927656,1.0419160525118392,0.5200149512596842,-6.925825658056411,0.6042527044372761,0.9993303802855232,Not significant
GENE2657,0,Other,9p,protein_coding,45,43,9.104018666666667,9.044840697674418,-0.05917796899225003,0.9598108527116768,-0.5385951292366736,-6.915989052237254,0.5914155114427162,0.9993303802855232,Not significant
GENE1569,1,Plasma cells,18q,protein_coding,45,43,8.600596444444445,8.659728372093022,0.05913192764858266,1.0418386958811165,0.5153547052617881,-6.928239003035821,0.6074923318390166,0.9993303802855232,Not significant
GENE1246,2,Microenvironment,19q,protein_coding,45,43,8.433690444444444,8.374638837209302,-0.059051607235142356,0.9598949236303388,-0.564798483128215,-6.901533451338122,0.573530958539753,0.9993303802855232,Not significant
PCOTH202,1,Plasma cells,19q,protein_coding,45,43,8.283227333333333,8.224193488372093,-0.05903384496123465,0.9599067418046802,-0.5335830421440076,-6.918676329036213,0.5948658506860054,0.9993303802855232,Not significant
GENE3464,0,Other,15q,protein_coding,45,43,9.798878666666667,9.857793488372092,0.05891482170542872,1.0416819251513934,0.5146470569326639,-6.9286035749677275,0.6079849500278708,0.9993303802855232,Not significant
GENE3929,2,Microenvironment,9p,protein_coding,45,43,8.403946222222222,8.462835813953488,0.05888959173126729,1.0416637082881584,0.5393368098933183,-6.915589272227629,0.5909057301520422,0.9993303802855232,Not significant
GENE1111,2,Microenvironment,12p,protein_coding,45,43,9.72928,9.670405348837209,-0.058874651162783564,0.9600126683014942,-0.5230883350935812,-6.924222261430418,0.6021205240572227,0.9993303802855232,Not significant
GENE1413,2,Microenvironment,18q,protein_coding,45,43,8.516864666666667,8.458069534883721,-0.05879513178294893,0.9600655843466452,-0.5829881763565835,-6.891097740142837,0.561271045623243,0.9993303802855232,Not significant
PCOTH147,1,Plasma cells,4q,protein_coding,45,43,8.415810888888888,8.357022093023255,-0.058788795865631016,0.9600698006982282,-0.5148402954445073,-6.928504070247568,0.6078504121414741,0.9993303802855232,Not significant
GENE3387,0,Other,4q,protein_coding,45,43,9.253945777777778,9.195185813953488,-0.05875996382428994,0.9600889877391477,-0.5076096299790108,-6.932202059787302,0.6128937541738659,0.9993303802855232,Not significant
GENE3534,0,Other,10q,protein_coding,45,43,7.506613555555556,7.447870465116279,-0.05874309043927628,0.9601002167552697,-0.5631921480215407,-6.902439243945797,0.5746198009252501,0.9993303802855232,Not significant
GENE3472,1,Plasma cells,7q,protein_coding,45,43,7.8363993333333335,7.895079534883721,0.05868020155038778,1.0415125340493003,0.5378320750114609,-6.916399782342981,0.5919401976222411,0.9993303802855232,Not significant
GENE1411,0,Other,12p,protein_coding,45,43,10.079552222222222,10.020938837209302,-0.058613385012918684,0.9601865383981252,-0.6205207038033315,-6.86852717803482,0.5363883933186333,0.9993303802855232,Not significant
PCFAV049,1,Plasma cells,6p,protein_coding,45,43,3.8035448888888888,3.862153488372093,0.058608599483201296,1.0414608442619497,0.2697650002055779,-7.024779937335897,0.7879212571265712,0.9993303802855232,Not significant
PCOTH098,1,Plasma cells,3q,protein_coding,45,43,5.642847333333333,5.701431860465116,0.05858452713178419,1.0414434669219281,0.524186930375011,-6.923646840695002,0.6013592027935906,0.9993303802855232,Not significant
GENE3701,1,Plasma cells,9p,protein_coding,45,43,7.246205111111111,7.187632790697674,-0.05857232041343696,0.9602138693555863,-0.5650881883244063,-6.901369817381666,0.5733346898007952,0.9993303802855232,Not significant
GENE2531,1,Plasma cells,20q,protein_coding,45,43,5.433857111111111,5.375323023255814,-0.05853408785529535,0.9602393161187575,-0.5416312800901951,-6.9143490468569695,0.5893299673641528,0.9993303802855232,Not significant
GENE2386,1,Plasma cells,19q,protein_coding,45,43,8.162299333333333,8.220683255813954,0.0583839224806173,1.041298665787077,0.5652132749613374,-6.90129913903198,0.5732499564248978,0.9993303802855232,Not significant
GENE1276,1,Plasma cells,7q,protein_coding,45,43,8.187216444444445,8.128864186046512,-0.058352258397928125,0.9603603471004352,-0.4912597294801777,-6.940372081035675,0.6243663030387355,0.9993303802855232,Not significant
GENE1521,1,Plasma cells,18q,protein_coding,45,43,6.162447555555556,6.220708139534883,0.05826058397932332,1.0412096471633154,0.5003918256010753,-6.935841587465199,0.617946764323445,0.9993303802855232,Not significant
GENE2719,2,Microenvironment,12p,protein_coding,45,43,8.244813333333333,8.186588837209301,-0.058224496124028136,0.9604453985155521,-0.5376809544337691,-6.916481057532551,0.5920441358771855,0.9993303802855232,Not significant
GENE2238,0,Other,10q,protein_coding,45,43,6.314228666666667,6.256037441860466,-0.058191224806200204,0.9604675484860467,-0.5020482789066002,-6.935010916222057,0.6167854852049635,0.9993303802855232,Not significant
GENE3446,0,Other,3q,protein_coding,45,43,7.867196666666667,7.925354186046511,0.05815751937984803,1.0411352669102598,0.5169764314417484,-6.9274016302167505,0.6063640757831448,0.9993303802855232,Not significant
GENE3305,1,Plasma cells,9p,protein_coding,45,43,8.288376,8.346529069767442,0.05815306976744594,1.0411320558080375,0.5118971930236188,-6.930015542590967,0.609900939105216,0.9993303802855232,Not significant
GENE2724,1,Plasma cells,21q,protein_coding,45,43,8.85268,8.910828604651163,0.05814860465116567,1.0411288335272597,0.5123864405235428,-6.9297648797272755,0.6095598529022657,0.9993303802855232,Not significant
GENE1264,2,Microenvironment,7q,protein_coding,45,43,7.308910444444445,7.250787674418604,-0.05812277002583777,0.9605131230205799,-0.4388915756959739,-6.964748414345846,0.6617283325102601,0.9993303802855232,Not significant
GENE2581,2,Microenvironment,2p,protein_coding,45,43,9.364429777777778,9.422535813953488,0.05810603617571353,1.0410981142053686,0.47699971433969474,-6.947280517076441,0.6344486167405781,0.9993303802855232,Not significant
GENE3608,1,Plasma cells,15q,protein_coding,45,43,6.2626277777777775,6.320700697674418,0.05807291989664076,1.041074216639345,0.5334051963359457,-6.918771223911947,0.5949884517732806,0.9993303802855232,Not significant
GENE3956,0,Other,15q,protein_coding,45,43,7.543761111111111,7.601787674418604,0.05802656330749567,1.0410407654434812,0.5907907156394976,-6.886520650376591,0.556051858824059,0.9993303802855232,Not significant
GENE2030,1,Plasma cells,3q,protein_coding,45,43,8.273833333333334,8.215828372093023,-0.05800496124031085,0.9605915605985527,-0.4885268677700112,-6.941711732479063,0.6262930818936756,0.9993303802855232,Not significant
PCOTH200,1,Plasma cells,15q,protein_coding,45,43,6.809185555555556,6.867180465116279,0.05799490956072528,1.041017924525386,0.5295671565227695,-6.920811461099095,0.5976371213810396,0.9993303802855232,Not significant
MEOTH181,2,Microenvironment,10q,protein_coding,45,43,6.918828,6.860861860465116,-0.05796613953488361,0.9606174096541704,-0.48830701515324226,-6.941819181288401,0.6264481998500493,0.9993303802855232,Not significant
GENE2874,1,Plasma cells,10q,protein_coding,45,43,9.572407777777778,9.51444534883721,-0.05796242894056647,0.9606198803537875,-0.5365677643601994,-6.917079050354821,0.5928100318167178,0.9993303802855232,Not significant
GENE1836,0,Other,21q,protein_coding,45,43,8.550329777777778,8.492390930232558,-0.05793884754521805,0.9606355821768833,-0.5083774854860348,-6.9318118230773145,0.6123572896178922,0.9993303802855232,Not significant
MEOTH091,2,Microenvironment,21q,protein_coding,45,43,10.213698666666666,10.155842325581395,-0.05785634108526416,0.960690521651515,-0.3205468595863808,-7.009757974487117,0.7492519388057235,0.9993303802855232,Not significant
GENE2640,2,Microenvironment,21q,protein_coding,45,43,9.990224666666666,10.04804,0.05781533333333577,1.04088835421973,0.459288892726215,-6.955578751053256,0.6470671666666212,0.9993303802855232,Not significant
GENE2859,1,Plasma cells,4q,protein_coding,45,43,8.61784711111111,8.560037441860466,-0.0578096692506449,0.960721600925468,-0.4689456017151972,-6.951092935330583,0.6401739033605256,0.9993303802855232,Not significant
GENE3498,2,Microenvironment,10q,protein_coding,45,43,8.185833333333333,8.243517906976745,0.057684573643410175,1.0407940168395275,0.5110988452548262,-6.930424059668666,0.6104577040086497,0.9993303802855232,Not significant
GENE3286,0,Other,19q,protein_coding,45,43,7.13621,7.078576511627907,-0.05763348837209481,0.9608389307188882,-0.543058257921498,-6.913575086304337,0.5883509622729266,0.9993303802855232,Not significant
GENE2755,0,Other,12p,protein_coding,45,43,7.6550984444444445,7.712692558139535,0.05759411369509149,1.0407287589585048,0.5493392283375944,-6.9101443728168865,0.5840508841300892,0.9993303802855232,Not significant
GENE1600,0,Other,7q,protein_coding,45,43,7.218456444444445,7.160910232558139,-0.05754621188630349,0.960897058860659,-0.5049107760928347,-6.933569006463724,0.6147809871800407,0.9993303802855232,Not significant
GENE2710,1,Plasma cells,19q,protein_coding,45,43,8.78321911111111,8.72568930232558,-0.057529808785529823,0.9609079840946458,-0.5414851793709565,-6.914428174374534,0.5894302455779022,0.9993303802855232,Not significant
GENE3221,2,Microenvironment,9p,protein_coding,45,43,9.065158444444444,9.122652558139535,0.057494113695089055,1.0406566236380517,0.5288507654331676,-6.921190660452178,0.5981321121498473,0.9993303802855232,Not significant
GENE2502,0,Other,10q,protein_coding,45,43,9.055996888888888,8.998532558139535,-0.05746433074935986,0.9609515967735425,-0.5040628109421421,-6.933996997218268,0.6153744813942664,0.9993303802855232,Not significant
PCOTH037,1,Plasma cells,2p,protein_coding,45,43,6.805600888888889,6.863022093023256,0.05742120413437046,1.0406040332444129,0.5357072570428081,-6.917540460756621,0.5934023931626464,0.9993303802855232,Not significant
GENE2912,0,Other,15q,protein_coding,45,43,7.8651071111111115,7.8077160465116275,-0.05739106459948129,0.9610003991950435,-0.5246738360211486,-6.923391426046434,0.6010219207089713,0.9993303802855232,Not significant
GENE1760,0,Other,15q,protein_coding,45,43,6.919650444444445,6.977039069767442,0.057388625323003595,1.0405805346818153,0.4982940667635569,-6.93688964366333,0.6194188191207067,0.9993303802855232,Not significant
GENE1295,2,Microenvironment,20q,protein_coding,45,43,6.881042666666667,6.823735348837209,-0.057307317829458526,0.9610561857702324,-0.5391333379534269,-6.915699001908213,0.5910455626133266,0.9993303802855232,Not significant
GENE2192,2,Microenvironment,15q,protein_coding,45,43,8.375230222222223,8.432536976744187,0.057306754521963654,1.0405214849573348,0.4622339666366984,-6.954220527902463,0.6449615825002872,0.9993303802855232,Not significant
GENE1642,2,Microenvironment,19q,protein_coding,45,43,10.318481333333333,10.261213720930233,-0.05726761240310374,0.961082636038399,-0.5081437808542443,-6.931930657694386,0.6125205457356211,0.9993303802855232,Not significant
PCOTH022,1,Plasma cells,19q,protein_coding,45,43,7.907958444444445,7.850725813953488,-0.05723263049096072,0.9611059402814962,-0.4861523657536358,-6.9428696784347235,0.6279693094602292,0.9993303802855232,Not significant
GENE1846,1,Plasma cells,19q,protein_coding,45,43,8.628447333333334,8.685636976744187,0.05718964341085275,1.0404370238078553,0.5114650571524594,-6.930236746606786,0.6102022806873224,0.9993303802855232,Not significant
GENE3960,1,Plasma cells,21q,protein_coding,45,43,7.448651111111111,7.505809534883721,0.05715842377260483,1.0404145091979535,0.5267029995905974,-6.922324455104499,0.5996172438234298,0.9993303802855232,Not significant
GENE3619,0,Other,12p,protein_coding,45,43,9.190547333333333,9.13339441860465,-0.057152914728678894,0.9611590474227909,-0.5006764993789067,-6.935699024781632,0.6177471207734562,0.9993303802855232,Not significant
GENE3907,1,Plasma cells,12p,protein_coding,45,43,8.187678,8.130596511627907,-0.05708148837209315,0.9612066346026082,-0.49444829711469707,-6.938799643733529,0.6221215270738899,0.9993303802855232,Not significant
GENE1288,0,Other,7q,protein_coding,45,43,8.984296666666667,8.927333023255814,-0.05696364341085314,0.9612851529185508,-0.5623250199149781,-6.902927141745355,0.5752079899207672,0.9993303802855232,Not significant
GENE3059,0,Other,20q,protein_coding,45,43,9.007537555555556,9.064500232558139,0.05696267700258595,1.040273353958467,0.4855035627210991,-6.943185096175432,0.6284276574816445,0.9993303802855232,Not significant
GENE3408,1,Plasma cells,21q,protein_coding,45,43,9.101177555555555,9.044230697674418,-0.056946857881136737,0.9612963373850606,-0.520984844283459,-6.925320675555768,0.6035794629363133,0.9993303802855232,Not significant
PCOTH068,1,Plasma cells,15q,protein_coding,45,43,6.269558222222222,6.32645465116279,0.056896428940569344,1.0402255860591976,0.49437011691119903,-6.938838319218846,0.6221765239821446,0.9993303802855232,Not significant
GENE3044,1,Plasma cells,15q,protein_coding,45,43,9.046426,9.103301627906976,0.05687562790698131,1.0402105880098844,0.4858470416069575,-6.943018164990268,0.6281849880901071,0.9993303802855232,Not significant
PCOTH179,1,Plasma cells,20q,protein_coding,45,43,7.916563333333333,7.973411395348837,0.05684806201550252,1.0401907126672585,0.5501243568696084,-6.909712773210458,0.5835144159838065,0.9993303802855232,Not significant
GENE1215,0,Other,4q,protein_coding,45,43,6.457825111111111,6.400977674418605,-0.05684743669250647,0.9613625859788376,-0.49393387855617377,-6.93905401317995,0.622483441001145,0.9993303802855232,Not significant
PCADV022,1,Plasma cells,17p,protein_coding,45,43,10.227629777777778,10.170784186046511,-0.0568455917312658,0.961363815398634,-0.20188478123261544,-7.040828674636035,0.8404348644561421,0.9993303802855232,Not significant
PCOTH159,1,Plasma cells,4q,protein_coding,45,43,6.849380888888889,6.792540465116279,-0.056840423772610116,0.9613672591599342,-0.512978730121916,-6.929461105243194,0.6091470446443975,0.9993303802855232,Not significant
GENE3896,1,Plasma cells,15q,protein_coding,45,43,8.096364,8.15319023255814,0.056826232558142564,1.040174973632759,0.4973479980363318,-6.937360873667774,0.6200832094037129,0.9993303802855232,Not significant
GENE0988,2,Microenvironment,7q,protein_coding,45,43,7.248998666666667,7.305818837209302,0.05682017054263522,1.0401706029630096,0.49861455310666447,-6.936729809718587,0.6191938245445375,0.9993303802855232,Not significant
GENE2310,2,Microenvironment,10q,protein_coding,45,43,9.835649111111112,9.778840930232558,-0.05680818087855144,0.9613887450652658,-0.4721361290462724,-6.949590426141419,0.6379032803506473,0.9993303802855232,Not significant
GENE3283,1,Plasma cells,12p,protein_coding,45,43,9.9778284444444445,9.921033255813953,-0.056795188630495375,0.9613974029291544,-0.4705127398219195,-6.950356193025593,0.6390581787341252,0.9993303802855232,Not significant
GENE2295,2,Microenvironment,4q,protein_coding,45,43,9.927725111111112,9.984516511627907,0.05679140051679532,1.0401498602309065,0.5055655232755589,-6.9332380484499785,0.6143229021408435,0.9993303802855232,Not significant
GENE3516,2,Microenvironment,21q,protein_coding,45,43,10.330205777777778,10.273442790697674,-0.0567629870801003,0.9614188619565638,-0.5130128580012345,-6.929443591044814,0.6091232623755863,0.9993303802855232,Not significant
GENE1664,1,Plasma cells,15q,protein_coding,45,43,10.574029333333334,10.517273255813954,-0.05675607751937939,0.9614234665318374,-0.5441318935632303,-6.912991436426331,0.5876148777963778,0.9993303802855232,Not significant
GENE1969,0,Other,2p,protein_coding,45,43,8.587986222222222,8.531252325581395,-0.05673389664082151,0.9614382481596131,-0.5568932628353691,-6.905966379402028,0.5788990121883653,0.9993303802855232,Not significant
GENE2596,1,Plasma cells,7q,protein_coding,45,43,9.664122666666668,9.720721395348837,0.05659872868216809,1.040010957556007,0.5517362534240755,-6.9088247644536676,0.5824137595087875,0.9993303802855232,Not significant
GENE1892,2,Microenvironment,15q,protein_coding,45,43,8.164818444444444,8.221325813953488,0.056507369509045446,1.0399451005799472,0.47955246196629464,-6.9460586880391295,0.632638594434038,0.9993303802855232,Not significant
GENE2015,0,Other,20q,protein_coding,45,43,9.345287555555556,9.288872093023256,-0.056415462532301675,0.9616504818699639,-0.5350116524023522,-6.917912911085823,0.5938814389141273,0.9993303802855232,Not significant
PCFAV057,1,Plasma cells,6p,protein_coding,45,43,6.949086666666667,7.005435813953488,0.056349147286820056,1.0398310547160028,0.2416685792699188,-7.031982349546364,0.8095534988490687,0.9993303802855232,Not significant
GENE3010,0,Other,19q,protein_coding,45,43,8.682724444444444,8.626470697674419,-0.056253746770027035,0.961758282030524,-0.4887566795118484,-6.941599364892218,0.6261309551836203,0.9993303802855232,Not significant
GENE3115,1,Plasma cells,12p,protein_coding,45,43,6.419503333333333,6.475707906976744,0.05620457364340936,1.0397268576212262,0.4633240858880153,-6.953715589955548,0.6441829319571963,0.9993303802855232,Not significant
GENE2169,2,Microenvironment,18q,protein_coding,45,43,6.756333333333333,6.700133255813953,-0.05620007751938161,0.9617940607674981,-0.5442044578459467,-6.912951947695606,0.5875651433487531,0.9993303802855232,Not significant
GENE2097,2,Microenvironment,18q,protein_coding,45,43,7.8178133333333335,7.761664651162791,-0.05614868217053992,0.9618283248499049,-0.47834720535974296,-6.946636372263937,0.6334929024258951,0.9993303802855232,Not significant
GENE3384,0,Other,21q,protein_coding,45,43,7.854773333333333,7.798648372093023,-0.0561249612403083,0.9618441394534836,-0.497028499593483,-6.937519812302054,0.6203076529563492,0.9993303802855232,Not significant
GENE2100,0,Other,21q,protein_coding,45,43,9.278690666666666,9.334809302325581,0.056118635658920724,1.0396649253577632,0.5024039798020538,-6.934832184677394,0.616536243056965,0.9993303802855232,Not significant
GENE2762,1,Plasma cells,3q,protein_coding,45,43,8.442462666666668,8.386361395348837,-0.056101271317828605,0.9618599336438957,-0.46229830648240205,-6.9541907588788385,0.6449156148312707,0.9993303802855232,Not significant
GENE3972,1,Plasma cells,21q,protein_coding,45,43,7.051175111111111,7.107199302325581,0.05602419121446811,1.0395968670643536,0.42936152575577835,-6.968890497816305,0.668624205212667,0.9993303802855232,Not significant
GENE2980,2,Microenvironment,7q,protein_coding,45,43,8.506906222222222,8.56291465116279,0.056008428940565125,1.0395855089321164,0.509152916278612,-6.931417141112082,0.6118157466888545,0.9993303802855232,Not significant
GENE3828,2,Microenvironment,21q,protein_coding,45,43,10.404194,10.460071860465117,0.055877860465113116,1.0394914274048201,0.474174770108234,-6.948625063025206,0.6364542305978393,0.9993303802855232,Not significant
GENE1362,0,Other,10q,protein_coding,45,43,7.722682222222222,7.666820465116279,-0.05586175710594343,0.9620196335403317,-0.5461018392694114,-6.91191755508516,0.5862654098957666,0.9993303802855232,Not significant
GENE2074,0,Other,19q,protein_coding,45,43,8.453224666666667,8.509006279069768,0.05578161240310031,1.0394220810112538,0.4534047086769498,-6.9582665605726035,0.6512826626227985,0.9993303802855232,Not significant
GENE3920,1,Plasma cells,15q,protein_coding,45,43,7.709049555555556,7.764811162790697,0.05576160723513901,1.0394076679381126,0.4890112473057427,-6.941474831327354,0.6259513850946072,0.9993303802855232,Not significant
GENE3978,2,Microenvironment,10q,protein_coding,45,43,9.123012222222222,9.178772093023255,0.05575987080103317,1.039406416903218,0.4514243706302057,-6.95916338913292,0.6527039587939472,0.9993303802855232,Not significant
GENE1816,1,Plasma cells,7q,protein_coding,45,43,9.128871777777778,9.073151860465117,-0.05571991731265591,0.9621142199706183,-0.5485278611565554,-6.910589752728951,0.5846055257296295,0.9993303802855232,Not significant
GENE3985,0,Other,2p,protein_coding,45,43,7.873714666666666,7.818036976744186,-0.05567768992247579,0.9621423812701302,-0.48137451809937765,-6.9451826227210525,0.6313480326497471,0.9993303802855232,Not significant
GENE2770,1,Plasma cells,19q,protein_coding,45,43,8.313675777777778,8.258006046511628,-0.0556697312661516,0.9621476889626441,-0.5256798326929776,-6.922862966578855,0.6003253365676626,0.9993303802855232,Not significant
GENE1159,1,Plasma cells,12p,protein_coding,45,43,9.551892,9.607535581395348,0.05564358139535308,1.0393226382253238,0.5752025540943119,-6.895604681763825,0.5665027974437755,0.9993303802855232,Not significant
PCOTH093,1,Plasma cells,18q,protein_coding,45,43,7.266747333333333,7.322365813953488,0.0556184806201534,1.0393045556949074,0.5089932261587363,-6.9314984697662885,0.6119272529696771,0.9993303802855232,Not significant
GENE1123,0,Other,12p,protein_coding,45,43,7.1677568888888885,7.11225511627907,-0.05550177260982103,0.9622597087836154,-0.5509531900202791,-6.909256483780596,0.5829483382289518,0.9993303802855232,Not significant
GENE2454,2,Microenvironment,10q,protein_coding,45,43,12.017415777777778,11.96191511627907,-0.05550066149870858,0.9622604498812396,-0.463329698443411,-6.953712987183269,0.6441789240453473,0.9993303802855232,Not significant
GENE2984,1,Plasma cells,15q,protein_coding,45,43,8.246895333333333,8.302379069767442,0.05548373643410898,1.039207491725783,0.5284374690214327,-6.921409193932374,0.5984177654765611,0.9993303802855232,Not significant
GENE1533,2,Microenvironment,18q,protein_coding,45,43,10.770517111111111,10.71503930232558,-0.05547780878553077,0.962275692490112,-0.5163512643611183,-6.927724742996668,0.6067988999478529,0.9993303802855232,Not significant
GENE3632,0,Other,15q,protein_coding,45,43,8.790264,8.734809534883722,-0.05545446511627894,0.9622912628127316,-0.4744502505505571,-6.948494296540276,0.6362585294458112,0.9993303802855232,Not significant
GENE2608,1,Plasma cells,7q,protein_coding,45,43,6.865567555555556,6.810192325581395,-0.055375229974160334,0.9623441148546793,-0.47087767192765845,-6.950184280105081,0.638798484098347,0.9993303802855232,Not significant
GENE2433,0,Other,18q,protein_coding,45,43,9.173425555555555,9.118138139534883,-0.05528741602066667,0.9624026925934924,-0.44605503616262643,-6.961575312804647,0.6565639865293185,0.9993303802855232,Not significant
GENE3616,2,Microenvironment,7q,protein_coding,45,43,7.326812888888889,7.382086511627907,0.055273622739019146,1.0390561528632418,0.47795997168751725,-6.946821667804594,0.6337674862160071,0.9993303802855232,Not significant
GENE3941,2,Microenvironment,9p,protein_coding,45,43,10.969834222222222,10.91460441860465,-0.055229803617564244,0.9624411258294912,-0.4931073119613188,-6.939462181744294,0.6230651575921013,0.9993303802855232,Not significant
GENE3509,1,Plasma cells,9p,protein_coding,45,43,7.931382666666667,7.876154418604651,-0.05522824806201321,0.9624421635619298,-0.5017271186609894,-6.9351721837120115,0.6170105630118173,0.9993303802855232,Not significant
PCADV056,1,Plasma cells,8q,protein_coding,45,43,5.776202888888889,5.831335581395349,0.0551326925064588,1.0389546572116337,0.30937844935689074,-7.013283019479796,0.7577055289659735,0.9993303802855232,Not significant
GENE3124,2,Microenvironment,7q,protein_coding,45,43,11.060235333333333,11.115320930232558,0.05508559689923054,1.038920741934709,0.5671424806573792,-6.900207102092174,0.5719438818814617,0.9993303802855232,Not significant
GENE3415,1,Plasma cells,12p,protein_coding,45,43,9.290110222222223,9.235051860465116,-0.05505836175710499,0.9625555037797218,-0.5460526390664896,-6.9119444226696825,0.5862990956302998,0.9993303802855232,Not significant
GENE2171,0,Other,20q,protein_coding,45,43,7.238454,7.183498139534883,-0.05495586046511658,0.9626238943161618,-0.4558121666116294,-6.957171039649998,0.6495565534688255,0.9993303802855232,Not significant
GENE1589,2,Microenvironment,9p,protein_coding,45,43,8.492637555555556,8.547586976744187,0.054949421188629444,1.0388226830313676,0.5498725102489367,-6.909851284659266,0.5836864741055592,0.9993303802855232,Not significant
GENE1684,1,Plasma cells,7q,protein_coding,45,43,7.0919566666666665,7.146897441860465,0.054940775193797364,1.038816457440802,0.4994820373028692,-6.936296662446347,0.6185849968246524,0.9993303802855232,Not significant
GENE1787,2,Microenvironment,20q,protein_coding,45,43,8.38338511111111,8.438222093023256,0.05483698191214437,1.0387417234966143,0.4968175299684951,-6.937624706174457,0.6204558761016212,0.9993303802855232,Not significant
GENE3544,2,Microenvironment,7q,protein_coding,45,43,8.217547333333334,8.16277465116279,-0.054772682170538545,0.9627461259681318,-0.4721200075314157,-6.94959804370669,0.6379147450066309,0.9993303802855232,Not significant
GENE1518,2,Microenvironment,10q,protein_coding,45,43,8.477290444444444,8.42252511627907,-0.05476532816537372,0.9627510334903919,-0.44377166548461655,-6.962592301371325,0.6582083409814236,0.9993303802855232,Not significant
GENE2740,0,Other,7q,protein_coding,45,43,9.294724666666667,9.34947,0.05474533333333298,1.038675738533565,0.4887593613185769,-6.941598053299174,0.6261290633411771,0.9993303802855232,Not significant
PCOTH222,1,Plasma cells,10q,protein_coding,45,43,7.127251111111111,7.181995581395348,0.054744470284239455,1.038675117177103,0.4896398318055928,-6.941167053908404,0.6255080831244144,0.9993303802855232,Not significant
GENE3277,0,Other,2p,protein_coding,45,43,7.512534,7.567270697674418,0.054736697674420576,1.0386695212649812,0.5506623468367035,-6.909416676577122,0.5831469491270562,0.9993303802855232,Not significant
GENE1090,1,Plasma cells,19q,protein_coding,45,43,8.213209555555556,8.158497441860465,-0.05471211369509099,0.9627865456601049,-0.5406942523814465,-6.914856168699721,0.5899732477644519,0.9993303802855232,Not significant
GENE1079,1,Plasma cells,20q,protein_coding,45,43,7.355976666666667,7.410636046511628,0.054659379844963496,1.0386138577195196,0.5096667361031422,-6.931155285415118,0.6114570254541195,0.9993303802855232,Not significant
GENE1083,1,Plasma cells,4q,protein_coding,45,43,8.727376666666666,8.672729534883722,-0.054647131782946445,0.9628299124964564,-0.4389338687188312,-6.964729830513402,0.6616977939106414,0.9993303802855232,Not significant
GENE1441,0,Other,2p,protein_coding,45,43,7.119198222222222,7.173836046511628,0.054637824289405224,1.0385983397265763,0.4978603805894191,-6.937105770205799,0.6197233422858331,0.9993303802855232,Not significant
GENE2909,2,Microenvironment,9p,protein_coding,45,43,6.478629555555556,6.424003488372093,-0.05462606718346397,0.9628439707512969,-0.46593867439184056,-6.952499699680105,0.6423170001686581,0.9993303802855232,Not significant
GENE1842,2,Microenvironment,10q,protein_coding,45,43,8.598739555555555,8.653357441860464,0.05461788630491071,1.0385839864405952,0.495066842858144,-6.938493436725171,0.621686478367655,0.9993303802855232,Not significant
GENE1285,1,Plasma cells,2p,protein_coding,45,43,8.05098688888889,7.996413953488372,-0.05457293540051822,0.9628794311621574,-0.48542699564380093,-6.9432222918624955,0.628481758030244,0.9993303802855232,Not significant
PCADV002,1,Plasma cells,17p,protein_coding,45,43,8.901087777777779,8.846636046511628,-0.05445173126614833,0.9629603282797828,-0.29200851708591175,-7.018517532150916,0.7709115087214286,0.9993303802855232,Not significant
PCFAV029,1,Plasma cells,6p,protein_coding,45,43,6.427514222222222,6.373067674418604,-0.05444654780361713,0.9629637881085104,-0.2402539732759395,-7.032324080891126,0.8106467159817251,0.9993303802855232,Not significant
GENE3795,2,Microenvironment,4q,protein_coding,45,43,7.917417111111111,7.971863488372093,0.054446377260981116,1.0384605258657722,0.4646086513435164,-6.953119065766347,0.6432659011651659,0.9993303802855232,Not significant
PCOTH182,1,Plasma cells,3q,protein_coding,45,43,8.433404222222222,8.378981162790698,-0.0544230594315227,0.9629794661522084,-0.4963125159501801,-6.937875618649863,0.6208107526993762,0.9993303802855232,Not significant
GENE2467,2,Microenvironment,12p,protein_coding,45,43,10.900704666666666,10.955080697674418,0.05437603100776123,1.038409891446123,0.4808119199596372,-6.9454534791301015,0.6317463991793564,0.9993303802855232,Not significant
GENE2027,0,Other,20q,protein_coding,45,43,9.888047777777778,9.942408837209303,0.05436105943152647,1.0383991153973082,0.45923330768442094,-6.955604302924462,0.6471069349335663,0.9993303802855232,Not significant
GENE1146,2,Microenvironment,10q,protein_coding,45,43,10.556220222222223,10.50187,-0.054350222222224076,0.9630280852335545,-0.5269978885860461,-6.9221690563694125,0.5994132343140569,0.9993303802855232,Not significant
PCOTH136,1,Plasma cells,7q,protein_coding,45,43,8.187567333333334,8.24173534883721,0.05416801550387973,1.038260178735518,0.4785732797426638,-6.94652812415762,0.6333326188863126,0.9993303802855232,Not significant
GENE1517,2,Microenvironment,9p,protein_coding,45,43,8.203771777777778,8.149689302325582,-0.054082475452194245,0.9632068281973453,-0.6059794380570399,-6.8774374898972495,0.5459614796787295,0.9993303802855232,Not significant
MEOTH132,2,Microenvironment,9p,protein_coding,45,43,7.130464666666667,7.18449511627907,0.054030449612401554,1.0381611818071181,0.20894101708032425,-7.039375307868295,0.8349378991186197,0.9993303802855232,Not significant
GENE1103,0,Other,20q,protein_coding,45,43,9.922995555555556,9.868971627906976,-0.05402392764857389,0.9632459180860123,-0.4699371724085672,-6.950627062807429,0.6394678579772781,0.9993303802855232,Not significant
GENE3075,1,Plasma cells,4q,protein_coding,45,43,8.261464444444444,8.207456046511627,-0.054008397932816976,0.9632562868856547,-0.49653223357600584,-6.9377664847721405,0.6206563446888134,0.9993303802855232,Not significant
GENE2738,0,Other,3q,protein_coding,45,43,9.625944444444444,9.679952325581395,0.05400788113695576,1.0381449416931519,0.45769375070564156,-6.956310797779519,0.6482088159718054,0.9993303802855232,Not significant
MEOTH068,2,Microenvironment,2p,protein_coding,45,43,7.346420444444444,7.292458372093023,-0.05396207235142292,0.9632872179713681,-0.2758408981074189,-7.0231184887230445,0.783264389650442,0.9993303802855232,Not significant
GENE1257,0,Other,18q,protein_coding,45,43,8.160439111111112,8.214398604651162,0.05395949354005225,1.0381101231797825,0.4263622688569621,-6.970175338568435,0.6708003685186359,0.9993303802855232,Not significant
GENE1540,1,Plasma cells,7q,protein_coding,45,43,7.301645111111111,7.24777534883721,-0.053869762273898836,0.9633488553653388,-0.4912866858357503,-6.940358829971411,0.624347310668393,0.9993303802855232,Not significant
PCOTH230,1,Plasma cells,3q,protein_coding,45,43,5.902000666666667,5.848166976744186,-0.05383368992247739,0.9633729427101407,-0.42951418964521026,-6.9688248587299455,0.668513512661697,0.9993303802855232,Not significant
GENE1418,1,Plasma cells,3q,protein_coding,45,43,11.871703333333333,11.925536046511628,0.053832713178291414,1.038018900717279,0.5023265051148382,-6.934871124657502,0.6165905262989255,0.9993303802855232,Not significant
GENE1891,1,Plasma cells,12p,protein_coding,45,43,10.404643555555555,10.350826744186046,-0.05381681136951144,0.9633842135857564,-0.5414913553206325,-6.914424829936359,0.5894260064691438,0.9993303802855232,Not significant
GENE1805,1,Plasma cells,9p,protein_coding,45,43,7.988058888888889,7.934317441860465,-0.0537414470284201,0.9634345407240886,-0.46044600459846446,-6.955046139491084,0.646239544629168,0.9993303802855232,Not significant
GENE1153,1,Plasma cells,2p,protein_coding,45,43,7.047819333333333,6.9941406976744185,-0.053678635658916285,0.9634764871913343,-0.5036029846355803,-6.934228784669305,0.6156964226178586,0.9993303802855232,Not significant
GENE1100,0,Other,15q,protein_coding,45,43,9.629222888888888,9.575634186046512,-0.05358870284237405,0.9635365489871017,-0.4337408298324399,-6.966998350391549,0.6654518016447766,0.9993303802855232,Not significant
GENE3065,0,Other,9p,protein_coding,45,43,7.569997777777778,7.623534651162791,0.05353687338501345,1.0378060658459334,0.43007903207371073,-6.968581798015588,0.6681040240051636,0.9993303802855232,Not significant
GENE3468,0,Other,21q,protein_coding,45,43,7.082905333333334,7.136420697674419,0.053515364341083504,1.0377905933800076,0.4909793136766106,-6.940509883465223,0.6245638878345416,0.9993303802855232,Not significant
MEOTH185,2,Microenvironment,19q,protein_coding,45,43,9.605795555555556,9.659264418604652,0.05346886304909049,1.0377571436041992,0.32359887646937374,-7.0087729777553305,0.7469470717416676,0.9993303802855232,Not significant
GENE3527,2,Microenvironment,20q,protein_coding,45,43,8.516551111111111,8.463099302325581,-0.053451808785537125,0.9636279811203813,-0.4817650033248512,-6.9449944427859585,0.6310716003759316,0.9993303802855232,Not significant
GENE2890,0,Other,19q,protein_coding,45,43,8.938061333333334,8.884636279069767,-0.053425054263563254,0.9636458515949599,-0.4677323454614969,-6.951661630561673,0.6410382496704174,0.9993303802855232,Not significant
GENE3169,2,Microenvironment,2p,protein_coding,45,43,9.06470111111111,9.118126046511629,0.05342493540051407,1.0377255461176795,0.4661892990994246,-6.9523827912408525,0.6421382590356726,0.9993303802855232,Not significant
GENE2933,2,Microenvironment,9p,protein_coding,45,43,8.642925111111111,8.589502558139534,-0.053422552971577275,0.9636475223304009,-0.5266672689605044,-6.922343278332,0.5996419650846723,0.9993303802855232,Not significant
GENE3971,1,Plasma cells,20q,protein_coding,45,43,6.486649333333333,6.43325488372093,-0.05339444961240325,0.963666294139719,-0.4796754783157566,-6.945999644453687,0.632551426158369,0.9993303802855232,Not significant
GENE3382,1,Plasma cells,19q,protein_coding,45,43,7.300642,7.247390697674419,-0.05325130232558006,0.9637619159138187,-0.49644628783283945,-6.937809179796841,0.6207167416054014,0.9993303802855232,Not significant
GENE3158,0,Other,3q,protein_coding,45,43,7.609565111111111,7.662813488372093,0.053248377260982416,1.0375985562301449,0.45076834765138557,-6.959459617980683,0.6531750718294975,0.9993303802855232,Not significant
GENE1135,0,Other,12p,protein_coding,45,43,8.16968288888889,8.116487209302326,-0.05319567958656357,0.9637990742247717,-0.4861394054994556,-6.942875983207857,0.6279784638285101,0.9993303802855232,Not significant
GENE3952,0,Other,7q,protein_coding,45,43,10.131787777777777,10.078643720930232,-0.0531440568475432,0.9638335616506164,-0.5069792770238484,-6.932521976960017,0.613334309693075,0.9993303802855232,Not significant
PCOTH062,1,Plasma cells,3q,protein_coding,45,43,8.383837111111111,8.33069441860465,-0.05314269250645687,0.9638344731380154,-0.43793326075106387,-6.965169026184185,0.662420457854854,0.9993303802855232,Not significant
GENE1785,2,Microenvironment,18q,protein_coding,45,43,8.129802222222223,8.18290465116279,0.05310242894056927,1.0374935942647865,0.538726069302045,-6.9159185127921665,0.5913254971474551,0.9993303802855232,Not significant
GENE3859,2,Microenvironment,12p,protein_coding,45,43,9.80754288888889,9.860570697674419,0.0530278087855276,1.0374399336306503,0.460351328587373,-6.955089768400226,0.6463072447807436,0.9993303802855232,Not significant
GENE3390,1,Plasma cells,10q,protein_coding,45,43,6.580558666666667,6.6335320930232555,0.05297342635658886,1.0374008280410874,0.5267094681718087,-6.922321047260166,0.5996127684000991,0.9993303802855232,Not significant
GENE1528,1,Plasma cells,7q,protein_coding,45,43,9.388057555555555,9.335124418604652,-0.05293313695090163,0.9639744830031112,-0.4850289118567339,-6.943415583779404,0.628763067602251,0.9993303802855232,Not significant
GENE3104,2,Microenvironment,15q,protein_coding,45,43,9.307152444444444,9.254283023255814,-0.05286942118862825,0.9640170572988374,-0.4856598800886101,-6.943109140297251,0.6283172134928132,0.9993303802855232,Not significant
GENE2682,0,Other,10q,protein_coding,45,43,7.555136,7.607978604651163,0.05284260465116386,1.0373067621514402,0.4214578216271793,-6.972257004913541,0.674364919464133,0.9993303802855232,Not significant
GENE2296,1,Plasma cells,7q,protein_coding,45,43,7.356649555555555,7.303932558139535,-0.052716997416021094,0.9641189131138596,-0.44198904423146806,-6.963382648601128,0.6594932528223187,0.9993303802855232,Not significant
GENE2321,2,Microenvironment,9p,protein_coding,45,43,8.879307777777777,8.93199,0.0526822222222183,1.0371914525909471,0.48553353056858173,-6.943170536440112,0.6284064834367966,0.9993303802855232,Not significant
PCOTH064,1,Plasma cells,7q,protein_coding,45,43,6.591756666666667,6.539152093023255,-0.05260457364340976,0.9641940461847462,-0.5202462710935752,-6.92570530451305,0.6040921050039377,0.9993303802855232,Not significant
GENE1774,0,Other,19q,protein_coding,45,43,7.649577333333333,7.596980930232558,-0.05259640310077618,0.9641995068057688,-0.5097331012810655,-6.93112144487127,0.611410699773949,0.9993303802855232,Not significant
GENE2971,2,Microenvironment,12p,protein_coding,45,43,9.738010222222222,9.685481627906977,-0.0525285943152447,0.9642448266635653,-0.48397573917970527,-6.94392619698653,0.6295075657226472,0.9993303802855232,Not significant
GENE1610,2,Microenvironment,3q,protein_coding,45,43,6.6256871111111115,6.573208372093023,-0.05247873901809008,0.9642781487043542,-0.4710289976665377,-6.950112954372215,0.638690810184019,0.9993303802855232,Not significant
GENE2345,1,Plasma cells,9p,protein_coding,45,43,10.288013777777778,10.34046,0.052446222222222616,1.0370217998533269,0.4255644950734147,-6.970515583330009,0.6713796807462757,0.9993303802855232,Not significant
GENE2935,2,Microenvironment,12p,protein_coding,45,43,7.666328,7.718678372093023,0.05235037209302629,1.0369529042317196,0.5377704415402335,-6.916432932602199,0.5919825870854419,0.9993303802855232,Not significant
MEOTH006,2,Microenvironment,20q,protein_coding,45,43,9.904584,9.852303488372092,-0.052280511627900594,0.964410650354283,-0.3587448557747866,-6.996759094412151,0.7205753366533469,0.9993303802855232,Not significant
GENE1870,2,Microenvironment,19q,protein_coding,45,43,8.569890222222222,8.622162558139534,0.052272335917315615,1.0368968163903638,0.4593141085728873,-6.955567158573078,0.647049126349843,0.9993303802855232,Not significant
PCOTH135,1,Plasma cells,4q,protein_coding,45,43,8.11030911111111,8.16252953488372,0.05222042377261005,1.0368595066557131,0.43267178678480905,-6.967462011882137,0.6662256669126,0.9993303802855232,Not significant
GENE2339,1,Plasma cells,20q,protein_coding,45,43,8.09303888888889,8.040836744186047,-0.05220214470284468,0.9644630383834527,-0.4771497241717433,-6.947208896921512,0.634342190899609,0.9993303802855232,Not significant
GENE2630,0,Other,3q,protein_coding,45,43,7.166048888888889,7.21823511627907,0.052186227390181195,1.0368349301353856,0.5178964996535127,-6.926925392946931,0.6057243957805659,0.9993303802855232,Not significant
PCOTH066,1,Plasma cells,10q,protein_coding,45,43,6.154057111111111,6.102111162790698,-0.051945948320414104,0.9646343246742022,-0.4674211043897758,-6.951807283679762,0.6412600633560805,0.9993303802855232,Not significant
GENE3823,2,Microenvironment,12p,protein_coding,45,43,9.154537111111111,9.206427441860464,0.051890330749357005,1.0366222971779986,0.4680092129091391,-6.951531982339507,0.6408409605592286,0.9993303802855232,Not significant
PCOTH144,1,Plasma cells,21q,protein_coding,45,43,8.212971777777778,8.16108511627907,-0.05188666149870613,0.9646739666475331,-0.5182420374084571,-6.92674632136201,0.6054842389792656,0.9993303802855232,Not significant
GENE1511,0,Other,20q,protein_coding,45,43,7.5381,7.486217674418604,-0.05188232558139738,0.9646768659108675,-0.3979670004717983,-6.981894807071634,0.6915399353704194,0.9993303802855232,Not significant
GENE3453,2,Microenvironment,18q,protein_coding,45,43,10.744617555555555,10.796435348837209,0.05181779328164815,1.0365701780093837,0.44226552569306143,-6.963260274697673,0.6592938982283398,0.9993303802855232,Not significant
GENE3762,2,Microenvironment,10q,protein_coding,45,43,9.182076888888888,9.233890465116279,0.05181357622738858,1.0365671480784753,0.4180815839534906,-6.973676086557528,0.6768230954840451,0.9993303802855232,Not significant
GENE2538,1,Plasma cells,10q,protein_coding,45,43,7.7319495555555555,7.680136511627907,-0.05181304392765007,0.9647231931051167,-0.46615209879885255,-6.952400147950631,0.6421647883053774,0.9993303802855232,Not significant
GENE1293,1,Plasma cells,18q,protein_coding,45,43,7.9355226666666665,7.987298837209303,0.051776170542638944,1.0365402726819324,0.452960567754242,-6.9584680370894185,0.6516013125350435,0.9993303802855232,Not significant
GENE1561,2,Microenvironment,2p,protein_coding,45,43,7.097342444444444,7.149117209302326,0.05177476485788457,1.0365392627331163,0.44597542498073506,-6.96161085821286,0.6566212896420074,0.9993303802855232,Not significant
GENE1992,0,Other,21q,protein_coding,45,43,6.988333777777778,6.936620465116279,-0.0517133126614997,0.9647898852253587,-0.5450855892840895,-6.912472027527741,0.586961387277112,0.9993303802855232,Not significant
GENE1691,2,Microenvironment,20q,protein_coding,45,43,8.143902888888888,8.092241860465116,-0.051661028423769295,0.9648248504926882,-0.4688099058076937,-6.951156613537672,0.6402705510494696,0.9993303802855232,Not significant
GENE2601,2,Microenvironment,18q,protein_coding,45,43,9.871134222222222,9.819535581395348,-0.05159864082687449,0.964866574075045,-0.42679455016002144,-6.96999070853254,0.6704865456668856,0.9993303802855232,Not significant
GENE3451,2,Microenvironment,12p,protein_coding,45,43,9.633362444444444,9.58183,-0.051532444444443826,0.9649108468702373,-0.45588895046213135,-6.957136003876567,0.6495015320330673,0.9993303802855232,Not significant
GENE2409,0,Other,18q,protein_coding,45,43,8.303850666666667,8.355337209302325,0.051486542635661436,1.0363322031670386,0.4598483346285163,-6.955321409939201,0.6466669714837745,0.9993303802855232,Not significant
GENE1114,0,Other,19q,protein_coding,45,43,8.021277111111111,7.969828604651163,-0.0514485064599457,0.9649669883454551,-0.4531461843698245,-6.95838385937399,0.6514681336077659,0.9993303802855232,Not significant
GENE1241,0,Other,9p,protein_coding,45,43,6.694274222222222,6.642870930232558,-0.05140329198966054,0.9649972311574749,-0.460965198112363,-6.954806724242349,0.6458683368675068,0.9993303802855232,Not significant
GENE2992,1,Plasma cells,7q,protein_coding,45,43,8.591504444444444,8.540113488372093,-0.051390956072348004,0.9650054825041607,-0.504307016445636,-6.93387381351317,0.615203534751757,0.9993303802855232,Not significant
PCFAV032,1,Plasma cells,16q,protein_coding,45,43,5.723124222222222,5.671814883720931,-0.05130933850129171,0.9650600772932407,-0.251190734194959,-7.029629912449461,0.8022046344863312,0.9993303802855232,Not significant
GENE1369,0,Other,2p,protein_coding,45,43,9.638391111111112,9.587116046511628,-0.0512750645994835,0.9650830043611859,-0.46874096930842485,-6.951188956437794,0.6403196525711097,0.9993303802855232,Not significant
GENE3934,0,Other,19q,protein_coding,45,43,8.38338,8.434587441860465,0.05120744186046622,1.0361317358909485,0.4475874149910687,-6.960889893389,0.6554613999958336,0.9993303802855232,Not significant
GENE1372,1,Plasma cells,7q,protein_coding,45,43,8.01772688888889,8.068925581395348,0.051198692506460475,1.0361254521957755,0.47874283161962167,-6.946446906546898,0.6332124204743542,0.9993303802855232,Not significant
GENE2999,2,Microenvironment,20q,protein_coding,45,43,10.001114888888889,10.052304186046511,0.05118929715762377,1.0361187045962565,0.42559345598628995,-6.970503242813853,0.6713586469880117,0.9993303802855232,Not significant
GENE2125,2,Microenvironment,2p,protein_coding,45,43,9.26784111111111,9.216749069767442,-0.05109204134366685,0.9652054445394967,-0.4434829198639573,-6.962720535341421,0.6584163991212847,0.9993303802855232,Not significant
GENE3577,2,Microenvironment,2p,protein_coding,45,43,11.832647111111111,11.781557906976744,-0.0510892041343638,0.9652073427178932,-0.43374111625704925,-6.966998226011775,0.6654515943544657,0.9993303802855232,Not significant
GENE2810,2,Microenvironment,3q,protein_coding,45,43,9.64662911111111,9.595608837209303,-0.0510202739018073,0.96525346026467,-0.503424160446712,-6.934318868842162,0.6158216442718043,0.9993303802855232,Not significant
GENE2292,1,Plasma cells,21q,protein_coding,45,43,6.737628444444445,6.6866111627906974,-0.051017281653747304,0.9652554622683557,-0.44098049721316374,-6.963828397153981,0.6602206651932792,0.9993303802855232,Not significant
MEOTH106,2,Microenvironment,4q,protein_coding,45,43,8.644102666666667,8.695113953488372,0.051011286821708524,1.0359908685289507,0.4114001462253411,-6.976450870190131,0.6816980269733945,0.9993303802855232,Not significant
GENE2572,1,Plasma cells,7q,protein_coding,45,43,8.76512088888889,8.714161860465117,-0.05095902842377065,0.9652944382002507,-0.5029557089277711,-6.934554704315315,0.6161497313447394,0.9993303802855232,Not significant
GENE1128,1,Plasma cells,21q,protein_coding,45,43,8.625020888888889,8.675966046511627,0.05094515762274021,1.0359433826263738,0.4466553692022905,-6.961307068067781,0.6561319405633104,0.9993303802855232,Not significant
GENE3590,0,Other,3q,protein_coding,45,43,8.933377111111112,8.882497674418605,-0.05087943669250805,0.9653476937897341,-0.4803657210780954,-6.945668072322162,0.6320624225526079,0.9993303802855232,Not significant
GENE2010,2,Microenvironment,10q,protein_coding,45,43,10.768810666666667,10.819662790697674,0.05085212403100314,1.0358765809645132,0.4757609353984989,-6.947871098486219,0.6353277730210027,0.9993303802855232,Not significant
GENE1475,0,Other,20q,protein_coding,45,43,7.598749111111111,7.547996046511628,-0.05075306459948159,0.9654322566032302,-0.45428388256147717,-6.95786715942771,0.650652088148679,0.9993303802855232,Not significant
GENE1759,2,Microenvironment,12p,protein_coding,45,43,8.84280911111111,8.893542093023257,0.05073298191215159,1.035791038676426,0.4578191321007255,-6.956253349244286,0.6481190495507508,0.9993303802855232,Not significant
GENE1865,2,Microenvironment,9p,protein_coding,45,43,10.362755111111111,10.413443953488372,0.05068884237726401,1.0357593489332693,0.4502928647442114,-6.95967405536882,0.6535166205535925,0.9993303802855232,Not significant
GENE2757,2,Microenvironment,18q,protein_coding,45,43,8.800565555555556,8.851106279069768,0.050540723514211905,1.0356530148726142,0.43589090568091404,-6.966062376238031,0.6638964881408078,0.9993303802855232,Not significant
GENE3682,0,Other,19q,protein_coding,45,43,7.941792444444444,7.9923013953488375,0.050508950904392336,1.0356302068391208,0.44591306616021276,-6.9616386962423435,0.6566661761580159,0.9993303802855232,Not significant
GENE1150,0,Other,19q,protein_coding,45,43,9.384798222222223,9.43524,0.050441777777777475,1.0355819881251687,0.4214436011292747,-6.972263005841918,0.6743752657682104,0.9993303802855232,Not significant
GENE3999,1,Plasma cells,4q,protein_coding,45,43,7.750307777777778,7.699988837209302,-0.050318940568473636,0.965722810321122,-0.46846458666481533,-6.951318579193204,0.640516528183269,0.9993303802855232,Not significant
GENE2404,2,Microenvironment,7q,protein_coding,45,43,8.934310666666667,8.984608604651163,0.05029793798450122,1.0354787435243302,0.47339540770645705,-6.948994605373918,0.6370080287651407,0.9993303802855232,Not significant
PCOTH095,1,Plasma cells,20q,protein_coding,45,43,6.705723555555555,6.6554490697674416,-0.05027448578811278,0.9657525682780316,-0.4469528561569909,-6.961174009873912,0.6559178892740831,0.9993303802855232,Not significant
GENE2290,1,Plasma cells,19q,protein_coding,45,43,8.512494888888888,8.46223069767442,-0.05026419121446324,0.9657594595794716,-0.47169944988040724,-6.949796669627778,0.6382138514965627,0.9993303802855232,Not significant
GENE1205,1,Plasma cells,9p,protein_coding,45,43,7.68877,7.638556511627907,-0.05021348837209416,0.9657934013403598,-0.4468095853689044,-6.961238102191605,0.6560209735641538,0.9993303802855232,Not significant
GENE2901,2,Microenvironment,18q,protein_coding,45,43,8.764593333333334,8.71447511627907,-0.05011821705426378,0.9658571815889019,-0.46709939012850166,-6.951957736556093,0.6414893752156088,0.9993303802855232,Not significant
GENE3466,1,Plasma cells,19q,protein_coding,45,43,7.749999111111111,7.699880930232558,-0.0501181808785498,0.9658572058078619,-0.4497284414588066,-6.959928311333849,0.6539221526195493,0.9993303802855232,Not significant
GENE1245,1,Plasma cells,18q,protein_coding,45,43,8.261913333333334,8.211837209302326,-0.05007612403100836,0.9658853624869853,-0.43314032445290174,-6.967258939707214,0.6658864545788259,0.9993303802855232,Not significant
GENE2067,2,Microenvironment,4q,protein_coding,45,43,8.199164,8.249216976744187,0.050052976744185074,1.0353029401722473,0.44279918268748847,-6.963023856403067,0.6589091789335441,0.9993303802855232,Not significant
GENE2546,0,Other,3q,protein_coding,45,43,9.677948,9.727902558139535,0.04995455813952887,1.0352323156865042,0.47395372270996805,-6.948729936288286,0.6366112811827112,0.9993303802855232,Not significant
GENE2264,0,Other,15q,protein_coding,45,43,9.438879111111111,9.388936976744185,-0.04994213436692441,0.9659750728288325,-0.42414924615060373,-6.971117614792577,0.6724078673084268,0.9993303802855232,Not significant
GENE2480,2,Microenvironment,15q,protein_coding,45,43,7.093978444444445,7.044050232558139,-0.04992821188630625,0.9659843948502859,-0.4522132309760265,-6.958806609193443,0.652137636874066,0.9993303802855232,Not significant
GENE1646,1,Plasma cells,3q,protein_coding,45,43,8.792304444444444,8.842175813953489,0.04987136950904336,1.035172623878276,0.4123976038354333,-6.976039457028737,0.6809693949627325,0.9993303802855232,Not significant
GENE3099,1,Plasma cells,4q,protein_coding,45,43,9.209342,9.159521860465116,-0.04982013953488185,0.966056759495822,-0.4527113735158089,-6.958580993458982,0.6517801258190565,0.9993303802855232,Not significant
GENE3258,2,Microenvironment,10q,protein_coding,45,43,9.42878288888889,9.378993720930232,-0.04978916795865551,0.966077498890415,-0.4475782418630711,-6.9608940034118145,0.6554679980348483,0.9993303802855232,Not significant
GENE3781,0,Other,2p,protein_coding,45,43,7.658879777777778,7.708655581395349,0.049775803617571945,1.035104055043306,0.4181861627549225,-6.973632301235064,0.6767469009197935,0.9993303802855232,Not significant
GENE3640,1,Plasma cells,7q,protein_coding,45,43,10.118700666666667,10.16842,0.049719333333337445,1.0350635395673555,0.4171503850229855,-6.974065482206215,0.677501701304685,0.9993303802855232,Not significant
PCFAV021,1,Plasma cells,6p,protein_coding,45,43,7.966793333333333,7.917081395348838,-0.049711937984498356,0.9661292160830298,-0.23331922584670983,-7.033970342628084,0.8160113257708075,0.9993303802855232,Not significant
PCOTH087,1,Plasma cells,4q,protein_coding,45,43,6.960057555555555,6.910346976744186,-0.04971057881136787,0.9661301262805785,-0.4522448831640999,-6.958792280832428,0.6521149180532095,0.9993303802855232,Not significant
PCOTH157,1,Plasma cells,2p,protein_coding,45,43,5.802634,5.852334418604651,0.049700418604649244,1.035049969258225,0.45844644699294307,-6.955965684392602,0.6476700034396631,0.9993303802855232,Not significant
GENE2457,2,Microenvironment,18q,protein_coding,45,43,9.254213333333333,9.204533488372093,-0.049679844961239894,0.9661507080486867,-0.42119234535481903,-6.972369000358119,0.6745580804143128,0.9993303802855232,Not significant
GENE2251,2,Microenvironment,12p,protein_coding,45,43,9.515268222222222,9.564936511627907,0.04966828940568391,1.0350269186791632,0.4268109217510292,-6.969983712461016,0.6704746615455286,0.9993303802855232,Not significant
GENE1044,2,Microenvironment,21q,protein_coding,45,43,8.653818444444445,8.70345558139535,0.049637136950906324,1.0350045693397365,0.44596440896970135,-6.961615776227943,0.6566292189877432,0.9993303802855232,Not significant
MEOTH031,2,Microenvironment,21q,protein_coding,45,43,11.390258,11.439870930232559,0.049612930232559194,1.0349872033315364,0.373271881339992,-6.9914328223940485,0.709770764901937,0.9993303802855232,Not significant
GENE3871,2,Microenvironment,12p,protein_coding,45,43,8.953065777777777,9.002563255813953,0.049497478036176545,1.034904381417399,0.46109703301743865,-6.954745888566294,0.6457740931264077,0.9993303802855232,Not significant
GENE1981,0,Other,2p,protein_coding,45,43,8.65687,8.706340697674419,0.04947069767441903,1.034885170942766,0.4760022360112719,-6.947756179540791,0.6351564819697577,0.9993303802855232,Not significant
GENE1568,1,Plasma cells,15q,protein_coding,45,43,7.579873777777778,7.629303720930233,0.04942994315245386,1.0348559370066084,0.440168407737296,-6.964186580110522,0.6608066201642008,0.9993303802855232,Not significant
GENE3680,1,Plasma cells,15q,protein_coding,45,43,6.980683333333333,7.0301102325581395,0.049426899224805254,1.034853753576856,0.48580421912322747,-6.943038983182909,0.6282152401425776,0.9993303802855232,Not significant
GENE1734,2,Microenvironment,10q,protein_coding,45,43,10.928954666666666,10.879538139534883,-0.049416527131777244,0.9663270640479099,-0.42435734082476706,-6.971029218869535,0.6722566462323384,0.9993303802855232,Not significant
GENE1808,0,Other,15q,protein_coding,45,43,8.845680666666667,8.796293255813953,-0.049387410852711255,0.9663465665287443,-0.4606323410470459,-6.954960245230334,0.6461063093691422,0.9993303802855232,Not significant
GENE2375,2,Microenvironment,20q,protein_coding,45,43,7.744159555555555,7.793497441860465,0.049337886304908984,1.0347899060484427,0.4471345385997044,-6.96109270464121,0.6557871771136207,0.9993303802855232,Not significant
PCOTH143,1,Plasma cells,20q,protein_coding,45,43,9.025144444444445,8.97583976744186,-0.049304677002584896,0.966401984938184,-0.4337819751203014,-6.966980482229626,0.6654220243734745,0.9993303802855232,Not significant
GENE2712,2,Microenvironment,21q,protein_coding,45,43,9.90537088888889,9.856069767441861,-0.04930112144703003,0.9664043666613359,-0.451062776968834,-6.959326720730342,0.652963614456344,0.9993303802855232,Not significant
GENE2965,2,Microenvironment,2p,protein_coding,45,43,9.966583555555555,10.01586465116279,0.04928109560723293,1.0347491730574696,0.40675053184283894,-6.978355558446082,0.6850984906688475,0.9993303802855232,Not significant
GENE1351,2,Microenvironment,12p,protein_coding,45,43,8.597140222222222,8.547884186046511,-0.04925603617570751,0.9664345679739188,-0.4365781774742836,-6.965762219819199,0.6633996417478449,0.9993303802855232,Not significant
GENE3746,0,Other,3q,protein_coding,45,43,7.564335333333333,7.515125581395349,-0.04920975193798505,0.966465573421049,-0.462085022774092,-6.95428942603277,0.6450680008845584,0.9993303802855232,Not significant
GEP1Q63,1,Plasma cells,1q,protein_coding,45,43,6.492514444444445,6.44331488372093,-0.04919956072351539,0.9664724005691611,-0.38096060492758677,-6.988528481091856,0.7040759586472344,0.9993303802855232,Not significant
GENE1327,1,Plasma cells,12p,protein_coding,45,43,7.965420444444445,7.916221627906976,-0.04919881653746483,0.9664728991051953,-0.4117760530724381,-6.9762959395410915,0.6814233956300657,0.9993303802855232,Not significant
GENE2811,0,Other,4q,protein_coding,45,43,8.206000666666666,8.156921395348837,-0.04907927131782763,0.9665529867181015,-0.46443447255513365,-6.953200046949102,0.6433902123243532,0.9993303802855232,Not significant
GENE2260,0,Other,7q,protein_coding,45,43,9.076876666666667,9.125953720930232,0.04907705426356479,1.0346028381245098,0.4550124188250948,-6.9575356079856485,0.650129748620845,0.9993303802855232,Not significant
GENE2162,1,Plasma cells,3q,protein_coding,45,43,7.174085111111111,7.125023953488372,-0.04906115762273977,0.9665651223084386,-0.4637108790983491,-6.9535361446180275,0.6439067484832051,0.9993303802855232,Not significant
GENE3925,0,Other,2p,protein_coding,45,43,9.054992888888888,9.005968372093024,-0.04902451679586406,0.9665896709441836,-0.4247456387074928,-6.970864159460681,0.6719745086451194,0.9993303802855232,Not significant
GENE1572,0,Other,21q,protein_coding,45,43,9.107740222222223,9.156732093023257,0.04899187080103573,1.03454175213765,0.4834106817943633,-6.944199700374386,0.6299071680914092,0.9993303802855232,Not significant
GENE1841,0,Other,9p,protein_coding,45,43,9.457432222222222,9.408448372093023,-0.048983850129193485,0.9666169175436748,-0.45229464321197643,-6.958769753358821,0.6520792027141288,0.9993303802855232,Not significant
GENE1953,0,Other,18q,protein_coding,45,43,7.519588888888889,7.568563023255814,0.04897413436692233,1.034529033601637,0.4582725543701561,-6.956045464804889,0.6477944666547026,0.9993303802855232,Not significant
PCOTH073,1,Plasma cells,2p,protein_coding,45,43,7.0332128888888885,7.082052325581396,0.04883943669250712,1.0344324489832464,0.4352023274221815,-6.966362630891986,0.6643944295609043,0.9993303802855232,Not significant
PCOTH128,1,Plasma cells,15q,protein_coding,45,43,5.599632222222223,5.550802558139535,-0.04882966408268885,0.9667202289166403,-0.39986701860792245,-6.981135737813432,0.6901446049025051,0.9993303802855232,Not significant
GENE2803,1,Plasma cells,12p,protein_coding,45,43,8.690621333333333,8.739410930232559,0.04878959689922624,1.0343967137741854,0.4621930255314806,-6.954239468553457,0.6449908336326451,0.9993303802855232,Not significant
GENE2867,1,Plasma cells,20q,protein_coding,45,43,7.758000666666667,7.70927488372093,-0.04872578294573415,0.966789840032814,-0.4511443281677294,-6.959289895493909,0.6529050498801923,0.9993303802855232,Not significant
GENE2500,2,Microenvironment,7q,protein_coding,45,43,10.60903688888889,10.560353255813954,-0.04868363307493695,0.966818086239375,-0.4086227055673625,-6.977591227467073,0.683728504873044,0.9993303802855232,Not significant
GENE3450,1,Plasma cells,10q,protein_coding,45,43,8.971852222222223,9.020531395348836,0.04867917312661696,1.0343175441554422,0.45688162921837605,-6.956682524570881,0.6487903775578323,0.9993303802855232,Not significant
GENE3132,1,Plasma cells,21q,protein_coding,45,43,9.15343888888889,9.202020465116279,0.048581576227396894,1.0342475759585055,0.41927595906791104,-6.973175373233418,0.675953091604754,0.9993303802855232,Not significant
PCOTH033,1,Plasma cells,18q,protein_coding,45,43,4.9495202222222225,4.900943720930233,-0.04857650129199076,0.966889882972736,-0.43663876191139184,-6.965735737817382,0.6633558509119929,0.9993303802855232,Not significant
GENE2513,1,Plasma cells,9p,protein_coding,45,43,9.934112444444445,9.982662093023256,0.048549648578813276,1.0342246877341525,0.40963945696340426,-6.977174664425649,0.6829849272613224,0.9993303802855232,Not significant
PCFAV008,1,Plasma cells,16q,protein_coding,45,43,6.661670444444445,6.613185581395349,-0.048484863049095495,0.966951300598436,-0.274325348138461,-7.0235363729041165,0.7844252510270656,0.9993303802855232,Not significant
GENE3622,0,Other,19q,protein_coding,45,43,7.4012284444444445,7.449691627906977,0.04846318346253575,1.0341627053500286,0.45232830030413246,-6.958754514650056,0.6520550457519451,0.9993303802855232,Not significant
GENE1990,0,Other,19q,protein_coding,45,43,7.217927111111111,7.169606744186047,-0.048320366925061364,0.967061558695201,-0.47039384729098105,-6.950412172496982,0.6391427952851997,0.9993303802855232,Not significant
PCOTH226,1,Plasma cells,19q,protein_coding,45,43,8.014406,7.966136046511628,-0.04826995348837215,0.9670953522185035,-0.4768372890641336,-6.947358039544346,0.6345638594870502,0.9993303802855232,Not significant
GENE3779,1,Plasma cells,20q,protein_coding,45,43,8.522636,8.474371860465116,-0.04826413953488107,0.9670992495485486,-0.41496856781676833,-6.974974455665704,0.679092728550079,0.9993303802855232,Not significant
PCOTH214,1,Plasma cells,19q,protein_coding,45,43,7.737738666666667,7.689481627906977,-0.04825703875968834,0.9671040095089457,-0.3853389580094794,-6.986848220428138,0.7008405350051481,0.9993303802855232,Not significant
GENE3031,1,Plasma cells,12p,protein_coding,45,43,9.930380222222222,9.978496279069768,0.04811605684754561,1.033913905565709,0.4063576756066626,-6.978515501383255,0.6853861017413587,0.9993303802855232,Not significant
PCFAV036,1,Plasma cells,16q,protein_coding,45,43,5.139756888888889,5.187863720930233,0.04810683204134225,1.0339072945878884,0.20407951080368633,-7.040381972671993,0.8387242606637163,0.9993303802855232,Not significant
GENE2256,2,Microenvironment,21q,protein_coding,45,43,10.039494888888889,9.991393488372093,-0.0481014005167939,0.9672083465197058,-0.4565946822025784,-6.956813709711978,0.6489959128482861,0.9993303802855232,Not significant
GENE3797,0,Other,9p,protein_coding,45,43,6.941919777777778,6.990016279069767,0.04809650129198939,1.0338998910836343,0.43288596772079907,-6.967369209394595,0.6660705953913546,0.9993303802855232,Not significant
GENE2055,1,Plasma cells,4q,protein_coding,45,43,7.081432,7.033351162790698,-0.04808083720929979,0.9672221326240593,-0.4083652979365992,-6.977696523730717,0.6839168034559433,0.9993303802855232,Not significant
GENE1345,2,Microenvironment,2p,protein_coding,45,43,8.298692222222222,8.25066558139535,-0.04802664082686725,0.9672584680405742,-0.4172326213900649,-6.9740311285868355,0.6774417613166936,0.9993303802855232,Not significant
PCOTH060,1,Plasma cells,21q,protein_coding,45,43,7.041692666666667,6.993675581395348,-0.04801708527131776,0.9672648746077068,-0.4674598388830288,-6.951789162153611,0.6412324564838312,0.9993303802855232,Not significant
GENE1596,2,Microenvironment,21q,protein_coding,45,43,8.714436,8.762415116279069,0.0479791162790697,1.0338157711474343,0.45967962266665807,-6.955399049634796,0.6467876481831353,0.9993303802855232,Not significant
GENE3656,0,Other,15q,protein_coding,45,43,8.649204888888889,8.697177209302325,0.04797232041343591,1.0338109013334233,0.41951038893293385,-6.973076927017115,0.6757823803030746,0.9993303802855232,Not significant
GENE2489,2,Microenvironment,9p,protein_coding,45,43,10.018104,9.97016046511628,-0.047943534883716055,0.9673141882311179,-0.43776478468444346,-6.965242876989178,0.6625421668910572,0.9993303802855232,Not significant
GENE3761,1,Plasma cells,9p,protein_coding,45,43,9.461685333333334,9.509576046511627,0.04789071317829752,1.0337524246208551,0.37465323089139535,-6.990915381511517,0.7087464154437423,0.9993303802855232,Not significant
PCOTH099,1,Plasma cells,4q,protein_coding,45,43,8.697113111111111,8.649226511627907,-0.04788659948320273,0.9673523636638517,-0.4709303276816242,-6.950159463978834,0.6387610166854623,0.9993303802855232,Not significant
GENE1422,0,Other,10q,protein_coding,45,43,10.87419688888889,10.826393488372092,-0.047803400516801986,0.9674081516406935,-0.3810763768794383,-6.988484298198608,0.7039903375412538,0.9993303802855232,Not significant
GENE1844,0,Other,15q,protein_coding,45,43,9.453063555555556,9.405315813953488,-0.04774774160206263,0.9674454747928363,-0.4030837462753634,-6.97984242084582,0.6877847517502897,0.9993303802855232,Not significant
GENE3770,1,Plasma cells,3q,protein_coding,45,43,7.270177111111111,7.222521395348838,-0.04765571576227323,0.9675071876422625,-0.42999362883869746,-6.968618568809095,0.6681659315744233,0.9993303802855232,Not significant
GENE2713,0,Other,2p,protein_coding,45,43,9.74867888888889,9.796306511627908,0.047627622739017994,1.033563926306945,0.40724365386954436,-6.978154576460397,0.6847375403651508,0.9993303802855232,Not significant
GENE1795,0,Other,12p,protein_coding,45,43,8.015900888888888,8.063505348837209,0.04760445994832274,1.0335473323407671,0.407379983600845,-6.978098969667696,0.6846377640509966,0.9993303802855232,Not significant
PCOTH116,1,Plasma cells,15q,protein_coding,45,43,8.103486222222223,8.150942325581395,0.0474561033591705,1.0334410550825754,0.419788567757116,-6.9729600377842385,0.6755798330747442,0.9993303802855232,Not significant
GENE2370,0,Other,10q,protein_coding,45,43,8.577289555555556,8.529880465116278,-0.047409090439277435,0.9676725948573097,-0.4352537018774407,-6.966340245374724,0.6643572732202263,0.9993303802855232,Not significant
GENE2880,2,Microenvironment,21q,protein_coding,45,43,10.100784666666666,10.14813441860465,0.04734975193799151,1.033364875522207,0.40919649879304965,-6.977356271198346,0.6833088361157527,0.9993303802855232,Not significant
GENE1283,0,Other,20q,protein_coding,45,43,8.859047555555556,8.811726046511628,-0.047321509043923626,0.9677313409444642,-0.42521095519041363,-6.970666162542796,0.6716364710878776,0.9993303802855232,Not significant
GENE2439,1,Plasma cells,4q,protein_coding,45,43,8.251481111111111,8.204171395348837,-0.0473097157622675,0.9677392516772209,-0.43264189228686006,-6.967474961235091,0.6662473123132275,0.9993303802855232,Not significant
GENE1988,0,Other,15q,protein_coding,45,43,10.070912444444444,10.023633255813953,-0.04727918863048863,0.9677597290583604,-0.4328400684947456,-6.967389100927995,0.6661038261800126,0.9993303802855232,Not significant
MEOTH208,2,Microenvironment,18q,protein_coding,45,43,10.373706,10.420961162790698,0.04725516279069808,1.0332971260010477,0.23472554195038556,-7.033640385545199,0.8149227049978433,0.9993303802855232,Not significant
GENE3166,2,Microenvironment,19q,protein_coding,45,43,9.174901555555556,9.222096976744186,0.04719542118862918,1.0332543383391646,0.4318113837585648,-6.967834355010381,0.6668487628678503,0.9993303802855232,Not significant
GENE3307,0,Other,12p,protein_coding,45,43,9.128918666666667,9.176107906976744,0.04718924031007532,1.0332499116199212,0.3958432691127608,-6.9827389863678215,0.6931008157432655,0.9993303802855232,Not significant
GENE2493,2,Microenvironment,18q,protein_coding,45,43,10.779136666666666,10.826276976744186,0.04714031007751451,1.0332148686623306,0.4414870255400564,-6.963604653076253,0.6598552919007888,0.9993303802855232,Not significant
GENE2069,0,Other,9p,protein_coding,45,43,8.817750444444444,8.770618372093024,-0.047132072351418586,0.967858419679533,-0.4009732310632792,-6.980692139313659,0.689332719513863,0.9993303802855232,Not significant
GENE3520,2,Microenvironment,7q,protein_coding,45,43,7.368705333333334,7.415796279069768,0.04709094573643746,1.033179516008338,0.4208302671807729,-6.972521635537555,0.6748215641746621,0.9993303802855232,Not significant
GENE1438,1,Plasma cells,19q,protein_coding,45,43,8.350203777777777,8.397289302325582,0.04708552454780701,1.0331756336559605,0.4365316501999011,-6.965782554824208,0.663433272765542,0.9993303802855232,Not significant
GENE2331,2,Microenvironment,4q,protein_coding,45,43,9.350893555555556,9.397962790697674,0.047069235142112476,1.03316396818158,0.45168837026456693,-6.959044058379384,0.6525144111083966,0.9993303802855232,Not significant
PCOTH024,1,Plasma cells,21q,protein_coding,45,43,8.949002444444444,8.996057906976745,0.047055462532298975,1.033154105184977,0.4909186716216133,-6.940539673995756,0.6246066206592078,0.9993303802855232,Not significant
GENE2151,2,Microenvironment,4q,protein_coding,45,43,9.66060711111111,9.70762465116279,0.04701754005168013,1.0331269481971956,0.39620496650560527,-6.982595530405759,0.6928348850210614,0.9993303802855232,Not significant
MEOTH114,2,Microenvironment,20q,protein_coding,45,43,10.262907555555556,10.309889767441861,0.04698221188630747,1.0331016496886642,0.28497952498610984,-7.020549969011401,0.7762749730734637,0.9993303802855232,Not significant
GENE3095,0,Other,20q,protein_coding,45,43,8.724712,8.67775069767442,-0.04696130232557394,0.9679729906630811,-0.4118383230428587,-6.976270261253727,0.6813779063551109,0.9993303802855232,Not significant
GENE3347,2,Microenvironment,20q,protein_coding,45,43,9.602781555555556,9.649731860465117,0.0469503049095632,1.0330788016266212,0.4209071541044272,-6.9724892345529925,0.6747656102846886,0.9993303802855232,Not significant
PCOTH227,1,Plasma cells,20q,protein_coding,45,43,7.860169111111111,7.907092558139535,0.046923447028426324,1.0330595695307137,0.42357931322815745,-6.971359493764696,0.6728221028464361,0.9993303802855232,Not significant
GENE3073,1,Plasma cells,2p,protein_coding,45,43,6.693329777777778,6.646415813953488,-0.04691396382428703,0.9680047528450727,-0.4163596423115888,-6.974395464637117,0.6780781592737603,0.9993303802855232,Not significant
GENE2727,1,Plasma cells,4q,protein_coding,45,43,7.289646666666667,7.2428074418604655,-0.04683922480620062,0.9680549017654643,-0.4592047228526274,-6.9556174418784495,0.6471273863236517,0.9993303802855232,Not significant
GENE3457,0,Other,2p,protein_coding,45,43,8.16757088888889,8.120776511627907,-0.04679437726098179,0.9680849951390147,-0.41940380977852637,-6.9731216905452555,0.6758599889055521,0.9993303802855232,Not significant
PCOTH043,1,Plasma cells,12p,protein_coding,45,43,6.876816444444445,6.830137906976744,-0.04667853746769968,0.96816272970166,-0.43287693928662824,-6.967373122249655,0.6660771318757178,0.9993303802855232,Not significant
GENE2646,1,Plasma cells,10q,protein_coding,45,43,8.543414666666667,8.590043023255815,0.04662835658914943,1.0328482879924197,0.4136884387250851,-6.9755055633136305,0.6800269027803807,0.9993303802855232,Not significant
PCOTH206,1,Plasma cells,3q,protein_coding,45,43,7.292684666666666,7.339296744186047,0.04661207751938168,1.0328366336136343,0.40051908617132576,-6.980874402198643,0.6896659873595312,0.9993303802855232,Not significant
GENE2716,1,Plasma cells,7q,protein_coding,45,43,8.372479333333333,8.419088837209301,0.04660950387596685,1.032834791123881,0.40175211694714974,-6.980379068199888,0.6887612876071059,0.9993303802855232,Not significant
GENE1253,2,Microenvironment,9p,protein_coding,45,43,10.271729333333333,10.318286744186047,0.04655741085271359,1.0327974980620032,0.4421454404294424,-6.963313435191099,0.6593804816622304,0.9993303802855232,Not significant
GENE1366,1,Plasma cells,19q,protein_coding,45,43,9.20702,9.25353023255814,0.04651023255814124,1.0327637245849175,0.3802289879866364,-6.988807383852905,0.7046171264115307,0.9993303802855232,Not significant
GENE3875,2,Microenvironment,20q,protein_coding,45,43,9.585036888888888,9.631505581395349,0.04646869250646368,1.0327339882652886,0.4066997671134767,-6.978376234875125,0.6851356530521103,0.9993303802855232,Not significant
PCFAV070,1,Plasma cells,11q,protein_coding,45,43,8.071303555555556,8.024870697674418,-0.046432857881132605,0.9683276142172546,-0.2220177468442177,-7.036550038759926,0.8247726565078486,0.9993303802855232,Not significant
MEOTH158,2,Microenvironment,12p,protein_coding,45,43,8.688464666666667,8.642033023255815,-0.04643164341085182,0.9683284293622236,-0.318525262997487,-7.010405289262959,0.7507798927876178,0.9993303802855232,Not significant
GENE3331,0,Other,12p,protein_coding,45,43,8.170065333333334,8.123639302325582,-0.046426031007751334,0.9683321963815148,-0.4239602152557854,-6.971197875229143,0.6725452465259643,0.9993303802855232,Not significant
GENE1744,1,Plasma cells,7q,protein_coding,45,43,8.719550444444444,8.673190697674418,-0.0463597467700243,0.9683766871672956,-0.4555651649804181,-6.957283704398389,0.6497335619850687,0.9993303802855232,Not significant
GENE2219,0,Other,20q,protein_coding,45,43,10.250677333333334,10.204324651162791,-0.04635268217053934,0.9683814291328542,-0.43130528348381775,-6.968053027242088,0.6672153851258378,0.9993303802855232,Not significant
GENE1433,0,Other,9p,protein_coding,45,43,9.659050222222222,9.70533023255814,0.04628001033592,1.0325989314838504,0.40036377016866365,-6.980936688244021,0.689779977861796,0.9993303802855232,Not significant
GENE2449,2,Microenvironment,2p,protein_coding,45,43,9.115950666666667,9.069706046511628,-0.04624462015503816,0.9684539664087533,-0.42721499303500776,-6.96981095596672,0.6701813731573959,0.9993303802855232,Not significant
GENE1015,1,Plasma cells,12p,protein_coding,45,43,8.720501333333333,8.766729999999999,0.046228666666667806,1.0325621832639524,0.41409987080628574,-6.975335044201056,0.6797266057202577,0.9993303802855232,Not significant
PCOTH185,1,Plasma cells,9p,protein_coding,45,43,7.789348666666666,7.8355658139534885,0.04621714728682402,1.032553938674363,0.4064150084850532,-6.97849216913773,0.6853441253045403,0.9993303802855232,Not significant
PCOTH231,1,Plasma cells,4q,protein_coding,45,43,7.454670222222222,7.500885116279069,0.046214894056848976,1.0325523260122251,0.3937614682018988,-6.983562128690957,0.6946321638109576,0.9993303802855232,Not significant
GENE3809,2,Microenvironment,9p,protein_coding,45,43,8.780439333333334,8.734226744186046,-0.04621258914728976,0.9684754684587276,-0.37448953329710344,-6.990976800667375,0.708867778647011,0.9993303802855232,Not significant
GENE2562,2,Microenvironment,10q,protein_coding,45,43,9.162597333333334,9.20879953488372,0.04620220155038446,1.032543241889073,0.46462862654208054,-6.953109776737853,0.64325164554188,0.9993303802855232,Not significant
GENE1538,1,Plasma cells,3q,protein_coding,45,43,6.218715555555556,6.172539534883721,-0.046176020671834905,0.9685000170426233,-0.4361935232079789,-6.965930270268173,0.6636776996658549,0.9993303802855232,Not significant
PCADV024,1,Plasma cells,8q,protein_coding,45,43,8.077297111111111,8.12346,0.046162888888886755,1.032515106026157,0.19395734503544457,-7.04240197981243,0.8466199421256082,0.9993303802855232,Not significant
GENE3910,1,Plasma cells,19q,protein_coding,45,43,9.430546444444444,9.38439558139535,-0.0461508630490961,0.9685169058304829,-0.39940859591820826,-6.981319210387707,0.6904811625039062,0.9993303802855232,Not significant
GENE2816,1,Plasma cells,15q,protein_coding,45,43,7.5381920000000004,7.584326046511628,0.04613404651163311,1.0324944641776146,0.37529065767560305,-6.990675964686967,0.7082739073458117,0.9993303802855232,Not significant
GENE3230,1,Plasma cells,3q,protein_coding,45,43,8.295168222222221,8.341288604651163,0.046120382428938456,1.0324846852412972,0.449064607717299,-6.960226942398328,0.6543992428652855,0.9993303802855232,Not significant
GENE3146,0,Other,3q,protein_coding,45,43,10.570806666666666,10.616861627906976,0.04605496124031028,1.0324378667232035,0.38947549392141123,-6.985243176734865,0.6977888583936129,0.9993303802855232,Not significant
PCOTH055,1,Plasma cells,12p,protein_coding,45,43,6.040089555555555,5.994190930232558,-0.04589862532299804,0.9686862540658855,-0.4382431279049703,-6.965033123268985,0.6621966299261479,0.9993303802855232,Not significant
GENE3405,2,Microenvironment,18q,protein_coding,45,43,8.721340666666666,8.76723511627907,0.04589444961240119,1.0323230059524995,0.39421619892722615,-6.983382697834047,0.69429756094596,0.9993303802855232,Not significant
MEOTH074,2,Microenvironment,12p,protein_coding,45,43,7.377121111111111,7.331228372093023,-0.04589273901808788,0.9686902063871484,-0.21926912878540478,-7.037158104129436,0.8269068899898291,0.9993303802855232,Not significant
GENE2963,1,Plasma cells,20q,protein_coding,45,43,9.304176222222223,9.258323488372094,-0.045852733850127336,0.9687170680249926,-0.4478605417717221,-6.960767480421299,0.6552649581345666,0.9993303802855232,Not significant
GENE3652,1,Plasma cells,7q,protein_coding,45,43,6.767730888888889,6.813521627906977,0.045790739018091386,1.0322487983193354,0.37741643690947635,-6.989874591107218,0.7066989470136621,0.9993303802855232,Not significant
GENE3129,1,Plasma cells,18q,protein_coding,45,43,8.073928222222222,8.119683720930233,0.04575549870800799,1.032223584173292,0.42391441073355135,-6.9712173179602175,0.6725785368798864,0.9993303802855232,Not significant
PCOTH040,1,Plasma cells,7q,protein_coding,45,43,8.891745333333333,8.846046046511628,-0.045699286821706764,0.9688201075840626,-0.43906498073226297,-6.964672207697745,0.6616031252549984,0.9993303802855232,Not significant
GENE1344,0,Other,21q,protein_coding,45,43,7.230692666666666,7.276334418604651,0.04564175193798725,1.0321422035163568,0.38170273323115056,-6.988245025176836,0.7035271712126958,0.9993303802855232,Not significant
GENE3371,1,Plasma cells,20q,protein_coding,45,43,7.736288222222222,7.781918139534883,0.04562991731266308,1.032133736747003,0.38316940238242914,-6.987683213438646,0.702443063332627,0.9993303802855232,Not significant
GENE3346,0,Other,19q,protein_coding,45,43,8.780224222222222,8.825845348837209,0.045621126614989294,1.0321274477200506,0.42131038316517017,-6.972319212885603,0.6744721932288581,0.9993303802855232,Not significant
GENE1861,2,Microenvironment,2p,protein_coding,45,43,8.244106666666667,8.198493023255814,-0.04561364341085117,0.9688776218327438,-0.40625561472802413,-6.9785570280632925,0.6854608283570913,0.9993303802855232,Not significant
GENE3699,2,Microenvironment,4q,protein_coding,45,43,9.343747111111112,9.298207441860464,-0.04553966925064401,0.9689273022876608,-0.4116028973853467,-6.9763673234685495,0.6815498949953669,0.9993303802855232,Not significant
GENE1716,2,Microenvironment,21q,protein_coding,45,43,9.970668444444444,10.016202790697674,0.04553434625322872,1.03206536550796,0.36623164098224015,-6.99404042249942,0.7149997502151796,0.9993303802855232,Not significant
GENE3377,0,Other,9p,protein_coding,45,43,10.317127333333334,10.362659069767442,0.04553173643411412,1.0320634985150017,0.4798217962396128,-6.945929397296445,0.6324477533481703,0.9993303802855232,Not significant
PCOTH142,1,Plasma cells,19q,protein_coding,45,43,8.367678222222223,8.322167906976745,-0.045510315245477884,0.9689470169089642,-0.42704903425560775,-6.969881929631852,0.670301825387473,0.9993303802855232,Not significant
GENE1937,2,Microenvironment,9p,protein_coding,45,43,9.979032,10.024371395348837,0.0453393953488348,1.0319259122783273,0.4162580710985993,-6.974437805798951,0.6781522194091527,0.9993303802855232,Not significant
GENE2595,2,Microenvironment,4q,protein_coding,45,43,10.627499333333333,10.582241860465116,-0.04525747286822224,0.9691168465192976,-0.40931230960678217,-6.977308809256752,0.6832241448642657,0.9993303802855232,Not significant
GENE2808,1,Plasma cells,21q,protein_coding,45,43,9.125949111111112,9.171171860465117,0.04522274935400716,1.0318424815079867,0.4448867159042667,-6.962096319348889,0.657405134278793,0.9993303802855232,Not significant
GENE3343,2,Microenvironment,12p,protein_coding,45,43,11.053358,11.008173720930232,-0.04518427906976896,0.9691660150133525,-0.3661304877168084,-6.994077527383556,0.7150749794042824,0.9993303802855232,Not significant
GENE2761,2,Microenvironment,2p,protein_coding,45,43,8.644737333333333,8.599559069767443,-0.04517826356589083,0.9691700560850353,-0.38038227600673635,-6.988748992546812,0.7045037286210825,0.9993303802855232,Not significant
GENE2749,1,Plasma cells,2p,protein_coding,45,43,8.802691777777778,8.757571627906977,-0.04512014987079738,0.9692090963436595,-0.41176111864484827,-6.976302097480468,0.681434305658944,0.9993303802855232,Not significant
GENE1667,1,Plasma cells,20q,protein_coding,45,43,8.047022,8.001936046511627,-0.045085953488372965,0.9692320699013228,-0.46426511886847205,-6.953278755807529,0.6435110895364318,0.9993303802855232,Not significant
GENE3876,0,Other,21q,protein_coding,45,43,8.93174288888889,8.976794883720931,0.04505199483204514,1.0317203619066615,0.41468573610137355,-6.97509193930104,0.6792990819794413,0.9993303802855232,Not significant
GENE1357,1,Plasma cells,2p,protein_coding,45,43,9.329886,9.374925813953489,0.04503981395348866,1.0317116509822992,0.36449655602032827,-6.994675467684523,0.7162905477314435,0.9993303802855232,Not significant
PCOTH007,1,Plasma cells,12p,protein_coding,45,43,6.776167555555555,6.731139302325581,-0.04502825322997417,0.9692708348916113,-0.4319256653461332,-6.967784941676748,0.6667659877376897,0.9993303802855232,Not significant
PCOTH023,1,Plasma cells,20q,protein_coding,45,43,7.643671777777778,7.688650697674419,0.04497891989663749,1.0316681048548857,0.40081412091393775,-6.980756018737207,0.6894494732973115,0.9993303802855232,Not significant
GENE1012,1,Plasma cells,7q,protein_coding,45,43,8.958759333333333,9.00366465116279,0.04490531782945695,1.0316154735183207,0.37995960052300826,-6.988909943538787,0.7048164271762374,0.9993303802855232,Not significant
GENE3930,0,Other,10q,protein_coding,45,43,7.674427777777778,7.629560697674418,-0.044867080103357715,0.9693791246778163,-0.4240450493584617,-6.971161860011813,0.6724835915127323,0.9993303802855232,Not significant
GENE3444,2,Microenvironment,21q,protein_coding,45,43,8.236016888888889,8.280812093023256,0.044795204134366884,1.0315367384748615,0.382399426942196,-6.987978422520056,0.7030121243585206,0.9993303802855232,Not significant
GENE1609,1,Plasma cells,2p,protein_coding,45,43,8.349809777777779,8.394601395348838,0.04479161757105743,1.0315341740609592,0.3968865160682162,-6.9823248602097765,0.6923338939211421,0.9993303802855232,Not significant
GENE3257,0,Other,9p,protein_coding,45,43,9.729384666666666,9.6846881395348845,-0.0446965271317854,0.9694937298151035,-0.3592448008755245,-6.996579294464799,0.720202541165456,0.9993303802855232,Not significant
GENE2340,0,Other,21q,protein_coding,45,43,5.937545777777777,5.892918139534884,-0.044627638242894285,0.9695400243808425,-0.3816297935053839,-6.98827290887612,0.7035811015787481,0.9993303802855232,Not significant
GENE3112,2,Microenvironment,7q,protein_coding,45,43,9.953946222222221,9.998562325581396,0.04461610335917321,1.0314086881544038,0.3681882376288352,-6.993320695859841,0.7135451542196303,0.9993303802855232,Not significant
GENE2008,2,Microenvironment,7q,protein_coding,45,43,11.308803555555556,11.264261162790698,-0.04454239276486227,0.9695973139273651,-0.3732136336048675,-6.991454599587803,0.7098139706432709,0.9993303802855232,Not significant
GENE2033,1,Plasma cells,9p,protein_coding,45,43,6.0351975555555555,5.990667209302326,-0.04453034625323049,0.9696054101041416,-0.41789698383057083,-6.973753348785136,0.6769576005967661,0.9993303802855232,Not significant
GENE2892,0,Other,21q,protein_coding,45,43,9.297582222222223,9.342112093023255,0.04452987080103554,1.0313470407867256,0.3890526445720356,-6.9854080331202475,0.6981005834458103,0.9993303802855232,Not significant
GENE1971,0,Other,4q,protein_coding,45,43,8.685211111111112,8.640690930232559,-0.04452018087854803,0.9696122420656672,-0.416977961002872,-6.974137489130945,0.6776273835024822,0.9993303802855232,Not significant
PCOTH181,1,Plasma cells,2p,protein_coding,45,43,7.028527777777778,7.072983255813954,0.044455478036174334,1.0312938606082445,0.4327674810806514,-6.967420554141017,0.6661563804298725,0.9993303802855232,Not significant
GENE1986,0,Other,10q,protein_coding,45,43,8.902237777777778,8.94668953488372,0.04445175710594462,1.0312912007477442,0.3812385834627038,-6.988422371606036,0.7038703813284533,0.9993303802855232,Not significant
GENE3321,1,Plasma cells,18q,protein_coding,45,43,6.432599555555555,6.476996046511628,0.04439649095607212,1.031251695238415,0.417414264039384,-6.973955224836296,0.6773093739793243,0.9993303802855232,Not significant
GENE3710,2,Microenvironment,3q,protein_coding,45,43,11.657263777777779,11.61288511627907,-0.04437866149871006,0.9697073596405332,-0.45908868360168276,-6.955670770698828,0.6472104108959509,0.9993303802855232,Not significant
GENE1399,2,Microenvironment,12p,protein_coding,45,43,8.831052222222223,8.786675581395349,-0.04437664082687576,0.9697087178359007,-0.36889465775900315,-6.993059902345917,0.7130202385299202,0.9993303802855232,Not significant
PCFAV072,1,Plasma cells,16q,protein_coding,45,43,7.907024222222222,7.862649069767442,-0.04437515245478085,0.9697097182470059,-0.26332130690382455,-7.026501588562581,0.7928684451296688,0.9993303802855232,Not significant
GENE1065,1,Plasma cells,18q,protein_coding,45,43,7.988027777777778,8.032347441860464,0.044319664082685506,1.031196780144318,0.3591673164440867,-6.996607177269939,0.7202603147805007,0.9993303802855232,Not significant
GENE2173,2,Microenvironment,2p,protein_coding,45,43,9.282584444444444,9.23827,-0.04431444444444388,0.9697505240892268,-0.35220719902220726,-6.999087308429863,0.7254564698710678,0.9993303802855232,Not significant
GENE2140,1,Plasma cells,7q,protein_coding,45,43,7.530884666666667,7.486602325581395,-0.04428234108527285,0.9697721035602059,-0.3998085478983182,-6.981159150968913,0.6901875285526029,0.9993303802855232,Not significant
GENE1871,1,Plasma cells,20q,protein_coding,45,43,8.905868666666667,8.950149534883721,0.04428086821705435,1.03116905035203,0.42490001085324336,-6.970798496474905,0.6718623547410126,0.9993303802855232,Not significant
GENE2560,1,Plasma cells,7q,protein_coding,45,43,7.342699777777778,7.298465813953489,-0.04423396382428901,0.9698046230486748,-0.36648368370039386,-6.993947924117894,0.7148123145281708,0.9993303802855232,Not significant
GENE2647,0,Other,12p,protein_coding,45,43,8.318834666666667,8.363022093023256,0.04418742635658823,1.0311022647656998,0.4112985452116059,-6.976492721016911,0.6817722623544689,0.9993303802855232,Not significant
GENE2122,0,Other,19q,protein_coding,45,43,8.379937555555555,8.424041395348837,0.044103839793278254,1.031042526709065,0.4415235473328142,-6.963588510755239,0.6598289508758872,0.9993303802855232,Not significant
GENE2432,2,Microenvironment,15q,protein_coding,45,43,8.406943333333334,8.45100441860465,0.04406108527132169,1.0310119720347102,0.47232557865272484,-6.949500890048228,0.6377685617266411,0.9993303802855232,Not significant
GENE2840,1,Plasma cells,15q,protein_coding,45,43,7.408777111111111,7.364752558139535,-0.04402455297157548,0.969945402872114,-0.39607231177743885,-6.982648158920621,0.6929324122754086,0.9993303802855232,Not significant
GENE3546,0,Other,10q,protein_coding,45,43,9.044138888888888,9.088161860465116,0.044022971576227476,1.0309847347075085,0.41172466195971075,-6.9763171287963015,0.6814609386001749,0.9993303802855232,Not significant
GENE1645,0,Other,2p,protein_coding,45,43,10.816334888888889,10.772368837209303,-0.043966051679586116,0.9699847349610865,-0.373880181312012,-6.9912051936259685,0.7093196100034016,0.9993303802855232,Not significant
GENE2897,2,Microenvironment,9p,protein_coding,45,43,8.736749111111111,8.780707441860464,0.04395833074935496,1.0309385418456272,0.37599285825759776,-6.990411749157202,0.7077535161044803,0.9993303802855232,Not significant
GENE1885,1,Plasma cells,2p,protein_coding,45,43,9.606855555555555,9.650792558139536,0.043937002583982476,1.0309233010188714,0.42450468415092923,-6.97096660321292,0.67214958091781285,0.9993303802855232,Not significant
GENE2506,0,Other,19q,protein_coding,45,43,9.02959688888889,8.985772558139535,-0.04382433074935399,0.9700800246011081,-0.3849274655278755,-6.987006951974617,0.7011443776557436,0.9993303802855232,Not significant
GENE1328,2,Microenvironment,15q,protein_coding,45,43,8.806238888888888,8.762432093023255,-0.04380679586562941,0.9700918152729595,-0.3991785867436045,-6.981411186963093,0.6906500504679696,0.9993303802855232,Not significant
GENE1657,2,Microenvironment,2p,protein_coding,45,43,9.823246444444445,9.867041395348837,0.043794950904395336,1.030821798502494,0.3554913956924201,-6.997923066440197,0.723002998159678,0.9993303802855232,Not significant
GENE2891,0,Other,20q,protein_coding,45,43,8.916312444444445,8.872590232558139,-0.04372221188630121,0.9701486925957169,-0.3851954941502007,-6.98690358022355,0.7009464620178981,0.9993303802855232,Not significant
GENE2580,1,Plasma cells,21q,protein_coding,45,43,6.8743417777777776,6.917991860465117,0.04365008268734272,1.030718293732314,0.386263262409339,-6.986491057383276,0.7001582135326041,0.9993303802855232,Not significant
GENE1238,2,Microenvironment,3q,protein_coding,45,43,10.042124666666666,10.085773953488372,0.04364928682170799,1.0307177251346413,0.3686775183041724,-6.99314011812998,0.7131815724609987,0.9993303802855232,Not significant
GENE3055,0,Other,12p,protein_coding,45,43,8.614676,8.658285581395349,0.04360958139534432,1.0306893584165073,0.38249272429227177,-6.9879426837755165,0.7029431626506315,0.9993303802855232,Not significant
GENE2197,2,Microenvironment,2p,protein_coding,45,43,10.200976222222222,10.15740488372093,-0.04357133850129635,0.9702501535883796,-0.40206370289976723,-6.980253657494198,0.6885327421487963,0.9993303802855232,Not significant
GENE3011,0,Other,20q,protein_coding,45,43,8.521372888888889,8.564923023255814,0.04355013436692623,1.0306468891797664,0.3940174788984038,-6.98346113557746,0.6944437769465478,0.9993303802855232,Not significant
GENE3060,1,Plasma cells,21q,protein_coding,45,43,8.293821777777778,8.33725511627907,0.04343333850129483,1.030563454760359,0.3661723350360326,-6.994062178254289,0.7150438565891184,0.9993303802855232,Not significant
GENE2960,1,Plasma cells,15q,protein_coding,45,43,8.159623555555555,8.203046744186047,0.04342318863048966,1.030556204406798,0.3910083667136919,-6.984644058748449,0.6966592572096585,0.9993303802855232,Not significant
PCOTH006,1,Plasma cells,10q,protein_coding,45,43,7.998991111111111,8.042408604651163,0.043417493540049534,1.0305521362572325,0.4501772347177259,-6.959726169132478,0.6535996910253057,0.9993303802855232,Not significant
GENE2517,1,Plasma cells,18q,protein_coding,45,43,7.745957777777778,7.7025523255813955,-0.04340545219638603,0.9703617228819498,-0.3887266238855964,-6.9855350170144455,0.698340961617467,0.9993303802855232,Not significant
GENE3084,2,Microenvironment,21q,protein_coding,45,43,8.92894888888889,8.885795813953488,-0.043153074935400326,0.9705314875574994,-0.36943186776489684,-6.992861243522142,0.7126211492353762,0.9993303802855232,Not significant
GENE3548,1,Plasma cells,15q,protein_coding,45,43,8.160101555555556,8.11697,-0.04313155555555781,0.9705459642077282,-0.39293058728598834,-6.983889450375499,0.6952437039939521,0.9993303802855232,Not significant
PCOTH112,1,Plasma cells,7q,protein_coding,45,43,6.860604222222222,6.817517441860465,-0.043086780361755395,0.9705760863449565,-0.42362230607797646,-6.9713412589403685,0.6727908514989371,0.9993303802855232,Not significant
GENE2384,0,Other,15q,protein_coding,45,43,8.502236444444444,8.545251162790697,0.04301471834625126,1.0302644643041319,0.41788209370097035,-6.973759579393431,0.6769684504420544,0.9993303802855232,Not significant
GENE2875,0,Other,12p,protein_coding,45,43,8.426865555555555,8.383886976744186,-0.04297857881137013,0.9706488818925804,-0.42333033721580876,-6.97146505725108,0.6730030938973399,0.9993303802855232,Not significant
GENE3027,2,Microenvironment,4q,protein_coding,45,43,10.026329555555556,10.069245348837208,0.04291579328165618,1.0301938218734037,0.3886385980603846,-6.985569284565395,0.6984058691711675,0.9993303802855232,Not significant
GENE3423,0,Other,4q,protein_coding,45,43,7.376310666666667,7.3333969767441864,-0.042913689922477793,0.9706925402833886,-0.3691137793680753,-6.992978906570774,0.712857445082532,0.9993303802855232,Not significant
GENE1339,0,Other,12p,protein_coding,45,43,8.235032888888888,8.27792558139535,0.042892692506461216,1.0301773262976368,0.36202563650062514,-6.995574639082957,0.7181301827557639,0.9993303802855232,Not significant
GENE1979,1,Plasma cells,20q,protein_coding,45,43,8.310332888888889,8.267443720930233,-0.042889167958655605,0.9707090396051288,-0.39441516712545693,-6.983304122640108,0.6941511739214454,0.9993303802855232,Not significant
GENE1169,2,Microenvironment,9p,protein_coding,45,43,8.506009333333333,8.548891395348837,0.04288206201550615,1.030169735469297,0.349392116369602,-7.000076671916569,0.7275617698591257,0.9993303802855232,Not significant
GENE2459,2,Microenvironment,20q,protein_coding,45,43,7.121250666666667,7.164118604651163,0.04286793798449562,1.030159650123708,0.3841098098205901,-6.9873218575825335,0.7017482719419337,0.9993303802855232,Not significant
GENE2618,0,Other,3q,protein_coding,45,43,7.741296222222222,7.698442558139535,-0.04285366408268754,0.970732928477301,-0.3363884503576135,-7.00454403641337,0.7373136508785137,0.9993303802855232,Not significant
GENE1917,1,Plasma cells,18q,protein_coding,45,43,8.641487777777778,8.684301395348838,0.04281361757106161,1.0301208632401009,0.37188540351073207,-6.99195026790538,0.7107994532911742,0.9993303802855232,Not significant
PCOTH237,1,Plasma cells,18q,protein_coding,45,43,6.2573157777777775,6.214534418604651,-0.042781359173125644,0.9707815808352148,-0.38791564621436203,-6.9858504296269,0.6989390364846243,0.9993303802855232,Not significant
GENE2829,0,Other,18q,protein_coding,45,43,9.376054222222223,9.333291395348837,-0.042762826873381954,0.9707940511981701,-0.3243087863200671,-7.008542528924991,0.7464112800618032,0.9993303802855232,Not significant
GENE3325,1,Plasma cells,2p,protein_coding,45,43,7.6758968888888885,7.63324023255814,-0.04265665633074356,0.9708654963206123,-0.3815112649735528,-6.988318209121422,0.7036687427462893,0.9993303802855232,Not significant
GENE1725,2,Microenvironment,18q,protein_coding,45,43,6.946024,6.98866976744186,0.04264576744186144,1.0300010209608108,0.3874552676490905,-6.986029191947782,0.6992786381587732,0.9993303802855232,Not significant
GENE2705,2,Microenvironment,9p,protein_coding,45,43,10.020531111111111,10.063135581395349,0.04260447028423542,1.0299715375949439,0.3747354803026396,-6.990884511522049,0.7086854396665233,0.9993303802855232,Not significant
GENE2086,1,Plasma cells,19q,protein_coding,45,43,7.368648666666667,7.4112034883720925,0.04255482170542635,1.0299360929987442,0.36921738840834434,-6.9929405919844685,0.7127804747673838,0.9993303802855232,Not significant
GENE3858,1,Plasma cells,10q,protein_coding,45,43,7.776683333333334,7.734164651162791,-0.04251868217054344,0.9709583508417589,-0.3381932315088426,-7.003934110541215,0.7359575735508151,0.9993303802855232,Not significant
GENE1156,0,Other,7q,protein_coding,45,43,7.883960222222222,7.926456744186047,0.04249652196382403,1.0298944738116085,0.35730656478955636,-6.997274967878826,0.7216482071967057,0.9993303802855232,Not significant
PCFAV034,1,Plasma cells,11q,protein_coding,45,43,8.0942,8.136572093023256,0.04237209302325695,1.0298056517469703,0.1317845252238709,-7.052557115660419,0.8954310945863015,0.9993303802855232,Not significant
GENE2869,2,Microenvironment,2p,protein_coding,45,43,8.89215511111111,8.84981046511628,-0.0423446459948309,0.9710754872192646,-0.41831848553066536,-6.973576884357165,0.6766504973237644,0.9993303802855232,Not significant
GENE1731,1,Plasma cells,4q,protein_coding,45,43,5.988666444444444,6.030960465116279,0.042294020671834964,1.0297499246729391,0.36625103116888275,-6.994033308653773,0.714985329765925,0.9993303802855232,Not significant
GENE2759,1,Plasma cells,20q,protein_coding,45,43,9.32992288888889,9.287643720930232,-0.04227916795865916,0.9711195613700789,-0.3855073714051002,-6.986783206890471,0.7007161939583588,0.9993303802855232,Not significant
GENE2510,0,Other,3q,protein_coding,45,43,11.371816444444445,11.329595581395349,-0.042220863049097446,0.9711588088761338,-0.3987221702387923,-6.981593543445752,0.6909852279945704,0.9993303802855232,Not significant
PCOTH101,1,Plasma cells,9p,protein_coding,45,43,7.449581111111111,7.4074216279069764,-0.042159483204140535,0.9712001279654068,-0.3670769381399357,-6.99372995232418,0.7143712001358472,0.9993303802855232,Not significant
GENE2017,2,Microenvironment,2p,protein_coding,45,43,9.165713777777778,9.207797674418606,0.04208389664082546,1.0295999557310975,0.34806544381380033,-7.0005401868338,0.728554666695027,0.9993303802855232,Not significant
GENE2876,1,Plasma cells,15q,protein_coding,45,43,6.809656444444444,6.767576046511628,-0.04208039793281593,0.9712533684138052,-0.36952554317099656,-6.9928265730922465,0.712551566656054,0.9993303802855232,Not significant
PCOTH218,1,Plasma cells,3q,protein_coding,45,43,8.353128,8.395191395348837,0.04206339534883696,1.0295853247947258,0.3591819643538507,-6.996601906673258,0.7202493929434122,0.9993303802855232,Not significant
GENE2193,2,Microenvironment,18q,protein_coding,45,43,8.801197111111112,8.843204418604651,0.042007307493541646,1.029545298241251,0.40066984762243874,-6.980813919627061,0.6895553464037735,0.9993303802855232,Not significant
PCFAV071,1,Plasma cells,5q,protein_coding,45,43,5.948494222222222,5.990498139534884,0.04200391731265807,1.0295428789214438,0.1457579829602001,-7.0506122824970845,0.8844186877157154,0.9993303802855232,Not significant
GENE3285,0,Other,18q,protein_coding,45,43,8.627279555555555,8.669273953488371,0.04199439793281279,1.0295360856788527,0.376102707643713,-6.9903703718173,0.7076721207596304,0.9993303802855232,Not significant
GENE1987,2,Microenvironment,12p,protein_coding,45,43,9.230306222222222,9.188423023255814,-0.04188319896640458,0.9713861360781214,-0.3292702865576606,-7.006917874865308,0.7426701660263614,0.9993303802855232,Not significant
GENE3737,0,Other,9p,protein_coding,45,43,7.823424222222222,7.865179767441861,0.04175554521963942,1.029365649706387,0.38188625800391945,-6.98817484306976,0.7033914828854837,0.9993303802855232,Not significant
GENE3431,1,Plasma cells,20q,protein_coding,45,43,9.509845111111112,9.468152790697674,-0.0416923204134374,0.971514665698918,-0.4300464950519676,-6.9685958078521155,0.6681276093510273,0.9993303802855232,Not significant
GENE2552,2,Microenvironment,15q,protein_coding,45,43,8.046173333333334,8.00453488372093,-0.041638449612404926,0.9715509431164687,-0.3693190153760572,-6.992902999951138,0.7127049798040312,0.9993303802855232,Not significant
GENE1426,2,Microenvironment,19q,protein_coding,45,43,7.650590666666667,7.609028372093023,-0.04156229457364624,0.9716022293900531,-0.3987981285302271,-6.981563209520385,0.6909294424108443,0.9993303802855232,Not significant
GENE2116,0,Other,7q,protein_coding,45,43,8.814996444444445,8.773460697674418,-0.041535746770026805,0.971620108527207,-0.40489777853736625,-6.979108517319352,0.6864553017587014,0.9993303802855232,Not significant
GENE2776,0,Other,7q,protein_coding,45,43,7.613188666666667,7.654637441860465,0.04144877519379797,1.0291467919801685,0.37019732292929886,-6.99257768225991,0.7120526363927202,0.9993303802855232,Not significant
GENE1119,0,Other,4q,protein_coding,45,43,6.120174666666666,6.078777674418605,-0.041396992248063924,0.971713560825321,-0.4010587585438194,-6.980657791363308,0.6892699632222056,0.9993303802855232,Not significant
GENE1029,1,Plasma cells,18q,protein_coding,45,43,8.584763555555556,8.626155813953488,0.041392258397930703,1.0291064765023625,0.36572728434029206,-6.99422532825184,0.715374875687522,0.9993303802855232,Not significant
PCOTH074,1,Plasma cells,3q,protein_coding,45,43,6.224512,6.183120465116279,-0.04139153488371772,0.9717172365882656,-0.3892855725544443,-6.98531724351037,0.6979288622516056,0.9993303802855232,Not significant
GENE3326,1,Plasma cells,3q,protein_coding,45,43,6.730386222222222,6.771762093023256,0.041375870801037884,1.0290947869312221,0.3350221297244837,-7.005003619079984,0.7383408305384656,0.9993303802855232,Not significant
GENE2448,1,Plasma cells,21q,protein_coding,45,43,9.273452666666667,9.232092093023256,-0.041360573643407506,0.9717380905406628,-0.38970191759274947,-6.985154827494068,0.6976219598758217,0.9993303802855232,Not significant
GENE2101,1,Plasma cells,2p,protein_coding,45,43,7.272306222222222,7.230999069767442,-0.04130715245477834,0.9717740734500655,-0.36235580862323163,-6.995454841993846,0.7178842684988946,0.9993303802855232,Not significant
GENE3001,1,Plasma cells,2p,protein_coding,45,43,5.537346444444444,5.578633488372093,0.041287043927647815,1.0290314274160703,0.3860529320376889,-6.986572406698764,0.700313457827084,0.9993303802855232,Not significant
GENE1497,0,Other,18q,protein_coding,45,43,7.404747333333333,7.4460162790697675,0.04126894573643458,1.0290185185959826,0.3622400427538493,-6.99549685798114,0.7179704882623544,0.9993303802855232,Not significant
GENE1659,1,Plasma cells,4q,protein_coding,45,43,8.864226,8.823021162790697,-0.04120483720930146,0.9718429936485876,-0.36688676158004857,-6.993799864720066,0.7145125953862339,0.9993303802855232,Not significant
GENE3922,0,Other,19q,protein_coding,45,43,7.689215777777778,7.730406511627907,0.041190733850126726,1.0289627345975638,0.38115503944066226,-6.988454269995986,0.7039321634874022,0.9993303802855232,Not significant
GENE2231,2,Microenvironment,20q,protein_coding,45,43,8.65660488888889,8.697606744186047,0.04100185529715539,1.0288280309593918,0.3688053506099762,-6.993092899946662,0.7130865918821957,0.9993303802855232,Not significant
GENE3018,2,Microenvironment,10q,protein_coding,45,43,9.347734,9.306732790697675,-0.0410012093023262,0.9719801732434185,-0.3597140346240904,-6.99641031235293,0.7198527077568418,0.9993303802855232,Not significant
GENE1853,1,Plasma cells,9p,protein_coding,45,43,6.298371333333334,6.339267906976744,0.04089657364341015,1.0287529542721487,0.37489483872944696,-6.990824681618684,0.7085673043517553,0.9993303802855232,Not significant
GENE2533,2,Microenvironment,2p,protein_coding,45,43,6.879539333333334,6.838643255813953,-0.04089607751938029,0.9720510057679884,-0.3714129813479177,-6.992126141383116,0.7111500862635209,0.9993303802855232,Not significant
GENE1053,1,Plasma cells,18q,protein_coding,45,43,9.42556488888889,9.384750697674418,-0.040814191214469275,0.9721061802309112,-0.3944034835017345,-6.9833087377510354,0.6941597696026367,0.9993303802855232,Not significant
GENE1250,0,Other,3q,protein_coding,45,43,7.24965,7.290382093023256,0.0407320930232542,1.0286356735761415,0.36047315531593627,-6.996136469333882,0.7192868776820762,0.9993303802855232,Not significant
GENE3216,0,Other,21q,protein_coding,45,43,10.480722,10.439997441860465,-0.04072455813953546,0.9721665780075845,-0.3551043730496579,-6.998060825473984,0.7232919752020744,0.9993303802855232,Not significant
GENE1025,1,Plasma cells,9p,protein_coding,45,43,9.907930666666667,9.948584186046512,0.04065351937984474,1.0285796524147666,0.4086948732611273,-6.977561694375142,0.6836757164160158,0.9993303802855232,Not significant
GENE1527,1,Plasma cells,4q,protein_coding,45,43,8.552949111111111,8.512326046511628,-0.04062306459948317,0.972234972294301,-0.3287955895394685,-7.007074380125221,0.7430278359107765,0.9993303802855232,Not significant
GENE1028,2,Microenvironment,15q,protein_coding,45,43,8.974028666666667,9.014641860465117,0.04061319379845152,1.0285509024075687,0.36230683775210015,-6.9954726170829815,0.7179207404348482,0.9993303802855232,Not significant
GENE1266,0,Other,10q,protein_coding,45,43,10.195578666666666,10.154982093023255,-0.0405965736434073,0.9722528247646294,-0.3191660835490749,-7.010200541049696,0.7502954428885452,0.9993303802855232,Not significant
GENE2671,0,Other,12p,protein_coding,45,43,9.172010666666667,9.131416046511628,-0.04059462015503357,0.9722541412492789,-0.345855616184791,-7.001308354915224,0.7302095535363406,0.9993303802855232,Not significant
GENE2246,1,Plasma cells,3q,protein_coding,45,43,6.927918222222222,6.887371627906977,-0.0405465943152441,0.972286507132223,-0.3529373728515365,-6.9988293947818745,0.7249107421660349,0.9993303802855232,Not significant
GENE3609,0,Other,18q,protein_coding,45,43,8.80545888888889,8.764991162790698,-0.04046772609819094,0.9723396608460427,-0.38921085370115616,-6.985346372986256,0.6979839454240149,0.9993303802855232,Not significant
GENE2424,1,Plasma cells,21q,protein_coding,45,43,9.655871777777778,9.615425813953488,-0.040445963824286224,0.9723543281742201,-0.3956539399231205,-6.982814025802144,0.6932400315337777,0.9993303802855232,Not significant
GENE2007,2,Microenvironment,4q,protein_coding,45,43,9.511599555555556,9.471223255813953,-0.04037629974160062,0.9724012818310056,-0.36090029500229387,-6.995982131080061,0.7189685668247195,0.9993303802855232,Not significant
GENE3601,1,Plasma cells,2p,protein_coding,45,43,6.518519111111111,6.558823953488372,0.04030484237726295,1.0283310907129952,0.40707003987593826,-6.978225364078733,0.6848646121854889,0.9993303802855232,Not significant
GENE1451,0,Other,20q,protein_coding,45,43,8.396336222222223,8.436638139534884,0.04030191731266264,1.0283290057735337,0.37677259285570497,-6.990117783065571,0.7071758278818441,0.9993303802855232,Not significant
GENE1597,1,Plasma cells,2p,protein_coding,45,43,7.5420535555555555,7.582318604651163,0.04026504909560913,1.0283027270580145,0.3773597571295475,-6.989896016739634,0.7067409237668172,0.9993303802855232,Not significant
GENE1227,0,Other,4q,protein_coding,45,43,8.91979888888889,8.879536744186046,-0.04026214470284373,0.9724782273355433,-0.3454392001794513,-7.001452560691579,0.7305215406780228,0.9993303802855232,Not significant
GENE2427,1,Plasma cells,4q,protein_coding,45,43,8.25648,8.216301395348838,-0.040178604651162075,0.9725345408538287,-0.3397214173437468,-7.003415114535606,0.7348099773071817,0.9993303802855232,Not significant
GENE3000,2,Microenvironment,21q,protein_coding,45,43,9.373290222222222,9.41346441860465,0.04017419638243247,1.0282379724505086,0.3610072342659536,-6.995943462218546,0.7188888818397716,0.9993303802855232,Not significant
GENE1091,0,Other,20q,protein_coding,45,43,8.578273555555555,8.538104418604652,-0.04016913695090629,0.9725409231421662,-0.36645740662672677,-6.993957570631819,0.7148318550880038,0.9993303802855232,Not significant
GENE3204,1,Plasma cells,21q,protein_coding,45,43,8.365052888888888,8.405120697674418,0.04006780878553151,1.0281621506513536,0.3207839472083029,-7.009681791352039,0.7490728096591618,0.9993303802855232,Not significant
GENE1465,2,Microenvironment,2p,protein_coding,45,43,11.022464,11.062520465116279,0.040056465116277806,1.0281540664165063,0.34556807824738084,-7.001407948451066,0.7304249778278552,0.9993303802855232,Not significant
GENE3587,2,Microenvironment,20q,protein_coding,45,43,10.399294888888889,10.35924069767442,-0.04005419121447318,0.9726184127591295,-0.3368013768423518,-7.004404775130589,0.7370033125082498,0.9993303802855232,Not significant
GENE3311,1,Plasma cells,20q,protein_coding,45,43,8.896659777777778,8.936647906976745,0.03998812919896544,1.0281053671520684,0.3755182861360098,-6.990590369349841,0.7081051998395202,0.9993303802855232,Not significant
GENE1282,0,Other,19q,protein_coding,45,43,8.406754444444445,8.366913255813953,-0.03984118863048991,0.9727620228247057,-0.36705178241580777,-6.993739202103666,0.714389902710098,0.9993303802855232,Not significant
GENE2989,2,Microenvironment,2p,protein_coding,45,43,9.963840666666666,10.003654186046512,0.03981351937984101,1.0279809427768305,0.38696539822395515,-6.986219173018167,0.6996400611006599,0.9993303802855232,Not significant
GENE3139,2,Microenvironment,12p,protein_coding,45,43,6.23571,6.195912790697674,-0.039797209302324,0.9727916770975082,-0.34755680701265584,-7.00071742871266,0.7289354590784143,0.9993303802855232,Not significant
GENE1837,2,Microenvironment,2p,protein_coding,45,43,10.123121333333334,10.162903953488373,0.03978262015503908,1.0279589260143194,0.3701202426812525,-6.99260626297545,0.7121098774744377,0.9993303802855232,Not significant
GENE3988,1,Plasma cells,7q,protein_coding,45,43,9.517204444444445,9.556974186046512,0.03976974160207192,1.027949749740739,0.3415540859577925,-7.002789633230961,0.7334345216213883,0.9993303802855232,Not significant
GENE2902,1,Plasma cells,19q,protein_coding,45,43,7.824178444444445,7.863936511627907,0.03975806718346142,1.0279414315121504,0.3669261736333196,-6.993785379093219,0.7144832919185006,0.9993303802855232,Not significant
GENE2005,2,Microenvironment,2p,protein_coding,45,43,9.855027555555555,9.894778139534884,0.03975058397932507,1.0279360996329907,0.3459143518659317,-7.001288000674444,0.7301655512451259,0.9993303802855232,Not significant
GENE1414,2,Microenvironment,19q,protein_coding,45,43,8.626380222222222,8.58664,-0.03974022222222118,0.9728301035497752,-0.34312580239882473,-7.002250539744521,0.7322556076905812,0.9993303802855232,Not significant
GENE1882,0,Other,19q,protein_coding,45,43,9.0260997777777785,8.98639534883721,-0.03970442894057058,0.9728542397759791,-0.37259942615644825,-6.99168402826073,0.7102696217787292,0.9993303802855232,Not significant
GENE2046,0,Other,10q,protein_coding,45,43,9.822288666666667,9.861906744186047,0.039618077519381956,1.02784169165707,0.35511063102014556,-6.998058599166908,0.7232873022630171,0.9993303802855232,Not significant
GENE2412,2,Microenvironment,21q,protein_coding,45,43,7.577858444444445,7.538251395348837,-0.039607049095610414,0.9729199082573354,-0.3279021686871014,-7.007368325568341,0.7437011543415646,0.9993303802855232,Not significant
GENE2815,0,Other,12p,protein_coding,45,43,7.344206444444445,7.304769534883721,-0.03943690956072565,0.9730346531598336,-0.34846717849084596,-7.000400013811209,0.728253954968633,0.9993303802855232,Not significant
GENE3976,1,Plasma cells,7q,protein_coding,45,43,7.0588473333333335,7.019431860465116,-0.039415472868219226,0.973049111377984,-0.3293786662886045,-7.006882111015498,0.7425885130769363,0.9993303802855232,Not significant
GENE2486,2,Microenvironment,3q,protein_coding,45,43,9.587614888888888,9.548207674418604,-0.03940721447027684,0.9730546814046017,-0.38453689595360935,-6.987157456202992,0.7014328159224914,0.9993303802855232,Not significant
GENE1007,1,Plasma cells,20q,protein_coding,45,43,6.747432444444445,6.786832093023256,0.03939964857881151,1.0276860847058709,0.33088447420592376,-7.0063839997228445,0.7414543468812529,0.9993303802855232,Not significant
GENE2098,0,Other,19q,protein_coding,45,43,7.489106444444444,7.528494418604651,0.03938797416020723,1.0276777686108793,0.3381410875221657,-7.003951778278267,0.7359967418282964,0.9993303802855232,Not significant
GENE2000,0,Other,15q,protein_coding,45,43,8.243994666666666,8.204625813953488,-0.039368852713177915,0.9730805556070921,-0.3642729907081146,-6.9947570744029965,0.7164569267014578,0.9993303802855232,Not significant
GENE0976,2,Microenvironment,7q,protein_coding,45,43,9.741042666666667,9.701686279069767,-0.039356387596891196,0.9730889632153107,-0.3400450253395366,-7.003304912674665,0.7345670398485894,0.9993303802855232,Not significant
GENE1815,1,Plasma cells,4q,protein_coding,45,43,7.816875777777778,7.77763511627907,-0.03924066149870864,0.9731670228900279,-0.3885733406823714,-6.985594683600001,0.6984539894136312,0.9993303802855232,Not significant
GENE1080,2,Microenvironment,21q,protein_coding,45,43,9.660269111111111,9.621033023255814,-0.03923608785529531,0.9731701080368352,-0.335528834705034,-7.004833398872711,0.7379598417581119,0.9993303802855232,Not significant
GENE3776,2,Microenvironment,15q,protein_coding,45,43,9.099707555555556,9.06047441860465,-0.03923313695090158,0.9731720985717738,-0.3755193991695998,-6.990589950687653,0.7081043749471236,0.9993303802855232,Not significant
GENE3074,0,Other,3q,protein_coding,45,43,8.624835555555556,8.585628139534883,-0.03920741602066968,0.9731894488184116,-0.32600588330022595,-7.007989580232948,0.7451309316551031,0.9993303802855232,Not significant
GENE3689,1,Plasma cells,9p,protein_coding,45,43,7.546986444444444,7.507813255813954,-0.0391731886304898,0.9732125376411864,-0.38021946126264083,-6.988811012049963,0.7046241742107824,0.9993303802855232,Not significant
GENE3361,2,Microenvironment,2p,protein_coding,45,43,8.198056222222222,8.15888488372093,-0.03917133850128707,0.9732137857012684,-0.34891991831148766,-7.000241850808972,0.7279151151151488,0.9993303802855232,Not significant
GENE2676,2,Microenvironment,21q,protein_coding,45,43,9.520683111111111,9.481534651162791,-0.03914845994832028,0.9732292192468627,-0.31923194466543126,-7.0101794745315225,0.7502456586213331,0.9993303802855232,Not significant
GENE1959,0,Other,4q,protein_coding,45,43,8.808517333333333,8.84766023255814,0.039142899224806627,1.0275032087317044,0.3492856313856946,-7.0001139407265125,0.7276414473138626,0.9993303802855232,Not significant
GENE2543,1,Plasma cells,20q,protein_coding,45,43,7.002918222222222,7.042027209302326,0.0391089870801018,1.0274790564146994,0.3308772470262527,-7.00638639583971,0.7414597889930741,0.9993303802855232,Not significant
GENE3626,1,Plasma cells,3q,protein_coding,45,43,8.769054,8.729998837209303,-0.03905516279069943,0.9732921587131399,-0.3452191664798861,-7.001528688867506,0.7306864125885135,0.9993303802855232,Not significant
GENE1514,2,Microenvironment,3q,protein_coding,45,43,9.478903777777777,9.517891395348837,0.03898761757105618,1.0273926213887683,0.3487266770610891,-7.000309383989484,0.7280597342636753,0.9993303802855232,Not significant
GENE1501,2,Microenvironment,2p,protein_coding,45,43,8.024420888888889,7.985482325581395,-0.03893856330749479,0.9733708239511825,-0.38754344354844694,-6.985994970142175,0.6992135898166498,0.9993303802855232,Not significant
GENE1440,1,Plasma cells,21q,protein_coding,45,43,8.092036,8.053106279069768,-0.0389297209302395,0.9733767898262752,-0.3444712029783485,-7.001787110601558,0.731246958346325,0.9993303802855232,Not significant
PCOTH078,1,Plasma cells,10q,protein_coding,45,43,9.375482,9.336556279069768,-0.03892572093023183,0.9733794886035316,-0.35076027447279756,-6.999596820530693,0.7265383111313597,0.9993303802855232,Not significant
GENE2464,1,Plasma cells,7q,protein_coding,45,43,8.663668444444445,8.62475976744186,-0.03890867700258127,0.9733909881284544,-0.33659737939517537,-7.004473595473086,0.7371566230634998,0.9993303802855232,Not significant
GENE2587,0,Other,12p,protein_coding,45,43,9.745740666666666,9.706857209302326,-0.038883457364338625,0.9734080040482853,-0.3843124987643636,-6.987243857756486,0.7015985545336276,0.9993303802855232,Not significant
GENE1008,1,Plasma cells,21q,protein_coding,45,43,9.730343777777778,9.76922465116279,0.03888087338501656,1.0273166080048155,0.34813317144476075,-7.000516566652531,0.7285039673422902,0.9993303802855232,Not significant
GENE2881,2,Microenvironment,2p,protein_coding,45,43,9.070396888888888,9.031526046511628,-0.03887084237726057,0.9734165156066752,-0.35078435502251937,-6.99958835805628,0.7265203019668853,0.9993303802855232,Not significant
GENE3292,1,Plasma cells,7q,protein_coding,45,43,8.511355111111111,8.472559069767442,-0.038796041343671206,0.9734669867367801,-0.3373476853999618,-7.004220268247493,0.7365927966600114,0.9993303802855232,Not significant
MEOTH008,2,Microenvironment,2p,protein_coding,45,43,8.666232888888889,8.704987209302326,0.03875432041343707,1.0272264959133814,0.24588773216736887,-7.030951213737042,0.8062951580025168,0.9993303802855232,Not significant
GENE1021,1,Plasma cells,2p,protein_coding,45,43,7.6987297777777774,7.737471627906976,0.038741850129201616,1.0272176168705809,0.4051892630269041,-6.978990285112998,0.6862417732151604,0.9993303802855232,Not significant
MEOTH155,2,Microenvironment,7q,protein_coding,45,43,11.169082444444445,11.207796046511628,0.03871360206718499,1.0271975040802483,0.32670004078249315,-7.007762579825182,0.7446074411286209,0.9993303802855232,Not significant
GENE2335,0,Other,12p,protein_coding,45,43,9.941654666666667,9.980344186046512,0.03868951937984377,1.0271803573727618,0.33569920567334344,-7.0047761075568316,0.7378317554129549,0.9993303802855232,Not significant
GENE3502,1,Plasma cells,19q,protein_coding,45,43,7.0018344444444445,7.040458837209302,0.038624392764858406,1.027133989105149,0.34847152220904726,-7.00039849732231,0.7282507037835906,0.9993303802855232,Not significant
GENE1287,2,Microenvironment,4q,protein_coding,45,43,10.78563,10.747058139534884,-0.038571860465118846,0.9736182658599815,-0.35746660534633784,-6.997217668144918,0.7215287999073521,0.9993303802855232,Not significant
GENE2392,2,Microenvironment,7q,protein_coding,45,43,9.310768,9.272232093023256,-0.03853590697674569,0.9736425297606628,-0.34694813677683706,-7.000929188883098,0.7293912310648134,0.9993303802855232,Not significant
GENE3490,1,Plasma cells,19q,protein_coding,45,43,7.012111555555555,7.0506425581395344,0.0385310025839809,1.027067501648245,0.32693564605240333,-7.0076854236935935,0.7444297894667602,0.9993303802855232,Not significant
GENE2714,1,Plasma cells,3q,protein_coding,45,43,8.735134888888888,8.77359511627907,0.03846022739018551,1.0270171173907148,0.3403984400816854,-7.003184440812766,0.7343017568315455,0.9993303802855232,Not significant
GENE2583,0,Other,4q,protein_coding,45,43,7.450709111111111,7.489166046511628,0.03845693540051709,1.0270147739114717,0.31232558130032934,-7.01236494190829,0.7554718786769816,0.9993303802855232,Not significant
GENE2655,2,Microenvironment,4q,protein_coding,45,43,9.572974,9.534517441860466,-0.038456558139534636,0.9736960819841334,-0.36996675370364407,-6.992663157738845,0.7122238658641222,0.9993303802855232,Not significant
GENE1152,0,Other,21q,protein_coding,45,43,9.710619555555555,9.672186511627906,-0.03843304392765923,0.9737119522005772,-0.31314208770755203,-7.012109050777016,0.7548534094259373,0.9993303802855232,Not significant
GENE2678,1,Plasma cells,3q,protein_coding,45,43,7.349022222222223,7.387450465116279,0.03842824289405833,1.0269943487112925,0.3409555171055165,-7.002994291163474,0.733883664598713,0.9993303802855232,Not significant
GENE1916,2,Microenvironment,15q,protein_coding,45,43,8.055393333333333,8.09379511627907,0.03840178294573526,1.0269755131518499,0.3780965628575096,-6.989617245169391,0.7061953199318962,0.9993303802855232,Not significant
GENE1635,0,Other,4q,protein_coding,45,43,7.909000444444445,7.870610930232558,-0.03838951421188597,0.9737413319674484,-0.3207023456723261,-7.00970801863762,0.7491344613200869,0.9993303802855232,Not significant
GENE2540,1,Plasma cells,15q,protein_coding,45,43,8.947123333333334,8.908759767441861,-0.03836356589147627,0.9737588458415445,-0.37775853090638756,-6.989745207381449,0.706445613200718,0.9993303802855232,Not significant
GENE3288,1,Plasma cells,21q,protein_coding,45,43,8.05990911111111,8.021553720930232,-0.03835539018087886,0.973764364120077,-0.3180639124571258,-7.010552440883896,0.7511287280936686,0.9993303802855232,Not significant
GENE1650,1,Plasma cells,10q,protein_coding,45,43,6.475900888888889,6.514255116279069,0.0383542273901778,1.0269416615167042,0.3535718570353766,-6.998604848256753,0.7244366475666955,0.9993303802855232,Not significant
GENE2508,2,Microenvironment,21q,protein_coding,45,43,7.850490222222223,7.888808139534884,0.03831791731266332,1.0269158155402234,0.3313638883024309,-7.006224936982635,0.7410933743932501,0.9993303802855232,Not significant
GENE1249,0,Other,2p,protein_coding,45,43,9.318198,9.279888139534883,-0.03830986046511242,0.97379509543408,-0.34418746900494496,-7.001884994543559,0.7314596350492641,0.9993303802855232,Not significant
GENE1330,1,Plasma cells,19q,protein_coding,45,43,8.166305333333334,8.12808534883721,-0.03821998449612174,0.9738557621041174,-0.32565530327399467,-7.008104042317756,0.7453953628330341,0.9993303802855232,Not significant
GENE1454,0,Other,3q,protein_coding,45,43,9.143810222222223,9.182023720930232,0.03821349870801427,1.026841492670095,0.3563968095824655,-6.997600203683579,0.7223271122443725,0.9993303802855232,Not significant
GEP1Q65,1,Plasma cells,1q,protein_coding,45,43,7.329390222222222,7.29119,-0.038200222222218194,0.9738691022318527,-0.19452170506761665,-7.042292056775437,0.8461792996068804,0.9993303802855232,Not significant
GENE1076,1,Plasma cells,15q,protein_coding,45,43,7.153422666666667,7.115230232558139,-0.03819243410852469,0.9738743594924295,-0.38052080059028415,-6.98869620482619,0.7044012581075163,0.9993303802855232,Not significant
GENE1453,0,Other,2p,protein_coding,45,43,9.632987111111111,9.671145348837209,0.03815823772610116,1.026802161293197,0.3594023161368363,-6.996522594041037,0.7200851003032935,0.9993303802855232,Not significant
GENE2937,2,Microenvironment,18q,protein_coding,45,43,8.61987688888889,8.581743720930232,-0.038133167958656955,0.9739143672332552,-0.41330966549450987,-6.975662397561145,0.6803034083005819,0.9993303802855232,Not significant
GENE2146,2,Microenvironment,19q,protein_coding,45,43,9.506144666666668,9.54425069767442,0.038106031007757224,1.026765005137666,0.3919638028012811,-6.98426944315616,0.6959555246806044,0.9993303802855232,Not significant
GENE3097,0,Other,2p,protein_coding,45,43,8.546185333333334,8.584216046511628,0.038030713178294207,1.0267114028927398,0.3609468828416433,-6.995965286485722,0.7189338518664181,0.9993303802855232,Not significant
GENE2139,2,Microenvironment,4q,protein_coding,45,43,9.155354,9.117329534883721,-0.038024465116277995,0.9739877515906179,-0.35233055809466796,-6.999043772659099,0.7253642620616805,0.9993303802855232,Not significant
GENE3610,1,Plasma cells,19q,protein_coding,45,43,9.433593555555555,9.395671395348838,-0.03792216020671901,0.9740568218092596,-0.3460630383954825,-7.001236459489841,0.7300541656110222,0.9993303802855232,Not significant
GENE3670,2,Microenvironment,19q,protein_coding,45,43,10.861003333333333,10.898921860465116,0.03791852713178656,1.0266315674378026,0.36941105646210765,-6.992868944853552,0.7126366083093121,0.9993303802855232,Not significant
GENE1279,2,Microenvironment,12p,protein_coding,45,43,9.30725111111111,9.345091395348836,0.037840284237731225,1.0265758907739777,0.35671398044437824,-6.9974869095806085,0.722090398159948,0.9993303802855232,Not significant
GENE3335,1,Plasma cells,20q,protein_coding,45,43,8.843128666666667,8.880940232558139,0.03781156589147194,1.0265554559158625,0.3458330981062162,-7.001316157407398,0.7302264233688271,0.9993303802855232,Not significant
PCOTH192,1,Plasma cells,21q,protein_coding,45,43,9.177669555555555,9.21543046511628,0.03776090956072409,1.0265194118328815,0.3531788561417177,-6.998743980280669,0.7247302901616635,0.9993303802855232,Not significant
GENE3144,1,Plasma cells,21q,protein_coding,45,43,8.159818444444443,8.122059069767442,-0.03775937467699997,0.9741667350599436,-0.34961453451796565,-6.999998790965073,0.7273953549934438,0.9993303802855232,Not significant
GENE2635,1,Plasma cells,12p,protein_coding,45,43,6.910406222222222,6.948162790697674,0.03775656847545683,1.0265163230293128,0.33942105718500665,-7.003517305888275,0.7350354863807369,0.9993303802855232,Not significant
GENE3553,0,Other,2p,protein_coding,45,43,8.786487555555556,8.82422465116279,0.037737095607235815,1.0265024676533558,0.325752308626294,-7.008072383001515,0.7453221917818118,0.9993303802855232,Not significant
GENE1532,1,Plasma cells,15q,protein_coding,45,43,10.177538,10.215262558139536,0.03772455813954245,1.0264935470670644,0.32975190515194064,-7.0067588573687285,0.7423073386038344,0.9993303802855232,Not significant
GENE2273,2,Microenvironment,9p,protein_coding,45,43,7.7912242222222226,7.753530697674418,-0.03769352454780517,0.9742112007769304,-0.33685363438604204,-7.004387138893417,0.7369640410159704,0.9993303802855232,Not significant
GENE3994,2,Microenvironment,19q,protein_coding,45,43,11.01978488888889,11.057466279069768,0.037681390180873464,1.026462833044472,0.31816830667698554,-7.010519162103878,0.7510497892513954,0.9993303802855232,Not significant
GENE3322,0,Other,19q,protein_coding,45,43,6.266566888888889,6.3042120930232555,0.037645204134365784,1.026437087363685,0.2989391778797219,-7.016465130812071,0.7656339450763523,0.9993303802855232,Not significant
GENE0972,0,Other,21q,protein_coding,45,43,6.974659555555555,6.937111395348837,-0.03754816020672269,0.9743093661549314,-0.34601898283902416,-7.001251733355278,0.7300871683750723,0.9993303802855232,Not significant
GENE2312,0,Other,15q,protein_coding,45,43,7.812531555555556,7.7750088372093025,-0.03752271834625098,0.9743265482071451,-0.34062664391461395,-7.003106584460271,0.7341304777447247,0.9993303802855232,Not significant
GENE3748,2,Microenvironment,7q,protein_coding,45,43,9.306611333333333,9.344123720930233,0.03751238759689812,1.026342596469258,0.3293670760641109,-7.006885936194046,0.7425972449752576,0.9993303802855232,Not significant
GENE3436,1,Plasma cells,7q,protein_coding,45,43,6.335368444444445,6.297863255813954,-0.03750518863049379,0.9743383870024038,-0.30238424093010946,-7.015427053190893,0.7630146847388486,0.9993303802855232,Not significant
GENE2079,0,Other,4q,protein_coding,45,43,9.08960488888889,9.12707069767442,0.03746580878552663,1.0263094605360716,0.33427402396562395,-7.005254465203549,0.7389034465933403,0.9993303802855232,Not significant
GENE1899,0,Other,4q,protein_coding,45,43,7.182603111111111,7.145193488372093,-0.03740962273901971,0.9744029305115705,-0.3484076217036785,-7.000420804512267,0.7282985325176566,0.9993303802855232,Not significant
GENE3789,1,Plasma cells,18q,protein_coding,45,43,7.901513777777778,7.938918139534883,0.03740436175710826,1.0262657490642633,0.31998002249329766,-7.009939887872535,0.7496802625013043,0.9993303802855232,Not significant
GENE2673,0,Other,18q,protein_coding,45,43,9.126676444444444,9.164034186046512,0.037357741602070504,1.0262325862031303,0.31698852601391236,-7.010894618140169,0.7519420472896702,0.9993303802855232,Not significant
GEP1Q77,1,Plasma cells,1q,protein_coding,45,43,6.015717111111111,6.05304488372093,0.03732777260982001,1.0262112685745832,0.2755505422695319,-7.023198726848651,0.7834867548029388,0.9993303802855232,Not significant
GENE2938,0,Other,19q,protein_coding,45,43,7.925930444444444,7.888614186046512,-0.03731625839793118,0.9744659912616004,-0.3218004699386868,-7.009354515994827,0.7483049422038729,0.9993303802855232,Not significant
GENE1180,1,Plasma cells,7q,protein_coding,45,43,7.6493984444444445,7.612116511627907,-0.037281932816535246,0.9744891766948885,-0.3188413483561084,-7.010304348327222,0.7505409249184236,0.9993303802855232,Not significant
GENE1491,1,Plasma cells,4q,protein_coding,45,43,8.197441333333334,8.160266976744186,-0.03717435658914603,0.9745618433187011,-0.32803024614076665,-7.0073262356543795,0.743604617705784,0.9993303802855232,Not significant
GENE3475,1,Plasma cells,12p,protein_coding,45,43,8.085658222222222,8.122786046511628,0.037127824289402866,1.02606905210095,0.33693362438802166,-7.004360138027499,0.7369039299601201,0.9993303802855232,Not significant
GENE3852,2,Microenvironment,21q,protein_coding,45,43,8.91119,8.87407511627907,-0.03711488372093008,0.9746020189491047,-0.34339828968310476,-7.002156826395186,0.7320512854510424,0.9993303802855232,Not significant
MEOTH067,2,Microenvironment,21q,protein_coding,45,43,10.618623111111111,10.581524186046511,-0.03709892506460122,0.9746127997615844,-0.2738979589774255,-7.023653801850649,0.7847527052626152,0.9993303802855232,Not significant
GENE2736,2,Microenvironment,21q,protein_coding,45,43,6.5831742222222225,6.620151860465116,0.03697763824289346,1.0259622428105304,0.32596364409226336,-7.008003377568722,0.745162789708351,0.9993303802855232,Not significant
GENE1750,1,Plasma cells,19q,protein_coding,45,43,7.435983555555556,7.399006279069767,-0.036977276485786525,0.9746949829377154,-0.32916338540685447,-7.006953139299841,0.7427507078992654,0.9993303802855232,Not significant
GENE3296,1,Plasma cells,15q,protein_coding,45,43,7.361716222222222,7.398668604651163,0.03695238242894039,1.0259442824765785,0.3017593857777793,-7.015616217947419,0.7634895547351757,0.9993303802855232,Not significant
GENE2047,0,Other,12p,protein_coding,45,43,8.281745555555556,8.318683255813953,0.036937700258400596,1.0259338415920913,0.3171215679070436,-7.01085234821859,0.751841411968872,0.9993303802855232,Not significant
GENE1974,2,Microenvironment,10q,protein_coding,45,43,9.820308222222222,9.783401860465116,-0.0369063617571026,0.9747428946079667,-0.3181460195118109,-7.010526267719322,0.7510666417153196,0.9993303802855232,Not significant
MEOTH111,2,Microenvironment,15q,protein_coding,45,43,11.203157777777777,11.166254186046512,-0.036903591731263674,0.9747447661508222,-0.29925275054888656,-7.016371135199065,0.7653954245599333,0.9993303802855232,Not significant
GENE1011,2,Microenvironment,4q,protein_coding,45,43,9.668213111111111,9.705084186046511,0.03687107493539621,1.0258864638765313,0.3235782668782231,-7.008779660453035,0.7469626283166543,0.9993303802855232,Not significant
GENE2955,0,Other,4q,protein_coding,45,43,8.667071111111111,8.630268837209302,-0.03680227390180946,0.9748132230936223,-0.31573379540417656,-7.011292399118186,0.7528913589653461,0.9993303802855232,Not significant
GENE1192,1,Plasma cells,7q,protein_coding,45,43,7.711335777777777,7.674606744186047,-0.03672903359172963,0.9748627120243961,-0.3603926631694956,-6.996165533126085,0.7193468671685949,0.9993303802855232,Not significant
GENE3222,0,Other,10q,protein_coding,45,43,10.073095555555556,10.109798837209302,0.03670328165374315,1.025767154638154,0.3313861262693723,-7.006217553167151,0.7410766318292252,0.9993303802855232,Not significant
GENE1304,1,Plasma cells,15q,protein_coding,45,43,7.361118,7.324501162790698,-0.03661683720930231,0.9749385286867362,-0.32465473886515944,-7.008430044227038,0.7461502237069901,0.9993303802855232,Not significant
GENE2499,1,Plasma cells,4q,protein_coding,45,43,7.229661777777777,7.266263953488372,0.03660217571059299,1.0256952700619535,0.3231896958072708,-7.0089055758490435,0.7472559499421574,0.9993303802855232,Not significant
GENE2317,1,Plasma cells,2p,protein_coding,45,43,6.937993111111111,6.901398372093023,-0.03659473901808763,0.9749534622259948,-0.2885908731010023,-7.019511920130839,0.7735179664267994,0.9993303802855232,Not significant
PCOTH167,1,Plasma cells,20q,protein_coding,45,43,8.398895111111111,8.435468837209303,0.03657372609819198,1.025675043787979,0.3227226914198607,-7.009056707597703,0.7476085279174038,0.9993303802855232,Not significant
GENE2354,0,Other,3q,protein_coding,45,43,9.112432666666667,9.148971395348838,0.03653872868216723,1.025650162895059,0.342669220028392,-7.002407400406897,0.7325980152549031,0.9993303802855232,Not significant
GENE3924,0,Other,21q,protein_coding,45,43,9.75699111111111,9.793525348837209,0.036534237726097984,1.0256469701602646,0.3283502255991439,-7.007221009586941,0.7433634554399187,0.9993303802855232,Not significant
GENE2065,0,Other,2p,protein_coding,45,43,8.285675555555555,8.249168372093024,-0.036507183462529014,0.9750126328614668,-0.3177566430557911,-7.010650328952769,0.7513610885959502,0.9993303802855232,Not significant
GENE1508,0,Other,15q,protein_coding,45,43,7.8863402222222225,7.849893255813954,-0.0364469664082705,0.9750533300374293,-0.34941373048576924,-7.000069105782178,0.7275455974486034,0.9993303802855232,Not significant
GENE2368,2,Microenvironment,7q,protein_coding,45,43,10.284737999999999,10.321116511627906,0.03637851162790895,1.0255362666668795,0.3299567134779564,-7.0066911648987364,0.7421530638468024,0.9993303802855232,Not significant
GENE1248,2,Microenvironment,21q,protein_coding,45,43,10.813702888888889,10.849982790697675,0.03627990180878449,1.0254661725119332,0.335027116317422,-7.005001945156667,0.738337080827554,0.9993303802855232,Not significant
GENE1296,0,Other,21q,protein_coding,45,43,9.05585288888889,9.01960023255814,-0.036252656330749033,0.9751846644097579,-0.34575164747907244,-7.001344375738429,0.7302874447103929,0.9993303802855232,Not significant
GENE1962,1,Plasma cells,10q,protein_coding,45,43,8.940042,8.903797906976743,-0.03624409302325304,0.9751904527646726,-0.32858656859346885,-7.007143221860784,0.7431853447612221,0.9993303802855232,Not significant
GENE2504,2,Microenvironment,15q,protein_coding,45,43,8.37605711111111,8.33984488372093,-0.0362122273901786,0.9752119925935718,-0.31475674314669505,-7.011601058828317,0.7536308460869334,0.9993303802855232,Not significant
PCOTH029,1,Plasma cells,9p,protein_coding,45,43,6.859301333333334,6.823149302325581,-0.036152031007754104,0.9752526841168113,-0.3274469289456039,-7.007517797623409,0.7440443182062981,0.9993303802855232,Not significant
GENE2406,0,Other,10q,protein_coding,45,43,7.807219333333333,7.77107511627907,-0.03614421705426363,0.9752579663140439,-0.3370882837441109,-7.004307914158858,0.736787710857232,0.9993303802855232,Not significant
GEP1Q96,1,Plasma cells,1q,protein_coding,45,43,6.856039333333333,6.892129767441861,0.03609043410852575,1.0253315079055425,0.16297196122677066,-7.047947339154378,0.8708837863638368,0.9993303802855232,Not significant
GENE2479,0,Other,12p,protein_coding,45,43,7.726639111111111,7.762724418604651,0.036085307493540775,1.0253278643978123,0.3506669568991591,-6.9996296090584,0.7266081021646906,0.9993303802855232,Not significant
GENE3152,0,Other,15q,protein_coding,45,43,7.5224751111111114,7.558517209302326,0.03604209819121351,1.0252971558717752,0.3359472000792104,-7.004692661647118,0.737645324320477,0.9993303802855232,Not significant
GENE2018,0,Other,3q,protein_coding,45,43,8.346242888888888,8.310230232558139,-0.03601265633074924,0.9753469050643405,-0.3511986228098166,-6.999442683832719,0.7262105068093097,0.9993303802855232,Not significant
GENE2693,1,Plasma cells,9p,protein_coding,45,43,8.895477777777778,8.931477441860466,0.03599966408268962,1.0252669991652579,0.31402901530131827,-7.011830334363428,0.7541817799403379,0.9993303802855232,Not significant
GENE2269,0,Other,2p,protein_coding,45,43,8.045833777777778,8.081819069767441,0.03598529198966638,1.025256785531141,0.3153408258784894,-7.011416656536599,0.7531887523687124,0.9993303802855232,Not significant
GENE3462,1,Plasma cells,10q,protein_coding,45,43,8.166234888888889,8.202217441860466,0.03598255297157671,1.0252548390392375,0.33061928727401546,-7.006471886254889,0.7416540429107406,0.9993303802855232,Not significant
GENE3281,1,Plasma cells,9p,protein_coding,45,43,8.878727777777778,8.84275,-0.035977777777778996,0.9753704853075307,-0.3272462400554234,-7.007583625410028,0.7441956157226061,0.9993303802855232,Not significant
GENE3427,2,Microenvironment,12p,protein_coding,45,43,8.749794666666666,8.713900465116279,-0.035894201550382476,0.9754269907673813,-0.3154847187495931,-7.011371175364711,0.7530798520973918,0.9993303802855232,Not significant
GENE3223,0,Other,12p,protein_coding,45,43,8.22793688888889,8.19213488372093,-0.035802005167960615,0.9754893280673114,-0.30637000048996765,-7.014211238536023,0.759987772997394,0.9993303802855232,Not significant
GENE2090,2,Microenvironment,3q,protein_coding,45,43,7.9709637777777775,7.935185813953488,-0.035777963824289216,0.9755055839418553,-0.33074829293935026,-7.006429140815889,0.7415568944406568,0.9993303802855232,Not significant
GENE2606,2,Microenvironment,3q,protein_coding,45,43,8.411685333333333,8.447453255813954,0.035767922480618,1.0251023226892888,0.2828536694228846,-7.021154924930106,0.7778992544175716,0.9993303802855232,Not significant
GENE2906,2,Microenvironment,3q,protein_coding,45,43,10.562720222222222,10.598416744186046,0.035696521963821226,1.0250515905370534,0.3250142707876163,-7.008313017464321,0.7458789516897932,0.9993303802855232,Not significant
GENE2044,0,Other,7q,protein_coding,45,43,8.367413777777777,8.403090697674418,0.03567691989663757,1.025037663135162,0.3463080746499667,-7.001151471113813,0.7298706140674547,0.9993303802855232,Not significant
GENE3973,2,Microenvironment,2p,protein_coding,45,43,6.867982,6.832377674418605,-0.035604325581394036,0.9756229997951478,-0.34265659805512405,-7.002411733775767,0.7326074816955706,0.9993303802855232,Not significant
GENE3449,0,Other,9p,protein_coding,45,43,10.13068311111111,10.166240465116278,0.03555735400516369,1.0249527148543507,0.3052736241048449,-7.014547261067141,0.7608200259423057,0.9993303802855232,Not significant
GENE2986,2,Microenvironment,19q,protein_coding,45,43,10.457233333333333,10.421696976744187,-0.035536356589149776,0.9756689649314494,-0.3563247983910813,-6.99762591223281,0.7223808601087567,0.9993303802855232,Not significant
GENE1098,0,Other,10q,protein_coding,45,43,7.571018444444444,7.535515348837209,-0.03550309560723619,0.9756914590005094,-0.32266296455788596,-7.009076020649956,0.7476536242462646,0.9993303802855232,Not significant
GENE1195,2,Microenvironment,12p,protein_coding,45,43,8.189104,8.153625813953488,-0.03547818604650921,0.9757083054266618,-0.32637441182886423,-7.007869125600526,0.744852995387077,0.9993303802855232,Not significant
GENE1395,1,Plasma cells,4q,protein_coding,45,43,7.622290222222222,7.586822325581395,-0.03546789664082972,0.9757152642738859,-0.28023638245231786,-7.021893516782122,0.7799003728944014,0.9993303802855232,Not significant
GENE3298,2,Microenvironment,19q,protein_coding,45,43,8.942349555555555,8.977811627906977,0.035462072351421625,1.0248850248976586,0.3186893250795676,-7.010352908986344,0.7506558550120463,0.9993303802855232,Not significant
GENE1550,0,Other,3q,protein_coding,45,43,8.344592666666667,8.309181627906977,-0.03541103875969043,0.9757537188288435,-0.32181970184004594,-7.009348314214581,0.7482904171279888,0.9993303802855232,Not significant
GENE2549,0,Other,9p,protein_coding,45,43,8.548091333333334,8.512681860465117,-0.035409472868215275,0.9757547779059291,-0.3376171032194045,-7.004129166897301,0.736390374548924,0.9993303802855232,Not significant
GENE3990,2,Microenvironment,10q,protein_coding,45,43,9.309508,9.34486930232558,0.03536130232557788,1.0248134407577614,0.3071480433384533,-7.013972051019266,0.7593973362936459,0.9993303802855232,Not significant
GENE2400,1,Plasma cells,21q,protein_coding,45,43,9.06042688888889,9.025067441860465,-0.035359447028422863,0.9757886130527368,-0.3241524441661037,-7.008593323517289,0.7465292658071468,0.9993303802855232,Not significant
GENE3291,2,Microenvironment,4q,protein_coding,45,43,9.461683333333333,9.496996046511628,0.035312713178292654,1.0247789262059812,0.29641823526326555,-7.017217227038848,0.7675523302030266,0.9993303802855232,Not significant
GENE1311,2,Microenvironment,4q,protein_coding,45,43,7.046864666666667,7.082166046511628,0.035301379844963066,1.0247708759145389,0.3094596766504695,-7.01325783231843,0.7576439386334768,0.9993303802855232,Not significant
GENE3268,0,Other,7q,protein_coding,45,43,5.252580666666667,5.217294418604651,-0.035286248062015524,0.9758381235368834,-0.3162544660806093,-7.0111275245946,0.7524973806293732,0.9993303802855232,Not significant
PCOTH211,1,Plasma cells,12p,protein_coding,45,43,7.805529555555555,7.7703139534883725,-0.03521560206718366,0.975885909618496,-0.3325759833107525,-7.00582175638826,0.7401809917050448,0.9993303802855232,Not significant
MEOTH164,2,Microenvironment,2p,protein_coding,45,43,8.930795555555555,8.966002558139534,0.03520700258398257,1.0247038403302273,0.2581290101814492,-7.027858649155807,0.7968610459993034,0.9993303802855232,Not significant
GENE3719,0,Other,20q,protein_coding,45,43,7.395655333333333,7.430819767441861,0.03516443410852954,1.0246736056406276,0.3055672590486857,-7.014457384344625,0.7605971017504223,0.9993303802855232,Not significant
GENE1854,1,Plasma cells,10q,protein_coding,45,43,7.309608666666667,7.274483488372093,-0.03512517829457362,0.9759470771199795,-0.30921756918556204,-7.013332886126086,0.7578275204466219,0.9993303802855232,Not significant
PCOTH063,1,Plasma cells,4q,protein_coding,45,43,6.892943333333333,6.9280055813953485,0.03506224806201175,1.024601030610117,0.30136060991518476,-7.015736736712244,0.7637926589428805,0.9993303802855232,Not significant
GENE1720,2,Microenvironment,7q,protein_coding,45,43,8.778075555555555,8.813125813953489,0.03505025839793596,1.024592515594279,0.31291048067156546,-7.012181703599023,0.7550288258128632,0.9993303802855232,Not significant
GENE2585,1,Plasma cells,9p,protein_coding,45,43,7.4974124444444445,7.532456744186047,0.03504429974160317,1.024588283804538,0.31170207697903285,-7.012559897694987,0.755944264205171,0.9993303802855232,Not significant
PCOTH207,1,Plasma cells,4q,protein_coding,45,43,7.9218837777777775,7.886843720930233,-0.035040056847543966,0.9760046613466362,-0.2919724779459494,-7.018528078960964,0.77093898023859,0.9993303802855232,Not significant
GENE3515,2,Microenvironment,20q,protein_coding,45,43,6.631739555555556,6.666750930232558,0.03501137467700488,1.0245649010039228,0.36409890800913075,-6.994820584201016,0.7165864898109254,0.9993303802855232,Not significant
PCOTH050,1,Plasma cells,3q,protein_coding,45,43,5.855089333333334,5.82020511627907,-0.034884217054259814,0.9761100949799318,-0.30127242925426045,-7.015763365355472,0.7638596888520536,0.9993303802855232,Not significant
GENE2666,0,Other,3q,protein_coding,45,43,8.858284222222222,8.823483953488372,-0.034800268733850004,0.9761668950553453,-0.3321034943939501,-7.00597909560526,0.740536605155798,0.9993303802855232,Not significant
GENE2196,1,Plasma cells,21q,protein_coding,45,43,8.984644666666666,8.949867441860466,-0.03477722480620038,0.9761824873311341,-0.3300004197656651,-7.006676713833253,0.7421201428319256,0.9993303802855232,Not significant
GENE3338,2,Microenvironment,3q,protein_coding,45,43,10.289281555555556,10.324046279069767,0.034764723514211227,1.0243897506666058,0.3552984176839745,-6.99799177483425,0.7231470834613974,0.9993303802855232,Not significant
GENE1199,0,Other,20q,protein_coding,45,43,8.06208,8.027333023255814,-0.034746976744184366,0.9762029545380797,-0.30496335060710145,-7.014642136863449,0.7610556038475852,0.9993303802855232,Not significant
GENE1309,0,Other,2p,protein_coding,45,43,8.04896,8.083704186046512,0.03474418604650964,1.024375168082569,0.2877205660172691,-7.019763275344913,0.7741821198885699,0.9993303802855232,Not significant
GENE1694,1,Plasma cells,3q,protein_coding,45,43,6.237538222222223,6.272240930232558,0.03470270801033504,1.0243457173266635,0.3063091847899361,-7.014229909109808,0.7600339304592234,0.9993303802855232,Not significant
GENE3233,0,Other,9p,protein_coding,45,43,9.239913777777778,9.274512558139534,0.034598780361760006,1.0242719290316014,0.33094211413868124,-7.006364887769345,0.7414109441189116,0.9993303802855232,Not significant
GENE1595,1,Plasma cells,20q,protein_coding,45,43,8.989780666666666,9.024373023255814,0.03459235658914572,1.024267368348205,0.30608473352761306,-7.014298784194871,0.7602042903729955,0.9993303802855232,Not significant
PCOTH180,1,Plasma cells,21q,protein_coding,45,43,7.969304666666667,8.003886976744186,0.03458231007751866,1.0242602356708863,0.27900983233880616,-7.022237287270519,0.7808386763012707,0.9993303802855232,Not significant
MEOTH062,2,Microenvironment,12p,protein_coding,45,43,9.013575333333334,9.048116279069767,0.03454094573643296,1.0242308689362838,0.15325348770090932,-7.049488392717314,0.8785207129261923,0.9993303802855232,Not significant
GENE1723,0,Other,12p,protein_coding,45,43,9.526361333333334,9.491888604651162,-0.03447272868216267,0.9763885427661065,-0.3600655952519868,-6.9962835629549645,0.7195906436244979,0.9993303802855232,Not significant
GENE1761,1,Plasma cells,18q,protein_coding,45,43,7.200148,7.165711860465116,-0.03443613953488267,0.9764133059185474,-0.29772137187709113,-7.016829243952605,0.7665604887636867,0.9993303802855232,Not significant
GENE2697,0,Other,18q,protein_coding,45,43,8.381153555555555,8.415427906976744,0.03427435142118718,1.0240416197240383,0.2917590441841982,-7.018590513453999,0.7711016801474733,0.9993303802855232,Not significant
GENE1377,2,Microenvironment,18q,protein_coding,45,43,8.14105088888889,8.106836046511628,-0.03421484237725991,0.9765630909085923,-0.3175012806888543,-7.010731608950712,0.7515542138531015,0.9993303802855232,Not significant
GENE2563,1,Plasma cells,12p,protein_coding,45,43,9.67749,9.711692093023256,0.03420209302325539,1.0239903311621945,0.28523609467699823,-7.02047665101766,0.7760790054489204,0.9993303802855232,Not significant
GENE2745,0,Other,18q,protein_coding,45,43,8.589810222222223,8.623984418604651,0.034174196382430466,1.0239705309871838,0.32091591777665457,-7.0096393610275465,0.7489731065921723,0.9993303802855232,Not significant
GENE2390,2,Microenvironment,3q,protein_coding,45,43,8.003522,7.9693725581395345,-0.03414944186046398,0.9766073616495824,-0.3076864076447736,-7.013806191552864,0.758988868815636,0.9993303802855232,Not significant
GENE3917,2,Microenvironment,9p,protein_coding,45,43,5.934837555555555,5.968973255813953,0.03413570025839885,1.023943208254703,0.30767572999341514,-7.013809483945179,0.758996969494081,0.9993303802855232,Not significant
PCOTH166,1,Plasma cells,19q,protein_coding,45,43,7.445317111111111,7.411188372093023,-0.034128739018085774,0.9766213761798681,-0.36281798062845444,-6.995286968174516,0.717540089771412,0.9993303802855232,Not significant
GENE2470,2,Microenvironment,19q,protein_coding,45,43,10.387879333333334,10.353803255813954,-0.03407607751938002,0.9766570256293713,-0.286415375712906,-7.020138809608283,0.7751784583919992,0.9993303802855232,Not significant
PCOTH178,1,Plasma cells,19q,protein_coding,45,43,5.469694666666666,5.503737441860465,0.03404277519379928,1.0238772574322481,0.30648148857984303,-7.014177001803643,0.7599031588248087,0.9993303802855232,Not significant
GENE2233,2,Microenvironment,2p,protein_coding,45,43,9.397154888888888,9.363125813953488,-0.034029074935400416,0.9766888453489696,-0.30272646748727444,-7.01532328413018,0.7627546418386935,0.9993303802855232,Not significant
PCADV068,1,Plasma cells,8q,protein_coding,45,43,7.337361555555556,7.371388837209302,0.0340272816537448,1.0238662617625687,0.14273950974196228,-7.051048970703073,0.8867956864611786,0.9993303802855232,Not significant
GENE1524,2,Microenvironment,21q,protein_coding,45,43,8.858481333333334,8.89249488372093,0.03401355038759668,1.0238565168664977,0.34185251989799254,-7.002687461278834,0.7332106229117628,0.9993303802855232,Not significant
GENE3484,0,Other,7q,protein_coding,45,43,9.269963777777777,9.303922790697674,0.03395901291989745,1.0238178132702906,0.32344550524400895,-7.008822698476887,0.7470628422425143,0.9993303802855232,Not significant
GENE1726,2,Microenvironment,19q,protein_coding,45,43,8.840369333333333,8.806546279069767,-0.033823054263564245,0.9768283290612667,-0.30796243197929485,-7.013721041464016,0.7587794702576289,0.9993303802855232,Not significant
GENE2438,1,Plasma cells,3q,protein_coding,45,43,9.094178444444445,9.060397209302325,-0.03378123514212206,0.9768566446050414,-0.30158714609774134,-7.015668292050778,0.7636204673015321,0.9993303802855232,Not significant
GENE2597,0,Other,9p,protein_coding,45,43,8.832870666666667,8.866578372093024,0.03370770542635526,1.023639486823489,0.27800837479097185,-7.02251685369574,0.7816050257705387,0.9993303802855232,Not significant
GENE1384,2,Microenvironment,7q,protein_coding,45,43,9.913613333333334,9.947307441860465,0.03369410852713273,1.023629839422645,0.30385380439523885,-7.014980627362366,0.7618982206226411,0.9993303802855232,Not significant
GENE3116,1,Plasma cells,15q,protein_coding,45,43,7.891772,7.858090930232558,-0.03368106976744034,0.9769244694785293,-0.3545468560251675,-6.998259008163901,0.7237083252192322,0.9993303802855232,Not significant
GENE3717,1,Plasma cells,18q,protein_coding,45,43,8.891621777777777,8.925236976744186,0.033615198966408855,1.023573852557983,0.3080356442788502,-7.013698443590049,0.7587239326979165,0.9993303802855232,Not significant
GENE1402,1,Plasma cells,19q,protein_coding,45,43,8.95620488888889,8.989783953488372,0.03357906459948801,1.0235482160035285,0.2888858384190106,-7.01942655863103,0.7732929090757407,0.9993303802855232,Not significant
GENE1219,0,Other,12p,protein_coding,45,43,7.525008888888889,7.5584841860465115,0.03347529715762221,1.0234745988097274,0.3009119836038437,-7.015872131232677,0.7641336977647781,0.9993303802855232,Not significant
GENE3822,0,Other,10q,protein_coding,45,43,7.237875777777778,7.271324186046511,0.0334484082687343,1.0234555235113936,0.30405068288584375,-7.014920655284706,0.7617486852798283,0.9993303802855232,Not significant
GENE2787,0,Other,4q,protein_coding,45,43,8.209355777777779,8.242798837209302,0.03344305943152648,1.0234517290249072,0.3149566487525755,-7.011537984505274,0.7534795277789582,0.9993303802855232,Not significant
GENE1220,0,Other,15q,protein_coding,45,43,7.061404666666666,7.027980465116279,-0.03342420155038628,0.977098423904501,-0.3033083632450321,-7.015146574247539,0.7623125473059169,0.9993303802855232,Not significant
GENE3621,1,Plasma cells,18q,protein_coding,45,43,7.152082888888889,7.185492790697674,0.03340990180879011,1.0234282071887655,0.3006456622399276,-7.015952411255187,0.7643361731591388,0.9993303802855232,Not significant
GENE2579,1,Plasma cells,20q,protein_coding,45,43,9.730935777777777,9.764336279069768,0.03340050129198957,1.023421538611943,0.28074826613296744,-7.021749603697445,0.7795088811896641,0.9993303802855232,Not significant
GENE1510,1,Plasma cells,19q,protein_coding,45,43,7.919884888888889,7.953225813953488,0.033340925064600846,1.023379277195861,0.3127779055515958,-7.012223266952451,0.7551292423920004,0.9993303802855232,Not significant
GENE2058,0,Other,10q,protein_coding,45,43,7.524811111111111,7.558144418604651,0.0333333074935398,1.0233738736673503,0.3129917249539259,-7.012156224184686,0.7549672909076486,0.9993303802855232,Not significant
GENE3372,0,Other,21q,protein_coding,45,43,6.768137777777778,6.734823023255814,-0.033314754521962975,0.9771725522354745,-0.3202687575308441,-7.009847265119201,0.7494620735032999,0.9993303802855232,Not significant
GENE3380,1,Plasma cells,15q,protein_coding,45,43,8.593515777777778,8.560263953488372,-0.0332518242894011,0.9772151773471002,-0.2977414900231936,-7.016823240858014,0.7665451795099814,0.9993303802855232,Not significant
GENE3606,0,Other,10q,protein_coding,45,43,9.048194,9.014943720930232,-0.033250279069761746,0.9772162240082792,-0.273411484875324,-7.023787242447167,0.7851254759093667,0.9993303802855232,Not significant
GENE3588,2,Microenvironment,21q,protein_coding,45,43,9.202368222222223,9.169134186046511,-0.03323403617570797,0.9772272262703641,-0.2801149736408857,-7.021927611685661,0.7799932354033556,0.9993303802855232,Not significant
GEP1Q46,1,Plasma cells,1q,protein_coding,45,43,8.565804222222223,8.599037906976744,0.03323368475452071,1.0233032088452683,0.19964108863640032,-7.041280353727062,0.842184422182328,0.9993303802855232,Not significant
GENE3744,0,Other,21q,protein_coding,45,43,8.505164,8.471936279069768,-0.03322772093023474,0.9772315039889043,-0.32360527333974914,-7.008770903472016,0.7469422432637974,0.9993303802855232,Not significant
GENE3673,1,Plasma cells,2p,protein_coding,45,43,7.704039333333333,7.670819069767441,-0.03322026356589003,0.977236555361511,-0.3017415345470175,-7.015621616379693,0.7635031224304356,0.9993303802855232,Not significant
GENE1602,2,Microenvironment,10q,protein_coding,45,43,9.228507333333333,9.261671162790698,0.03316382945735974,1.0232536617011148,0.26511842974681965,-7.026025605291341,0.7914878309492513,0.9993303802855232,Not significant
GENE3794,2,Microenvironment,3q,protein_coding,45,43,9.624796444444444,9.591647441860465,-0.03314900258398268,0.9772848265168335,-0.2500593727973683,-7.0299141662171705,0.8030768636794829,0.9993303802855232,Not significant
GENE3667,2,Microenvironment,12p,protein_coding,45,43,9.937276222222222,9.904128372093023,-0.033147850129196854,0.9772856071925781,-0.2916885094249861,-7.018611136542888,0.771155450829396,0.9993303802855232,Not significant
GENE1660,1,Plasma cells,7q,protein_coding,45,43,7.1822246666666665,7.215352325581395,0.03312765891473202,1.0232280075086655,0.3048522953343883,-7.014676072075419,0.7611399290181354,0.9993303802855232,Not significant
GENE3366,1,Plasma cells,10q,protein_coding,45,43,8.564209333333334,8.59733023255814,0.03312089922480155,1.02322321322598,0.3106971545988118,-7.012873296043562,0.7567058184597865,0.9993303802855232,Not significant
GENE3012,0,Other,21q,protein_coding,45,43,9.577986,9.544954418604652,-0.03303158139534901,0.9773643711279666,-0.31613197527167985,-7.011166336673117,0.7525900604409044,0.9993303802855232,Not significant
GENE1741,2,Microenvironment,2p,protein_coding,45,43,10.637016666666666,10.604009302325581,-0.033007364341090195,0.9773807772872652,-0.28932898827490944,-7.0192981496289635,0.7729548239160864,0.9993303802855232,Not significant
GENE1313,2,Microenvironment,9p,protein_coding,45,43,7.142292444444444,7.109286046511628,-0.0330063979328159,0.9773814319988708,-0.31197573490952596,-7.012474378884015,0.7557369213476488,0.9993303802855232,Not significant
PCOTH107,1,Plasma cells,20q,protein_coding,45,43,7.675645777777778,7.64275976744186,-0.03288601033592009,0.9774629942888834,-0.2951531075739952,-7.017592268518106,0.7685156124411003,0.9993303802855232,Not significant
GENE3186,0,Other,10q,protein_coding,45,43,6.590593777777777,6.623411162790697,0.03281738501291631,1.0230079701478991,0.28545379029817064,-7.020414390122069,0.7759127411461031,0.9993303802855232,Not significant
PCOTH204,1,Plasma cells,21q,protein_coding,45,43,7.604198888888889,7.637012093023256,0.03281320413437161,1.023005005511746,0.27770734819503357,-7.022600691961131,0.7818354237338689,0.9993303802855232,Not significant
GENE2528,2,Microenvironment,15q,protein_coding,45,43,9.18945911111111,9.156646511627907,-0.03281259948320603,0.9775127332950831,-0.27589409135936066,-7.023103779937089,0.7832236542549265,0.9993303802855232,Not significant
GENE3799,2,Microenvironment,12p,protein_coding,45,43,9.025850666666667,8.993088139534883,-0.03276252713178529,0.9775466609160464,-0.28301187297629105,-7.021110060595457,0.7777783433455012,0.9993303802855232,Not significant
GENE2465,1,Plasma cells,9p,protein_coding,45,43,6.904829333333334,6.872101395348837,-0.03272793798449758,0.9775700982398144,-0.30202540227912344,-7.015535733510253,0.7632873796142505,0.9993303802855232,Not significant
PCOTH224,1,Plasma cells,15q,protein_coding,45,43,9.975191333333333,10.007850930232559,0.03265959689922582,1.0228960894895165,0.3129071138121646,-7.012182759353724,0.7550313759263818,0.9993303802855232,Not significant
GENE2358,1,Plasma cells,10q,protein_coding,45,43,7.6308533333333335,7.663455581395349,0.03260224806202228,1.0228554289661729,0.31182169297080475,-7.0125225266019156,0.7558536323613271,0.9993303802855232,Not significant
GENE2702,0,Other,3q,protein_coding,45,43,8.74555111111111,8.712962325581396,-0.032588785529716446,0.9776643924846601,-0.3023966803281257,-7.015423283400184,0.7630052321117721,0.9993303802855232,Not significant
GENE3663,1,Plasma cells,4q,protein_coding,45,43,6.742074888888889,6.774591627906977,0.03251673901808694,1.0227948057607175,0.3048021731240011,-7.0146913839026706,0.7611779881634877,0.9993303802855232,Not significant
GENE1162,1,Plasma cells,19q,protein_coding,45,43,9.572089555555555,9.604600930232559,0.03251137467700538,1.0227910027324691,0.282415110957906,-7.021279163091734,0.7782344623825148,0.9993303802855232,Not significant
GENE2403,1,Plasma cells,4q,protein_coding,45,43,7.810108,7.842540697674418,0.03243269767442136,1.0227352266093697,0.32913171811253644,-7.00696358347875,0.7427745673421993,0.9993303802855232,Not significant
GENE0978,2,Microenvironment,10q,protein_coding,45,43,11.348475555555556,11.380868139534885,0.03239258397931977,1.0227067901640092,0.2811621429463479,-7.021633052964377,0.7791923872464197,0.9993303802855232,Not significant
PCOTH168,1,Plasma cells,21q,protein_coding,45,43,7.43369,7.465993953488372,0.032303953488370674,1.0226439631505955,0.2871891001487749,-7.019916396420344,0.7745877776149928,0.9993303802855232,Not significant
GENE3888,1,Plasma cells,21q,protein_coding,45,43,7.314898222222222,7.347200697674419,0.03230247545219722,1.0226429154558623,0.26127937914715005,-7.027038487191061,0.7944379277697629,0.9993303802855232,Not significant
GENE3860,0,Other,15q,protein_coding,45,43,6.864670888888889,6.832416046511628,-0.032254842377260395,0.9778907203702366,-0.3346324327236338,-7.005134357555268,0.7386338860544427,0.9993303802855232,Not significant
GENE1496,0,Other,15q,protein_coding,45,43,9.083244,9.11543976744186,0.0321957674418627,1.0225672791279152,0.26119366202097566,-7.027060934128804,0.7945038308831027,0.9993303802855232,Not significant
GENE2847,0,Other,4q,protein_coding,45,43,7.971525111111111,7.939358837209302,-0.03216627390180715,0.9779507558915411,-0.27742492409831326,-7.0226792668354765,0.7820516015076131,0.9993303802855232,Not significant
GENE1576,2,Microenvironment,7q,protein_coding,45,43,10.363602888888888,10.395725581395348,0.03212269250646038,1.0225154856834715,0.30324927294402576,-7.015164534217941,0.7623574374934744,0.9993303802855232,Not significant
GENE1579,2,Microenvironment,12p,protein_coding,45,43,8.74467511111111,8.776751627906977,0.03207651679587009,1.022482759000278,0.30006335257361394,-7.016127695765724,0.7647789410874171,0.9993303802855232,Not significant
PCOTH137,1,Plasma cells,9p,protein_coding,45,43,6.6447608888888885,6.612698837209303,-0.03206205167958931,0.9780214069160258,-0.26952445609244163,-7.024844953584854,0.7881057817683554,0.9993303802855232,Not significant
GENE3362,0,Other,3q,protein_coding,45,43,8.654283777777778,8.68633534883721,0.032051571059431794,1.0224650793353598,0.26920498349980754,-7.024931213743206,0.7883508721871832,0.9993303802855232,Not significant
GENE2857,1,Plasma cells,2p,protein_coding,45,43,8.857424,8.825441162790698,-0.03198283720930739,0.9780751088921501,-0.2798341825973038,-7.022006408959195,0.7802080175366013,0.9993303802855232,Not significant
GENE2589,0,Other,18q,protein_coding,45,43,8.705815777777778,8.737756046511628,0.03194026873385347,1.022386200328943,0.2882881984233896,-7.019599422188644,0.7737489260947938,0.9993303802855232,Not significant
PCADV040,1,Plasma cells,8q,protein_coding,45,43,8.094881777777777,8.062956744186046,-0.03192503359172605,0.9781142976399977,-0.19139180767600797,-7.042897658646064,0.8486236812952189,0.9993303802855232,Not significant
GENE2413,1,Plasma cells,2p,protein_coding,45,43,8.051253333333333,8.019362325581396,-0.031891007751935874,0.9781373666545257,-0.2982268208108885,-7.016678299318056,0.7661758866607683,0.9993303802855232,Not significant
GENE2182,0,Other,19q,protein_coding,45,43,8.804068,8.835946511627906,0.031878511627907,1.0223424362209919,0.3284125276823757,-7.007200509481229,0.7433165025506416,0.9993303802855232,Not significant
GENE2509,2,Microenvironment,2p,protein_coding,45,43,8.687326444444444,8.655546744186047,-0.031779700258395494,0.9782128352848272,-0.2963184343459654,-7.0172468707498785,0.7676283064989379,0.9993303802855232,Not significant
GENE3550,1,Plasma cells,19q,protein_coding,45,43,10.240014,10.271793023255814,0.03177902325581172,1.0222719378308986,0.2787365709624701,-7.022313670353433,0.7810477638117617,0.9993303802855232,Not significant
GENE2501,2,Microenvironment,9p,protein_coding,45,43,8.656536888888889,8.68828930232558,0.03175241343669377,1.0222530826884622,0.2886843941044545,-7.0194848650408845,0.7734466081824571,0.9993303802855232,Not significant
GENE1464,1,Plasma cells,21q,protein_coding,45,43,9.539261333333334,9.57098441860465,0.03172308527131307,1.022232301787519,0.2905853290982178,-7.018933038819045,0.7719965821982488,0.9993303802855232,Not significant
GENE2328,1,Plasma cells,21q,protein_coding,45,43,8.316674222222222,8.284996976744186,-0.03167724547803452,0.9782823067511762,-0.273180627111949,-7.0238504842215566,0.7853023928734784,0.9993303802855232,Not significant
GENE2309,1,Plasma cells,9p,protein_coding,45,43,8.923486222222222,8.955123720930233,0.031637498708009915,1.022171660590269,0.25686130034386423,-7.028185879361422,0.7978366727386182,0.9993303802855232,Not significant
GENE3611,2,Microenvironment,20q,protein_coding,45,43,9.958187777777777,9.926553488372093,-0.031634289405687355,0.978311435423541,-0.29052889698313006,-7.018949472681088,0.772039616781933,0.9993303802855232,Not significant
GENE3202,1,Plasma cells,19q,protein_coding,45,43,6.743330444444444,6.711724651162791,-0.031605793281652694,0.9783307592297121,-0.27031022966951923,-7.024632353818813,0.7875030490045234,0.9993303802855232,Not significant
GENE1772,1,Plasma cells,15q,protein_coding,45,43,8.536493777777778,8.504914186046511,-0.03157959173126734,0.9783485273752528,-0.28886331056722503,-7.019433081149888,0.7733100970534186,0.9993303802855232,Not significant
GENE1427,2,Microenvironment,20q,protein_coding,45,43,6.994961777777778,6.963397209302325,-0.03156456847544753,0.9783587152918387,-0.323630478721743,-7.008762729842214,0.7469232178663927,0.9993303802855232,Not significant
GENE3066,1,Plasma cells,10q,protein_coding,45,43,7.283649111111111,7.252123720930233,-0.031525390180878965,0.9783852842792661,-0.29406125216983986,-7.017914656942145,0.7693472552749486,0.9993303802855232,Not significant
GENE2779,2,Microenvironment,12p,protein_coding,45,43,8.976038444444445,8.944532093023255,-0.031506351421189294,0.9783981957849499,-0.2872296403738234,-7.01990472629876,0.7745568318333325,0.9993303802855232,Not significant
GENE1009,1,Plasma cells,2p,protein_coding,45,43,7.417698666666666,7.44919023255814,0.03149156589147584,1.0220682701709296,0.2996447918555245,-7.016253479700445,0.7650972482919504,0.9993303802855232,Not significant
GENE1319,1,Plasma cells,20q,protein_coding,45,43,8.348317777777778,8.379782325581395,0.03146454780361729,1.0220491295549532,0.2969907741606869,-7.017046974159521,0.7671165124970551,0.9993303802855232,Not significant
GENE2066,2,Microenvironment,3q,protein_coding,45,43,6.864726222222222,6.896180697674419,0.03145447545219415,1.0220419940191836,0.27751893476044437,-7.0226531204372735,0.7819796403952665,0.9993303802855232,Not significant
GENE3013,1,Plasma cells,2p,protein_coding,45,43,8.209972222222222,8.17854,-0.03143222222221986,0.978448469568274,-0.27403845451728714,-7.0236152196296064,0.7846450570345638,0.9993303802855232,Not significant
GENE2911,0,Other,12p,protein_coding,45,43,6.916192,6.947562790697674,0.031370790697673456,1.0219827113222848,0.29280403339369776,-7.018284394372194,0.7703051857293516,0.9993303802855232,Not significant
GENE2554,1,Plasma cells,19q,protein_coding,45,43,8.589226222222223,8.557867209302326,-0.03135901291989285,0.9784981220209997,-0.31856145034091743,-7.010393738004671,0.7507525330844157,0.9993303802855232,Not significant
GENE3284,0,Other,15q,protein_coding,45,43,8.439590666666666,8.470948837209303,0.03135817054264223,1.0219737714399957,0.2888781676348766,-7.01942877962037,0.7732987616080677,0.9993303802855232,Not significant
GENE3614,2,Microenvironment,3q,protein_coding,45,43,6.985257555555555,6.953905813953488,-0.03135174160206766,0.978503053755403,-0.284441485174271,-7.020703506716197,0.7766859742045721,0.9993303802855232,Not significant
PCOTH145,1,Plasma cells,2p,protein_coding,45,43,7.019713333333334,7.0510581395348835,0.03134480620154978,1.0219643044754454,0.26311489576201896,-7.026556051336318,0.793027059891388,0.9993303802855232,Not significant
GENE1052,1,Plasma cells,15q,protein_coding,45,43,7.589348222222222,7.558067906976744,-0.031280315245477475,0.9785514996405025,-0.28989421767100515,-7.01913408120857,0.7725236660955468,0.9993303802855232,Not significant
GENE1950,1,Plasma cells,10q,protein_coding,45,43,7.811364444444444,7.842608604651163,0.03124416020671905,1.0218930121901688,0.28034464172402307,-7.021863102187565,0.7798175708238513,0.9993303802855232,Not significant
GENE3276,2,Microenvironment,21q,protein_coding,45,43,9.52867088888889,9.559856976744186,0.031186087855296307,1.0218518790788167,0.28042345260388096,-7.021840953511547,0.7797572939424559,0.9993303802855232,Not significant
GENE1275,1,Plasma cells,4q,protein_coding,45,43,6.768118888888889,6.799270465116279,0.03115157622739062,1.0218274350008778,0.31127471220650293,-7.012693300482648,0.7562681020866702,0.9993303802855232,Not significant
GENE3267,2,Microenvironment,4q,protein_coding,45,43,8.007974222222222,7.976837906976744,-0.031136315245478663,0.9786491768658316,-0.29408197880092607,-7.017908548165478,0.7693314657315169,0.9993303802855232,Not significant
GENE3893,2,Microenvironment,9p,protein_coding,45,43,11.631166444444444,11.60004,-0.031126444444435464,0.9786558727260716,-0.26676308433905077,-7.025587171626433,0.7902249301406625,0.9993303802855232,Not significant
GENE1338,2,Microenvironment,10q,protein_coding,45,43,8.588228666666666,8.619322558139535,0.031093891472869117,1.0217865790440124,0.26754644641702346,-7.025377390308328,0.7896235968841482,0.9993303802855232,Not significant
GENE1252,2,Microenvironment,7q,protein_coding,45,43,8.379644888888889,8.348551395348837,-0.031093493540046424,0.9786782253116462,-0.3103031899516678,-7.0129958835510395,0.7570044398485025,0.9993303802855232,Not significant
MEOTH082,2,Microenvironment,4q,protein_coding,45,43,9.769453111111112,9.738375813953489,-0.031077297157629857,0.978689212481718,-0.23213582852667883,-7.034246462842211,0.8169276660802571,0.9993303802855232,Not significant
GEP1Q64,1,Plasma cells,1q,protein_coding,45,43,6.362332888888889,6.393405813953488,0.03107292506459647,1.0217717297249895,0.20333553290357415,-7.040533938088943,0.8393040414583286,0.9993303802855232,Not significant
GENE2205,1,Plasma cells,18q,protein_coding,45,43,9.034372888888889,9.003396976744186,-0.030975912144707962,0.9787579920243159,-0.2662640184232462,-7.0257204992410545,0.7906080949558538,0.9993303802855232,Not significant
GENE2227,2,Microenvironment,12p,protein_coding,45,43,7.582674444444445,7.551708837209302,-0.030965607235139636,0.9787649831404788,-0.2755819378179336,-7.0231900549419235,0.783462710073754,0.9993303802855232,Not significant
GENE2434,0,Other,19q,protein_coding,45,43,8.281833555555556,8.312722790697675,0.030889235142115723,1.0216416417879466,0.2709143018313569,-7.024468495249909,0.7870397793533133,0.9993303802855232,Not significant
PCADV048,1,Plasma cells,8q,protein_coding,45,43,6.628081777777778,6.597247674418605,-0.03083410335917236,0.9788542031430398,-0.22441882781589984,-7.0360126652879025,0.8229093524217762,0.9993303802855232,Not significant
GENE1615,0,Other,12p,protein_coding,45,43,7.342167777777778,7.311373255813954,-0.03079452196382082,0.978881059093607,-0.29344897185006014,-7.018094920942992,0.7698137340992607,0.9993303802855232,Not significant
PCFAV018,1,Plasma cells,11q,protein_coding,45,43,7.687306444444444,7.718062558139535,0.030756113695090903,1.0215473764474725,0.11252189128440707,-7.0549171542036175,0.9106450477447726,0.9993303802855232,Not significant
GENE3772,0,Other,7q,protein_coding,45,43,7.838960666666667,7.869712790697674,0.03075212403100913,1.0215445514393282,0.2661067048242639,-7.025762474572653,0.790728885326422,0.9993303802855232,Not significant
GENE3148,0,Other,7q,protein_coding,45,43,9.587395333333333,9.556661162790698,-0.030734170542634942,0.978922008911202,-0.25194462623091296,-7.029439786133888,0.8016235562206596,0.9993303802855232,Not significant
PCOTH025,1,Plasma cells,2p,protein_coding,45,43,8.595722888888888,8.62644976744186,0.03072687855297218,1.0215266757593227,0.2805494833464065,-7.021805521448455,0.7796609047149776,0.9993303802855232,Not significant
GENE2242,2,Microenvironment,19q,protein_coding,45,43,8.239286,8.208703953488373,-0.030582046511627325,0.9790252361417323,-0.28631314441393296,-7.020168152001026,0.7752565142400558,0.9993303802855232,Not significant
GENE3661,0,Other,2p,protein_coding,45,43,8.934078444444445,8.903527674418605,-0.030550770025838503,0.9790464608634741,-0.2958764135847827,-7.017378043694266,0.7679648346762841,0.9993303802855232,Not significant
GENE1735,0,Other,12p,protein_coding,45,43,8.099384444444444,8.129852325581396,0.030467881136951647,1.0213433043503632,0.2870653462325861,-7.019952010699456,0.7746822455877485,0.9993303802855232,Not significant
PCOTH170,1,Plasma cells,3q,protein_coding,45,43,8.282610666666667,8.31306511627907,0.030454449612404844,1.0213337956645938,0.2894086931689779,-7.019275033149482,0.7728940205903339,0.9993303802855232,Not significant
GENE1503,0,Other,4q,protein_coding,45,43,9.454799555555555,9.485228372093024,0.03042881653746754,1.0213156492841018,0.25620458591148604,-7.028354762551917,0.7983422049849059,0.9993303802855232,Not significant
GENE2476,0,Other,7q,protein_coding,45,43,8.50708911111111,8.476708837209303,-0.03038027390180531,0.9791621703418524,-0.26068351197969053,-7.027194376131488,0.7948960875756605,0.9993303802855232,Not significant
GENE1230,2,Microenvironment,10q,protein_coding,45,43,8.425280888888889,8.394944186046512,-0.03033670284237111,0.9791917426188445,-0.27048355562051263,-7.024585375369411,0.7873701155863363,0.9993303802855232,Not significant
GENE1155,1,Plasma cells,4q,protein_coding,45,43,7.631342888888889,7.661620697674419,0.03027780878552644,1.0212087531593927,0.2567579347122064,-7.0282124898911364,0.7979162368708987,0.9993303802855232,Not significant
GENE3337,1,Plasma cells,2p,protein_coding,45,43,7.420124444444444,7.389851860465116,-0.03027258397932986,0.9792352625968522,-0.24494178913578502,-7.031183946672147,0.8070253901773833,0.9993303802855232,Not significant
GENE2136,1,Plasma cells,21q,protein_coding,45,43,7.1985777777777775,7.1683944186046515,-0.030183359173124202,0.9792958261781481,-0.27597449128933726,-7.0230815426945314,0.7831620851293711,0.9993303802855232,Not significant
GENE1864,2,Microenvironment,7q,protein_coding,45,43,10.782694888888889,10.752541627906977,-0.03015326098191018,0.9793162569273081,-0.2582250241529741,-7.027833799814965,0.7967871669668056,0.9993303802855232,Not significant
GENE2155,0,Other,12p,protein_coding,45,43,7.309015777777778,7.278938139534883,-0.030077638242892668,0.9793675917670612,-0.2651855081871671,-7.026007776413137,0.7914363117160613,0.9993303802855232,Not significant
GENE2217,2,Microenvironment,18q,protein_coding,45,43,10.360373333333333,10.390361395348837,0.029988062015503303,1.0210036770911293,0.28957850602972635,-7.019225761834177,0.7727644826188982,0.9993303802855232,Not significant
GENE2957,2,Microenvironment,9p,protein_coding,45,43,7.345007111111111,7.374986976744186,0.02997986563307542,1.0209978764800587,0.259327302397916,-7.027547858473062,0.7959391392070065,0.9993303802855232,Not significant
GENE1222,2,Microenvironment,19q,protein_coding,45,43,8.597966222222222,8.567996511627907,-0.02996971059431708,0.9794408607477535,-0.24130544026350564,-7.032070265478755,0.8098340992260782,0.9993303802855232,Not significant
GENE2445,2,Microenvironment,18q,protein_coding,45,43,9.630502,9.66045953488372,0.02995753488372266,1.0209820730908656,0.2702962074590903,-7.024636153098953,0.7875138037011931,0.9993303802855232,Not significant
GENE3812,2,Microenvironment,15q,protein_coding,45,43,8.953887555555555,8.923993720930232,-0.029893834625323024,0.9794923740451371,-0.2897953616561805,-7.019162799082166,0.7725990684678902,0.9993303802855232,Not significant
GENE3561,1,Plasma cells,18q,protein_coding,45,43,7.541365555555555,7.571214418604651,0.029848863049092955,1.020905169924773,0.28426576586510927,-7.020753588100419,0.7768202175044057,0.9993303802855232,Not significant
GENE1754,0,Other,3q,protein_coding,45,43,6.945810666666667,6.975615116279069,0.029804449612403694,1.0208737417934453,0.29743988581255926,-7.01691319468894,0.7667747001934305,0.9993303802855232,Not significant
GENE3669,2,Microenvironment,18q,protein_coding,45,43,5.741684444444444,5.771469534883721,0.029785090439276907,1.0208600430294312,0.28590898472655885,-7.020284051388139,0.7755651216391266,0.9993303802855232,Not significant
GENE2035,2,Microenvironment,12p,protein_coding,45,43,8.593280666666667,8.563507906976744,-0.029772759689924655,0.9795745791882692,-0.25576421188586645,-7.028467768992685,0.7986812486585042,0.9993303802855232,Not significant
GENE3853,2,Microenvironment,2p,protein_coding,45,43,9.584872222222222,9.555145813953489,-0.029726408268734517,0.9796060518155514,-0.27632625384486825,-7.022984175135027,0.7828927265787158,0.9993303802855232,Not significant
GENE3026,0,Other,3q,protein_coding,45,43,5.456136444444445,5.426473255813954,-0.029663188630491888,0.9796489795968151,-0.23273550648785335,-7.0341067162114825,0.8164632854596171,0.9993303802855232,Not significant
GENE3135,0,Other,4q,protein_coding,45,43,8.485622444444445,8.455998139534884,-0.02962430490956436,0.979675383590584,-0.27629316049727637,-7.022993340620755,0.7829180663425541,0.9993303802855232,Not significant
GENE3830,2,Microenvironment,3q,protein_coding,45,43,8.020254444444445,8.049876744186047,0.029622299741600244,1.0207448578113445,0.2736885455489413,-7.023711273309989,0.7849131664070731,0.9993303802855232,Not significant
GENE2883,0,Other,4q,protein_coding,45,43,8.221756666666666,8.251376976744186,0.02962031007752053,1.0207434500724113,0.2743760363377394,-7.0235224337478535,0.7843864176436227,0.9993303802855232,Not significant
GENE2835,2,Microenvironment,4q,protein_coding,45,43,8.964432888888888,8.934860930232558,-0.029571958656333663,0.9797109304418772,-0.29954542625868014,-7.016283314850777,0.7651728197981623,0.9993303802855232,Not significant
GENE1599,2,Microenvironment,4q,protein_coding,45,43,7.7253884444444445,7.695936511627907,-0.029451932816537685,0.9797924414442,-0.2677587620756448,-7.02532042720711,0.7894606386390173,0.9993303802855232,Not significant
GENE3273,1,Plasma cells,18q,protein_coding,45,43,7.428724444444445,7.399303023255814,-0.029421421188629004,0.9798131633415395,-0.2365350938164014,-7.033212905483231,0.8135224759559838,0.9993303802855232,Not significant
GENE1662,2,Microenvironment,10q,protein_coding,45,43,8.114300666666667,8.08488534883721,-0.029415317829458942,0.9798173084755668,-0.2586948693333025,-7.027712066283933,0.7964256659793135,0.9993303802855232,Not significant
GENE1292,0,Other,15q,protein_coding,45,43,7.204416222222222,7.175027906976744,-0.029388315245476804,0.9798356476574529,-0.2519867952545868,-7.02942913459624,0.8015910568399289,0.9993303802855232,Not significant
GENE3675,0,Other,4q,protein_coding,45,43,8.685339777777777,8.714727209302326,0.02938743152455281,1.0205786958683065,0.31046843825752973,-7.012944483172025,0.7568791787429543,0.9993303802855232,Not significant
GENE2515,0,Other,12p,protein_coding,45,43,7.221556888888889,7.250943023255814,0.0293861343669235,1.0205777782448247,0.2908248828611232,-7.01886324176999,0.7718139087544661,0.9993303802855232,Not significant
GENE2026,1,Plasma cells,19q,protein_coding,45,43,8.792276666666666,8.82158511627907,0.029308449612406307,1.0205228247048344,0.2893302431358491,-7.019297785736098,0.7729538666274072,0.9993303802855232,Not significant
GENE2460,0,Other,21q,protein_coding,45,43,9.174241333333333,9.144943023255815,-0.029298310077518153,0.9798967784027266,-0.2720438751262395,-7.024161111070168,0.7861737025506258,0.9993303802855232,Not significant
GENE2124,1,Plasma cells,21q,protein_coding,45,43,9.287065555555555,9.257847674418604,-0.029217881136951007,0.9799514082825068,-0.25282746780475635,-7.029216416327651,0.8009432290463157,0.9993303802855232,Not significant
GENE1586,2,Microenvironment,3q,protein_coding,45,43,9.361954,9.391146279069767,0.02919227906976829,1.0204406521639424,0.2719720741568077,-7.02418068785411,0.7862287464635562,0.9993303802855232,Not significant
GENE2189,0,Other,9p,protein_coding,45,43,10.085050666666667,10.114234186046511,0.02918351937984731,1.0204344563177619,0.2538254483409568,-7.028962975369601,0.8001743591966485,0.9993303802855232,Not significant
GENE3199,2,Microenvironment,12p,protein_coding,45,43,8.698229111111111,8.669056976744185,-0.029172134366923785,0.9799824822941351,-0.282890761439919,-7.021144408395807,0.7778709054138883,0.9993303802855232,Not significant
GENE3045,0,Other,18q,protein_coding,45,43,7.922964222222222,7.952130930232558,0.02916670801033927,1.0204225655159866,0.29062730896631184,-7.01892081159726,0.7719645692200688,0.9993303802855232,Not significant
GENE1640,0,Other,15q,protein_coding,45,43,7.841629111111111,7.812473488372093,-0.029155622739017062,0.9799936982463917,-0.22665728515467312,-7.035506486954674,0.8211731615317108,0.9993303802855232,Not significant
GENE1890,2,Microenvironment,10q,protein_coding,45,43,8.008904666666666,8.038051860465115,0.02914719379845465,1.0204087631482515,0.2570324949156545,-7.028141783369168,0.7977049029973282,0.9993303802855232,Not significant
GENE2628,1,Plasma cells,21q,protein_coding,45,43,7.475744,7.504882093023256,0.029138093023258094,1.020402326249802,0.24820328983537962,-7.0303777300312635,0.8045083601911462,0.9993303802855232,Not significant
GENE3279,2,Microenvironment,4q,protein_coding,45,43,6.892147111111111,6.863031860465116,-0.029115250645996404,0.980021122580163,-0.24614189832512917,-7.030888527842916,0.806098980564192,0.9993303802855232,Not significant
GENE2059,0,Other,12p,protein_coding,45,43,8.872529333333333,8.901631162790698,0.0291018294573675,1.0203766777510626,0.25163500784123016,-7.029517938590108,0.8018621876894674,0.9993303802855232,Not significant
GENE1802,0,Other,3q,protein_coding,45,43,8.068482,8.039388837209302,-0.029093162790699623,0.9800361269503428,-0.25820787183015237,-7.027838239678405,0.796800364879242,0.9993303802855232,Not significant
GENE3354,1,Plasma cells,10q,protein_coding,45,43,7.207744666666667,7.178656511627907,-0.029088155038757613,0.9800395287686042,-0.253681535403046,-7.028999584132966,0.8002852213054442,0.9993303802855232,Not significant
GENE1400,0,Other,15q,protein_coding,45,43,8.680641333333334,8.709665813953489,0.029024480620154947,1.0203219726113084,0.26098771581444513,-7.027114835664365,0.7946621775138544,0.9993303802855232,Not significant
GENE2288,2,Microenvironment,15q,protein_coding,45,43,7.959162,7.988186046511628,0.029024046511627155,1.0203216655953484,0.2474281545959799,-7.030570302021219,0.8051063775597443,0.9993303802855232,Not significant
GENE2903,1,Plasma cells,20q,protein_coding,45,43,9.032650444444444,9.003689302325581,-0.02896114211886136,0.9801258139211962,-0.25749553599703506,-7.02802236707915,0.7973485261597739,0.9993303802855232,Not significant
GENE2287,0,Other,12p,protein_coding,45,43,8.245236888888888,8.274126046511627,0.028889157622741024,1.020226272169835,0.25069007819059597,-7.0297558599913845,0.8025905871357456,0.9993303802855232,Not significant
GENE1085,2,Microenvironment,9p,protein_coding,45,43,10.023944222222223,10.052828139534883,0.028883917312665375,1.0202225664023983,0.2673781100727556,-7.0254225219386734,0.7897528064107846,0.9993303802855232,Not significant
GENE1035,0,Other,4q,protein_coding,45,43,7.702626888888889,7.673768604651163,-0.02885828423772896,0.9801956951195638,-0.24879131795059858,-7.030231241032646,0.8040547735693349,0.9993303802855232,Not significant
GENE2668,1,Plasma cells,7q,protein_coding,45,43,9.156712666666667,9.127919302325582,-0.02879336434108204,0.9802398039805345,-0.2527373524023158,-7.02923925239491,0.8010126659229941,0.9993303802855232,Not significant
GENE2896,2,Microenvironment,7q,protein_coding,45,43,10.876021777777778,10.847322325581395,-0.02869945219638126,0.9803036147069681,-0.2776858510865803,-7.02260667560511,0.7818518778083386,0.9993303802855232,Not significant
GENE3692,0,Other,15q,protein_coding,45,43,8.138432,8.167026046511628,0.028594046511631888,1.0200176006844943,0.27910663747216863,-7.022210209998467,0.7807646091577414,0.9993303802855232,Not significant
GENE1804,0,Other,7q,protein_coding,45,43,6.490353333333333,6.518920465116279,0.02856713178294701,1.0199985715479718,0.26515863183377486,-7.02601492045974,0.7914569538427859,0.9993303802855232,Not significant
GENE2831,0,Other,20q,protein_coding,45,43,10.303089333333332,10.274602558139534,-0.028486775193801606,0.9804481382525021,-0.25442378160502915,-7.028810548260276,0.7997134821174211,0.9993303802855232,Not significant
GENE3376,2,Microenvironment,7q,protein_coding,45,43,8.392914,8.36449046511628,-0.02842353488372318,0.980491116984324,-0.2562300530170139,-7.0283482213805,0.7983225990578593,0.9993303802855232,Not significant
PCOTH134,1,Plasma cells,3q,protein_coding,45,43,7.622662222222222,7.651076744186047,0.02841452196382921,1.0198906807184147,0.23482915773468718,-7.0336159963422045,0.8148425109735492,0.9993303802855232,Not significant
GENE3529,1,Plasma cells,2p,protein_coding,45,43,8.421158,8.392807906976744,-0.028350093023252754,0.9805410311537391,-0.25840686215910946,-7.027786713098703,0.7966472547323536,0.9993303802855232,Not significant
GENE1722,2,Microenvironment,10q,protein_coding,45,43,8.958763777777778,8.93042558139535,-0.028338196382433622,0.9805491168490674,-0.2568016038590542,-7.028201248976371,0.7978826229451385,0.9993303802855232,Not significant
GENE1751,0,Other,20q,protein_coding,45,43,9.670788222222223,9.699107441860464,0.028319219638238025,1.0198233104560517,0.23166159485191185,-7.0343567214105605,0.817294950973787,0.9993303802855232,Not significant
GENE3051,1,Plasma cells,4q,protein_coding,45,43,8.371518,8.399788837209302,0.02827083720930368,1.0197891100879266,0.2866469549413387,-7.020072303143274,0.7750016510858759,0.9993303802855232,Not significant
MEOTH018,2,Microenvironment,20q,protein_coding,45,43,9.751448,9.723242558139535,-0.028205441860464475,0.9806393495835642,-0.11811611135391718,-7.0542700909119915,0.9062229523541044,0.9993303802855232,Not significant
GENE3437,0,Other,9p,protein_coding,45,43,7.959428666666667,7.987615581395349,0.02818691472867929,1.019729790037438,0.24647012616006497,-7.030807480159411,0.8058456571649388,0.9993303802855232,Not significant
GENE1333,1,Plasma cells,2p,protein_coding,45,43,8.971087777777777,8.99922023255814,0.028132454780365634,1.0196912972292418,0.266792860435293,-7.025579208933175,0.7902020707548062,0.9993303802855232,Not significant
GENE2591,0,Other,20q,protein_coding,45,43,8.449104,8.477203720930232,0.0280997209302285,1.0196681613325353,0.2529851224134005,-7.029176445654591,0.8008217548357947,0.9993303802855232,Not significant
PCADV052,1,Plasma cells,8q,protein_coding,45,43,9.428629333333333,9.400531860465117,-0.028097472868218176,0.9807127418122222,-0.10780628057684287,-7.055438216489346,0.9143748144578073,0.9993303802855232,Not significant
GENE3602,1,Plasma cells,3q,protein_coding,45,43,8.298296444444444,8.326391162790697,0.02809471834625299,1.0196646256118074,0.256237208446001,-7.028346383407083,0.7983170904527873,0.9993303802855232,Not significant
GENE2537,2,Microenvironment,9p,protein_coding,45,43,8.335251777777778,8.363326976744187,0.028075198966408976,1.0196508298435167,0.24536917945133557,-7.031078905621828,0.8066954398512421,0.9993303802855232,Not significant
MEOTH104,2,Microenvironment,2p,protein_coding,45,43,10.897762666666667,10.925808139534883,0.028045472868221566,1.0196298206020877,0.15272297645951202,-7.049569790552993,0.8789379342868563,0.9993303802855232,Not significant
GENE1633,2,Microenvironment,2p,protein_coding,45,43,8.711088444444444,8.683106511627907,-0.027981932816535604,0.9807912865740295,-0.29510255608032704,-7.017607221015833,0.7685541104638343,0.9993303802855232,Not significant
GENE1063,0,Other,12p,protein_coding,45,43,8.56033888888889,8.532368372093023,-0.02797051679586815,0.9807990475890608,-0.2336246532718044,-7.033898850042327,0.815774865512216,0.9993303802855232,Not significant
GENE1770,2,Microenvironment,10q,protein_coding,45,43,9.415865777777778,9.443811627906976,0.02794585012920514,1.0195594143100037,0.25499417218922704,-7.028664905944938,0.7992741943466901,0.9993303802855232,Not significant
GENE2619,0,Other,4q,protein_coding,45,43,7.857606888888889,7.885552558139535,0.02794566925065034,1.019559286482281,0.20739234993406813,-7.039698557910111,0.8361436540396645,0.9993303802855232,Not significant
GENE1564,0,Other,7q,protein_coding,45,43,8.529291333333333,8.557187209302326,0.027895875968994233,1.0195240979461062,0.2602379584905968,-7.02731070823115,0.7952387187813645,0.9993303802855232,Not significant
MEOTH020,2,Microenvironment,2p,protein_coding,45,43,8.077945777777778,8.05008046511628,-0.027865312661495167,0.980870571975127,-0.15744169488428778,-7.048835879097317,0.8752281035135483,0.9993303802855232,Not significant
MEOTH063,2,Microenvironment,15q,protein_coding,45,43,10.841050888888889,10.868893720930233,0.027842832041343968,1.0194866135389444,0.19004278860989895,-7.043155652417831,0.8496776934087131,0.9993303802855232,Not significant
GENE1699,2,Microenvironment,12p,protein_coding,45,43,8.273127777777777,8.30095976744186,0.027831989664083068,1.0194789517555272,0.25363784428939684,-7.029010694233323,0.8003188791924009,0.9993303802855232,Not significant
GENE2352,1,Plasma cells,21q,protein_coding,45,43,8.327927333333333,8.355729302325582,0.027801968992248405,1.0194577378996827,0.24346767434280497,-7.031544841173562,0.8081636913311736,0.9993303802855232,Not significant
GENE2452,1,Plasma cells,7q,protein_coding,45,43,9.997583777777777,10.025361860465116,0.02777808268733395,1.0194408591580923,0.27993177025702226,-7.021979032267718,0.7801333690430018,0.9993303802855232,Not significant
GENE3638,0,Other,3q,protein_coding,45,43,10.157533555555556,10.129756511627907,-0.027777043927640577,0.9809305866349765,-0.24064193185538585,-7.032230559783805,0.8103468615195382,0.9993303802855232,Not significant
PCOTH058,1,Plasma cells,19q,protein_coding,45,43,8.064088666666667,8.03632511627907,-0.027763550387597036,0.9809397613307195,-0.24544609577047355,-7.031059982239296,0.8066360632606357,0.9993303802855232,Not significant
GENE3987,0,Other,4q,protein_coding,45,43,7.667115111111111,7.694869534883721,0.02775442377260884,1.0194241413723457,0.24037389853468968,-7.0322951878596145,0.8105540223388294,0.9993303802855232,Not significant
GENE1177,1,Plasma cells,2p,protein_coding,45,43,8.426754,8.454443023255815,0.027689023255819123,1.0193779296972245,0.2701041547951621,-7.0246881694456125,0.7876611075963024,0.9993303802855232,Not significant
GENE1479,1,Plasma cells,4q,protein_coding,45,43,8.468200444444445,8.495820930232558,0.027620485788112603,1.0193295037163714,0.24929311114007063,-7.030105961036054,0.8036677588687187,0.9993303802855232,Not significant
GENE3788,2,Microenvironment,15q,protein_coding,45,43,8.61715688888889,8.644747441860465,0.027590552971577864,1.0193083550427864,0.2634218821358897,-7.026475035753363,0.7927911621623258,0.9993303802855232,Not significant
GENE1553,1,Plasma cells,9p,protein_coding,45,43,7.839385777777777,7.811821627906976,-0.027564149870801913,0.981075350216621,-0.22047345150138142,-7.036892608227957,0.8259716025297585,0.9993303802855232,Not significant
GENE1419,1,Plasma cells,4q,protein_coding,45,43,9.73969511111111,9.712142558139535,-0.027552552971576105,0.9810832364832088,-0.25279784010389156,-7.029223925155126,0.800966057986471,0.9993303802855232,Not significant
MEOTH167,2,Microenvironment,7q,protein_coding,45,43,11.91888,11.946424186046512,0.027544186046515762,1.019275595912617,0.11833692604545551,-7.054243906299843,0.9060484633278063,0.9993303802855232,Not significant
GENE2327,1,Plasma cells,20q,protein_coding,45,43,9.093368444444444,9.120884186046512,0.027515741602067934,1.0192554998830112,0.2677771898493348,-7.025315481010796,0.7894464952449766,0.9993303802855232,Not significant
GENE1758,2,Microenvironment,10q,protein_coding,45,43,9.589824222222223,9.61729976744186,0.027475545219635578,1.0192271017725616,0.25234395797772136,-7.0293388469274625,0.8013158079400078,0.9993303802855232,Not significant
GENE2341,0,Other,2p,protein_coding,45,43,8.99499288888889,9.02243,0.027437111111112245,1.0191999494207902,0.26864326160288876,-7.025082635446658,0.7887818610787406,0.9993303802855232,Not significant
GENE1932,0,Other,21q,protein_coding,45,43,11.082205111111112,11.109638372093023,0.0274332609819119,1.0191972294791956,0.2188227412499945,-7.037256142329737,0.8272536218582249,0.9993303802855232,Not significant
GENE1260,2,Microenvironment,21q,protein_coding,45,43,10.569637555555556,10.542241395348837,-0.027396160206713205,0.9811895948141464,-0.22563534422937837,-7.035738199182572,0.8219656888872473,0.9993303802855232,Not significant
GENE2443,0,Other,12p,protein_coding,45,43,8.848677555555556,8.821346976744186,-0.027330578811369577,0.9812341983120926,-0.266519153124756,-7.025652370049671,0.7904122053024835,0.9993303802855232,Not significant
GENE1623,0,Other,4q,protein_coding,45,43,7.909588666666667,7.88229,-0.027298666666665916,0.9812559032692469,-0.25546357518807683,-7.028544805275096,0.7989127308074802,0.9993303802855232,Not significant
GENE1817,0,Other,9p,protein_coding,45,43,9.613892666666667,9.58672511627907,-0.027167550387598993,0.9813450866834909,-0.24936288532022133,-7.030088520929116,0.8036139484693028,0.9993303802855232,Not significant
PCFAV037,1,Plasma cells,6p,protein_coding,45,43,7.119539111111111,7.092384418604651,-0.027154692506456968,0.9813538328664019,-0.15670609376110178,-7.048951757060418,0.8758062480655375,0.9993303802855232,Not significant
GENE2305,2,Microenvironment,2p,protein_coding,45,43,8.094641555555556,8.121773953488372,0.027132397932819075,1.0189847058300316,0.22468134375970114,-7.035953562789314,0.8227056942043793,0.9993303802855232,Not significant
GENE3681,1,Plasma cells,18q,protein_coding,45,43,6.755307111111111,6.728226976744186,-0.027080134366922692,0.9814045503116086,-0.23854859201776307,-7.032733391917332,0.8119651449208066,0.9993303802855232,Not significant
GENE3416,0,Other,15q,protein_coding,45,43,9.82214488888889,9.849199534883722,0.027054645994834203,1.0189297906202968,0.2590007607495952,-7.027632693233517,0.7961903355916984,0.9993303802855232,Not significant
PCADV044,1,Plasma cells,8q,protein_coding,45,43,7.015440222222222,6.988402558139535,-0.027037664082683932,0.9814334414788537,-0.09032054985380542,-7.057175693319314,0.928221056602668,0.9993303802855232,Not significant
PCOTH080,1,Plasma cells,15q,protein_coding,45,43,5.606609333333333,5.633583720930233,0.02697438759689863,1.0188731082337585,0.2644513298274841,-7.026202669654745,0.7920002437459986,0.9993303802855232,Not significant
GENE1515,2,Microenvironment,4q,protein_coding,45,43,9.922387777777777,9.895446046511628,-0.02694173126614352,0.9814987046162619,-0.22097931128515974,-7.0367806569390865,0.825578822150022,0.9993303802855232,Not significant
GENE3879,2,Microenvironment,4q,protein_coding,45,43,8.457376666666667,8.430471395348837,-0.026905271317831492,0.9815235094732929,-0.246141423380404,-7.030888645040528,0.8060993471373968,0.9993303802855232,Not significant
GENE3193,2,Microenvironment,2p,protein_coding,45,43,10.141417333333333,10.114531162790698,-0.02688617054263709,0.981536504585551,-0.29816197278114287,-7.016697679486598,0.7662252270270596,0.9993303802855232,Not significant
GENE2653,2,Microenvironment,2p,protein_coding,45,43,10.050014888888889,10.02313534883721,-0.026879540051680806,0.9815410156455379,-0.20860017016131685,-7.0394466583375355,0.8352032405995008,0.9993303802855232,Not significant
GENE1794,0,Other,10q,protein_coding,45,43,10.017722666666666,10.044524186046512,0.02680151937984121,1.0187510309958194,0.22477488734897558,-7.035932485827652,0.8226331266072056,0.9993303802855232,Not significant
GENE1401,2,Microenvironment,18q,protein_coding,45,43,9.874662666666667,9.847887906976744,-0.02677475968992482,0.981612305803639,-0.2493254795427065,-7.030097871136438,0.8036427959831349,0.9993303802855232,Not significant
PCOTH118,1,Plasma cells,19q,protein_coding,45,43,8.442335777777778,8.41557976744186,-0.026756010335919456,0.9816250629807901,-0.25521274796039556,-7.028609008954369,0.7991058747458549,0.9993303802855232,Not significant
GENE2315,0,Other,20q,protein_coding,45,43,9.794795333333333,9.821506046511628,0.026710713178298207,1.0186869107226286,0.27139951485685826,-7.024336613519638,0.7866677195188181,0.9993303802855232,Not significant
MEOTH072,2,Microenvironment,9p,protein_coding,45,43,10.427388,10.400746046511628,-0.026641953488372394,0.9817026715417257,-0.20384218750160632,-7.040430508717433,0.8389091966941364,0.9993303802855232,Not significant
GENE1819,0,Other,12p,protein_coding,45,43,8.593246,8.619823953488371,0.026577953488370554,1.0185931734238889,0.22640978424990546,-7.035562700650611,0.8213650844497948,0.9993303802855232,Not significant
PCOTH197,1,Plasma cells,9p,protein_coding,45,43,8.016248222222222,7.9897125581395345,-0.02653566408268926,0.9817750003668794,-0.26184470777948965,-7.026890259093097,0.7940033154907029,0.9993303802855232,Not significant
GENE3570,1,Plasma cells,10q,protein_coding,45,43,11.475892,11.449481395348837,-0.026410604651166736,0.9818601088213201,-0.22886028665965738,-7.035003426434934,0.8194653391792792,0.9993303802855232,Not significant
GENE3297,1,Plasma cells,18q,protein_coding,45,43,7.249736222222222,7.223386744186047,-0.02634947803617571,0.9819017108609979,-0.20835910542272032,-7.039497050851173,0.8353909154554657,0.9993303802855232,Not significant
GENE1943,2,Microenvironment,20q,protein_coding,45,43,7.537142222222222,7.563473023255814,0.026330801033593865,1.0184186900899284,0.22595925198792763,-7.035664870402647,0.8217144745463116,0.9993303802855232,Not significant
GENE1211,2,Microenvironment,20q,protein_coding,45,43,10.286636222222223,10.31291930232558,0.026283080103358003,1.0183850037722328,0.24052173725851647,-7.032259549948346,0.8104397572985718,0.9993303802855232,Not significant
MEOTH239,2,Microenvironment,7q,protein_coding,45,43,8.948244,8.92196976744186,-0.026274232558138877,0.9819529244496661,-0.1187486819302808,-7.054194948944726,0.9057231037933582,0.9993303802855232,Not significant
PCFAV055,1,Plasma cells,5q,protein_coding,45,43,6.527358222222222,6.501116744186047,-0.026241478036174826,0.9819752186718245,-0.14552176955190815,-7.050646785357821,0.8846046641297434,0.9993303802855232,Not significant
GENE3594,2,Microenvironment,10q,protein_coding,45,43,10.917501777777778,10.94373511627907,0.02623333850129761,1.0183498922435248,0.2493761279908371,-7.030085210363656,0.8036037357237535,0.9993303802855232,Not significant
GENE1310,1,Plasma cells,3q,protein_coding,45,43,8.27727488888889,8.251067906976743,-0.02620698191214288,0.9819986988550687,-0.23902747618362027,-7.032618748304436,0.8115948650792215,0.9993303802855232,Not significant
GENE1858,2,Microenvironment,19q,protein_coding,45,43,8.714528666666666,8.688330930232558,-0.02619773643410994,0.98200499199134,-0.22858194449802544,-7.035067254776331,0.8196810692298312,0.9993303802855232,Not significant
GENE1198,1,Plasma cells,19q,protein_coding,45,43,8.822898888888888,8.848937674418604,0.026038785529712172,1.0182125731055147,0.2171423195919022,-7.037623416300929,0.8285591969158186,0.9993303802855232,Not significant
GENE2278,0,Other,19q,protein_coding,45,43,8.591085777777778,8.565126744186047,-0.025959033591734126,0.9821674842501463,-0.24619462523251345,-7.0308755155193605,0.8060582849998613,0.9993303802855232,Not significant
GENE2976,2,Microenvironment,21q,protein_coding,45,43,10.631362444444445,10.657282558139535,0.02592011369509173,1.018128821390075,0.23145545499004075,-7.034404578369543,0.8174546150580045,0.9993303802855232,Not significant
GENE3928,2,Microenvironment,7q,protein_coding,45,43,9.247828,9.22193488372093,-0.02589311627906632,0.982212360900013,-0.2095213914669139,-7.039253548622782,0.834486134948154,0.9993303802855232,Not significant
GENE3209,2,Microenvironment,9p,protein_coding,45,43,9.174891777777777,9.149008604651163,-0.025883173126613812,0.9822191303978094,-0.23762773331701714,-7.032953197717447,0.8126772855491234,0.9993303802855232,Not significant
GENE3392,0,Other,15q,protein_coding,45,43,10.065615555555556,10.03973511627907,-0.025880439276482647,0.9822209916660376,-0.21451554130791564,-7.038191860089936,0.8306009903767718,0.9993303802855232,Not significant
GENE3114,1,Plasma cells,10q,protein_coding,45,43,8.587102444444444,8.561249302325582,-0.025853142118862138,0.98223957639401,-0.2316561541095367,-7.03435798506764,0.8172991649610931,0.9993303802855232,Not significant
GENE1183,0,Other,12p,protein_coding,45,43,8.04254888888889,8.016698604651163,-0.025850284237725063,0.9822415221459938,-0.21491376379356802,-7.038106127862337,0.8302913771544707,0.9993303802855232,Not significant
GENE1171,1,Plasma cells,12p,protein_coding,45,43,8.062417111111111,8.03658511627907,-0.025831994832042682,0.9822539743462433,-0.24637006759591887,-7.030832198557329,0.8059228793064204,0.9993303802855232,Not significant
GENE1878,1,Plasma cells,10q,protein_coding,45,43,7.636573555555556,7.610794418604651,-0.02577913695090217,0.9822899631127486,-0.2567631481446606,-7.0282111479971,0.797912223859018,0.9993303802855232,Not significant
PCOTH172,1,Plasma cells,7q,protein_coding,45,43,5.513543555555556,5.487786976744186,-0.02575657881136806,0.9823053224275456,-0.2327130385692558,-7.034111958541967,0.8164806830622864,0.9993303802855232,Not significant
GENE1952,0,Other,15q,protein_coding,45,43,8.268872444444444,8.294514186046511,0.025641741602067114,1.0179323895028847,0.25413516071890596,-7.028884120000453,0.7999357887702292,0.9993303802855232,Not significant
PCOTH103,1,Plasma cells,12p,protein_coding,45,43,8.29273688888889,8.31836976744186,0.02563287855297247,1.0179261359588059,0.20936901466236307,-7.039285549075865,0.8346047398842781,0.9993303802855232,Not significant
GENE3398,0,Other,3q,protein_coding,45,43,7.680770444444445,7.706402325581395,0.025631881136951584,1.0179254322096027,0.22598307492853997,-7.035659473030062,0.8216959988326819,0.9993303802855232,Not significant
GENE1792,0,Other,7q,protein_coding,45,43,8.577126222222223,8.551529069767442,-0.02559715245478067,0.9824138789882888,-0.22022040199941514,-7.036948514167294,0.8261681022000092,0.9993303802855232,Not significant
GENE3815,2,Microenvironment,20q,protein_coding,45,43,10.335539333333333,10.361113953488372,0.025574620155039085,1.0178850312576322,0.22293068480147354,-7.036346399217093,0.8240640730557651,0.9993303802855232,Not significant
GENE3242,0,Other,3q,protein_coding,45,43,9.633523333333333,9.607950930232558,-0.025572403100776242,0.982430732388859,-0.21729153365935863,-7.037590918412134,0.8284432480613322,0.9993303802855232,Not significant
PCOTH113,1,Plasma cells,9p,protein_coding,45,43,6.459264888888889,6.484810930232558,0.025546041343663006,1.0178648678444628,0.22588259495005839,-7.035682234115734,0.8217739260530953,0.9993303802855232,Not significant
GENE1604,1,Plasma cells,15q,protein_coding,45,43,7.104098444444444,7.078556744186047,-0.02554170025840019,0.9824516402980373,-0.20108184613137314,-7.040990893481963,0.8410608753486081,0.9993303802855232,Not significant
GENE2598,2,Microenvironment,10q,protein_coding,45,43,7.548872666666667,7.574380697674418,0.02550803100775223,1.0178380507592324,0.21222517328293544,-7.038681862960025,0.832382241331791,0.9993303802855232,Not significant
GENE3017,2,Microenvironment,9p,protein_coding,45,43,6.4601824444444444,6.434684186046511,-0.02549825839793307,0.9824812239372991,-0.22298096693946673,-7.03633515905053,0.824025050433808,0.9993303802855232,Not significant
GENE3365,2,Microenvironment,9p,protein_coding,45,43,8.358127333333334,8.383556511627907,0.02542917829457636,1.0177824207776398,0.25980348613059073,-7.0274239557286435,0.7955728672176297,0.9993303802855232,Not significant
GENE2711,0,Other,20q,protein_coding,45,43,10.929119777777778,10.903698604651163,-0.025421173126616736,0.9825337207248463,-0.22871989646751348,-7.03503562986557,0.8195741473474045,0.9993303802855232,Not significant
GENE3062,2,Microenvironment,3q,protein_coding,45,43,9.574637333333333,9.549251627906976,-0.025385705426359095,0.9825578759613139,-0.22247993655189136,-7.036447047256217,0.8244139064309435,0.9993303802855232,Not significant
GENE0990,2,Microenvironment,10q,protein_coding,45,43,8.753542222222222,8.72817,-0.02537222222222013,0.982567058837772,-0.21072981309250616,-7.0389989459240265,0.8335456761858067,0.9993303802855232,Not significant
GENE3583,0,Other,12p,protein_coding,45,43,9.169077777777778,9.143717209302325,-0.025360568475450762,0.9825749958123998,-0.22451592615925933,-7.035990812736412,0.8228340227251522,0.9993303802855232,Not significant
GENE3309,0,Other,18q,protein_coding,45,43,8.125622444444444,8.100345581395349,-0.02527686304909693,0.9826320066446638,-0.22042099839965237,-7.036904201901672,0.8260123328494728,0.9993303802855232,Not significant
GENE2884,2,Microenvironment,7q,protein_coding,45,43,7.655474888888889,7.68073488372093,0.025259994832041777,1.0176630734081846,0.21942701318894825,-7.03712338086731,0.8267842613569296,0.9993303802855232,Not significant
PCOTH072,1,Plasma cells,21q,protein_coding,45,43,6.675305333333333,6.700559069767442,0.02525373643410589,1.0176586588046244,0.21467554473352501,-7.0381574324811735,0.8304765864130472,0.9993303802855232,Not significant
GENE3249,2,Microenvironment,18q,protein_coding,45,43,9.676629777777778,9.651389534883721,-0.02524024289406057,0.9826569492639329,-0.2176013658879355,-7.037523367662736,0.8282025007731804,0.9993303802855232,Not significant
MEOTH117,2,Microenvironment,3q,protein_coding,45,43,9.211652888888889,9.186417209302325,-0.025235679586561588,0.9826600574557477,-0.19961250285855645,-7.041286075808406,0.8422067175579389,0.9993303802855232,Not significant
GENE3439,0,Other,12p,protein_coding,45,43,8.429128444444444,8.403896511627908,-0.02523193281653313,0.9826626094892184,-0.21949170140719323,-7.037109146881192,0.8267340193318302,0.9993303802855232,Not significant
GENE3989,0,Other,9p,protein_coding,45,43,6.4190966666666665,6.393869767441861,-0.02522689922480481,0.9826660380246133,-0.2583131098354283,-7.0278109942749705,0.7967193900724019,0.9993303802855232,Not significant
GENE3840,0,Other,21q,protein_coding,45,43,10.293037555555555,10.267846976744186,-0.025190578811372433,0.9826907773388999,-0.19832236043611914,-7.041543474316489,0.8432130930407575,0.9993303802855232,Not significant
GENE1997,0,Other,9p,protein_coding,45,43,8.508072444444444,8.533260697674418,0.02518825322997742,1.0176124688369224,0.199106739989029,-7.041387180150378,0.8426012067386512,0.9993303802855232,Not significant
GENE2895,1,Plasma cells,4q,protein_coding,45,43,8.575736222222222,8.600913720930233,0.025177498708011115,1.0176048831070565,0.2624203393034895,-7.026739000886306,0.7935608493164128,0.9993303802855232,Not significant
PCOTH153,1,Plasma cells,18q,protein_coding,45,43,7.094187111111111,7.119354186046512,0.025167074935400713,1.0175975307260694,0.19630313274207112,-7.041942986291519,0.8447887129455439,0.9993303802855232,Not significant
GENE2179,2,Microenvironment,12p,protein_coding,45,43,8.876645111111111,8.85153,-0.0251151111111092,0.9827421834577729,-0.21427358267098498,-7.038243873121661,0.8307891233739338,0.9993303802855232,Not significant
PCFAV025,1,Plasma cells,6p,protein_coding,45,43,9.31310888888889,9.288013255813954,-0.025095633074933232,0.9827554516929008,-0.07115270159993708,-7.058728011951677,0.9434245469060405,0.9993303802855232,Not significant
GENE2748,0,Other,21q,protein_coding,45,43,9.968261333333333,9.943177209302325,-0.02508412403100735,0.9827632916178026,-0.225413751328556,-7.0357883045894125,0.8221375611980981,0.9993303802855232,Not significant
GENE3686,2,Microenvironment,3q,protein_coding,45,43,9.950566,9.975473720930232,0.024907720930237076,1.0174146131538548,0.23307043893502596,-7.03402850810914,0.8162039478279381,0.9993303802855232,Not significant
GENE2519,0,Other,20q,protein_coding,45,43,7.985638222222223,7.960752325581395,-0.024885896640825855,0.9828983333148467,-0.21927863599891056,-7.037156013929795,0.8268995056267929,0.9993303802855232,Not significant
GENE1710,0,Other,10q,protein_coding,45,43,10.013675777777777,10.038543023255814,0.024867245478038313,1.0173860695339538,0.21433815179445317,-7.038229998651747,0.8307389172058447,0.9993303802855232,Not significant
GENE1928,2,Microenvironment,15q,protein_coding,45,43,9.820948,9.796146744186046,-0.024801255813949652,0.9829560002269611,-0.22623727121022394,-7.035601846427209,0.8214988649548457,0.9993303802855232,Not significant
GENE2034,1,Plasma cells,10q,protein_coding,45,43,9.046733777777778,9.021935581395349,-0.02479819638242553,0.9829580847213811,-0.2240221051595178,-7.036101851939815,0.8232171503511967,0.9993303802855232,Not significant
GENE2343,1,Plasma cells,4q,protein_coding,45,43,8.159744666666667,8.184537674418605,0.024793007751940266,1.0173337185637208,0.21660376101346127,-7.0377405254731755,0.8289777228496682,0.9993303802855232,Not significant
GENE3511,2,Microenvironment,12p,protein_coding,45,43,9.028903333333334,9.05368534883721,0.024782015503873822,1.0173259672776334,0.22754459551511744,-7.035304452166179,0.820485192100363,0.9993303802855232,Not significant
GENE3302,0,Other,3q,protein_coding,45,43,10.748401555555555,10.723695348837209,-0.024706206718347445,0.9830207624628823,-0.23632372129276605,-7.033263008279854,0.813686004629898,0.9993303802855232,Not significant
GENE1097,2,Microenvironment,9p,protein_coding,45,43,8.890845777777777,8.915498837209302,0.02465305943152707,1.0172350371127457,0.24178212223181014,-7.031954833704523,0.8094657684073514,0.9993303802855232,Not significant
GENE1408,2,Microenvironment,7q,protein_coding,45,43,8.311988,8.336631162790697,0.02464316279069756,1.0172280590785898,0.21405246431813263,-7.0382913549033255,0.8309610607906202,0.9993303802855232,Not significant
GENE2558,0,Other,3q,protein_coding,45,43,8.237760444444444,8.262356279069767,0.02459583462532322,1.0171946890684602,0.23496667581348432,-7.033583610574466,0.8147360811192285,0.9993303802855232,Not significant
GENE1212,0,Other,21q,protein_coding,45,43,9.086565111111112,9.062004418604651,-0.02456069250645676,0.9831199176561777,-0.22149866621624553,-7.036665452400036,0.8251756094460501,0.9993303802855232,Not significant
GENE2922,0,Other,10q,protein_coding,45,43,8.503596,8.528136976744186,0.02454097674418243,1.0171560113972447,0.2201397050364777,-7.036966328967788,0.8262307678648522,0.9993303802855232,Not significant
GENE3817,2,Microenvironment,2p,protein_coding,45,43,7.794721333333333,7.770197674418605,-0.024523658914730184,0.9831451544026268,-0.21891169265111288,-7.037236622234183,0.8271845260564559,0.9993303802855232,Not significant
GENE2988,1,Plasma cells,21q,protein_coding,45,43,7.294650666666667,7.270156279069767,-0.02449438759690281,0.9831651019628624,-0.22661714602387173,-7.035515607731378,0.8212042864133412,0.9993303802855232,Not significant
GENE3259,2,Microenvironment,12p,protein_coding,45,43,8.478722666666666,8.503192325581395,0.0244696589147253,1.0171057308016025,0.23890716674033857,-7.032647571668592,0.8116878859776595,0.9993303802855232,Not significant
GENE2932,0,Other,7q,protein_coding,45,43,8.82947,8.805003488372092,-0.024466511627904808,0.9831840990092965,-0.19732484053617047,-7.04174134803625,0.8439913867404949,0.9993303802855232,Not significant
GENE2419,1,Plasma cells,12p,protein_coding,45,43,7.253850666666667,7.229403720930232,-0.024446945736430692,0.9831974330842612,-0.23851650201138208,-7.032741065971002,0.8119899588843946,0.9993303802855232,Not significant
GENE4000,2,Microenvironment,7q,protein_coding,45,43,8.247594888888889,8.223153953488373,-0.024440935400516395,0.9832015291398966,-0.1969945327561598,-7.041806650049074,0.8442491365064952,0.9993303802855232,Not significant
GENE2512,0,Other,7q,protein_coding,45,43,8.689535333333334,8.713882325581395,0.024346992248062804,1.0170192539911065,0.23842589682405152,-7.0327627278694465,0.8120600214145015,0.9993303802855232,Not significant
GENE3954,2,Microenvironment,10q,protein_coding,45,43,7.949494888888889,7.925268372093023,-0.02422651679586707,0.983347667000596,-0.20154890319856225,-7.0408966114401235,0.840696720382144,0.9993303802855232,Not significant
GENE3507,1,Plasma cells,4q,protein_coding,45,43,10.031071333333333,10.055296279069767,0.02422494573643874,1.0169332216705953,0.19147864351057353,-7.042880989220449,0.8485558443389044,0.9993303802855232,Not significant
GENE1305,2,Microenvironment,18q,protein_coding,45,43,7.788410444444445,7.812561162790698,0.02415071834624971,1.0168809012875049,0.20790779903026116,-7.039591236063202,0.8357422942230454,0.9993303802855232,Not significant
GENE2332,0,Other,7q,protein_coding,45,43,8.810179777777778,8.786042790697675,-0.024136987080103367,0.9834086927658545,-0.22373979891045423,-7.036165220806001,0.8234361949491927,0.9993303802855232,Not significant
PCOTH169,1,Plasma cells,2p,protein_coding,45,43,7.721955777777778,7.746066511627907,0.02411073385012852,1.0168527186807415,0.2344128604832517,-7.0337139196939455,0.8151647185308585,0.9993303802855232,Not significant
GENE2043,2,Microenvironment,4q,protein_coding,45,43,8.485369333333333,8.4613,-0.024069333333329723,0.9834548098181581,-0.1881471676806428,-7.043515099819973,0.8511592359454854,0.9993303802855232,Not significant
MEOTH073,2,Microenvironment,10q,protein_coding,45,43,10.383895777777777,10.359841860465115,-0.02405391731266171,0.9834653186507573,-0.11758737756673676,-7.054332590443433,0.9066407794723348,0.9993303802855232,Not significant
GENE3217,0,Other,2p,protein_coding,45,43,7.204821111111111,7.2288546511627905,0.024033540051679125,1.0167983117398178,0.21821098636789332,-7.03739017526606,0.8277288584918616,0.9993303802855232,Not significant
GENE1435,1,Plasma cells,12p,protein_coding,45,43,7.526493777777778,7.550517441860465,0.024023664082690743,1.016791351270738,0.23683654281333888,-7.033141373960932,0.8132892737669639,0.9993303802855232,Not significant
GENE3933,2,Microenvironment,18q,protein_coding,45,43,7.750788666666667,7.726770465116279,-0.02401820155038159,0.9834896658948556,-0.21406216799343802,-7.038289272215081,0.8309535152251619,0.9993303802855232,Not significant
GENE2247,2,Microenvironment,4q,protein_coding,45,43,6.769982,6.793962093023256,0.02398009302325743,1.01676064345921,0.23261820870247082,-7.034134079165253,0.8165541137663184,0.9993303802855232,Not significant
GENE1301,1,Plasma cells,9p,protein_coding,45,43,9.023635111111112,8.999665581395348,-0.023969529715769156,0.983522846194554,-0.21874403501165257,-7.037273407548984,0.8273147605398558,0.9993303802855232,Not significant
GENE3465,0,Other,18q,protein_coding,45,43,8.028068444444445,8.004105348837209,-0.023963095607234308,0.9835272325039752,-0.21673377425908172,-7.037712280789637,0.8288766821248728,0.9993303802855232,Not significant
GENE3500,2,Microenvironment,15q,protein_coding,45,43,8.831580888888888,8.807710697674418,-0.023870191214475867,0.9835905701739953,-0.21416969291504878,-7.038266187956327,0.8308699050438514,0.9993303802855232,Not significant
GENE2942,1,Plasma cells,3q,protein_coding,45,43,8.060937333333333,8.08479534883721,0.023858015503877894,1.0166746111639156,0.21192530963332123,-7.038745626964036,0.8326155143941162,0.9993303802855232,Not significant
GENE1290,0,Other,10q,protein_coding,45,43,8.492464444444444,8.468638837209303,-0.023825607235140822,0.9836209667983752,-0.19755208192554144,-7.041696358829359,0.8438140728385547,0.9993303802855232,Not significant
GENE1432,1,Plasma cells,7q,protein_coding,45,43,9.157659333333333,9.133923488372092,-0.02373584496124259,0.983682168091016,-0.20809421396432612,-7.039552357004936,0.8355971509800991,0.9993303802855232,Not significant
GENE2201,2,Microenvironment,9p,protein_coding,45,43,8.200784,8.177091860465117,-0.023692139534881917,0.98371196849828,-0.23411230451591666,-7.033784509969478,0.8153973638875824,0.9993303802855232,Not significant
GENE1613,0,Other,9p,protein_coding,45,43,7.810057111111111,7.786395813953488,-0.02366129715762444,0.9837329988193781,-0.2202939651416192,-7.0369322685582425,0.8261109773223323,0.9993303802855232,Not significant
GENE1442,2,Microenvironment,3q,protein_coding,45,43,9.130539555555556,9.106888139534883,-0.02365141602067311,0.9837397365106416,-0.21816624272391585,-7.037399963700107,0.8277636197319317,0.9993303802855232,Not significant
GENE1549,0,Other,2p,protein_coding,45,43,9.322868666666666,9.346478837209302,0.023610170542637476,1.0164999685473604,0.19588783239275012,-7.042024648560176,0.8451128536415622,0.9993303802855232,Not significant
GENE2270,2,Microenvironment,3q,protein_coding,45,43,8.665715333333333,8.689309302325581,0.023593968992248193,1.0164885532568648,0.2163028078976504,-7.037805840972307,0.8292116217411358,0.9993303802855232,Not significant
GENE1810,1,Plasma cells,19q,protein_coding,45,43,7.9327206666666665,7.909151162790698,-0.023569503875969566,0.983795592056662,-0.2055997546217454,-7.0400697224274795,0.8375398138438722,0.9993303802855232,Not significant
GENE1624,1,Plasma cells,7q,protein_coding,45,43,5.705224222222222,5.6816676744186045,-0.023556547803616823,0.9838044270382368,-0.2547563865618064,-7.028725661207859,0.7994573177239344,0.9993303802855232,Not significant
GENE1468,1,Plasma cells,7q,protein_coding,45,43,6.479716666666667,6.503248837209302,0.023532170542639008,1.0164450124741835,0.2000881183494151,-7.04119076424599,0.8418357796799086,0.9993303802855232,Not significant
GENE2863,1,Plasma cells,12p,protein_coding,45,43,11.063512666666666,11.087033023255813,0.023520356589141755,1.0164366890346461,0.21753595115841126,-7.037537637627492,0.82825332826811,0.9993303802855232,Not significant
GENE3866,2,Microenvironment,3q,protein_coding,45,43,10.649648444444445,10.626142790697674,-0.023505653746770605,0.983839133390019,-0.20495413256914768,-7.0402026127224024,0.8380427830253225,0.9993303802855232,Not significant
GENE1149,2,Microenvironment,18q,protein_coding,45,43,7.170942,7.147479069767442,-0.023462930232558854,0.983868268922054,-0.20700387136230813,-7.039779267284199,0.8364461755767566,0.9993303802855232,Not significant
GENE1074,0,Other,10q,protein_coding,45,43,9.24805488888889,9.271464883720931,0.02340999483203987,1.0163589377113489,0.22828152859450485,-7.035136057917766,0.8199139231638448,0.9993303802855232,Not significant
GENE1519,1,Plasma cells,12p,protein_coding,45,43,9.311182,9.334578372093024,0.023396372093021256,1.0163493407232145,0.2172435217908834,-7.0376013775297,0.8284805559334876,0.9993303802855232,Not significant
GENE2696,0,Other,15q,protein_coding,45,43,7.497761333333333,7.52108976744186,0.023328434108523588,1.016301480920529,0.22218543588651735,-7.0365126966996066,0.8246424925428657,0.9993303802855232,Not significant
GENE2407,0,Other,12p,protein_coding,45,43,8.925453777777777,8.902189069767442,-0.02326470801033409,0.984003458929394,-0.19439268576072777,-7.042317214606598,0.8462800313395986,0.9993303802855232,Not significant
GENE2813,2,Microenvironment,9p,protein_coding,45,43,8.577157777777778,8.600416976744187,0.02325919896640194,1.0162527096368419,0.18333264395014517,-7.044411843096234,0.8549244654193188,0.9993303802855232,Not significant
GENE2837,2,Microenvironment,9p,protein_coding,45,43,10.025330222222223,10.002106046511628,-0.023224175710593542,0.984031104746621,-0.23247114463962,-7.034168366459692,0.8166679948129069,0.9993303802855232,Not significant
GENE3843,2,Microenvironment,4q,protein_coding,45,43,9.305365777777778,9.328585581395348,0.0232198036175717,1.0162249594316746,0.23731976018773673,-7.03302652036077,0.8129154898944707,0.9993303802855232,Not significant
GENE3096,1,Plasma cells,21q,protein_coding,45,43,6.712416,6.689227906976744,-0.023188093023250644,0.984055716275534,-0.1867182942591208,-7.0437836626522,0.8522763401637448,0.9993303802855232,Not significant
MEOTH202,2,Microenvironment,4q,protein_coding,45,43,11.526138222222222,11.54931046511628,0.023172242894055728,1.0161914585210263,0.1015415679540663,-7.05609596017135,0.9193327780769533,0.9993303802855232,Not significant
GENE3702,2,Microenvironment,10q,protein_coding,45,43,11.402922444444444,11.379809534883721,-0.023112909560721207,0.9841069999091491,-0.2114704248714591,-7.038842183213697,0.8329694116762207,0.9993303802855232,Not significant
GENE1375,1,Plasma cells,12p,protein_coding,45,43,5.840354444444444,5.817248837209302,-0.023105607235142323,0.984111981064349,-0.24162819075891548,-7.031992134128769,0.809584706141994,0.9993303802855232,Not significant
GENE2978,1,Plasma cells,3q,protein_coding,45,43,6.416552666666667,6.439645348837209,0.023092682170545054,1.0161354198599681,0.19265630164402497,-7.042654174233468,0.8476359596242445,0.9993303802855232,Not significant
GENE0998,0,Other,3q,protein_coding,45,43,8.413960666666666,8.390871395348837,-0.02308927131782923,0.9841231244193285,-0.19349019812855942,-7.042492726789826,0.846984719184047,0.9993303802855232,Not significant
GENE3145,2,Microenvironment,2p,protein_coding,45,43,9.25771488888889,9.280762558139536,0.02304766925064783,1.0161037163416051,0.19728979906594088,-7.041748280935623,0.8440187299207375,0.9993303802855232,Not significant
GENE3294,2,Microenvironment,10q,protein_coding,45,43,8.71286488888889,8.735891162790697,0.02302627390180767,1.016088647507478,0.21592881887170956,-7.037886880946958,0.8295023051146576,0.9993303802855232,Not significant
GENE1506,0,Other,10q,protein_coding,45,43,9.717938888888888,9.694934883720931,-0.023004005167958752,0.984181289774572,-0.2153656008402714,-7.038008660733597,0.8299401116615592,0.9993303802855232,Not significant
GENE2382,0,Other,10q,protein_coding,45,43,10.652930222222222,10.62996534883721,-0.022964873385014073,0.9842079851535915,-0.20773696258178992,-7.039626835472173,0.8358753129983828,0.9993303802855232,Not significant
PCOTH071,1,Plasma cells,20q,protein_coding,45,43,5.937137555555555,5.914226046511628,-0.022911509043924916,0.9842443910332236,-0.1962683248681499,-7.041949837346246,0.844815879364354,0.9993303802855232,Not significant
GENE3580,0,Other,7q,protein_coding,45,43,5.464290888888889,5.441379767441861,-0.022911121447027227,0.9842446554620272,-0.19503068520362357,-7.042192646650353,0.8457819386467743,0.9993303802855232,Not significant
GENE3081,1,Plasma cells,18q,protein_coding,45,43,7.9493773333333335,7.972278372093023,0.02290103875969063,1.0160004483526526,0.20213552285614492,-7.04077788437579,0.8402393939365594,0.9993303802855232,Not significant
GENE1226,2,Microenvironment,3q,protein_coding,45,43,9.936009555555556,9.958886046511628,0.022876490956074136,1.0159831610073786,0.21020171709523947,-7.039110390575279,0.8339566392471546,0.9993303802855232,Not significant
GENE2252,2,Microenvironment,15q,protein_coding,45,43,9.403102666666667,9.425979069767441,0.022876403100772436,1.0159830991374048,0.19925645495782981,-7.041357278137553,0.8424844266116173,0.9993303802855232,Not significant
GENE1593,2,Microenvironment,18q,protein_coding,45,43,8.759450888888889,8.782308604651163,0.022857715762274466,1.0159699391163466,0.20890694859388836,-7.039382444757898,0.8349644197931702,0.9993303802855232,Not significant
MEOTH012,2,Microenvironment,9p,protein_coding,45,43,10.005888666666667,9.983033023255814,-0.02285564341084978,0.9842825047710991,-0.08455655205475889,-7.05768123725693,0.9327903866875464,0.9993303802855232,Not significant
GENE3359,0,Other,20q,protein_coding,45,43,9.458453333333333,9.435603953488371,-0.022849379844959827,0.9842867781147591,-0.21600555392561463,-7.0378702645921045,0.8294426607768075,0.9993303802855232,Not significant
GENE1811,2,Microenvironment,20q,protein_coding,45,43,9.053471333333333,9.076318372093024,0.02284703875968397,1.0159624202206516,0.1926715523464821,-7.04265122785928,0.8476240484738434,0.9993303802855232,Not significant
GENE2293,2,Microenvironment,2p,protein_coding,45,43,8.31702488888889,8.294187209302326,-0.022837679586565685,0.9842947607139991,-0.20992625219269515,-7.0391684113514605,0.8341710236783999,0.9993303802855232,Not significant
GENE1585,2,Microenvironment,2p,protein_coding,45,43,8.913604,8.89080511627907,-0.02279888372092742,0.9843212299813422,-0.22688303731933165,-7.035455159445364,0.8209981130096743,0.9993303802855232,Not significant
GENE1656,2,Microenvironment,21q,protein_coding,45,43,10.087972,10.065184418604652,-0.022787581395350642,0.9843289413564259,-0.19488767824340889,-7.0422206039005095,0.8458935802079071,0.9993303802855232,Not significant
GENE3683,2,Microenvironment,20q,protein_coding,45,43,9.192870888888889,9.215652325581395,0.022781436692511647,1.0159162235417025,0.2088004728318028,-7.039404742502127,0.8350473072705081,0.9993303802855232,Not significant
GENE1839,2,Microenvironment,4q,protein_coding,45,43,10.031991555555555,10.05477023255814,0.022778677002582626,1.0159142802265806,0.21416205771578958,-7.038267827520316,0.8308758420256187,0.9993303802855232,Not significant
GENE2561,0,Other,9p,protein_coding,45,43,7.483283111111111,7.460531162790698,-0.022751948320409277,0.9843532535631624,-0.21449549055945386,-7.038196172560159,0.8306165803007838,0.9993303802855232,Not significant
GENE2525,0,Other,9p,protein_coding,45,43,7.972349555555556,7.949673255813953,-0.022676299741599237,0.9844048700690137,-0.2059064232060331,-7.04000645364231,0.8373009285633982,0.9993303802855232,Not significant
GENE1868,0,Other,15q,protein_coding,45,43,8.991533777777777,9.014202325581396,0.022668547803622374,1.0158367326142714,0.18179602348571294,-7.044693161074486,0.8561269004722134,0.9993303802855232,Not significant
PCOTH232,1,Plasma cells,7q,protein_coding,45,43,8.537491555555556,8.56014441860465,0.02265286304909786,1.0158256886564525,0.22090936036202252,-7.036796152973915,0.8256331336722524,0.9993303802855232,Not significant
GENE2107,1,Plasma cells,12p,protein_coding,45,43,9.167656666666666,9.190277906976744,0.02262124031008028,1.0158034228014559,0.21725018557802234,-7.037599925998865,0.8284753777795367,0.9993303802855232,Not significant
GENE3519,1,Plasma cells,4q,protein_coding,45,43,6.701079333333333,6.678467209302325,-0.022612124031010872,0.9844486605343473,-0.18048391918180456,-7.044931502733682,0.8571539160099695,0.9993303802855232,Not significant
PCOTH083,1,Plasma cells,20q,protein_coding,45,43,6.739617777777778,6.717061395348837,-0.022556382428942534,0.984486697544285,-0.18204499933775073,-7.044647740261064,0.8559320489720332,0.9993303802855232,Not significant
GENE1133,1,Plasma cells,9p,protein_coding,45,43,7.938792,7.916240232558139,-0.02255176744186027,0.9844898467896417,-0.18742048657927157,-7.043651938277274,0.8517273230511193,0.9993303802855232,Not significant
PCOTH190,1,Plasma cells,19q,protein_coding,45,43,8.452624444444444,8.430072790697674,-0.022551653746768707,0.9844899243747616,-0.22229661263483907,-7.036487923629227,0.8245561973773714,0.9993303802855232,Not significant
GENE3539,1,Plasma cells,20q,protein_coding,45,43,6.828188,6.805667441860465,-0.02252055813953202,0.9845111441343564,-0.19535620953202007,-7.0421289316261575,0.8455278225773305,0.9993303802855232,Not significant
GENE2645,1,Plasma cells,9p,protein_coding,45,43,6.263638444444444,6.241154651162791,-0.022483793281651288,0.9845362332020153,-0.2033886175705324,-7.040523113351533,0.8392626697230048,0.9993303802855232,Not significant
GENE1872,2,Microenvironment,21q,protein_coding,45,43,8.526731555555555,8.549201627906976,0.02247007235141929,1.015696990824648,0.20023867246179253,-7.041160546540733,0.8417183682571316,0.9993303802855232,Not significant
GENE3008,2,Microenvironment,15q,protein_coding,45,43,9.381694666666666,9.35938511627907,-0.022309550387596744,0.9846551487022384,-0.19847471697293004,-7.041513164244334,0.8430942337613323,0.9993303802855232,Not significant
GENE2621,2,Microenvironment,9p,protein_coding,45,43,9.442983555555555,9.465291627906977,0.02230807235141974,1.0155829447719849,0.21010156965985577,-7.039131493279758,0.834034578946417,0.9993303802855232,Not significant
PCOTH038,1,Plasma cells,3q,protein_coding,45,43,8.075062888888889,8.052819302325581,-0.022243586563304163,0.9847001707632279,-0.20141125081690897,-7.040924421224612,0.8408040415704788,0.9993303802855232,Not significant
GENE2466,1,Plasma cells,10q,protein_coding,45,43,7.917874666666666,7.895640232558139,-0.022234434108526102,0.9847064177191783,-0.19756881585362637,-7.041693043804228,0.843801015860265,0.9993303802855232,Not significant
GENE2218,0,Other,19q,protein_coding,45,43,8.286370666666667,8.264157209302326,-0.02221345736434266,0.9847207354261115,-0.19612136544275985,-7.041978749231753,0.8449305785046357,0.9993303802855232,Not significant
GENE2905,2,Microenvironment,2p,protein_coding,45,43,8.616567333333334,8.638742558139535,0.02217522480620282,1.0154894312533704,0.1976213089381712,-7.041682642997111,0.8437600573759586,0.9993303802855232,Not significant
GENE1778,2,Microenvironment,3q,protein_coding,45,43,9.37047,9.392633255813953,0.022163255813961058,1.015481006510537,0.2254372587173618,-7.03578299155565,0.8221193279408532,0.9993303802855232,Not significant
GENE3211,0,Other,12p,protein_coding,45,43,7.594631111111111,7.57251488372093,-0.02211622739018093,0.9847871026037558,-0.20413493468035485,-7.040370629560636,0.8386810724790623,0.9993303802855232,Not significant
GENE3016,1,Plasma cells,7q,protein_coding,45,43,8.107100222222222,8.129208139534883,0.02210791731266326,1.0154420557152146,0.21330743025825838,-7.038450979041163,0.831540445530313,0.9993303802855232,Not significant
PCOTH210,1,Plasma cells,10q,protein_coding,45,43,6.245175333333333,6.223071395348837,-0.022103937984494948,0.9847954914173456,-0.18785169358897502,-7.0435708032179685,0.8513902150587185,0.9993303802855232,Not significant
GENE2534,2,Microenvironment,3q,protein_coding,45,43,10.513672666666666,10.491571860465116,-0.022100806201548195,0.9847976292004432,-0.2011435220829455,-7.04097845584771,0.8410127858729651,0.9993303802855232,Not significant
GENE1489,0,Other,2p,protein_coding,45,43,8.262380888888888,8.284461627906976,0.022080739018086604,1.0154229264310748,0.19932550856446157,-7.041343478750297,0.8424305648533525,0.9993303802855232,Not significant
GENE1601,0,Other,9p,protein_coding,45,43,8.96485,8.942770697674419,-0.02207930232557942,0.9848123080641659,-0.20605906876402613,-7.0399749262227544,0.8371820281030844,0.9993303802855232,Not significant
GENE3764,1,Plasma cells,15q,protein_coding,45,43,7.962854222222222,7.98491511627907,0.02206089405684697,1.015408958898469,0.16352565290110635,-7.047856690066465,0.8704490477916716,0.9993303802855232,Not significant
GENE1094,0,Other,3q,protein_coding,45,43,8.869310444444444,8.847276279069767,-0.022034165374677173,0.9848431199259318,-0.21060941339748881,-7.039024378583979,0.8336393668841598,0.9993303802855232,Not significant
GENE1934,2,Microenvironment,3q,protein_coding,45,43,10.097864222222222,10.07583023255814,-0.022033989664077325,0.9848432398732394,-0.1922333353992615,-7.042735796746365,0.8479663200931578,0.9993303802855232,Not significant
GENE2163,2,Microenvironment,4q,protein_coding,45,43,9.875947777777778,9.897973488372093,0.022025710594316905,1.0153841960993857,0.1898427630410822,-7.0431937511646625,0.8498340001558139,0.9993303802855232,Not significant
GEP1Q117,1,Plasma cells,1q,protein_coding,45,43,8.48572,8.507718139534884,0.021998139534884942,1.0153647914783677,0.14194369362366666,-7.051162581386531,0.8874225520169883,0.9993303802855232,Not significant
GENE2200,1,Plasma cells,7q,protein_coding,45,43,8.500913111111112,8.522909302325582,0.02199619121446794,1.0153634202567567,0.19524343080537104,-7.04215101787736,0.8456158598856336,0.9993303802855232,Not significant
GENE3736,0,Other,7q,protein_coding,45,43,7.122369555555555,7.144320930232558,0.021951374677004587,1.015331879033778,0.2049796437971177,-7.040197369595259,0.8380229073320131,0.9993303802855232,Not significant
GENE1983,2,Microenvironment,4q,protein_coding,45,43,9.355184666666666,9.377122325581395,0.021937658914731983,1.015322226276897,0.21505077041174736,-7.038076595355901,0.8301848623313582,0.9993303802855232,Not significant
GENE2199,2,Microenvironment,4q,protein_coding,45,43,9.594103555555556,9.572184651162791,-0.02191890439275923,0.984921804967758,-0.2041444264364922,-7.040368686658781,0.838673676226791,0.9993303802855232,Not significant
GENE1189,0,Other,2p,protein_coding,45,43,8.022235555555556,8.044106046511628,0.021870490956072075,1.0152749567349102,0.20462529009103053,-7.040270138826603,0.8382989922462665,0.9993303802855232,Not significant
GENE1922,1,Plasma cells,3q,protein_coding,45,43,6.361528,6.339671860465116,-0.021856139534882857,0.9849646552029712,-0.19104769703998525,-7.042963641488807,0.8488925148965052,0.9993303802855232,Not significant
GENE3280,0,Other,7q,protein_coding,45,43,6.952150666666666,6.930316511627907,-0.021834155038760628,0.9849796646928611,-0.21231583860226738,-7.038662565850572,0.8323117129705159,0.9993303802855232,Not significant
GENE3838,1,Plasma cells,19q,protein_coding,45,43,8.950966,8.929209534883721,-0.0217564651162796,0.9850327078184463,-0.19830060389706392,-7.0415478007022205,0.8432300664618795,0.9993303802855232,Not significant
GENE3510,0,Other,10q,protein_coding,45,43,9.403292222222221,9.425027209302325,0.021734987080103352,1.0151796023964186,0.1951603182904259,-7.042167286229311,0.8456807404145863,0.9993303802855232,Not significant
GENE3803,1,Plasma cells,20q,protein_coding,45,43,8.247106,8.225457209302325,-0.02164879069767167,0.9851062277094659,-0.18620062112920963,-7.0438804566483775,0.8526811354100037,0.9993303802855232,Not significant
GENE2843,0,Other,20q,protein_coding,45,43,9.717231555555555,9.73882953488372,0.021597979328159767,1.0150831988827982,0.17357930697995014,-7.046157287121351,0.86256232955008,0.9993303802855232,Not significant
GENE1148,1,Plasma cells,15q,protein_coding,45,43,6.769080222222223,6.790616046511627,0.02153582428940748,1.0150394674116974,0.18061480741096544,-7.044907804562421,0.8570514555902462,0.9993303802855232,Not significant
GENE2910,1,Plasma cells,10q,protein_coding,45,43,9.907981777777778,9.929499069767441,0.021517291989660237,1.0150264286929707,0.19432723230076535,-7.042329971180698,0.8463311350579885,0.9993303802855232,Not significant
PCADV016,1,Plasma cells,8q,protein_coding,45,43,8.00696288888889,7.985644418604651,-0.021318470284234614,0.9853318041078146,-0.10557696271104516,-7.055676787367915,0.9161387440055884,0.9993303802855232,Not significant
GENE3668,0,Other,15q,protein_coding,45,43,6.712072444444445,6.6908246511627905,-0.02124779328165438,0.9853800762667528,-0.201720294231506,-7.040861958933732,0.8405630989329967,0.9993303802855232,Not significant
GENE3036,2,Microenvironment,21q,protein_coding,45,43,9.889304222222222,9.910520930232558,0.02121670801033737,1.0148149710439778,0.19534883456464838,-7.042130376307316,0.8455335795631129,0.9993303802855232,Not significant
GENE1823,2,Microenvironment,20q,protein_coding,45,43,11.472628888888888,11.493838372093023,0.021209483204138735,1.0148098890114436,0.20783528279678232,-7.039606350783626,0.8357987571214535,0.9993303802855232,Not significant
GENE2698,2,Microenvironment,19q,protein_coding,45,43,6.857447777777778,6.836239534883721,-0.021208242894060092,0.9854070900825909,-0.18695483624856593,-7.043739344886443,0.8520913889639268,0.9993303802855232,Not significant
GENE3243,1,Plasma cells,4q,protein_coding,45,43,5.568004666666667,5.546803953488372,-0.02120071317829275,0.985412233133933,-0.2140968603579394,-7.038281825462907,0.8309265386165373,0.9993303802855232,Not significant
GENE3634,1,Plasma cells,19q,protein_coding,45,43,8.529005777777778,8.550195581395348,0.021189803617568614,1.014796046236438,0.1802920689123206,-7.044966207457226,0.8573041024513904,0.9993303802855232,Not significant
MEOTH060,2,Microenvironment,9p,protein_coding,45,43,10.70462911111111,10.72574976744186,0.021120656330749554,1.0147474089917654,0.10987016025817503,-7.055212907347465,0.9127421680908832,0.9993303802855232,Not significant
GENE3805,0,Other,2p,protein_coding,45,43,7.969940888888889,7.991040697674419,0.021099808785530527,1.0147327455743091,0.20327487849211137,-7.040546302951852,0.8393513132546595,0.9993303802855232,Not significant
GENE3385,1,Plasma cells,2p,protein_coding,45,43,9.579074,9.600155348837209,0.021081348837212133,1.0147197616839734,0.1821926666978851,-7.044620771869056,0.855816486931241,0.9993303802855232,Not significant
GENE2213,0,Other,9p,protein_coding,45,43,9.477523111111111,9.456452790697675,-0.021070320413437926,0.9855013000737318,-0.1802472223051202,-7.0449743146582104,0.8573392105467244,0.9993303802855232,Not significant
GENE2654,1,Plasma cells,3q,protein_coding,45,43,8.09704,8.11809418604651,0.02105418604651277,1.0147006569111325,0.17206923751183792,-7.046419004403412,0.8637460555735872,0.9993303802855232,Not significant
GENE2249,1,Plasma cells,9p,protein_coding,45,43,8.085957111111112,8.106976511627908,0.021019400516797404,1.0146761912594695,0.21288506838867072,-7.03854122345244,0.8318689416674129,0.9993303802855232,Not significant
MEOTH178,2,Microenvironment,4q,protein_coding,45,43,7.720363555555555,7.6993441860465115,-0.021019369509043706,0.9855361051210678,-0.15658435485876085,-7.048970882067853,0.8759019350668066,0.9993303802855232,Not significant
PCOTH146,1,Plasma cells,3q,protein_coding,45,43,6.713452444444444,6.6924830232558135,-0.020969421188631543,0.9855702264869204,-0.19353222477626034,-7.042484571732228,0.8469519008262488,0.9993303802855232,Not significant
GENE1902,0,Other,10q,protein_coding,45,43,10.147960666666666,10.12701558139535,-0.020945085271314667,0.9855868515928193,-0.18221299150108308,-7.0446170582529435,0.8558005813212555,0.9993303802855232,Not significant
GENE3791,0,Other,20q,protein_coding,45,43,9.291074,9.311988372093023,0.02091437209302427,1.0146023253633991,0.20264315824610477,-7.040674864828821,0.8398436875219224,0.9993303802855232,Not significant
PCADV066,1,Plasma cells,17p,protein_coding,45,43,9.148733555555555,9.127841162790698,-0.02089239276485344,0.9856228494915282,-0.12708886444645823,-7.053166715310671,0.8991364289361214,0.9993303802855232,Not significant
GENE1291,2,Microenvironment,12p,protein_coding,45,43,8.376396444444445,8.39725488372093,0.02085843927648412,1.0145629903244264,0.16898358106721026,-7.046946687944877,0.8661658293667535,0.9993303802855232,Not significant
PCADV078,1,Plasma cells,17p,protein_coding,45,43,9.76602688888889,9.745293720930233,-0.020733167958658427,0.9857316349681934,-0.1154272622239629,-7.054585017131577,0.9083480625869321,0.9993303802855232,Not significant
PCOTH010,1,Plasma cells,19q,protein_coding,45,43,9.039842,9.019132790697673,-0.020709209302324894,0.9857480050262526,-0.21524326486287185,-7.038035070384301,0.8300352142415601,0.9993303802855232,Not significant
GENE1038,2,Microenvironment,10q,protein_coding,45,43,7.392047333333333,7.412688372093023,0.020641038759688257,1.0144101167826476,0.1804185842657051,-7.04494332562451,0.8572050616532393,0.9993303802855232,Not significant
GENE3785,2,Microenvironment,9p,protein_coding,45,43,8.021238222222221,8.000601162790698,-0.020637059431523497,0.9857973039893956,-0.21427533610994862,-7.0382434964017575,0.8307877599660847,0.9993303802855232,Not significant
GENE1717,1,Plasma cells,2p,protein_coding,45,43,8.886992,8.90761976744186,0.020627767441865785,1.0144007852907106,0.21483991226905771,-7.038122039152596,0.8303487938121688,0.9993303802855232,Not significant
GENE1629,0,Other,18q,protein_coding,45,43,8.90902088888889,8.929646279069768,0.020625390180880387,1.0143991137708432,0.205704320970362,-7.04004815993338,0.8374583582031339,0.9993303802855232,Not significant
GENE1738,2,Microenvironment,19q,protein_coding,45,43,8.106042,8.08547511627907,-0.0205668837209263,0.9858452564026813,-0.17204930339540203,-7.046422443996078,0.8637616837811714,0.9993303802855232,Not significant
GENE3903,1,Plasma cells,4q,protein_coding,45,43,6.434323111111111,6.41376488372093,-0.020558227390183426,0.9858511716016394,-0.21285694322625925,-7.038547226500154,0.8318908173517217,0.9993303802855232,Not significant
GENE3738,1,Plasma cells,10q,protein_coding,45,43,6.592464888888889,6.571933255813954,-0.020531633074934774,0.985869344727458,-0.20727301022378908,-7.0397233677297155,0.8362365853321655,0.9993303802855232,Not significant
GENE2282,2,Microenvironment,3q,protein_coding,45,43,9.059707111111111,9.08021,0.020502888888891846,1.014312983353195,0.15189896543112522,-7.049695661469582,0.8795860466677752,0.9993303802855232,Not significant
GENE2420,2,Microenvironment,15q,protein_coding,45,43,10.403883333333333,10.383427674418604,-0.02045565891472556,0.9859212632311153,-0.1943404388027584,-7.042327397640732,0.8463208238411305,0.9993303802855232,Not significant
GENE2582,1,Plasma cells,3q,protein_coding,45,43,4.974048,4.953653953488372,-0.02039404651162613,0.9859633693406484,-0.18284476343142278,-7.044501418565568,0.8553062043692924,0.9993303802855232,Not significant
GENE2907,2,Microenvironment,4q,protein_coding,45,43,8.160640444444445,8.18099023255814,0.020349788113698253,1.0142053487803815,0.193394541098336,-7.042511281952648,0.8470594181916572,0.9993303802855232,Not significant
GENE1598,0,Other,3q,protein_coding,45,43,6.097552222222222,6.077375813953489,-0.020176408268735457,0.9861121183939896,-0.1795080054374144,-7.04510765708999,0.8579179465532546,0.9993303802855232,Not significant
GENE3440,1,Plasma cells,15q,protein_coding,45,43,6.850716666666667,6.870786744186047,0.020070077519380725,1.0140087330894743,0.20042072418525841,-7.041123976619355,0.8415763978214668,0.9993303802855232,Not significant
GENE1968,0,Other,21q,protein_coding,45,43,8.917162666666666,8.937231395348837,0.0200687286821708,1.0140077850498455,0.17891932440660083,-7.045213453671839,0.8583788829206563,0.9993303802855232,Not significant
GENE1935,0,Other,4q,protein_coding,45,43,6.862887777777778,6.882861395348837,0.01997361757106031,1.0139409377776338,0.18207588243013648,-7.04464210190952,0.8559078801136497,0.9993303802855232,Not significant
GENE1690,0,Other,19q,protein_coding,45,43,6.320619777777778,6.300663720930233,-0.01995605684754498,0.9862627446840359,-0.18787671883213697,-7.043566088797339,0.8513706517297072,0.9993303802855232,Not significant
GENE2820,1,Plasma cells,21q,protein_coding,45,43,8.983984666666666,8.964041627906976,-0.019943038759690168,0.9862716442176321,-0.15734163556720282,-7.048851673138527,0.8753067410098596,0.9993303802855232,Not significant
GENE1685,0,Other,9p,protein_coding,45,43,10.171935333333334,10.152011395348838,-0.01992393798448866,0.9862847021939463,-0.17902807562938927,-7.045193935271041,0.8582937271780192,0.9993303802855232,Not significant
GENE1803,0,Other,4q,protein_coding,45,43,8.83006311111111,8.810147209302325,-0.019915901808785108,0.9862901960641064,-0.17052620378992447,-7.046684074134322,0.8649559428543534,0.9993303802855232,Not significant
GENE3234,0,Other,10q,protein_coding,45,43,9.511279111111111,9.53105953488372,0.01978042377261069,1.0138051682765155,0.1656088227075801,-7.04751288560849,0.8688137758791459,0.9993303802855232,Not significant
GENE2228,1,Plasma cells,15q,protein_coding,45,43,7.839883777777778,7.8201441860465115,-0.019739591731263495,0.9864107368035248,-0.1637858987070181,-7.047813977083879,0.8702447259745898,0.9993303802855232,Not significant
GENE1753,2,Microenvironment,2p,protein_coding,45,43,7.497821777777778,7.517509767441861,0.0196879896640878,1.0137402154123776,0.1804309287460548,-7.044941092116949,0.8571953980694316,0.9993303802855232,Not significant
GENE1016,2,Microenvironment,15q,protein_coding,45,43,8.74264288888889,8.722957674418605,-0.019685214470287704,0.9864479167503671,-0.16623579004142944,-7.047408559957871,0.8683217226846143,0.9993303802855232,Not significant
GENE3319,1,Plasma cells,12p,protein_coding,45,43,7.6920108888888885,7.71168465116279,0.019673762273900053,1.013730218284732,0.19301209202387412,-7.042585376267399,0.8473580883434491,0.9993303802855232,Not significant
GENE3678,2,Microenvironment,10q,protein_coding,45,43,8.179579555555556,8.159920930232559,-0.019658625322998446,0.9864660973428768,-0.15601381003950604,-7.049060315883641,0.8763504088756042,0.9993303802855232,Not significant
GENE1221,1,Plasma cells,18q,protein_coding,45,43,8.658487333333333,8.638833488372093,-0.019653844961238676,0.986469365998059,-0.16673765613767594,-7.047324766903977,0.8679278881026744,0.9993303802855232,Not significant
GENE2002,0,Other,19q,protein_coding,45,43,8.550064444444445,8.53045046511628,-0.01961397932816311,0.9864966252372062,-0.1945768311551993,-7.042281302501752,0.8461362607314198,0.9993303802855232,Not significant
GENE1526,0,Other,3q,protein_coding,45,43,6.997298222222222,7.016747906976744,0.019449684754521357,1.0135727792512121,0.1700098772401463,-7.046772238348058,0.865360864630925,0.9993303802855232,Not significant
GENE1175,1,Plasma cells,20q,protein_coding,45,43,8.432402222222223,8.45180465116279,0.019402428940567873,1.01353957998117,0.18492097056881096,-7.044118572069263,0.8536819289088069,0.9993303802855232,Not significant
GENE3004,2,Microenvironment,7q,protein_coding,45,43,11.76930288888889,11.749902790697675,-0.019400098191209025,0.9866428852953432,-0.15933825946815627,-7.048534614644051,0.8737378142799882,0.9993303802855232,Not significant
GENE3771,0,Other,4q,protein_coding,45,43,7.962643111111111,7.943306279069767,-0.01933683204134251,0.9866861532511932,-0.18499448923046094,-7.044104936257247,0.8536244246890196,0.9993303802855232,Not significant
GENE3726,2,Microenvironment,10q,protein_coding,45,43,9.450919777777777,9.470131395348837,0.019211617571061268,1.0134055377330509,0.17436189423508291,-7.046020754144575,0.861948991553069,0.9993303802855232,Not significant
GENE1775,2,Microenvironment,20q,protein_coding,45,43,9.019632444444444,9.038823720930232,0.019191276485791775,1.013391249458293,0.1554673384084295,-7.0491456702523765,0.8767799978927666,0.9993303802855232,Not significant
GENE2469,0,Other,18q,protein_coding,45,43,9.242646888888888,9.223457209302326,-0.019189679586563813,0.9867867987032247,-0.15662113223220664,-7.048965105961123,0.875873027789291,0.9993303802855232,Not significant
PCADV049,1,Plasma cells,13q,protein_coding,45,43,7.994365111111111,8.013533720930232,0.019168609819120164,1.0133753278528512,0.0592161383585371,-7.059508507876213,0.9529033004033751,0.9993303802855232,Not significant
GENE2950,2,Microenvironment,19q,protein_coding,45,43,8.56332,8.582472790697674,0.019152790697674504,1.0133642162741465,0.16056473211844105,-7.048337872923034,0.872774314117909,0.9993303802855232,Not significant
GENE1658,2,Microenvironment,3q,protein_coding,45,43,10.012192222222222,9.993046744186046,-0.019145478036175945,0.9868170325179646,-0.1970685531656541,-7.041792025680699,0.8441913745306568,0.9993303802855232,Not significant
GENE1695,2,Microenvironment,4q,protein_coding,45,43,9.388608,9.36947534883721,-0.019132651162790282,0.9868258062594982,-0.15866513610936137,-7.048641951309619,0.8742666917373324,0.9993303802855232,Not significant
GENE1262,0,Other,3q,protein_coding,45,43,7.4372,7.41812,-0.019079999999998876,0.9868618211294508,-0.17373491453294473,-7.046130188158606,0.8624403683505757,0.9993303802855232,Not significant
GENE3932,2,Microenvironment,15q,protein_coding,45,43,10.558854222222223,10.539809302325581,-0.01904491989663981,0.9868858176322483,-0.17560850777889886,-7.045801997894567,0.8609721564337334,0.9993303802855232,Not significant
GENE3541,1,Plasma cells,2p,protein_coding,45,43,8.61246911111111,8.631438604651162,0.01896949354005173,1.0132354745955703,0.16648064254937014,-7.047367710192803,0.8681295728863946,0.9993303802855232,Not significant
GENE3827,1,Plasma cells,20q,protein_coding,45,43,8.788404222222223,8.769504418604651,-0.01889980361757182,0.9869850904491574,-0.17585294780799463,-7.045758920825064,0.8607806407144324,0.9993303802855232,Not significant
GENE1046,1,Plasma cells,3q,protein_coding,45,43,9.359711555555556,9.378586744186046,0.018875188630488537,1.0131692444123783,0.15651742039234626,-7.048981391047389,0.8759545464657372,0.9993303802855232,Not significant
GENE3986,1,Plasma cells,3q,protein_coding,45,43,8.30599088888889,8.287126976744187,-0.018863912144698958,0.9870096450419467,-0.1909484974319533,-7.042982640874464,0.848970017089845,0.9993303802855232,Not significant
GENE2731,1,Plasma cells,12p,protein_coding,45,43,6.554202888888889,6.535345348837209,-0.018857540051678612,0.9870140044741075,-0.18687104827629716,-7.043755049550911,0.8521569014873467,0.9993303802855232,Not significant
GENE3597,1,Plasma cells,18q,protein_coding,45,43,7.918246444444445,7.899485813953488,-0.018760630490954888,0.9870803069867858,-0.1768716026636691,-7.045578761040791,0.8599826269766496,0.9993303802855232,Not significant
GENE3391,1,Plasma cells,12p,protein_coding,45,43,7.3225357777777775,7.341287674418605,0.018751896640827326,1.0130826631800285,0.15604074185213843,-7.049056101616481,0.8763292383553457,0.9993303802855232,Not significant
GENE3627,2,Microenvironment,4q,protein_coding,45,43,9.520933777777778,9.53968488372093,0.01875110594315288,1.0130821079401036,0.15676977087028263,-7.04894174756023,0.8757561984749727,0.9993303802855232,Not significant
GENE3476,1,Plasma cells,15q,protein_coding,45,43,7.773002,7.75428488372093,-0.018717116279072243,0.9871100795084669,-0.16755559023141509,-7.047187661217174,0.8672860935879012,0.9993303802855232,Not significant
GENE2744,2,Microenvironment,15q,protein_coding,45,43,7.345045777777778,7.363761860465116,0.01871608268734004,1.0130575143828062,0.18293627022397752,-7.04448463597818,0.8552346028489852,0.9993303802855232,Not significant
PCOTH047,1,Plasma cells,20q,protein_coding,45,43,5.7088833333333335,5.69023,-0.01865333333333119,0.9871537215663215,-0.16244164397850508,-7.048033873337608,0.8713002093435003,0.9993303802855232,Not significant
GENE1143,0,Other,4q,protein_coding,45,43,9.552230222222223,9.533577674418604,-0.018652547803618802,0.9871542590595326,-0.1581416091894514,-7.048725119257485,0.874678069748329,0.9993303802855232,Not significant
PCOTH156,1,Plasma cells,21q,protein_coding,45,43,5.831552444444444,5.850200465116279,0.018648020671835575,1.0130097225017238,0.17624599906993002,-7.045689528805056,0.8604727073848335,0.9993303802855232,Not significant
GENE2360,0,Other,15q,protein_coding,45,43,7.951788888888889,7.970435348837209,0.01864645994832248,1.0130086266171516,0.17553412416801656,-7.045815094453251,0.8610304367152234,0.9993303802855232,Not significant
GENE2323,2,Microenvironment,12p,protein_coding,45,43,11.184414,11.203058372093023,0.01864437209302139,1.0130071606012294,0.15463684826451882,-7.049274812831237,0.8774329284005642,0.9993303802855232,Not significant
PCOTH028,1,Plasma cells,7q,protein_coding,45,43,8.57991111111111,8.561286744186047,-0.018624366925060087,0.9871735418221446,-0.1533858628313337,-7.049468038047163,0.8784166116437634,0.9993303802855232,Not significant
GENE3766,2,Microenvironment,19q,protein_coding,45,43,9.126278,9.144882325581396,0.018604325581394576,1.0129790418104574,0.15273147872646786,-7.0495684882506815,0.8789312473966953,0.9993303802855232,Not significant
GENE2377,1,Plasma cells,2p,protein_coding,45,43,8.141881333333334,8.123347441860465,-0.01853389147286677,0.9872354521848428,-0.14697803014965438,-7.050433183945982,0.8834582188636991,0.9993303802855232,Not significant
GENE1670,0,Other,3q,protein_coding,45,43,8.937972222222223,8.95650511627907,0.018532894056844995,1.0129288878666638,0.14076148387007195,-7.051330181449592,0.8883539123783335,0.9993303802855232,Not significant
GENE1049,2,Microenvironment,9p,protein_coding,45,43,8.335124666666667,8.316596976744187,-0.01852768992248066,0.9872396959116077,-0.16121665397365118,-7.048232682698744,0.8722622511315065,0.9993303802855232,Not significant
GENE3709,2,Microenvironment,2p,protein_coding,45,43,9.030568666666667,9.04908976744186,0.0185211007751942,1.0129206077336466,0.18485603976274276,-7.04413061055184,0.8537327166073143,0.9993303802855232,Not significant
GENE1348,1,Plasma cells,7q,protein_coding,45,43,8.903765333333334,8.922281627906976,0.01851629457364723,1.012917233290438,0.1805237264274716,-7.044924297187792,0.8571227543004846,0.9993303802855232,Not significant
GENE3208,2,Microenvironment,7q,protein_coding,45,43,9.823449777777778,9.804968139534884,-0.018481638242894505,0.9872712096899805,-0.15914152858134384,-7.048566032443304,0.8738923811183004,0.9993303802855232,Not significant
GENE1058,2,Microenvironment,3q,protein_coding,45,43,8.677526666666667,8.695948139534885,0.01842147286821927,1.0128506610901347,0.17523789816072544,-7.045867195302793,0.8612625402914309,0.9993303802855232,Not significant
GENE2872,0,Other,7q,protein_coding,45,43,7.820584222222222,7.8023255813953485,-0.018258640826872785,0.9874238240251629,-0.15098970721883803,-7.0498337643236635,0.880301303918244,0.9993303802855232,Not significant
GENE2806,0,Other,19q,protein_coding,45,43,7.540183111111111,7.55838,0.018196888888889262,1.012693003150442,0.14953831038645812,-7.05005249271118,0.8814432334450817,0.9993303802855232,Not significant
GENE2828,2,Microenvironment,15q,protein_coding,45,43,7.5832617777777775,7.601439534883721,0.01817775710594649,1.012679573774371,0.15778918491981328,-7.048780950969837,0.8749550177663046,0.9993303802855232,Not significant
PCOTH013,1,Plasma cells,2p,protein_coding,45,43,7.7403113333333335,7.758478139534883,0.018166806201550756,1.0126718869696112,0.16131566759676574,-7.04821666918763,0.8721844839658046,0.9993303802855232,Not significant
GENE3293,2,Microenvironment,9p,protein_coding,45,43,9.738628444444444,9.75678,0.018151555555556698,1.0126611821301335,0.17582707939073436,-7.045763482386284,0.8608009079040291,0.9993303802855232,Not significant
PCOTH240,1,Plasma cells,21q,protein_coding,45,43,7.616494888888889,7.634601860465116,0.01810697157623231,1.0126298880823152,0.14363399073052469,-7.050920516760545,0.8860911883200021,0.9993303802855232,Not significant
GENE3370,1,Plasma cells,19q,protein_coding,45,43,9.595965111111111,9.614061627906977,0.01809651679586821,1.012622549882342,0.16261401988288604,-7.0480057769295685,0.8711648499919871,0.9993303802855232,Not significant
GENE1254,0,Other,10q,protein_coding,45,43,10.032499111111111,10.05053465116279,0.01803554005168273,1.0125797514255885,0.17811227862728035,-7.045357929917436,0.8590108782314159,0.9993303802855232,Not significant
GENE3386,0,Other,3q,protein_coding,45,43,8.122408666666667,8.104392325581395,-0.018016341085274945,0.9875896751738189,-0.1637023228878331,-7.04782770140976,0.8703103413023185,0.9993303802855232,Not significant
GENE1920,0,Other,21q,protein_coding,45,43,7.727118666666667,7.709139302325582,-0.01797936434108305,0.9876149877435143,-0.14730220000189473,-7.050385346061336,0.8832030488765034,0.9993303802855232,Not significant
GENE3793,0,Other,2p,protein_coding,45,43,8.408162666666666,8.426137209302325,0.017974542635657897,1.0125369402694457,0.18112380246245505,-7.0448154844802815,0.8566530332045682,0.9993303802855232,Not significant
GENE2574,0,Other,10q,protein_coding,45,43,9.852709333333333,9.834743488372093,-0.01796584496124254,0.9876242426479378,-0.15663737691361665,-7.048962554204951,0.8758602594075363,0.9993303802855232,Not significant
MEOTH215,2,Microenvironment,7q,protein_coding,45,43,9.238227777777778,9.25610023255814,0.017872454780363256,1.0124652937575034,0.11802431883211292,-7.054280961451607,0.9062954886808099,0.9993303802855232,Not significant
GENE1620,1,Plasma cells,21q,protein_coding,45,43,8.75336711111111,8.77120511627907,0.01783800516795786,1.0124411177400316,0.16519254634690728,-7.047581935222118,0.8691405042175822,0.9993303802855232,Not significant
PCFAV022,1,Plasma cells,11q,protein_coding,45,43,6.001098444444445,5.983266279069768,-0.017832165374679576,0.9877157597832897,-0.07983460761309791,-7.058070556219982,0.9365353272203207,0.9993303802855232,Not significant
GENE3418,0,Other,19q,protein_coding,45,43,8.298655111111112,8.316449534883722,0.017794423772608425,1.0124105340553813,0.15779324336571882,-7.048780308731837,0.8749518284008828,0.9993303802855232,Not significant
GENE3884,0,Other,15q,protein_coding,45,43,8.274413555555556,8.29217511627907,0.017761560723512204,1.012387472689529,0.16044291143736766,-7.048357481942931,0.8728700062318572,0.9993303802855232,Not significant
GENE2127,0,Other,4q,protein_coding,45,43,8.089623555555555,8.071890930232557,-0.017732625322997464,0.987783910478213,-0.15109752534623197,-7.049817431656967,0.8802164848640659,0.9993303802855232,Not significant
GENE3765,0,Other,18q,protein_coding,45,43,8.396845777777777,8.414574651162791,0.017728873385014055,1.0123645351481996,0.1724001041455268,-7.046361855852678,0.8634866663642858,0.9993303802855232,Not significant
GENE2617,0,Other,2p,protein_coding,45,43,7.773225555555555,7.755498139534883,-0.017727416020668407,0.9877874771878569,-0.15695140403356433,-7.048913174040054,0.8756134393430064,0.9993303802855232,Not significant
GENE1062,0,Other,10q,protein_coding,45,43,8.535926666666667,8.518217674418604,-0.017708992248062216,0.9878000916958092,-0.15971857216771654,-7.048473768958173,0.873439025403506,0.9993303802855232,Not significant
GENE0999,1,Plasma cells,4q,protein_coding,45,43,7.2621548888888885,7.244494883720931,-0.017660005167954296,0.9878336332707077,-0.13386981088733252,-7.052279311330143,0.8937863385256188,0.9993303802855232,Not significant
GENE2356,1,Plasma cells,7q,protein_coding,45,43,7.201762444444444,7.21930976744186,0.01754732299741324,1.0122371460572768,0.17625829316571692,-7.045687355822264,0.8604630760066366,0.9993303802855232,Not significant
GENE1570,0,Other,19q,protein_coding,45,43,7.532669111111111,7.550209069767442,0.017539958656329624,1.0122319790328096,0.1582645614136206,-7.048705611642687,0.8745814530127372,0.9993303802855232,Not significant
GENE3825,0,Other,18q,protein_coding,45,43,10.537659111111111,10.555166976744186,0.017507865633080044,1.012209461991997,0.18842591159896946,-7.043462470236851,0.8509413470945175,0.9993303802855232,Not significant
GENE3327,0,Other,4q,protein_coding,45,43,8.267736222222222,8.285200930232559,0.01746470801033695,1.0121791826193898,0.15428217474163064,-7.049329754469037,0.8777117982037237,0.9993303802855232,Not significant
PCOTH216,1,Plasma cells,21q,protein_coding,45,43,8.071728888888888,8.089172558139534,0.01744366925064078,1.0121644221615538,0.1593432116281819,-7.048533823286656,0.8737339235472653,0.9993303802855232,Not significant
PCOTH014,1,Plasma cells,3q,protein_coding,45,43,9.103409555555556,9.085971627906977,-0.017437927648579432,0.9879857045830714,-0.1658169582818685,-7.0474782961042255,0.8686504222838081,0.9993303802855232,Not significant
GENE2447,2,Microenvironment,20q,protein_coding,45,43,10.088594444444444,10.106012790697674,0.017418346253236905,1.0121466562364176,0.16241410873511497,-7.048038358685516,0.8713218319354362,0.9993303802855232,Not significant
GENE1676,0,Other,15q,protein_coding,45,43,8.441217333333332,8.42380558139535,-0.01741175193798128,0.9880036303828801,-0.1639358018632995,-7.047789343335738,0.8701270393659104,0.9993303802855232,Not significant
GENE1948,0,Other,7q,protein_coding,45,43,8.312112222222222,8.329487906976745,0.017375684754519227,1.0121167267962845,0.169361239193133,-7.046882616456696,0.8658696006972346,0.9993303802855232,Not significant
GENE3373,2,Microenvironment,2p,protein_coding,45,43,7.610958888888889,7.628314651162791,0.01735576227390556,1.0121027503590792,0.17490390444986925,-7.045925833340659,0.8615242507981882,0.9993303802855232,Not significant
GENE1587,0,Other,4q,protein_coding,45,43,9.774485777777778,9.757139302325582,-0.017346475452198362,0.988048334816019,-0.16049647550772647,-7.048348861766974,0.8728279305560269,0.9993303802855232,Not significant
PCOTH221,1,Plasma cells,9p,protein_coding,45,43,7.043714444444444,7.026385348837209,-0.017329095607237832,0.9880602376990406,-0.14484477052654207,-7.050745362331468,0.8851377172496395,0.9993303802855232,Not significant
GENE1380,2,Microenvironment,21q,protein_coding,45,43,10.568312,10.58558511627907,0.017273116279080014,1.0120447728652417,0.14710867841569658,-7.050413916797941,0.8833553777278111,0.9993303802855232,Not significant
GENE2024,1,Plasma cells,15q,protein_coding,45,43,7.816930666666667,7.8341809302325585,0.017250263565891544,1.012028741905755,0.15568376036289147,-7.049111902725479,0.8766098611409966,0.9993303802855232,Not significant
GENE3357,2,Microenvironment,18q,protein_coding,45,43,8.25357111111111,8.236352325581395,-0.017218785529712122,0.9881357887789993,-0.16013627688461773,-7.048406773918011,0.8731108809891358,0.9993303802855232,Not significant
GENE2916,0,Other,21q,protein_coding,45,43,8.073859333333333,8.056688372093022,-0.01717096124031059,0.9881685453033274,-0.15629809102654982,-7.049015795169352,0.8761269462238688,0.9993303802855232,Not significant
GENE3885,1,Plasma cells,18q,protein_coding,45,43,9.334030888888888,9.351163720930233,0.017132832041342638,1.011946368820649,0.15088402259882183,-7.04984976248978,0.8803844459249639,0.9993303802855232,Not significant
GENE3525,0,Other,18q,protein_coding,45,43,8.994990222222222,9.012042558139536,0.017052335917313144,1.0118899081788262,0.1700894157560047,-7.046758674331874,0.8652984853352738,0.9993303802855232,Not significant
GENE2410,1,Plasma cells,19q,protein_coding,45,43,10.202896888888889,10.185907674418605,-0.01698921447028745,0.9882930399118662,-0.14816306989878125,-7.0502577957802695,0.8825254757824544,0.9993303802855232,Not significant
GENE1207,0,Other,12p,protein_coding,45,43,9.212914444444444,9.195926976744186,-0.016987467700259273,0.9882942365068897,-0.16448019903695751,-7.047699692535601,0.8696996663023038,0.9993303802855232,Not significant
GENE1209,0,Other,18q,protein_coding,45,43,7.976415111111111,7.9933816279069765,0.016966516795864806,1.0118297174124644,0.15633385965810548,-7.049010187773294,0.8760988305503699,0.9993303802855232,Not significant
GENE1707,2,Microenvironment,4q,protein_coding,45,43,9.221125333333333,9.204192325581396,-0.0169330077519394,0.9883315440926218,-0.13342818776196955,-7.0523385087888855,0.8941346275405961,0.9993303802855232,Not significant
GENE2706,1,Plasma cells,10q,protein_coding,45,43,8.733338444444444,8.750254418604651,0.016915974160207625,1.011794270111753,0.13964878835562658,-7.051486646595217,0.8892306515783033,0.9993303802855232,Not significant
MEOTH221,2,Microenvironment,19q,protein_coding,45,43,9.919573555555555,9.936479534883722,0.016905979328170062,1.011787260536985,0.08869717172129629,-7.0573214458930495,0.9295077308236666,0.9993303802855232,Not significant
GENE1542,1,Plasma cells,10q,protein_coding,45,43,7.824571333333333,7.841469534883721,0.0168982015503909,1.0117818058601222,0.1655466430656203,-7.047523210656569,0.8688625781938664,0.9993303802855232,Not significant
GENE1469,0,Other,9p,protein_coding,45,43,8.775070222222222,8.79189511627907,0.016824894056849615,1.0117303956163062,0.1599436595619882,-7.048437689253434,0.8732621963722993,0.9993303802855232,Not significant
GENE1547,1,Plasma cells,20q,protein_coding,45,43,7.716158888888889,7.732965813953489,0.016806925064596356,1.0117177944345523,0.1509257272692459,-7.04984345072081,0.8803516367337995,0.9993303802855232,Not significant
GENE1331,1,Plasma cells,20q,protein_coding,45,43,7.684298222222222,7.701032093023255,0.016733870801036055,1.0116665650166718,0.13787771937835866,-7.051733130822117,0.8906264341405026,0.9993303802855232,Not significant
GENE1789,1,Plasma cells,2p,protein_coding,45,43,7.921500222222222,7.90481,-0.016690222222218942,0.9884978805546927,-0.1541172099830318,-7.049355265806356,0.8778415106024537,0.9993303802855232,Not significant
GENE1284,2,Microenvironment,21q,protein_coding,45,43,9.90139288888889,9.91807023255814,0.016677343669250888,1.011626927056254,0.15589895788393543,-7.049078279689902,0.8764406927001949,0.9993303802855232,Not significant
GENE1614,2,Microenvironment,10q,protein_coding,45,43,9.318298888888888,9.301676511627907,-0.016622377260979704,0.9885443672864158,-0.14883057906118283,-7.050158383320581,0.8820001530329858,0.9993303802855232,Not significant
GENE2777,1,Plasma cells,9p,protein_coding,45,43,7.2124442222222225,7.195898604651163,-0.016545617571062543,0.9885969649426243,-0.13762273593972266,-7.05176835856056,0.8908274154955648,0.9993303802855232,Not significant
GENE3887,0,Other,20q,protein_coding,45,43,6.419015333333333,6.435517906976744,0.01650257364341101,1.0115043846265765,0.14824713792489158,-7.050245300073429,0.8824593122289217,0.9993303802855232,Not significant
GENE1905,2,Microenvironment,18q,protein_coding,45,43,9.550052222222222,9.533569069767442,-0.016483152454782157,0.9886397696653901,-0.12952582457580905,-7.05285310389201,0.8972131456512478,0.9993303802855232,Not significant
GENE3914,1,Plasma cells,3q,protein_coding,45,43,8.677057333333334,8.660576279069767,-0.016481054263564943,0.9886412074999507,-0.14225008958580335,-7.051118915475367,0.8871811949648961,0.9993303802855232,Not significant
GENE3645,2,Microenvironment,18q,protein_coding,45,43,9.844179333333333,9.860656279069767,0.016476945736435766,1.0114864165118356,0.1548204153527719,-7.049246327367075,0.8772886008338732,0.9993303802855232,Not significant
GENE2707,2,Microenvironment,12p,protein_coding,45,43,11.450744666666667,11.434335116279069,-0.016409550387596283,0.9886902084517385,-0.15361094658182275,-7.0494333877042905,0.8782396081690665,0.9993303802855232,Not significant
GENE3052,0,Other,7q,protein_coding,45,43,8.561928,8.545522325581395,-0.016405674418601635,0.9886928646872092,-0.1445644071685223,-7.050786051147608,0.8853584842445185,0.9993303802855232,Not significant
GENE3676,1,Plasma cells,7q,protein_coding,45,43,8.276987555555555,8.29334953488372,0.016361979328166854,1.01140581574468,0.1524647079306025,-7.049609315317231,0.87914106232489,0.9993303802855232,Not significant
GENE1456,2,Microenvironment,7q,protein_coding,45,43,9.977771111111112,9.994086046511628,0.016314935400513875,1.0113728359915635,0.14328806976965922,-7.050970288630439,0.8863636267575481,0.9993303802855232,Not significant
GENE2954,0,Other,3q,protein_coding,45,43,8.023122444444445,8.00687023255814,-0.016252211886301993,0.9887980396385642,-0.14377259732554334,-7.050900540074976,0.8859820291718932,0.9993303802855232,Not significant
GENE1677,0,Other,18q,protein_coding,45,43,9.732022666666667,9.715772558139534,-0.0162501085271316,0.9887994812453358,-0.16181757646876826,-7.048135344118545,0.8717902945948882,0.9993303802855232,Not significant
GENE2374,2,Microenvironment,19q,protein_coding,45,43,10.061484,10.04526976744186,-0.01621423255813781,0.9888240703508654,-0.1475532084111571,-7.050348232276979,0.8830054763026414,0.9993303802855232,Not significant
GENE0981,0,Other,18q,protein_coding,45,43,8.076624444444445,8.060416046511628,-0.016208397932814478,0.9888280694147453,-0.1688275778876955,-7.0469731129024495,0.8662882012077031,0.9993303802855232,Not significant
GENE3332,1,Plasma cells,15q,protein_coding,45,43,7.044363111111111,7.060556279069767,0.01619316795865622,1.011287476936141,0.13852023886194634,-7.051644073212291,0.8901200233783917,0.9993303802855232,Not significant
PCOTH217,1,Plasma cells,2p,protein_coding,45,43,6.248905333333333,6.265028372093023,0.016123038759691788,1.0112383195917447,0.13813004329148038,-7.05169820634946,0.8904275560856898,0.9993303802855232,Not significant
GENE3749,1,Plasma cells,9p,protein_coding,45,43,7.891914222222223,7.875797209302325,-0.01611701291988954,0.9888907069960641,-0.13332095962963078,-7.052352852702661,0.8942191968512041,0.9993303802855232,Not significant
GENE1075,2,Microenvironment,12p,protein_coding,45,43,8.595382444444445,8.579265813953489,-0.01611663049095391,0.988890969130791,-0.1547198534306689,-7.049261936488634,0.8773676660056678,0.9993303802855232,Not significant
GENE1740,1,Plasma cells,21q,protein_coding,45,43,8.152142666666666,8.168228837209302,0.016086170542635614,1.0112124776248494,0.14473012014693815,-7.050762010934205,0.8852279954991066,0.9993303802855232,Not significant
GENE3123,0,Other,4q,protein_coding,45,43,7.2962008888888885,7.280123953488372,-0.01607693540051436,0.9889181783852602,-0.1325897222038091,-7.05245036302412,0.8947959459762471,0.9993303802855232,Not significant
PCOTH096,1,Plasma cells,21q,protein_coding,45,43,8.107748666666666,8.12381976744186,0.016071100775196356,1.0112019149925195,0.1463365199321762,-7.050527541372831,0.8839632191909834,0.9993303802855232,Not significant
GENE2703,0,Other,4q,protein_coding,45,43,8.882208888888888,8.898261860465116,0.01605297157622232,1.0111892081036642,0.15420633207201898,-7.049341486712959,0.877771433160895,0.9993303802855232,Not significant
GENE1334,1,Plasma cells,3q,protein_coding,45,43,8.222243777777777,8.206293953488371,-0.015949824289409165,0.9890053125492122,-0.1581446515477133,-7.048724636739386,0.8746756790185815,0.9993303802855232,Not significant
GENE3299,1,Plasma cells,20q,protein_coding,45,43,9.019699333333334,9.003753255813953,-0.01594607751937538,0.9890078810617356,-0.14658892701288323,-7.0504904649522455,0.88376451723991,0.9993303802855232,Not significant
PCFAV026,1,Plasma cells,11q,protein_coding,45,43,5.964060222222222,5.97997976744186,0.015919545219636788,1.011095693501285,0.09739579553707756,-7.056509591782388,0.9226155534326321,0.9993303802855232,Not significant
GENE3189,0,Other,18q,protein_coding,45,43,9.422007555555556,9.437916976744186,0.01590942118862948,1.0110885982192288,0.14330686604208892,-7.050967587263406,0.8863488229468033,0.9993303802855232,Not significant
GENE3356,2,Microenvironment,15q,protein_coding,45,43,8.822520222222222,8.838380930232558,0.015860708010338342,1.0110544589824275,0.1499163060497006,-7.049995731378853,0.8811458099296472,0.9993303802855232,Not significant
GENE3566,1,Plasma cells,3q,protein_coding,45,43,8.740476444444445,8.75630046511628,0.015824020671834305,1.0110287484722336,0.14884891687957466,-7.050155645956591,0.8819857221041317,0.9993303802855232,Not significant
GENE2518,1,Plasma cells,19q,protein_coding,45,43,6.529346444444444,6.545167674418605,0.015821229974156026,1.011026792776281,0.1399302679789504,-7.0514471827425895,0.8890088489965707,0.9993303802855232,Not significant
GENE2882,0,Other,3q,protein_coding,45,43,7.779928222222222,7.764133255813953,-0.01579496640826683,0.9891114773885461,-0.14326348692565985,-7.050973821098771,0.8863829880917731,0.9993303802855232,Not significant
GEP1Q62,1,Plasma cells,1q,protein_coding,45,43,6.867525555555556,6.8832993023255815,0.015773746770029184,1.0109935175516445,0.051882159450776365,-7.059917175289831,0.958730614537933,0.9993303802855232,Not significant
GENE2440,1,Plasma cells,7q,protein_coding,45,43,8.517516444444444,8.501759069767441,-0.015757374677001224,0.9891372506089592,-0.14298796363812605,-7.051013371380747,0.8865999936684821,0.9993303802855232,Not significant
MEOTH203,2,Microenvironment,7q,protein_coding,45,43,8.290882222222223,8.306608139534884,0.01572591731266293,1.0109600007872375,0.08702669144194224,-7.057468668310339,0.9308319331535465,0.9993303802855232,Not significant
GENE1827,1,Plasma cells,4q,protein_coding,45,43,7.239853555555555,7.2241351162790695,-0.015718439276485974,0.9891639457687931,-0.1474625014485032,-7.050361651381338,0.8830768722936692,0.9993303802855232,Not significant
GENE2660,0,Other,15q,protein_coding,45,43,8.319325555555556,8.303626279069768,-0.01569927648579217,0.9891770845590467,-0.13585967965139817,-7.052010153559869,0.8922172742866579,0.9993303802855232,Not significant
GENE1641,1,Plasma cells,18q,protein_coding,45,43,7.2157391111111115,7.20009465116279,-0.015644459948322087,0.9892146699747639,-0.14002117668664119,-7.0514344202399615,0.8889372159051594,0.9993303802855232,Not significant
GENE1181,2,Microenvironment,9p,protein_coding,45,43,9.332294888888889,9.316708604651163,-0.015586284237722126,0.9892545601976065,-0.1409019984032989,-7.051310334291039,0.8882432049598818,0.9993303802855232,Not significant
GENE3263,2,Microenvironment,20q,protein_coding,45,43,8.833712444444444,8.818128837209303,-0.015583607235139851,0.9892563958173279,-0.1523040916551876,-7.04963386190572,0.8792673910019458,0.9993303802855232,Not significant
GENE1478,2,Microenvironment,3q,protein_coding,45,43,10.473736,10.489311162790697,0.015575162790700148,1.0108543659685676,0.13047045596740162,-7.052729938284969,0.8964677935376697,0.9993303802855232,Not significant
GENE2915,2,Microenvironment,20q,protein_coding,45,43,9.117223777777777,9.101653023255814,-0.015570754521965213,0.9892652089656286,-0.1251023944888244,-7.053417948222981,0.900704624809025,0.9993303802855232,Not significant
GENE2121,0,Other,18q,protein_coding,45,43,7.560904666666667,7.576430930232558,0.015526263565892151,1.0108201042876168,0.13481453760085899,-7.052152018698527,0.8930413434506194,0.9993303802855232,Not significant
GENE3757,2,Microenvironment,2p,protein_coding,45,43,9.810528,9.825876279069767,0.015348279069769433,1.0106954076576486,0.132618279828752,-7.052446564931701,0.8947734206496674,0.9993303802855232,Not significant
GENE1378,0,Other,19q,protein_coding,45,43,9.043116666666666,9.027777674418605,-0.015338992248061345,0.9894241426035374,-0.13547328448521678,-7.052062729532214,0.8925219237813244,0.9993303802855232,Not significant
GENE1022,1,Plasma cells,3q,protein_coding,45,43,6.847479333333333,6.832199069767442,-0.015280263565890628,0.9894644205258166,-0.12023408203385948,-7.05401692355816,0.9045495105478296,0.9993303802855232,Not significant
GENE2152,2,Microenvironment,7q,protein_coding,45,43,6.988386222222222,7.003617906976745,0.015231684754525077,1.0106137295663182,0.1397168497050534,-7.051477111576203,0.8891770192396873,0.9993303802855232,Not significant
GENE3629,2,Microenvironment,9p,protein_coding,45,43,9.75459911111111,9.73938441860465,-0.015214692506461347,0.9895093930965408,-0.13189290861097425,-7.052542784101733,0.8953455965529504,0.9993303802855232,Not significant
GENE3076,0,Other,7q,protein_coding,45,43,8.597498444444444,8.612711860465117,0.015213416020669612,1.0106009323251564,0.13702928005685078,-7.051850096226379,0.8912952129234,0.9993303802855232,Not significant
GENE1449,1,Plasma cells,18q,protein_coding,45,43,7.590621555555556,7.575409302325581,-0.015212253229972106,0.989511066138293,-0.12585928110766295,-7.053322689787531,0.9001070626005689,0.9993303802855232,Not significant
GENE3646,2,Microenvironment,19q,protein_coding,45,43,9.591030666666667,9.606210697674419,0.015180031007751893,1.0105775465548754,0.14315152694932468,-7.050989901691291,0.8864711681223654,0.9993303802855232,Not significant
GENE1672,0,Other,7q,protein_coding,45,43,7.283088,7.2982316279069765,0.015143627906975432,1.0105520472697884,0.14169577142798487,-7.051197845043003,0.8876178553375711,0.9993303802855232,Not significant
GENE3039,0,Other,4q,protein_coding,45,43,9.862844666666666,9.877977674418604,0.015133007751938266,1.0105446082895402,0.13137542430479196,-7.052611105035964,0.8957538241942388,0.9993303802855232,Not significant
GENE3400,0,Other,7q,protein_coding,45,43,9.498194,9.483068372093022,-0.015125627906977357,0.9895704822218897,-0.12794648964299962,-7.053057026891076,0.8984595098235564,0.9993303802855232,Not significant
GENE2750,1,Plasma cells,3q,protein_coding,45,43,9.061282,9.046171162790698,-0.015110837209299177,0.9895806274795128,-0.12804334299851378,-7.053044593210939,0.8983830686795029,0.9993303802855232,Not significant
MEOTH159,2,Microenvironment,15q,protein_coding,45,43,11.146432,11.13134534883721,-0.015086651162786069,0.9895972174330571,-0.09440303794525573,-7.056797472516444,0.9249861649127811,0.9993303802855232,Not significant
GENE3317,0,Other,9p,protein_coding,45,43,9.229101111111111,9.214022093023257,-0.015079018087860163,0.9896024532517683,-0.13535912458405328,-7.052078234383172,0.8926119351255264,0.9993303802855232,Not significant
GENE3722,1,Plasma cells,3q,protein_coding,45,43,6.5225277777777775,6.537564418604651,0.015036640826872727,1.0104771097389578,0.1275822301984367,-7.053103704984881,0.8987470087726053,0.9993303802855232,Not significant
PCFAV078,1,Plasma cells,11q,protein_coding,45,43,6.146206444444444,6.161196511627907,0.014990067183462408,1.0104444896497309,0.06256629691410358,-7.059303877467189,0.9502422173229929,0.9993303802855232,Not significant
GENE1002,2,Microenvironment,10q,protein_coding,45,43,8.380390444444444,8.395372790697675,0.014982346253228584,1.0104390820269744,0.1139943492469286,-7.054749883154378,0.9094808269960569,0.9993303802855232,Not significant
GENE1554,1,Plasma cells,10q,protein_coding,45,43,8.051070444444445,8.036104186046511,-0.014966258397931753,0.9896798026731706,-0.13059073721838294,-7.052714191221952,0.8963728934455707,0.9993303802855232,Not significant
GENE3058,0,Other,19q,protein_coding,45,43,9.135025555555556,9.120098139534884,-0.014927416020672268,0.9897064486604835,-0.135144567858846,-7.052107339470839,0.8927811098795351,0.9993303802855232,Not significant
GEP1Q39,1,Plasma cells,1q,protein_coding,45,43,8.502800666666667,8.487938604651163,-0.01486206201550111,0.9897512833230988,-0.08980638856635219,-7.0572221425050685,0.9286285555352723,0.9993303802855232,Not significant
GENE3790,2,Microenvironment,19q,protein_coding,45,43,8.596845111111111,8.611511860465116,0.014666749354008246,1.0102180674985535,0.12092863951781575,-7.053932921662491,0.9040008231677328,0.9993303802855232,Not significant
GENE1274,2,Microenvironment,3q,protein_coding,45,43,9.193649111111112,9.178987906976744,-0.014661204134363004,0.9898890901218033,-0.12011775526607335,-7.054030945180609,0.904641411044856,0.9993303802855232,Not significant
GENE2626,1,Plasma cells,19q,protein_coding,45,43,8.957790888888889,8.97244976744186,0.014658878552976873,1.0102125561441142,0.1170618997105153,-7.054394427369564,0.9070560596242343,0.9993303802855232,Not significant
GENE1668,1,Plasma cells,21q,protein_coding,45,43,10.517624222222222,10.532262558139536,0.01463833591731678,1.0101981717592339,0.1262797423246731,-7.053269524208817,0.8997751331700777,0.9993303802855232,Not significant
GENE2893,2,Microenvironment,2p,protein_coding,45,43,10.578054444444444,10.592673953488372,0.014619509043928502,1.0101849889669998,0.11877428352494458,-7.054191899327531,0.9057028745630389,0.9993303802855232,Not significant
GENE1368,1,Plasma cells,21q,protein_coding,45,43,8.773395333333333,8.758782093023255,-0.014613240310069386,0.989922000511243,-0.11577054537894757,-7.054545214453655,0.9080767140807096,0.9993303802855232,Not significant
GENE2268,1,Plasma cells,21q,protein_coding,45,43,9.006027555555555,8.991483488372094,-0.014544067183461351,0.9899694655953901,-0.13027554351846754,-7.052755425168273,0.8966215797127517,0.9993303802855232,Not significant
GENE2680,1,Plasma cells,7q,protein_coding,45,43,9.146892888888889,9.13235,-0.014542888888890104,0.9899702741350263,-0.12546793115350058,-7.053372015095314,0.9004160263461625,0.9993303802855232,Not significant
GENE2818,1,Plasma cells,19q,protein_coding,45,43,8.22762088888889,8.242042093023256,0.014421204134368537,1.010046144048241,0.15141249504427973,-7.0497696522020306,0.8799687104857719,0.9993303802855232,Not significant
GENE2998,1,Plasma cells,19q,protein_coding,45,43,9.216177777777778,9.201806511627908,-0.014371266149868944,0.9900880478233679,-0.12875843114278035,-7.052952501736799,0.897818717755106,0.9993303802855232,Not significant
GENE1244,0,Other,15q,protein_coding,45,43,7.698856888888889,7.684496744186046,-0.014360144702846078,0.9900956802431804,-0.12025034796258993,-7.054014961838619,0.9045366602389227,0.9993303802855232,Not significant
GENE3125,1,Plasma cells,9p,protein_coding,45,43,9.359783111111112,9.374128139534884,0.014345028423774053,1.009992814030925,0.12185797187367632,-7.053819768783196,0.9032667409133988,0.9993303802855232,Not significant
GENE2150,0,Other,3q,protein_coding,45,43,8.606043555555555,8.59172511627907,-0.014318439276484796,0.9901243023415159,-0.11837143226941231,-7.054239810071342,0.9060211967291394,0.9993303802855232,Not significant
GENE2021,2,Microenvironment,9p,protein_coding,45,43,9.15346911111111,9.139158139534883,-0.014310971576223963,0.9901294274514233,-0.12808657611329247,-7.053039040065336,0.8983489474165074,0.9993303802855232,Not significant
GENE1024,2,Microenvironment,7q,protein_coding,45,43,8.529330444444444,8.515056976744185,-0.014273467700256504,0.9901551668993653,-0.12455145686955225,-7.053486925597109,0.9011396261911137,0.9993303802855232,Not significant
GENE2804,1,Plasma cells,15q,protein_coding,45,43,8.176192888888888,8.16194046511628,-0.014252423772607159,0.990169609941777,-0.13495034947754542,-7.052133645819772,0.8929342524285426,0.9993303802855232,Not significant
GENE3623,0,Other,20q,protein_coding,45,43,7.733158222222222,7.7189227906976745,-0.014235431524550535,0.9901812723556889,-0.1300099879464021,-7.0527900880941194,0.8968311097514847,0.9993303802855232,Not significant
GENE3991,1,Plasma cells,12p,protein_coding,45,43,7.154898222222222,7.1406983720930235,-0.014199850129200442,0.9902056936400152,-0.12567580937571973,-7.053345833478621,0.9002519083195529,0.9993303802855232,Not significant
GENE3340,1,Plasma cells,7q,protein_coding,45,43,9.193331555555556,9.207512790697674,0.014181235142121551,1.0098781531758927,0.11082541379912053,-7.05510717843052,0.9119866343259998,0.9993303802855232,Not significant
GENE1901,2,Microenvironment,9p,protein_coding,45,43,8.652614222222223,8.666773720930232,0.01415949870800759,1.0098629379128232,0.1191926136213431,-7.054141975471541,0.9053723377220018,0.9993303802855232,Not significant
GENE1809,1,Plasma cells,18q,protein_coding,45,43,7.624922222222223,7.61077976744186,-0.014142454780357916,0.9902450881968178,-0.1266746179969777,-7.0532194324115345,0.8994634182353887,0.9993303802855232,Not significant
GENE3156,2,Microenvironment,21q,protein_coding,45,43,8.121917555555555,8.136002093023256,0.01408453746769922,1.0098104676335289,0.13526026387733284,-7.052091650787251,0.892689884691199,0.9993303802855232,Not significant
GENE3775,2,Microenvironment,12p,protein_coding,45,43,7.618869111111111,7.632903488372093,0.014034377260980335,1.0097753587436886,0.12123068595798084,-7.053896240331491,0.903762226657633,0.9993303802855232,Not significant
MEOTH059,2,Microenvironment,7q,protein_coding,45,43,8.448015333333334,8.434094418604651,-0.013920914728680955,0.9903971617720063,-0.05446351048788593,-7.059779488884827,0.9566792946709866,0.9993303802855232,Not significant
GENE3183,0,Other,4q,protein_coding,45,43,8.001689555555556,8.01558558139535,0.013896025839798654,1.009678528052823,0.13731410251675594,-7.051810911220462,0.8910706940158044,0.9993303802855232,Not significant
GENE2156,1,Plasma cells,15q,protein_coding,45,43,7.803213555555556,7.789390930232559,-0.013822625322997162,0.9904646388629827,-0.12009610732981085,-7.054033553049798,0.904658513495133,0.9993303802855232,Not significant
GENE3239,0,Other,20q,protein_coding,45,43,8.040988444444444,8.05480488372093,0.013816439276485681,1.0096228304691959,0.1304248128562114,-7.052735910024447,0.8965038056575598,0.9993303802855232,Not significant
GENE2473,1,Plasma cells,2p,protein_coding,45,43,8.810850666666667,8.824630232558139,0.01377956589147189,1.009597026169227,0.12485693801546516,-7.053448716957288,0.9008984250589556,0.9993303802855232,Not significant
GENE3255,2,Microenvironment,4q,protein_coding,45,43,10.004063111111112,10.017834186046512,0.01377107493540386,1.0095910842213265,0.12156890752583507,-7.053855057228553,0.903495064689705,0.9993303802855232,Not significant
GENE1462,0,Other,19q,protein_coding,45,43,7.940806,7.954493255813953,0.013687255813953136,1.0095324297052322,0.13701156099760997,-7.05185253127331,0.8913091807375547,0.9993303802855232,Not significant
GENE1388,1,Plasma cells,15q,protein_coding,45,43,7.540878,7.527237906976744,-0.013640093023252753,0.990589962109235,-0.12231578918058601,-7.053763707859788,0.9029051405662764,0.9993303802855232,Not significant
GENE3176,2,Microenvironment,15q,protein_coding,45,43,9.163634444444444,9.149998837209303,-0.013635607235139346,0.9905930421666689,-0.1175438292188738,-7.05433772562673,0.9066751943338662,0.9993303802855232,Not significant
GENE3455,1,Plasma cells,20q,protein_coding,45,43,8.26273511111111,8.276284186046512,0.013549074935397698,1.009435741636177,0.11133094584307765,-7.055050855115857,0.911586829122804,0.9993303802855232,Not significant
PCOTH045,1,Plasma cells,18q,protein_coding,45,43,7.940036444444445,7.953569534883721,0.01353309043927986,1.0094245575453955,0.11461805966132443,-7.054678374230916,0.9089877404721517,0.9993303802855232,Not significant
GENE2931,1,Plasma cells,4q,protein_coding,45,43,8.913472666666667,8.89996488372093,-0.013507782945739066,0.9906808136344364,-0.12098864847470933,-7.053925641295316,0.9039534193990073,0.9993303802855232,Not significant
GENE2656,0,Other,7q,protein_coding,45,43,8.035106444444445,8.02172046511628,-0.013385979328164765,0.9907644582007347,-0.12070921565780232,-7.053959511720021,0.9041741588816592,0.9993303802855232,Not significant
GENE2396,2,Microenvironment,15q,protein_coding,45,43,9.098631777777777,9.111953953488372,0.01332217571058969,1.009276995559822,0.13848935416758276,-7.051648363512025,0.8901443645443279,0.9993303802855232,Not significant
GENE2326,1,Plasma cells,19q,protein_coding,45,43,8.00749688888889,8.020796976744187,0.013300087855302678,1.0092615435114412,0.11644450046004533,-7.054466727611358,0.9075440173473028,0.9993303802855232,Not significant
GENE1263,1,Plasma cells,4q,protein_coding,45,43,8.328170222222223,8.341429302325581,0.013259080103365406,1.0092328562576276,0.11423149676406541,-7.054722739953925,0.9092933411826287,0.9993303802855232,Not significant
GENE1037,0,Other,9p,protein_coding,45,43,9.256020888888889,9.242766511627908,-0.013254377260981443,0.9908548394623218,-0.12479877198427652,-7.053455999396934,0.9009443509504209,0.9993303802855232,Not significant
GENE1698,0,Other,10q,protein_coding,45,43,9.715158444444445,9.728411627906977,0.013253183462534679,1.0092287312891919,0.10754879082163317,-7.055466026376091,0.9145785294136966,0.9993303802855232,Not significant
MEOTH014,2,Microenvironment,12p,protein_coding,45,43,11.442619777777777,11.455858372093024,0.013238594315245322,1.0092185255896187,0.0971442506780192,-7.056534134257578,0.9228147795919903,0.9993303802855232,Not significant
GENE1755,2,Microenvironment,4q,protein_coding,45,43,7.458938888888889,7.4721602325581395,0.013221343669250984,1.0092064581970395,0.10890448323795597,-7.055318859881631,0.913506027476154,0.9993303802855232,Not significant
GENE3568,0,Other,7q,protein_coding,45,43,9.669007333333333,9.682228604651163,0.013221271317826577,1.0092064075851492,0.12384208365416213,-7.05357529089775,0.9016997672617375,0.9993303802855232,Not significant
GENE2819,0,Other,20q,protein_coding,45,43,9.315061333333333,9.328282093023256,0.013220759689920314,1.009206049686872,0.12326176296181929,-7.05364720514969,0.9021580418101676,0.9993303802855232,Not significant
GENE2631,0,Other,4q,protein_coding,45,43,8.12,8.133137674418604,0.01313767441860314,1.0091479308595077,0.1188817743556698,-7.054179088035223,0.9056179408144617,0.9993303802855232,Not significant
GENE2966,0,Other,3q,protein_coding,45,43,9.381654888888889,9.394788139534883,0.013133250645994465,1.009144836488207,0.11247004848380524,-7.054923003918973,0.9106860415912866,0.9993303802855232,Not significant
GENE2244,1,Plasma cells,21q,protein_coding,45,43,6.719395555555556,6.706277209302326,-0.013118346253231827,0.9909482710838525,-0.12028305699241351,-7.05401101622891,0.9045108197293662,0.9993303802855232,Not significant
GENE2095,2,Microenvironment,12p,protein_coding,45,43,6.9505331111111115,6.937421395348837,-0.01311171576227288,0.9909528253995358,-0.12855032560015653,-7.052979355165424,0.8979829502248227,0.9993303802855232,Not significant
GENE2275,0,Other,12p,protein_coding,45,43,8.807043333333333,8.820057209302325,0.013013875968990618,1.0090613390395553,0.11382011180034592,-7.054769789917408,0.9096185801709907,0.9993303802855232,Not significant
GENE3034,0,Other,19q,protein_coding,45,43,9.567190222222223,9.554192558139535,-0.012997664082689653,0.9910311678755322,-0.10994041260336082,-7.0552051628836585,0.9126866010274206,0.9993303802855232,Not significant
GENE2614,0,Other,19q,protein_coding,45,43,8.797053777777778,8.809912790697675,0.012859012919893331,1.0089530292966626,0.12480759233861871,-7.053454895298807,0.9009373866812714,0.9993303802855232,Not significant
GENE3350,2,Microenvironment,3q,protein_coding,45,43,9.615511333333334,9.6026932558139535,-0.012818077519380466,0.9911545390345076,-0.11785315709921311,-7.054301208734002,0.9064307463001713,0.9993303802855232,Not significant
GENE2078,0,Other,3q,protein_coding,45,43,10.118183333333333,10.130947674418605,0.01276434108527269,1.008886822442389,0.11368261123761304,-7.054785477972199,0.9097272908929364,0.9993303802855232,Not significant
GENE3497,2,Microenvironment,9p,protein_coding,45,43,9.435611555555555,9.42285488372093,-0.012756671834624811,0.9911967266186558,-0.10350196180241401,-7.055894365751721,0.9177809486515941,0.9993303802855232,Not significant
GENE2416,0,Other,7q,protein_coding,45,43,8.076117555555555,8.063375581395348,-0.012741974160208613,0.9912068246369936,-0.1251028942382964,-7.053417885516207,0.9007042302377722,0.9993303802855232,Not significant
PCOTH124,1,Plasma cells,7q,protein_coding,45,43,4.907078888888889,4.919793255813953,0.012714366925064446,1.0088518757647842,0.1075040961110785,-7.055470846805382,0.9146138905509251,0.9993303802855232,Not significant
GENE1507,0,Other,12p,protein_coding,45,43,7.184584,7.197287906976745,0.012703906976745394,1.0088445613290034,0.10861881224457037,-7.055350024011844,0.9137320114423932,0.9993303802855232,Not significant
GENE2690,2,Microenvironment,3q,protein_coding,45,43,8.924826666666666,8.937528372093023,0.012701705426353627,1.0088430218349442,0.1174952996025036,-7.054343445956565,0.9067135459416897,0.9993303802855232,Not significant
GENE2365,2,Microenvironment,2p,protein_coding,45,43,8.043010888888888,8.030378139534884,-0.012632749354004602,0.9912818706229092,-0.10654569377651285,-7.055573730717514,0.9153721914113229,0.9993303802855232,Not significant
PCOTH160,1,Plasma cells,7q,protein_coding,45,43,5.104624888888889,5.117207209302325,0.012582320413436321,1.0087595421316125,0.10156957614005567,-7.0560931071255295,0.919310604846967,0.9993303802855232,Not significant
GENE1019,2,Microenvironment,20q,protein_coding,45,43,8.017948666666667,8.030469069767442,0.012520403100772626,1.0087162493095638,0.09897090009341748,-7.056354470887212,0.9213681667682029,0.9993303802855232,Not significant
GENE3448,0,Other,7q,protein_coding,45,43,8.613871555555555,8.601391162790698,-0.012480392764858905,0.9913865610081979,-0.122675165196897,-7.053719554095854,0.9026213069697875,0.9993303802855232,Not significant
GENE1298,0,Other,3q,protein_coding,45,43,10.33331888888889,10.32084534883721,-0.012473540051672671,0.9913912700448976,-0.11360450452315987,-7.054794381073638,0.9097890444036145,0.9993303802855232,Not significant
GENE2203,2,Microenvironment,12p,protein_coding,45,43,9.158187555555555,9.145715348837209,-0.01247220671834448,0.9913921862854024,-0.1096685538344665,-7.055235104515385,0.9129016338834849,0.9993303802855232,Not significant
GENE1174,0,Other,19q,protein_coding,45,43,6.9574564444444444,6.969896046511628,0.012439602067184197,1.008659755711929,0.11671455756354086,-7.054435149733106,0.907330574994696,0.9993303802855232,Not significant
GENE2691,2,Microenvironment,4q,protein_coding,45,43,9.85755,9.869931162790698,0.012381162790694233,1.0086188987388032,0.1260612273704361,-7.053297176641989,0.8999476356711811,0.9993303802855232,Not significant
GENE3743,1,Plasma cells,20q,protein_coding,45,43,7.167684888888889,7.155353488372093,-0.0123314005167936,0.9914889503113525,-0.11448233481810546,-7.054693968404899,0.9090950373889891,0.9993303802855232,Not significant
GENE2157,1,Plasma cells,18q,protein_coding,45,43,8.352378444444444,8.340055813953489,-0.012322630490958275,0.9914949775103742,-0.10287831600829753,-7.055958915517734,0.9182745866098837,0.9993303802855232,Not significant
GENE1178,2,Microenvironment,3q,protein_coding,45,43,8.013707777777778,8.001426046511629,-0.012281731266153173,0.9915230859807256,-0.11807971391665281,-7.054274402293406,0.9062517142578603,0.9993303802855232,Not significant
PCOTH003,1,Plasma cells,4q,protein_coding,45,43,6.2895344444444445,6.277283023255814,-0.012251421188627987,0.9915439174499223,-0.11219928119545802,-7.054953512321634,0.9109001503170561,0.9993303802855232,Not significant
GENE1423,2,Microenvironment,12p,protein_coding,45,43,6.746135111111111,6.733948837209303,-0.012186273901808597,0.9915886932706287,-0.10273363734641713,-7.055973834585481,0.9183891095268409,0.9993303802855232,Not significant
GENE2624,1,Plasma cells,15q,protein_coding,45,43,7.427259333333334,7.415098139534884,-0.01216119379845182,0.9916059313995307,-0.10543207167485819,-7.055692120428289,0.9162534024670839,0.9993303802855232,Not significant
GENE2670,1,Plasma cells,10q,protein_coding,45,43,7.701486666666667,7.689348139534884,-0.012138527131780208,0.9916215109759814,-0.10990169878107432,-7.055209431222331,0.9127172222066491,0.9993303802855232,Not significant
GENE2188,2,Microenvironment,7q,protein_coding,45,43,8.487698222222223,8.475668604651164,-0.012029617571059248,0.9916963716614151,-0.09684496711095711,-7.056563251792686,0.9230518217138748,0.9993303802855232,Not significant
GENE3679,0,Other,12p,protein_coding,45,43,6.039608888888889,6.027580465116279,-0.012028423772608932,0.9916971922687147,-0.12979099313893516,-7.052818620254969,0.8970039076727835,0.9993303802855232,Not significant
GENE2093,2,Microenvironment,9p,protein_coding,45,43,8.995420222222222,8.983403255813954,-0.012016966408268104,0.991705068001869,-0.11954414976607619,-7.054099887176647,0.9050945899269578,0.9993303802855232,Not significant
GENE2830,2,Microenvironment,19q,protein_coding,45,43,8.511638,8.523644186046512,0.012006186046518152,1.0083567785585634,0.11086370028393082,-7.0551029217518675,0.9119563542733544,0.9993303802855232,Not significant
GENE1236,0,Other,21q,protein_coding,45,43,8.580875777777777,8.592866976744187,0.011991198966406102,1.0083463035483233,0.11593393497232225,-7.0545262284026204,0.9079475664413696,0.9993303802855232,Not significant
GENE3569,1,Plasma cells,9p,protein_coding,45,43,8.513392444444445,8.501429069767442,-0.011963374677003813,0.9917419075120439,-0.10289558267584283,-7.055957133600292,0.9182609189931675,0.9993303802855232,Not significant
GENE3998,2,Microenvironment,3q,protein_coding,45,43,8.272218,8.284153255813953,0.01193525581395427,1.0083072038247525,0.10891859009134829,-7.0553173188307525,0.913494868239747,0.9993303802855232,Not significant
GENE2497,1,Plasma cells,2p,protein_coding,45,43,8.917075555555556,8.928986046511628,0.011910490956076103,1.0082898956829935,0.10394038257996666,-7.0558487540242965,0.9174339421792405,0.9993303802855232,Not significant
PCADV063,1,Plasma cells,1p,protein_coding,45,43,7.489693777777778,7.501597906976745,0.011904129198966551,1.0082854495033868,0.042342652233747315,-7.060368010761353,0.9663136671699191,0.9993303802855232,Not significant
GENE0984,0,Other,21q,protein_coding,45,43,8.266626666666667,8.254780465116278,-0.011846201550387292,0.9918224582978552,-0.10396120972178167,-7.055846582447201,0.9174174580631982,0.9993303802855232,Not significant
GENE1176,2,Microenvironment,21q,protein_coding,45,43,8.294694444444444,8.306493953488372,0.011799509043930456,1.008212334151672,0.10844747067925647,-7.055368676570619,0.9138675569430426,0.9993303802855232,Not significant
GENE1798,1,Plasma cells,19q,protein_coding,45,43,7.317750222222222,7.306013488372093,-0.011736733850126413,0.9918977178916675,-0.10643349243547442,-7.055585715234489,0.9154609717555755,0.9993303802855232,Not significant
GENE1409,0,Other,9p,protein_coding,45,43,7.843998888888889,7.832264418604651,-0.011734470284238796,0.9918992741648478,-0.09924090404948747,-7.056327630307213,0.9211543597540595,0.9993303802855232,Not significant
GENE3560,0,Other,15q,protein_coding,45,43,8.647048,8.658780930232558,0.011732930232563277,1.0081658073195636,0.10614915771886002,-7.055616029232836,0.9156859590123891,0.9993303802855232,Not significant
GENE3364,1,Plasma cells,7q,protein_coding,45,43,7.472922444444444,7.461210930232558,-0.01171151421188732,0.9919150573290072,-0.11014195663519234,-7.055182917648144,0.9125271893969248,0.9993303802855232,Not significant
GENE3092,1,Plasma cells,15q,protein_coding,45,43,9.068984,9.057275581395348,-0.011708418604646553,0.9919171856947678,-0.10708811108741009,-7.05551561568013,0.9149430138613359,0.9993303802855232,Not significant
PCOTH097,1,Plasma cells,2p,protein_coding,45,43,7.760014222222222,7.771706046511627,0.011691824289408181,1.0081370825961737,0.10613457934017557,-7.055617581303937,0.915697494719619,0.9993303802855232,Not significant
PCOTH048,1,Plasma cells,21q,protein_coding,45,43,9.777674888888889,9.765987209302326,-0.01168767958655792,0.9919314447971651,-0.1048909544785479,-7.05574919790485,0.9166816272278566,0.9993303802855232,Not significant
GENE3890,0,Other,3q,protein_coding,45,43,7.740552222222222,7.752216511627907,0.011664289405686645,1.0081178417506313,0.11764059406849989,-7.054326312618087,0.9065987244208256,0.9993303802855232,Not significant
GENE1682,1,Plasma cells,3q,protein_coding,45,43,7.519519111111111,7.507871395348837,-0.011647715762273414,0.9919589224843358,-0.10057149253112868,-7.056194291147588,0.920100796517253,0.9993303802855232,Not significant
GENE2077,2,Microenvironment,2p,protein_coding,45,43,8.223334666666666,8.234878837209303,0.011544170542636678,1.0080339093016144,0.10307816249472719,-7.055938273095541,0.9181163974725989,0.9993303802855232,Not significant
GENE3813,0,Other,18q,protein_coding,45,43,8.114119333333333,8.102613953488373,-0.011505379844960473,0.9920567937213945,-0.10537176389167141,-7.055698496280616,0.9163011271118249,0.9993303802855232,Not significant
GENE1096,1,Plasma cells,7q,protein_coding,45,43,8.134021777777777,8.145470930232559,0.011449152454781952,1.0079675208426864,0.10215208194244811,-7.0560335920232555,0.9188494671707865,0.9993303802855232,Not significant
PCFAV080,1,Plasma cells,16q,protein_coding,45,43,8.999148,8.987721860465117,-0.011426139534883362,0.9921112841331721,-0.05118072129765133,-7.059953434357679,0.9592880742970498,0.9993303802855232,Not significant
GENE2401,1,Plasma cells,2p,protein_coding,45,43,8.887963777777777,8.899348372093023,0.011384594315243746,1.0079224170264978,0.10036246042332805,-7.056215355947692,0.920266299272243,0.9993303802855232,Not significant
GENE1208,2,Microenvironment,15q,protein_coding,45,43,9.334216222222222,9.345596279069767,0.011380056847542619,1.0079192469814842,0.10734946277403616,-7.055487508918881,0.9147362332119213,0.9993303802855232,Not significant
GENE1944,2,Microenvironment,21q,protein_coding,45,43,9.887654,9.876306046511628,-0.01134795348837514,0.9921650525033079,-0.10129073685481764,-7.05612147593944,0.919531356276419,0.9993303802855232,Not significant
GENE2289,2,Microenvironment,18q,protein_coding,45,43,8.406338222222223,8.395021860465116,-0.011316361757103266,0.9921867788931641,-0.10891289951237139,-7.055317940500957,0.9134993697742086,0.9993303802855232,Not significant
GENE1158,0,Other,10q,protein_coding,45,43,7.2206513333333335,7.231911860465116,0.011260527131781828,1.0078357426323372,0.10856691239607498,-7.05535567703318,0.9137730682919831,0.9993303802855232,Not significant
PCFAV077,1,Plasma cells,6p,protein_coding,45,43,6.441627555555556,6.430373488372093,-0.011254067183463334,0.9922296217567215,-0.036139959990518604,-7.060612175927986,0.9712459554599704,0.9993303802855232,Not significant
GENE1354,0,Other,19q,protein_coding,45,43,7.923251777777778,7.912000697674419,-0.01125108010335829,0.9922316761565406,-0.10355446007400262,-7.055888914178206,0.9177393958577178,0.9993303802855232,Not significant
GENE2974,2,Microenvironment,19q,protein_coding,45,43,9.31162,9.32285,0.011229999999999407,1.0078144172599224,0.101668566360053,-7.0560830172117,0.9192322378077978,0.9993303802855232,Not significant
GENE1322,0,Other,3q,protein_coding,45,43,8.866936888888889,8.87814953488372,0.011212645994829629,1.007802294454394,0.11456364452627209,-7.05468462850347,0.9090307580112438,0.9993303802855232,Not significant
GENE2824,0,Other,7q,protein_coding,45,43,8.403810666666667,8.392618837209302,-0.011191829457361635,0.9922724273710274,-0.09269807634824091,-7.056957460775475,0.9263369964177861,0.9993303802855232,Not significant
GENE2258,0,Other,3q,protein_coding,45,43,7.362707333333334,7.351609534883721,-0.01109779844960812,0.9923371031440759,-0.10091218519816057,-7.056159864604367,0.9198310580539094,0.9993303802855232,Not significant
GENE2347,0,Other,12p,protein_coding,45,43,9.461902666666667,9.450808372093023,-0.011094294573645413,0.9923395132378562,-0.09751741252284703,-7.056497703222785,0.9225192332755496,0.9993303802855232,Not significant
GENE3308,2,Microenvironment,15q,protein_coding,45,43,7.850285333333334,7.861280465116279,0.010995131782946643,1.0076503601985365,0.10074925159596874,-7.056176343351752,0.9199600571963669,0.9993303802855232,Not significant
GENE2385,2,Microenvironment,18q,protein_coding,45,43,8.471289555555556,8.482268372093023,0.010978816537470237,1.007638964879667,0.10060089375516104,-7.056191324781939,0.9200775181572007,0.9993303802855232,Not significant
GENE2958,1,Plasma cells,10q,protein_coding,45,43,9.070100888888888,9.081026744186046,0.010925855297157838,1.0076019751983145,0.09968023571686756,-7.056283800921863,0.9208064802222067,0.9993303802855232,Not significant
GENE3021,2,Microenvironment,18q,protein_coding,45,43,7.8517542222222225,7.862641860465116,0.010887638242897957,1.0075752841317773,0.09312902090918816,-7.056917297591984,0.9259955409337587,0.9993303802855232,Not significant
GENE3079,1,Plasma cells,12p,protein_coding,45,43,9.354269333333333,9.343384418604652,-0.010884914728679362,0.992483542963919,-0.10418635004899775,-7.055823080044527,0.9172392679235477,0.9993303802855232,Not significant
GENE3496,1,Plasma cells,7q,protein_coding,45,43,7.394044,7.4049046511627905,0.010860651162789559,1.0075564365861653,0.10253106676413194,-7.055994688119289,0.9185494606917766,0.9993303802855232,Not significant
GENE3030,2,Microenvironment,10q,protein_coding,45,43,11.284495777777778,11.295345813953489,0.01085003617571445,1.0075490232667164,0.10306225219959833,-7.0559399179594635,0.9181289911979953,0.9993303802855232,Not significant
GENE3526,0,Other,19q,protein_coding,45,43,7.642899111111111,7.653739534883721,0.01084042377261163,1.0075423101812626,0.09982153273124775,-7.0562696634613875,0.9206945991374652,0.9993303802855232,Not significant
GENE1727,1,Plasma cells,20q,protein_coding,45,43,8.704523555555555,8.693683720930233,-0.01083983462532423,0.9925145557271522,-0.10183771130338898,-7.056065753798854,0.9190983336118462,0.9993303802855232,Not significant
PCOTH150,1,Plasma cells,10q,protein_coding,45,43,8.364372666666666,8.375206046511629,0.010833379844962465,1.0075373908895138,0.10275291040885817,-7.055971848385262,0.9183738534989416,0.9993303802855232,Not significant
GENE3861,1,Plasma cells,18q,protein_coding,45,43,9.167226444444445,9.177989534883721,0.010763090439272816,1.0074883039534333,0.09449250793670139,-7.056788996427922,0.9249152843720826,0.9993303802855232,Not significant
GENE2799,0,Other,4q,protein_coding,45,43,8.853689333333334,8.864412790697674,0.010723457364337108,1.0074606270641024,0.09755616314784987,-7.056493912074076,0.9224885431808634,0.9993303802855232,Not significant
GENE1047,2,Microenvironment,4q,protein_coding,45,43,9.347227111111112,9.357907441860466,0.010680330749353928,1.007430511401439,0.09360914049813565,-7.056872332053434,0.9256151383168023,0.9993303802855232,Not significant
GENE3443,1,Plasma cells,20q,protein_coding,45,43,8.09283711111111,8.10349488372093,0.010657772609814486,1.0074147592294704,0.09289269936820614,-7.056939345356735,0.9261827867105642,0.9993303802855232,Not significant
GENE2844,1,Plasma cells,21q,protein_coding,45,43,7.407696444444444,7.397137674418604,-0.010558770025840047,0.9927079353904816,-0.09227502969131393,-7.056996706730402,0.9266722074662029,0.9993303802855232,Not significant
GENE3792,0,Other,21q,protein_coding,45,43,8.951175777777777,8.961731162790699,0.010555385012921192,1.0073432658692738,0.09632549728919752,-7.056613578156463,0.9234632748341567,0.9993303802855232,Not significant
GENE3617,0,Other,9p,protein_coding,45,43,8.522084666666666,8.511636279069767,-0.010448387596895259,0.9927838916404857,-0.08936614880219679,-7.057261702949878,0.9289774830186077,0.9993303802855232,Not significant
GENE3493,0,Other,2p,protein_coding,45,43,7.066102888888889,7.076546279069768,0.010443390180876477,1.0072650699527084,0.08973011990433083,-7.057229010013626,0.9286890039451354,0.9993303802855232,Not significant
GENE1381,2,Microenvironment,2p,protein_coding,45,43,8.033889555555556,8.023524651162791,-0.01036490439276605,0.9928413418818568,-0.09327181423302223,-7.056903948454817,0.9258824028338265,0.9993303802855232,Not significant
GENE1391,2,Microenvironment,20q,protein_coding,45,43,10.280459333333333,10.29082,0.010360666666667129,1.0072073154619012,0.09853555602504543,-7.056397593642368,0.9217129131839363,0.9993303802855232,Not significant
GENE2544,0,Other,21q,protein_coding,45,43,6.5346631111111115,6.524327441860465,-0.010335669250641999,0.9928614612771618,-0.09441241484288117,-7.056796584557037,0.9249787362531535,0.9993303802855232,Not significant
GENE3028,2,Microenvironment,7q,protein_coding,45,43,9.793286222222223,9.803515348837209,0.010229126614984096,1.0071154858937306,0.08326121330991107,-7.057790262293223,0.9338175638269396,0.9993303802855232,Not significant
GENE3438,0,Other,10q,protein_coding,45,43,7.999117555555555,7.98890488372093,-0.010212671834624487,0.9929461115993371,-0.0867503837808535,-7.0574927500600575,0.9310509831699669,0.9993303802855232,Not significant
GENE1832,1,Plasma cells,15q,protein_coding,45,43,7.066444222222223,7.076601395348837,0.010157173126615682,1.0070652579084034,0.10056900464325545,-7.056194542117254,0.9201027663006693,0.9993303802855232,Not significant
GENE1972,2,Microenvironment,7q,protein_coding,45,43,9.286736222222222,9.276621395348837,-0.010114826873385496,0.9930134564405458,-0.08935422552136002,-7.0572627716859815,0.9289869334267189,0.9993303802855232,Not significant
GENE2262,2,Microenvironment,10q,protein_coding,45,43,8.647035333333333,8.657122790697674,0.010087457364342356,1.0070165943836784,0.08550662480916367,-7.057600202518114,0.9320370705793246,0.9993303802855232,Not significant
PCOTH094,1,Plasma cells,19q,protein_coding,45,43,7.5794093333333334,7.589458139534884,0.010048806201548466,1.0069896158193639,0.09421263428412215,-7.056815484003134,0.9251370098419317,0.9993303802855232,Not significant
GENE3041,1,Plasma cells,9p,protein_coding,45,43,8.218892222222223,8.208869767441861,-0.010022454780360235,0.9930770386012597,-0.09519148513206589,-7.056722501316269,0.9243615566682952,0.9993303802855232,Not significant
GENE3808,2,Microenvironment,7q,protein_coding,45,43,9.810746,9.800742325581396,-0.010003674418603836,0.9930899661201739,-0.0982485674929557,-7.056425917180093,0.9219401858958127,0.9993303802855232,Not significant
GENE1167,0,Other,4q,protein_coding,45,43,7.410439555555556,7.400470697674419,-0.00996885788113655,0.9931139326344043,-0.08980758605605436,-7.057222034632219,0.928627606441738,0.9993303802855232,Not significant
GENE1117,1,Plasma cells,2p,protein_coding,45,43,9.00259311111111,9.012538139534884,0.009945028423775426,1.0069171823645642,0.08824750416202187,-7.057361351178076,0.9298641663497577,0.9993303802855232,Not significant
GENE3232,2,Microenvironment,7q,protein_coding,45,43,9.911718222222222,9.901778837209303,-0.009939385012925683,0.9931342212014302,-0.09391481429258342,-7.056843583769801,0.9253729595014895,0.9993303802855232,Not significant
GENE1502,0,Other,3q,protein_coding,45,43,8.440172222222222,8.450078372093023,0.009906149870799297,1.0068900477627059,0.08514409816362577,-7.0576312303852164,0.9323245120040031,0.9993303802855232,Not significant
GENE1168,2,Microenvironment,7q,protein_coding,45,43,9.437800444444445,9.427908837209303,-0.00989160723514182,0.9931671114037885,-0.08977283718363653,-7.057225164312655,0.9286551473719613,0.9993303802855232,Not significant
GENE1041,1,Plasma cells,18q,protein_coding,45,43,8.624530444444444,8.634393488372092,0.00986304392765014,1.006859963583084,0.0788306462149953,-7.058150448939961,0.9373317486084165,0.9993303802855232,Not significant
GENE1947,2,Microenvironment,4q,protein_coding,45,43,8.292734888888889,8.302576744186046,0.00984185529715731,1.0068451761010049,0.083423736291368,-7.057776675512892,0.9336886802489369,0.9993303802855232,Not significant
GENE3164,2,Microenvironment,15q,protein_coding,45,43,9.124154,9.133947209302326,0.009793209302319639,1.0068112270278446,0.10231401205731432,-7.056016987045266,0.9187212809587713,0.9993303802855232,Not significant
GENE2516,0,Other,15q,protein_coding,45,43,8.84577111111111,8.835994186046511,-0.009776925064597819,0.9932460630075102,-0.09606213946376901,-7.056638988950615,0.9236718789261463,0.9993303802855232,Not significant
GENE3090,1,Plasma cells,10q,protein_coding,45,43,6.131286666666667,6.121556976744186,-0.009729689922478357,0.9932785833154495,-0.08729515165007933,-7.057445197172503,0.9306191095046945,0.9993303802855232,Not significant
GENE3637,2,Microenvironment,2p,protein_coding,45,43,7.7310884444444445,7.740803255813954,0.009714811369509135,1.006756517077301,0.09066988798546197,-7.057143982947697,0.927944199293423,0.9993303802855232,Not significant
GENE1880,2,Microenvironment,15q,protein_coding,45,43,8.69836688888889,8.68865953488372,-0.009707354005165314,0.9932939614511045,-0.09182562584162553,-7.057038201230312,0.9270283177422582,0.9993303802855232,Not significant
MEOTH092,2,Microenvironment,2p,protein_coding,45,43,9.26747288888889,9.257791627906977,-0.00968126098190858,0.9933119266316067,-0.07886596573121633,-7.058147655458319,0.937303729296056,0.9993303802855232,Not significant
GENE3624,0,Other,21q,protein_coding,45,43,7.155146444444444,7.145478604651163,-0.009667839793285893,0.9933211673154387,-0.09423691235746255,-7.056813189409002,0.9251177756885093,0.9993303802855232,Not significant
GENE1513,2,Microenvironment,2p,protein_coding,45,43,8.766875555555556,8.757257209302326,-0.009618346253226662,0.9933552450816351,-0.087633449196547,-7.0574155173130055,0.930350929010653,0.9993303802855232,Not significant
GENE3607,1,Plasma cells,12p,protein_coding,45,43,8.13926,8.148867906976744,0.009607906976745184,1.0066819187016411,0.08009629025725302,-7.058049566086646,0.936327750464883,0.9993303802855232,Not significant
GENE3894,2,Microenvironment,10q,protein_coding,45,43,8.525306,8.515699069767441,-0.009606930232557431,0.9933631055154452,-0.07743999934958531,-7.0582594431652375,0.9384350244517947,0.9993303802855232,Not significant
GENE2636,1,Plasma cells,15q,protein_coding,45,43,8.959770222222222,8.969335813953489,0.009565591731268697,1.0066523924562523,0.10200660444892169,-7.056048487458426,0.9189646310776658,0.9993303802855232,Not significant
GENE1574,2,Microenvironment,3q,protein_coding,45,43,8.872720222222222,8.882281860465117,0.009561638242896464,1.0066496338808344,0.08935624941077272,-7.057262590285915,0.9289853292885852,0.9993303802855232,Not significant
GENE1166,1,Plasma cells,3q,protein_coding,45,43,8.522564,8.513020697674419,-0.009543302325580427,0.9934069172755856,-0.08578281533562895,-7.057576475510148,0.931818089685629,0.9993303802855232,Not significant
GENE1728,1,Plasma cells,21q,protein_coding,45,43,8.011009333333334,8.001467906976744,-0.00954142635658961,0.9934082090259077,-0.09261793954955871,-7.056964908829931,0.9264004936923383,0.9993303802855232,Not significant
GENE3904,2,Microenvironment,7q,protein_coding,45,43,9.463880666666666,9.454396511627907,-0.009484155038757436,0.9934476455838412,-0.08645823912407137,-7.057518128814888,0.9312825941422098,0.9993303802855232,Not significant
GENE1583,2,Microenvironment,20q,protein_coding,45,43,10.055725777777777,10.046245813953488,-0.00947996382429217,0.9934505316810918,-0.07766935013097973,-7.058241600988508,0.9382530596702838,0.9993303802855232,Not significant
GENE3069,2,Microenvironment,18q,protein_coding,45,43,9.572604,9.582078372093024,0.009474372093018602,1.006588745211678,0.08772294936319763,-7.057407645994962,0.9302799803885902,0.9993303802855232,Not significant
GENE2977,1,Plasma cells,2p,protein_coding,45,43,7.975031111111111,7.965567441860465,-0.00946366925064801,0.99346175230902,-0.10002245215934978,-7.056249526008976,0.9205355108816364,0.9993303802855232,Not significant
GENE0973,1,Plasma cells,2p,protein_coding,45,43,10.332531333333334,10.323090697674418,-0.009440635658910068,0.9934776137173105,-0.09059376319402282,-7.057150903431163,0.9280045289273218,0.9993303802855232,Not significant
PCOTH031,1,Plasma cells,12p,protein_coding,45,43,9.505049111111111,9.495631627906977,-0.009417483204138932,0.9934935572323508,-0.09364235018110638,-7.056869213256564,0.925588826655233,0.9993303802855232,Not significant
GENE3718,1,Plasma cells,19q,protein_coding,45,43,10.764382222222222,10.773794186046512,0.009411963824293323,1.0065452030212494,0.08895032749794851,-7.057298890623784,0.9293070695327337,0.9993303802855232,Not significant
GENE2987,1,Plasma cells,20q,protein_coding,45,43,7.529704222222223,7.520296511627907,-0.009407710594313556,0.9935002870383787,-0.08289868787257527,-7.057820473654489,0.9341050592083439,0.9993303802855232,Not significant
GENE2167,1,Plasma cells,12p,protein_coding,45,43,9.339488,9.33008930232558,-0.009398697674420475,0.9935064937322517,-0.0803496624451574,-7.058029177110311,0.9361267700720393,0.9993303802855232,Not significant
GENE1911,1,Plasma cells,4q,protein_coding,45,43,9.004747555555555,9.014143488372094,0.009395932816538277,1.006534018506263,0.08319850772676712,-7.057795497343338,0.9338672909266867,0.9993303802855232,Not significant
GENE1142,1,Plasma cells,3q,protein_coding,45,43,6.243385333333333,6.252745348837209,0.009360015503872887,1.0065089601633628,0.08088391079767841,-7.057985974887218,0.9357030060910086,0.9993303802855232,Not significant
GENE2302,0,Other,19q,protein_coding,45,43,8.418079777777777,8.408720232558139,-0.009359545219639998,0.9935334562882946,-0.07642404895132086,-7.05833784382801,0.9392411092068257,0.9993303802855232,Not significant
PCADV075,1,Plasma cells,1p,protein_coding,45,43,6.198418444444444,6.207777209302326,0.009358764857880786,1.006508087639499,0.046986662577282005,-7.060159938040692,0.9626216657111427,0.9993303802855232,Not significant
GENE2661,2,Microenvironment,18q,protein_coding,45,43,10.008782,9.999423720930233,-0.009358279069768827,0.9935343282416694,-0.08324215464825177,-7.057791853845378,0.9338326777957843,0.9993303802855232,Not significant
GENE1278,2,Microenvironment,10q,protein_coding,45,43,11.694279555555555,11.68493069767442,-0.009348857881139594,0.9935408163106052,-0.07846749980287802,-7.058179098253287,0.9376198407196555,0.9993303802855232,Not significant
GENE2032,1,Plasma cells,7q,protein_coding,45,43,5.829505111111112,5.820186279069768,-0.009318832041345537,0.9935614944213436,-0.08548690539503238,-7.057601893649741,0.9320527055478229,0.9993303802855232,Not significant
GENE1628,0,Other,15q,protein_coding,45,43,6.177708222222222,6.186912558139535,0.009204335917315731,1.0064003547822038,0.09318594145925545,-7.056911978784186,0.9259504414238902,0.9993303802855232,Not significant
GENE3220,2,Microenvironment,7q,protein_coding,45,43,9.384590888888889,9.39379,0.00919911111110494,1.0063967100498428,0.08982185132935983,-7.057220749470211,0.928616300232477,0.9993303802855232,Not significant
GENE2190,0,Other,10q,protein_coding,45,43,8.379093333333334,8.369910465116279,-0.009182868217052942,0.9936551349915178,-0.0813617768185112,-7.0579470895057215,0.9353239800560273,0.9993303802855232,Not significant
GENE2809,1,Plasma cells,2p,protein_coding,45,43,8.802127777777777,8.793010697674418,-0.009117080103361985,0.9937004475389654,-0.08395558223222835,-7.0577320284633975,0.9332669294395763,0.9993303802855232,Not significant
GENE1106,1,Plasma cells,3q,protein_coding,45,43,8.771088444444445,8.761976976744187,-0.009111467700257947,0.9937043132612186,-0.0986269414583258,-7.05638855727219,0.9216405443537935,0.9993303802855232,Not significant
GENE3691,1,Plasma cells,12p,protein_coding,45,43,8.049001555555556,8.058071627906976,0.009070072351422098,1.0063066990828713,0.0769709546045538,-7.058295767884232,0.938807170356937,0.9993303802855232,Not significant
GENE1242,0,Other,10q,protein_coding,45,43,9.28600288888889,9.295023488372093,0.009020599483200442,1.0062721914262271,0.08929815997740684,-7.057267795175811,0.9290313711871317,0.9993303802855232,Not significant
PCADV032,1,Plasma cells,8q,protein_coding,45,43,7.1793848888888885,7.188368372093023,0.008983483204135112,1.0062463033501075,0.04023658058129797,-7.060455242252251,0.9679882467507785,0.9993303802855232,Not significant
GENE1560,1,Plasma cells,21q,protein_coding,45,43,7.7325275555555555,7.7235679069767444,-0.008959648578810153,0.9938088892455534,-0.09421815997797645,-7.056814961805068,0.9251326321412495,0.9993303802855232,Not significant
GENE3963,0,Other,4q,protein_coding,45,43,8.067492666666666,8.076428139534883,0.008935472868214944,1.0062128178123864,0.08150146262842316,-7.057935679596713,0.9352131891348315,0.9993303802855232,Not significant
GENE3313,1,Plasma cells,2p,protein_coding,45,43,7.171016444444445,7.179907674418605,0.008891229974160808,1.006181960920784,0.08070977232581172,-7.058000088116627,0.9358411301096838,0.9993303802855232,Not significant
GENE1781,1,Plasma cells,9p,protein_coding,45,43,7.384394666666666,7.393276511627907,0.008881844961240226,1.0061754155319653,0.06972163123692086,-7.05882912502317,0.9445605491003336,0.9993303802855232,Not significant
PCOTH035,1,Plasma cells,20q,protein_coding,45,43,5.986489555555556,5.995362093023256,0.008872537467704333,1.0061689242495377,0.087791924568636,-7.057401574315092,0.9302253027092061,0.9993303802855232,Not significant
PCOTH198,1,Plasma cells,10q,protein_coding,45,43,7.025771777777778,7.01690976744186,-0.008862010335916715,0.9938761501943687,-0.07786005854729822,-7.058226724793326,0.9381017558760226,0.9993303802855232,Not significant
GENE3430,1,Plasma cells,19q,protein_coding,45,43,8.259177333333334,8.268039302325581,0.00886196899225844,1.006161553577067,0.08425695614745368,-7.057706603003024,0.9330279500748712,0.9993303802855232,Not significant
GENE1430,1,Plasma cells,3q,protein_coding,45,43,7.784115555555555,7.775273720930232,-0.008841834625322065,0.9938900493880428,-0.08406411067471062,-7.057722882938598,0.9331808693348154,0.9993303802855232,Not significant
GENE2737,2,Microenvironment,2p,protein_coding,45,43,9.640927333333334,9.649728139534883,0.008800806201554323,1.0061188984473899,0.07644345107855019,-7.058336356266477,0.9392257143967346,0.9993303802855232,Not significant
GENE1385,0,Other,9p,protein_coding,45,43,8.41368511111111,8.422240697674418,0.008555586563311124,1.0059478996301854,0.07892120075493264,-7.058143284316443,0.9372599109779088,0.9993303802855232,Not significant
GENE2557,0,Other,2p,protein_coding,45,43,9.855087777777777,9.863641395348838,0.008553617571056549,1.0059465267119905,0.07250734480673884,-7.058630406412607,0.9423493212127667,0.9993303802855232,Not significant
GENE2524,1,Plasma cells,7q,protein_coding,45,43,6.975741111111111,6.984255581395349,0.00851447028423813,1.0059192308928409,0.07683108693789058,-7.058306557091284,0.9389181457258513,0.9993303802855232,Not significant
GENE1032,2,Microenvironment,21q,protein_coding,45,43,10.556756444444444,10.548249534883722,-0.008506909560720644,0.994120810097576,-0.06948530019616249,-7.058845625504237,0.9447481628234726,0.9993303802855232,Not significant
GENE2961,2,Microenvironment,18q,protein_coding,45,43,7.938460222222222,7.946928372093024,0.008468149870795472,1.0058869344993904,0.07959044096911619,-7.058090079418883,0.9367290135613148,0.9993303802855232,Not significant
GENE1961,0,Other,9p,protein_coding,45,43,9.451840222222222,9.460292790697675,0.008452568475451727,1.0058760707777326,0.08078013119311223,-7.057994389472393,0.9357853222772127,0.9993303802855232,Not significant
GENE3447,1,Plasma cells,4q,protein_coding,45,43,8.484598,8.476152093023256,-0.008445906976746187,0.9941628461610719,-0.0713099847562285,-7.0587167737382295,0.9432997005846835,0.9993303802855232,Not significant
GENE3271,2,Microenvironment,12p,protein_coding,45,43,9.437027777777779,9.445441860465117,0.00841408268733801,1.0058492380681923,0.07997071084460208,-7.0580596476552335,0.9364273643456009,0.9993303802855232,Not significant
GENE1417,0,Other,2p,protein_coding,45,43,8.888286666666666,8.896691627906977,0.008404961240314535,1.0058428786011706,0.08212160379868698,-7.05788478852105,0.9347213434852942,0.9993303802855232,Not significant
GENE1729,0,Other,2p,protein_coding,45,43,8.192643555555556,8.200957209302326,0.008313653746775174,1.0057792212908512,0.06315617446504583,-7.059266681673194,0.9497737258952664,0.9993303802855232,Not significant
GENE1970,0,Other,3q,protein_coding,45,43,8.753166222222223,8.761446046511628,0.008279824289406434,1.005755637258602,0.07917893382294675,-7.058122847607962,0.9370554521441378,0.9993303802855232,Not significant
GENE3545,2,Microenvironment,9p,protein_coding,45,43,10.961849555555556,10.970118604651162,0.008269049095611436,1.005748125503779,0.07594883151170673,-7.058374160884703,0.9396181823792848,0.9993303802855232,Not significant
GENE2622,1,Plasma cells,10q,protein_coding,45,43,8.41828711111111,8.426450232558139,0.008163121447031685,1.005674282716541,0.07510184156342779,-7.058438327920117,0.9402902817943752,0.9993303802855232,Not significant
GENE2371,2,Microenvironment,12p,protein_coding,45,43,7.570910222222222,7.57906023255814,0.008150010335916669,1.0056651432608845,0.07310277794120693,-7.0585869216140305,0.9418767396278828,0.9993303802855232,Not significant
GENE3185,2,Microenvironment,9p,protein_coding,45,43,8.407369333333333,8.41550511627907,0.008135782945737802,1.0056552257665932,0.07293578036956666,-7.058599153416168,0.9420092796699853,0.9993303802855232,Not significant
GENE2496,0,Other,21q,protein_coding,45,43,10.10382711111111,10.095718372093023,-0.008108739018089395,0.9943952161493526,-0.07524820804206801,-7.0584272907815295,0.9401741346649012,0.9993303802855232,Not significant
GENE3642,2,Microenvironment,10q,protein_coding,45,43,7.806318,7.798242558139535,-0.008075441860462718,0.994418166887667,-0.07251270912147108,-7.058630016241239,0.9423450635872554,0.9993303802855232,Not significant
GENE1134,2,Microenvironment,10q,protein_coding,45,43,9.503727777777778,9.495670697674418,-0.008057080103359482,0.9944308233261512,-0.0694949409410225,-7.058844953489642,0.9447405093622876,0.9993303802855232,Not significant
GENE3426,2,Microenvironment,10q,protein_coding,45,43,8.79735111111111,8.805403720930233,0.008052609819120704,1.0055972501889228,0.07625321780609354,-7.058350925158545,0.9393766578665366,0.9993303802855232,Not significant
GENE1993,1,Plasma cells,2p,protein_coding,45,43,7.325704222222222,7.317675116279069,-0.008029105943151649,0.9944501057358653,-0.07480680900099547,-7.058460510297664,0.940524404791965,0.9993303802855232,Not significant
GENE3388,0,Other,7q,protein_coding,45,43,8.834665777777778,8.826652325581396,-0.00801345219638172,0.9944608959265451,-0.06998389635184524,-7.058810748263475,0.9443523510139846,0.9993303802855232,Not significant
GENE2825,0,Other,9p,protein_coding,45,43,10.362793777777778,10.370637441860465,0.007843664082683333,1.0054516199363275,0.06196972511081757,-7.059341140406271,0.950716043215432,0.9993303802855232,Not significant
GENE1522,0,Other,19q,protein_coding,45,43,7.836371555555555,7.844213255813953,0.007841700258397921,1.0054502512971424,0.07141490075027485,-7.05870926347343,0.9432164224223973,0.9993303802855232,Not significant
GENE3647,0,Other,20q,protein_coding,45,43,8.980336222222222,8.972524883720931,-0.007811338501293008,0.9946002242255617,-0.06772123971024997,-7.058967021368239,0.94614867722756,0.9993303802855232,Not significant
GENE1460,2,Microenvironment,15q,protein_coding,45,43,8.270319555555556,8.262523255813953,-0.007796299741604784,0.9946105920658146,-0.06555373161651963,-7.059111907275136,0.9478697258340723,0.9993303802855232,Not significant
GENE1095,1,Plasma cells,4q,protein_coding,45,43,8.276664,8.284452558139535,0.007788558139537827,1.0054132159076994,0.0684764011146784,-7.058915436147402,0.9455491221720296,0.9993303802855232,Not significant
GENE1477,2,Microenvironment,2p,protein_coding,45,43,8.61376688888889,8.606010930232559,-0.007755958656328943,0.9946384040638836,-0.0696684656831284,-7.058832841891552,0.9446027548266513,0.9993303802855232,Not significant
GENE2494,0,Other,19q,protein_coding,45,43,9.986680666666667,9.99441465116279,0.007733984496123725,1.0053751842911725,0.0688192963941284,-7.058891824079919,0.9452768932106976,0.9993303802855232,Not significant
GENE1061,2,Microenvironment,9p,protein_coding,45,43,10.644477111111112,10.652191395348837,0.007714284237723135,1.0053614558072372,0.06767122318936901,-7.058970417809757,0.9461883885882385,0.9993303802855232,Not significant
GENE3811,1,Plasma cells,12p,protein_coding,45,43,8.086641555555556,8.078955348837209,-0.007686206718346966,0.9946864943612025,-0.06420860674499282,-7.059199451830615,0.9489379090344182,0.9993303802855232,Not significant
PCOTH131,1,Plasma cells,20q,protein_coding,45,43,6.079723777777778,6.087405116279069,0.007681338501293489,1.0053384973895478,0.06901194747214379,-7.058878506217247,0.9451239478940613,0.9993303802855232,Not significant
GENE2106,1,Plasma cells,10q,protein_coding,45,43,8.385021555555555,8.392663488372094,0.007641932816538244,1.0053110380098818,0.06634594374109486,-7.059059498688182,0.9472406630815698,0.9993303802855232,Not significant
GENE2254,2,Microenvironment,19q,protein_coding,45,43,8.76099111111111,8.75343,-0.0075611111111157925,0.9947727470357647,-0.06753650338394142,-7.05897955366456,0.9462953520567804,0.9993303802855232,Not significant
GENE2134,2,Microenvironment,19q,protein_coding,45,43,8.428752888888889,8.436313720930233,0.007560832041344057,1.0052545262658272,0.06923111510850995,-7.058863310015391,0.9449499536317707,0.9993303802855232,Not significant
GENE3138,0,Other,10q,protein_coding,45,43,5.587526888888889,5.579973720930233,-0.007553167958656459,0.9947782240445021,-0.06660509388854509,-7.059042218036632,0.947034889942385,0.9993303802855232,Not significant
GENE3421,2,Microenvironment,2p,protein_coding,45,43,7.771639333333333,7.764185116279069,-0.0074542170542653,0.994846455776022,-0.07077492780924959,-7.058754903318577,0.9437244173776069,0.9993303802855232,Not significant
PCOTH026,1,Plasma cells,3q,protein_coding,45,43,7.377144222222222,7.384554651162791,0.007410428940569425,1.0051497324509608,0.06645511877980805,-7.059052226889087,0.9471539743268242,0.9993303802855232,Not significant
GENE3604,1,Plasma cells,7q,protein_coding,45,43,9.533173777777778,9.525768372093022,-0.007405405684753674,0.994880115446338,-0.06442484021285842,-7.059185501161709,0.9487661885574596,0.9993303802855232,Not significant
GENE1954,2,Microenvironment,19q,protein_coding,45,43,9.7040400000000009,9.711421860465116,0.007381860465120127,1.0051298285140045,0.06613306675585391,-7.059073643359216,0.9474096965903325,0.9993303802855232,Not significant
PCOTH032,1,Plasma cells,15q,protein_coding,45,43,6.1108693333333335,6.118226744186046,0.00735741085271524,1.0051127945423128,0.06155223234391651,-7.059367005425328,0.9510476464996334,0.9993303802855232,Not significant
GENE1342,1,Plasma cells,19q,protein_coding,45,43,7.867294222222222,7.859956046511628,-0.007338175710595252,0.9949264782056377,-0.06765005773474618,-7.0589718543238735,0.9462051932566427,0.9993303802855232,Not significant
PCADV042,1,Plasma cells,17p,protein_coding,45,43,7.575032,7.582360697674418,0.0073286976744180166,1.0050927905256148,0.03921999788019605,-7.060495756004211,0.9687966037077229,0.9993303802855232,Not significant
GENE1040,2,Microenvironment,15q,protein_coding,45,43,9.685534222222222,9.678211627906977,-0.0073225943152479545,0.994937223668867,-0.06291162238357217,-7.059282144699108,0.9499679514541686,0.9993303802855232,Not significant
GENE3122,0,Other,3q,protein_coding,45,43,8.528024888888888,8.535313720930233,0.0072888320413433405,1.00506501743036,0.06423078565932686,-7.059198023078797,0.9489202956751673,0.9993303802855232,Not significant
GENE2888,0,Other,15q,protein_coding,45,43,9.115542444444445,9.10825558139535,-0.007286863049095871,0.9949618656104957,-0.06321065868161996,-7.0592632284656425,0.9497304544314269,0.9993303802855232,Not significant
GENE1888,0,Other,7q,protein_coding,45,43,9.238934,9.246054186046512,0.007120186046513766,1.004947535718476,0.06404602587066216,-7.0592099101244035,0.9490670232215938,0.9993303802855232,Not significant
GENE2565,2,Microenvironment,18q,protein_coding,45,43,9.30589111111111,9.312976511627907,0.007085400516794849,1.0049233052262778,0.06288393774217108,-7.0592838914189375,0.9499899390467302,0.9993303802855232,Not significant
GENE1906,0,Other,19q,protein_coding,45,43,8.067391777777777,8.060368604651163,-0.007023173126611937,0.9951437373075052,-0.0518019868781413,-7.059921344588468,0.958794329718957,0.9993303802855232,Not significant
GENE2943,1,Plasma cells,4q,protein_coding,45,43,8.931849111111111,8.924871162790698,-0.006977948320416871,0.9951749330119241,-0.06336514292917496,-7.059253421069937,0.9496077635803836,0.9993303802855232,Not significant
GENE1879,1,Plasma cells,12p,protein_coding,45,43,7.2906815555555555,7.283710697674419,-0.00697085788113494,0.9951798240280967,-0.05551928997316884,-7.059721248896107,0.9558403825293272,0.9993303802855232,Not significant
GENE2899,0,Other,12p,protein_coding,45,43,7.843427111111112,7.836550697674419,-0.006876413436694762,0.9952449745134394,-0.07109052422615303,-7.058732447813101,0.9434739016992424,0.9993303802855232,Not significant
GENE2214,2,Microenvironment,10q,protein_coding,45,43,7.926663555555556,7.919881627906976,-0.0067819276485803215,0.9953101577867796,-0.06755104043940138,-7.058978568728539,0.9462838100251525,0.9993303802855232,Not significant
GENE1504,2,Microenvironment,7q,protein_coding,45,43,8.189911777777779,8.196593953488373,0.0066821757105941515,1.0046424743009066,0.05449516756880857,-7.059777758844441,0.9566541395479009,0.9993303802855232,Not significant
GENE3087,0,Other,4q,protein_coding,45,43,9.27098,9.277658604651164,0.006678604651160214,1.0046399875428298,0.06577907775923669,-7.059097063622829,0.9476907844427296,0.9993303802855232,Not significant
GENE2846,0,Other,3q,protein_coding,45,43,7.741911555555555,7.735236976744186,-0.0066745788113706794,0.9953842201216989,-0.0649139943178724,-7.059153769512203,0.9483777387680064,0.9993303802855232,Not significant
GENE1476,2,Microenvironment,21q,protein_coding,45,43,9.179107333333333,9.172456976744186,-0.006650356589148032,0.995400932330098,-0.06500778393647937,-7.059147657917339,0.9483032594532959,0.9993303802855232,Not significant
GENE2870,1,Plasma cells,3q,protein_coding,45,43,8.710572666666668,8.704016279069767,-0.006556387596900137,0.9954657692264194,-0.05644831595336839,-7.059669076229056,0.9551022285572668,0.9993303802855232,Not significant
GENE2692,1,Plasma cells,7q,protein_coding,45,43,8.586563111111111,8.580106046511627,-0.006457064599484141,0.9955343048800166,-0.05779918432928252,-7.05959166892566,0.9540289713102104,0.9993303802855232,Not significant
GENE1680,2,Microenvironment,21q,protein_coding,45,43,11.46395,11.457523953488373,-0.006426046511627703,0.995555709197365,-0.06380771668298386,-7.059225191859621,0.9492562797755786,0.9993303802855232,Not significant
GENE2143,2,Microenvironment,12p,protein_coding,45,43,9.111005333333333,9.117407441860465,0.006402108527131745,1.0044474642181487,0.05815762037769925,-7.059570822592703,0.953744210039003,0.9993303802855232,Not significant
GENE3535,2,Microenvironment,12p,protein_coding,45,43,10.695712444444444,10.702114418604651,0.006401974160207047,1.0044473706678787,0.060447357380822575,-7.05943461241675,0.9519252603787061,0.9993303802855232,Not significant
GENE2115,1,Plasma cells,4q,protein_coding,45,43,7.645452888888889,7.63906,-0.0063928888888895585,0.9955785904293836,-0.057826427085945556,-7.059590089035359,0.954007327959203,0.9993303802855232,Not significant
MEOTH217,2,Microenvironment,10q,protein_coding,45,43,9.710385777777779,9.716743488372092,0.006357710594318888,1.00441655352422,0.045848074024871094,-7.060212953750631,0.9635267746247773,0.9993303802855232,Not significant
GENE3698,2,Microenvironment,3q,protein_coding,45,43,8.562218222222223,8.568484186046511,0.006265963824288789,1.004352680673864,0.06074233462904273,-7.0594166826543185,0.951690950988193,0.9993303802855232,Not significant
GENE3229,1,Plasma cells,2p,protein_coding,45,43,8.069887111111111,8.063655116279069,-0.006231994832038623,0.9956896267926948,-0.05207942874556847,-7.0599068890378724,0.9585738407567788,0.9993303802855232,Not significant
GENE2259,0,Other,4q,protein_coding,45,43,7.578776666666666,7.585006046511628,0.006229379844958416,1.0043272125390166,0.05285320941539296,-7.0598661647970715,0.9579589178372638,0.9993303802855232,Not significant
GENE1869,1,Plasma cells,18q,protein_coding,45,43,8.23670688888889,8.242933953488372,0.006227064599483967,1.0043256007901007,0.05588450208120924,-7.059700842417283,0.9555502000475764,0.9993303802855232,Not significant
GENE3477,1,Plasma cells,18q,protein_coding,45,43,6.377668444444445,6.371456976744186,-0.006211467700258488,0.9957037938876155,-0.04984568159881588,-7.060021082288281,0.9603491371060726,0.9993303802855232,Not significant
GENE3540,1,Plasma cells,21q,protein_coding,45,43,8.476398666666666,8.470190930232558,-0.006207736434106437,0.9957063690962096,-0.05467065714637937,-7.059768150213269,0.956514694071637,0.9993303802855232,Not significant
GENE2322,0,Other,10q,protein_coding,45,43,7.918744,7.924917906976744,0.00617390697674125,1.004288596034185,0.05233463681895592,-7.05989352375767,0.9583710243063265,0.9993303802855232,Not significant
GENE2221,0,Other,2p,protein_coding,45,43,9.591597333333333,9.585559767441861,-0.00603756589147153,0.9958238228072962,-0.058193266880999864,-7.059568742377429,0.9537158908274594,0.9993303802855232,Not significant
GENE2599,2,Microenvironment,12p,protein_coding,45,43,7.316662222222222,7.310696976744186,-0.005965245478035008,0.9958737434028885,-0.050711809220681,-7.0599773983412515,0.9596607479743199,0.9993303802855232,Not significant
GENE1374,2,Microenvironment,10q,protein_coding,45,43,9.28625888888889,9.280379069767442,-0.005879819121446417,0.9959327138588066,-0.053394760783531704,-7.0598373055822305,0.9575285624629841,0.9993303802855232,Not significant
GENE1161,1,Plasma cells,18q,protein_coding,45,43,8.478194,8.472388139534884,-0.005805860465109447,0.9959837708953043,-0.05156054574762039,-7.0599338615610465,0.9589862107348505,0.9993303802855232,Not significant
GENE3750,1,Plasma cells,10q,protein_coding,45,43,6.587864222222223,6.582058604651163,-0.0058056175710587965,0.9959839385804672,-0.0537784498656202,-7.0598166807858505,0.9572236633322182,0.9993303802855232,Not significant
PCOTH238,1,Plasma cells,19q,protein_coding,45,43,7.463732666666667,7.4579272093023254,-0.005805457364338906,0.9959840491813385,-0.053413275176542256,-7.059836313751669,0.9575138498262525,0.9993303802855232,Not significant
GENE3351,2,Microenvironment,4q,protein_coding,45,43,8.837037111111112,8.831238604651162,-0.005798506459955277,0.9959888478438242,-0.05211258561759968,-7.059905156300695,0.958547490499261,0.9993303802855232,Not significant
PCOTH161,1,Plasma cells,9p,protein_coding,45,43,7.064464444444445,7.058740697674419,-0.005723746770027738,0.9960404607936113,-0.05341533774015857,-7.059836203237234,0.9575122107915643,0.9993303802855232,Not significant
GENE3195,1,Plasma cells,4q,protein_coding,45,43,7.413170888888889,7.418891860465116,0.005720971576226752,1.003973348218532,0.05609654817515022,-7.059688932805709,0.9553817197082844,0.9993303802855232,Not significant
PCOTH088,1,Plasma cells,7q,protein_coding,45,43,6.6215602222222225,6.615852093023256,-0.005708129198962908,0.9960512432642215,-0.054348214938557175,-7.059785781219634,0.9567709103655209,0.9993303802855232,Not significant
GENE2771,2,Microenvironment,20q,protein_coding,45,43,10.349377777777777,10.355083255813954,0.005705478036176714,1.003962566301832,0.05210007156116348,-7.059905810399388,0.9585574355999393,0.9993303802855232,Not significant
GENE1603,2,Microenvironment,12p,protein_coding,45,43,6.6991233333333335,6.693450697674419,-0.005672635658912739,0.9960757486645886,-0.04823860055963605,-7.060100143471327,0.9616265073869614,0.9993303802855232,Not significant
PCFAV048,1,Plasma cells,16q,protein_coding,45,43,7.624136666666667,7.6298,0.005663333333334464,1.0039332384918558,0.03754671132602949,-7.060560183850376,0.970127222964658,0.9993303802855232,Not significant
GENE3961,2,Microenvironment,2p,protein_coding,45,43,9.538285111111112,9.543911627906978,0.005626516795867786,1.0039076191661966,0.04586035316095135,-7.060212388937798,0.9635170131987827,0.9993303802855232,Not significant
GENE1825,0,Other,2p,protein_coding,45,43,8.109375777777778,8.103760697674419,-0.005615080103359205,0.9961154873723869,-0.053696156224943475,-7.059821116831951,0.9572890575688849,0.9993303802855232,Not significant
GENE2492,2,Microenvironment,15q,protein_coding,45,43,9.257191777777777,9.26278023255814,0.005588454780360408,1.0038811338437679,0.04918636340908948,-7.0600538311875605,0.960873176432543,0.9993303802855232,Not significant
GENE1985,2,Microenvironment,9p,protein_coding,45,43,11.196621777777779,11.202176976744186,0.0055551989664124335,1.0038579934721097,0.052442075757422574,-7.05988787762545,0.9582856423075669,0.9993303802855232,Not significant
GENE2271,0,Other,4q,protein_coding,45,43,10.763026222222223,10.757489069767441,-0.005537152454781591,0.9961692943322423,-0.051358076385946264,-7.059944313052851,0.9591471214962872,0.9993303802855232,Not significant
GENE3192,2,Microenvironment,21q,protein_coding,45,43,8.579776222222222,8.585263720930232,0.0054874987080122395,1.0038108872930032,0.04608695651050741,-7.060201938540556,0.9633368735252077,0.9993303802855232,Not significant
GENE1520,2,Microenvironment,15q,protein_coding,45,43,9.414933777777778,9.420420697674418,0.005486919896643627,1.003810484562682,0.044983499635398126,-7.060252342018665,0.964214090834476,0.9993303802855232,Not significant
GENE1737,2,Microenvironment,18q,protein_coding,45,43,8.191729333333333,8.197213255813953,0.005483922480619796,1.0038083989975277,0.04905730303712726,-7.0600601906960945,0.9609757582226242,0.9993303802855232,Not significant
GENE3796,1,Plasma cells,7q,protein_coding,45,43,6.369120888888889,6.363668139534884,-0.00545274935400375,0.9962275756976717,-0.05609559036979141,-7.0596889867024375,0.9553824807239895,0.9993303802855232,Not significant
GENE1386,1,Plasma cells,10q,protein_coding,45,43,7.879956222222222,7.874506511627907,-0.005449710594315427,0.9962296740617056,-0.05044593737938287,-7.059990887874013,0.9598720568942732,0.9993303802855232,Not significant
GENE2839,2,Microenvironment,12p,protein_coding,45,43,9.009092666666668,9.014496744186047,0.0054040775193797685,1.003752845451849,0.05035371977481112,-7.0599955501544365,0.9599453500281661,0.9993303802855232,Not significant
MEOTH226,2,Microenvironment,4q,protein_coding,45,43,11.442273333333333,11.447651627906977,0.005378294573649356,1.0037349071674881,0.03302061317442856,-7.060720382558585,0.9737268477140633,0.9993303802855232,Not significant
GENE1473,0,Other,18q,protein_coding,45,43,8.589928444444444,8.584583953488371,-0.005344490956073145,0.9963023344268849,-0.0456921252270605,-7.060220113889042,0.9636507482141599,0.9993303802855232,Not significant
GENE1999,1,Plasma cells,12p,protein_coding,45,43,8.372448444444444,8.37778023255814,0.005331788113695168,1.003702551469601,0.042038335612596886,-7.060380890268627,0.9665556262365058,0.9993303802855232,Not significant
GENE2791,2,Microenvironment,12p,protein_coding,45,43,8.670094444444445,8.675422790697674,0.0053283462532309755,1.0037001569233448,0.05079308711029668,-7.05997326039593,0.959596150721667,0.9993303802855232,Not significant
GENE3547,1,Plasma cells,12p,protein_coding,45,43,6.749752222222222,6.744469302325581,-0.005282919896641758,0.996344855332222,-0.04760683524148377,-7.060130514103279,0.9621286865249252,0.9993303802855232,Not significant
GENE2414,0,Other,3q,protein_coding,45,43,8.525266666666667,8.530532325581396,0.005265658914730409,1.0036565455413435,0.048058371949958614,-7.060108848353126,0.9617697663707643,0.9993303802855232,Not significant
GENE1996,2,Microenvironment,7q,protein_coding,45,43,8.834640444444444,8.829425348837209,-0.005215095607232101,0.9963916968118051,-0.053230829829685314,-7.059846072491993,0.9576588323795225,0.9993303802855232,Not significant
GENE2041,1,Plasma cells,2p,protein_coding,45,43,8.289116444444444,8.283902558139536,-0.005213886304913373,0.9963925320120797,-0.04610901815986277,-7.060200918359318,0.9633193355879018,0.9993303802855232,Not significant
GENE3562,1,Plasma cells,19q,protein_coding,45,43,8.179390444444444,8.17419046511628,-0.005199979328166293,0.9964021368656129,-0.051364967891726586,-7.059943957988498,0.9591416445042709,0.9993303802855232,Not significant
GENE3188,1,Plasma cells,15q,protein_coding,45,43,7.789659555555556,7.794789534883721,0.005129979328168055,1.0035621601736076,0.04729057653016139,-7.060145567124809,0.9623800807559065,0.9993303802855232,Not significant
GENE2049,0,Other,18q,protein_coding,45,43,7.59311,7.587998139534884,-0.005111860465113693,0.9964629983106504,-0.04676948110589886,-7.0601701509522545,0.9627943080823218,0.9993303802855232,Not significant
GENE3664,2,Microenvironment,7q,protein_coding,45,43,8.771747333333334,8.766761860465117,-0.004985472868217045,0.996550297481209,-0.042468507167755784,-7.060362657084741,0.9662136021047414,0.9993303802855232,Not significant
GENE2277,0,Other,18q,protein_coding,45,43,8.601172444444444,8.596215581395349,-0.004956863049095261,0.9965700600822092,-0.04809309118128109,-7.060107173978852,0.9617421688688761,0.9993303802855232,Not significant
GENE1557,2,Microenvironment,18q,protein_coding,45,43,11.418111111111111,11.423043953488373,0.0049328423772578844,1.0034250378695484,0.04777560579349581,-7.060122440046173,0.9619945322797356,0.9993303802855232,Not significant
GENE1297,2,Microenvironment,2p,protein_coding,45,43,6.893617555555555,6.898499534883721,0.004881979328163588,1.00338966216238,0.044010390735561296,-7.060295778005561,0.9649877216979401,0.9993303802855232,Not significant
GENE1951,0,Other,12p,protein_coding,45,43,8.023458,8.018582325581395,-0.004875674418610032,0.9966261443084294,-0.04055441946726938,-7.060442362732748,0.9677355173413731,0.9993303802855232,Not significant
GENE3708,1,Plasma cells,21q,protein_coding,45,43,8.189320222222221,8.184451627906977,-0.0048685943152442235,0.996631035316739,-0.04537515750367837,-7.0602345917716205,0.9639027287066012,0.9993303802855232,Not significant
GENE3559,2,Microenvironment,12p,protein_coding,45,43,8.03136,8.03621441860465,0.004854418604649524,1.0033704939527954,0.04001925452685851,-7.060463990441283,0.9681610553208639,0.9993303802855232,Not significant
GENE1383,1,Plasma cells,4q,protein_coding,45,43,9.260020444444445,9.264799534883721,0.004779090439278377,1.0033181058297431,0.03980555961388725,-7.060472546266897,0.96833097804026,0.9993303802855232,Not significant
GENE2861,0,Other,9p,protein_coding,45,43,6.679157111111111,6.67443488372093,-0.004722227390180578,0.996732152473107,-0.04456242401267583,-7.060271253862156,0.9645488458172666,0.9993303802855232,Not significant
GENE3533,0,Other,9p,protein_coding,45,43,9.689068,9.693773255813953,0.004705255813959752,1.0032667590664153,0.043172066453485966,-7.0603324360735105,0.9656542243748345,0.9993303802855232,Not significant
MEOTH010,2,Microenvironment,4q,protein_coding,45,43,8.646671111111111,8.651344651162791,0.004673540051680192,1.0032447038022183,0.0347104192369315,-7.060662976673476,0.9723828703210085,0.9993303802855232,Not significant
GENE3731,2,Microenvironment,20q,protein_coding,45,43,8.481424222222222,8.486065813953488,0.004641591731262551,1.003222487306386,0.04348877676913741,-7.060318669887141,0.9654024236091385,0.9993303802855232,Not significant
GENE3935,2,Microenvironment,20q,protein_coding,45,43,8.504121555555555,8.508741627906977,0.004620072351420035,1.0032075232535889,0.04226894228975143,-7.0603711388920285,0.966372272912388,0.9993303802855232,Not significant
GENE3605,0,Other,9p,protein_coding,45,43,7.425671333333334,7.421058372093023,-0.004612961240308522,0.9968076453569278,-0.04614772463398822,-7.060199127303531,0.9632885658687134,0.9993303802855232,Not significant
GENE2176,1,Plasma cells,7q,protein_coding,45,43,8.444582,8.44004976744186,-0.004532232558139171,0.9968634251418431,-0.04232911823779588,-7.060368585530692,0.9663244278464027,0.9993303802855232,Not significant
GENE1608,2,Microenvironment,21q,protein_coding,45,43,11.19243111111111,11.187908837209303,-0.0045222739018093705,0.9968703063289555,-0.03961191556887382,-7.060480259742683,0.9684849582724295,0.9993303802855232,Not significant
GENE2402,2,Microenvironment,3q,protein_coding,45,43,9.093409555555555,9.097920930232558,0.004511374677001356,1.0031319409484,0.03779358124478729,-7.0605508550436635,0.9699309033881858,0.9993303802855232,Not significant
GENE2057,2,Microenvironment,9p,protein_coding,45,43,9.264064666666666,9.259587441860464,-0.004477224806201718,0.9969014347418322,-0.04253230532871249,-7.060359937139967,0.9661628775048652,0.9993303802855232,Not significant
GENE2634,2,Microenvironment,10q,protein_coding,45,43,8.636981777777777,8.632528139534884,-0.004453638242896574,0.9969177331765982,-0.040516014219484614,-7.060443924379007,0.967766055077983,0.9993303802855232,Not significant
GENE2669,0,Other,9p,protein_coding,45,43,7.460167111111111,7.455738372093023,-0.004428739018090155,0.9969349389562349,-0.03915265161070211,-7.060498403334691,0.9688501566592698,0.9993303802855232,Not significant
GENE1967,1,Plasma cells,20q,protein_coding,45,43,8.319115111111111,8.314692790697675,-0.004422320413436154,0.9969393743672483,-0.03884336319602859,-7.060510502801133,0.96909610095213,0.9993303802855232,Not significant
GENE2144,1,Plasma cells,15q,protein_coding,45,43,9.840485555555556,9.836069767441861,-0.004415788113691477,0.9969438883645794,-0.04504768127612096,-7.060249443796949,0.9641630670122303,0.9993303802855232,Not significant
GENE1472,0,Other,15q,protein_coding,45,43,8.490153777777778,8.49456046511628,0.004406687338503801,1.0030591525904813,0.03980578188349064,-7.06047253739157,0.9683308012984868,0.9993303802855232,Not significant
GENE1437,2,Microenvironment,18q,protein_coding,45,43,8.72983088888889,8.725452558139535,-0.00437833074935412,0.9969697728198327,-0.04236407692883513,-7.060367100509712,0.9662966327300527,0.9993303802855232,Not significant
GENE1897,0,Other,2p,protein_coding,45,43,9.036922222222222,9.04127,0.0043477777777738424,1.0030181955163937,0.03873121294085955,-7.060514866451101,0.9691852829013996,0.9993303802855232,Not significant
GENE3491,0,Other,20q,protein_coding,45,43,5.522259333333333,5.517923953488372,-0.004335379844957465,0.996999454346147,-0.03810587051171655,-7.060538966566732,0.9696825627155027,0.9993303802855232,Not significant
GENE1051,2,Microenvironment,12p,protein_coding,45,43,10.731136444444445,10.735410930232558,0.004274485788114291,1.0029672413439257,0.036863018885789856,-7.060585700361023,0.9706709286177784,0.9993303802855232,Not significant
GENE1307,2,Microenvironment,20q,protein_coding,45,43,7.945420666666666,7.949629534883721,0.004208868217054906,1.002921624788986,0.03738660382473364,-7.060566201367224,0.9702545470219843,0.9993303802855232,Not significant
GENE3413,1,Plasma cells,9p,protein_coding,45,43,7.271480222222222,7.267386976744186,-0.004093245478035357,0.9971667995468323,-0.039279606918494844,-7.060493409022805,0.9687492034295175,0.9993303802855232,Not significant
GENE1308,2,Microenvironment,21q,protein_coding,45,43,10.37195,10.367861860465116,-0.0040881395348773,0.9971703286960032,-0.03990019915786553,-7.060468762780435,0.9682557238048946,0.9993303802855232,Not significant
GENE3035,0,Other,20q,protein_coding,45,43,7.314395333333334,7.310311627906977,-0.004083705426356943,0.9971733934935663,-0.037773386240545034,-7.060551620475493,0.9699469630911284,0.9993303802855232,Not significant
GENE2860,1,Plasma cells,7q,protein_coding,45,43,8.404558666666667,8.400486279069767,-0.004072387596897542,0.9971812162713242,-0.035743695322407634,-7.060626463114151,0.9715610992099155,0.9993303802855232,Not significant
GENE2220,2,Microenvironment,21q,protein_coding,45,43,9.695558222222221,9.699561395348837,0.004003173126619686,1.0027786414538877,0.035465518849839194,-7.060636398572303,0.9717823317664407,0.9993303802855232,Not significant
PCOTH176,1,Plasma cells,15q,protein_coding,45,43,6.317443777777778,6.31346488372093,-0.003978894056849924,0.9972458404782952,-0.03597712672666348,-7.060618065889582,0.9713754539288793,0.9993303802855232,Not significant
GENE2575,0,Other,12p,protein_coding,45,43,8.109946666666668,8.106008604651162,-0.003938062015507171,0.9972740655421334,-0.03784454889717303,-7.060548921446585,0.9698903723620618,0.9993303802855232,Not significant
GENE3512,1,Plasma cells,15q,protein_coding,45,43,5.2868435555555555,5.282911860465116,-0.0039316950904391135,0.9972784667378668,-0.0351640561199372,-7.06064707808961,0.9720220862731052,0.9993303802855232,Not significant
GENE3070,1,Plasma cells,19q,protein_coding,45,43,4.959508444444444,4.963343488372093,0.003835043927646886,1.002661786164743,0.035573258697988684,-7.060632559704333,0.9716966464643043,0.9993303802855232,Not significant
GENE3425,0,Other,9p,protein_coding,45,43,7.622552444444445,7.62633511627907,0.0037826718346254395,1.00262538862976,0.030507684626800567,-7.060800454404904,0.975725629742814,0.9993303802855232,Not significant
GENE3344,0,Other,15q,protein_coding,45,43,9.201256444444445,9.197496976744185,-0.0037594677002630306,0.9973975278806085,-0.03402583659759016,-7.060686578382803,0.9729273397501115,0.9993303802855232,Not significant
GENE2013,0,Other,18q,protein_coding,45,43,7.698505555555555,7.7022179069767445,0.0037123514211856445,1.0025765194567253,0.03135673846870644,-7.060774108754346,0.9750502748136695,0.9993303802855232,Not significant
GENE1733,0,Other,9p,protein_coding,45,43,7.851824,7.855526744186046,0.0037027441860493226,1.002569843093377,0.04014374293108546,-7.060458985112505,0.9680620671729564,0.9993303802855232,Not significant
GENE1486,1,Plasma cells,19q,protein_coding,45,43,10.09416,10.090526744186047,-0.003633255813948466,0.9974847874374433,-0.03617239888340829,-7.0606109993798905,0.9712201574632735,0.9993303802855232,Not significant
GENE1706,0,Other,3q,protein_coding,45,43,8.66739688888889,8.663783488372093,-0.003613400516790932,0.9974985155591815,-0.03419536345662139,-7.060680777559249,0.9727925086706636,0.9993303802855232,Not significant
GENE1125,1,Plasma cells,18q,protein_coding,45,43,6.234090222222222,6.237657441860465,0.0035672196382448007,1.0024756676514885,0.032301421303287156,-7.060743945890411,0.9742988759861966,0.9993303802855232,Not significant
GENE2924,0,Other,15q,protein_coding,45,43,9.452412888888889,9.45596976744186,0.0035568785529811464,1.0024684820378236,0.03418137412203174,-7.060681257333788,0.9728036348841439,0.9993303802855232,Not significant
PCFAV038,1,Plasma cells,11q,protein_coding,45,43,7.858305111111111,7.854750697674419,-0.0035544134366904956,0.9975393008437107,-0.025284600745869572,-7.060946616468319,0.9798805485953374,0.9993303802855232,Not significant
GENE3572,0,Other,15q,protein_coding,45,43,8.963161111111111,8.966712558139536,0.003551447028423027,1.00246470790554,0.02745546809172504,-7.060889190557027,0.9781535681704887,0.9993303802855232,Not significant
GENE1013,1,Plasma cells,9p,protein_coding,45,43,8.076241555555555,8.072711162790698,-0.003530392764854895,0.9975559098726384,-0.0341738755016748,-7.060681514423676,0.972809598804824,0.9993303802855232,Not significant
GENE2685,0,Other,18q,protein_coding,45,43,8.033913111111112,8.037412325581396,0.0034992144702883365,1.0024284144777573,0.03180442069694187,-7.06075992626421,0.974694186424228,0.9993303802855232,Not significant
GENE2564,2,Microenvironment,15q,protein_coding,45,43,7.527748222222222,7.52428,-0.0034682222222253145,0.9975988988112399,-0.03037517087212763,-7.0608045009915195,0.9758310355221931,0.9993303802855232,Not significant
GENE3926,1,Plasma cells,3q,protein_coding,45,43,7.688330666666666,7.6849,-0.003430666666666582,0.9976248681723678,-0.030094927228351748,-7.060813000804452,0.9760539519021957,0.9993303802855232,Not significant
GENE3503,1,Plasma cells,20q,protein_coding,45,43,7.877282222222222,7.880707674418605,0.0034254521963834605,1.0023771635155143,0.030334711842866693,-7.060805732983106,0.9758632180443341,0.9993303802855232,Not significant
GENE3494,2,Microenvironment,3q,protein_coding,45,43,7.2385253333333335,7.23513,-0.0033953333333363034,0.9976493015021156,-0.027116680650507964,-7.060898463808877,0.9784230755934116,0.9993303802855232,Not significant
PCADV033,1,Plasma cells,13q,protein_coding,45,43,8.828017333333333,8.82468488372093,-0.003332449612404531,0.9976927876622265,-0.020059154518072806,-7.061065460010385,0.9840379015066001,0.9993303802855232,Not significant
GENE3057,1,Plasma cells,18q,protein_coding,45,43,7.503673777777778,7.500392558139535,-0.003281219638243904,0.9977282162744984,-0.029961045146697965,-7.060817033650467,0.9761604474387555,0.9993303802855232,Not significant
GENE3488,2,Microenvironment,15q,protein_coding,45,43,8.171539777777777,8.17479558139535,0.003255803617570052,1.0022592994773933,0.027097941304861834,-7.06089897337976,0.9784379829275458,0.9993303802855232,Not significant
PCFAV051,1,Plasma cells,5q,protein_coding,45,43,8.016315111111112,8.019548837209303,0.0032337260981947225,1.0022439620504462,0.016540245466973497,-7.061130057785839,0.9868377925362013,0.9993303802855232,Not significant
GENE1492,0,Other,7q,protein_coding,45,43,7.978021777777778,7.981217906976744,0.0031961291989652807,1.0022178437280076,0.029530747333448598,-7.060829873479806,0.9765027276452231,0.9993303802855232,Not significant
GENE2257,1,Plasma cells,2p,protein_coding,45,43,7.646369333333333,7.649484186046512,0.0031148527131747983,1.0021613838057286,0.02570171257045694,-7.060935949518729,0.9795487177970194,0.9993303802855232,Not significant
GENE2520,2,Microenvironment,21q,protein_coding,45,43,11.334917777777777,11.338028837209302,0.0031110594315251205,1.0021587488237802,0.029630136741664276,-7.060826924255101,0.9764236679914866,0.9993303802855232,Not significant
PCOTH138,1,Plasma cells,10q,protein_coding,45,43,8.305116666666667,8.308210465116279,0.0030937984496084425,1.0021467586664221,0.02581734396855844,-7.060932961538317,0.9794567285689756,0.9993303802855232,Not significant
GENE3953,0,Other,9p,protein_coding,45,43,9.694222666666667,9.691181395348837,-0.003041271317830052,0.9978941717347681,-0.027832575062257205,-7.060878733020566,0.9778535803145733,0.9993303802855232,Not significant
GENE1082,0,Other,3q,protein_coding,45,43,10.77045911111111,10.767435813953488,-0.003023297157620064,0.997906604314724,-0.024796209597601447,-7.060958884456977,0.980269089720071,0.9993303802855232,Not significant
GENE2571,1,Plasma cells,4q,protein_coding,45,43,6.632249333333333,6.629236744186047,-0.003012589147290967,0.9979140110317218,-0.028684037569051007,-7.06085459647553,0.9771762553269688,0.9993303802855232,Not significant
GENE2573,0,Other,9p,protein_coding,45,43,7.761394666666667,7.764388837209302,0.002994170542628183,1.0020775560047885,0.025709943917945538,-7.060935737259494,0.9795421694341064,0.9993303802855232,Not significant
GENE1857,0,Other,18q,protein_coding,45,43,7.819732666666667,7.822710465116279,0.0029777984496135446,1.002066184222534,0.028444369203912516,-7.06086146393647,0.9773669060604723,0.9993303802855232,Not significant
GENE1834,0,Other,19q,protein_coding,45,43,10.630245111111112,10.633211627906977,0.002966516795863683,1.0020583482494398,0.0227228621761175,-7.061008301248544,0.9819185996350773,0.9993303802855232,Not significant
GENE3162,0,Other,10q,protein_coding,45,43,7.3452,7.34224511627907,-0.002954883720931889,0.9979539267474574,-0.027682023477414514,-7.060882925067292,0.9779733434261106,0.9993303802855232,Not significant
GENE1742,1,Plasma cells,3q,protein_coding,45,43,6.732232444444445,6.735086511627907,0.002854067183461595,1.0019802467252985,0.0298607396324213,-7.060820043308749,0.9762402350198219,0.9993303802855232,Not significant
GENE3463,0,Other,12p,protein_coding,45,43,8.283297333333334,8.286127906976745,0.002830573643416656,1.0019639301298187,0.025493378926418404,-7.060941299125266,0.9797144559263407,0.9993303802855232,Not significant
GENE1980,2,Microenvironment,21q,protein_coding,45,43,10.296697111111111,10.293876279069767,-0.0028208320413405374,0.9980466584832504,-0.026834758125492367,-7.060906092790745,0.9786473485459912,0.9993303802855232,Not significant
GENE1822,2,Microenvironment,19q,protein_coding,45,43,6.980069555555556,6.98285534883721,0.0027857932816521824,1.0019328302718034,0.026971832538626433,-7.060902393438699,0.9785383038925388,0.9993303802855232,Not significant
GENE1567,0,Other,12p,protein_coding,45,43,7.859436,7.862180232558139,0.0027442325581423788,1.0019039673088288,0.025305806405392695,-7.060946078379286,0.9798636784748889,0.9993303802855232,Not significant
GENE1379,2,Microenvironment,20q,protein_coding,45,43,9.938830222222222,9.936094186046512,-0.002736036175706502,0.9981053214127769,-0.02435884695119856,-7.060969667571766,0.9806170389965627,0.9993303802855232,Not significant
GENE2862,1,Plasma cells,10q,protein_coding,45,43,9.865517333333333,9.86824046511628,0.0027231317829539137,1.0018893136258444,0.026260122480744778,-7.0609213958792445,0.9791044837956407,0.9993303802855232,Not significant
GENE1590,1,Plasma cells,10q,protein_coding,45,43,7.184466,7.18714488372093,0.0026788837209297256,1.001858585731587,0.022801261133129358,-7.061006511110149,0.9818562256640011,0.9993303802855232,Not significant
GENE3942,0,Other,10q,protein_coding,45,43,8.505681555555556,8.503006279069767,-0.0026752764857889133,0.9981473579105595,-0.024456060868009694,-7.060967287361679,0.9805396989335093,0.9993303802855232,Not significant
GENE1768,2,Microenvironment,7q,protein_coding,45,43,9.318415555555555,9.321080697674418,0.0026651421188628177,1.0018490431213631,0.02355061034625511,-7.060989089584929,0.9812600514560871,0.9993303802855232,Not significant
GENE1908,0,Other,21q,protein_coding,45,43,9.320794666666666,9.323436976744187,0.002642310077515475,1.0018331880188465,0.022723356276789813,-7.061008289985709,0.9819182065297375,0.9993303802855232,Not significant
GENE1485,1,Plasma cells,18q,protein_coding,45,43,9.78589911111111,9.783285581395349,-0.0026135297157630077,0.9981900791319912,-0.02318588188281644,-7.060997639471928,0.9815502242081278,0.9993303802855232,Not significant
GENE2865,0,Other,18q,protein_coding,45,43,9.30306911111111,9.305661395348837,0.0025922842377319455,1.0017984497850385,0.026487552571767915,-7.060915378807798,0.9789235573317632,0.9993303802855232,Not significant
PCOTH194,1,Plasma cells,3q,protein_coding,45,43,6.847138444444444,6.849657441860465,0.0025189974160229056,1.0017475611650957,0.02308050221153363,-7.061000084912162,0.9816340632316949,0.9993303802855232,Not significant
GENE1621,1,Plasma cells,2p,protein_coding,45,43,8.293720666666667,8.29615953488372,0.002438868217055301,1.0016919243199687,0.02146669328021112,-7.061036143383562,0.9829180188245152,0.9993303802855232,Not significant
GENE1265,2,Microenvironment,9p,protein_coding,45,43,8.158638444444444,8.161065813953488,0.0024273695090410996,1.0016839405696056,0.022836641861076708,-7.06100570121804,0.9818280769016312,0.9993303802855232,Not significant
GENE3316,1,Plasma cells,7q,protein_coding,45,43,8.126789333333333,8.124367906976744,-0.0024214263565909278,0.9983230028817266,-0.02327848698788287,-7.060995481282284,0.9814765486738519,0.9993303802855232,Not significant
GENE1812,2,Microenvironment,21q,protein_coding,45,43,9.608169555555556,9.610563720930232,0.0023941653746764047,1.0016608867262997,0.022238795206556694,-7.061019217726728,0.9823037243115993,0.9993303802855232,Not significant
PCOTH015,1,Plasma cells,4q,protein_coding,45,43,5.666967111111111,5.669351627906977,0.0023845167958675972,1.0016541877556833,0.021372872332029825,-7.061038159334133,0.9829926647211914,0.9993303802855232,Not significant
GENE2773,0,Other,2p,protein_coding,45,43,8.24391088888889,8.241545581395348,-0.002365307493537472,0.9983618370358278,-0.022946179541583407,-7.061003185854296,0.9817409293171376,0.9993303802855232,Not significant
GENE2826,1,Plasma cells,10q,protein_coding,45,43,6.593946222222222,6.596243953488372,0.0022977312661502935,1.001593934914819,0.020325884556062167,-7.061060057101169,0.9838256800688185,0.9993303802855232,Not significant
GENE1697,0,Other,9p,protein_coding,45,43,6.567929555555556,6.5702209302325585,0.0022913746770001353,1.0015895218497337,0.019603264827188837,-7.061074529320982,0.9844006288270384,0.9993303802855232,Not significant
GENE3615,1,Plasma cells,4q,protein_coding,45,43,7.609536888888889,7.607275581395349,-0.0022613074935398103,0.9984338088459441,-0.019269105679714318,-7.061081044550998,0.9846665036756233,0.9993303802855232,Not significant
GENE1818,0,Other,10q,protein_coding,45,43,6.422849111111111,6.420593255813953,-0.0022558552971574386,0.9984375821087146,-0.02049335977508148,-7.061056628233605,0.9836924304587493,0.9993303802855232,Not significant
GENE2694,0,Other,10q,protein_coding,45,43,8.318724,8.316559302325581,-0.002164697674416516,0.9985006710286515,-0.01973979821615392,-7.061071835043199,0.98429199608201845,0.9993303802855232,Not significant
GENE3530,1,Plasma cells,3q,protein_coding,45,43,8.875981333333334,8.878132093023256,0.0021507596899255077,1.0014919047994524,0.021603375981634847,-7.061033190651066,0.9828092714980081,0.9993303802855232,Not significant
PCOTH209,1,Plasma cells,9p,protein_coding,45,43,7.939277777777778,7.941423488372093,0.0021457105943172294,1.001488399817882,0.017584165971219406,-7.061112190097652,0.9860071573527531,0.9993303802855232,Not significant
GENE3711,2,Microenvironment,4q,protein_coding,45,43,8.883761777777778,8.881616279069767,-0.0021454987080122834,0.9985139588738651,-0.021007418709551633,-7.061045927728306,0.983283428655952,0.9993303802855232,Not significant
MEOTH138,2,Microenvironment,20q,protein_coding,45,43,10.864854888888889,10.862729069767441,-0.002125819121447492,0.9985275795458416,-0.012958704745300198,-7.061183050058344,0.9896876865969836,0.9993303802855232,Not significant
GENE3633,0,Other,18q,protein_coding,45,43,8.170165777777777,8.172242558139535,0.0020767803617598446,1.0014405510506652,0.01824884710018169,-7.061100243828134,0.9854782864194265,0.9993303802855232,Not significant
GENE2609,0,Other,9p,protein_coding,45,43,9.561772888888889,9.559698604651162,-0.0020742842377234894,0.9985632488455548,-0.01905868265194568,-7.0610850897737745,0.9848339283542734,0.9993303802855232,Not significant
PCADV060,1,Plasma cells,8q,protein_coding,45,43,8.951147555555556,8.953207674418605,0.0020601188630511302,1.0014289856098573,0.008440132608877916,-7.0612315485184665,0.9932833788868088,0.9993303802855232,Not significant
GENE2715,1,Plasma cells,4q,protein_coding,45,43,6.656233555555556,6.658292093023256,0.002058537467701349,1.001427887904363,0.017202623652410234,-7.061118847315709,0.9863107443195456,0.9993303802855232,Not significant
GENE3694,1,Plasma cells,19q,protein_coding,45,43,8.791002,8.793016511627908,0.002014511627907112,1.0013973284099433,0.01800261164322729,-7.061104721081543,0.9856742093608475,0.9993303802855232,Not significant
GENE3485,2,Microenvironment,9p,protein_coding,45,43,8.47199088888889,8.470035813953489,-0.0019550749353953734,0.9986457631282124,-0.017277245142608685,-7.061117556794144,0.9862513690636082,0.9993303802855232,Not significant
GENE3807,2,Microenvironment,4q,protein_coding,45,43,7.846373333333333,7.844516511627907,-0.0018568217054291125,0.9987137771646512,-0.017921805389314868,-7.06110617711155,0.9857385049191876,0.9993303802855232,Not significant
GENE2165,0,Other,9p,protein_coding,45,43,8.887997111111112,8.889809534883721,0.0018124237726109271,1.0012570658737496,0.017099675022303307,-7.061120618564419,0.9863926592032202,0.9993303802855232,Not significant
GENE2175,2,Microenvironment,4q,protein_coding,45,43,9.275930444444445,9.274127209302325,-0.0018032351421162218,0.9987508734542063,-0.016741098433626356,-7.061126704929539,0.9866779750549168,0.9993303802855232,Not significant
GENE3402,2,Microenvironment,10q,protein_coding,45,43,9.034927333333334,9.033143488372094,-0.001783844961238401,0.998764297005048,-0.016373325672503866,-7.061132813401899,0.9869706100076778,0.9993303802855232,Not significant
GENE1406,2,Microenvironment,3q,protein_coding,45,43,7.427862444444444,7.426083953488372,-0.0017784909560711881,0.9987680035396779,-0.01577513545362499,-7.061142459138853,0.9874465907684825,0.9993303802855232,Not significant
GEP1Q111,1,Plasma cells,1q,protein_coding,45,43,7.857950222222223,7.856198604651163,-0.0017516175710587945,0.998786607975347,-0.014203111877380473,-7.061166096629093,0.9886974732303733,0.9993303802855232,Not significant
GENE1194,0,Other,10q,protein_coding,45,43,8.139568888888888,8.141278139534883,0.0017092506459945866,1.0011854643742046,0.017390297233217628,-7.061115591002978,0.9861614152742639,0.9993303802855232,Not significant
PCOTH193,1,Plasma cells,2p,protein_coding,45,43,7.606554,7.604866046511628,-0.0016879534883713632,0.9988306839819971,-0.015609800021897473,-7.061145061833073,0.9875781492015084,0.9993303802855232,Not significant
GENE2355,0,Other,4q,protein_coding,45,43,8.296928666666666,8.295315348837208,-0.001613317829454175,0.9988823583223743,-0.014750874280828764,-7.0611581416924825,0.9882616072035499,0.9993303802855232,Not significant
PCADV071,1,Plasma cells,1p,protein_coding,45,43,7.016057777777777,7.0176686046511625,0.0016108268733869835,1.0011171636686182,0.006649512320892638,-7.061245101016589,0.9947083227074125,0.9993303802855232,Not significant
GENE3671,2,Microenvironment,20q,protein_coding,45,43,9.745926444444445,9.74744976744186,0.0015233229974214169,1.0010564446857189,0.013395279929151864,-7.061177279183711,0.9893402882603104,0.9993303802855232,Not significant
GENE1921,0,Other,2p,protein_coding,45,43,7.401308888888889,7.399789534883721,-0.0015193540051692267,0.9989474184080837,-0.01221578151400075,-7.061192430881074,0.9902788614545778,0.9993303802855232,Not significant
GENE3899,2,Microenvironment,20q,protein_coding,45,43,10.000093555555555,9.998578372093023,-0.0015151834625282135,0.9989503061693279,-0.014185950646758098,-7.061166340992209,0.9887111288373647,0.9993303802855232,Not significant
GENE1280,2,Microenvironment,15q,protein_coding,45,43,9.287291111111111,9.28583,-0.0014611111111140218,0.9989877476262797,-0.012979399410072825,-7.061182780822451,0.9896712190738836,0.9993303802855232,Not significant
GENE3944,2,Microenvironment,15q,protein_coding,45,43,8.320801333333334,8.32225976744186,0.0014584341085281949,1.0010114206315823,0.012352246012651205,-7.061190749266812,0.9901702705714893,0.9993303802855232,Not significant
GENE1447,2,Microenvironment,12p,protein_coding,45,43,7.447040888888889,7.445597906976745,-0.0014429819121435372,0.9990003011881381,-0.012886091026275928,-7.061183991358474,0.9897454680995136,0.9993303802855232,Not significant
GENE2567,1,Plasma cells,20q,protein_coding,45,43,7.430874222222222,7.4294739534883725,-0.0014002687338505737,0.9990298785474818,-0.011889260493622595,-7.061196378684076,0.9905386895204104,0.9993303802855232,Not significant
GENE3432,2,Microenvironment,21q,protein_coding,45,43,10.820242666666667,10.818990697674419,-0.0012519689922498856,0.9991325776513363,-0.010953139368122311,-7.0612071040045175,0.9912836104885896,0.9993303802855232,Not significant
GENE2807,1,Plasma cells,20q,protein_coding,45,43,6.945378666666667,6.944194651162791,-0.001184015503877589,0.9991796396714273,-0.010024903212745715,-7.061216870978658,0.9920222645924084,0.9993303802855232,Not significant
GENE1982,1,Plasma cells,3q,protein_coding,45,43,7.505603777777778,7.506771395348837,0.0011676175710597647,1.0008096584239183,0.010568872773694095,-7.061211252131793,0.9915893939629878,0.9993303802855232,Not significant
GENE2949,1,Plasma cells,18q,protein_coding,45,43,8.155287111111111,8.156425348837208,0.001138237726095781,1.0007892775864056,0.010799370207042207,-7.061208781707867,0.9914059734782943,0.9993303802855232,Not significant
GENE3787,1,Plasma cells,12p,protein_coding,45,43,8.86686711111111,8.867983720930232,0.001116609819121095,1.0007742745438075,0.00931239213642714,-7.061223781710176,0.9925892578434538,0.9993303802855232,Not significant
PCOTH085,1,Plasma cells,2p,protein_coding,45,43,7.646072888888889,7.647183720930233,0.0011108320413466544,1.0007702666006053,0.010471664011709843,-7.0612122780171225,0.9916667488788807,0.9993303802855232,Not significant
GENE2633,2,Microenvironment,9p,protein_coding,45,43,10.94432,10.94543046511628,0.001110465116276771,1.0007700120716556,0.010526963460280293,-7.061211695581,0.9916227437392326,0.9993303802855232,Not significant
GENE3378,0,Other,10q,protein_coding,45,43,6.895899555555555,6.897009302325581,0.0011097467700258434,1.0007695137686972,0.010611859524266555,-7.061210795451609,0.9915551868203168,0.9993303802855232,Not significant
GENE1017,0,Other,18q,protein_coding,45,43,9.638647555555556,9.639751627906977,0.0011040723514206263,1.0007655775425235,0.00953715551894309,-7.061221656689382,0.9924103979948742,0.9993303802855232,Not significant
GENE2226,1,Plasma cells,10q,protein_coding,45,43,7.531042666666667,7.532143255813954,0.0011005891472821716,1.0007631613239225,0.00930491491210186,-7.0612238515324375,0.9925952079972034,0.9993303802855232,Not significant
GENE3739,1,Plasma cells,12p,protein_coding,45,43,8.768466888888888,8.769465813953488,9.989250645965342e-4,1.0006926418577793,0.008747495615241449,-7.061228898772085,0.9930387869256136,0.9993303802855232,Not significant
GENE3422,1,Plasma cells,3q,protein_coding,45,43,8.104456,8.103464186046512,-9.91813953488574e-4,0.9993127632099507,-0.008763109460771558,-7.061228761637251,0.9930263618268528,0.9993303802855232,Not significant
GENE2521,2,Microenvironment,2p,protein_coding,45,43,10.135235777777778,10.13425,-9.857777777764198e-4,0.9993169443015036,-0.009315253415925106,-7.0612237549767265,0.9925869809220502,0.9993303802855232,Not significant
GENE2913,1,Plasma cells,18q,protein_coding,45,43,7.9849206666666666,7.98588,9.593333333342002e-4,1.0006651803295958,0.008769739384554404,-7.061228703333334,0.9930210859036659,0.9993303802855232,Not significant
GENE1855,1,Plasma cells,12p,protein_coding,45,43,7.618675333333333,7.6177579069767445,-9.174263565885354e-4,0.9993642906564205,-0.008224907274384427,-7.0612333475406945,0.9934546503258135,0.9993303802855232,Not significant
GENE1918,0,Other,19q,protein_coding,45,43,6.673180444444444,6.674059302325581,8.788578811351755e-4,1.000609363448939,0.008655944912171537,-7.061229697931739,0.9931116406670092,0.9993303802855232,Not significant
GENE2684,1,Plasma cells,15q,protein_coding,45,43,8.260398666666667,8.261152790697675,7.541240310100505e-4,1.0005228555872425,0.007053282176398237,-7.061242325908379,0.9943870081663706,0.9993303802855232,Not significant
GENE2786,0,Other,3q,protein_coding,45,43,8.233098444444444,8.233823488372092,7.250439276482723e-4,1.0005026884597488,0.007042291776616119,-7.061242403610554,0.9943957541645373,0.9993303802855232,Not significant
GENE2885,2,Microenvironment,9p,protein_coding,45,43,9.120054,9.120751860465116,6.978604651184384e-4,1.0004838370252132,0.0058232644591226885,-7.061250270062834,0.9953658421400242,0.9993303802855232,Not significant
GENE1000,0,Other,7q,protein_coding,45,43,8.680105333333334,8.679431860465117,-6.734728682182833e-4,0.9995332931217631,-0.00511484641057283,-7.061254156654357,0.9959295963984826,0.9993303802855232,Not significant
GENE3918,2,Microenvironment,10q,protein_coding,45,43,9.161873111111111,9.161206976744186,-6.66134366923643e-4,0.9995383774221962,-0.005504382910971669,-7.061252081845338,0.9956196056306283,0.9993303802855232,Not significant
GENE3002,2,Microenvironment,3q,protein_coding,45,43,8.018380444444444,8.01904488372093,6.644392764894036e-4,1.000460660282526,0.006113104087558175,-7.061248534793394,0.9951351903987966,0.9993303802855232,Not significant
GENE1240,2,Microenvironment,7q,protein_coding,45,43,9.662697555555555,9.662078837209302,-6.18718346251157e-4,0.9995712290712742,-0.005729704669729019,-7.061250812213241,0.9954402962547491,0.9993303802855232,Not significant
GENE2853,2,Microenvironment,18q,protein_coding,45,43,8.56002,8.56062,6.000000000021544e-4,1.0004159748018702,0.005851446164475986,-7.061250105037606,0.99534341537754,0.9993303802855232,Not significant
GENE1941,0,Other,18q,protein_coding,45,43,8.715429555555556,8.715984186046512,5.546304909564981e-4,1.000384514467802,0.005186982450782198,-7.06125378391641,0.995872190929767,0.9993303802855232,Not significant
GENE1443,1,Plasma cells,4q,protein_coding,45,43,7.304954666666666,7.3054951162790696,5.404496124041813e-4,1.0003746813005827,0.0046927808573342476,-7.0612562329101145,0.9962654742908438,0.9993303802855232,Not significant
GENE3140,1,Plasma cells,15q,protein_coding,45,43,8.27865688888889,8.278129767441861,-5.271214470301544e-4,0.9996346939956711,-0.004225414218509805,-7.061258323513662,0.9966374033676536,0.9993303802855232,Not significant
PCOTH106,1,Plasma cells,19q,protein_coding,45,43,7.692918,7.693363953488372,4.459534883753946e-4,1.000309159182981,0.004407642842142056,-7.061257534438774,0.9964923862408517,0.9993303802855232,Not significant
PCOTH092,1,Plasma cells,15q,protein_coding,45,43,5.520545111111111,5.520943023255814,3.97912144702417e-4,1.00027584972075,0.003563795466807869,-7.061260908380821,0.9971639189874267,0.9993303802855232,Not significant
GENE3005,1,Plasma cells,9p,protein_coding,45,43,7.403977555555556,7.403588837209302,-3.88718346253647e-4,0.9997305972696968,-0.004031654917364883,-7.061259125977555,0.99679159670520745,0.9993303802855232,Not significant
GENE3735,1,Plasma cells,4q,protein_coding,45,43,6.789130444444444,6.789511395348837,3.8095090439593804e-4,1.000264089910916,0.0034247746053081268,-7.061261395690839,0.9972745518338204,0.9993303802855232,Not significant
GENE1004,2,Microenvironment,15q,protein_coding,45,43,9.021160666666667,9.020808604651164,-3.520620155033072e-4,0.9997559989796638,-0.0033529379038975903,-7.061261639902597,0.9973317195249523,0.9993303802855232,Not significant
GENE1814,2,Microenvironment,3q,protein_coding,45,43,7.8045073333333335,7.804839767441861,3.324341085280125e-4,1.000230452315104,0.003493278904079698,-7.061261157985576,0.9972200360839903,0.9993303802855232,Not significant
GENE3575,0,Other,20q,protein_coding,45,43,9.269168888888888,9.268888837209303,-2.8005167959044286e-4,0.9998059018073728,-0.00238986268049033,-7.061264413995524,0.9980981366041888,0.999818966729852,Not significant
GENE2148,2,Microenvironment,21q,protein_coding,45,43,8.198318,8.198532558139535,2.1455813953075165e-4,1.0001487314289044,0.0018726676669081638,-7.061265519750475,0.9985097221528432,0.999818966729852,Not significant
MEOTH213,2,Microenvironment,3q,protein_coding,45,43,9.084185555555555,9.084033255813953,-1.5229974160035908e-4,0.9998944394354182,-9.393044388211555e-4,-7.061266836183533,0.9992524967241295,0.999818966729852,Not significant
GENE3900,2,Microenvironment,21q,protein_coding,45,43,9.038194444444445,9.038047209302325,-1.4723514211745226e-4,0.9998979495838599,-0.0014298993930300548,-7.061266253191533,0.9988620789734828,0.999818966729852,Not significant
GENE3429,0,Other,18q,protein_coding,45,43,8.76552911111111,8.765403488372092,-1.2562273901828291e-4,0.9999129287435572,-0.001164411521604744,-7.061266598656326,0.9990733554303883,0.999818966729852,Not significant
GENE1929,1,Plasma cells,18q,protein_coding,45,43,7.927723555555556,7.927823023255814,9.946770025504037e-5,1.0000689481328018,8.556651929608412e-4,-7.061266911485158,0.9993190572464871,0.999818966729852,Not significant
GENE1799,2,Microenvironment,20q,protein_coding,45,43,8.776480222222222,8.776500697674418,2.0475452201296207e-5,1.000014192602678,1.833978374610433e-4,-7.061267261850394,0.9998540510422216,0.9999500509903176,Not significant
GENE2104,0,Other,7q,protein_coding,45,43,9.576201777777777,9.57619534883721,-6.428940563907304e-6,0.999995543807903,-6.276536984355074e-5,-7.061267276744838,0.9999500509903176,0.9999500509903176,Not significant
