"Probe_ID","Gene","PC_ME_Other","N_MGUS","N_GEP70_High","Mean_MGUS","Mean_GEP70_High","Log2FC_GEP70_High_vs_MGUS","PValue","FDR"
"PROBE0001_at","GEP1Q01",1,45,43,7.04198044444444,8.08889093023256,1.04691048578811,9.38231196371704e-06,0.000192457681307016
"PROBE0002_at","GEP1Q02",1,45,43,7.58936688888889,8.58989441860465,1.00052752971577,1.68931154789358e-07,4.7253469871149e-06
"PROBE0003_at","GEP1Q03",1,45,43,7.57938422222222,8.36586790697674,0.786483684754522,5.82843282465605e-06,0.000124009209035235
"PROBE0004_at","GEP1Q04",1,45,43,7.49683333333333,8.58896372093023,1.0921303875969,7.25928766564383e-05,0.00131987048466252
"PROBE0005_at","GEP1Q05",1,45,43,7.76097733333333,8.47549441860465,0.714517085271317,1.64215750434775e-05,0.000328431500869549
"PROBE0006_at","GEP1Q06",1,45,43,6.54058822222222,7.17068418604651,0.63009596382429,0.00922856279977437,0.13929906112867
"PROBE0007_at","GEP1Q07",1,45,43,6.69845977777778,7.60933697674419,0.910877198966412,3.70156598990841e-05,0.000682316311503853
"PROBE0008_at","GEP1Q08",1,45,43,5.73414311111111,6.44953581395349,0.715392702842376,0.000135823979283083,0.00237247125385297
"PROBE0009_at","GEP1Q09",1,45,43,8.507362,9.49768511627907,0.99032311627907,7.25863604638781e-07,1.80338783761188e-05
"PROBE0010_at","GEP1Q10",1,45,43,5.77438688888889,6.98728674418605,1.21289985529716,2.41442987423105e-05,0.000466556497435951
"PROBE0011_at","GEP1Q11",1,45,43,8.30040311111111,8.75804465116279,0.45764154005168,0.0227920551336204,0.300885216285418
"PROBE0012_at","GEP1Q12",1,45,43,6.25620933333333,7.31659581395349,1.06038648062015,2.06137459788205e-05,0.000406182186774788
"PROBE0013_at","GEP1Q13",1,45,43,7.53977911111111,7.99100209302326,0.451222981912142,0.0472572637574143,0.521054112238133
"PROBE0014_at","GEP1Q14",1,45,43,7.29844333333333,7.91405581395349,0.61561248062016,0.0243324926958995,0.318071799946399
"PROBE0015_at","GEP1Q15",1,45,43,5.66323777777778,6.54559860465116,0.882360826873385,2.51249058933528e-05,0.000483171267179862
"PROBE0016_at","GEP1Q16",1,45,43,6.96038066666667,7.85373069767442,0.893350031007752,5.3817766064351e-07,1.37994271959874e-05
"PROBE0017_at","GEP1Q17",1,45,43,5.54913577777778,6.10049162790698,0.551355850129201,0.00846482426831141,0.129233958294831
"PROBE0018_at","GEP1Q18",1,45,43,6.84135044444444,7.33848930232558,0.497138857881136,0.0011459157255919,0.0194223004337609
"PROBE0019_at","GEP1Q19",1,45,43,5.81826133333333,6.77817441860465,0.959913085271317,1.07749132275605e-06,2.5963646331471e-05
"PROBE0020_at","GEP1Q20",1,45,43,7.11136777777778,7.43878860465116,0.327420826873388,0.241946844630984,0.999330380285523
"PROBE0021_at","GEP1Q21",1,45,43,4.59211177777778,5.66025186046512,1.06814008268734,1.35359537997603e-07,3.89523850352814e-06
"PROBE0022_at","GEP1Q22",1,45,43,7.30644022222222,8.12354139534884,0.817101173126617,2.33272738067362e-07,6.47979827964895e-06
"PROBE0023_at","GEP1Q23",1,45,43,7.04716066666667,7.54300813953488,0.495847472868219,0.0473298736492042,0.521054112238133
"PROBE0024_at","GEP1Q24",1,45,43,7.030316,7.98339465116279,0.953078651162795,0.00137665205026441,0.0229442008377401
"PROBE0025_at","GEP1Q25",1,45,43,6.41359422222222,7.03557697674419,0.621982754521961,0.00294855996707164,0.0481397545644349
"PROBE0026_at","GEP1Q26",1,45,43,7.79902044444444,8.44108046511628,0.642060020671835,0.00483378398721018,0.0773405437953628
"PROBE0027_at","GEP1Q27",1,45,43,7.33299622222222,8.28123790697674,0.94824168475452,6.8307071041887e-08,2.03901704602648e-06
"PROBE0028_at","GEP1Q28",1,45,43,6.40783222222222,7.60609,1.19825777777778,7.41127537014035e-06,0.000153601562075448
"PROBE0029_at","GEP1Q29",1,45,43,5.40481911111111,6.2064476744186,0.801628563307492,9.83717493327373e-05,0.00175663838094174
"PROBE0030_at","GEP1Q30",1,45,43,7.01143044444444,7.74125418604651,0.72982374160207,3.92964415518504e-05,0.000717743224691331
"PROBE0031_at","GEP1Q31",1,45,43,8.29933822222222,8.79521,0.495871777777779,0.0300556406655094,0.375695508318868
"PROBE0032_at","GEP1Q32",1,45,43,8.97755333333333,10.0842339534884,1.10668062015504,1.13273928845528e-07,3.30726799548986e-06
"PROBE0033_at","GEP1Q33",1,45,43,6.15859866666667,7.05325488372093,0.894656217054264,0.000929851311736251,0.0158948942177137
"PROBE0034_at","GEP1Q34",1,45,43,7.54235444444444,8.06924604651163,0.526891602067183,0.0057647681002683,0.0904277349061694
"PROBE0035_at","GEP1Q35",1,45,43,8.261194,9.03209744186046,0.770903441860467,7.82120020503255e-05,0.00141560184706472
"PROBE0036_at","GEP1Q36",1,45,43,7.07369333333333,7.96452093023256,0.890827596899227,5.37804888998119e-06,0.000115038478930079
"PROBE0037_at","GEP1Q37",1,45,43,7.56048866666667,7.87360418604651,0.313115519379846,0.0886137113621896,0.755986861945461
"PROBE0038_at","GEP1Q38",1,45,43,4.09723266666667,4.44641395348837,0.349181286821706,0.117144752349396,0.870964701482497
"PROBE0039_at","GEP1Q39",1,45,43,8.50280066666667,8.48793860465116,-0.0148620620155011,0.928628555535272,0.999330380285523
"PROBE0040_at","GEP1Q40",1,45,43,7.05216244444444,7.64181302325581,0.589650578811369,0.0578986218439987,0.592313266946279
"PROBE0041_at","GEP1Q41",0,45,43,7.28691666666667,7.11279465116279,-0.174122015503873,0.520741581907411,0.999330380285523
"PROBE0042_at","GEP1Q42",1,45,43,9.45352311111111,9.71880581395349,0.265282702842379,0.0568883721435661,0.585271792869414
"PROBE0043_at","GEP1Q43",1,45,43,6.90759022222222,7.21753651162791,0.309946289405685,0.0136507284829586,0.195709368931307
"PROBE0044_at","GEP1Q44",1,45,43,8.35951866666667,8.53669906976744,0.177180403100776,0.235834909992071,0.999330380285523
"PROBE0045_at","GEP1Q45",1,45,43,7.92706488888889,8.07757139534884,0.15050650645995,0.442473358613732,0.999330380285523
"PROBE0046_at","GEP1Q46",1,45,43,8.56580422222222,8.59903790697674,0.0332336847545207,0.842184422182328,0.999330380285523
"PROBE0047_at","GEP1Q47",1,45,43,6.37169133333333,6.76788488372093,0.396193550387594,0.0729993398288357,0.691936870415504
"PROBE0048_at","GEP1Q48",1,45,43,6.66563688888889,6.84454395348837,0.178907064599485,0.352115564411587,0.999330380285523
"PROBE0049_at","GEP1Q49",1,45,43,7.33522266666667,7.84450651162791,0.509283844961237,0.00129656203546393,0.0218829035521339
"PROBE0050_at","GEP1Q50",1,45,43,6.71029666666667,7.33689,0.626593333333334,0.000199704265704697,0.00344317699490856
"PROBE0051_at","GEP1Q51",1,45,43,6.75976311111111,7.05120465116279,0.291441540051681,0.034778307783454,0.414717636661343
"PROBE0052_at","GEP1Q52",1,45,43,6.84972266666667,7.29551906976744,0.445796403100775,0.0124987774995329,0.181800399993206
"PROBE0053_at","GEP1Q53",1,45,43,7.63190533333333,7.85196837209302,0.220063038759691,0.33947887328234,0.999330380285523
"PROBE0054_at","GEP1Q54",1,45,43,9.172732,9.47511790697674,0.302385906976744,0.0463626264241998,0.513946808774575
"PROBE0055_at","GEP1Q55",1,45,43,6.18632755555556,6.70581906976744,0.519491514211888,0.0157834410527989,0.221521979688406
"PROBE0056_at","GEP1Q56",1,45,43,9.68378888888889,9.89485325581395,0.211064366925068,0.388891546255307,0.999330380285523
"PROBE0057_at","GEP1Q57",1,45,43,5.31206266666667,5.80648697674419,0.494424310077517,0.00136926593485674,0.0229165846837949
"PROBE0058_at","GEP1Q58",1,45,43,8.98799888888889,9.33778255813954,0.349783669250646,0.0103700319599336,0.155356284043949
"PROBE0059_at","GEP1Q59",1,45,43,7.28675888888889,7.72240488372093,0.43564599483204,0.0578012106608022,0.592313266946279
"PROBE0060_at","GEP1Q60",1,45,43,7.15764822222222,7.70140418604651,0.543755963824289,0.00522127676591982,0.083207597863264
"PROBE0061_at","GEP1Q61",1,45,43,9.40904844444444,10.0216234883721,0.612575043927649,2.40811143217729e-05,0.000466556497435951
"PROBE0062_at","GEP1Q62",1,45,43,6.86752555555556,6.88329930232558,0.0157737467700292,0.958730614537933,0.999330380285523
"PROBE0063_at","GEP1Q63",1,45,43,6.49251444444444,6.44331488372093,-0.0491995607235154,0.704075958647234,0.999330380285523
"PROBE0064_at","GEP1Q64",1,45,43,6.36233288888889,6.39340581395349,0.0310729250645965,0.839304041458329,0.999330380285523
"PROBE0065_at","GEP1Q65",1,45,43,7.32939022222222,7.29119,-0.0382002222222182,0.84617929960688,0.999330380285523
"PROBE0066_at","GEP1Q66",1,45,43,7.86810533333333,7.78600162790698,-0.0821037054263511,0.587317223017887,0.999330380285523
"PROBE0067_at","GEP1Q67",1,45,43,7.13552555555556,7.0056711627907,-0.12985439276486,0.551716697578382,0.999330380285523
"PROBE0068_at","GEP1Q68",1,45,43,7.71827733333333,7.89276534883721,0.174488015503879,0.31422831166478,0.999330380285523
"PROBE0069_at","GEP1Q69",1,45,43,8.09174377777778,8.52387162790698,0.432127850129199,0.00616469244596156,0.095948520559713
"PROBE0070_at","GEP1Q70",1,45,43,8.06372866666667,8.24949465116279,0.185765984496125,0.237833891071949,0.999330380285523
"PROBE0071_at","GEP1Q71",1,45,43,6.441792,6.90327697674419,0.461484976744187,0.0143328002499586,0.204754289285123
"PROBE0072_at","GEP1Q72",1,45,43,8.48777466666667,8.70485348837209,0.217078821705433,0.074157472338433,0.692986898379596
"PROBE0073_at","GEP1Q73",1,45,43,6.73093355555556,7.02450279069767,0.29356923514212,0.0346699063935684,0.414717636661343
"PROBE0074_at","GEP1Q74",1,45,43,7.87397977777778,8.17811093023256,0.304131152454782,0.0387528640434546,0.446718893872675
"PROBE0075_at","GEP1Q75",1,45,43,6.416934,6.73934511627907,0.322411116279068,0.00932461279204073,0.140219741233695
"PROBE0076_at","GEP1Q76",1,45,43,7.67290244444444,8.06823697674419,0.395334532299742,0.00409356815399281,0.0660252928063357
"PROBE0077_at","GEP1Q77",1,45,43,6.01571711111111,6.05304488372093,0.03732777260982,0.783486754802939,0.999330380285523
"PROBE0078_at","GEP1Q78",1,45,43,6.34817066666667,7.0482911627907,0.700120496124033,0.000107792549337598,0.00190783273163891
"PROBE0079_at","GEP1Q79",1,45,43,7.21617466666667,7.48849046511628,0.272315798449611,0.123754458032703,0.89209061974271
"PROBE0080_at","GEP1Q80",1,45,43,7.89857422222222,8.49055069767442,0.591976475452194,0.000107311277079865,0.00190775603697538
"PROBE0081_at","GEP1Q81",1,45,43,6.67529866666667,7.35029488372093,0.674996217054264,1.02509712879488e-05,0.000209203495672424
"PROBE0082_at","GEP1Q82",1,45,43,8.48494222222222,9.03964046511628,0.554698242894055,0.00862222435720491,0.13113649212479
"PROBE0083_at","GEP1Q83",1,45,43,7.09408466666667,7.16240930232558,0.0683246356589127,0.790201371101732,0.999330380285523
"PROBE0084_at","GEP1Q84",1,45,43,7.20223177777778,7.48797348837209,0.285741710594317,0.0684295127323829,0.662755571257945
"PROBE0085_at","GEP1Q85",1,45,43,7.09288755555556,7.60073651162791,0.507848956072354,0.0326202702126741,0.396599029941326
"PROBE0086_at","GEP1Q86",1,45,43,6.04859222222222,6.29935162790698,0.250759405684753,0.205012397963761,0.999330380285523
"PROBE0087_at","GEP1Q87",1,45,43,6.73515466666667,7.21177697674419,0.476622310077524,0.00606794528271011,0.0948116450423455
"PROBE0088_at","GEP1Q88",1,45,43,7.88740088888889,8.31482558139535,0.427424692506458,0.00533184519076892,0.0842979476801411
"PROBE0089_at","GEP1Q89",1,45,43,8.44585866666667,8.94497348837209,0.499114821705428,0.0743645938866712,0.692986898379596
"PROBE0090_at","GEP1Q90",1,45,43,7.01874288888889,7.17126139534884,0.152518506459948,0.6240653084965,0.999330380285523
"PROBE0091_at","GEP1Q91",1,45,43,6.71907511111111,7.07888,0.359804888888888,0.0631015123438882,0.627875744715305
"PROBE0092_at","GEP1Q92",1,45,43,7.288036,7.83018139534884,0.54214539534884,0.00427173686767709,0.0686222789988288
"PROBE0093_at","GEP1Q93",1,45,43,5.80209977777778,6.12464511627907,0.322545338501293,0.0316939398444423,0.390079259623905
"PROBE0094_at","GEP1Q94",1,45,43,7.58226644444444,7.77018139534884,0.187914950904394,0.226464809565801,0.999330380285523
"PROBE0095_at","GEP1Q95",1,45,43,6.85153822222222,7.06350348837209,0.211965266149869,0.21494665887671,0.999330380285523
"PROBE0096_at","GEP1Q96",1,45,43,6.85603933333333,6.89212976744186,0.0360904341085257,0.870883786363837,0.999330380285523
"PROBE0097_at","GEP1Q97",1,45,43,6.54288911111111,6.65783488372093,0.114945772609818,0.403904801338729,0.999330380285523
"PROBE0098_at","GEP1Q98",1,45,43,10.1559844444444,10.035426744186,-0.120557700258397,0.475276578735676,0.999330380285523
"PROBE0099_at","GEP1Q99",1,45,43,6.66388133333333,6.7402188372093,0.0763375038759735,0.779425848443736,0.999330380285523
"PROBE0100_at","GEP1Q100",1,45,43,6.39512777777778,6.69269488372093,0.297567105943151,0.0177895943527801,0.243693073325755
"PROBE0101_at","GEP1Q101",1,45,43,5.87655,6.18282511627907,0.306275116279072,0.0299798089436187,0.375695508318868
"PROBE0102_at","GEP1Q102",1,45,43,6.82382933333333,7.19513348837209,0.37130415503876,0.119889536493834,0.882920735322926
"PROBE0103_at","GEP1Q103",1,45,43,7.76330444444444,8.09233465116279,0.329030206718342,0.0381177782460399,0.441945255026549
"PROBE0104_at","GEP1Q104",1,45,43,6.61263777777778,6.70822348837209,0.0955857105943121,0.642751688224395,0.999330380285523
"PROBE0105_at","GEP1Q105",1,45,43,8.63159755555555,9.00278069767442,0.371183142118868,0.0507382505510957,0.544442626694673
"PROBE0106_at","GEP1Q106",1,45,43,8.21735622222222,8.42720418604651,0.209847963824288,0.0608138301697694,0.61119427306301
"PROBE0107_at","GEP1Q107",1,45,43,6.03794555555556,6.49075720930233,0.452811653746771,0.0118471810038764,0.175513792650021
"PROBE0108_at","GEP1Q108",1,45,43,6.90667155555556,7.26441441860465,0.357742863049101,0.0365891564833972,0.429198316520788
"PROBE0109_at","GEP1Q109",1,45,43,7.54048355555556,7.21666720930233,-0.323816346253227,0.0886347265165525,0.755986861945461
"PROBE0110_at","GEP1Q110",1,45,43,7.85932711111111,7.9506323255814,0.0913052144702888,0.450547266362821,0.999330380285523
"PROBE0111_at","GEP1Q111",1,45,43,7.85795022222222,7.85619860465116,-0.00175161757105879,0.988697473230373,0.999330380285523
"PROBE0112_at","GEP1Q112",1,45,43,7.89395266666667,8.18315046511628,0.289197798449612,0.0556281403273767,0.58053851379509
"PROBE0113_at","GEP1Q113",1,45,43,7.40716222222222,7.52991465116279,0.122752428940571,0.501484406030868,0.999330380285523
"PROBE0114_at","GEP1Q114",1,45,43,7.72030977777778,7.98043744186046,0.260127664082687,0.0355687037794705,0.419059233292565
"PROBE0115_at","GEP1Q115",1,45,43,4.90730666666667,5.34380372093023,0.436497054263565,0.0122035604059009,0.178154166509502
"PROBE0116_at","GEP1Q116",1,45,43,8.88816244444445,9.05369209302326,0.165529648578811,0.271962659169155,0.999330380285523
"PROBE0117_at","GEP1Q117",1,45,43,8.48572,8.50771813953488,0.0219981395348849,0.887422552016988,0.999330380285523
"PROBE0118_at","GEP1Q118",1,45,43,9.00790155555556,9.16298418604651,0.155082630490956,0.464746001129494,0.999330380285523
"PROBE0119_at","GEP1Q119",1,45,43,5.89320355555556,6.29251813953488,0.39931458397933,0.0405825781849039,0.465129835930131
"PROBE0120_at","GEP1Q120",1,45,43,8.03412222222222,8.30550953488372,0.271387312661497,0.247550444848443,0.999330380285523
"PROBE0121_at","IG01",1,45,43,10.4071275555556,9.70092627906977,-0.706201276485785,2.32642370881667e-05,0.000453936333427643
"PROBE0122_at","IG02",1,45,43,10.5841255555556,9.91409395348837,-0.670031602067183,1.38839346197882e-06,3.32549332210496e-05
"PROBE0123_at","IG03",1,45,43,11.0456102222222,10.3059513953488,-0.739658826873388,3.55219879990095e-05,0.00066087419533041
"PROBE0124_at","IG04",1,45,43,10.4172017777778,9.55280534883721,-0.864396428940566,3.1108988904738e-06,6.91310864549734e-05
"PROBE0125_at","IG05",1,45,43,9.50168111111111,8.82922813953488,-0.672452971576227,2.02889706739752e-06,4.61112969863072e-05
"PROBE0126_at","IG06",1,45,43,11.2662228888889,10.4564146511628,-0.809808237726099,4.3119788959758e-06,9.47687669445231e-05
"PROBE0127_at","IG07",1,45,43,11.4323913333333,10.9989793023256,-0.433412031007752,0.00571247127912186,0.0899601776239664
"PROBE0128_at","IG08",1,45,43,10.9054184444444,10.3151555813953,-0.590262863049091,0.000152551217162699,0.0026530646463078
"PROBE0129_at","IG09",1,45,43,11.3011735555556,10.6696495348837,-0.631524020671833,2.11973211980741e-05,0.000415633748981845
"PROBE0130_at","IG10",1,45,43,9.51548933333333,8.77882860465116,-0.736660728682175,3.16622907743155e-05,0.000600233000460958
"PROBE0131_at","IG11",1,45,43,10.2006397777778,9.34295720930232,-0.857682568475457,4.51898202374414e-06,9.82387396466118e-05
"PROBE0132_at","IG12",1,45,43,10.6502955555556,9.82322255813953,-0.827072997416025,5.22329894976078e-07,1.35670102591189e-05
"PROBE0133_at","IG13",1,45,43,11.4424868888889,10.617813255814,-0.824673633074926,6.50078209946959e-06,0.000136858570515149
"PROBE0134_at","IG14",1,45,43,10.9179597777778,10.2770013953488,-0.640958382428934,3.37917271107234e-05,0.000631621067490157
"PROBE0135_at","IG15",1,45,43,10.0824731111111,9.18515,-0.89732311111111,4.15865539907979e-07,1.10897477308794e-05
"PROBE0136_at","IG16",1,45,43,10.0347766666667,9.13486302325581,-0.899913643410851,8.07142159153433e-08,2.37394752692186e-06
"PROBE0137_at","IG17",1,45,43,9.11258377777778,8.44936465116279,-0.663219126614988,3.34082350715101e-05,0.000627384696178593
"PROBE0138_at","IG18",1,45,43,11.1864002222222,10.3976025581395,-0.788797664082685,1.97642094432077e-06,4.51753358701891e-05
"PROBE0139_at","IG19",1,45,43,10.3838511111111,9.76014325581395,-0.623707855297159,1.79641491308569e-05,0.000357495505091679
"PROBE0140_at","IG20",1,45,43,10.6399573333333,9.96966023255814,-0.670297100775191,1.19155358189001e-05,0.000241939813581728
"PROBE0141_at","IG21",1,45,43,10.2389511111111,9.53366046511628,-0.705290645994832,8.06625895796533e-07,1.99166887850996e-05
"PROBE0142_at","IG22",1,45,43,11.3141722222222,10.4542262790698,-0.859945943152454,5.32060960326785e-07,1.3730605427788e-05
"PROBE0143_at","IG23",1,45,43,10.9367884444444,10.135353255814,-0.801435188630485,5.26120148846808e-06,0.000113144118031572
"PROBE0144_at","IG24",1,45,43,10.7214331111111,9.95127418604651,-0.770158925064592,5.10667361196972e-06,0.000110414564583129
"PROBE0145_at","IG25",1,45,43,10.2614413333333,9.57026023255814,-0.691181100775193,7.34495816327839e-06,0.000153019961734966
"PROBE0146_at","IG26",1,45,43,10.7806595555556,10.1435793023256,-0.637080253229971,9.51123716772876e-05,0.0017060515099065
"PROBE0147_at","IG27",1,45,43,10.2773953333333,9.38401720930232,-0.893378124031006,1.65464609228362e-06,3.84801416810144e-05
"PROBE0148_at","IG28",1,45,43,10.7719064444444,9.9041476744186,-0.867758770025841,8.78601597821449e-07,2.12994326744594e-05
"PROBE0149_at","IG29",1,45,43,11.0924973333333,10.2478241860465,-0.844673147286812,2.28382860228677e-06,5.13219910626242e-05
"PROBE0150_at","IG30",1,45,43,10.632164,9.81484093023256,-0.817323069767442,6.72328796272204e-06,0.000140801842151247
"PROBE0151_at","IG31",1,45,43,11.1336237777778,10.5127518604651,-0.620871917312659,0.000209273546319741,0.00359267890677668
"PROBE0152_at","PCADV001",1,45,43,4.20246577777778,4.46082,0.258354222222222,0.1027651535545,0.813943878863475
"PROBE0153_at","PCADV002",1,45,43,8.90108777777778,8.84663604651163,-0.0544517312661483,0.770911508721429,0.999330380285523
"PROBE0154_at","PCADV003",1,45,43,7.87894977777778,7.61779697674419,-0.26115280103359,0.179548398591103,0.999330380285523
"PROBE0155_at","PCADV004",1,45,43,8.33739466666667,8.23851162790698,-0.098883038759686,0.671044841764267,0.999330380285523
"PROBE0156_at","PCADV005",1,45,43,7.34158866666667,7.09512604651163,-0.246462620155042,0.388172717046313,0.999330380285523
"PROBE0157_at","PCADV006",1,45,43,8.21047577777778,8.56598093023256,0.35550515245478,0.186367156015391,0.999330380285523
"PROBE0158_at","PCADV007",1,45,43,7.67035577777778,7.36236,-0.307995777777777,0.178891090606923,0.999330380285523
"PROBE0159_at","PCADV008",1,45,43,8.20476333333333,8.27018,0.0654166666666622,0.722422477895353,0.999330380285523
"PROBE0160_at","PCADV009",1,45,43,8.23072733333333,8.32532348837209,0.0945961550387651,0.61105897703551,0.999330380285523
"PROBE0161_at","PCADV010",1,45,43,6.28368977777778,6.08484046511628,-0.198849312661498,0.381924269769029,0.999330380285523
"PROBE0162_at","PCADV011",1,45,43,8.346136,8.58114534883721,0.235009348837211,0.16041234347692,0.969471743434338
"PROBE0163_at","PCADV012",1,45,43,7.912104,8.3468911627907,0.434787162790697,0.0291963606093636,0.368510458630932
"PROBE0164_at","PCADV013",1,45,43,8.99203133333333,9.32718209302326,0.335150759689922,0.255750944690656,0.999330380285523
"PROBE0165_at","PCADV014",1,45,43,7.55089311111111,7.71609930232558,0.165206191214469,0.480395987254731,0.999330380285523
"PROBE0166_at","PCADV015",1,45,43,9.82051466666667,10.0125844186047,0.192069751937982,0.257293315305231,0.999330380285523
"PROBE0167_at","PCADV016",1,45,43,8.00696288888889,7.98564441860465,-0.0213184702842346,0.916138744005588,0.999330380285523
"PROBE0168_at","PCADV017",1,45,43,8.14059911111111,8.29020534883721,0.149606237726097,0.413651766055461,0.999330380285523
"PROBE0169_at","PCADV018",1,45,43,6.36982844444444,6.79200279069767,0.422174346253229,0.100626275284491,0.799575964935009
"PROBE0170_at","PCADV019",1,45,43,6.32958311111111,6.41502069767442,0.0854375865633097,0.613320329933933,0.999330380285523
"PROBE0171_at","PCADV020",1,45,43,8.92401222222222,9.12689627906977,0.202884056847546,0.241665313024449,0.999330380285523
"PROBE0172_at","PCADV021",1,45,43,8.53182622222222,8.31604162790698,-0.215784594315245,0.319546138784103,0.999330380285523
"PROBE0173_at","PCADV022",1,45,43,10.2276297777778,10.1707841860465,-0.0568455917312658,0.840434864456142,0.999330380285523
"PROBE0174_at","PCADV023",1,45,43,7.23501066666667,7.55059,0.315579333333334,0.172723550894541,0.995409041977317
"PROBE0175_at","PCADV024",1,45,43,8.07729711111111,8.12346,0.0461628888888868,0.846619942125608,0.999330380285523
"PROBE0176_at","PCADV025",1,45,43,6.95739466666667,6.72968348837209,-0.227711178294575,0.143415347481189,0.950935725171886
"PROBE0177_at","PCADV026",1,45,43,8.41392822222222,8.53385674418605,0.119928521963825,0.580603064127132,0.999330380285523
"PROBE0178_at","PCADV027",1,45,43,9.37850577777778,9.48031930232558,0.101813524547801,0.523381144427737,0.999330380285523
"PROBE0179_at","PCADV028",1,45,43,8.50229377777778,8.76725651162791,0.264962733850131,0.114324028917792,0.859579164795426
"PROBE0180_at","PCADV029",1,45,43,8.61932911111111,8.79439023255814,0.17506112144703,0.275561934187437,0.999330380285523
"PROBE0181_at","PCADV030",1,45,43,7.01302244444444,7.22197837209302,0.208955927648582,0.366339746593457,0.999330380285523
"PROBE0182_at","PCADV031",1,45,43,7.51095666666667,7.84419813953488,0.333241472868214,0.132401655878877,0.925885705446693
"PROBE0183_at","PCADV032",1,45,43,7.17938488888889,7.18836837209302,0.00898348320413511,0.967988246750779,0.999330380285523
"PROBE0184_at","PCADV033",1,45,43,8.82801733333333,8.82468488372093,-0.00333244961240453,0.9840379015066,0.999330380285523
"PROBE0185_at","PCADV034",1,45,43,5.66151333333333,5.52114465116279,-0.140368682170545,0.539535234880028,0.999330380285523
"PROBE0186_at","PCADV035",1,45,43,5.18516422222222,5.25470372093023,0.0695394987080125,0.730982528426401,0.999330380285523
"PROBE0187_at","PCADV036",1,45,43,7.28480733333333,7.36402186046512,0.0792145271317812,0.653133537507069,0.999330380285523
"PROBE0188_at","PCADV037",1,45,43,5.79420488888889,6.0085,0.214295111111109,0.256450247213121,0.999330380285523
"PROBE0189_at","PCADV038",1,45,43,7.07777977777778,7.01058558139535,-0.0671941963824301,0.680948854622383,0.999330380285523
"PROBE0190_at","PCADV039",1,45,43,8.03539866666667,7.92642488372093,-0.108973782945736,0.603113333834989,0.999330380285523
"PROBE0191_at","PCADV040",1,45,43,8.09488177777778,8.06295674418605,-0.031925033591726,0.848623681295219,0.999330380285523
"PROBE0192_at","PCADV041",1,45,43,8.23937311111111,8.40182,0.162446888888889,0.521313343360841,0.999330380285523
"PROBE0193_at","PCADV042",1,45,43,7.575032,7.58236069767442,0.00732869767441802,0.968796603707723,0.999330380285523
"PROBE0194_at","PCADV043",1,45,43,7.86520688888889,7.9457923255814,0.0805854366925072,0.695698101617905,0.999330380285523
"PROBE0195_at","PCADV044",1,45,43,7.01544022222222,6.98840255813954,-0.0270376640826839,0.928221056602668,0.999330380285523
"PROBE0196_at","PCADV045",1,45,43,8.582732,8.70081279069768,0.118080790697672,0.680989611504878,0.999330380285523
"PROBE0197_at","PCADV046",1,45,43,8.23614911111111,8.33822976744186,0.102080656330751,0.664828698953291,0.999330380285523
"PROBE0198_at","PCADV047",1,45,43,8.18155355555556,8.40007720930233,0.218523653746772,0.222776917446846,0.999330380285523
"PROBE0199_at","PCADV048",1,45,43,6.62808177777778,6.5972476744186,-0.0308341033591724,0.822909352421776,0.999330380285523
"PROBE0200_at","PCADV049",1,45,43,7.99436511111111,8.01353372093023,0.0191686098191202,0.952903300403375,0.999330380285523
"PROBE0201_at","PCADV050",1,45,43,9.00958422222222,9.23875162790698,0.22916740568475,0.296479071814074,0.999330380285523
"PROBE0202_at","PCADV051",1,45,43,7.27476311111111,7.19162023255814,-0.0831428785529695,0.74040241017945,0.999330380285523
"PROBE0203_at","PCADV052",1,45,43,9.42862933333333,9.40053186046512,-0.0280974728682182,0.914374814457807,0.999330380285523
"PROBE0204_at","PCADV053",1,45,43,8.35828155555556,8.20541395348837,-0.152867602067182,0.416270796529324,0.999330380285523
"PROBE0205_at","PCADV054",1,45,43,7.91649666666667,8.00251860465116,0.086021937984496,0.683613403493869,0.999330380285523
"PROBE0206_at","PCADV055",1,45,43,8.67377088888889,8.81680976744186,0.143038878552971,0.55101218124721,0.999330380285523
"PROBE0207_at","PCADV056",1,45,43,5.77620288888889,5.83133558139535,0.0551326925064588,0.757705528965974,0.999330380285523
"PROBE0208_at","PCADV057",1,45,43,5.74928577777778,5.86307279069767,0.113787012919899,0.549195596598582,0.999330380285523
"PROBE0209_at","PCADV058",1,45,43,6.93420555555556,7.2727723255814,0.338566770025841,0.140136462044872,0.945206762896939
"PROBE0210_at","PCADV059",1,45,43,7.34979533333333,7.42870744186046,0.0789121085271338,0.635358918704429,0.999330380285523
"PROBE0211_at","PCADV060",1,45,43,8.95114755555556,8.95320767441861,0.00206011886305113,0.993283378886809,0.999330380285523
"PROBE0212_at","PCADV061",1,45,43,7.64217577777778,7.74690837209302,0.104732594315246,0.611490257551317,0.999330380285523
"PROBE0213_at","PCADV062",1,45,43,8.56137933333333,8.7575423255814,0.196162992248061,0.372132412304609,0.999330380285523
"PROBE0214_at","PCADV063",1,45,43,7.48969377777778,7.50159790697674,0.0119041291989666,0.966313667169919,0.999330380285523
"PROBE0215_at","PCADV064",1,45,43,6.18711711111111,6.69797558139535,0.510858470284237,0.020694921963398,0.278719487722532
"PROBE0216_at","PCADV065",1,45,43,5.88159177777778,5.75468906976744,-0.126902708010339,0.456317985740461,0.999330380285523
"PROBE0217_at","PCADV066",1,45,43,9.14873355555556,9.1278411627907,-0.0208923927648534,0.899136428936121,0.999330380285523
"PROBE0218_at","PCADV067",1,45,43,5.98649222222222,6.21570534883721,0.229213126614988,0.287852987031381,0.999330380285523
"PROBE0219_at","PCADV068",1,45,43,7.33736155555556,7.3713888372093,0.0340272816537448,0.886795686461179,0.999330380285523
"PROBE0220_at","PCADV069",1,45,43,9.39735377777778,9.4762088372093,0.0788550594315254,0.691813583227226,0.999330380285523
"PROBE0221_at","PCADV070",1,45,43,7.22999266666667,7.58561627906977,0.3556236124031,0.130211144825708,0.915368329178968
"PROBE0222_at","PCADV071",1,45,43,7.01605777777778,7.01766860465116,0.00161082687338698,0.994708322707412,0.999330380285523
"PROBE0223_at","PCADV072",1,45,43,5.67379977777778,5.85583906976744,0.182039291989664,0.292707854343281,0.999330380285523
"PROBE0224_at","PCADV073",1,45,43,8.45524755555556,8.56237023255814,0.107122677002584,0.549555612490345,0.999330380285523
"PROBE0225_at","PCADV074",1,45,43,7.24611911111111,7.45372139534884,0.207602284237725,0.246738515449613,0.999330380285523
"PROBE0226_at","PCADV075",1,45,43,6.19841844444444,6.20777720930233,0.00935876485788079,0.962621665711143,0.999330380285523
"PROBE0227_at","PCADV076",1,45,43,5.81938333333333,5.75052651162791,-0.068856821705424,0.671218521743256,0.999330380285523
"PROBE0228_at","PCADV077",1,45,43,7.70206777777778,7.7893511627907,0.0872833850129178,0.639216324880889,0.999330380285523
"PROBE0229_at","PCADV078",1,45,43,9.76602688888889,9.74529372093023,-0.0207331679586584,0.908348062586932,0.999330380285523
"PROBE0230_at","PCADV079",1,45,43,7.47935577777778,7.8684923255814,0.389136547803616,0.0386810461354617,0.446718893872675
"PROBE0231_at","PCADV080",1,45,43,8.06509333333333,7.67221930232558,-0.392874031007749,0.19885656718131,0.999330380285523
"PROBE0232_at","PCFAV001",1,45,43,8.60043466666667,8.5072811627907,-0.0931535038759677,0.6669215706005,0.999330380285523
"PROBE0233_at","PCFAV002",1,45,43,5.45658622222222,5.24108627906977,-0.215499943152452,0.495999846056919,0.999330380285523
"PROBE0234_at","PCFAV003",1,45,43,8.73222444444444,8.52977209302326,-0.202452351421188,0.342545021238402,0.999330380285523
"PROBE0235_at","PCFAV004",1,45,43,7.00186155555556,6.8971811627907,-0.104680392764862,0.561555047033256,0.999330380285523
"PROBE0236_at","PCFAV005",1,45,43,7.77513466666667,7.63210837209302,-0.143026294573649,0.502208429126376,0.999330380285523
"PROBE0237_at","PCFAV006",1,45,43,6.70815466666667,6.60578139534884,-0.10237327131783,0.668091653439584,0.999330380285523
"PROBE0238_at","PCFAV007",1,45,43,7.33059755555556,7.21041,-0.120187555555555,0.574283957776011,0.999330380285523
"PROBE0239_at","PCFAV008",1,45,43,6.66167044444444,6.61318558139535,-0.0484848630490955,0.784425251027066,0.999330380285523
"PROBE0240_at","PCFAV009",1,45,43,8.253254,8.51859348837209,0.265339488372092,0.192990743195647,0.999330380285523
"PROBE0241_at","PCFAV010",1,45,43,8.24171111111111,8.0960176744186,-0.1456934366925,0.646211509911076,0.999330380285523
"PROBE0242_at","PCFAV011",1,45,43,7.16914111111111,7.25655534883721,0.0874142377260929,0.787919711922512,0.999330380285523
"PROBE0243_at","PCFAV012",1,45,43,7.66851555555556,7.60416162790698,-0.0643539276485754,0.785966434397023,0.999330380285523
"PROBE0244_at","PCFAV013",1,45,43,6.461602,6.54296976744186,0.0813677674418587,0.710843166603868,0.999330380285523
"PROBE0245_at","PCFAV014",1,45,43,7.34036733333333,7.55527372093023,0.214906387596894,0.240510108914069,0.999330380285523
"PROBE0246_at","PCFAV015",1,45,43,7.24380644444444,7.16838069767442,-0.0754257467700237,0.673682912182361,0.999330380285523
"PROBE0247_at","PCFAV016",1,45,43,7.86897933333333,7.60803255813954,-0.260946775193794,0.324502287218178,0.999330380285523
"PROBE0248_at","PCFAV017",1,45,43,6.42169511111111,6.31197813953488,-0.109716971576225,0.591660472637216,0.999330380285523
"PROBE0249_at","PCFAV018",1,45,43,7.68730644444444,7.71806255813954,0.0307561136950909,0.910645047744773,0.999330380285523
"PROBE0250_at","PCFAV019",1,45,43,7.70601888888889,7.60219837209302,-0.103820516795866,0.648021293121851,0.999330380285523
"PROBE0251_at","PCFAV020",1,45,43,7.24901,7.35946162790698,0.110451627906979,0.683680561911511,0.999330380285523
"PROBE0252_at","PCFAV021",1,45,43,7.96679333333333,7.91708139534884,-0.0497119379844984,0.816011325770807,0.999330380285523
"PROBE0253_at","PCFAV022",1,45,43,6.00109844444444,5.98326627906977,-0.0178321653746796,0.936535327220321,0.999330380285523
"PROBE0254_at","PCFAV023",1,45,43,7.60840311111111,7.35194534883721,-0.256457762273901,0.321136881536448,0.999330380285523
"PROBE0255_at","PCFAV024",1,45,43,8.21354977777778,7.98507488372093,-0.228474894056848,0.267180861905744,0.999330380285523
"PROBE0256_at","PCFAV025",1,45,43,9.31310888888889,9.28801325581395,-0.0250956330749332,0.94342454690604,0.999330380285523
"PROBE0257_at","PCFAV026",1,45,43,5.96406022222222,5.97997976744186,0.0159195452196368,0.922615553432632,0.999330380285523
"PROBE0258_at","PCFAV027",1,45,43,6.31496688888889,6.40929069767442,0.0943238087855276,0.645664337645486,0.999330380285523
"PROBE0259_at","PCFAV028",1,45,43,7.19891666666667,7.13894302325581,-0.0599736434108502,0.730161025920184,0.999330380285523
"PROBE0260_at","PCFAV029",1,45,43,6.42751422222222,6.3730676744186,-0.0544465478036171,0.810646715981725,0.999330380285523
"PROBE0261_at","PCFAV030",1,45,43,9.09316,9.18017674418605,0.087016744186041,0.664876333020889,0.999330380285523
"PROBE0262_at","PCFAV031",1,45,43,6.23759044444444,6.3507811627907,0.113190718346252,0.633893531889733,0.999330380285523
"PROBE0263_at","PCFAV032",1,45,43,5.72312422222222,5.67181488372093,-0.0513093385012917,0.802204634486331,0.999330380285523
"PROBE0264_at","PCFAV033",1,45,43,7.92150288888889,8.70981790697674,0.788315018087855,0.00909971949386524,0.137874537785837
"PROBE0265_at","PCFAV034",1,45,43,8.0942,8.13657209302326,0.042372093023257,0.895431094586302,0.999330380285523
"PROBE0266_at","PCFAV035",1,45,43,7.021494,6.89783837209302,-0.123655627906978,0.439282824079587,0.999330380285523
"PROBE0267_at","PCFAV036",1,45,43,5.13975688888889,5.18786372093023,0.0481068320413423,0.838724260663716,0.999330380285523
"PROBE0268_at","PCFAV037",1,45,43,7.11953911111111,7.09238441860465,-0.027154692506457,0.875806248065538,0.999330380285523
"PROBE0269_at","PCFAV038",1,45,43,7.85830511111111,7.85475069767442,-0.0035544134366905,0.979880548595337,0.999330380285523
"PROBE0270_at","PCFAV039",1,45,43,6.98179422222222,7.17764813953488,0.19585391731266,0.510397744248424,0.999330380285523
"PROBE0271_at","PCFAV040",1,45,43,6.97685155555556,6.81509627906977,-0.161755276485788,0.378283698785455,0.999330380285523
"PROBE0272_at","PCFAV041",1,45,43,8.96762511111111,9.09099720930233,0.12337209819122,0.512268960396188,0.999330380285523
"PROBE0273_at","PCFAV042",1,45,43,7.82405377777778,7.63520534883721,-0.188848428940566,0.383600868985918,0.999330380285523
"PROBE0274_at","PCFAV043",1,45,43,7.63341622222222,7.83392511627907,0.200508894056847,0.207388646558261,0.999330380285523
"PROBE0275_at","PCFAV044",1,45,43,7.53607777777778,7.16111860465116,-0.374959173126618,0.164169109003075,0.977197077399255
"PROBE0276_at","PCFAV045",1,45,43,9.064224,9.3918711627907,0.327647162790697,0.16196944631207,0.971121253448065
"PROBE0277_at","PCFAV046",1,45,43,6.38958755555556,6.31939697674419,-0.0701905788113697,0.728607002307638,0.999330380285523
"PROBE0278_at","PCFAV047",1,45,43,6.43122888888889,6.50303627906977,0.071807390180882,0.75741088221984,0.999330380285523
"PROBE0279_at","PCFAV048",1,45,43,7.62413666666667,7.6298,0.00566333333333446,0.970127222964658,0.999330380285523
"PROBE0280_at","PCFAV049",1,45,43,3.80354488888889,3.86215348837209,0.0586085994832013,0.787921257126571,0.999330380285523
"PROBE0281_at","PCFAV050",1,45,43,6.09036622222222,6.43474255813953,0.344376335917317,0.32819152833029,0.999330380285523
"PROBE0282_at","PCFAV051",1,45,43,8.01631511111111,8.0195488372093,0.00323372609819472,0.986837792536201,0.999330380285523
"PROBE0283_at","PCFAV052",1,45,43,7.394334,7.54277139534884,0.148437395348838,0.35923977073225,0.999330380285523
"PROBE0284_at","PCFAV053",1,45,43,9.15403222222222,9.28309162790698,0.12905940568475,0.606628538811226,0.999330380285523
"PROBE0285_at","PCFAV054",1,45,43,7.15409266666667,7.33765441860465,0.183561751937987,0.393912798796995,0.999330380285523
"PROBE0286_at","PCFAV055",1,45,43,6.52735822222222,6.50111674418605,-0.0262414780361748,0.884604664129743,0.999330380285523
"PROBE0287_at","PCFAV056",1,45,43,6.00722022222222,6.46518209302326,0.457961870801036,0.145783399682651,0.950935725171886
"PROBE0288_at","PCFAV057",1,45,43,6.94908666666667,7.00543581395349,0.0563491472868201,0.809553498849069,0.999330380285523
"PROBE0289_at","PCFAV058",1,45,43,6.57458777777778,6.66457627906977,0.0899885012919892,0.770023899535049,0.999330380285523
"PROBE0290_at","PCFAV059",1,45,43,6.69242955555556,6.48511604651163,-0.207313509043926,0.241731080171346,0.999330380285523
"PROBE0291_at","PCFAV060",1,45,43,4.47738622222222,4.69771790697674,0.220331684754522,0.44590274561202,0.999330380285523
"PROBE0292_at","PCFAV061",1,45,43,7.67104111111111,7.81298627906977,0.141945167958658,0.549166928832114,0.999330380285523
"PROBE0293_at","PCFAV062",1,45,43,5.88598177777778,6.11545860465116,0.229476826873383,0.219245735906266,0.999330380285523
"PROBE0294_at","PCFAV063",1,45,43,7.61569866666667,7.92946139534884,0.313762728682171,0.150795834876181,0.950935725171886
"PROBE0295_at","PCFAV064",1,45,43,8.39029711111111,8.47385651162791,0.0835594005167977,0.677908420527548,0.999330380285523
"PROBE0296_at","PCFAV065",1,45,43,6.85556888888889,6.68480069767442,-0.170768191214469,0.439732334315538,0.999330380285523
"PROBE0297_at","PCFAV066",1,45,43,8.51957155555556,8.42191860465116,-0.0976529509043935,0.610939075788989,0.999330380285523
"PROBE0298_at","PCFAV067",1,45,43,8.90580488888889,8.55873581395349,-0.347069074935398,0.23361559036915,0.999330380285523
"PROBE0299_at","PCFAV068",1,45,43,8.18637022222222,8.0015788372093,-0.18479138501292,0.342244525796341,0.999330380285523
"PROBE0300_at","PCFAV069",1,45,43,9.04080644444444,8.80438674418605,-0.236419700258395,0.25919856281288,0.999330380285523
"PROBE0301_at","PCFAV070",1,45,43,8.07130355555556,8.02487069767442,-0.0464328578811326,0.824772656507849,0.999330380285523
"PROBE0302_at","PCFAV071",1,45,43,5.94849422222222,5.99049813953488,0.0420039173126581,0.884418687715715,0.999330380285523
"PROBE0303_at","PCFAV072",1,45,43,7.90702422222222,7.86264906976744,-0.0443751524547809,0.792868445129669,0.999330380285523
"PROBE0304_at","PCFAV073",1,45,43,8.33634488888889,7.99667581395349,-0.339669074935405,0.182399928969209,0.999330380285523
"PROBE0305_at","PCFAV074",1,45,43,6.87615933333333,7.06543255813953,0.189273224806207,0.367466767405529,0.999330380285523
"PROBE0306_at","PCFAV075",1,45,43,7.42921177777778,7.18120418604651,-0.248007591731264,0.38695182996547,0.999330380285523
"PROBE0307_at","PCFAV076",1,45,43,6.97009177777778,6.61781162790698,-0.352280149870802,0.179349923171111,0.999330380285523
"PROBE0308_at","PCFAV077",1,45,43,6.44162755555556,6.43037348837209,-0.0112540671834633,0.97124595545997,0.999330380285523
"PROBE0309_at","PCFAV078",1,45,43,6.14620644444444,6.16119651162791,0.0149900671834624,0.950242217322993,0.999330380285523
"PROBE0310_at","PCFAV079",1,45,43,8.18238733333333,7.96657418604651,-0.215813147286822,0.270122506496781,0.999330380285523
"PROBE0311_at","PCFAV080",1,45,43,8.999148,8.98772186046512,-0.0114261395348834,0.95928807429705,0.999330380285523
"PROBE0312_at","PCOTH001",1,45,43,5.31803888888889,5.40370418604651,0.0856652971576217,0.389848876386797,0.999330380285523
"PROBE0313_at","PCOTH002",1,45,43,6.27315866666667,6.45741953488372,0.184260868217054,0.1050571031185,0.82191752634415
"PROBE0314_at","PCOTH003",1,45,43,6.28953444444444,6.27728302325581,-0.012251421188628,0.910900150317056,0.999330380285523
"PROBE0315_at","PCOTH004",1,45,43,8.83532622222222,8.63573302325581,-0.199593198966404,0.0876387538933362,0.755506499080485
"PROBE0316_at","PCOTH005",1,45,43,9.284234,9.12910558139535,-0.155128418604654,0.176406779903952,0.999330380285523
"PROBE0317_at","PCOTH006",1,45,43,7.99899111111111,8.04240860465116,0.0434174935400495,0.653599691025306,0.999330380285523
"PROBE0318_at","PCOTH007",1,45,43,6.77616755555556,6.73113930232558,-0.0450282532299742,0.66676598773769,0.999330380285523
"PROBE0319_at","PCOTH008",1,45,43,8.49001644444444,8.58684604651163,0.0968296020671833,0.355793047718217,0.999330380285523
"PROBE0320_at","PCOTH009",1,45,43,6.65525177777778,6.80354906976744,0.148297291989667,0.215609782385624,0.999330380285523
"PROBE0321_at","PCOTH010",1,45,43,9.039842,9.01913279069767,-0.0207092093023249,0.83003521424156,0.999330380285523
"PROBE0322_at","PCOTH011",1,45,43,8.01632977777778,7.95283604651163,-0.0634937312661537,0.561378109221185,0.999330380285523
"PROBE0323_at","PCOTH012",1,45,43,7.03569977777778,6.96444279069767,-0.0712569870801048,0.510169583290718,0.999330380285523
"PROBE0324_at","PCOTH013",1,45,43,7.74031133333333,7.75847813953488,0.0181668062015508,0.872184483965805,0.999330380285523
"PROBE0325_at","PCOTH014",1,45,43,9.10340955555556,9.08597162790698,-0.0174379276485794,0.868650422283808,0.999330380285523
"PROBE0326_at","PCOTH015",1,45,43,5.66696711111111,5.66935162790698,0.0023845167958676,0.982992664721191,0.999330380285523
"PROBE0327_at","PCOTH016",1,45,43,7.13111222222222,6.98798325581395,-0.143128966408266,0.177723759067153,0.999330380285523
"PROBE0328_at","PCOTH017",1,45,43,8.628022,8.54670162790698,-0.0813203720930229,0.499955505563848,0.999330380285523
"PROBE0329_at","PCOTH018",1,45,43,6.88367311111111,6.78830604651163,-0.0953670645994817,0.346177209294593,0.999330380285523
"PROBE0330_at","PCOTH019",1,45,43,5.71949644444444,5.6041211627907,-0.115375281653744,0.355307480915218,0.999330380285523
"PROBE0331_at","PCOTH020",1,45,43,5.78486755555556,5.65595697674419,-0.12891057881137,0.255009439060361,0.999330380285523
"PROBE0332_at","PCOTH021",1,45,43,8.18701333333333,8.30493906976744,0.117925736434106,0.267224724895653,0.999330380285523
"PROBE0333_at","PCOTH022",1,45,43,7.90795844444444,7.85072581395349,-0.0572326304909607,0.627969309460229,0.999330380285523
"PROBE0334_at","PCOTH023",1,45,43,7.64367177777778,7.68865069767442,0.0449789198966375,0.689449473297312,0.999330380285523
"PROBE0335_at","PCOTH024",1,45,43,8.94900244444444,8.99605790697674,0.047055462532299,0.624606620659208,0.999330380285523
"PROBE0336_at","PCOTH025",1,45,43,8.59572288888889,8.62644976744186,0.0307268785529722,0.779660904714978,0.999330380285523
"PROBE0337_at","PCOTH026",1,45,43,7.37714422222222,7.38455465116279,0.00741042894056942,0.947153974326824,0.999330380285523
"PROBE0338_at","PCOTH027",1,45,43,8.21664177777778,8.33664093023256,0.119999152454783,0.307742009334252,0.999330380285523
"PROBE0339_at","PCOTH028",1,45,43,8.57991111111111,8.56128674418605,-0.0186243669250601,0.878416611643763,0.999330380285523
"PROBE0340_at","PCOTH029",1,45,43,6.85930133333333,6.82314930232558,-0.0361520310077541,0.744044318206298,0.999330380285523
"PROBE0341_at","PCOTH030",1,45,43,7.40901533333333,7.32632348837209,-0.0826918449612428,0.45663923290595,0.999330380285523
"PROBE0342_at","PCOTH031",1,45,43,9.50504911111111,9.49563162790698,-0.00941748320413893,0.925588826655233,0.999330380285523
"PROBE0343_at","PCOTH032",1,45,43,6.11086933333333,6.11822674418605,0.00735741085271524,0.951047646499633,0.999330380285523
"PROBE0344_at","PCOTH033",1,45,43,4.94952022222222,4.90094372093023,-0.0485765012919908,0.663355850911993,0.999330380285523
"PROBE0345_at","PCOTH034",1,45,43,5.82149444444444,5.74828558139535,-0.0732088630490946,0.485858927147211,0.999330380285523
"PROBE0346_at","PCOTH035",1,45,43,5.98648955555556,5.99536209302326,0.00887253746770433,0.930225302709206,0.999330380285523
"PROBE0347_at","PCOTH036",1,45,43,8.19816266666667,8.06714697674419,-0.131015689922478,0.258574363984395,0.999330380285523
"PROBE0348_at","PCOTH037",1,45,43,6.80560088888889,6.86302209302326,0.0574212041343705,0.593402393162646,0.999330380285523
"PROBE0349_at","PCOTH038",1,45,43,8.07506288888889,8.05281930232558,-0.0222435865633042,0.840804041570479,0.999330380285523
"PROBE0350_at","PCOTH039",1,45,43,7.18212933333333,7.31008581395349,0.127956480620156,0.233693948552677,0.999330380285523
"PROBE0351_at","PCOTH040",1,45,43,8.89174533333333,8.84604604651163,-0.0456992868217068,0.661603125254998,0.999330380285523
"PROBE0352_at","PCOTH041",1,45,43,7.35138355555556,7.2669711627907,-0.0844123927648628,0.421490542671345,0.999330380285523
"PROBE0353_at","PCOTH042",1,45,43,7.21072622222222,7.07998186046512,-0.130744361757106,0.270777879640414,0.999330380285523
"PROBE0354_at","PCOTH043",1,45,43,6.87681644444444,6.83013790697674,-0.0466785374676997,0.666077131875718,0.999330380285523
"PROBE0355_at","PCOTH044",1,45,43,5.66850555555556,5.76249,0.0939844444444455,0.37412980487127,0.999330380285523
"PROBE0356_at","PCOTH045",1,45,43,7.94003644444444,7.95356953488372,0.0135330904392799,0.908987740472152,0.999330380285523
"PROBE0357_at","PCOTH046",1,45,43,7.58401822222222,7.4580888372093,-0.12592938501292,0.269936601135498,0.999330380285523
"PROBE0358_at","PCOTH047",1,45,43,5.70888333333333,5.69023,-0.0186533333333312,0.8713002093435,0.999330380285523
"PROBE0359_at","PCOTH048",1,45,43,9.77767488888889,9.76598720930233,-0.0116876795865579,0.916681627227857,0.999330380285523
"PROBE0360_at","PCOTH049",1,45,43,7.69560577777778,7.78027534883721,0.0846695710594316,0.505193127149461,0.999330380285523
"PROBE0361_at","PCOTH050",1,45,43,5.85508933333333,5.82020511627907,-0.0348842170542598,0.763859688852054,0.999330380285523
"PROBE0362_at","PCOTH051",1,45,43,8.08296088888889,7.89264744186046,-0.190313447028423,0.0529348541786739,0.561405043537868
"PROBE0363_at","PCOTH052",1,45,43,8.62163711111111,8.69533930232558,0.0737021912144709,0.528794852342487,0.999330380285523
"PROBE0364_at","PCOTH053",1,45,43,6.74364888888889,6.82056558139535,0.0769166925064591,0.485995483627583,0.999330380285523
"PROBE0365_at","PCOTH054",1,45,43,9.24668666666667,9.02615418604651,-0.220532480620154,0.0304518323346982,0.378283631486934
"PROBE0366_at","PCOTH055",1,45,43,6.04008955555556,5.99419093023256,-0.045898625322998,0.662196629926148,0.999330380285523
"PROBE0367_at","PCOTH056",1,45,43,5.54928333333333,5.43363930232558,-0.115644031007753,0.287844122624711,0.999330380285523
"PROBE0368_at","PCOTH057",1,45,43,5.81185244444444,5.89807697674419,0.0862245322997417,0.41466933863356,0.999330380285523
"PROBE0369_at","PCOTH058",1,45,43,8.06408866666667,8.03632511627907,-0.027763550387597,0.806636063260636,0.999330380285523
"PROBE0370_at","PCOTH059",1,45,43,7.70230666666667,7.64121837209302,-0.0610882945736435,0.59422572380059,0.999330380285523
"PROBE0371_at","PCOTH060",1,45,43,7.04169266666667,6.99367558139535,-0.0480170852713178,0.641232456483831,0.999330380285523
"PROBE0372_at","PCOTH061",1,45,43,6.25261444444444,6.42161069767442,0.168996253229973,0.145195796694058,0.950935725171886
"PROBE0373_at","PCOTH062",1,45,43,8.38383711111111,8.33069441860465,-0.0531426925064569,0.662420457854854,0.999330380285523
"PROBE0374_at","PCOTH063",1,45,43,6.89294333333333,6.92800558139535,0.0350622480620117,0.763792658942881,0.999330380285523
"PROBE0375_at","PCOTH064",1,45,43,6.59175666666667,6.53915209302326,-0.0526045736434098,0.604092105003938,0.999330380285523
"PROBE0376_at","PCOTH065",1,45,43,7.37272533333333,7.4407376744186,0.0680123410852724,0.576978684965581,0.999330380285523
"PROBE0377_at","PCOTH066",1,45,43,6.15405711111111,6.1021111627907,-0.0519459483204141,0.641260063356081,0.999330380285523
"PROBE0378_at","PCOTH067",1,45,43,6.46305888888889,6.58978348837209,0.126724599483206,0.229731985706611,0.999330380285523
"PROBE0379_at","PCOTH068",1,45,43,6.26955822222222,6.32645465116279,0.0568964289405693,0.622176523982145,0.999330380285523
"PROBE0380_at","PCOTH069",1,45,43,8.65302844444444,8.74560837209302,0.0925799276485844,0.420220212964757,0.999330380285523
"PROBE0381_at","PCOTH070",1,45,43,6.09253044444444,6.28639790697674,0.1938674625323,0.0725484169655048,0.690901182722773
"PROBE0382_at","PCOTH071",1,45,43,5.93713755555556,5.91422604651163,-0.0229115090439249,0.844815879364354,0.999330380285523
"PROBE0383_at","PCOTH072",1,45,43,6.67530533333333,6.70055906976744,0.0252537364341059,0.830476586413047,0.999330380285523
"PROBE0384_at","PCOTH073",1,45,43,7.03321288888889,7.0820523255814,0.0488394366925071,0.664394429560904,0.999330380285523
"PROBE0385_at","PCOTH074",1,45,43,6.224512,6.18312046511628,-0.0413915348837177,0.697928862251606,0.999330380285523
"PROBE0386_at","PCOTH075",1,45,43,9.94335955555556,9.81805488372093,-0.125304671834623,0.292184818867744,0.999330380285523
"PROBE0387_at","PCOTH076",1,45,43,8.13623644444444,8.24262023255814,0.106383788113694,0.327359739341261,0.999330380285523
"PROBE0388_at","PCOTH077",1,45,43,6.12686466666667,6.00508953488372,-0.121775131782945,0.324299222588699,0.999330380285523
"PROBE0389_at","PCOTH078",1,45,43,9.375482,9.33655627906977,-0.0389257209302318,0.72653831113136,0.999330380285523
"PROBE0390_at","PCOTH079",1,45,43,7.36103533333333,7.4746176744186,0.113582341085273,0.297124544982904,0.999330380285523
"PROBE0391_at","PCOTH080",1,45,43,5.60660933333333,5.63358372093023,0.0269743875968986,0.792000243745999,0.999330380285523
"PROBE0392_at","PCOTH081",1,45,43,7.68214355555556,7.76396558139535,0.0818220258397933,0.515992628745601,0.999330380285523
"PROBE0393_at","PCOTH082",1,45,43,7.03958133333333,6.94382302325581,-0.0957583100775157,0.362617081864121,0.999330380285523
"PROBE0394_at","PCOTH083",1,45,43,6.73961777777778,6.71706139534884,-0.0225563824289425,0.855932048972033,0.999330380285523
"PROBE0395_at","PCOTH084",1,45,43,6.90852422222222,6.74639511627907,-0.162129105943156,0.154695050006839,0.955931748574201
"PROBE0396_at","PCOTH085",1,45,43,7.64607288888889,7.64718372093023,0.00111083204134665,0.991666748878881,0.999330380285523
"PROBE0397_at","PCOTH086",1,45,43,7.03781622222222,6.97787534883721,-0.0599408733850106,0.580416741452455,0.999330380285523
"PROBE0398_at","PCOTH087",1,45,43,6.96005755555556,6.91034697674419,-0.0497105788113679,0.65211491805321,0.999330380285523
"PROBE0399_at","PCOTH088",1,45,43,6.62156022222222,6.61585209302326,-0.00570812919896291,0.956770910365521,0.999330380285523
"PROBE0400_at","PCOTH089",1,45,43,9.30224755555555,9.15173441860465,-0.150513136950908,0.191939740104334,0.999330380285523
"PROBE0401_at","PCOTH090",1,45,43,6.74182444444444,6.84737046511628,0.105546020671836,0.312882040363816,0.999330380285523
"PROBE0402_at","PCOTH091",1,45,43,7.44124111111111,7.26533860465116,-0.175902506459948,0.125746504898808,0.896779649167807
"PROBE0403_at","PCOTH092",1,45,43,5.52054511111111,5.52094302325581,0.000397912144702417,0.997163918987427,0.999330380285523
"PROBE0404_at","PCOTH093",1,45,43,7.26674733333333,7.32236581395349,0.0556184806201534,0.611927252969677,0.999330380285523
"PROBE0405_at","PCOTH094",1,45,43,7.57940933333333,7.58945813953488,0.0100488062015485,0.925137009841932,0.999330380285523
"PROBE0406_at","PCOTH095",1,45,43,6.70572355555556,6.65544906976744,-0.0502744857881128,0.655917889274083,0.999330380285523
"PROBE0407_at","PCOTH096",1,45,43,8.10774866666667,8.12381976744186,0.0160711007751964,0.883963219190983,0.999330380285523
"PROBE0408_at","PCOTH097",1,45,43,7.76001422222222,7.77170604651163,0.0116918242894082,0.915697494719619,0.999330380285523
"PROBE0409_at","PCOTH098",1,45,43,5.64284733333333,5.70143186046512,0.0585845271317842,0.601359202793591,0.999330380285523
"PROBE0410_at","PCOTH099",1,45,43,8.69711311111111,8.64922651162791,-0.0478865994832027,0.638761016685462,0.999330380285523
"PROBE0411_at","PCOTH100",1,45,43,6.94270622222222,7.13381488372093,0.191108661498709,0.0847808837602704,0.740725191623872
"PROBE0412_at","PCOTH101",1,45,43,7.44958111111111,7.40742162790698,-0.0421594832041405,0.714371200135847,0.999330380285523
"PROBE0413_at","PCOTH102",1,45,43,9.20536488888889,9.14305744186047,-0.0623074470284219,0.579108536844477,0.999330380285523
"PROBE0414_at","PCOTH103",1,45,43,8.29273688888889,8.31836976744186,0.0256328785529725,0.834604739884278,0.999330380285523
"PROBE0415_at","PCOTH104",1,45,43,4.93264066666667,5.0139811627907,0.0813404961240334,0.409750737867391,0.999330380285523
"PROBE0416_at","PCOTH105",1,45,43,6.09627666666667,6.1603676744186,0.0640910077519345,0.552274260392351,0.999330380285523
"PROBE0417_at","PCOTH106",1,45,43,7.692918,7.69336395348837,0.000445953488375395,0.996492386240852,0.999330380285523
"PROBE0418_at","PCOTH107",1,45,43,7.67564577777778,7.64275976744186,-0.0328860103359201,0.7685156124411,0.999330380285523
"PROBE0419_at","PCOTH108",1,45,43,4.03536911111111,4.13680930232558,0.10144019121447,0.337643912029127,0.999330380285523
"PROBE0420_at","PCOTH109",1,45,43,8.46228377777778,8.56676348837209,0.104479710594321,0.357208811271379,0.999330380285523
"PROBE0421_at","PCOTH110",1,45,43,7.41440155555556,7.48116418604651,0.0667626304909588,0.53131577327621,0.999330380285523
"PROBE0422_at","PCOTH111",1,45,43,7.05846444444444,6.88633976744186,-0.172124677002586,0.124141948495715,0.89310754313464
"PROBE0423_at","PCOTH112",1,45,43,6.86060422222222,6.81751744186047,-0.0430867803617554,0.672790851498937,0.999330380285523
"PROBE0424_at","PCOTH113",1,45,43,6.45926488888889,6.48481093023256,0.025546041343663,0.821773926053095,0.999330380285523
"PROBE0425_at","PCOTH114",1,45,43,6.114714,6.0140511627907,-0.100662837209303,0.344552264819,0.999330380285523
"PROBE0426_at","PCOTH115",1,45,43,6.29813311111111,6.38269279069767,0.0845596795865644,0.428840131331225,0.999330380285523
"PROBE0427_at","PCOTH116",1,45,43,8.10348622222222,8.1509423255814,0.0474561033591705,0.675579833074744,0.999330380285523
"PROBE0428_at","PCOTH117",1,45,43,7.47821511111111,7.38821023255814,-0.0900048785529757,0.45711771422104,0.999330380285523
"PROBE0429_at","PCOTH118",1,45,43,8.44233577777778,8.41557976744186,-0.0267560103359195,0.799105874745855,0.999330380285523
"PROBE0430_at","PCOTH119",1,45,43,7.95450511111111,7.87801046511628,-0.0764946459948304,0.459550800314146,0.999330380285523
"PROBE0431_at","PCOTH120",1,45,43,7.81451844444444,7.88744651162791,0.0729280671834669,0.489108942828963,0.999330380285523
"PROBE0432_at","PCOTH121",1,45,43,7.23973755555556,7.31355209302326,0.0738145374677064,0.482292028293629,0.999330380285523
"PROBE0433_at","PCOTH122",1,45,43,8.24285022222222,8.07474534883721,-0.168104873385015,0.106693110524927,0.82191752634415
"PROBE0434_at","PCOTH123",1,45,43,6.67971444444444,6.59418511627907,-0.0855293281653751,0.431447520901403,0.999330380285523
"PROBE0435_at","PCOTH124",1,45,43,4.90707888888889,4.91979325581395,0.0127143669250644,0.914613890550925,0.999330380285523
"PROBE0436_at","PCOTH125",1,45,43,8.80059888888889,8.70824093023256,-0.0923579586563381,0.433508957873869,0.999330380285523
"PROBE0437_at","PCOTH126",1,45,43,8.28013533333333,8.40207860465116,0.12194327131783,0.210531019900984,0.999330380285523
"PROBE0438_at","PCOTH127",1,45,43,7.34933777777778,7.41110790697674,0.0617701291989698,0.607131906586185,0.999330380285523
"PROBE0439_at","PCOTH128",1,45,43,5.59963222222222,5.55080255813953,-0.0488296640826889,0.690144604902505,0.999330380285523
"PROBE0440_at","PCOTH129",1,45,43,6.01220066666667,6.1368776744186,0.124677007751937,0.222985218171324,0.999330380285523
"PROBE0441_at","PCOTH130",1,45,43,8.35859911111111,8.44855348837209,0.0899543772609857,0.429379746904083,0.999330380285523
"PROBE0442_at","PCOTH131",1,45,43,6.07972377777778,6.08740511627907,0.00768133850129349,0.945123947894061,0.999330380285523
"PROBE0443_at","PCOTH132",1,45,43,7.62958955555556,7.74012162790698,0.110532072351418,0.394922208324535,0.999330380285523
"PROBE0444_at","PCOTH133",1,45,43,7.48968133333333,7.62381837209302,0.134137038759692,0.213833458594281,0.999330380285523
"PROBE0445_at","PCOTH134",1,45,43,7.62266222222222,7.65107674418605,0.0284145219638292,0.814842510973549,0.999330380285523
"PROBE0446_at","PCOTH135",1,45,43,8.11030911111111,8.16252953488372,0.05222042377261,0.6662256669126,0.999330380285523
"PROBE0447_at","PCOTH136",1,45,43,8.18756733333333,8.24173534883721,0.0541680155038797,0.633332618886313,0.999330380285523
"PROBE0448_at","PCOTH137",1,45,43,6.64476088888889,6.6126988372093,-0.0320620516795893,0.788105781768355,0.999330380285523
"PROBE0449_at","PCOTH138",1,45,43,8.30511666666667,8.30821046511628,0.00309379844960844,0.979456728568976,0.999330380285523
"PROBE0450_at","PCOTH139",1,45,43,7.37442666666667,7.55805837209302,0.18363170542636,0.0907059898076117,0.765451390781534
"PROBE0451_at","PCOTH140",1,45,43,5.31084377777778,5.4839976744186,0.173153896640827,0.134919162546392,0.932832559266353
"PROBE0452_at","PCOTH141",1,45,43,7.012252,7.0816476744186,0.0693956744186117,0.518429374318138,0.999330380285523
"PROBE0453_at","PCOTH142",1,45,43,8.36767822222222,8.32216790697674,-0.0455103152454779,0.670301825387473,0.999330380285523
"PROBE0454_at","PCOTH143",1,45,43,9.02514444444444,8.97583976744186,-0.0493046770025849,0.665422024373475,0.999330380285523
"PROBE0455_at","PCOTH144",1,45,43,8.21297177777778,8.16108511627907,-0.0518866614987061,0.605484238979266,0.999330380285523
"PROBE0456_at","PCOTH145",1,45,43,7.01971333333333,7.05105813953488,0.0313448062015498,0.793027059891388,0.999330380285523
"PROBE0457_at","PCOTH146",1,45,43,6.71345244444444,6.69248302325581,-0.0209694211886315,0.846951900826249,0.999330380285523
"PROBE0458_at","PCOTH147",1,45,43,8.41581088888889,8.35702209302326,-0.058788795865631,0.607850412141474,0.999330380285523
"PROBE0459_at","PCOTH148",1,45,43,9.75602177777778,9.87859279069767,0.122571012919897,0.295583094538216,0.999330380285523
"PROBE0460_at","PCOTH149",1,45,43,6.98144733333333,7.07690558139535,0.0954582480620152,0.422754909975145,0.999330380285523
"PROBE0461_at","PCOTH150",1,45,43,8.36437266666667,8.37520604651163,0.0108333798449625,0.918373853498942,0.999330380285523
"PROBE0462_at","PCOTH151",1,45,43,6.91337066666667,6.84568255813953,-0.0676881085271299,0.554109059866281,0.999330380285523
"PROBE0463_at","PCOTH152",1,45,43,6.24390155555556,6.14206348837209,-0.101838067183462,0.344672118637865,0.999330380285523
"PROBE0464_at","PCOTH153",1,45,43,7.09418711111111,7.11935418604651,0.0251670749354007,0.844788712945544,0.999330380285523
"PROBE0465_at","PCOTH154",1,45,43,8.94774666666667,8.79938139534884,-0.148365271317827,0.201596348045838,0.999330380285523
"PROBE0466_at","PCOTH155",1,45,43,6.06430244444444,6.28916953488372,0.224867090439279,0.0273706232801598,0.352033739937747
"PROBE0467_at","PCOTH156",1,45,43,5.83155244444444,5.85020046511628,0.0186480206718356,0.860472707384834,0.999330380285523
"PROBE0468_at","PCOTH157",1,45,43,5.802634,5.85233441860465,0.0497004186046492,0.647670003439663,0.999330380285523
"PROBE0469_at","PCOTH158",1,45,43,6.67521844444444,6.56438837209302,-0.110830072351423,0.325774329661316,0.999330380285523
"PROBE0470_at","PCOTH159",1,45,43,6.84938088888889,6.79254046511628,-0.0568404237726101,0.609147044644398,0.999330380285523
"PROBE0471_at","PCOTH160",1,45,43,5.10462488888889,5.11720720930233,0.0125823204134363,0.919310604846967,0.999330380285523
"PROBE0472_at","PCOTH161",1,45,43,7.06446444444444,7.05874069767442,-0.00572374677002774,0.957512210791564,0.999330380285523
"PROBE0473_at","PCOTH162",1,45,43,8.76116066666667,8.62940558139535,-0.131755085271315,0.231459118889992,0.999330380285523
"PROBE0474_at","PCOTH163",1,45,43,7.18310244444444,7.28492976744186,0.101827322997412,0.376571578886483,0.999330380285523
"PROBE0475_at","PCOTH164",1,45,43,6.895662,6.82329604651163,-0.072365953488374,0.524558723599304,0.999330380285523
"PROBE0476_at","PCOTH165",1,45,43,8.00829911111111,8.10008279069767,0.0917836795865608,0.374608197169251,0.999330380285523
"PROBE0477_at","PCOTH166",1,45,43,7.44531711111111,7.41118837209302,-0.0341287390180858,0.717540089771412,0.999330380285523
"PROBE0478_at","PCOTH167",1,45,43,8.39889511111111,8.4354688372093,0.036573726098192,0.747608527917404,0.999330380285523
"PROBE0479_at","PCOTH168",1,45,43,7.43369,7.46599395348837,0.0323039534883707,0.774587777614993,0.999330380285523
"PROBE0480_at","PCOTH169",1,45,43,7.72195577777778,7.74606651162791,0.0241107338501285,0.815164718530858,0.999330380285523
"PROBE0481_at","PCOTH170",1,45,43,8.28261066666667,8.31306511627907,0.0304544496124048,0.772894020590334,0.999330380285523
"PROBE0482_at","PCOTH171",1,45,43,8.824892,8.94272627906977,0.117834279069765,0.271272081170051,0.999330380285523
"PROBE0483_at","PCOTH172",1,45,43,5.51354355555556,5.48778697674419,-0.0257565788113681,0.816480683062286,0.999330380285523
"PROBE0484_at","PCOTH173",1,45,43,7.86906666666667,7.94865744186047,0.0795907751937959,0.464244765892104,0.999330380285523
"PROBE0485_at","PCOTH174",1,45,43,9.78927733333333,9.87268860465116,0.0834112713178357,0.430489402964122,0.999330380285523
"PROBE0486_at","PCOTH175",1,45,43,7.72701733333333,7.80494441860465,0.0779270852713196,0.542657292565719,0.999330380285523
"PROBE0487_at","PCOTH176",1,45,43,6.31744377777778,6.31346488372093,-0.00397889405684992,0.971375453928879,0.999330380285523
"PROBE0488_at","PCOTH177",1,45,43,9.40628711111111,9.33210488372093,-0.0741822273901818,0.500788208585116,0.999330380285523
"PROBE0489_at","PCOTH178",1,45,43,5.46969466666667,5.50373744186046,0.0340427751937993,0.759903158824809,0.999330380285523
"PROBE0490_at","PCOTH179",1,45,43,7.91656333333333,7.97341139534884,0.0568480620155025,0.583514415983806,0.999330380285523
"PROBE0491_at","PCOTH180",1,45,43,7.96930466666667,8.00388697674419,0.0345823100775187,0.780838676301271,0.999330380285523
"PROBE0492_at","PCOTH181",1,45,43,7.02852777777778,7.07298325581395,0.0444554780361743,0.666156380429872,0.999330380285523
"PROBE0493_at","PCOTH182",1,45,43,8.43340422222222,8.3789811627907,-0.0544230594315227,0.620810752699376,0.999330380285523
"PROBE0494_at","PCOTH183",1,45,43,7.76775755555556,7.63205488372093,-0.135702671834619,0.183383390305357,0.999330380285523
"PROBE0495_at","PCOTH184",1,45,43,8.01969977777778,7.8812076744186,-0.138492103359177,0.186849721771123,0.999330380285523
"PROBE0496_at","PCOTH185",1,45,43,7.78934866666667,7.83556581395349,0.046217147286824,0.68534412530454,0.999330380285523
"PROBE0497_at","PCOTH186",1,45,43,8.31193977777778,8.24663279069767,-0.0653069870801062,0.541938585845752,0.999330380285523
"PROBE0498_at","PCOTH187",1,45,43,8.77659933333333,8.84011372093023,0.0635143875969018,0.585667997977128,0.999330380285523
"PROBE0499_at","PCOTH188",1,45,43,7.26319288888889,7.36916302325581,0.105970134366925,0.352839162844192,0.999330380285523
"PROBE0500_at","PCOTH189",1,45,43,8.29909511111111,8.22599558139535,-0.0730995297157619,0.518144151534561,0.999330380285523
"PROBE0501_at","PCOTH190",1,45,43,8.45262444444444,8.43007279069767,-0.0225516537467687,0.824556197377371,0.999330380285523
"PROBE0502_at","PCOTH191",1,45,43,7.10523088888889,7.20557209302326,0.100341204134368,0.396540464348387,0.999330380285523
"PROBE0503_at","PCOTH192",1,45,43,9.17766955555556,9.21543046511628,0.0377609095607241,0.724730290161663,0.999330380285523
"PROBE0504_at","PCOTH193",1,45,43,7.606554,7.60486604651163,-0.00168795348837136,0.987578149201508,0.999330380285523
"PROBE0505_at","PCOTH194",1,45,43,6.84713844444444,6.84965744186047,0.00251899741602291,0.981634063231695,0.999330380285523
"PROBE0506_at","PCOTH195",1,45,43,8.41066733333333,8.31330651162791,-0.0973608217054291,0.348826455145225,0.999330380285523
"PROBE0507_at","PCOTH196",1,45,43,7.90101822222222,7.78740186046512,-0.113616361757106,0.282195233763615,0.999330380285523
"PROBE0508_at","PCOTH197",1,45,43,8.01624822222222,7.98971255813953,-0.0265356640826893,0.794003315490703,0.999330380285523
"PROBE0509_at","PCOTH198",1,45,43,7.02577177777778,7.01690976744186,-0.00886201033591671,0.938101755876023,0.999330380285523
"PROBE0510_at","PCOTH199",1,45,43,7.32543155555556,7.38957418604651,0.0641426304909567,0.577866590826159,0.999330380285523
"PROBE0511_at","PCOTH200",1,45,43,6.80918555555556,6.86718046511628,0.0579949095607253,0.59763712138104,0.999330380285523
"PROBE0512_at","PCOTH201",1,45,43,7.50250555555556,7.4349176744186,-0.0675878811369524,0.546460855055492,0.999330380285523
"PROBE0513_at","PCOTH202",1,45,43,8.28322733333333,8.22419348837209,-0.0590338449612346,0.594865850686005,0.999330380285523
"PROBE0514_at","PCOTH203",1,45,43,9.2476,9.09546860465116,-0.152131395348841,0.176584132337335,0.999330380285523
"PROBE0515_at","PCOTH204",1,45,43,7.60419888888889,7.63701209302326,0.0328132041343716,0.781835423733869,0.999330380285523
"PROBE0516_at","PCOTH205",1,45,43,6.96675933333333,7.10745488372093,0.140695550387601,0.219051614038425,0.999330380285523
"PROBE0517_at","PCOTH206",1,45,43,7.29268466666667,7.33929674418605,0.0466120775193817,0.689665987359531,0.999330380285523
"PROBE0518_at","PCOTH207",1,45,43,7.92188377777778,7.88684372093023,-0.035040056847544,0.77093898023859,0.999330380285523
"PROBE0519_at","PCOTH208",1,45,43,6.92238066666667,7.02325465116279,0.100873984496124,0.374839417221578,0.999330380285523
"PROBE0520_at","PCOTH209",1,45,43,7.93927777777778,7.94142348837209,0.00214571059431723,0.986007157352753,0.999330380285523
"PROBE0521_at","PCOTH210",1,45,43,6.24517533333333,6.22307139534884,-0.0221039379844949,0.851390215058718,0.999330380285523
"PROBE0522_at","PCOTH211",1,45,43,7.80552955555556,7.77031395348837,-0.0352156020671837,0.740180991705045,0.999330380285523
"PROBE0523_at","PCOTH212",1,45,43,8.33532444444444,8.21885860465116,-0.11646583979328,0.256144539043005,0.999330380285523
"PROBE0524_at","PCOTH213",1,45,43,5.83676422222222,5.95899511627907,0.122230894056847,0.27872318696962,0.999330380285523
"PROBE0525_at","PCOTH214",1,45,43,7.73773866666667,7.68948162790698,-0.0482570387596883,0.700840535005148,0.999330380285523
"PROBE0526_at","PCOTH215",1,45,43,6.09901488888889,6.02417395348837,-0.0748409354005153,0.482081592907164,0.999330380285523
"PROBE0527_at","PCOTH216",1,45,43,8.07172888888889,8.08917255813953,0.0174436692506408,0.873733923547265,0.999330380285523
"PROBE0528_at","PCOTH217",1,45,43,6.24890533333333,6.26502837209302,0.0161230387596918,0.89042755608569,0.999330380285523
"PROBE0529_at","PCOTH218",1,45,43,8.353128,8.39519139534884,0.042063395348837,0.720249392943412,0.999330380285523
"PROBE0530_at","PCOTH219",1,45,43,7.79851933333333,7.94702790697674,0.148508573643413,0.216541739810164,0.999330380285523
"PROBE0531_at","PCOTH220",1,45,43,7.97406444444444,7.75458465116279,-0.219479793281655,0.0376361029903293,0.437793630955213
"PROBE0532_at","PCOTH221",1,45,43,7.04371444444444,7.02638534883721,-0.0173290956072378,0.88513771724964,0.999330380285523
"PROBE0533_at","PCOTH222",1,45,43,7.12725111111111,7.18199558139535,0.0547444702842395,0.625508083124414,0.999330380285523
"PROBE0534_at","PCOTH223",1,45,43,6.27910911111111,6.37981325581395,0.100704144702846,0.333611211014436,0.999330380285523
"PROBE0535_at","PCOTH224",1,45,43,9.97519133333333,10.0078509302326,0.0326595968992258,0.755031375926382,0.999330380285523
"PROBE0536_at","PCOTH225",1,45,43,7.61623533333333,7.85311627906977,0.236880945736437,0.0349399608887182,0.414717636661343
"PROBE0537_at","PCOTH226",1,45,43,8.014406,7.96613604651163,-0.0482699534883722,0.63456385948705,0.999330380285523
"PROBE0538_at","PCOTH227",1,45,43,7.86016911111111,7.90709255813954,0.0469234470284263,0.672822102846436,0.999330380285523
"PROBE0539_at","PCOTH228",1,45,43,5.92183355555556,6.03490255813954,0.113069002583978,0.266179503351185,0.999330380285523
"PROBE0540_at","PCOTH229",1,45,43,8.39833577777778,8.49308209302326,0.0947463152454819,0.422254696376516,0.999330380285523
"PROBE0541_at","PCOTH230",1,45,43,5.90200066666667,5.84816697674419,-0.0538336899224774,0.668513512661697,0.999330380285523
"PROBE0542_at","PCOTH231",1,45,43,7.45467022222222,7.50088511627907,0.046214894056849,0.694632163810958,0.999330380285523
"PROBE0543_at","PCOTH232",1,45,43,8.53749155555556,8.56014441860465,0.0226528630490979,0.825633133672252,0.999330380285523
"PROBE0544_at","PCOTH233",1,45,43,8.42363911111111,8.55312069767442,0.129481586563305,0.19327750038632,0.999330380285523
"PROBE0545_at","PCOTH234",1,45,43,6.47293377777778,6.40513604651163,-0.0677977312661486,0.578221457273146,0.999330380285523
"PROBE0546_at","PCOTH235",1,45,43,8.43306244444445,8.54253441860465,0.109471974160206,0.397960897196287,0.999330380285523
"PROBE0547_at","PCOTH236",1,45,43,7.963266,7.88988395348837,-0.0733820465116253,0.475812966709046,0.999330380285523
"PROBE0548_at","PCOTH237",1,45,43,6.25731577777778,6.21453441860465,-0.0427813591731256,0.698939036484624,0.999330380285523
"PROBE0549_at","PCOTH238",1,45,43,7.46373266666667,7.45792720930233,-0.00580545736433891,0.957513849826253,0.999330380285523
"PROBE0550_at","PCOTH239",1,45,43,5.23029955555556,5.15949790697674,-0.0708016485788123,0.557545923913815,0.999330380285523
"PROBE0551_at","PCOTH240",1,45,43,7.61649488888889,7.63460186046512,0.0181069715762323,0.886091188320002,0.999330380285523
"PROBE0552_at","MEMGUS001",2,45,43,11.4465613333333,9.74708488372093,-1.6994764496124,4.92942573274145e-07,1.29721729808985e-05
"PROBE0553_at","MEMGUS002",2,45,43,11.0688275555556,9.76274093023256,-1.306086625323,7.91946896933463e-09,2.59654720306054e-07
"PROBE0554_at","MEMGUS003",2,45,43,10.7084491111111,8.7387388372093,-1.96971027390181,3.42006059816102e-22,1.24365839933128e-19
"PROBE0555_at","MEMGUS004",2,45,43,8.96263933333333,7.63721627906977,-1.32542305426357,1.04450126112467e-08,3.36935890685378e-07
"PROBE0556_at","MEMGUS005",2,45,43,9.32393111111111,7.6898211627907,-1.63410994832041,1.82669246699101e-13,9.87401333508655e-12
"PROBE0557_at","MEMGUS006",2,45,43,10.8241106666667,9.57383372093023,-1.25027694573644,1.54271904474269e-07,4.34568744997942e-06
"PROBE0558_at","MEMGUS007",2,45,43,6.86530444444444,5.50417209302326,-1.36113235142119,3.04891791954295e-14,1.99942038141628e-12
"PROBE0559_at","MEMGUS008",2,45,43,9.23236666666667,8.56122348837209,-0.671143178294576,1.55960852105634e-06,3.6615749691004e-05
"PROBE0560_at","MEMGUS009",2,45,43,14.0140555555556,12.9661379069767,-1.0479176485788,8.02529971245779e-08,2.37394752692186e-06
"PROBE0561_at","MEMGUS010",2,45,43,9.46902955555556,8.43873302325581,-1.03029653229974,0.00112641397317821,0.019173003798778
"PROBE0562_at","MEMGUS011",2,45,43,10.4292742222222,8.39002976744186,-2.03924445478036,2.89883617431118e-27,3.86511489908157e-24
"PROBE0563_at","MEMGUS012",2,45,43,11.1947026666667,9.38672023255814,-1.80798243410853,1.4392387296467e-07,4.11211065613343e-06
"PROBE0564_at","MEMGUS013",2,45,43,7.73438955555556,6.63329046511628,-1.10109909043928,8.84308156190757e-13,4.42154078095379e-11
"PROBE0565_at","MEMGUS014",2,45,43,10.6564124444444,9.45454627906977,-1.20186616537468,2.56677634813541e-05,0.000491249061844097
"PROBE0566_at","MEMGUS015",2,45,43,10.947304,9.45849720930233,-1.48880679069767,8.96629793398956e-12,3.89839040608242e-10
"PROBE0567_at","MEMGUS016",2,45,43,9.86984377777778,7.80479813953488,-2.06504563824289,1.35989024932891e-13,7.66135351734599e-12
"PROBE0568_at","MEMGUS017",2,45,43,8.04303955555556,7.00564906976744,-1.03739048578811,1.45101830181645e-06,3.45480548051535e-05
"PROBE0569_at","MEMGUS018",2,45,43,7.97055088888889,7.05186186046512,-0.91868902842377,1.91182481651531e-06,4.3949995781961e-05
"PROBE0570_at","MEMGUS019",2,45,43,8.37353977777778,6.99900139534884,-1.37453838242894,3.14015095712931e-05,0.000598123991834154
"PROBE0571_at","MEMGUS020",2,45,43,10.5039002222222,8.90379790697674,-1.60010231524547,1.93291950737408e-16,1.7181506732214e-14
"PROBE0572_at","MEMGUS021",2,45,43,11.712266,10.5774434883721,-1.13482251162791,4.72165372263408e-10,1.73271696243452e-08
"PROBE0573_at","MEMGUS022",2,45,43,10.6872864444444,9.77794488372093,-0.909341560723515,5.52398390204696e-07,1.40367004473558e-05
"PROBE0574_at","MEMGUS023",2,45,43,10.0826993333333,8.28835325581395,-1.79434607751937,7.65700879071694e-20,1.33165370273338e-17
"PROBE0575_at","MEMGUS024",2,45,43,11.188612,9.9545023255814,-1.23410967441861,8.35523288724623e-07,2.05036389871073e-05
"PROBE0576_at","MEMGUS025",2,45,43,10.0063084444444,8.33426093023256,-1.67204751421188,5.69669473573616e-10,2.07152535844951e-08
"PROBE0577_at","MEMGUS026",2,45,43,9.09704444444444,7.23426627906977,-1.86277816537468,4.89629458684557e-12,2.20058183678453e-10
"PROBE0578_at","MEMGUS027",2,45,43,10.9023855555556,9.96685162790698,-0.935533927648573,6.17396593457322e-11,2.51998609574417e-09
"PROBE0579_at","MEMGUS028",2,45,43,9.86180666666667,8.38827604651163,-1.47353062015504,1.00454064783066e-16,9.13218770755146e-15
"PROBE0580_at","MEMGUS029",2,45,43,10.7822057777778,9.17295162790698,-1.6092541498708,8.08471493089212e-15,5.57566546958077e-13
"PROBE0581_at","MEMGUS030",2,45,43,9.54451422222222,8.18431627906977,-1.36019794315246,6.83357864949658e-09,2.25903426429639e-07
"PROBE0582_at","MEMGUS031",2,45,43,8.657444,7.07170860465116,-1.58573539534884,3.48043546947352e-15,2.48602533533823e-13
"PROBE0583_at","MEMGUS032",2,45,43,9.13533177777778,7.82365209302326,-1.31167968475452,5.00548921447817e-21,1.25137230361954e-18
"PROBE0584_at","MEMGUS033",2,45,43,9.16709577777778,7.91907418604651,-1.24802159173127,8.47079065972285e-14,4.94312747309582e-12
"PROBE0585_at","MEMGUS034",2,45,43,13.7495524444444,12.4848027906977,-1.26474965374678,4.18022679715298e-13,2.22945429181492e-11
"PROBE0586_at","MEMGUS035",2,45,43,9.42721511111111,7.63893302325581,-1.7882820878553,1.97299201027269e-23,9.86496005136347e-21
"PROBE0587_at","MEMGUS036",2,45,43,10.6243904444444,9.74046348837209,-0.883926956072351,1.53455941224587e-07,4.34568744997942e-06
"PROBE0588_at","MEMGUS037",2,45,43,9.149442,7.63496720930233,-1.51447479069767,1.91310827079869e-15,1.44385529871599e-13
"PROBE0589_at","MEMGUS038",2,45,43,12.0851971111111,11.100241627907,-0.984955483204136,2.86114079127034e-08,8.73630775960408e-07
"PROBE0590_at","MEMGUS039",2,45,43,11.0345475555556,9.62470139534884,-1.40984616020672,2.2548962425726e-10,8.50904242480227e-09
"PROBE0591_at","MEMGUS040",2,45,43,9.85633533333333,8.85285209302326,-1.00348324031008,3.27052404379768e-05,0.000617080008263713
"PROBE0592_at","MEMGUS041",2,45,43,11.2020608888889,9.70427744186047,-1.49778344702842,1.12793130564037e-13,6.44532174651641e-12
"PROBE0593_at","MEMGUS042",2,45,43,10.6132466666667,9.66053139534884,-0.952715271317825,5.41848265702095e-08,1.62961884421683e-06
"PROBE0594_at","MEMGUS043",2,45,43,10.2250411111111,9.34621069767442,-0.878830413436686,1.24067454011161e-05,0.000250641321234668
"PROBE0595_at","MEMGUS044",2,45,43,9.28320177777778,8.19397674418605,-1.08922503359173,6.63648937637222e-13,3.40332788531909e-11
"PROBE0596_at","MEMGUS045",2,45,43,11.3427771111111,9.52334930232558,-1.81942780878553,2.17752834918596e-21,5.80674226449589e-19
"PROBE0597_at","MEMGUS046",2,45,43,10.331948,8.42536302325581,-1.90658497674418,3.54480785302465e-18,3.83222470597259e-16
"PROBE0598_at","MEMGUS047",2,45,43,9.71415488888889,8.20777651162791,-1.50637837726098,4.70707766181853e-09,1.56902588727284e-07
"PROBE0599_at","MEMGUS048",2,45,43,11.3315484444444,9.81302488372093,-1.51852356072352,5.28991999516003e-18,5.56833683701055e-16
"PROBE0600_at","MEMGUS049",2,45,43,10.7547115555556,10.0625474418605,-0.692164113695094,1.29284545033137e-08,4.1371054410604e-07
"PROBE0601_at","MEMGUS050",2,45,43,9.61227955555556,8.23361697674419,-1.37866257881137,2.71501358225375e-08,8.41864676667829e-07
"PROBE0602_at","MEMGUS051",2,45,43,12.115408,10.2817927906977,-1.83361520930233,4.18624765387173e-12,1.90283984266897e-10
"PROBE0603_at","MEMGUS052",2,45,43,11.249988,9.96056209302326,-1.28942590697674,5.90445020656339e-14,3.57845467064448e-12
"PROBE0604_at","MEMGUS053",2,45,43,8.42490866666667,6.81066534883721,-1.61424331782946,2.69907454832023e-08,8.41864676667829e-07
"PROBE0605_at","MEMGUS054",2,45,43,12.2026102222222,11.1472346511628,-1.05537557105943,3.80496162651578e-05,0.0006981580966084
"PROBE0606_at","MEMGUS055",2,45,43,9.624936,8.50091418604651,-1.12402181395349,6.16546408652037e-06,0.00013048601241313
"PROBE0607_at","MEMGUS056",2,45,43,10.1021737777778,8.92879651162791,-1.17337726614987,3.07003026787052e-07,8.35382385815108e-06
"PROBE0608_at","MEMGUS057",2,45,43,11.49284,10.0866323255814,-1.4062076744186,2.43417942086715e-15,1.803095867309e-13
"PROBE0609_at","MEMGUS058",2,45,43,10.0699166666667,8.37812604651163,-1.69179062015504,2.16586638776382e-12,1.0313649465542e-10
"PROBE0610_at","MEMGUS059",2,45,43,10.5811224444444,9.53943744186046,-1.04168500258398,3.12102315324594e-09,1.06701646264818e-07
"PROBE0611_at","MEMGUS060",2,45,43,10.5890655555556,8.83841651162791,-1.75064904392764,4.20281277289611e-19,5.60375036386148e-17
"PROBE0612_at","MEMGUS061",2,45,43,11.239282,10.0340009302326,-1.20528106976744,2.01343274265188e-05,0.000398699553000371
"PROBE0613_at","MEMGUS062",2,45,43,8.76549266666667,7.12684674418605,-1.63864592248062,1.99393600026077e-18,2.21548444473419e-16
"PROBE0614_at","MEMGUS063",2,45,43,10.9483233333333,10.0445962790698,-0.903727054263564,5.14829375298267e-07,1.34595915110658e-05
"PROBE0615_at","MEMGUS064",2,45,43,13.97081,13.0778190697674,-0.892990930232552,3.57434943594167e-05,0.000661916562211421
"PROBE0616_at","MEMGUS065",2,45,43,7.98192066666667,6.58739860465116,-1.3945220620155,1.41596240885314e-15,1.08920185296396e-13
"PROBE0617_at","MEMGUS066",2,45,43,8.45880066666667,7.55658,-0.902220666666664,0.000132098245564385,0.00231751308007693
"PROBE0618_at","MEMGUS067",2,45,43,10.1774302222222,8.85368395348837,-1.32374626873385,4.46672890360456e-07,1.18323944466346e-05
"PROBE0619_at","MEMGUS068",2,45,43,11.1647351111111,9.45457534883721,-1.7101597622739,8.65462037461129e-11,3.49681631297426e-09
"PROBE0620_at","MEMGUS069",2,45,43,9.36879688888889,8.30890488372093,-1.05989200516795,5.54449667670556e-07,1.40367004473558e-05
"PROBE0621_at","MEMGUS070",2,45,43,11.6390726666667,10.931636744186,-0.70743592248062,0.00250195975978287,0.0413547067732705
"PROBE0622_at","MEMGUS071",2,45,43,11.9004988888889,10.7002281395349,-1.200270749354,5.9590317302476e-12,2.64845854677671e-10
"PROBE0623_at","MEMGUS072",2,45,43,9.34944977777778,7.52405790697674,-1.82539187080103,8.95542781135075e-19,1.05357974251185e-16
"PROBE0624_at","MEMGUS073",2,45,43,11.1373864444444,10.6184253488372,-0.518961095607228,0.0427011692228829,0.483044991381559
"PROBE0625_at","MEMGUS074",2,45,43,9.900186,8.09301418604651,-1.80717181395349,9.50674113877872e-17,8.84348012909649e-15
"PROBE0626_at","MEMGUS075",2,45,43,11.5637291111111,9.90827139534884,-1.65545771576228,3.09798210076168e-15,2.25307789146304e-13
"PROBE0627_at","MEMGUS076",2,45,43,11.1909922222222,10.2314365116279,-0.959555710594314,4.85956722888024e-11,2.00394524902278e-09
"PROBE0628_at","MEMGUS077",2,45,43,8.62154911111111,7.31463325581395,-1.30691585529716,6.11280337140632e-13,3.21726493231911e-11
"PROBE0629_at","MEMGUS078",2,45,43,9.64777577777778,8.76464697674419,-0.883128801033598,0.00324309146144137,0.0527331944949816
"PROBE0630_at","MEMGUS079",2,45,43,10.8488926666667,8.90427069767442,-1.94462196899225,9.61698104418266e-12,4.13633593298179e-10
"PROBE0631_at","MEMGUS080",2,45,43,8.57654755555556,7.08358023255814,-1.49296732299741,2.1829081691369e-09,7.59272406656314e-08
"PROBE0632_at","MEHIGH001",2,45,43,11.9610824444444,12.9508881395349,0.989805695090443,1.93962935684645e-09,6.80571704156647e-08
"PROBE0633_at","MEHIGH002",2,45,43,7.95121977777778,10.3266348837209,2.37541510594315,8.28162938022259e-20,1.38027156337043e-17
"PROBE0634_at","MEHIGH003",2,45,43,6.80338822222222,8.08977534883721,1.28638712661499,2.46592741894385e-09,8.50319799635809e-08
"PROBE0635_at","MEHIGH004",2,45,43,8.97418888888889,10.5535453488372,1.57935645994832,6.16208877159749e-12,2.70861044905384e-10
"PROBE0636_at","MEHIGH005",2,45,43,8.90210622222222,10.6582511627907,1.75614494056847,1.00462777011059e-21,3.09116236957104e-19
"PROBE0637_at","MEHIGH006",2,45,43,10.1898493333333,10.8994388372093,0.70958950387597,0.00159975623630513,0.026551970727056
"PROBE0638_at","MEHIGH007",2,45,43,7.75836422222222,9.87017395348837,2.11180973126615,3.71033111244986e-19,5.11769808613773e-17
"PROBE0639_at","MEHIGH008",2,45,43,9.25286222222222,11.3962046511628,2.14334242894057,3.23212977890149e-29,1.2928519115606e-25
"PROBE0640_at","MEHIGH009",2,45,43,8.94607222222222,10.9074244186047,1.96135219638243,1.97175639216868e-10,7.51145292254737e-09
"PROBE0641_at","MEHIGH010",2,45,43,8.72402377777778,9.76565837209302,1.04163459431525,7.81366100839937e-13,3.95628405488576e-11
"PROBE0642_at","MEHIGH011",2,45,43,10.7737448888889,12.5456662790698,1.77192139018088,2.56025994843858e-14,1.73576945656853e-12
"PROBE0643_at","MEHIGH012",2,45,43,9.57436311111111,10.5808574418605,1.00649433074935,8.39040615578681e-06,0.000172998065067769
"PROBE0644_at","MEHIGH013",2,45,43,7.007748,8.95779534883721,1.95004734883721,1.3129089144544e-26,1.05032713156352e-23
"PROBE0645_at","MEHIGH014",2,45,43,8.67051177777778,10.050506744186,1.37999496640827,1.04757541624276e-15,8.21627777445303e-14
"PROBE0646_at","MEHIGH015",2,45,43,6.848942,8.78297372093023,1.93403172093024,1.84219508476669e-19,2.72917790335806e-17
"PROBE0647_at","MEHIGH016",2,45,43,8.67934955555556,10.282893255814,1.6035437002584,7.01777302432934e-19,8.50639154464162e-17
"PROBE0648_at","MEHIGH017",2,45,43,10.0678553333333,11.1903541860465,1.12249885271318,2.49602321761563e-07,6.88558128997415e-06
"PROBE0649_at","MEHIGH018",2,45,43,10.885894,12.4695969767442,1.58370297674419,4.38399207624955e-06,9.58249634152907e-05
"PROBE0650_at","MEHIGH019",2,45,43,8.20398177777778,9.08474837209302,0.880766594315249,1.29539956208336e-05,0.000260381821524293
"PROBE0651_at","MEHIGH020",2,45,43,7.40409511111111,9.10798441860465,1.70388930749355,7.09084888783618e-20,1.29028211657528e-17
"PROBE0652_at","MEHIGH021",2,45,43,9.37547088888889,11.0796151162791,1.70414422739019,2.61522311776468e-12,1.21638284547195e-10
"PROBE0653_at","MEHIGH022",2,45,43,7.69958222222222,9.35291,1.65332777777778,8.5268948910903e-14,4.94312747309582e-12
"PROBE0654_at","MEHIGH023",2,45,43,8.13898555555556,9.27476976744186,1.13578421188631,6.19193932130932e-07,1.55228949398493e-05
"PROBE0655_at","MEHIGH024",2,45,43,8.44786577777778,10.38927,1.94140422222222,2.0922315320614e-20,4.40469796223452e-18
"PROBE0656_at","MEHIGH025",2,45,43,10.2998106666667,12.0942469767442,1.79443631007752,1.56651130314373e-22,6.2660452125749e-20
"PROBE0657_at","MEHIGH026",2,45,43,8.85452088888889,10.9227746511628,2.0682537622739,5.52279631178641e-22,1.8409321039288e-19
"PROBE0658_at","MEHIGH027",2,45,43,8.74487755555556,10.2515286046512,1.50665104909561,3.65448941284845e-09,1.22839980263814e-07
"PROBE0659_at","MEHIGH028",2,45,43,10.2350353333333,11.5054760465116,1.27044071317829,4.13406493290675e-12,1.90071950938241e-10
"PROBE0660_at","MEHIGH029",2,45,43,9.555044,10.7147997674419,1.15975576744187,1.3707456461839e-10,5.37547312228982e-09
"PROBE0661_at","MEHIGH030",2,45,43,8.01733111111111,9.04321930232558,1.02588819121447,9.98725855521058e-09,3.24788896104409e-07
"PROBE0662_at","MEHIGH031",2,45,43,8.64841755555556,10.5607725581395,1.91235500258398,9.19735891526136e-13,4.5419056371661e-11
"PROBE0663_at","MEHIGH032",2,45,43,9.13463644444444,10.6437023255814,1.50906588113695,1.6176473516885e-13,8.98692973160279e-12
"PROBE0664_at","MEHIGH033",2,45,43,10.6104428888889,12.5869455813953,1.97650269250646,1.36290948040356e-17,1.29800902895577e-15
"PROBE0665_at","MEHIGH034",2,45,43,8.84900044444444,10.623101627907,1.77410118346254,1.13805516945598e-20,2.52901148767996e-18
"PROBE0666_at","MEHIGH035",2,45,43,8.76156288888889,10.2048190697674,1.44325618087856,3.31106927347703e-14,2.13617372482389e-12
"PROBE0667_at","MEHIGH036",2,45,43,9.77216422222222,10.6809213953488,0.908757173126624,1.80862678865051e-06,4.18179604312257e-05
"PROBE0668_at","MEHIGH037",2,45,43,10.5588188888889,11.6630858139535,1.10426692506459,8.48905119212747e-07,2.0705002907628e-05
"PROBE0669_at","MEHIGH038",2,45,43,8.38760266666667,9.68848093023256,1.30087826356589,2.76591328362207e-08,8.51050241114482e-07
"PROBE0670_at","MEHIGH039",2,45,43,9.46229844444444,10.6355920930233,1.17329364857881,1.01712991707769e-12,4.96160935159848e-11
"PROBE0671_at","MEHIGH040",2,45,43,8.57683666666667,9.72238581395349,1.14554914728682,3.91655533782019e-06,8.65537091230982e-05
"PROBE0672_at","MEHIGH041",2,45,43,8.261746,9.94272232558139,1.6809763255814,5.5217681841827e-19,7.12486217313897e-17
"PROBE0673_at","MEHIGH042",2,45,43,8.22590311111111,9.4974588372093,1.27155572609819,6.29166555853612e-13,3.26839769274603e-11
"PROBE0674_at","MEHIGH043",2,45,43,9.54762622222222,11.0743125581395,1.52668633591731,1.43474430295368e-10,5.57182253574245e-09
"PROBE0675_at","MEHIGH044",2,45,43,8.90809333333333,11.0269223255814,2.11882899224806,1.48502534692679e-23,8.48585912529591e-21
"PROBE0676_at","MEHIGH045",2,45,43,8.59905955555556,10.2055534883721,1.60649393281654,2.21652366831749e-16,1.92741188549347e-14
"PROBE0677_at","MEHIGH046",2,45,43,10.0132802222222,11.4247079069767,1.41142768475452,2.24308077291303e-12,1.05556742254731e-10
"PROBE0678_at","MEHIGH047",2,45,43,9.00641533333333,10.0956855813953,1.08927024806201,1.56642352071768e-11,6.526764669657e-10
"PROBE0679_at","MEHIGH048",2,45,43,8.51620888888889,9.82740465116279,1.3111957622739,4.77241361709163e-14,2.93686991821023e-12
"PROBE0680_at","MEHIGH049",2,45,43,6.92090244444444,8.92025488372093,1.99935243927649,7.09655164116403e-20,1.29028211657528e-17
"PROBE0681_at","MEHIGH050",2,45,43,8.58490377777778,10.2967851162791,1.71188133850129,3.47609587037318e-20,6.95219174074635e-18
"PROBE0682_at","MEHIGH051",2,45,43,8.53657822222222,10.9407853488372,2.40420712661499,3.0274723676578e-19,4.32496052522543e-17
"PROBE0683_at","MEHIGH052",2,45,43,9.30305288888889,10.9007362790698,1.59768339018088,4.0112225177161e-07,1.07683825978956e-05
"PROBE0684_at","MEHIGH053",2,45,43,8.48961666666667,10.0043141860465,1.51469751937985,1.24621439978769e-11,5.30303999909656e-10
"PROBE0685_at","MEHIGH054",2,45,43,9.10019777777778,10.5881090697674,1.48791129198966,3.8083526544311e-16,3.17362721202592e-14
"PROBE0686_at","MEHIGH055",2,45,43,10.1630713333333,11.8135374418605,1.65046610852713,1.49711456821795e-06,3.54346643365196e-05
"PROBE0687_at","MEHIGH056",2,45,43,7.75744866666667,9.43057209302326,1.67312342635659,3.58071243045877e-09,1.21380082388433e-07
"PROBE0688_at","MEHIGH057",2,45,43,11.1869937777778,12.7118188372093,1.52482505943152,1.81040014145779e-13,9.87401333508655e-12
"PROBE0689_at","MEHIGH058",2,45,43,10.5725873333333,12.5713553488372,1.99876801550388,3.04911608165983e-14,1.99942038141628e-12
"PROBE0690_at","MEHIGH059",2,45,43,9.13571288888889,10.2111430232558,1.07543013436693,3.08898137679118e-10,1.15475939319296e-08
"PROBE0691_at","MEHIGH060",2,45,43,11.1237766666667,12.9943823255814,1.87060565891472,4.12769929211834e-14,2.62076145531323e-12
"PROBE0692_at","MEHIGH061",2,45,43,11.8065568888889,13.0257255813953,1.21916869250646,6.20915797593973e-07,1.55228949398493e-05
"PROBE0693_at","MEHIGH062",2,45,43,9.41380066666667,10.7690381395349,1.35523747286822,4.58083421473069e-08,1.38813158022142e-06
"PROBE0694_at","MEHIGH063",2,45,43,10.1517355555556,12.0831211627907,1.93138560723514,6.70209378429135e-26,4.4680625228609e-23
"PROBE0695_at","MEHIGH064",2,45,43,11.3463333333333,13.2990272093023,1.95269387596899,1.08326140564126e-09,3.86879073443309e-08
"PROBE0696_at","MEHIGH065",2,45,43,7.06813822222222,9.1568588372093,2.08872061498708,5.01193451922793e-27,5.01193451922793e-24
"PROBE0697_at","MEHIGH066",2,45,43,8.92390533333333,10.6882318604651,1.76432652713178,3.43162766855814e-10,1.27097321057709e-08
"PROBE0698_at","MEHIGH067",2,45,43,11.7628342222222,13.2279451162791,1.46511089405685,1.01474968817412e-10,4.05899875269647e-09
"PROBE0699_at","MEHIGH068",2,45,43,7.405716,9.01433046511628,1.60861446511628,6.1014916322616e-19,7.626864540327e-17
"PROBE0700_at","MEHIGH069",2,45,43,7.55578222222222,9.12478697674419,1.56900475452197,8.21097189714612e-16,6.70283420175193e-14
"PROBE0701_at","MEHIGH070",2,45,43,6.02477111111111,7.75642511627907,1.73165400516796,1.61613697450932e-19,2.48636457616818e-17
"PROBE0702_at","MEHIGH071",2,45,43,7.65411733333333,8.91250674418605,1.25838941085272,2.54051120194388e-08,8.00161008486261e-07
"PROBE0703_at","MEHIGH072",2,45,43,9.48525244444444,10.8249365116279,1.33968406718346,4.67463460608794e-14,2.92164662880496e-12
"PROBE0704_at","MEHIGH073",2,45,43,10.2264506666667,12.5381730232558,2.31172235658915,2.10690792519922e-28,4.21381585039845e-25
"PROBE0705_at","MEHIGH074",2,45,43,7.764434,9.78533255813953,2.02089855813954,1.2871883971901e-17,1.25579355823425e-15
"PROBE0706_at","MEHIGH075",2,45,43,7.89458288888889,8.51860046511628,0.62401757622739,0.000108283849049352,0.00190808544580357
"PROBE0707_at","MEHIGH076",2,45,43,8.651676,10.0033853488372,1.35170934883721,5.78587539355752e-15,4.06026343407546e-13
"PROBE0708_at","MEHIGH077",2,45,43,9.30480688888889,10.7107353488372,1.40592845994832,1.16677861962109e-09,4.13018980396847e-08
"PROBE0709_at","MEHIGH078",2,45,43,8.48361933333333,9.95913860465116,1.47551927131783,1.56532329929042e-06,3.6615749691004e-05
"PROBE0710_at","MEHIGH079",2,45,43,9.06707377777778,11.1314195348837,2.06434575710595,1.55115171904351e-18,1.77274482176401e-16
"PROBE0711_at","MEHIGH080",2,45,43,8.379052,9.71848302325581,1.33943102325581,1.69146688332399e-10,6.50564185893841e-09
"PROBE0712_at","MEHIGH081",2,45,43,8.14474355555556,9.52473395348837,1.37999039793282,1.0446798620784e-15,8.21627777445303e-14
"PROBE0713_at","MEHIGH082",2,45,43,7.32123288888889,8.19588279069767,0.874649901808789,2.89098506113894e-07,7.92050701681901e-06
"PROBE0714_at","MEHIGH083",2,45,43,10.4716308888889,11.7283158139535,1.2566849250646,1.29531755879567e-11,5.45396866861336e-10
"PROBE0715_at","MEHIGH084",2,45,43,9.02781444444445,10.0387825581395,1.01096811369509,8.52020724669704e-05,0.00153517247688235
"PROBE0716_at","MEHIGH085",2,45,43,8.68985511111111,10.2757058139535,1.58585070284238,9.57255118495936e-20,1.5316081895935e-17
"PROBE0717_at","MEHIGH086",2,45,43,8.19908355555556,9.91933348837209,1.72024993281654,1.76739905019866e-12,8.51758578408994e-11
"PROBE0718_at","MEHIGH087",2,45,43,8.53296711111111,9.64285558139535,1.10988847028424,3.68129123513574e-07,9.94943577063714e-06
"PROBE0719_at","MEHIGH088",2,45,43,8.37884311111111,9.81751627906977,1.43867316795866,8.55783403556175e-10,3.08390415695919e-08
"PROBE0720_at","MEHIGH089",2,45,43,7.31929688888889,8.70794093023256,1.38864404134367,2.49878600618887e-06,5.58387934343882e-05
"PROBE0721_at","MEHIGH090",2,45,43,9.19726688888889,10.9535386046512,1.75627171576227,3.22747981807795e-16,2.74679133453443e-14
"PROBE0722_at","MEHIGH091",2,45,43,10.5519948888889,12.0733176744186,1.52132278552972,1.19728966618028e-10,4.74174125219912e-09
"PROBE0723_at","MEHIGH092",2,45,43,9.54441977777778,10.8938093023256,1.3493895245478,6.71598541141455e-21,1.58023186150931e-18
"PROBE0724_at","MEHIGH093",2,45,43,8.53923088888889,9.99463279069767,1.45540190180879,6.22004629942222e-18,6.37953466607407e-16
"PROBE0725_at","MEHIGH094",2,45,43,11.5725582222222,13.4693141860465,1.89675596382429,6.07773350193635e-23,2.70121488974949e-20
"PROBE0726_at","MEHIGH095",2,45,43,11.0624384444444,11.9965669767442,0.934128532299741,1.43966066272595e-08,4.57035131024112e-07
"PROBE0727_at","MEHIGH096",2,45,43,8.56248111111111,9.4759911627907,0.913510051679587,1.22454671461523e-07,3.54941076700066e-06
"PROBE0728_at","MEHIGH097",2,45,43,10.5748075555556,12.3110302325581,1.73622267700259,6.79491889240329e-14,4.05666799546465e-12
"PROBE0729_at","MEHIGH098",2,45,43,8.74981177777778,9.81728604651163,1.06747426873385,2.10662616271307e-06,4.76073709087698e-05
"PROBE0730_at","MEHIGH099",2,45,43,9.60012955555556,11.5004209302326,1.90029137467701,1.10117693237171e-17,1.10117693237171e-15
"PROBE0731_at","MEHIGH100",2,45,43,7.86933555555556,9.40082069767442,1.53148514211886,1.32541909696207e-21,3.78691170560591e-19
"PROBE0732_at","MEOTH001",2,45,43,7.55773711111111,7.91599534883721,0.358258237726096,0.0071131168146369,0.110280880847084
"PROBE0733_at","MEOTH002",2,45,43,9.05468755555555,8.96201558139535,-0.0926719741602042,0.528488022108406,0.999330380285523
"PROBE0734_at","MEOTH003",2,45,43,10.2938635555556,10.4286104651163,0.13474690956072,0.300492155484195,0.999330380285523
"PROBE0735_at","MEOTH004",2,45,43,11.0672951111111,10.9846609302326,-0.0826341808785536,0.531924431095873,0.999330380285523
"PROBE0736_at","MEOTH005",2,45,43,9.34184533333333,9.20276627906977,-0.139079054263567,0.37076241905897,0.999330380285523
"PROBE0737_at","MEOTH006",2,45,43,9.904584,9.85230348837209,-0.0522805116279006,0.720575336653347,0.999330380285523
"PROBE0738_at","MEOTH007",2,45,43,7.40660222222222,7.65710186046512,0.250499638242901,0.155099926206164,0.955931748574201
"PROBE0739_at","MEOTH008",2,45,43,8.66623288888889,8.70498720930233,0.0387543204134371,0.806295158002517,0.999330380285523
"PROBE0740_at","MEOTH009",2,45,43,12.9736002222222,12.9142709302326,-0.0593292919896644,0.630785262281573,0.999330380285523
"PROBE0741_at","MEOTH010",2,45,43,8.64667111111111,8.65134465116279,0.00467354005168019,0.972382870321008,0.999330380285523
"PROBE0742_at","MEOTH011",2,45,43,7.20048222222222,7.63058279069767,0.430100568475454,0.025166452656165,0.327901663272508
"PROBE0743_at","MEOTH012",2,45,43,10.0058886666667,9.98303302325581,-0.0228556434108498,0.932790386687546,0.999330380285523
"PROBE0744_at","MEOTH013",0,45,43,7.63963422222222,7.41899488372093,-0.220639338501295,0.412169599833348,0.999330380285523
"PROBE0745_at","MEOTH014",2,45,43,11.4426197777778,11.455858372093,0.0132385943152453,0.92281477959199,0.999330380285523
"PROBE0746_at","MEOTH015",2,45,43,8.558154,8.72990976744186,0.171755767441864,0.542732227952699,0.999330380285523
"PROBE0747_at","MEOTH016",2,45,43,11.0580968888889,11.2319493023256,0.173852413436693,0.365074390513637,0.999330380285523
"PROBE0748_at","MEOTH017",2,45,43,8.70513,8.88557697674419,0.180446976744186,0.256641311556931,0.999330380285523
"PROBE0749_at","MEOTH018",2,45,43,9.751448,9.72324255813954,-0.0282054418604645,0.906222952354104,0.999330380285523
"PROBE0750_at","MEOTH019",2,45,43,11.6880173333333,11.6256558139535,-0.0623615193798468,0.674374997269808,0.999330380285523
"PROBE0751_at","MEOTH020",2,45,43,8.07794577777778,8.05008046511628,-0.0278653126614952,0.875228103513548,0.999330380285523
"PROBE0752_at","MEOTH021",2,45,43,9.71890977777778,9.94597209302326,0.227062315245476,0.256800101868002,0.999330380285523
"PROBE0753_at","MEOTH022",2,45,43,8.968808,9.10778162790698,0.13897362790698,0.496412168246305,0.999330380285523
"PROBE0754_at","MEOTH023",2,45,43,10.4377933333333,10.6749704651163,0.237177131782945,0.135727137373254,0.932832559266353
"PROBE0755_at","MEOTH024",2,45,43,8.39684733333333,8.6933788372093,0.296531503875968,0.222301792030942,0.999330380285523
"PROBE0756_at","MEOTH025",2,45,43,8.57237355555556,8.77271976744186,0.200346211886304,0.295298470577402,0.999330380285523
"PROBE0757_at","MEOTH026",2,45,43,10.6761028888889,10.73977,0.0636671111111102,0.717384410145326,0.999330380285523
"PROBE0758_at","MEOTH027",2,45,43,10.845838,11.3772153488372,0.531377348837211,0.11778565770171,0.871293781742106
"PROBE0759_at","MEOTH028",2,45,43,9.43172333333333,9.69548720930233,0.263763875968998,0.0582589290616357,0.594478867975874
"PROBE0760_at","MEOTH029",2,45,43,10.7143524444444,10.5100965116279,-0.204255932816542,0.131518540824365,0.921320776352821
"PROBE0761_at","MEOTH030",2,45,43,10.2822911111111,10.732911627907,0.450620516795862,0.0216974223068799,0.289298964091732
"PROBE0762_at","MEOTH031",2,45,43,11.390258,11.4398709302326,0.0496129302325592,0.709770764901937,0.999330380285523
"PROBE0763_at","MEOTH032",2,45,43,10.3353575555556,10.409466744186,0.0741091886304979,0.621700686429689,0.999330380285523
"PROBE0764_at","MEOTH033",2,45,43,8.90611866666667,8.67466627906977,-0.231452387596901,0.320824252083232,0.999330380285523
"PROBE0765_at","MEOTH034",2,45,43,9.60070888888889,9.74709046511628,0.146381576227395,0.272368984408007,0.999330380285523
"PROBE0766_at","MEOTH035",2,45,43,8.58609288888889,8.81776558139535,0.231672692506462,0.193640448216741,0.999330380285523
"PROBE0767_at","MEOTH036",2,45,43,8.58216222222222,8.37344581395349,-0.20871640826873,0.334635240693844,0.999330380285523
"PROBE0768_at","MEOTH037",2,45,43,11.1101722222222,11.30857,0.198397777777773,0.212195699261446,0.999330380285523
"PROBE0769_at","MEOTH038",2,45,43,9.41843,9.54781627906977,0.129386279069768,0.363523097637783,0.999330380285523
"PROBE0770_at","MEOTH039",2,45,43,9.27595133333333,9.55256348837209,0.276612155038761,0.148150726433886,0.950935725171886
"PROBE0771_at","MEOTH040",2,45,43,8.74592511111111,9.21089093023256,0.464965819121446,0.0170909742324512,0.236290959814996
"PROBE0772_at","MEOTH041",2,45,43,9.44904533333333,9.57464,0.125594666666666,0.444878433995401,0.999330380285523
"PROBE0773_at","MEOTH042",2,45,43,11.7985464444444,11.8748574418605,0.0763109974160283,0.763804757840284,0.999330380285523
"PROBE0774_at","MEOTH043",2,45,43,9.36943133333333,9.04911581395349,-0.320315519379839,0.0588082118482825,0.597392621812775
"PROBE0775_at","MEOTH044",2,45,43,7.71966466666667,7.8288888372093,0.109224170542635,0.532169359688388,0.999330380285523
"PROBE0776_at","MEOTH045",2,45,43,9.39499844444444,9.31299488372093,-0.0820035607235159,0.549797728968273,0.999330380285523
"PROBE0777_at","MEOTH046",2,45,43,7.42034511111111,7.15734767441861,-0.262997436692508,0.0999908812355025,0.799575964935009
"PROBE0778_at","MEOTH047",2,45,43,8.96158955555556,9.16554325581395,0.203953700258399,0.227649424597772,0.999330380285523
"PROBE0779_at","MEOTH048",2,45,43,9.01119422222222,8.9232888372093,-0.0879053850129186,0.566212293540569,0.999330380285523
"PROBE0780_at","MEOTH049",2,45,43,11.8920837777778,11.6645276744186,-0.227556103359172,0.232259156167561,0.999330380285523
"PROBE0781_at","MEOTH050",2,45,43,10.3403708888889,10.1423425581395,-0.198028330749358,0.454100643051118,0.999330380285523
"PROBE0782_at","MEOTH051",2,45,43,9.800568,10.1025827906977,0.302014790697672,0.301525813173419,0.999330380285523
"PROBE0783_at","MEOTH052",2,45,43,11.4749484444444,11.658221627907,0.18327318346253,0.386333595061767,0.999330380285523
"PROBE0784_at","MEOTH053",2,45,43,7.67048177777778,7.84504465116279,0.174562873385016,0.563038461568662,0.999330380285523
"PROBE0785_at","MEOTH054",2,45,43,11.5503208888889,11.6657809302326,0.115460041343665,0.384667667250674,0.999330380285523
"PROBE0786_at","MEOTH055",2,45,43,10.9958088888889,11.1013613953488,0.105552506459949,0.627758336250082,0.999330380285523
"PROBE0787_at","MEOTH056",2,45,43,10.8186382222222,10.9700806976744,0.151442475452201,0.293942891368653,0.999330380285523
"PROBE0788_at","MEOTH057",2,45,43,11.3720911111111,11.6566534883721,0.284562377260986,0.289690974287885,0.999330380285523
"PROBE0789_at","MEOTH058",2,45,43,8.74004155555556,8.89623906976744,0.15619751421189,0.562963205873926,0.999330380285523
"PROBE0790_at","MEOTH059",2,45,43,8.44801533333333,8.43409441860465,-0.013920914728681,0.956679294670987,0.999330380285523
"PROBE0791_at","MEOTH060",2,45,43,10.7046291111111,10.7257497674419,0.0211206563307496,0.912742168090883,0.999330380285523
"PROBE0792_at","MEOTH061",2,45,43,9.28343622222222,9.02347674418605,-0.259959478036173,0.237866478995178,0.999330380285523
"PROBE0793_at","MEOTH062",2,45,43,9.01357533333333,9.04811627906977,0.034540945736433,0.878520712926192,0.999330380285523
"PROBE0794_at","MEOTH063",2,45,43,10.8410508888889,10.8688937209302,0.027842832041344,0.849677693408713,0.999330380285523
"PROBE0795_at","MEOTH064",2,45,43,10.0625868888889,10.5386306976744,0.476043808785526,0.00781372514558636,0.120211156085944
"PROBE0796_at","MEOTH065",2,45,43,11.30072,11.4465695348837,0.145849534883718,0.533340518619214,0.999330380285523
"PROBE0797_at","MEOTH066",2,45,43,8.45188844444444,8.79078232558139,0.338893881136951,0.0224903995119035,0.297886086250378
"PROBE0798_at","MEOTH067",2,45,43,10.6186231111111,10.5815241860465,-0.0370989250646012,0.784752705262615,0.999330380285523
"PROBE0799_at","MEOTH068",2,45,43,7.34642044444444,7.29245837209302,-0.0539620723514229,0.783264389650442,0.999330380285523
"PROBE0800_at","MEOTH069",0,45,43,8.48865666666667,8.33687488372093,-0.151781782945736,0.603042176737937,0.999330380285523
"PROBE0801_at","MEOTH070",2,45,43,9.24329733333333,9.48064953488372,0.237352201550388,0.126004571780434,0.896779649167807
"PROBE0802_at","MEOTH071",2,45,43,9.217726,9.02814255813954,-0.189583441860465,0.198345408782499,0.999330380285523
"PROBE0803_at","MEOTH072",2,45,43,10.427388,10.4007460465116,-0.0266419534883724,0.838909196694136,0.999330380285523
"PROBE0804_at","MEOTH073",2,45,43,10.3838957777778,10.3598418604651,-0.0240539173126617,0.906640779472335,0.999330380285523
"PROBE0805_at","MEOTH074",2,45,43,7.37712111111111,7.33122837209302,-0.0458927390180879,0.826906889989829,0.999330380285523
"PROBE0806_at","MEOTH075",2,45,43,9.07864266666667,9.24521604651163,0.16657337984496,0.374396868068927,0.999330380285523
"PROBE0807_at","MEOTH076",2,45,43,11.7239384444444,11.6029860465116,-0.120952397932818,0.418861579043292,0.999330380285523
"PROBE0808_at","MEOTH077",2,45,43,8.61140355555556,8.76969255813954,0.158289002583981,0.354901497244006,0.999330380285523
"PROBE0809_at","MEOTH078",2,45,43,7.160812,7.30625837209302,0.145446372093025,0.299650583999636,0.999330380285523
"PROBE0810_at","MEOTH079",2,45,43,8.81468266666667,9.01075418604651,0.196071519379849,0.198855736387714,0.999330380285523
"PROBE0811_at","MEOTH080",2,45,43,10.1474466666667,10.5683125581395,0.42086589147287,0.149846814562758,0.950935725171886
"PROBE0812_at","MEOTH081",2,45,43,12.0878724444444,12.3353360465116,0.247463602067178,0.193334243336202,0.999330380285523
"PROBE0813_at","MEOTH082",2,45,43,9.76945311111111,9.73837581395349,-0.0310772971576299,0.816927666080257,0.999330380285523
"PROBE0814_at","MEOTH083",2,45,43,10.0510011111111,10.1130697674419,0.0620686563307515,0.727999028858087,0.999330380285523
"PROBE0815_at","MEOTH084",2,45,43,10.548422,10.8824955813953,0.334073581395344,0.107893570157696,0.826770652549398
"PROBE0816_at","MEOTH085",2,45,43,11.4077788888889,11.4879206976744,0.080141808785525,0.601451677978588,0.999330380285523
"PROBE0817_at","MEOTH086",2,45,43,9.74417444444444,10.0680465116279,0.32387206718346,0.237951513530705,0.999330380285523
"PROBE0818_at","MEOTH087",2,45,43,7.48725,7.39823906976744,-0.0890109302325586,0.471717990903175,0.999330380285523
"PROBE0819_at","MEOTH088",2,45,43,8.24472577777778,8.39388348837209,0.149157710594318,0.42336658869499,0.999330380285523
"PROBE0820_at","MEOTH089",2,45,43,10.4448746666667,10.6063713953488,0.16149672868217,0.222049846169106,0.999330380285523
"PROBE0821_at","MEOTH090",2,45,43,10.6584937777778,10.9835572093023,0.325063431524551,0.0121649445822878,0.178154166509502
"PROBE0822_at","MEOTH091",2,45,43,10.2136986666667,10.1558423255814,-0.0578563410852642,0.749251938805723,0.999330380285523
"PROBE0823_at","MEOTH092",2,45,43,9.26747288888889,9.25779162790698,-0.00968126098190858,0.937303729296056,0.999330380285523
"PROBE0824_at","MEOTH093",2,45,43,9.30944266666667,9.68635930232558,0.376916635658917,0.128588997390286,0.907388161747684
"PROBE0825_at","MEOTH094",2,45,43,8.98287755555556,9.19942139534884,0.216543839793285,0.439479549574762,0.999330380285523
"PROBE0826_at","MEOTH095",2,45,43,11.8162026666667,11.7549162790698,-0.0612863875968941,0.769088348916263,0.999330380285523
"PROBE0827_at","MEOTH096",2,45,43,9.69625155555556,9.78212860465116,0.0858770490956093,0.748751058601141,0.999330380285523
"PROBE0828_at","MEOTH097",2,45,43,9.29144622222222,9.55152511627907,0.260078894056848,0.0944737099505939,0.779702309813954
"PROBE0829_at","MEOTH098",2,45,43,9.79316911111111,10.175788372093,0.382619260981915,0.00357130741386496,0.0578349378763556
"PROBE0830_at","MEOTH099",2,45,43,9.53011355555556,9.67982744186046,0.149713886304909,0.605763614735336,0.999330380285523
"PROBE0831_at","MEOTH100",2,45,43,9.49625333333333,9.57691325581395,0.080659922480617,0.555138553777994,0.999330380285523
"PROBE0832_at","MEOTH101",2,45,43,10.7180746666667,10.6266927906977,-0.0913818759689899,0.619663988974869,0.999330380285523
"PROBE0833_at","MEOTH102",2,45,43,10.66921,10.0011634883721,-0.6680465116279,0.000195793487704315,0.00339036342345134
"PROBE0834_at","MEOTH103",2,45,43,8.16180888888889,8.08796395348837,-0.0738449354005173,0.646317370573099,0.999330380285523
"PROBE0835_at","MEOTH104",2,45,43,10.8977626666667,10.9258081395349,0.0280454728682216,0.878937934286856,0.999330380285523
"PROBE0836_at","MEOTH105",2,45,43,9.99028066666667,9.88510441860465,-0.105176248062012,0.540226415965301,0.999330380285523
"PROBE0837_at","MEOTH106",2,45,43,8.64410266666667,8.69511395348837,0.0510112868217085,0.681698026973395,0.999330380285523
"PROBE0838_at","MEOTH107",2,45,43,11.3675384444444,11.4405060465116,0.0729676020671839,0.634849228372226,0.999330380285523
"PROBE0839_at","MEOTH108",2,45,43,7.92050133333333,8.22208302325581,0.301581689922483,0.0561539191797322,0.581905898235566
"PROBE0840_at","MEOTH109",2,45,43,11.3256955555556,10.9962765116279,-0.329419043927642,0.0171310945865872,0.236290959814996
"PROBE0841_at","MEOTH110",2,45,43,9.088998,8.83568279069767,-0.253315209302325,0.091281798726721,0.768681969018146
"PROBE0842_at","MEOTH111",2,45,43,11.2031577777778,11.1662541860465,-0.0369035917312637,0.765395424559933,0.999330380285523
"PROBE0843_at","MEOTH112",2,45,43,9.53694533333333,10.03053,0.493584666666672,0.00134284923285394,0.0225688946698141
"PROBE0844_at","MEOTH113",2,45,43,8.08991288888889,7.8660023255814,-0.223910563307497,0.26113803433612,0.999330380285523
"PROBE0845_at","MEOTH114",2,45,43,10.2629075555556,10.3098897674419,0.0469822118863075,0.776274973073464,0.999330380285523
"PROBE0846_at","MEOTH115",2,45,43,7.97202755555556,8.43489162790698,0.462864072351427,0.0285365188545952,0.363522533179557
"PROBE0847_at","MEOTH116",2,45,43,9.77898244444444,10.0468562790698,0.267873834625325,0.0754102340340288,0.692986898379596
"PROBE0848_at","MEOTH117",2,45,43,9.21165288888889,9.18641720930233,-0.0252356795865616,0.842206717557939,0.999330380285523
"PROBE0849_at","MEOTH118",2,45,43,8.94434355555556,9.23219813953488,0.28785458397933,0.0170020094407379,0.236139020010248
"PROBE0850_at","MEOTH119",2,45,43,8.77807511111111,8.5912823255814,-0.186792785529722,0.314679092075851,0.999330380285523
"PROBE0851_at","MEOTH120",2,45,43,9.51622755555556,9.84795511627907,0.331727560723516,0.0871250517258317,0.752700230892714
"PROBE0852_at","MEOTH121",2,45,43,9.55560688888889,9.68460348837209,0.128996599483207,0.352232148237848,0.999330380285523
"PROBE0853_at","MEOTH122",2,45,43,10.6694302222222,10.514566744186,-0.154863478036178,0.360723581411084,0.999330380285523
"PROBE0854_at","MEOTH123",2,45,43,7.13207888888889,7.36985465116279,0.237775762273905,0.071503664909423,0.687535239513683
"PROBE0855_at","MEOTH124",2,45,43,10.0326364444444,10.2206804651163,0.188044020671832,0.244526611854128,0.999330380285523
"PROBE0856_at","MEOTH125",2,45,43,8.346402,8.11389255813953,-0.232509441860467,0.356750959668194,0.999330380285523
"PROBE0857_at","MEOTH126",2,45,43,10.4295157777778,10.604981627907,0.1754658501292,0.271725351178377,0.999330380285523
"PROBE0858_at","MEOTH127",2,45,43,6.86658622222222,6.99329488372093,0.12670866149871,0.521819806948483,0.999330380285523
"PROBE0859_at","MEOTH128",2,45,43,9.73245244444444,9.48130046511628,-0.251151979328162,0.0815318546827123,0.723120662374389
"PROBE0860_at","MEOTH129",2,45,43,8.74573866666667,9.05716232558139,0.311423658914729,0.0957537025300059,0.783261370388597
"PROBE0861_at","MEOTH130",2,45,43,7.43828444444444,7.37458325581395,-0.0637011886304917,0.644327842051374,0.999330380285523
"PROBE0862_at","MEOTH131",2,45,43,11.1319466666667,11.260101627907,0.128154961240318,0.336536651475492,0.999330380285523
"PROBE0863_at","MEOTH132",2,45,43,7.13046466666667,7.18449511627907,0.0540304496124016,0.83493789911862,0.999330380285523
"PROBE0864_at","MEOTH133",2,45,43,12.7418077777778,12.8809469767442,0.139139198966411,0.237542402941426,0.999330380285523
"PROBE0865_at","MEOTH134",2,45,43,10.837332,11.3312618604651,0.493929860465112,0.0182106887275844,0.248610085018217
"PROBE0866_at","MEOTH135",2,45,43,8.48660888888889,8.71314023255814,0.226531343669253,0.187632402171556,0.999330380285523
"PROBE0867_at","MEOTH136",2,45,43,9.64822333333333,9.57165906976744,-0.0765642635658939,0.666126131226068,0.999330380285523
"PROBE0868_at","MEOTH137",2,45,43,9.63717888888889,9.78831395348837,0.151135064599485,0.44642006905124,0.999330380285523
"PROBE0869_at","MEOTH138",2,45,43,10.8648548888889,10.8627290697674,-0.00212581912144749,0.989687686596984,0.999330380285523
"PROBE0870_at","MEOTH139",2,45,43,9.55089377777778,9.40162348837209,-0.149270289405683,0.303493554166484,0.999330380285523
"PROBE0871_at","MEOTH140",2,45,43,8.76649288888889,8.83530534883721,0.0688124599483206,0.679466530456303,0.999330380285523
"PROBE0872_at","MEOTH141",2,45,43,10.8816322222222,10.960448372093,0.0788161498708053,0.764787481455196,0.999330380285523
"PROBE0873_at","MEOTH142",2,45,43,8.82680022222222,8.53683627906977,-0.289963943152458,0.0987626930334467,0.798082367947044
"PROBE0874_at","MEOTH143",2,45,43,9.65335555555555,9.86627325581395,0.212917700258398,0.341167100301525,0.999330380285523
"PROBE0875_at","MEOTH144",2,45,43,10.4640006666667,10.6892039534884,0.225203286821699,0.271583448558293,0.999330380285523
"PROBE0876_at","MEOTH145",2,45,43,10.3194315555556,9.92007767441861,-0.399353881136948,0.0376502522621483,0.437793630955213
"PROBE0877_at","MEOTH146",2,45,43,9.26548866666667,9.43686906976744,0.171380403100775,0.56549461096362,0.999330380285523
"PROBE0878_at","MEOTH147",2,45,43,11.2628808888889,11.4942704651163,0.231389576227397,0.288670724879238,0.999330380285523
"PROBE0879_at","MEOTH148",2,45,43,10.4923822222222,10.2554713953488,-0.236910826873384,0.31872263402112,0.999330380285523
"PROBE0880_at","MEOTH149",2,45,43,10.3737993333333,10.214028372093,-0.159770961240312,0.276282924156765,0.999330380285523
"PROBE0881_at","MEOTH150",2,45,43,9.01213688888889,9.08422348837209,0.0720865994832049,0.616297080542387,0.999330380285523
"PROBE0882_at","MEOTH151",2,45,43,9.44499533333333,9.55968511627907,0.114689782945739,0.464516840697847,0.999330380285523
"PROBE0883_at","MEOTH152",2,45,43,9.01492555555556,8.9128488372093,-0.102076718346249,0.41665504365831,0.999330380285523
"PROBE0884_at","MEOTH153",2,45,43,11.1322862222222,11.0413441860465,-0.0909420361757114,0.64727470605961,0.999330380285523
"PROBE0885_at","MEOTH154",2,45,43,9.95808977777778,10.2976344186047,0.339544640826873,0.176197426784826,0.999330380285523
"PROBE0886_at","MEOTH155",2,45,43,11.1690824444444,11.2077960465116,0.038713602067185,0.744607441128621,0.999330380285523
"PROBE0887_at","MEOTH156",2,45,43,8.479906,8.57391186046512,0.0940058604651206,0.545750571116597,0.999330380285523
"PROBE0888_at","MEOTH157",2,45,43,10.1038028888889,10.1752234883721,0.0714205994832042,0.723657897295181,0.999330380285523
"PROBE0889_at","MEOTH158",2,45,43,8.68846466666667,8.64203302325581,-0.0464316434108518,0.750779892787618,0.999330380285523
"PROBE0890_at","MEOTH159",2,45,43,11.146432,11.1313453488372,-0.0150866511627861,0.924986164912781,0.999330380285523
"PROBE0891_at","MEOTH160",2,45,43,10.0962635555556,10.235631627907,0.139368072351418,0.261452019364717,0.999330380285523
"PROBE0892_at","MEOTH161",2,45,43,10.511672,10.8937734883721,0.382101488372095,0.149568635671855,0.950935725171886
"PROBE0893_at","MEOTH162",2,45,43,11.7333173333333,11.6634137209302,-0.0699036124031007,0.76815374728274,0.999330380285523
"PROBE0894_at","MEOTH163",2,45,43,8.60769533333333,8.70004325581395,0.0923479224806201,0.598675002445172,0.999330380285523
"PROBE0895_at","MEOTH164",2,45,43,8.93079555555556,8.96600255813953,0.0352070025839826,0.796861045999303,0.999330380285523
"PROBE0896_at","MEOTH165",2,45,43,7.991344,8.2778811627907,0.286537162790696,0.035620034829868,0.419059233292565
"PROBE0897_at","MEOTH166",2,45,43,10.234334,10.3252372093023,0.0909032093023274,0.72448119682139,0.999330380285523
"PROBE0898_at","MEOTH167",2,45,43,11.91888,11.9464241860465,0.0275441860465158,0.906048463327806,0.999330380285523
"PROBE0899_at","MEOTH168",2,45,43,9.42167444444445,10.0077062790698,0.586031834625325,0.0463836994919054,0.513946808774575
"PROBE0900_at","MEOTH169",2,45,43,9.27457266666667,9.48065465116279,0.206081984496125,0.14509858220645,0.950935725171886
"PROBE0901_at","MEOTH170",2,45,43,10.3429555555556,10.4661018604651,0.123146304909564,0.372472787676116,0.999330380285523
"PROBE0902_at","MEOTH171",2,45,43,9.19040088888889,9.41671837209302,0.226317483204133,0.148335313019007,0.950935725171886
"PROBE0903_at","MEOTH172",2,45,43,7.99517555555556,8.10557186046512,0.110396304909566,0.39924138837803,0.999330380285523
"PROBE0904_at","MEOTH173",2,45,43,9.02425355555556,8.48675697674419,-0.537496578811366,0.0160780944271504,0.224084939751226
"PROBE0905_at","MEOTH174",2,45,43,10.9090255555556,11.1830979069767,0.274072351421193,0.0938626997447861,0.777330846747711
"PROBE0906_at","MEOTH175",2,45,43,7.86734355555556,8.28079279069767,0.413449235142116,0.024023226464292,0.31505870772842
"PROBE0907_at","MEOTH176",2,45,43,10.2271904444444,10.6210760465116,0.393885602067181,0.047841732655548,0.522951192671949
"PROBE0908_at","MEOTH177",2,45,43,9.56446111111111,9.41968744186046,-0.144773669250647,0.395115895815074,0.999330380285523
"PROBE0909_at","MEOTH178",2,45,43,7.72036355555556,7.69934418604651,-0.0210193695090437,0.875901935066807,0.999330380285523
"PROBE0910_at","MEOTH179",2,45,43,9.85005977777778,9.92697348837209,0.076913710594317,0.805750955987853,0.999330380285523
"PROBE0911_at","MEOTH180",2,45,43,9.81848866666667,10.2065197674419,0.388031100775203,0.00819190639276176,0.125546458126617
"PROBE0912_at","MEOTH181",2,45,43,6.918828,6.86086186046512,-0.0579661395348836,0.626448199850049,0.999330380285523
"PROBE0913_at","MEOTH182",2,45,43,9.43246755555556,9.75879534883721,0.326327793281653,0.178560307897593,0.999330380285523
"PROBE0914_at","MEOTH183",2,45,43,7.12970022222222,7.02118976744186,-0.108510454780357,0.627305690128242,0.999330380285523
"PROBE0915_at","MEOTH184",2,45,43,11.296858,11.0414323255814,-0.255425674418596,0.261850593612366,0.999330380285523
"PROBE0916_at","MEOTH185",2,45,43,9.60579555555556,9.65926441860465,0.0534688630490905,0.746947071741668,0.999330380285523
"PROBE0917_at","MEOTH186",2,45,43,10.0345035555556,10.1172304651163,0.0827269095607264,0.53534476820646,0.999330380285523
"PROBE0918_at","MEOTH187",2,45,43,10.3685368888889,10.0397330232558,-0.328803865633077,0.208185602469193,0.999330380285523
"PROBE0919_at","MEOTH188",2,45,43,9.55317644444444,9.32944837209302,-0.223728072351424,0.304209570890278,0.999330380285523
"PROBE0920_at","MEOTH189",2,45,43,8.627716,9.04034046511628,0.412624465116275,0.0558768319527774,0.58053851379509
"PROBE0921_at","MEOTH190",2,45,43,10.4059568888889,10.1208993023256,-0.285057586563308,0.270736835872053,0.999330380285523
"PROBE0922_at","MEOTH191",2,45,43,9.72087422222222,9.52634930232558,-0.194524919896642,0.242829549015309,0.999330380285523
"PROBE0923_at","MEOTH192",2,45,43,8.35540466666667,8.52201488372093,0.166610217054266,0.390255977387396,0.999330380285523
"PROBE0924_at","MEOTH193",2,45,43,8.35763511111111,8.21732302325581,-0.140312087855298,0.262639940460543,0.999330380285523
"PROBE0925_at","MEOTH194",2,45,43,9.03366911111111,9.21826744186047,0.184598330749353,0.246521400389971,0.999330380285523
"PROBE0926_at","MEOTH195",2,45,43,10.8457028888889,11.1390553488372,0.293352459948318,0.0684044467867507,0.662755571257945
"PROBE0927_at","MEOTH196",2,45,43,10.2642775555556,10.5847453488372,0.320467793281653,0.0430769184025132,0.484010319129362
"PROBE0928_at","MEOTH197",2,45,43,8.25448333333333,8.47102046511628,0.216537131782948,0.103167386645945,0.813943878863475
"PROBE0929_at","MEOTH198",2,45,43,10.7256117777778,10.4297637209302,-0.295848056847548,0.121607314785844,0.883951375656098
"PROBE0930_at","MEOTH199",2,45,43,8.39105755555556,8.47222976744186,0.0811722118863081,0.707515565166789,0.999330380285523
"PROBE0931_at","MEOTH200",2,45,43,9.20913488888889,9.03787093023256,-0.171263958656327,0.446406562084228,0.999330380285523
"PROBE0932_at","MEOTH201",2,45,43,10.5517533333333,10.3158081395349,-0.235945193798448,0.126019684889666,0.896779649167807
"PROBE0933_at","MEOTH202",2,45,43,11.5261382222222,11.5493104651163,0.0231722428940557,0.919332778076953,0.999330380285523
"PROBE0934_at","MEOTH203",2,45,43,8.29088222222222,8.30660813953488,0.0157259173126629,0.930831933153547,0.999330380285523
"PROBE0935_at","MEOTH204",2,45,43,8.65329333333333,9.01491604651163,0.361622713178297,0.0336632846842595,0.40558174318385
"PROBE0936_at","MEOTH205",2,45,43,9.75808111111111,9.89680186046512,0.138720749354007,0.436277368783017,0.999330380285523
"PROBE0937_at","MEOTH206",2,45,43,9.41739577777778,9.22401813953488,-0.193377638242891,0.2020586868464,0.999330380285523
"PROBE0938_at","MEOTH207",2,45,43,9.30010244444444,8.92608604651163,-0.374016397932818,0.0116281723512274,0.172909626040556
"PROBE0939_at","MEOTH208",2,45,43,10.373706,10.4209611627907,0.0472551627906981,0.814922704997843,0.999330380285523
"PROBE0940_at","MEOTH209",2,45,43,7.96642955555556,8.11046465116279,0.144035095607233,0.491316520295044,0.999330380285523
"PROBE0941_at","MEOTH210",2,45,43,8.36357066666667,8.51874325581395,0.155172589147286,0.243693850697301,0.999330380285523
"PROBE0942_at","MEOTH211",2,45,43,10.6559344444444,11.0259823255814,0.370047881136941,0.0256938733101999,0.333686666366233
"PROBE0943_at","MEOTH212",2,45,43,10.9769751111111,11.0700118604651,0.0930367493540079,0.691448648277829,0.999330380285523
"PROBE0944_at","MEOTH213",2,45,43,9.08418555555556,9.08403325581395,-0.000152299741600359,0.99925249672413,0.999818966729852
"PROBE0945_at","MEOTH214",2,45,43,9.33692488888889,9.71204511627907,0.375120227390182,0.0120701932775321,0.178154166509502
"PROBE0946_at","MEOTH215",2,45,43,9.23822777777778,9.25610023255814,0.0178724547803633,0.90629548868081,0.999330380285523
"PROBE0947_at","MEOTH216",2,45,43,9.26392444444445,9.60688581395349,0.342961369509043,0.169866630425835,0.989347380354554
"PROBE0948_at","MEOTH217",2,45,43,9.71038577777778,9.71674348837209,0.00635771059431889,0.963526774624777,0.999330380285523
"PROBE0949_at","MEOTH218",2,45,43,10.900826,11.2006788372093,0.299852837209309,0.105770625142069,0.82191752634415
"PROBE0950_at","MEOTH219",2,45,43,8.60297777777778,8.52075186046512,-0.0822259173126625,0.553002577341784,0.999330380285523
"PROBE0951_at","MEOTH220",2,45,43,10.3881744444444,10.5371065116279,0.148932067183463,0.537239904956463,0.999330380285523
"PROBE0952_at","MEOTH221",2,45,43,9.91957355555556,9.93647953488372,0.0169059793281701,0.929507730823667,0.999330380285523
"PROBE0953_at","MEOTH222",2,45,43,8.33811555555556,8.43986441860465,0.101748863049092,0.468576743956778,0.999330380285523
"PROBE0954_at","MEOTH223",2,45,43,10.3812053333333,10.570011627907,0.188806294573642,0.133898611856476,0.931468604218963
"PROBE0955_at","MEOTH224",2,45,43,8.740368,8.91178348837209,0.171415488372098,0.389927477937394,0.999330380285523
"PROBE0956_at","MEOTH225",2,45,43,9.011612,8.88108139534884,-0.130530604651161,0.438528849591495,0.999330380285523
"PROBE0957_at","MEOTH226",2,45,43,11.4422733333333,11.447651627907,0.00537829457364936,0.973726847714063,0.999330380285523
"PROBE0958_at","MEOTH227",2,45,43,12.1169373333333,11.8270030232558,-0.289934310077523,0.0920085040488885,0.768681969018146
"PROBE0959_at","MEOTH228",2,45,43,9.04659688888889,9.32431302325581,0.277716134366923,0.074017950646835,0.692986898379596
"PROBE0960_at","MEOTH229",2,45,43,10.472716,10.2957111627907,-0.177004837209305,0.308025498828796,0.999330380285523
"PROBE0961_at","MEOTH230",2,45,43,9.09389644444444,9.27281790697674,0.178921462532303,0.271784317301817,0.999330380285523
"PROBE0962_at","MEOTH231",2,45,43,9.01641977777778,9.13729139534884,0.120871617571057,0.499083250224524,0.999330380285523
"PROBE0963_at","MEOTH232",2,45,43,7.62901555555556,7.99630558139535,0.367290025839793,0.0311318742000135,0.3855340458206
"PROBE0964_at","MEOTH233",2,45,43,8.39995888888889,8.2304111627907,-0.169547726098193,0.203696600410954,0.999330380285523
"PROBE0965_at","MEOTH234",2,45,43,9.86201511111111,10.5979025581395,0.735887447028434,0.017449613227292,0.239857226491987
"PROBE0966_at","MEOTH235",2,45,43,10.8302022222222,10.7636337209302,-0.066568501291993,0.754260607421005,0.999330380285523
"PROBE0967_at","MEOTH236",2,45,43,9.67027866666667,9.50189325581395,-0.168385410852713,0.266096558493892,0.999330380285523
"PROBE0968_at","MEOTH237",2,45,43,8.74498977777778,8.85915325581395,0.114163478036177,0.582714329356278,0.999330380285523
"PROBE0969_at","MEOTH238",2,45,43,12.6637962222222,12.7394323255814,0.0756361033591695,0.691702393659633,0.999330380285523
"PROBE0970_at","MEOTH239",2,45,43,8.948244,8.92196976744186,-0.0262742325581389,0.905723103793358,0.999330380285523
"PROBE0971_at","MEOTH240",2,45,43,8.59811266666667,8.35073558139535,-0.24737708527131,0.216150937967364,0.999330380285523
"PROBE0972_at","GENE0972",0,45,43,6.97465955555556,6.93711139534884,-0.0375481602067227,0.730087168375072,0.999330380285523
"PROBE0973_at","GENE0973",1,45,43,10.3325313333333,10.3230906976744,-0.00944063565891007,0.928004528927322,0.999330380285523
"PROBE0974_at","GENE0974",1,45,43,8.76107844444445,8.60321581395349,-0.157862630490955,0.167997098684156,0.989347380354554
"PROBE0975_at","GENE0975",0,45,43,9.37489,9.45318720930232,0.078297209302324,0.499900823193443,0.999330380285523
"PROBE0976_at","GENE0976",2,45,43,9.74104266666667,9.70168627906977,-0.0393563875968912,0.734567039848589,0.999330380285523
"PROBE0977_at","GENE0977",2,45,43,6.34363577777778,6.25788395348837,-0.0857518242894031,0.402918946455694,0.999330380285523
"PROBE0978_at","GENE0978",2,45,43,11.3484755555556,11.3808681395349,0.0323925839793198,0.77919238724642,0.999330380285523
"PROBE0979_at","GENE0979",0,45,43,9.82289155555556,9.65537279069767,-0.167518764857876,0.169751623270427,0.989347380354554
"PROBE0980_at","GENE0980",1,45,43,9.15315111111111,9.06026,-0.0928911111111095,0.409396327218917,0.999330380285523
"PROBE0981_at","GENE0981",0,45,43,8.07662444444444,8.06041604651163,-0.0162083979328145,0.866288201207703,0.999330380285523
"PROBE0982_at","GENE0982",1,45,43,7.127998,7.06838837209302,-0.0596096279069762,0.558908701522459,0.999330380285523
"PROBE0983_at","GENE0983",2,45,43,8.31746955555556,8.47425,0.156780444444447,0.201310252274268,0.999330380285523
"PROBE0984_at","GENE0984",0,45,43,8.26662666666667,8.25478046511628,-0.0118462015503873,0.917417458063198,0.999330380285523
"PROBE0985_at","GENE0985",1,45,43,7.44822422222222,7.54600465116279,0.0977804289405659,0.308906393885962,0.999330380285523
"PROBE0986_at","GENE0986",1,45,43,8.54774666666667,8.34463627906977,-0.203110387596901,0.0412698888802848,0.471655872917541
"PROBE0987_at","GENE0987",2,45,43,9.27844133333333,9.38094139534884,0.102500062015505,0.371429545603919,0.999330380285523
"PROBE0988_at","GENE0988",2,45,43,7.24899866666667,7.3058188372093,0.0568201705426352,0.619193824544538,0.999330380285523
"PROBE0989_at","GENE0989",1,45,43,8.811964,8.88897604651163,0.0770120465116282,0.539894268364539,0.999330380285523
"PROBE0990_at","GENE0990",2,45,43,8.75354222222222,8.72817,-0.0253722222222201,0.833545676185807,0.999330380285523
"PROBE0991_at","GENE0991",1,45,43,8.18418088888889,8.26925418604651,0.0850732971576171,0.447676860246216,0.999330380285523
"PROBE0992_at","GENE0992",0,45,43,8.99977711111111,9.07469674418605,0.0749196330749307,0.492192894052477,0.999330380285523
"PROBE0993_at","GENE0993",2,45,43,10.2317017777778,10.3427037209302,0.111001943152456,0.370692204803109,0.999330380285523
"PROBE0994_at","GENE0994",0,45,43,10.6266517777778,10.486841627907,-0.139810149870797,0.214057951093026,0.999330380285523
"PROBE0995_at","GENE0995",1,45,43,8.93370244444444,8.83074093023256,-0.102961514211882,0.353419879959514,0.999330380285523
"PROBE0996_at","GENE0996",2,45,43,9.99333311111111,10.0798830232558,0.0865499121447026,0.456518190764454,0.999330380285523
"PROBE0997_at","GENE0997",1,45,43,7.82449133333333,7.88438976744186,0.0598984341085274,0.54810655789671,0.999330380285523
"PROBE0998_at","GENE0998",0,45,43,8.41396066666667,8.39087139534884,-0.0230892713178292,0.846984719184047,0.999330380285523
"PROBE0999_at","GENE0999",1,45,43,7.26215488888889,7.24449488372093,-0.0176600051679543,0.893786338525619,0.999330380285523
"PROBE1000_at","GENE1000",0,45,43,8.68010533333333,8.67943186046512,-0.000673472868218283,0.995929596398483,0.999330380285523
"PROBE1001_at","GENE1001",0,45,43,8.97330244444444,9.08113209302326,0.107829648578816,0.372489687204449,0.999330380285523
"PROBE1002_at","GENE1002",2,45,43,8.38039044444444,8.39537279069767,0.0149823462532286,0.909480826996057,0.999330380285523
"PROBE1003_at","GENE1003",0,45,43,8.14666644444444,8.24449302325581,0.0978265788113681,0.394518614160279,0.999330380285523
"PROBE1004_at","GENE1004",2,45,43,9.02116066666667,9.02080860465116,-0.000352062015503307,0.997331719524952,0.999330380285523
"PROBE1005_at","GENE1005",0,45,43,8.90724711111111,8.81855697674419,-0.0886901343669209,0.408132904613582,0.999330380285523
"PROBE1006_at","GENE1006",1,45,43,9.02089888888889,8.91009,-0.110808888888887,0.279946488500778,0.999330380285523
"PROBE1007_at","GENE1007",1,45,43,6.74743244444444,6.78683209302326,0.0393996485788115,0.741454346881253,0.999330380285523
"PROBE1008_at","GENE1008",1,45,43,9.73034377777778,9.76922465116279,0.0388808733850166,0.72850396734229,0.999330380285523
"PROBE1009_at","GENE1009",1,45,43,7.41769866666667,7.44919023255814,0.0314915658914758,0.76509724829195,0.999330380285523
"PROBE1010_at","GENE1010",2,45,43,11.9328497777778,12.0734188372093,0.14056905943152,0.197470685854742,0.999330380285523
"PROBE1011_at","GENE1011",2,45,43,9.66821311111111,9.70508418604651,0.0368710749353962,0.746962628316654,0.999330380285523
"PROBE1012_at","GENE1012",1,45,43,8.95875933333333,9.00366465116279,0.0449053178294569,0.704816427176237,0.999330380285523
"PROBE1013_at","GENE1013",1,45,43,8.07624155555555,8.0727111627907,-0.00353039276485489,0.972809598804824,0.999330380285523
"PROBE1014_at","GENE1014",2,45,43,8.66498044444444,8.53784744186047,-0.12713300258398,0.232327688055164,0.999330380285523
"PROBE1015_at","GENE1015",1,45,43,8.72050133333333,8.76673,0.0462286666666678,0.679726605720258,0.999330380285523
"PROBE1016_at","GENE1016",2,45,43,8.74264288888889,8.72295767441861,-0.0196852144702877,0.868321722684614,0.999330380285523
"PROBE1017_at","GENE1017",0,45,43,9.63864755555556,9.63975162790698,0.00110407235142063,0.992410397994874,0.999330380285523
"PROBE1018_at","GENE1018",0,45,43,6.68177155555556,6.75971372093023,0.0779421653746777,0.463609213920465,0.999330380285523
"PROBE1019_at","GENE1019",2,45,43,8.01794866666667,8.03046906976744,0.0125204031007726,0.921368166768203,0.999330380285523
"PROBE1020_at","GENE1020",2,45,43,8.73604155555556,8.81675139534884,0.0807098397932844,0.474493697691232,0.999330380285523
"PROBE1021_at","GENE1021",1,45,43,7.69872977777778,7.73747162790698,0.0387418501292016,0.68624177321516,0.999330380285523
"PROBE1022_at","GENE1022",1,45,43,6.84747933333333,6.83219906976744,-0.0152802635658906,0.90454951054783,0.999330380285523
"PROBE1023_at","GENE1023",2,45,43,8.99180533333333,9.11547860465116,0.123673271317836,0.262052160475045,0.999330380285523
"PROBE1024_at","GENE1024",2,45,43,8.52933044444444,8.51505697674419,-0.0142734677002565,0.901139626191114,0.999330380285523
"PROBE1025_at","GENE1025",1,45,43,9.90793066666667,9.94858418604651,0.0406535193798447,0.683675716416016,0.999330380285523
"PROBE1026_at","GENE1026",1,45,43,8.54331333333333,8.60366162790698,0.0603482945736431,0.610720982450353,0.999330380285523
"PROBE1027_at","GENE1027",1,45,43,6.53637911111111,6.34920209302326,-0.187177018087855,0.133055488394746,0.927215947001714
"PROBE1028_at","GENE1028",2,45,43,8.97402866666667,9.01464186046512,0.0406131937984515,0.717920740434848,0.999330380285523
"PROBE1029_at","GENE1029",1,45,43,8.58476355555556,8.62615581395349,0.0413922583979307,0.715374875687522,0.999330380285523
"PROBE1030_at","GENE1030",1,45,43,8.74760533333333,8.62438534883721,-0.123219984496124,0.285643911982098,0.999330380285523
"PROBE1031_at","GENE1031",1,45,43,8.255802,8.18576093023256,-0.070041069767445,0.549798167856449,0.999330380285523
"PROBE1032_at","GENE1032",2,45,43,10.5567564444444,10.5482495348837,-0.00850690956072064,0.944748162823473,0.999330380285523
"PROBE1033_at","GENE1033",0,45,43,9.131628,9.24735953488372,0.115731534883725,0.302887135388756,0.999330380285523
"PROBE1034_at","GENE1034",2,45,43,10.0540142222222,9.97128046511628,-0.0827337571059417,0.498810307939029,0.999330380285523
"PROBE1035_at","GENE1035",0,45,43,7.70262688888889,7.67376860465116,-0.028858284237729,0.804054773569335,0.999330380285523
"PROBE1036_at","GENE1036",0,45,43,8.03842555555556,7.94417674418605,-0.0942488113695088,0.363076787707284,0.999330380285523
"PROBE1037_at","GENE1037",0,45,43,9.25602088888889,9.24276651162791,-0.0132543772609814,0.900944350950421,0.999330380285523
"PROBE1038_at","GENE1038",2,45,43,7.39204733333333,7.41268837209302,0.0206410387596883,0.857205061653239,0.999330380285523
"PROBE1039_at","GENE1039",2,45,43,9.68196177777778,9.8089176744186,0.126955896640832,0.258012680074093,0.999330380285523
"PROBE1040_at","GENE1040",2,45,43,9.68553422222222,9.67821162790698,-0.00732259431524795,0.949967951454169,0.999330380285523
"PROBE1041_at","GENE1041",1,45,43,8.62453044444444,8.63439348837209,0.00986304392765014,0.937331748608417,0.999330380285523
"PROBE1042_at","GENE1042",2,45,43,9.09672177777778,9.30555720930233,0.208835431524555,0.0683660455431746,0.662755571257945
"PROBE1043_at","GENE1043",2,45,43,7.67531155555556,7.83161348837209,0.156301932816537,0.186508207217304,0.999330380285523
"PROBE1044_at","GENE1044",2,45,43,8.65381844444445,8.70345558139535,0.0496371369509063,0.656629218987743,0.999330380285523
"PROBE1045_at","GENE1045",1,45,43,6.63334911111111,6.56110720930233,-0.0722419018087859,0.512646201948118,0.999330380285523
"PROBE1046_at","GENE1046",1,45,43,9.35971155555556,9.37858674418605,0.0188751886304885,0.875954546465737,0.999330380285523
"PROBE1047_at","GENE1047",2,45,43,9.34722711111111,9.35790744186047,0.0106803307493539,0.925615138316802,0.999330380285523
"PROBE1048_at","GENE1048",0,45,43,10.2095762222222,10.1326958139535,-0.0768804082687353,0.469239678708626,0.999330380285523
"PROBE1049_at","GENE1049",2,45,43,8.33512466666667,8.31659697674419,-0.0185276899224807,0.872262251131506,0.999330380285523
"PROBE1050_at","GENE1050",2,45,43,7.17318066666667,7.35655813953488,0.18337747286822,0.120237432866067,0.882920735322926
"PROBE1051_at","GENE1051",2,45,43,10.7311364444444,10.7354109302326,0.00427448578811429,0.970670928617778,0.999330380285523
"PROBE1052_at","GENE1052",1,45,43,7.58934822222222,7.55806790697674,-0.0312803152454775,0.772523666095547,0.999330380285523
"PROBE1053_at","GENE1053",1,45,43,9.42556488888889,9.38475069767442,-0.0408141912144693,0.694159769602637,0.999330380285523
"PROBE1054_at","GENE1054",1,45,43,11.0511257777778,10.982038372093,-0.0690874056847548,0.549793114453048,0.999330380285523
"PROBE1055_at","GENE1055",0,45,43,8.34598888888889,8.42612790697674,0.0801390180878574,0.471676549566422,0.999330380285523
"PROBE1056_at","GENE1056",0,45,43,8.04597466666667,8.18416651162791,0.138191844961238,0.193871487291642,0.999330380285523
"PROBE1057_at","GENE1057",0,45,43,8.70496222222222,8.58168720930233,-0.123275012919898,0.271539234293732,0.999330380285523
"PROBE1058_at","GENE1058",2,45,43,8.67752666666667,8.69594813953488,0.0184214728682193,0.861262540291431,0.999330380285523
"PROBE1059_at","GENE1059",0,45,43,7.83668333333333,8.00467186046512,0.16798852713178,0.170083500147526,0.989347380354554
"PROBE1060_at","GENE1060",1,45,43,7.72387533333333,7.88221651162791,0.15834117829457,0.201691567317617,0.999330380285523
"PROBE1061_at","GENE1061",2,45,43,10.6444771111111,10.6521913953488,0.00771428423772313,0.946188388588239,0.999330380285523
"PROBE1062_at","GENE1062",0,45,43,8.53592666666667,8.5182176744186,-0.0177089922480622,0.873439025403506,0.999330380285523
"PROBE1063_at","GENE1063",0,45,43,8.56033888888889,8.53236837209302,-0.0279705167958681,0.815774865512216,0.999330380285523
"PROBE1064_at","GENE1064",2,45,43,10.3733373333333,10.4646874418605,0.0913501085271324,0.434895078639258,0.999330380285523
"PROBE1065_at","GENE1065",1,45,43,7.98802777777778,8.03234744186046,0.0443196640826855,0.720260314780501,0.999330380285523
"PROBE1066_at","GENE1066",1,45,43,7.41076911111111,7.66293162790698,0.252162516795865,0.0145636069366067,0.207311130770202
"PROBE1067_at","GENE1067",0,45,43,7.72629111111111,7.64184325581395,-0.0844478552971584,0.466659554699669,0.999330380285523
"PROBE1068_at","GENE1068",2,45,43,8.77545622222222,8.92628,0.150823777777775,0.188527511449296,0.999330380285523
"PROBE1069_at","GENE1069",0,45,43,9.26097288888889,9.18294744186047,-0.0780254470284252,0.467593151858098,0.999330380285523
"PROBE1070_at","GENE1070",2,45,43,8.50763555555556,8.64774906976744,0.140113514211885,0.233792846856639,0.999330380285523
"PROBE1071_at","GENE1071",0,45,43,8.65690933333333,8.52510674418605,-0.131802589147282,0.258776449844895,0.999330380285523
"PROBE1072_at","GENE1072",1,45,43,9.00705777777778,8.87493302325581,-0.132124754521962,0.22940275715922,0.999330380285523
"PROBE1073_at","GENE1073",0,45,43,8.45537844444445,8.60311069767442,0.147732253229973,0.190034031925854,0.999330380285523
"PROBE1074_at","GENE1074",0,45,43,9.24805488888889,9.27146488372093,0.0234099948320399,0.819913923163845,0.999330380285523
"PROBE1075_at","GENE1075",2,45,43,8.59538244444444,8.57926581395349,-0.0161166304909539,0.877367666005668,0.999330380285523
"PROBE1076_at","GENE1076",1,45,43,7.15342266666667,7.11523023255814,-0.0381924341085247,0.704401258107516,0.999330380285523
"PROBE1077_at","GENE1077",2,45,43,8.90425022222222,8.7794776744186,-0.124772547803616,0.267249659412868,0.999330380285523
"PROBE1078_at","GENE1078",0,45,43,8.09857244444444,7.99637720930233,-0.102195235142119,0.332419808796497,0.999330380285523
"PROBE1079_at","GENE1079",1,45,43,7.35597666666667,7.41063604651163,0.0546593798449635,0.61145702545412,0.999330380285523
"PROBE1080_at","GENE1080",2,45,43,9.66026911111111,9.62103302325581,-0.0392360878552953,0.737959841758112,0.999330380285523
"PROBE1081_at","GENE1081",0,45,43,7.43109066666667,7.49738697674419,0.0662963100775205,0.601502444333784,0.999330380285523
"PROBE1082_at","GENE1082",0,45,43,10.7704591111111,10.7674358139535,-0.00302329715762006,0.980269089720071,0.999330380285523
"PROBE1083_at","GENE1083",1,45,43,8.72737666666667,8.67272953488372,-0.0546471317829464,0.661697793910641,0.999330380285523
"PROBE1084_at","GENE1084",1,45,43,8.47845222222222,8.65275441860465,0.174302196382431,0.126221735620369,0.896779649167807
"PROBE1085_at","GENE1085",2,45,43,10.0239442222222,10.0528281395349,0.0288839173126654,0.789752806410785,0.999330380285523
"PROBE1086_at","GENE1086",1,45,43,8.82346466666667,8.66297674418605,-0.16048792248062,0.12127597243016,0.883613642478398
"PROBE1087_at","GENE1087",1,45,43,7.92237977777778,7.7799476744186,-0.142432103359173,0.224952497514212,0.999330380285523
"PROBE1088_at","GENE1088",2,45,43,9.48563644444445,9.4060988372093,-0.0795376072351424,0.456610425912798,0.999330380285523
"PROBE1089_at","GENE1089",2,45,43,8.80007088888889,8.98619813953488,0.186127250645997,0.0897104140756242,0.760257746403595
"PROBE1090_at","GENE1090",1,45,43,8.21320955555556,8.15849744186047,-0.054712113695091,0.589973247764452,0.999330380285523
"PROBE1091_at","GENE1091",0,45,43,8.57827355555555,8.53810441860465,-0.0401691369509063,0.714831855088004,0.999330380285523
"PROBE1092_at","GENE1092",2,45,43,9.46412755555555,9.31680093023256,-0.147326625322997,0.172426573442307,0.995409041977317
"PROBE1093_at","GENE1093",1,45,43,6.32180422222222,6.21940139534884,-0.102402826873384,0.384505619872587,0.999330380285523
"PROBE1094_at","GENE1094",0,45,43,8.86931044444444,8.84727627906977,-0.0220341653746772,0.83363936688416,0.999330380285523
"PROBE1095_at","GENE1095",1,45,43,8.276664,8.28445255813953,0.00778855813953783,0.94554912217203,0.999330380285523
"PROBE1096_at","GENE1096",1,45,43,8.13402177777778,8.14547093023256,0.011449152454782,0.918849467170787,0.999330380285523
"PROBE1097_at","GENE1097",2,45,43,8.89084577777778,8.9154988372093,0.0246530594315271,0.809465768407351,0.999330380285523
"PROBE1098_at","GENE1098",0,45,43,7.57101844444444,7.53551534883721,-0.0355030956072362,0.747653624246265,0.999330380285523
"PROBE1099_at","GENE1099",2,45,43,9.16002888888889,9.08096069767442,-0.0790681912144766,0.489474657713519,0.999330380285523
"PROBE1100_at","GENE1100",0,45,43,9.62922288888889,9.57563418604651,-0.053588702842374,0.665451801644777,0.999330380285523
"PROBE1101_at","GENE1101",1,45,43,7.22806288888889,7.29915348837209,0.071090599483207,0.487790654522139,0.999330380285523
"PROBE1102_at","GENE1102",1,45,43,7.06334355555556,6.97813604651163,-0.0852075090439257,0.475624025121305,0.999330380285523
"PROBE1103_at","GENE1103",0,45,43,9.92299555555556,9.86897162790698,-0.0540239276485739,0.639467857977278,0.999330380285523
"PROBE1104_at","GENE1104",1,45,43,7.73748755555556,7.56970186046512,-0.167785695090436,0.100746571581811,0.799575964935009
"PROBE1105_at","GENE1105",0,45,43,8.23780733333333,8.15234255813954,-0.0854647751937989,0.415642535110364,0.999330380285523
"PROBE1106_at","GENE1106",1,45,43,8.77108844444444,8.76197697674419,-0.00911146770025795,0.921640544353794,0.999330380285523
"PROBE1107_at","GENE1107",1,45,43,7.60625,7.76052534883721,0.154275348837213,0.194440631480532,0.999330380285523
"PROBE1108_at","GENE1108",1,45,43,7.79285088888889,7.70041162790698,-0.0924392609819114,0.411872808354003,0.999330380285523
"PROBE1109_at","GENE1109",0,45,43,10.5918148888889,10.3916051162791,-0.200209772609817,0.0859999254045857,0.747825438300745
"PROBE1110_at","GENE1110",0,45,43,8.03081866666667,8.20502325581395,0.174204589147287,0.144800876477924,0.950935725171886
"PROBE1111_at","GENE1111",2,45,43,9.72928,9.67040534883721,-0.0588746511627836,0.602120524057223,0.999330380285523
"PROBE1112_at","GENE1112",0,45,43,7.83125333333333,7.89065697674419,0.0594036434108549,0.551089852349215,0.999330380285523
"PROBE1113_at","GENE1113",0,45,43,7.877052,7.99601,0.118958000000003,0.30480937092439,0.999330380285523
"PROBE1114_at","GENE1114",0,45,43,8.02127711111111,7.96982860465116,-0.0514485064599457,0.651468133607766,0.999330380285523
"PROBE1115_at","GENE1115",0,45,43,9.45717111111111,9.54415069767442,0.0869795865633112,0.443595141981087,0.999330380285523
"PROBE1116_at","GENE1116",1,45,43,6.73315733333333,6.79393813953488,0.0607808062015494,0.59634006080393,0.999330380285523
"PROBE1117_at","GENE1117",1,45,43,9.00259311111111,9.01253813953488,0.00994502842377543,0.929864166349758,0.999330380285523
"PROBE1118_at","GENE1118",0,45,43,7.66490311111111,7.60363697674419,-0.0612661343669245,0.574381035880038,0.999330380285523
"PROBE1119_at","GENE1119",0,45,43,6.12017466666667,6.07877767441861,-0.0413969922480639,0.689269963222206,0.999330380285523
"PROBE1120_at","GENE1120",0,45,43,6.60050488888889,6.71438395348837,0.113879064599483,0.29628355481228,0.999330380285523
"PROBE1121_at","GENE1121",2,45,43,8.33058733333333,8.41744488372093,0.0868575503875988,0.447848818401885,0.999330380285523
"PROBE1122_at","GENE1122",2,45,43,9.358632,9.26365046511628,-0.0949815348837184,0.397423690804662,0.999330380285523
"PROBE1123_at","GENE1123",0,45,43,7.16775688888889,7.11225511627907,-0.055501772609821,0.582948338228952,0.999330380285523
"PROBE1124_at","GENE1124",2,45,43,9.91310933333333,9.78098674418605,-0.132122589147288,0.285819779774366,0.999330380285523
"PROBE1125_at","GENE1125",1,45,43,6.23409022222222,6.23765744186047,0.0035672196382448,0.974298875986197,0.999330380285523
"PROBE1126_at","GENE1126",1,45,43,8.86918311111111,8.60993069767442,-0.259252413436689,0.0147156877231234,0.207995586192557
"PROBE1127_at","GENE1127",1,45,43,7.45968622222222,7.32974441860465,-0.129941803617569,0.25484386182943,0.999330380285523
"PROBE1128_at","GENE1128",1,45,43,8.62502088888889,8.67596604651163,0.0509451576227402,0.65613194056331,0.999330380285523
"PROBE1129_at","GENE1129",2,45,43,9.06484355555556,8.91101,-0.153833555555558,0.171747607365958,0.995409041977317
"PROBE1130_at","GENE1130",2,45,43,8.144472,8.25184209302326,0.107370093023258,0.394359740445904,0.999330380285523
"PROBE1131_at","GENE1131",2,45,43,10.6419666666667,10.7684681395349,0.126501472868219,0.237272194821629,0.999330380285523
"PROBE1132_at","GENE1132",0,45,43,6.73791377777778,6.88972186046512,0.151808082687339,0.177203525567401,0.999330380285523
"PROBE1133_at","GENE1133",1,45,43,7.938792,7.91624023255814,-0.0225517674418603,0.851727323051119,0.999330380285523
"PROBE1134_at","GENE1134",2,45,43,9.50372777777778,9.49567069767442,-0.00805708010335948,0.944740509362288,0.999330380285523
"PROBE1135_at","GENE1135",0,45,43,8.16968288888889,8.11648720930233,-0.0531956795865636,0.62797846382851,0.999330380285523
"PROBE1136_at","GENE1136",2,45,43,9.20339377777778,9.28089441860465,0.0775006408268766,0.495835018830384,0.999330380285523
"PROBE1137_at","GENE1137",1,45,43,9.23624911111111,9.38262534883721,0.146376237726102,0.14260566369154,0.950440623274599
"PROBE1138_at","GENE1138",1,45,43,7.85511533333333,7.68207953488372,-0.173035798449612,0.106847137715775,0.82191752634415
"PROBE1139_at","GENE1139",1,45,43,7.59355777777778,7.7226088372093,0.129051059431522,0.25456409619017,0.999330380285523
"PROBE1140_at","GENE1140",1,45,43,8.87415844444445,8.7513311627907,-0.12282728165375,0.241801621223892,0.999330380285523
"PROBE1141_at","GENE1141",2,45,43,8.03987955555556,8.11017139534884,0.0702918397932795,0.473537120515481,0.999330380285523
"PROBE1142_at","GENE1142",1,45,43,6.24338533333333,6.25274534883721,0.00936001550387289,0.935703006091009,0.999330380285523
"PROBE1143_at","GENE1143",0,45,43,9.55223022222222,9.5335776744186,-0.0186525478036188,0.874678069748329,0.999330380285523
"PROBE1144_at","GENE1144",0,45,43,7.62698177777778,7.76098906976744,0.134007291989666,0.247527009646717,0.999330380285523
"PROBE1145_at","GENE1145",2,45,43,11.1017337777778,11.1786165116279,0.0768827338501339,0.53350536312552,0.999330380285523
"PROBE1146_at","GENE1146",2,45,43,10.5562202222222,10.50187,-0.0543502222222241,0.599413234314057,0.999330380285523
"PROBE1147_at","GENE1147",2,45,43,8.98693577777778,8.89552348837209,-0.0914122894056817,0.421853320792273,0.999330380285523
"PROBE1148_at","GENE1148",1,45,43,6.76908022222222,6.79061604651163,0.0215358242894075,0.857051455590246,0.999330380285523
"PROBE1149_at","GENE1149",2,45,43,7.170942,7.14747906976744,-0.0234629302325589,0.836446175576757,0.999330380285523
"PROBE1150_at","GENE1150",0,45,43,9.38479822222222,9.43524,0.0504417777777775,0.67437526576821,0.999330380285523
"PROBE1151_at","GENE1151",1,45,43,9.48785422222222,9.5755088372093,0.0876546149870823,0.431553097029966,0.999330380285523
"PROBE1152_at","GENE1152",0,45,43,9.71061955555555,9.67218651162791,-0.0384330439276592,0.754853409425937,0.999330380285523
"PROBE1153_at","GENE1153",1,45,43,7.04781933333333,6.99414069767442,-0.0536786356589163,0.615696422617859,0.999330380285523
"PROBE1154_at","GENE1154",0,45,43,9.41198711111111,9.19263953488372,-0.219347576227387,0.0474159242136701,0.521054112238133
"PROBE1155_at","GENE1155",1,45,43,7.63134288888889,7.66162069767442,0.0302778087855264,0.797916236870899,0.999330380285523
"PROBE1156_at","GENE1156",0,45,43,7.88396022222222,7.92645674418605,0.042496521963824,0.721648207196706,0.999330380285523
"PROBE1157_at","GENE1157",0,45,43,7.92048422222222,7.99665209302326,0.0761678708010347,0.461460591485832,0.999330380285523
"PROBE1158_at","GENE1158",0,45,43,7.22065133333333,7.23191186046512,0.0112605271317818,0.913773068291983,0.999330380285523
"PROBE1159_at","GENE1159",1,45,43,9.551892,9.60753558139535,0.0556435813953531,0.566502797443776,0.999330380285523
"PROBE1160_at","GENE1160",1,45,43,7.64560711111111,7.82872488372093,0.183117772609816,0.0935564192741578,0.776401819702554
"PROBE1161_at","GENE1161",1,45,43,8.478194,8.47238813953488,-0.00580586046510945,0.95898621073485,0.999330380285523
"PROBE1162_at","GENE1162",1,45,43,9.57208955555556,9.60460093023256,0.0325113746770054,0.778234462382515,0.999330380285523
"PROBE1163_at","GENE1163",0,45,43,8.33208755555555,8.23188511627907,-0.100202439276483,0.335343639026211,0.999330380285523
"PROBE1164_at","GENE1164",0,45,43,10.2191848888889,10.0063551162791,-0.212829772609819,0.0801614881792435,0.719981388727664
"PROBE1165_at","GENE1165",2,45,43,8.04387,7.87062395348837,-0.173246046511627,0.11784248398062,0.871293781742106
"PROBE1166_at","GENE1166",1,45,43,8.522564,8.51302069767442,-0.00954330232558043,0.931818089685629,0.999330380285523
"PROBE1167_at","GENE1167",0,45,43,7.41043955555556,7.40047069767442,-0.00996885788113655,0.928627606441738,0.999330380285523
"PROBE1168_at","GENE1168",2,45,43,9.43780044444444,9.4279088372093,-0.00989160723514182,0.928655147371961,0.999330380285523
"PROBE1169_at","GENE1169",2,45,43,8.50600933333333,8.54889139534884,0.0428820620155062,0.727561769859126,0.999330380285523
"PROBE1170_at","GENE1170",2,45,43,8.91573822222222,9.16010069767442,0.244362475452199,0.0417911001585769,0.476251853658996
"PROBE1171_at","GENE1171",1,45,43,8.06241711111111,8.03658511627907,-0.0258319948320427,0.80592287930642,0.999330380285523
"PROBE1172_at","GENE1172",0,45,43,9.095722,9.20917186046512,0.113449860465119,0.296971356596198,0.999330380285523
"PROBE1173_at","GENE1173",0,45,43,7.79135155555556,7.89014139534884,0.098789839793282,0.446999784103638,0.999330380285523
"PROBE1174_at","GENE1174",0,45,43,6.95745644444444,6.96989604651163,0.0124396020671842,0.907330574994696,0.999330380285523
"PROBE1175_at","GENE1175",1,45,43,8.43240222222222,8.45180465116279,0.0194024289405679,0.853681928908807,0.999330380285523
"PROBE1176_at","GENE1176",2,45,43,8.29469444444444,8.30649395348837,0.0117995090439305,0.913867556943043,0.999330380285523
"PROBE1177_at","GENE1177",1,45,43,8.426754,8.45444302325581,0.0276890232558191,0.787661107596302,0.999330380285523
"PROBE1178_at","GENE1178",2,45,43,8.01370777777778,8.00142604651163,-0.0122817312661532,0.90625171425786,0.999330380285523
"PROBE1179_at","GENE1179",1,45,43,8.58373711111111,8.68044279069767,0.0967056795865613,0.348013331921324,0.999330380285523
"PROBE1180_at","GENE1180",1,45,43,7.64939844444444,7.61211651162791,-0.0372819328165352,0.750540924918424,0.999330380285523
"PROBE1181_at","GENE1181",2,45,43,9.33229488888889,9.31670860465116,-0.0155862842377221,0.888243204959882,0.999330380285523
"PROBE1182_at","GENE1182",0,45,43,9.59302955555555,9.4254623255814,-0.167567229974155,0.112744609825311,0.853053547678568
"PROBE1183_at","GENE1183",0,45,43,8.04254888888889,8.01669860465116,-0.0258502842377251,0.830291377154471,0.999330380285523
"PROBE1184_at","GENE1184",2,45,43,7.83360733333333,7.73554046511628,-0.0980668682170514,0.322027204305342,0.999330380285523
"PROBE1185_at","GENE1185",1,45,43,7.15302177777778,7.0553076744186,-0.0977141033591744,0.372754384709451,0.999330380285523
"PROBE1186_at","GENE1186",2,45,43,8.99983866666667,9.08206930232558,0.0822306356589166,0.468833318191066,0.999330380285523
"PROBE1187_at","GENE1187",2,45,43,11.0500051111111,10.9683369767442,-0.081668134366927,0.4675248331636,0.999330380285523
"PROBE1188_at","GENE1188",2,45,43,7.08063911111111,7.15212697674419,0.0714878656330775,0.516779961661507,0.999330380285523
"PROBE1189_at","GENE1189",0,45,43,8.02223555555556,8.04410604651163,0.0218704909560721,0.838298992246266,0.999330380285523
"PROBE1190_at","GENE1190",2,45,43,10.0814686666667,9.99531255813953,-0.0861561085271294,0.391282227729407,0.999330380285523
"PROBE1191_at","GENE1191",0,45,43,8.40719133333333,8.52314046511628,0.115949131782946,0.245247303800128,0.999330380285523
"PROBE1192_at","GENE1192",1,45,43,7.71133577777778,7.67460674418605,-0.0367290335917296,0.719346867168595,0.999330380285523
"PROBE1193_at","GENE1193",0,45,43,8.80663688888889,8.7437111627907,-0.062925726098193,0.593618649903015,0.999330380285523
"PROBE1194_at","GENE1194",0,45,43,8.13956888888889,8.14127813953488,0.00170925064599459,0.986161415274264,0.999330380285523
"PROBE1195_at","GENE1195",2,45,43,8.189104,8.15362581395349,-0.0354781860465092,0.744852995387077,0.999330380285523
"PROBE1196_at","GENE1196",1,45,43,8.164436,8.24097581395349,0.0765398139534863,0.472151805148744,0.999330380285523
"PROBE1197_at","GENE1197",2,45,43,10.0430624444444,9.90162674418605,-0.1414357002584,0.137679364641813,0.937938183044813
"PROBE1198_at","GENE1198",1,45,43,8.82289888888889,8.8489376744186,0.0260387855297122,0.828559196915819,0.999330380285523
"PROBE1199_at","GENE1199",0,45,43,8.06208,8.02733302325581,-0.0347469767441844,0.761055603847585,0.999330380285523
"PROBE1200_at","GENE1200",0,45,43,9.97858911111111,9.84919046511628,-0.129398645994831,0.278480059201617,0.999330380285523
"PROBE1201_at","GENE1201",1,45,43,8.90877022222222,8.72229930232558,-0.186470919896642,0.0516570745907818,0.551008795635006
"PROBE1202_at","GENE1202",0,45,43,9.434014,9.29483627906977,-0.139177720930231,0.202296292143255,0.999330380285523
"PROBE1203_at","GENE1203",2,45,43,8.41420733333333,8.24486930232558,-0.169338031007751,0.135338006533239,0.932832559266353
"PROBE1204_at","GENE1204",1,45,43,7.81690511111111,7.89128930232558,0.0743841912144712,0.492998431735035,0.999330380285523
"PROBE1205_at","GENE1205",1,45,43,7.68877,7.63855651162791,-0.0502134883720942,0.656020973564154,0.999330380285523
"PROBE1206_at","GENE1206",2,45,43,8.18788688888889,7.9475776744186,-0.240309214470287,0.0323381406794849,0.395573586293394
"PROBE1207_at","GENE1207",0,45,43,9.21291444444444,9.19592697674419,-0.0169874677002593,0.869699666302304,0.999330380285523
"PROBE1208_at","GENE1208",2,45,43,9.33421622222222,9.34559627906977,0.0113800568475426,0.914736233211921,0.999330380285523
"PROBE1209_at","GENE1209",0,45,43,7.97641511111111,7.99338162790698,0.0169665167958648,0.87609883055037,0.999330380285523
"PROBE1210_at","GENE1210",2,45,43,8.81637444444444,8.60266465116279,-0.213709793281657,0.0634600462781096,0.628851024667437
"PROBE1211_at","GENE1211",2,45,43,10.2866362222222,10.3129193023256,0.026283080103358,0.810439757298572,0.999330380285523
"PROBE1212_at","GENE1212",0,45,43,9.08656511111111,9.06200441860465,-0.0245606925064568,0.82517560944605,0.999330380285523
"PROBE1213_at","GENE1213",0,45,43,7.91593288888889,8.04326279069767,0.127329901808787,0.258688518163738,0.999330380285523
"PROBE1214_at","GENE1214",0,45,43,9.75301066666667,9.64272395348837,-0.110286713178295,0.374952554668361,0.999330380285523
"PROBE1215_at","GENE1215",0,45,43,6.45782511111111,6.4009776744186,-0.0568474366925065,0.622483441001145,0.999330380285523
"PROBE1216_at","GENE1216",1,45,43,8.84093288888889,8.76611302325581,-0.0748198656330779,0.467399225733237,0.999330380285523
"PROBE1217_at","GENE1217",1,45,43,7.21544466666667,7.27968534883721,0.0642406821705439,0.528101149319312,0.999330380285523
"PROBE1218_at","GENE1218",1,45,43,6.90193466666667,6.98646209302326,0.0845274263565923,0.371506056608695,0.999330380285523
"PROBE1219_at","GENE1219",0,45,43,7.52500888888889,7.55848418604651,0.0334752971576222,0.764133697764778,0.999330380285523
"PROBE1220_at","GENE1220",0,45,43,7.06140466666667,7.02798046511628,-0.0334242015503863,0.762312547305917,0.999330380285523
"PROBE1221_at","GENE1221",1,45,43,8.65848733333333,8.63883348837209,-0.0196538449612387,0.867927888102674,0.999330380285523
"PROBE1222_at","GENE1222",2,45,43,8.59796622222222,8.56799651162791,-0.0299697105943171,0.809834099226078,0.999330380285523
"PROBE1223_at","GENE1223",1,45,43,7.21508888888889,7.33234976744186,0.117260878552973,0.293794528414532,0.999330380285523
"PROBE1224_at","GENE1224",2,45,43,9.00639311111111,9.12139604651163,0.115002935400524,0.31643914196557,0.999330380285523
"PROBE1225_at","GENE1225",2,45,43,10.41645,10.3185351162791,-0.0979148837209252,0.342300762915365,0.999330380285523
"PROBE1226_at","GENE1226",2,45,43,9.93600955555556,9.95888604651163,0.0228764909560741,0.833956639247155,0.999330380285523
"PROBE1227_at","GENE1227",0,45,43,8.91979888888889,8.87953674418605,-0.0402621447028437,0.730521540678023,0.999330380285523
"PROBE1228_at","GENE1228",1,45,43,7.85286866666667,7.92102511627907,0.0681564496124025,0.546918210878531,0.999330380285523
"PROBE1229_at","GENE1229",0,45,43,7.04658466666667,6.89930651162791,-0.147278155038758,0.20992049832453,0.999330380285523
"PROBE1230_at","GENE1230",2,45,43,8.42528088888889,8.39494418604651,-0.0303367028423711,0.787370115586336,0.999330380285523
"PROBE1231_at","GENE1231",2,45,43,8.86067577777778,8.77331953488372,-0.0873562428940584,0.466841618272595,0.999330380285523
"PROBE1232_at","GENE1232",2,45,43,8.32360711111111,8.46265720930232,0.139050098191216,0.224322605914155,0.999330380285523
"PROBE1233_at","GENE1233",1,45,43,9.19453555555556,9.08199302325581,-0.11254253229974,0.303808601390341,0.999330380285523
"PROBE1234_at","GENE1234",1,45,43,9.66881044444444,9.52714093023256,-0.141669514211891,0.174071690004178,0.998976700167449
"PROBE1235_at","GENE1235",0,45,43,6.72155133333333,6.65992325581395,-0.0616280775193809,0.595307645778896,0.999330380285523
"PROBE1236_at","GENE1236",0,45,43,8.58087577777778,8.59286697674419,0.0119911989664061,0.90794756644137,0.999330380285523
"PROBE1237_at","GENE1237",0,45,43,8.91748266666667,9.01856720930233,0.101084542635659,0.388366326280298,0.999330380285523
"PROBE1238_at","GENE1238",2,45,43,10.0421246666667,10.0857739534884,0.043649286821708,0.713181572460999,0.999330380285523
"PROBE1239_at","GENE1239",2,45,43,9.66659777777778,9.55407511627907,-0.11252266149871,0.305131158750163,0.999330380285523
"PROBE1240_at","GENE1240",2,45,43,9.66269755555555,9.6620788372093,-0.000618718346251157,0.995440296254749,0.999330380285523
"PROBE1241_at","GENE1241",0,45,43,6.69427422222222,6.64287093023256,-0.0514032919896605,0.645868336867507,0.999330380285523
"PROBE1242_at","GENE1242",0,45,43,9.28600288888889,9.29502348837209,0.00902059948320044,0.929031371187132,0.999330380285523
"PROBE1243_at","GENE1243",2,45,43,8.87195711111111,8.94278279069767,0.070825679586564,0.529833913332871,0.999330380285523
"PROBE1244_at","GENE1244",0,45,43,7.69885688888889,7.68449674418605,-0.0143601447028461,0.904536660238923,0.999330380285523
"PROBE1245_at","GENE1245",1,45,43,8.26191333333333,8.21183720930233,-0.0500761240310084,0.665886454578826,0.999330380285523
"PROBE1246_at","GENE1246",2,45,43,8.43369044444444,8.3746388372093,-0.0590516072351424,0.573530958539753,0.999330380285523
"PROBE1247_at","GENE1247",0,45,43,7.93513266666667,7.8436611627907,-0.0914715038759679,0.402406803848534,0.999330380285523
"PROBE1248_at","GENE1248",2,45,43,10.8137028888889,10.8499827906977,0.0362799018087845,0.738337080827554,0.999330380285523
"PROBE1249_at","GENE1249",0,45,43,9.318198,9.27988813953488,-0.0383098604651124,0.731459635049264,0.999330380285523
"PROBE1250_at","GENE1250",0,45,43,7.24965,7.29038209302326,0.0407320930232542,0.719286877682076,0.999330380285523
"PROBE1251_at","GENE1251",0,45,43,8.88126422222222,8.74721093023256,-0.134053291989666,0.200389973831614,0.999330380285523
"PROBE1252_at","GENE1252",2,45,43,8.37964488888889,8.34855139534884,-0.0310934935400464,0.757004439848503,0.999330380285523
"PROBE1253_at","GENE1253",2,45,43,10.2717293333333,10.318286744186,0.0465574108527136,0.65938048166223,0.999330380285523
"PROBE1254_at","GENE1254",0,45,43,10.0324991111111,10.0505346511628,0.0180355400516827,0.859010878231416,0.999330380285523
"PROBE1255_at","GENE1255",0,45,43,8.37156866666667,8.28409581395349,-0.0874728527131765,0.400392662456973,0.999330380285523
"PROBE1256_at","GENE1256",1,45,43,7.63560244444444,7.54064581395349,-0.094956630490957,0.440131195546898,0.999330380285523
"PROBE1257_at","GENE1257",0,45,43,8.16043911111111,8.21439860465116,0.0539594935400523,0.670800368518636,0.999330380285523
"PROBE1258_at","GENE1258",0,45,43,10.4143357777778,10.2586039534884,-0.155731824289404,0.198273084616738,0.999330380285523
"PROBE1259_at","GENE1259",2,45,43,9.60260911111111,9.77253837209302,0.169929260981911,0.149890842461327,0.950935725171886
"PROBE1260_at","GENE1260",2,45,43,10.5696375555556,10.5422413953488,-0.0273961602067132,0.821965688887247,0.999330380285523
"PROBE1261_at","GENE1261",2,45,43,9.37467133333333,9.49331372093023,0.118642387596902,0.303021511535984,0.999330380285523
"PROBE1262_at","GENE1262",0,45,43,7.4372,7.41812,-0.0190799999999989,0.862440368350576,0.999330380285523
"PROBE1263_at","GENE1263",1,45,43,8.32817022222222,8.34142930232558,0.0132590801033654,0.909293341182629,0.999330380285523
"PROBE1264_at","GENE1264",2,45,43,7.30891044444444,7.2507876744186,-0.0581227700258378,0.66172833251026,0.999330380285523
"PROBE1265_at","GENE1265",2,45,43,8.15863844444444,8.16106581395349,0.0024273695090411,0.981828076901631,0.999330380285523
"PROBE1266_at","GENE1266",0,45,43,10.1955786666667,10.1549820930233,-0.0405965736434073,0.750295442888545,0.999330380285523
"PROBE1267_at","GENE1267",2,45,43,8.51643488888889,8.45287627906977,-0.0635586098191219,0.575867150139807,0.999330380285523
"PROBE1268_at","GENE1268",1,45,43,7.62058222222222,7.51511395348837,-0.10546826873385,0.36893394586829,0.999330380285523
"PROBE1269_at","GENE1269",1,45,43,7.05234555555556,7.12961418604651,0.0772686304909573,0.515736226394267,0.999330380285523
"PROBE1270_at","GENE1270",1,45,43,9.70237,9.58438953488372,-0.117980465116283,0.288377425125851,0.999330380285523
"PROBE1271_at","GENE1271",1,45,43,9.25814022222222,9.38713348837209,0.128993266149875,0.256604030375972,0.999330380285523
"PROBE1272_at","GENE1272",0,45,43,9.00420377777778,8.88177697674419,-0.122426801033596,0.177189095929777,0.999330380285523
"PROBE1273_at","GENE1273",1,45,43,7.04550177777778,6.84982976744186,-0.195672010335915,0.0719162819432341,0.68984443111016
"PROBE1274_at","GENE1274",2,45,43,9.19364911111111,9.17898790697674,-0.014661204134363,0.904641411044856,0.999330380285523
"PROBE1275_at","GENE1275",1,45,43,6.76811888888889,6.79927046511628,0.0311515762273906,0.75626810208667,0.999330380285523
"PROBE1276_at","GENE1276",1,45,43,8.18721644444445,8.12886418604651,-0.0583522583979281,0.624366303038736,0.999330380285523
"PROBE1277_at","GENE1277",0,45,43,8.77439377777778,8.83461372093023,0.0602199431524575,0.573491819357255,0.999330380285523
"PROBE1278_at","GENE1278",2,45,43,11.6942795555556,11.6849306976744,-0.00934885788113959,0.937619840719656,0.999330380285523
"PROBE1279_at","GENE1279",2,45,43,9.30725111111111,9.34509139534884,0.0378402842377312,0.722090398159948,0.999330380285523
"PROBE1280_at","GENE1280",2,45,43,9.28729111111111,9.28583,-0.00146111111111402,0.989671219073884,0.999330380285523
"PROBE1281_at","GENE1281",2,45,43,7.61783533333333,7.43841813953488,-0.179417193798449,0.0701288648717872,0.677573573640456
"PROBE1282_at","GENE1282",0,45,43,8.40675444444445,8.36691325581395,-0.0398411886304899,0.714389902710098,0.999330380285523
"PROBE1283_at","GENE1283",0,45,43,8.85904755555556,8.81172604651163,-0.0473215090439236,0.671636471087878,0.999330380285523
"PROBE1284_at","GENE1284",2,45,43,9.90139288888889,9.91807023255814,0.0166773436692509,0.876440692700195,0.999330380285523
"PROBE1285_at","GENE1285",1,45,43,8.05098688888889,7.99641395348837,-0.0545729354005182,0.628481758030244,0.999330380285523
"PROBE1286_at","GENE1286",2,45,43,10.4674411111111,10.334941627907,-0.132499483204137,0.235436295896338,0.999330380285523
"PROBE1287_at","GENE1287",2,45,43,10.78563,10.7470581395349,-0.0385718604651188,0.721528799907352,0.999330380285523
"PROBE1288_at","GENE1288",0,45,43,8.98429666666667,8.92733302325581,-0.0569636434108531,0.575207989920767,0.999330380285523
"PROBE1289_at","GENE1289",0,45,43,9.25561111111111,9.13566302325581,-0.119948087855299,0.338195049667242,0.999330380285523
"PROBE1290_at","GENE1290",0,45,43,8.49246444444444,8.4686388372093,-0.0238256072351408,0.843814072838555,0.999330380285523
"PROBE1291_at","GENE1291",2,45,43,8.37639644444445,8.39725488372093,0.0208584392764841,0.866165829366753,0.999330380285523
"PROBE1292_at","GENE1292",0,45,43,7.20441622222222,7.17502790697674,-0.0293883152454768,0.801591056839929,0.999330380285523
"PROBE1293_at","GENE1293",1,45,43,7.93552266666667,7.9872988372093,0.0517761705426389,0.651601312535043,0.999330380285523
"PROBE1294_at","GENE1294",2,45,43,8.92452955555556,9.04428348837209,0.119753932816538,0.25159038659812,0.999330380285523
"PROBE1295_at","GENE1295",2,45,43,6.88104266666667,6.82373534883721,-0.0573073178294585,0.591045562613327,0.999330380285523
"PROBE1296_at","GENE1296",0,45,43,9.05585288888889,9.01960023255814,-0.036252656330749,0.730287444710393,0.999330380285523
"PROBE1297_at","GENE1297",2,45,43,6.89361755555556,6.89849953488372,0.00488197932816359,0.96498772169794,0.999330380285523
"PROBE1298_at","GENE1298",0,45,43,10.3333188888889,10.3208453488372,-0.0124735400516727,0.909789044403615,0.999330380285523
"PROBE1299_at","GENE1299",2,45,43,10.3068684444444,10.4268818604651,0.120013416020672,0.257639045587635,0.999330380285523
"PROBE1300_at","GENE1300",2,45,43,10.952672,11.0148520930233,0.0621800930232634,0.57834446069484,0.999330380285523
"PROBE1301_at","GENE1301",1,45,43,9.02363511111111,8.99966558139535,-0.0239695297157692,0.827314760539856,0.999330380285523
"PROBE1302_at","GENE1302",0,45,43,7.421498,7.65918441860465,0.237686418604655,0.0331403273134974,0.401700937133302
"PROBE1303_at","GENE1303",0,45,43,8.83234288888889,8.90940186046512,0.0770589715762267,0.48966128798807,0.999330380285523
"PROBE1304_at","GENE1304",1,45,43,7.361118,7.3245011627907,-0.0366168372093023,0.74615022370699,0.999330380285523
"PROBE1305_at","GENE1305",2,45,43,7.78841044444444,7.8125611627907,0.0241507183462497,0.835742294223045,0.999330380285523
"PROBE1306_at","GENE1306",0,45,43,9.12829022222222,9.03574767441861,-0.0925425478036157,0.390300850091976,0.999330380285523
"PROBE1307_at","GENE1307",2,45,43,7.94542066666667,7.94962953488372,0.00420886821705491,0.970254547021984,0.999330380285523
"PROBE1308_at","GENE1308",2,45,43,10.37195,10.3678618604651,-0.0040881395348773,0.968255723804895,0.999330380285523
"PROBE1309_at","GENE1309",0,45,43,8.04896,8.08370418604651,0.0347441860465096,0.77418211988857,0.999330380285523
"PROBE1310_at","GENE1310",1,45,43,8.27727488888889,8.25106790697674,-0.0262069819121429,0.811594865079222,0.999330380285523
"PROBE1311_at","GENE1311",2,45,43,7.04686466666667,7.08216604651163,0.0353013798449631,0.757643938633477,0.999330380285523
"PROBE1312_at","GENE1312",2,45,43,10.1189637777778,10.2052946511628,0.0863308733850126,0.424401884831698,0.999330380285523
"PROBE1313_at","GENE1313",2,45,43,7.14229244444444,7.10928604651163,-0.0330063979328159,0.755736921347649,0.999330380285523
"PROBE1314_at","GENE1314",2,45,43,8.63880933333333,8.56639674418605,-0.0724125891472855,0.546103532318546,0.999330380285523
"PROBE1315_at","GENE1315",0,45,43,8.83862177777778,8.95294139534884,0.114319617571066,0.337627916771972,0.999330380285523
"PROBE1316_at","GENE1316",0,45,43,9.17922066666667,9.27091627906977,0.0916956124031039,0.439565185027197,0.999330380285523
"PROBE1317_at","GENE1317",0,45,43,8.23654444444444,8.17340325581395,-0.0631411886304871,0.553480590651953,0.999330380285523
"PROBE1318_at","GENE1318",2,45,43,8.16265844444444,8.26856674418605,0.105908299741602,0.358824825443497,0.999330380285523
"PROBE1319_at","GENE1319",1,45,43,8.34831777777778,8.3797823255814,0.0314645478036173,0.767116512497055,0.999330380285523
"PROBE1320_at","GENE1320",0,45,43,6.736238,6.57929255813954,-0.156945441860462,0.156245063187978,0.959126792932384
"PROBE1321_at","GENE1321",1,45,43,9.96751977777778,9.86532627906977,-0.102193498708008,0.379295213380026,0.999330380285523
"PROBE1322_at","GENE1322",0,45,43,8.86693688888889,8.87814953488372,0.0112126459948296,0.909030758011244,0.999330380285523
"PROBE1323_at","GENE1323",0,45,43,6.56062888888889,6.62786418604651,0.0672352971576258,0.555766948243671,0.999330380285523
"PROBE1324_at","GENE1324",0,45,43,7.548632,7.72260558139535,0.17397358139535,0.107054757806326,0.82191752634415
"PROBE1325_at","GENE1325",2,45,43,7.72100444444444,7.96653534883721,0.245530904392769,0.0289074153838527,0.367078290588606
"PROBE1326_at","GENE1326",2,45,43,9.35456688888889,9.29278488372093,-0.0617820051679576,0.585090178589338,0.999330380285523
"PROBE1327_at","GENE1327",1,45,43,7.96542044444444,7.91622162790698,-0.0491988165374648,0.681423395630066,0.999330380285523
"PROBE1328_at","GENE1328",2,45,43,8.80623888888889,8.76243209302326,-0.0438067958656294,0.69065005046797,0.999330380285523
"PROBE1329_at","GENE1329",2,45,43,7.74704711111111,7.87340860465116,0.126361493540051,0.256120059245022,0.999330380285523
"PROBE1330_at","GENE1330",1,45,43,8.16630533333333,8.12808534883721,-0.0382199844961217,0.745395362833034,0.999330380285523
"PROBE1331_at","GENE1331",1,45,43,7.68429822222222,7.70103209302326,0.0167338708010361,0.890626434140503,0.999330380285523
"PROBE1332_at","GENE1332",0,45,43,7.47451844444444,7.64426348837209,0.16974504392765,0.127106525909249,0.899869209976982
"PROBE1333_at","GENE1333",1,45,43,8.97108777777778,8.99922023255814,0.0281324547803656,0.790202070754806,0.999330380285523
"PROBE1334_at","GENE1334",1,45,43,8.22224377777778,8.20629395348837,-0.0159498242894092,0.874675679018581,0.999330380285523
"PROBE1335_at","GENE1335",1,45,43,8.56207244444444,8.64972023255814,0.0876477881136939,0.430846670280935,0.999330380285523
"PROBE1336_at","GENE1336",1,45,43,8.07065533333333,7.95805906976744,-0.112596263565891,0.303993030529534,0.999330380285523
"PROBE1337_at","GENE1337",1,45,43,7.12670511111111,7.03891162790698,-0.0877934832041305,0.433651607809756,0.999330380285523
"PROBE1338_at","GENE1338",2,45,43,8.58822866666667,8.61932255813953,0.0310938914728691,0.789623596884148,0.999330380285523
"PROBE1339_at","GENE1339",0,45,43,8.23503288888889,8.27792558139535,0.0428926925064612,0.718130182755764,0.999330380285523
"PROBE1340_at","GENE1340",2,45,43,8.89518266666667,8.75739697674419,-0.137785689922486,0.244029809000043,0.999330380285523
"PROBE1341_at","GENE1341",1,45,43,6.85152844444444,6.72739488372093,-0.124133560723515,0.271421241462602,0.999330380285523
"PROBE1342_at","GENE1342",1,45,43,7.86729422222222,7.85995604651163,-0.00733817571059525,0.946205193256643,0.999330380285523
"PROBE1343_at","GENE1343",0,45,43,8.591914,8.66303511627907,0.0711211162790679,0.515715644486391,0.999330380285523
"PROBE1344_at","GENE1344",0,45,43,7.23069266666667,7.27633441860465,0.0456417519379873,0.703527171212696,0.999330380285523
"PROBE1345_at","GENE1345",2,45,43,8.29869222222222,8.25066558139535,-0.0480266408268673,0.677441761316694,0.999330380285523
"PROBE1346_at","GENE1346",2,45,43,10.8189666666667,10.7042627906977,-0.114703875968988,0.335264686866496,0.999330380285523
"PROBE1347_at","GENE1347",2,45,43,11.0712655555556,11.2084753488372,0.137209793281652,0.211700458960264,0.999330380285523
"PROBE1348_at","GENE1348",1,45,43,8.90376533333333,8.92228162790698,0.0185162945736472,0.857122754300485,0.999330380285523
"PROBE1349_at","GENE1349",1,45,43,5.75598422222222,5.47888,-0.277104222222222,0.0121186944687777,0.178154166509502
"PROBE1350_at","GENE1350",1,45,43,7.75809844444444,7.88125674418605,0.123158299741603,0.254242118982811,0.999330380285523
"PROBE1351_at","GENE1351",2,45,43,8.59714022222222,8.54788418604651,-0.0492560361757075,0.663399641747845,0.999330380285523
"PROBE1352_at","GENE1352",2,45,43,8.451346,8.36562651162791,-0.0857194883720975,0.470925342811563,0.999330380285523
"PROBE1353_at","GENE1353",2,45,43,9.04586022222222,9.10584418604651,0.0599839638242905,0.576104678689296,0.999330380285523
"PROBE1354_at","GENE1354",0,45,43,7.92325177777778,7.91200069767442,-0.0112510801033583,0.917739395857718,0.999330380285523
"PROBE1355_at","GENE1355",0,45,43,8.65472266666667,8.56418813953488,-0.0905345271317799,0.468454852684147,0.999330380285523
"PROBE1356_at","GENE1356",0,45,43,9.76056733333333,9.83347953488372,0.0729122015503929,0.522229605608101,0.999330380285523
"PROBE1357_at","GENE1357",1,45,43,9.329886,9.37492581395349,0.0450398139534887,0.716290547731444,0.999330380285523
"PROBE1358_at","GENE1358",2,45,43,10.0099282222222,9.89326302325581,-0.116665198966405,0.329574752080666,0.999330380285523
"PROBE1359_at","GENE1359",2,45,43,9.36952577777778,9.49440465116279,0.124878873385018,0.24772752270338,0.999330380285523
"PROBE1360_at","GENE1360",1,45,43,7.48051311111111,7.54052325581395,0.0600101447028401,0.597332477736015,0.999330380285523
"PROBE1361_at","GENE1361",2,45,43,8.475268,8.61495744186047,0.139689441860465,0.208525764417727,0.999330380285523
"PROBE1362_at","GENE1362",0,45,43,7.72268222222222,7.66682046511628,-0.0558617571059434,0.586265409895767,0.999330380285523
"PROBE1363_at","GENE1363",1,45,43,7.04163,6.89342139534884,-0.148208604651165,0.172952321043559,0.995409041977317
"PROBE1364_at","GENE1364",2,45,43,8.07055577777778,8.16661534883721,0.0960595710594347,0.376329995241982,0.999330380285523
"PROBE1365_at","GENE1365",2,45,43,10.4714951111111,10.3790506976744,-0.0924444134366915,0.339552520114813,0.999330380285523
"PROBE1366_at","GENE1366",1,45,43,9.20702,9.25353023255814,0.0465102325581412,0.704617126411531,0.999330380285523
"PROBE1367_at","GENE1367",1,45,43,7.68703466666667,7.53216697674419,-0.154867689922482,0.220613113123752,0.999330380285523
"PROBE1368_at","GENE1368",1,45,43,8.77339533333333,8.75878209302325,-0.0146132403100694,0.90807671408071,0.999330380285523
"PROBE1369_at","GENE1369",0,45,43,9.63839111111111,9.58711604651163,-0.0512750645994835,0.64031965257111,0.999330380285523
"PROBE1370_at","GENE1370",0,45,43,7.867554,7.96273,0.0951760000000004,0.406124225641221,0.999330380285523
"PROBE1371_at","GENE1371",1,45,43,8.38293888888889,8.21805465116279,-0.164884237726101,0.12600206474744,0.896779649167807
"PROBE1372_at","GENE1372",1,45,43,8.01772688888889,8.06892558139535,0.0511986925064605,0.633212420474354,0.999330380285523
"PROBE1373_at","GENE1373",2,45,43,9.26860266666667,9.15268488372093,-0.115917782945738,0.322347092699618,0.999330380285523
"PROBE1374_at","GENE1374",2,45,43,9.28625888888889,9.28037906976744,-0.00587981912144642,0.957528562462984,0.999330380285523
"PROBE1375_at","GENE1375",1,45,43,5.84035444444444,5.8172488372093,-0.0231056072351423,0.809584706141994,0.999330380285523
"PROBE1376_at","GENE1376",2,45,43,7.49807377777778,7.75689953488372,0.258825757105949,0.0405046771641542,0.465129835930131
"PROBE1377_at","GENE1377",2,45,43,8.14105088888889,8.10683604651163,-0.0342148423772599,0.751554213853102,0.999330380285523
"PROBE1378_at","GENE1378",0,45,43,9.04311666666667,9.0277776744186,-0.0153389922480613,0.892521923781324,0.999330380285523
"PROBE1379_at","GENE1379",2,45,43,9.93883022222222,9.93609418604651,-0.0027360361757065,0.980617038996563,0.999330380285523
"PROBE1380_at","GENE1380",2,45,43,10.568312,10.5855851162791,0.01727311627908,0.883355377727811,0.999330380285523
"PROBE1381_at","GENE1381",2,45,43,8.03388955555556,8.02352465116279,-0.0103649043927661,0.925882402833827,0.999330380285523
"PROBE1382_at","GENE1382",1,45,43,9.244226,9.05133976744186,-0.192886232558145,0.0981485551787504,0.796337161693715
"PROBE1383_at","GENE1383",1,45,43,9.26002044444444,9.26479953488372,0.00477909043927838,0.96833097804026,0.999330380285523
"PROBE1384_at","GENE1384",2,45,43,9.91361333333333,9.94730744186047,0.0336941085271327,0.761898220622641,0.999330380285523
"PROBE1385_at","GENE1385",0,45,43,8.41368511111111,8.42224069767442,0.00855558656331112,0.937259910977909,0.999330380285523
"PROBE1386_at","GENE1386",1,45,43,7.87995622222222,7.87450651162791,-0.00544971059431543,0.959872056894273,0.999330380285523
"PROBE1387_at","GENE1387",2,45,43,9.10122666666667,9.17006302325581,0.0688363565891432,0.579045066269481,0.999330380285523
"PROBE1388_at","GENE1388",1,45,43,7.540878,7.52723790697674,-0.0136400930232528,0.902905140566276,0.999330380285523
"PROBE1389_at","GENE1389",1,45,43,6.80064844444444,6.60525651162791,-0.195391932816536,0.0749747996187038,0.692986898379596
"PROBE1390_at","GENE1390",0,45,43,7.97426488888889,8.04280348837209,0.0685385994832055,0.596791277516162,0.999330380285523
"PROBE1391_at","GENE1391",2,45,43,10.2804593333333,10.29082,0.0103606666666671,0.921712913183936,0.999330380285523
"PROBE1392_at","GENE1392",1,45,43,7.57714955555556,7.68405418604651,0.106904630490956,0.34978063311881,0.999330380285523
"PROBE1393_at","GENE1393",0,45,43,7.34086155555556,7.41818488372093,0.0773233281653747,0.474059027214196,0.999330380285523
"PROBE1394_at","GENE1394",0,45,43,9.82199,9.6315688372093,-0.190421162790692,0.0752172620470962,0.692986898379596
"PROBE1395_at","GENE1395",1,45,43,7.62229022222222,7.5868223255814,-0.0354678966408297,0.779900372894401,0.999330380285523
"PROBE1396_at","GENE1396",2,45,43,8.59330377777778,8.65482534883721,0.0615215710594317,0.582813370606926,0.999330380285523
"PROBE1397_at","GENE1397",0,45,43,8.20559888888889,8.13671930232558,-0.0688795865633072,0.575286728268587,0.999330380285523
"PROBE1398_at","GENE1398",2,45,43,8.30485155555556,8.19590232558139,-0.10894922997416,0.32814156122364,0.999330380285523
"PROBE1399_at","GENE1399",2,45,43,8.83105222222222,8.78667558139535,-0.0443766408268758,0.71302023852992,0.999330380285523
"PROBE1400_at","GENE1400",0,45,43,8.68064133333333,8.70966581395349,0.0290244806201549,0.794662177513854,0.999330380285523
"PROBE1401_at","GENE1401",2,45,43,9.87466266666667,9.84788790697674,-0.0267747596899248,0.803642795983135,0.999330380285523
"PROBE1402_at","GENE1402",1,45,43,8.95620488888889,8.98978395348837,0.033579064599488,0.773292909075741,0.999330380285523
"PROBE1403_at","GENE1403",1,45,43,8.2235,8.31793441860465,0.0944344186046546,0.409741854414586,0.999330380285523
"PROBE1404_at","GENE1404",0,45,43,8.47015888888889,8.53407302325581,0.0639141343669234,0.537977550033612,0.999330380285523
"PROBE1405_at","GENE1405",2,45,43,9.18965555555556,9.27196232558139,0.0823067700258413,0.474727981223376,0.999330380285523
"PROBE1406_at","GENE1406",2,45,43,7.42786244444444,7.42608395348837,-0.00177849095607119,0.987446590768483,0.999330380285523
"PROBE1407_at","GENE1407",2,45,43,6.07138333333333,6.24070744186047,0.169324108527133,0.166858070918633,0.989347380354554
"PROBE1408_at","GENE1408",2,45,43,8.311988,8.3366311627907,0.0246431627906976,0.83096106079062,0.999330380285523
"PROBE1409_at","GENE1409",0,45,43,7.84399888888889,7.83226441860465,-0.0117344702842388,0.921154359754059,0.999330380285523
"PROBE1410_at","GENE1410",2,45,43,9.15480844444444,9.24441069767442,0.0896022532299714,0.416209479065471,0.999330380285523
"PROBE1411_at","GENE1411",0,45,43,10.0795522222222,10.0209388372093,-0.0586133850129187,0.536388393318633,0.999330380285523
"PROBE1412_at","GENE1412",1,45,43,9.17306288888889,8.99011209302326,-0.182950795865633,0.110114618693736,0.840499739394244
"PROBE1413_at","GENE1413",2,45,43,8.51686466666667,8.45806953488372,-0.0587951317829489,0.561271045623243,0.999330380285523
"PROBE1414_at","GENE1414",2,45,43,8.62638022222222,8.58664,-0.0397402222222212,0.732255607690581,0.999330380285523
"PROBE1415_at","GENE1415",0,45,43,7.65028288888889,7.5887376744186,-0.0615452144702822,0.584910949247977,0.999330380285523
"PROBE1416_at","GENE1416",1,45,43,7.84782288888889,7.67935511627907,-0.168467772609815,0.151034066347049,0.950935725171886
"PROBE1417_at","GENE1417",0,45,43,8.88828666666667,8.89669162790698,0.00840496124031453,0.934721343485294,0.999330380285523
"PROBE1418_at","GENE1418",1,45,43,11.8717033333333,11.9255360465116,0.0538327131782914,0.616590526298926,0.999330380285523
"PROBE1419_at","GENE1419",1,45,43,9.73969511111111,9.71214255813953,-0.0275525529715761,0.800966057986471,0.999330380285523
"PROBE1420_at","GENE1420",0,45,43,10.1297922222222,10.2604469767442,0.130654754521968,0.312099010202709,0.999330380285523
"PROBE1421_at","GENE1421",2,45,43,7.46328022222222,7.37270488372093,-0.090575338501294,0.388045533443703,0.999330380285523
"PROBE1422_at","GENE1422",0,45,43,10.8741968888889,10.8263934883721,-0.047803400516802,0.703990337541254,0.999330380285523
"PROBE1423_at","GENE1423",2,45,43,6.74613511111111,6.7339488372093,-0.0121862739018086,0.918389109526841,0.999330380285523
"PROBE1424_at","GENE1424",2,45,43,7.65938066666667,7.76219395348837,0.102813286821708,0.291826236707464,0.999330380285523
"PROBE1425_at","GENE1425",1,45,43,8.15666244444444,8.08845604651163,-0.0682063979328156,0.539223287818234,0.999330380285523
"PROBE1426_at","GENE1426",2,45,43,7.65059066666667,7.60902837209302,-0.0415622945736462,0.690929442410844,0.999330380285523
"PROBE1427_at","GENE1427",2,45,43,6.99496177777778,6.96339720930233,-0.0315645684754475,0.746923217866393,0.999330380285523
"PROBE1428_at","GENE1428",2,45,43,8.829248,8.6889588372093,-0.140289162790699,0.197648618801764,0.999330380285523
"PROBE1429_at","GENE1429",0,45,43,7.95491822222222,7.84699930232558,-0.107918919896644,0.297041418178563,0.999330380285523
"PROBE1430_at","GENE1430",1,45,43,7.78411555555556,7.77527372093023,-0.00884183462532206,0.933180869334815,0.999330380285523
"PROBE1431_at","GENE1431",2,45,43,9.56594244444444,9.4233788372093,-0.142563607235147,0.228178863692027,0.999330380285523
"PROBE1432_at","GENE1432",1,45,43,9.15765933333333,9.13392348837209,-0.0237358449612426,0.835597150980099,0.999330380285523
"PROBE1433_at","GENE1433",0,45,43,9.65905022222222,9.70533023255814,0.04628001033592,0.689779977861796,0.999330380285523
"PROBE1434_at","GENE1434",2,45,43,9.39490866666667,9.29530441860465,-0.0996042480620165,0.380191394311561,0.999330380285523
"PROBE1435_at","GENE1435",1,45,43,7.52649377777778,7.55051744186046,0.0240236640826907,0.813289273766964,0.999330380285523
"PROBE1436_at","GENE1436",1,45,43,8.57340355555556,8.48487906976744,-0.0885244857881116,0.412325380732054,0.999330380285523
"PROBE1437_at","GENE1437",2,45,43,8.72983088888889,8.72545255813954,-0.00437833074935412,0.966296632730053,0.999330380285523
"PROBE1438_at","GENE1438",1,45,43,8.35020377777778,8.39728930232558,0.047085524547807,0.663433272765542,0.999330380285523
"PROBE1439_at","GENE1439",0,45,43,7.44665155555556,7.54499465116279,0.098343095607234,0.334388163355956,0.999330380285523
"PROBE1440_at","GENE1440",1,45,43,8.092036,8.05310627906977,-0.0389297209302395,0.731246958346325,0.999330380285523
"PROBE1441_at","GENE1441",0,45,43,7.11919822222222,7.17383604651163,0.0546378242894052,0.619723342285833,0.999330380285523
"PROBE1442_at","GENE1442",2,45,43,9.13053955555556,9.10688813953488,-0.0236514160206731,0.827763619731932,0.999330380285523
"PROBE1443_at","GENE1443",1,45,43,7.30495466666667,7.30549511627907,0.000540449612404181,0.996265474290844,0.999330380285523
"PROBE1444_at","GENE1444",2,45,43,8.87823666666667,8.96809162790698,0.0898549612403112,0.421360728838726,0.999330380285523
"PROBE1445_at","GENE1445",0,45,43,6.96434644444444,6.90281,-0.0615364444444442,0.56106950634157,0.999330380285523
"PROBE1446_at","GENE1446",0,45,43,9.83044666666667,9.95198976744186,0.121543100775199,0.272728007631492,0.999330380285523
"PROBE1447_at","GENE1447",2,45,43,7.44704088888889,7.44559790697674,-0.00144298191214354,0.989745468099514,0.999330380285523
"PROBE1448_at","GENE1448",2,45,43,8.98473022222222,9.16415139534884,0.179421173126613,0.0748861707092708,0.692986898379596
"PROBE1449_at","GENE1449",1,45,43,7.59062155555556,7.57540930232558,-0.0152122532299721,0.900107062600569,0.999330380285523
"PROBE1450_at","GENE1450",1,45,43,7.47447377777778,7.36066930232558,-0.113804475452197,0.347907857428708,0.999330380285523
"PROBE1451_at","GENE1451",0,45,43,8.39633622222222,8.43663813953488,0.0403019173126626,0.707175827881844,0.999330380285523
"PROBE1452_at","GENE1452",0,45,43,9.32103911111111,9.25010488372093,-0.0709342273901772,0.538048104472131,0.999330380285523
"PROBE1453_at","GENE1453",0,45,43,9.63298711111111,9.67114534883721,0.0381582377261012,0.720085100303294,0.999330380285523
"PROBE1454_at","GENE1454",0,45,43,9.14381022222222,9.18202372093023,0.0382134987080143,0.722327112244373,0.999330380285523
"PROBE1455_at","GENE1455",1,45,43,9.00284622222222,8.94237325581395,-0.0604729664082715,0.577319725046028,0.999330380285523
"PROBE1456_at","GENE1456",2,45,43,9.97777111111111,9.99408604651163,0.0163149354005139,0.886363626757548,0.999330380285523
"PROBE1457_at","GENE1457",1,45,43,6.09756266666667,5.90842511627907,-0.189137550387596,0.0802779248431346,0.719981388727664
"PROBE1458_at","GENE1458",1,45,43,6.54065288888889,6.46023465116279,-0.0804182377260956,0.429875756861509,0.999330380285523
"PROBE1459_at","GENE1459",1,45,43,5.50748,5.34112558139535,-0.166354418604655,0.105423757191504,0.82191752634415
"PROBE1460_at","GENE1460",2,45,43,8.27031955555556,8.26252325581395,-0.00779629974160478,0.947869725834072,0.999330380285523
"PROBE1461_at","GENE1461",0,45,43,8.49959444444444,8.41173023255814,-0.0878642118863038,0.408727011350176,0.999330380285523
"PROBE1462_at","GENE1462",0,45,43,7.940806,7.95449325581395,0.0136872558139531,0.891309180737555,0.999330380285523
"PROBE1463_at","GENE1463",1,45,43,9.24436977777778,9.11878744186047,-0.125582335917315,0.269909207447158,0.999330380285523
"PROBE1464_at","GENE1464",1,45,43,9.53926133333333,9.57098441860465,0.0317230852713131,0.771996582198249,0.999330380285523
"PROBE1465_at","GENE1465",2,45,43,11.022464,11.0625204651163,0.0400564651162778,0.730424977827855,0.999330380285523
"PROBE1466_at","GENE1466",0,45,43,8.03280533333333,8.1570211627907,0.124215829457363,0.188756881170696,0.999330380285523
"PROBE1467_at","GENE1467",0,45,43,8.880414,8.79195465116279,-0.0884593488372065,0.436952264610189,0.999330380285523
"PROBE1468_at","GENE1468",1,45,43,6.47971666666667,6.5032488372093,0.023532170542639,0.841835779679909,0.999330380285523
"PROBE1469_at","GENE1469",0,45,43,8.77507022222222,8.79189511627907,0.0168248940568496,0.873262196372299,0.999330380285523
"PROBE1470_at","GENE1470",1,45,43,6.92191044444444,7.11962186046512,0.197711416020672,0.0858579847514955,0.747825438300745
"PROBE1471_at","GENE1471",2,45,43,8.79304266666667,8.9391911627907,0.146148496124029,0.201671404921116,0.999330380285523
"PROBE1472_at","GENE1472",0,45,43,8.49015377777778,8.49456046511628,0.0044066873385038,0.968330801298487,0.999330380285523
"PROBE1473_at","GENE1473",0,45,43,8.58992844444444,8.58458395348837,-0.00534449095607314,0.96365074821416,0.999330380285523
"PROBE1474_at","GENE1474",2,45,43,9.04245822222222,8.97326953488372,-0.069188687338503,0.489627631410358,0.999330380285523
"PROBE1475_at","GENE1475",0,45,43,7.59874911111111,7.54799604651163,-0.0507530645994816,0.650652088148679,0.999330380285523
"PROBE1476_at","GENE1476",2,45,43,9.17910733333333,9.17245697674419,-0.00665035658914803,0.948303259453296,0.999330380285523
"PROBE1477_at","GENE1477",2,45,43,8.61376688888889,8.60601093023256,-0.00775595865632894,0.944602754826651,0.999330380285523
"PROBE1478_at","GENE1478",2,45,43,10.473736,10.4893111627907,0.0155751627907001,0.89646779353767,0.999330380285523
"PROBE1479_at","GENE1479",1,45,43,8.46820044444445,8.49582093023256,0.0276204857881126,0.803667758868719,0.999330380285523
"PROBE1480_at","GENE1480",1,45,43,9.97721866666667,10.2312434883721,0.254024821705428,0.0312804545932053,0.386178451767967
"PROBE1481_at","GENE1481",2,45,43,9.45595311111111,9.30162302325581,-0.154330087855298,0.145453590325163,0.950935725171886
"PROBE1482_at","GENE1482",1,45,43,8.55203288888889,8.45655906976744,-0.0954738191214481,0.343630766793309,0.999330380285523
"PROBE1483_at","GENE1483",2,45,43,9.421048,9.33410511627907,-0.0869428837209245,0.418876207020751,0.999330380285523
"PROBE1484_at","GENE1484",0,45,43,9.03358866666667,8.9507888372093,-0.0827998294573682,0.446132189708701,0.999330380285523
"PROBE1485_at","GENE1485",1,45,43,9.78589911111111,9.78328558139535,-0.00261352971576301,0.981550224208128,0.999330380285523
"PROBE1486_at","GENE1486",1,45,43,10.09416,10.090526744186,-0.00363325581394847,0.971220157463274,0.999330380285523
"PROBE1487_at","GENE1487",0,45,43,11.3182226666667,11.5032506976744,0.185028031007754,0.09978787182181,0.799575964935009
"PROBE1488_at","GENE1488",0,45,43,8.24642155555556,8.45782162790698,0.211400072351424,0.0491553502513094,0.531409191906048
"PROBE1489_at","GENE1489",0,45,43,8.26238088888889,8.28446162790698,0.0220807390180866,0.842430564853353,0.999330380285523
"PROBE1490_at","GENE1490",0,45,43,8.38470488888889,8.4803488372093,0.0956439483204132,0.36706270969848,0.999330380285523
"PROBE1491_at","GENE1491",1,45,43,8.19744133333333,8.16026697674419,-0.037174356589146,0.743604617705784,0.999330380285523
"PROBE1492_at","GENE1492",0,45,43,7.97802177777778,7.98121790697674,0.00319612919896528,0.976502727645223,0.999330380285523
"PROBE1493_at","GENE1493",2,45,43,10.4642828888889,10.6027793023256,0.138496413436695,0.25064492908798,0.999330380285523
"PROBE1494_at","GENE1494",0,45,43,9.35146311111111,9.43904418604651,0.0875810749354073,0.446803333304787,0.999330380285523
"PROBE1495_at","GENE1495",0,45,43,9.22627955555556,9.12460348837209,-0.101676067183462,0.386884841501227,0.999330380285523
"PROBE1496_at","GENE1496",0,45,43,9.083244,9.11543976744186,0.0321957674418627,0.794503830883103,0.999330380285523
"PROBE1497_at","GENE1497",0,45,43,7.40474733333333,7.44601627906977,0.0412689457364346,0.717970488262354,0.999330380285523
"PROBE1498_at","GENE1498",2,45,43,8.61870955555556,8.78881488372093,0.170105328165373,0.103114444872085,0.813943878863475
"PROBE1499_at","GENE1499",2,45,43,8.63353666666667,8.54441139534884,-0.0891252713178279,0.441689350960752,0.999330380285523
"PROBE1500_at","GENE1500",0,45,43,9.68352888888889,9.60755953488372,-0.0759693540051654,0.504188485269269,0.999330380285523
"PROBE1501_at","GENE1501",2,45,43,8.02442088888889,7.98548232558139,-0.0389385633074948,0.69921358981665,0.999330380285523
"PROBE1502_at","GENE1502",0,45,43,8.44017222222222,8.45007837209302,0.0099061498707993,0.932324512004003,0.999330380285523
"PROBE1503_at","GENE1503",0,45,43,9.45479955555555,9.48522837209302,0.0304288165374675,0.798342204984906,0.999330380285523
"PROBE1504_at","GENE1504",2,45,43,8.18991177777778,8.19659395348837,0.00668217571059415,0.956654139547901,0.999330380285523
"PROBE1505_at","GENE1505",0,45,43,9.31657666666667,9.19862302325581,-0.117953643410853,0.352538995550699,0.999330380285523
"PROBE1506_at","GENE1506",0,45,43,9.71793888888889,9.69493488372093,-0.0230040051679588,0.829940111661559,0.999330380285523
"PROBE1507_at","GENE1507",0,45,43,7.184584,7.19728790697674,0.0127039069767454,0.913732011442393,0.999330380285523
"PROBE1508_at","GENE1508",0,45,43,7.88634022222222,7.84989325581395,-0.0364469664082705,0.727545597448603,0.999330380285523
"PROBE1509_at","GENE1509",2,45,43,8.10953488888889,7.90709534883721,-0.202439540051675,0.0922418362821776,0.768681969018146
"PROBE1510_at","GENE1510",1,45,43,7.91988488888889,7.95322581395349,0.0333409250646008,0.755129242392,0.999330380285523
"PROBE1511_at","GENE1511",0,45,43,7.5381,7.4862176744186,-0.0518823255813974,0.691539935370419,0.999330380285523
"PROBE1512_at","GENE1512",0,45,43,9.21503644444445,9.11364511627907,-0.101391328165375,0.331616256833553,0.999330380285523
"PROBE1513_at","GENE1513",2,45,43,8.76687555555556,8.75725720930233,-0.00961834625322666,0.930350929010653,0.999330380285523
"PROBE1514_at","GENE1514",2,45,43,9.47890377777778,9.51789139534884,0.0389876175710562,0.728059734263675,0.999330380285523
"PROBE1515_at","GENE1515",2,45,43,9.92238777777778,9.89544604651163,-0.0269417312661435,0.825578822150022,0.999330380285523
"PROBE1516_at","GENE1516",2,45,43,9.73519466666667,9.81840255813954,0.083207891472874,0.497798670475415,0.999330380285523
"PROBE1517_at","GENE1517",2,45,43,8.20377177777778,8.14968930232558,-0.0540824754521942,0.54596147967873,0.999330380285523
"PROBE1518_at","GENE1518",2,45,43,8.47729044444444,8.42252511627907,-0.0547653281653737,0.658208340981424,0.999330380285523
"PROBE1519_at","GENE1519",1,45,43,9.311182,9.33457837209302,0.0233963720930213,0.828480555933488,0.999330380285523
"PROBE1520_at","GENE1520",2,45,43,9.41493377777778,9.42042069767442,0.00548691989664363,0.964214090834476,0.999330380285523
"PROBE1521_at","GENE1521",1,45,43,6.16244755555556,6.22070813953488,0.0582605839793233,0.617946764323445,0.999330380285523
"PROBE1522_at","GENE1522",0,45,43,7.83637155555556,7.84421325581395,0.00784170025839792,0.943216422422397,0.999330380285523
"PROBE1523_at","GENE1523",2,45,43,9.57453511111111,9.66670255813954,0.0921674470284248,0.381896234169175,0.999330380285523
"PROBE1524_at","GENE1524",2,45,43,8.85848133333333,8.89249488372093,0.0340135503875967,0.733210622911763,0.999330380285523
"PROBE1525_at","GENE1525",2,45,43,8.47536333333333,8.64201813953488,0.166654806201551,0.132989041642878,0.927215947001714
"PROBE1526_at","GENE1526",0,45,43,6.99729822222222,7.01674790697674,0.0194496847545214,0.865360864630925,0.999330380285523
"PROBE1527_at","GENE1527",1,45,43,8.55294911111111,8.51232604651163,-0.0406230645994832,0.743027835910776,0.999330380285523
"PROBE1528_at","GENE1528",1,45,43,9.38805755555556,9.33512441860465,-0.0529331369509016,0.628763067602251,0.999330380285523
"PROBE1529_at","GENE1529",0,45,43,10.1730028888889,10.0214669767442,-0.151535912144695,0.199425902010701,0.999330380285523
"PROBE1530_at","GENE1530",0,45,43,9.99475088888889,9.84968744186047,-0.145063447028425,0.157028211279592,0.959126792932384
"PROBE1531_at","GENE1531",0,45,43,6.91303933333333,6.81400581395349,-0.0990335193798471,0.383967202118444,0.999330380285523
"PROBE1532_at","GENE1532",1,45,43,10.177538,10.2152625581395,0.0377245581395425,0.742307338603834,0.999330380285523
"PROBE1533_at","GENE1533",2,45,43,10.7705171111111,10.7150393023256,-0.0554778087855308,0.606798899947853,0.999330380285523
"PROBE1534_at","GENE1534",0,45,43,6.44737977777778,6.28839418604651,-0.158985591731264,0.191962555875858,0.999330380285523
"PROBE1535_at","GENE1535",2,45,43,9.45594,9.38831302325581,-0.0676269767441866,0.550133682224818,0.999330380285523
"PROBE1536_at","GENE1536",0,45,43,8.29478911111111,8.42269674418605,0.127907633074937,0.228292734011685,0.999330380285523
"PROBE1537_at","GENE1537",2,45,43,9.727198,9.81208976744186,0.0848917674418583,0.412816929596893,0.999330380285523
"PROBE1538_at","GENE1538",1,45,43,6.21871555555556,6.17253953488372,-0.0461760206718349,0.663677699665855,0.999330380285523
"PROBE1539_at","GENE1539",2,45,43,8.21199622222222,8.06941558139535,-0.142580640826871,0.200621799903503,0.999330380285523
"PROBE1540_at","GENE1540",1,45,43,7.30164511111111,7.24777534883721,-0.0538697622738988,0.624347310668393,0.999330380285523
"PROBE1541_at","GENE1541",2,45,43,7.88959622222222,7.98263325581395,0.0930370335917301,0.41397508056585,0.999330380285523
"PROBE1542_at","GENE1542",1,45,43,7.82457133333333,7.84146953488372,0.0168982015503909,0.868862578193866,0.999330380285523
"PROBE1543_at","GENE1543",1,45,43,7.51594022222222,7.43784488372093,-0.0780953385012886,0.461150391501587,0.999330380285523
"PROBE1544_at","GENE1544",0,45,43,9.61044577777778,9.51750279069767,-0.0929429870801055,0.40743001684034,0.999330380285523
"PROBE1545_at","GENE1545",2,45,43,11.2102544444444,11.0846660465116,-0.125588397932816,0.259358551736415,0.999330380285523
"PROBE1546_at","GENE1546",2,45,43,7.65090244444444,7.59078395348837,-0.0601184909560732,0.606214937372619,0.999330380285523
"PROBE1547_at","GENE1547",1,45,43,7.71615888888889,7.73296581395349,0.0168069250645964,0.880351636733799,0.999330380285523
"PROBE1548_at","GENE1548",2,45,43,8.02948422222222,8.12167860465116,0.0921943824289393,0.40439255558266,0.999330380285523
"PROBE1549_at","GENE1549",0,45,43,9.32286866666667,9.3464788372093,0.0236101705426375,0.845112853641562,0.999330380285523
"PROBE1550_at","GENE1550",0,45,43,8.34459266666667,8.30918162790698,-0.0354110387596904,0.748290417127989,0.999330380285523
"PROBE1551_at","GENE1551",1,45,43,8.88201111111111,8.95054697674419,0.0685358656330735,0.514546159257383,0.999330380285523
"PROBE1552_at","GENE1552",1,45,43,7.38065333333333,7.30789418604651,-0.072759147286825,0.512823141642728,0.999330380285523
"PROBE1553_at","GENE1553",1,45,43,7.83938577777778,7.81182162790698,-0.0275641498708019,0.825971602529759,0.999330380285523
"PROBE1554_at","GENE1554",1,45,43,8.05107044444444,8.03610418604651,-0.0149662583979318,0.896372893445571,0.999330380285523
"PROBE1555_at","GENE1555",1,45,43,7.02902511111111,6.88096697674419,-0.148058134366921,0.183072957797428,0.999330380285523
"PROBE1556_at","GENE1556",1,45,43,9.32580022222222,9.17019813953488,-0.155602082687336,0.120788056661358,0.883276465530952
"PROBE1557_at","GENE1557",2,45,43,11.4181111111111,11.4230439534884,0.00493284237725788,0.961994532279736,0.999330380285523
"PROBE1558_at","GENE1558",2,45,43,9.34203133333333,9.19888953488372,-0.143141798449609,0.244680458148814,0.999330380285523
"PROBE1559_at","GENE1559",2,45,43,9.25298177777778,9.16434046511628,-0.0886413126615011,0.428244236670624,0.999330380285523
"PROBE1560_at","GENE1560",1,45,43,7.73252755555556,7.72356790697674,-0.00895964857881015,0.92513263214125,0.999330380285523
"PROBE1561_at","GENE1561",2,45,43,7.09734244444444,7.14911720930233,0.0517747648578846,0.656621289642007,0.999330380285523
"PROBE1562_at","GENE1562",1,45,43,7.01209822222222,7.14281348837209,0.130715266149869,0.211051146060398,0.999330380285523
"PROBE1563_at","GENE1563",2,45,43,7.68761244444444,7.53281372093023,-0.154798723514211,0.199387017242279,0.999330380285523
"PROBE1564_at","GENE1564",0,45,43,8.52929133333333,8.55718720930233,0.0278958759689942,0.795238718781365,0.999330380285523
"PROBE1565_at","GENE1565",2,45,43,7.93443977777778,7.84618976744186,-0.0882500103359192,0.409717719277406,0.999330380285523
"PROBE1566_at","GENE1566",2,45,43,8.19095711111111,8.28038511627907,0.0894280051679583,0.398370051742292,0.999330380285523
"PROBE1567_at","GENE1567",0,45,43,7.859436,7.86218023255814,0.00274423255814238,0.979863678474889,0.999330380285523
"PROBE1568_at","GENE1568",1,45,43,7.57987377777778,7.62930372093023,0.0494299431524539,0.660806620164201,0.999330380285523
"PROBE1569_at","GENE1569",1,45,43,8.60059644444445,8.65972837209302,0.0591319276485827,0.607492331839017,0.999330380285523
"PROBE1570_at","GENE1570",0,45,43,7.53266911111111,7.55020906976744,0.0175399586563296,0.874581453012737,0.999330380285523
"PROBE1571_at","GENE1571",0,45,43,9.65801,9.59666720930232,-0.0613427906976778,0.56131705961043,0.999330380285523
"PROBE1572_at","GENE1572",0,45,43,9.10774022222222,9.15673209302326,0.0489918708010357,0.629907168091409,0.999330380285523
"PROBE1573_at","GENE1573",0,45,43,7.54331511111111,7.61666697674419,0.0733518656330734,0.482165362478996,0.999330380285523
"PROBE1574_at","GENE1574",2,45,43,8.87272022222222,8.88228186046512,0.00956163824289646,0.928985329288585,0.999330380285523
"PROBE1575_at","GENE1575",2,45,43,8.29846666666667,8.36937209302326,0.0709054263565942,0.533852614292728,0.999330380285523
"PROBE1576_at","GENE1576",2,45,43,10.3636028888889,10.3957255813953,0.0321226925064604,0.762357437493474,0.999330380285523
"PROBE1577_at","GENE1577",1,45,43,7.25255933333333,7.1805523255814,-0.0720070077519379,0.487753616942726,0.999330380285523
"PROBE1578_at","GENE1578",0,45,43,8.89469422222222,8.75559581395349,-0.13909840826873,0.189625220992162,0.999330380285523
"PROBE1579_at","GENE1579",2,45,43,8.74467511111111,8.77675162790698,0.0320765167958701,0.764778941087417,0.999330380285523
"PROBE1580_at","GENE1580",1,45,43,9.67460022222222,9.5142,-0.160400222222217,0.162325174834912,0.971121253448065
"PROBE1581_at","GENE1581",1,45,43,7.12989022222222,7.20858348837209,0.0786932661498687,0.491563005204533,0.999330380285523
"PROBE1582_at","GENE1582",0,45,43,9.21675844444444,9.10935744186047,-0.107401002583977,0.34447768119746,0.999330380285523
"PROBE1583_at","GENE1583",2,45,43,10.0557257777778,10.0462458139535,-0.00947996382429217,0.938253059670284,0.999330380285523
"PROBE1584_at","GENE1584",1,45,43,7.44077977777778,7.53650348837209,0.0957237105943172,0.397393569458012,0.999330380285523
"PROBE1585_at","GENE1585",2,45,43,8.913604,8.89080511627907,-0.0227988837209274,0.820998113009674,0.999330380285523
"PROBE1586_at","GENE1586",2,45,43,9.361954,9.39114627906977,0.0291922790697683,0.786228746463556,0.999330380285523
"PROBE1587_at","GENE1587",0,45,43,9.77448577777778,9.75713930232558,-0.0173464754521984,0.872827930556027,0.999330380285523
"PROBE1588_at","GENE1588",2,45,43,7.57258866666667,7.46941930232558,-0.103169364341083,0.390569542688591,0.999330380285523
"PROBE1589_at","GENE1589",2,45,43,8.49263755555556,8.54758697674419,0.0549494211886294,0.583686474105559,0.999330380285523
"PROBE1590_at","GENE1590",1,45,43,7.184466,7.18714488372093,0.00267888372092973,0.981856225664001,0.999330380285523
"PROBE1591_at","GENE1591",2,45,43,9.15436688888889,9.25107976744186,0.0967128785529709,0.362021657434497,0.999330380285523
"PROBE1592_at","GENE1592",1,45,43,6.16426666666667,6.09143325581395,-0.0728334108527102,0.485671648715025,0.999330380285523
"PROBE1593_at","GENE1593",2,45,43,8.75945088888889,8.78230860465116,0.0228577157622745,0.83496441979317,0.999330380285523
"PROBE1594_at","GENE1594",2,45,43,9.53345222222222,9.45266441860465,-0.0807878036175698,0.471292820470709,0.999330380285523
"PROBE1595_at","GENE1595",1,45,43,8.98978066666667,9.02437302325581,0.0345923565891457,0.760204290372996,0.999330380285523
"PROBE1596_at","GENE1596",2,45,43,8.714436,8.76241511627907,0.0479791162790697,0.646787648183135,0.999330380285523
"PROBE1597_at","GENE1597",1,45,43,7.54205355555556,7.58231860465116,0.0402650490956091,0.706740923766817,0.999330380285523
"PROBE1598_at","GENE1598",0,45,43,6.09755222222222,6.07737581395349,-0.0201764082687355,0.857917946553255,0.999330380285523
"PROBE1599_at","GENE1599",2,45,43,7.72538844444444,7.69593651162791,-0.0294519328165377,0.789460638639017,0.999330380285523
"PROBE1600_at","GENE1600",0,45,43,7.21845644444444,7.16091023255814,-0.0575462118863035,0.614780987180041,0.999330380285523
"PROBE1601_at","GENE1601",0,45,43,8.96485,8.94277069767442,-0.0220793023255794,0.837182028103084,0.999330380285523
"PROBE1602_at","GENE1602",2,45,43,9.22850733333333,9.2616711627907,0.0331638294573597,0.791487830949251,0.999330380285523
"PROBE1603_at","GENE1603",2,45,43,6.69912333333333,6.69345069767442,-0.00567263565891274,0.961626507386961,0.999330380285523
"PROBE1604_at","GENE1604",1,45,43,7.10409844444444,7.07855674418605,-0.0255417002584002,0.841060875348608,0.999330380285523
"PROBE1605_at","GENE1605",1,45,43,7.59035577777778,7.52169325581395,-0.0686625219638239,0.521961653365438,0.999330380285523
"PROBE1606_at","GENE1606",2,45,43,10.9460068888889,10.8707065116279,-0.0753003772609819,0.485173623729724,0.999330380285523
"PROBE1607_at","GENE1607",0,45,43,10.3920244444444,10.5159788372093,0.12395439276486,0.274828763898317,0.999330380285523
"PROBE1608_at","GENE1608",2,45,43,11.1924311111111,11.1879088372093,-0.00452227390180937,0.96848495827243,0.999330380285523
"PROBE1609_at","GENE1609",1,45,43,8.34980977777778,8.39460139534884,0.0447916175710574,0.692333893921142,0.999330380285523
"PROBE1610_at","GENE1610",2,45,43,6.62568711111111,6.57320837209302,-0.0524787390180901,0.638690810184019,0.999330380285523
"PROBE1611_at","GENE1611",2,45,43,9.14847488888889,9.07556209302326,-0.0729127958656317,0.549449738947319,0.999330380285523
"PROBE1612_at","GENE1612",0,45,43,7.86456288888889,7.66484744186047,-0.199715447028423,0.100320334817312,0.799575964935009
"PROBE1613_at","GENE1613",0,45,43,7.81005711111111,7.78639581395349,-0.0236612971576244,0.826110977322332,0.999330380285523
"PROBE1614_at","GENE1614",2,45,43,9.31829888888889,9.30167651162791,-0.0166223772609797,0.882000153032986,0.999330380285523
"PROBE1615_at","GENE1615",0,45,43,7.34216777777778,7.31137325581395,-0.0307945219638208,0.769813734099261,0.999330380285523
"PROBE1616_at","GENE1616",1,45,43,8.38913666666667,8.31076,-0.0783766666666654,0.527165138870133,0.999330380285523
"PROBE1617_at","GENE1617",2,45,43,9.58581977777778,9.6869188372093,0.101099059431522,0.479563026574232,0.999330380285523
"PROBE1618_at","GENE1618",2,45,43,9.92996866666667,9.99203162790698,0.0620629612403167,0.562903591882878,0.999330380285523
"PROBE1619_at","GENE1619",0,45,43,8.27362444444444,8.41239,0.138765555555556,0.262565837047443,0.999330380285523
"PROBE1620_at","GENE1620",1,45,43,8.75336711111111,8.77120511627907,0.0178380051679579,0.869140504217582,0.999330380285523
"PROBE1621_at","GENE1621",1,45,43,8.29372066666667,8.29615953488372,0.0024388682170553,0.982918018824515,0.999330380285523
"PROBE1622_at","GENE1622",2,45,43,7.91388066666667,8.03672255813954,0.122841891472872,0.229926799261766,0.999330380285523
"PROBE1623_at","GENE1623",0,45,43,7.90958866666667,7.88229,-0.0272986666666659,0.79891273080748,0.999330380285523
"PROBE1624_at","GENE1624",1,45,43,5.70522422222222,5.6816676744186,-0.0235565478036168,0.799457317723934,0.999330380285523
"PROBE1625_at","GENE1625",1,45,43,9.90783688888889,10.086971627907,0.179134739018091,0.0821060076342654,0.724997859905213
"PROBE1626_at","GENE1626",0,45,43,7.79862644444444,7.72831953488372,-0.0703069095607241,0.480847592389754,0.999330380285523
"PROBE1627_at","GENE1627",0,45,43,7.97168022222222,8.12805581395349,0.156375591731265,0.162005340187224,0.971121253448065
"PROBE1628_at","GENE1628",0,45,43,6.17770822222222,6.18691255813954,0.00920433591731573,0.92595044142389,0.999330380285523
"PROBE1629_at","GENE1629",0,45,43,8.90902088888889,8.92964627906977,0.0206253901808804,0.837458358203134,0.999330380285523
"PROBE1630_at","GENE1630",1,45,43,8.338442,8.15172162790698,-0.186720372093026,0.111108334085572,0.844930297228687
"PROBE1631_at","GENE1631",2,45,43,8.94280933333333,8.84828837209302,-0.0945209612403062,0.364665115392971,0.999330380285523
"PROBE1632_at","GENE1632",0,45,43,7.03626177777778,7.15531627906977,0.119054501291989,0.236044642010222,0.999330380285523
"PROBE1633_at","GENE1633",2,45,43,8.71108844444444,8.68310651162791,-0.0279819328165356,0.768554110463834,0.999330380285523
"PROBE1634_at","GENE1634",1,45,43,7.98359288888889,7.87392069767442,-0.109672191214467,0.309243622678079,0.999330380285523
"PROBE1635_at","GENE1635",0,45,43,7.90900044444444,7.87061093023256,-0.038389514211886,0.749134461320087,0.999330380285523
"PROBE1636_at","GENE1636",0,45,43,9.08006822222222,8.91858279069768,-0.161485431524543,0.16982501230785,0.989347380354554
"PROBE1637_at","GENE1637",2,45,43,7.11512377777778,7.19638325581395,0.0812594780361762,0.477860656412286,0.999330380285523
"PROBE1638_at","GENE1638",1,45,43,6.13207377777778,6.07124627906977,-0.0608274987080089,0.581877360974941,0.999330380285523
"PROBE1639_at","GENE1639",0,45,43,9.89178288888889,10.1182695348837,0.226486645994836,0.0230449855027266,0.303223493456928
"PROBE1640_at","GENE1640",0,45,43,7.84162911111111,7.81247348837209,-0.0291556227390171,0.821173161531711,0.999330380285523
"PROBE1641_at","GENE1641",1,45,43,7.21573911111111,7.20009465116279,-0.0156444599483221,0.888937215905159,0.999330380285523
"PROBE1642_at","GENE1642",2,45,43,10.3184813333333,10.2612137209302,-0.0572676124031037,0.612520545735621,0.999330380285523
"PROBE1643_at","GENE1643",2,45,43,9.45047377777778,9.37567511627907,-0.0747986614987095,0.498372119385724,0.999330380285523
"PROBE1644_at","GENE1644",1,45,43,8.97664688888889,9.08121209302326,0.104565204134371,0.311502151568757,0.999330380285523
"PROBE1645_at","GENE1645",0,45,43,10.8163348888889,10.7723688372093,-0.0439660516795861,0.709319610003402,0.999330380285523
"PROBE1646_at","GENE1646",1,45,43,8.79230444444444,8.84217581395349,0.0498713695090434,0.680969394962732,0.999330380285523
"PROBE1647_at","GENE1647",1,45,43,7.41468666666667,7.52154418604651,0.106857519379845,0.33886178020293,0.999330380285523
"PROBE1648_at","GENE1648",2,45,43,6.608204,6.54273720930233,-0.0654667906976751,0.542620422098718,0.999330380285523
"PROBE1649_at","GENE1649",2,45,43,8.50165488888889,8.41058139534884,-0.091073493540053,0.426839934374557,0.999330380285523
"PROBE1650_at","GENE1650",1,45,43,6.47590088888889,6.51425511627907,0.0383542273901778,0.724436647566695,0.999330380285523
"PROBE1651_at","GENE1651",2,45,43,7.94342577777778,7.81934790697674,-0.124077870801034,0.251674452424825,0.999330380285523
"PROBE1652_at","GENE1652",1,45,43,8.935044,8.69543651162791,-0.239607488372098,0.0336349714517592,0.40558174318385
"PROBE1653_at","GENE1653",0,45,43,7.17353844444444,7.10367697674419,-0.0698614677002594,0.442727160995441,0.999330380285523
"PROBE1654_at","GENE1654",0,45,43,9.24053555555555,9.12774348837209,-0.112792067183463,0.328837008338237,0.999330380285523
"PROBE1655_at","GENE1655",1,45,43,6.80924422222222,6.90661302325581,0.0973688010335954,0.344703657564426,0.999330380285523
"PROBE1656_at","GENE1656",2,45,43,10.087972,10.0651844186047,-0.0227875813953506,0.845893580207907,0.999330380285523
"PROBE1657_at","GENE1657",2,45,43,9.82324644444444,9.86704139534884,0.0437949509043953,0.723002998159678,0.999330380285523
"PROBE1658_at","GENE1658",2,45,43,10.0121922222222,9.99304674418605,-0.0191454780361759,0.844191374530657,0.999330380285523
"PROBE1659_at","GENE1659",1,45,43,8.864226,8.8230211627907,-0.0412048372093015,0.714512595386234,0.999330380285523
"PROBE1660_at","GENE1660",1,45,43,7.18222466666667,7.21535232558139,0.033127658914732,0.761139929018135,0.999330380285523
"PROBE1661_at","GENE1661",0,45,43,7.12327288888889,7.00045279069767,-0.122820098191212,0.238088616663948,0.999330380285523
"PROBE1662_at","GENE1662",2,45,43,8.11430066666667,8.08488534883721,-0.0294153178294589,0.796425665979314,0.999330380285523
"PROBE1663_at","GENE1663",0,45,43,8.22781311111111,8.30772232558139,0.0799092144702858,0.514026514416381,0.999330380285523
"PROBE1664_at","GENE1664",1,45,43,10.5740293333333,10.517273255814,-0.0567560775193794,0.587614877796378,0.999330380285523
"PROBE1665_at","GENE1665",1,45,43,8.07472466666667,8.01017255813954,-0.0645521085271312,0.541977523006693,0.999330380285523
"PROBE1666_at","GENE1666",2,45,43,10.1339955555556,10.2918353488372,0.157839793281653,0.141804817824413,0.948653015411418
"PROBE1667_at","GENE1667",1,45,43,8.047022,8.00193604651163,-0.045085953488373,0.643511089536432,0.999330380285523
"PROBE1668_at","GENE1668",1,45,43,10.5176242222222,10.5322625581395,0.0146383359173168,0.899775133170078,0.999330380285523
"PROBE1669_at","GENE1669",1,45,43,8.05864844444444,8.21384,0.155191555555552,0.15876403868148,0.965130934233923
"PROBE1670_at","GENE1670",0,45,43,8.93797222222222,8.95650511627907,0.018532894056845,0.888353912378333,0.999330380285523
"PROBE1671_at","GENE1671",0,45,43,7.16652888888889,7.05014046511628,-0.11638842377261,0.282668094598175,0.999330380285523
"PROBE1672_at","GENE1672",0,45,43,7.283088,7.29823162790698,0.0151436279069754,0.887617855337571,0.999330380285523
"PROBE1673_at","GENE1673",1,45,43,9.83702133333333,9.96916976744186,0.132148434108522,0.15119878030233,0.950935725171886
"PROBE1674_at","GENE1674",1,45,43,7.90409222222222,8.02796,0.123867777777779,0.229872002579939,0.999330380285523
"PROBE1675_at","GENE1675",1,45,43,8.06705288888889,8.17279488372093,0.105741994832043,0.327088372101451,0.999330380285523
"PROBE1676_at","GENE1676",0,45,43,8.44121733333333,8.42380558139535,-0.0174117519379813,0.87012703936591,0.999330380285523
"PROBE1677_at","GENE1677",0,45,43,9.73202266666667,9.71577255813953,-0.0162501085271316,0.871790294594888,0.999330380285523
"PROBE1678_at","GENE1678",1,45,43,7.34492444444444,7.41421348837209,0.0692890439276495,0.519685854791951,0.999330380285523
"PROBE1679_at","GENE1679",2,45,43,9.62905533333333,9.42728209302326,-0.20177324031008,0.0549655259695092,0.576620857469869
"PROBE1680_at","GENE1680",2,45,43,11.46395,11.4575239534884,-0.0064260465116277,0.949256279775579,0.999330380285523
"PROBE1681_at","GENE1681",1,45,43,8.10678311111111,8.04099976744186,-0.0657833436692457,0.526677729350426,0.999330380285523
"PROBE1682_at","GENE1682",1,45,43,7.51951911111111,7.50787139534884,-0.0116477157622734,0.920100796517253,0.999330380285523
"PROBE1683_at","GENE1683",2,45,43,10.343874,10.2692723255814,-0.0746016744186058,0.540138971227429,0.999330380285523
"PROBE1684_at","GENE1684",1,45,43,7.09195666666667,7.14689744186046,0.0549407751937974,0.618584996824652,0.999330380285523
"PROBE1685_at","GENE1685",0,45,43,10.1719353333333,10.1520113953488,-0.0199239379844887,0.858293727178019,0.999330380285523
"PROBE1686_at","GENE1686",2,45,43,11.0136315555556,10.9180304651163,-0.0956010904392794,0.423421203564779,0.999330380285523
"PROBE1687_at","GENE1687",2,45,43,8.20939977777778,8.14306209302326,-0.0663376847545205,0.537477462613295,0.999330380285523
"PROBE1688_at","GENE1688",2,45,43,8.60010511111111,8.52013279069767,-0.0799723204134395,0.438779856883464,0.999330380285523
"PROBE1689_at","GENE1689",1,45,43,6.82309666666667,6.7025823255814,-0.120514341085271,0.251863335390542,0.999330380285523
"PROBE1690_at","GENE1690",0,45,43,6.32061977777778,6.30066372093023,-0.019956056847545,0.851370651729707,0.999330380285523
"PROBE1691_at","GENE1691",2,45,43,8.14390288888889,8.09224186046512,-0.0516610284237693,0.64027055104947,0.999330380285523
"PROBE1692_at","GENE1692",2,45,43,10.073494,10.0011495348837,-0.072344465116279,0.540211113494674,0.999330380285523
"PROBE1693_at","GENE1693",1,45,43,6.82655,6.72531837209302,-0.101231627906977,0.375609138647118,0.999330380285523
"PROBE1694_at","GENE1694",1,45,43,6.23753822222222,6.27224093023256,0.034702708010335,0.760033930459223,0.999330380285523
"PROBE1695_at","GENE1695",2,45,43,9.388608,9.36947534883721,-0.0191326511627903,0.874266691737332,0.999330380285523
"PROBE1696_at","GENE1696",0,45,43,7.42432222222222,7.5102676744186,0.0859454521963832,0.433109863352638,0.999330380285523
"PROBE1697_at","GENE1697",0,45,43,6.56792955555556,6.57022093023256,0.00229137467700014,0.984400628827038,0.999330380285523
"PROBE1698_at","GENE1698",0,45,43,9.71515844444444,9.72841162790698,0.0132531834625347,0.914578529413697,0.999330380285523
"PROBE1699_at","GENE1699",2,45,43,8.27312777777778,8.30095976744186,0.0278319896640831,0.800318879192401,0.999330380285523
"PROBE1700_at","GENE1700",2,45,43,7.74613888888889,7.65611976744186,-0.0900191214470292,0.38591803386908,0.999330380285523
"PROBE1701_at","GENE1701",1,45,43,9.02834888888889,9.15016302325581,0.121814134366929,0.297755709242376,0.999330380285523
"PROBE1702_at","GENE1702",2,45,43,10.9609413333333,10.8335090697674,-0.12743226356589,0.202637783101792,0.999330380285523
"PROBE1703_at","GENE1703",0,45,43,7.72712844444444,7.79695,0.0698215555555564,0.545549307340473,0.999330380285523
"PROBE1704_at","GENE1704",0,45,43,9.03540933333333,8.85353930232558,-0.181870031007755,0.105179423153023,0.82191752634415
"PROBE1705_at","GENE1705",1,45,43,8.33922,8.18737209302326,-0.151847906976744,0.169018249443081,0.989347380354554
"PROBE1706_at","GENE1706",0,45,43,8.66739688888889,8.66378348837209,-0.00361340051679093,0.972792508670664,0.999330380285523
"PROBE1707_at","GENE1707",2,45,43,9.22112533333333,9.2041923255814,-0.0169330077519394,0.894134627540596,0.999330380285523
"PROBE1708_at","GENE1708",1,45,43,7.80189866666667,7.68069837209302,-0.121200294573645,0.221745497418285,0.999330380285523
"PROBE1709_at","GENE1709",2,45,43,7.74228955555556,7.85005325581395,0.107763700258398,0.35635688377524,0.999330380285523
"PROBE1710_at","GENE1710",0,45,43,10.0136757777778,10.0385430232558,0.0248672454780383,0.830738917205845,0.999330380285523
"PROBE1711_at","GENE1711",0,45,43,7.14127866666667,7.35003162790698,0.208752961240308,0.0662993101939147,0.649993237195242
"PROBE1712_at","GENE1712",1,45,43,9.18832466666667,9.0595723255814,-0.128752341085274,0.27801375485235,0.999330380285523
"PROBE1713_at","GENE1713",0,45,43,7.569774,7.48855093023256,-0.0812230697674421,0.4517915060163,0.999330380285523
"PROBE1714_at","GENE1714",2,45,43,7.53680133333333,7.47251720930233,-0.0642841240310057,0.591110192963007,0.999330380285523
"PROBE1715_at","GENE1715",1,45,43,9.48115066666667,9.40247139534884,-0.078679271317835,0.531552414562817,0.999330380285523
"PROBE1716_at","GENE1716",2,45,43,9.97066844444444,10.0162027906977,0.0455343462532287,0.71499975021518,0.999330380285523
"PROBE1717_at","GENE1717",1,45,43,8.886992,8.90761976744186,0.0206277674418658,0.830348793812169,0.999330380285523
"PROBE1718_at","GENE1718",1,45,43,6.24250155555556,6.4713776744186,0.22887611886305,0.0113130311887217,0.168851211771966
"PROBE1719_at","GENE1719",0,45,43,8.16713222222222,8.04586302325581,-0.121269198966409,0.221386893755205,0.999330380285523
"PROBE1720_at","GENE1720",2,45,43,8.77807555555555,8.81312581395349,0.035050258397936,0.755028825812863,0.999330380285523
"PROBE1721_at","GENE1721",1,45,43,8.48357533333333,8.58077418604651,0.0971988527131789,0.428249409889213,0.999330380285523
"PROBE1722_at","GENE1722",2,45,43,8.95876377777778,8.93042558139535,-0.0283381963824336,0.797882622945138,0.999330380285523
"PROBE1723_at","GENE1723",0,45,43,9.52636133333333,9.49188860465116,-0.0344727286821627,0.719590643624498,0.999330380285523
"PROBE1724_at","GENE1724",2,45,43,7.52568044444444,7.62928465116279,0.103604206718344,0.324571133901143,0.999330380285523
"PROBE1725_at","GENE1725",2,45,43,6.946024,6.98866976744186,0.0426457674418614,0.699278638158773,0.999330380285523
"PROBE1726_at","GENE1726",2,45,43,8.84036933333333,8.80654627906977,-0.0338230542635642,0.758779470257629,0.999330380285523
"PROBE1727_at","GENE1727",1,45,43,8.70452355555556,8.69368372093023,-0.0108398346253242,0.919098333611846,0.999330380285523
"PROBE1728_at","GENE1728",1,45,43,8.01100933333333,8.00146790697674,-0.00954142635658961,0.926400493692338,0.999330380285523
"PROBE1729_at","GENE1729",0,45,43,8.19264355555556,8.20095720930233,0.00831365374677517,0.949773725895266,0.999330380285523
"PROBE1730_at","GENE1730",1,45,43,8.74085422222222,8.85964581395349,0.118791591731272,0.301391262827748,0.999330380285523
"PROBE1731_at","GENE1731",1,45,43,5.98866644444444,6.03096046511628,0.042294020671835,0.714985329765925,0.999330380285523
"PROBE1732_at","GENE1732",2,45,43,7.52364155555556,7.40188581395349,-0.121755741602066,0.246391819971807,0.999330380285523
"PROBE1733_at","GENE1733",0,45,43,7.851824,7.85552674418605,0.00370274418604932,0.968062067172956,0.999330380285523
"PROBE1734_at","GENE1734",2,45,43,10.9289546666667,10.8795381395349,-0.0494165271317772,0.672256646232338,0.999330380285523
"PROBE1735_at","GENE1735",0,45,43,8.09938444444444,8.1298523255814,0.0304678811369516,0.774682245587748,0.999330380285523
"PROBE1736_at","GENE1736",1,45,43,7.40893177777778,7.48519186046512,0.0762600826873383,0.496161103430466,0.999330380285523
"PROBE1737_at","GENE1737",2,45,43,8.19172933333333,8.19721325581395,0.0054839224806198,0.960975758222624,0.999330380285523
"PROBE1738_at","GENE1738",2,45,43,8.106042,8.08547511627907,-0.0205668837209263,0.863761683781171,0.999330380285523
"PROBE1739_at","GENE1739",2,45,43,8.72199777777778,8.56218255813953,-0.159815219638242,0.111934545454621,0.849598067966766
"PROBE1740_at","GENE1740",1,45,43,8.15214266666667,8.1682288372093,0.0160861705426356,0.885227995499107,0.999330380285523
"PROBE1741_at","GENE1741",2,45,43,10.6370166666667,10.6040093023256,-0.0330073643410902,0.772954823916086,0.999330380285523
"PROBE1742_at","GENE1742",1,45,43,6.73223244444444,6.73508651162791,0.00285406718346159,0.976240235019822,0.999330380285523
"PROBE1743_at","GENE1743",0,45,43,8.365168,8.2147188372093,-0.150449162790693,0.238490931268614,0.999330380285523
"PROBE1744_at","GENE1744",1,45,43,8.71955044444444,8.67319069767442,-0.0463597467700243,0.649733561985069,0.999330380285523
"PROBE1745_at","GENE1745",2,45,43,10.3787288888889,10.2077209302326,-0.171007958656329,0.0956078702328669,0.783261370388597
"PROBE1746_at","GENE1746",2,45,43,9.30861177777778,9.14163209302326,-0.166979684754519,0.148551797328154,0.950935725171886
"PROBE1747_at","GENE1747",2,45,43,10.3860264444444,10.4569795348837,0.0709530904392786,0.530859055598813,0.999330380285523
"PROBE1748_at","GENE1748",1,45,43,8.25272177777778,8.45061627906977,0.197894501291985,0.0588431732485584,0.597392621812775
"PROBE1749_at","GENE1749",1,45,43,9.48608311111111,9.34580209302326,-0.140281018087853,0.184809518519481,0.999330380285523
"PROBE1750_at","GENE1750",1,45,43,7.43598355555556,7.39900627906977,-0.0369772764857865,0.742750707899265,0.999330380285523
"PROBE1751_at","GENE1751",0,45,43,9.67078822222222,9.69910744186046,0.028319219638238,0.817294950973787,0.999330380285523
"PROBE1752_at","GENE1752",0,45,43,7.47601466666667,7.63240604651163,0.156391379844961,0.153200071815525,0.955931748574201
"PROBE1753_at","GENE1753",2,45,43,7.49782177777778,7.51750976744186,0.0196879896640878,0.857195398069432,0.999330380285523
"PROBE1754_at","GENE1754",0,45,43,6.94581066666667,6.97561511627907,0.0298044496124037,0.766774700193431,0.999330380285523
"PROBE1755_at","GENE1755",2,45,43,7.45893888888889,7.47216023255814,0.013221343669251,0.913506027476154,0.999330380285523
"PROBE1756_at","GENE1756",2,45,43,7.56113377777778,7.44739255813954,-0.113741219638244,0.324436722789519,0.999330380285523
"PROBE1757_at","GENE1757",1,45,43,7.27250288888889,7.1371823255814,-0.135320563307493,0.20462747160706,0.999330380285523
"PROBE1758_at","GENE1758",2,45,43,9.58982422222222,9.61729976744186,0.0274755452196356,0.801315807940008,0.999330380285523
"PROBE1759_at","GENE1759",2,45,43,8.84280911111111,8.89354209302326,0.0507329819121516,0.648119049550751,0.999330380285523
"PROBE1760_at","GENE1760",0,45,43,6.91965044444444,6.97703906976744,0.0573886253230036,0.619418819120707,0.999330380285523
"PROBE1761_at","GENE1761",1,45,43,7.200148,7.16571186046512,-0.0344361395348827,0.766560488763687,0.999330380285523
"PROBE1762_at","GENE1762",0,45,43,9.66801333333333,9.51020906976744,-0.157804263565893,0.143346898890277,0.950935725171886
"PROBE1763_at","GENE1763",1,45,43,6.711084,6.61666651162791,-0.0944174883720974,0.33945075889344,0.999330380285523
"PROBE1764_at","GENE1764",0,45,43,8.720322,8.61638232558139,-0.103939674418609,0.33439342855681,0.999330380285523
"PROBE1765_at","GENE1765",0,45,43,10.141292,10.0166418604651,-0.124650139534884,0.247582883024305,0.999330380285523
"PROBE1766_at","GENE1766",1,45,43,7.58548933333333,7.52065186046512,-0.0648374728682155,0.608002312203776,0.999330380285523
"PROBE1767_at","GENE1767",1,45,43,7.24032133333333,6.94643930232558,-0.29388203100775,0.0136068127126898,0.195709368931307
"PROBE1768_at","GENE1768",2,45,43,9.31841555555556,9.32108069767442,0.00266514211886282,0.981260051456087,0.999330380285523
"PROBE1769_at","GENE1769",1,45,43,8.82641,8.91077790697674,0.0843679069767429,0.462763787687405,0.999330380285523
"PROBE1770_at","GENE1770",2,45,43,9.41586577777778,9.44381162790698,0.0279458501292051,0.79927419434669,0.999330380285523
"PROBE1771_at","GENE1771",2,45,43,9.19844288888889,9.25828302325581,0.0598401343669224,0.576449233010414,0.999330380285523
"PROBE1772_at","GENE1772",1,45,43,8.53649377777778,8.50491418604651,-0.0315795917312673,0.773310097053419,0.999330380285523
"PROBE1773_at","GENE1773",2,45,43,8.86086422222222,8.97717930232558,0.116315080103359,0.256727550332285,0.999330380285523
"PROBE1774_at","GENE1774",0,45,43,7.64957733333333,7.59698093023256,-0.0525964031007762,0.611410699773949,0.999330380285523
"PROBE1775_at","GENE1775",2,45,43,9.01963244444444,9.03882372093023,0.0191912764857918,0.876779997892767,0.999330380285523
"PROBE1776_at","GENE1776",2,45,43,7.61437533333333,7.41348511627907,-0.200890217054265,0.10603744952273,0.82191752634415
"PROBE1777_at","GENE1777",2,45,43,8.83965333333333,8.76415139534884,-0.0755019379844999,0.481593066939328,0.999330380285523
"PROBE1778_at","GENE1778",2,45,43,9.37047,9.39263325581395,0.0221632558139611,0.822119327940853,0.999330380285523
"PROBE1779_at","GENE1779",1,45,43,6.40859044444444,6.34059976744186,-0.0679906770025811,0.568238327251871,0.999330380285523
"PROBE1780_at","GENE1780",0,45,43,9.52569711111111,9.41563627906977,-0.110060832041343,0.334793318365042,0.999330380285523
"PROBE1781_at","GENE1781",1,45,43,7.38439466666667,7.39327651162791,0.00888184496124023,0.944560549100334,0.999330380285523
"PROBE1782_at","GENE1782",1,45,43,6.39949977777778,6.3249676744186,-0.0745321033591724,0.517690831400811,0.999330380285523
"PROBE1783_at","GENE1783",0,45,43,7.28120088888889,7.41917720930233,0.137976320413437,0.213984054456678,0.999330380285523
"PROBE1784_at","GENE1784",1,45,43,7.28369955555556,7.38103465116279,0.0973350956072361,0.377854071682939,0.999330380285523
"PROBE1785_at","GENE1785",2,45,43,8.12980222222222,8.18290465116279,0.0531024289405693,0.591325497147455,0.999330380285523
"PROBE1786_at","GENE1786",2,45,43,8.30314622222222,8.39459534883721,0.0914491266149895,0.351561143434188,0.999330380285523
"PROBE1787_at","GENE1787",2,45,43,8.38338511111111,8.43822209302326,0.0548369819121444,0.620455876101621,0.999330380285523
"PROBE1788_at","GENE1788",0,45,43,7.95794355555556,8.02842627906977,0.0704827235142114,0.492126542538851,0.999330380285523
"PROBE1789_at","GENE1789",1,45,43,7.92150022222222,7.90481,-0.0166902222222189,0.877841510602454,0.999330380285523
"PROBE1790_at","GENE1790",0,45,43,10.5430415555556,10.6470034883721,0.103961932816533,0.376912495266887,0.999330380285523
"PROBE1791_at","GENE1791",0,45,43,6.65236333333333,6.74457790697674,0.0922145736434112,0.399647287014934,0.999330380285523
"PROBE1792_at","GENE1792",0,45,43,8.57712622222222,8.55152906976744,-0.0255971524547807,0.826168102200009,0.999330380285523
"PROBE1793_at","GENE1793",1,45,43,8.694494,8.61665186046512,-0.0778421395348818,0.466885681725029,0.999330380285523
"PROBE1794_at","GENE1794",0,45,43,10.0177226666667,10.0445241860465,0.0268015193798412,0.822633126607206,0.999330380285523
"PROBE1795_at","GENE1795",0,45,43,8.01590088888889,8.06350534883721,0.0476044599483227,0.684637764050997,0.999330380285523
"PROBE1796_at","GENE1796",1,45,43,6.85393622222222,6.7588211627907,-0.0951150594315227,0.438676774496871,0.999330380285523
"PROBE1797_at","GENE1797",1,45,43,7.43327,7.65148279069767,0.218212790697678,0.0296206135508447,0.372586333972889
"PROBE1798_at","GENE1798",1,45,43,7.31775022222222,7.30601348837209,-0.0117367338501264,0.915460971755576,0.999330380285523
"PROBE1799_at","GENE1799",2,45,43,8.77648022222222,8.77650069767442,2.04754522012962e-05,0.999854051042222,0.999950050990318
"PROBE1800_at","GENE1800",0,45,43,7.93819511111111,8.04361790697674,0.105422795865633,0.325595375052778,0.999330380285523
"PROBE1801_at","GENE1801",2,45,43,8.107638,7.98868279069767,-0.118955209302328,0.232816822993087,0.999330380285523
"PROBE1802_at","GENE1802",0,45,43,8.068482,8.0393888372093,-0.0290931627906996,0.796800364879242,0.999330380285523
"PROBE1803_at","GENE1803",0,45,43,8.83006311111111,8.81014720930233,-0.0199159018087851,0.864955942854353,0.999330380285523
"PROBE1804_at","GENE1804",0,45,43,6.49035333333333,6.51892046511628,0.028567131782947,0.791456953842786,0.999330380285523
"PROBE1805_at","GENE1805",1,45,43,7.98805888888889,7.93431744186046,-0.0537414470284201,0.646239544629168,0.999330380285523
"PROBE1806_at","GENE1806",1,45,43,7.28420888888889,7.38815372093023,0.10394483204134,0.294108964537647,0.999330380285523
"PROBE1807_at","GENE1807",0,45,43,7.23568133333333,7.12383139534884,-0.111849937984497,0.325210837406499,0.999330380285523
"PROBE1808_at","GENE1808",0,45,43,8.84568066666667,8.79629325581395,-0.0493874108527113,0.646106309369142,0.999330380285523
"PROBE1809_at","GENE1809",1,45,43,7.62492222222222,7.61077976744186,-0.0141424547803579,0.899463418235389,0.999330380285523
"PROBE1810_at","GENE1810",1,45,43,7.93272066666667,7.9091511627907,-0.0235695038759696,0.837539813843872,0.999330380285523
"PROBE1811_at","GENE1811",2,45,43,9.05347133333333,9.07631837209302,0.022847038759684,0.847624048473843,0.999330380285523
"PROBE1812_at","GENE1812",2,45,43,9.60816955555556,9.61056372093023,0.0023941653746764,0.982303724311599,0.999330380285523
"PROBE1813_at","GENE1813",1,45,43,6.08166533333333,6.16349906976744,0.0818337364341053,0.450279228605385,0.999330380285523
"PROBE1814_at","GENE1814",2,45,43,7.80450733333333,7.80483976744186,0.000332434108528012,0.99722003608399,0.999330380285523
"PROBE1815_at","GENE1815",1,45,43,7.81687577777778,7.77763511627907,-0.0392406614987086,0.698453989413631,0.999330380285523
"PROBE1816_at","GENE1816",1,45,43,9.12887177777778,9.07315186046512,-0.0557199173126559,0.58460552572963,0.999330380285523
"PROBE1817_at","GENE1817",0,45,43,9.61389266666667,9.58672511627907,-0.027167550387599,0.803613948469303,0.999330380285523
"PROBE1818_at","GENE1818",0,45,43,6.42284911111111,6.42059325581395,-0.00225585529715744,0.983692430458749,0.999330380285523
"PROBE1819_at","GENE1819",0,45,43,8.593246,8.61982395348837,0.0265779534883706,0.821365084449795,0.999330380285523
"PROBE1820_at","GENE1820",0,45,43,8.44942733333333,8.32060674418605,-0.128820589147287,0.224343401399166,0.999330380285523
"PROBE1821_at","GENE1821",2,45,43,9.74271666666667,9.89870744186046,0.1559907751938,0.154884421061006,0.955931748574201
"PROBE1822_at","GENE1822",2,45,43,6.98006955555556,6.98285534883721,0.00278579328165218,0.978538303892539,0.999330380285523
"PROBE1823_at","GENE1823",2,45,43,11.4726288888889,11.493838372093,0.0212094832041387,0.835798757121453,0.999330380285523
"PROBE1824_at","GENE1824",1,45,43,8.62070511111111,8.83318209302326,0.212476981912143,0.0783054753664943,0.708646835895876
"PROBE1825_at","GENE1825",0,45,43,8.10937577777778,8.10376069767442,-0.0056150801033592,0.957289057568885,0.999330380285523
"PROBE1826_at","GENE1826",1,45,43,7.43316577777778,7.35300395348837,-0.0801618242894078,0.480559001833002,0.999330380285523
"PROBE1827_at","GENE1827",1,45,43,7.23985355555556,7.22413511627907,-0.015718439276486,0.883076872293669,0.999330380285523
"PROBE1828_at","GENE1828",2,45,43,9.18986711111111,9.08340488372093,-0.10646222739018,0.326589624317464,0.999330380285523
"PROBE1829_at","GENE1829",1,45,43,8.27768177777778,8.43513372093023,0.157451943152456,0.16998346287372,0.989347380354554
"PROBE1830_at","GENE1830",0,45,43,9.72045688888889,9.78893255813954,0.0684756692506525,0.533513112572922,0.999330380285523
"PROBE1831_at","GENE1831",2,45,43,9.99123577777778,10.1275895348837,0.136353757105944,0.249438566137909,0.999330380285523
"PROBE1832_at","GENE1832",1,45,43,7.06644422222222,7.07660139534884,0.0101571731266157,0.920102766300669,0.999330380285523
"PROBE1833_at","GENE1833",0,45,43,9.162138,9.07489023255814,-0.0872477674418608,0.382380041786805,0.999330380285523
"PROBE1834_at","GENE1834",0,45,43,10.6302451111111,10.633211627907,0.00296651679586368,0.981918599635077,0.999330380285523
"PROBE1835_at","GENE1835",0,45,43,9.528702,9.46327139534884,-0.0654306046511639,0.557297618669386,0.999330380285523
"PROBE1836_at","GENE1836",0,45,43,8.55032977777778,8.49239093023256,-0.0579388475452181,0.612357289617892,0.999330380285523
"PROBE1837_at","GENE1837",2,45,43,10.1231213333333,10.1629039534884,0.0397826201550391,0.712109877474438,0.999330380285523
"PROBE1838_at","GENE1838",1,45,43,8.19695155555556,8.09091558139535,-0.106035974160203,0.359906476558859,0.999330380285523
"PROBE1839_at","GENE1839",2,45,43,10.0319915555556,10.0547702325581,0.0227786770025826,0.830875842025619,0.999330380285523
"PROBE1840_at","GENE1840",1,45,43,6.40117533333333,6.29337255813954,-0.107802775193798,0.343505892483736,0.999330380285523
"PROBE1841_at","GENE1841",0,45,43,9.45743222222222,9.40844837209302,-0.0489838501291935,0.652079202714129,0.999330380285523
"PROBE1842_at","GENE1842",2,45,43,8.59873955555556,8.65335744186046,0.0546178863049107,0.621686478367655,0.999330380285523
"PROBE1843_at","GENE1843",1,45,43,8.860512,8.78696348837209,-0.0735485116279069,0.524586886411641,0.999330380285523
"PROBE1844_at","GENE1844",0,45,43,9.45306355555556,9.40531581395349,-0.0477477416020626,0.68778475175029,0.999330380285523
"PROBE1845_at","GENE1845",1,45,43,7.78029044444444,7.65208348837209,-0.128206956072354,0.266590538048549,0.999330380285523
"PROBE1846_at","GENE1846",1,45,43,8.62844733333333,8.68563697674419,0.0571896434108528,0.610202280687322,0.999330380285523
"PROBE1847_at","GENE1847",2,45,43,9.69261888888889,9.62034093023256,-0.0722779586563327,0.527765037584432,0.999330380285523
"PROBE1848_at","GENE1848",2,45,43,8.18493022222222,8.07794930232558,-0.106980919896641,0.327617157491685,0.999330380285523
"PROBE1849_at","GENE1849",1,45,43,8.68217088888889,8.74493744186046,0.0627665529715724,0.538097251125285,0.999330380285523
"PROBE1850_at","GENE1850",0,45,43,7.36221622222222,7.30025953488372,-0.0619566873384993,0.540550810502703,0.999330380285523
"PROBE1851_at","GENE1851",0,45,43,7.71531066666667,7.81828720930233,0.102976542635658,0.314660872536442,0.999330380285523
"PROBE1852_at","GENE1852",2,45,43,9.38836155555556,9.48605186046512,0.0976903049095608,0.380078751259171,0.999330380285523
"PROBE1853_at","GENE1853",1,45,43,6.29837133333333,6.33926790697674,0.0408965736434102,0.708567304351755,0.999330380285523
"PROBE1854_at","GENE1854",1,45,43,7.30960866666667,7.27448348837209,-0.0351251782945736,0.757827520446622,0.999330380285523
"PROBE1855_at","GENE1855",1,45,43,7.61867533333333,7.61775790697674,-0.000917426356588535,0.993454650325813,0.999330380285523
"PROBE1856_at","GENE1856",2,45,43,8.84175088888889,8.93125744186047,0.0895065529715797,0.39625515007364,0.999330380285523
"PROBE1857_at","GENE1857",0,45,43,7.81973266666667,7.82271046511628,0.00297779844961354,0.977366906060472,0.999330380285523
"PROBE1858_at","GENE1858",2,45,43,8.71452866666667,8.68833093023256,-0.0261977364341099,0.819681069229831,0.999330380285523
"PROBE1859_at","GENE1859",0,45,43,8.70753733333333,8.85463279069767,0.147095457364342,0.186140568936593,0.999330380285523
"PROBE1860_at","GENE1860",1,45,43,8.58560355555556,8.50983534883721,-0.0757682067183474,0.46687211051282,0.999330380285523
"PROBE1861_at","GENE1861",2,45,43,8.24410666666667,8.19849302325581,-0.0456136434108512,0.685460828357091,0.999330380285523
"PROBE1862_at","GENE1862",2,45,43,7.82716,7.89072023255814,0.0635602325581397,0.568493614531241,0.999330380285523
"PROBE1863_at","GENE1863",1,45,43,7.80469577777778,7.63785744186047,-0.166838335917314,0.14206078905786,0.948653015411418
"PROBE1864_at","GENE1864",2,45,43,10.7826948888889,10.752541627907,-0.0301532609819102,0.796787166966806,0.999330380285523
"PROBE1865_at","GENE1865",2,45,43,10.3627551111111,10.4134439534884,0.050688842377264,0.653516620553592,0.999330380285523
"PROBE1866_at","GENE1866",2,45,43,7.72175,7.64856581395349,-0.0731841860465128,0.505443037316577,0.999330380285523
"PROBE1867_at","GENE1867",2,45,43,9.60302266666667,9.5175188372093,-0.0855038294573625,0.420889428220022,0.999330380285523
"PROBE1868_at","GENE1868",0,45,43,8.99153377777778,9.0142023255814,0.0226685478036224,0.856126900472213,0.999330380285523
"PROBE1869_at","GENE1869",1,45,43,8.23670688888889,8.24293395348837,0.00622706459948397,0.955550200047576,0.999330380285523
"PROBE1870_at","GENE1870",2,45,43,8.56989022222222,8.62216255813953,0.0522723359173156,0.647049126349843,0.999330380285523
"PROBE1871_at","GENE1871",1,45,43,8.90586866666667,8.95014953488372,0.0442808682170543,0.671862354741013,0.999330380285523
"PROBE1872_at","GENE1872",2,45,43,8.52673155555556,8.54920162790698,0.0224700723514193,0.841718368257132,0.999330380285523
"PROBE1873_at","GENE1873",0,45,43,6.64194177777778,6.89861976744186,0.256677989664085,0.0211244154880696,0.283549201182143
"PROBE1874_at","GENE1874",2,45,43,8.53637777777778,8.4273176744186,-0.109060103359173,0.30856558151205,0.999330380285523
"PROBE1875_at","GENE1875",1,45,43,8.80959622222222,8.6761611627907,-0.133435059431523,0.270394030324134,0.999330380285523
"PROBE1876_at","GENE1876",2,45,43,7.96174466666667,8.13623906976744,0.174494403100776,0.0931363679183441,0.77452281013176
"PROBE1877_at","GENE1877",1,45,43,7.52606088888889,7.39828418604651,-0.127776702842377,0.263403888562796,0.999330380285523
"PROBE1878_at","GENE1878",1,45,43,7.63657355555556,7.61079441860465,-0.0257791369509022,0.797912223859018,0.999330380285523
"PROBE1879_at","GENE1879",1,45,43,7.29068155555556,7.28371069767442,-0.00697085788113494,0.955840382529327,0.999330380285523
"PROBE1880_at","GENE1880",2,45,43,8.69836688888889,8.68865953488372,-0.00970735400516531,0.927028317742258,0.999330380285523
"PROBE1881_at","GENE1881",2,45,43,10.8987344444444,10.835038372093,-0.0636960723514139,0.530108809803583,0.999330380285523
"PROBE1882_at","GENE1882",0,45,43,9.02609977777778,8.98639534883721,-0.0397044289405706,0.710269621778729,0.999330380285523
"PROBE1883_at","GENE1883",1,45,43,8.77067755555556,8.69327860465116,-0.0773989509043869,0.428274651503371,0.999330380285523
"PROBE1884_at","GENE1884",0,45,43,6.73171933333333,6.88871325581395,0.156993922480621,0.135590991693769,0.932832559266353
"PROBE1885_at","GENE1885",1,45,43,9.60685555555555,9.65079255813954,0.0439370025839825,0.672149580917813,0.999330380285523
"PROBE1886_at","GENE1886",0,45,43,8.35257511111111,8.25442,-0.0981551111111116,0.435954963217239,0.999330380285523
"PROBE1887_at","GENE1887",0,45,43,9.61263311111111,9.71192534883721,0.0992922377261021,0.371792176401363,0.999330380285523
"PROBE1888_at","GENE1888",0,45,43,9.238934,9.24605418604651,0.00712018604651377,0.949067023221594,0.999330380285523
"PROBE1889_at","GENE1889",2,45,43,9.29013933333333,9.42061162790698,0.130472294573648,0.249038088893723,0.999330380285523
"PROBE1890_at","GENE1890",2,45,43,8.00890466666667,8.03805186046512,0.0291471937984547,0.797704902997328,0.999330380285523
"PROBE1891_at","GENE1891",1,45,43,10.4046435555556,10.350826744186,-0.0538168113695114,0.589426006469144,0.999330380285523
"PROBE1892_at","GENE1892",2,45,43,8.16481844444444,8.22132581395349,0.0565073695090454,0.632638594434038,0.999330380285523
"PROBE1893_at","GENE1893",1,45,43,7.79995088888889,7.89110069767442,0.0911498087855307,0.413977594933027,0.999330380285523
"PROBE1894_at","GENE1894",1,45,43,8.10526866666667,8.25208441860465,0.146815751937984,0.179556756612554,0.999330380285523
"PROBE1895_at","GENE1895",2,45,43,10.6469151111111,10.77695,0.130034888888884,0.262911043110354,0.999330380285523
"PROBE1896_at","GENE1896",0,45,43,7.71479288888889,7.80721581395349,0.0924229250645965,0.409384779067056,0.999330380285523
"PROBE1897_at","GENE1897",0,45,43,9.03692222222222,9.04127,0.00434777777777384,0.9691852829014,0.999330380285523
"PROBE1898_at","GENE1898",1,45,43,7.79091777777778,7.68281976744186,-0.108098010335916,0.409444989302403,0.999330380285523
"PROBE1899_at","GENE1899",0,45,43,7.18260311111111,7.14519348837209,-0.0374096227390197,0.728298532517657,0.999330380285523
"PROBE1900_at","GENE1900",0,45,43,8.15444244444445,8.02950465116279,-0.124937793281658,0.202172098379454,0.999330380285523
"PROBE1901_at","GENE1901",2,45,43,8.65261422222222,8.66677372093023,0.0141594987080076,0.905372337722002,0.999330380285523
"PROBE1902_at","GENE1902",0,45,43,10.1479606666667,10.1270155813953,-0.0209450852713147,0.855800581321255,0.999330380285523
"PROBE1903_at","GENE1903",1,45,43,6.76305933333333,6.62986093023256,-0.133198403100774,0.202946069596614,0.999330380285523
"PROBE1904_at","GENE1904",0,45,43,7.93871111111111,8.03461813953488,0.0959070284237757,0.350479119999773,0.999330380285523
"PROBE1905_at","GENE1905",2,45,43,9.55005222222222,9.53356906976744,-0.0164831524547822,0.897213145651248,0.999330380285523
"PROBE1906_at","GENE1906",0,45,43,8.06739177777778,8.06036860465116,-0.00702317312661194,0.958794329718957,0.999330380285523
"PROBE1907_at","GENE1907",0,45,43,7.16442777777778,7.05418651162791,-0.110241266149872,0.317394883195514,0.999330380285523
"PROBE1908_at","GENE1908",0,45,43,9.32079466666667,9.32343697674419,0.00264231007751548,0.981918206529737,0.999330380285523
"PROBE1909_at","GENE1909",1,45,43,6.91413155555556,7.01009558139535,0.0959640258397911,0.421150043103673,0.999330380285523
"PROBE1910_at","GENE1910",1,45,43,7.53315422222222,7.31061906976744,-0.22253515245478,0.0436865405551133,0.489485048236563
"PROBE1911_at","GENE1911",1,45,43,9.00474755555556,9.01414348837209,0.00939593281653828,0.933867290926687,0.999330380285523
"PROBE1912_at","GENE1912",2,45,43,8.01826066666667,7.93472976744186,-0.0835308992248063,0.458924334028765,0.999330380285523
"PROBE1913_at","GENE1913",1,45,43,7.93691688888889,8.02525139534884,0.088334506459943,0.447574789445036,0.999330380285523
"PROBE1914_at","GENE1914",1,45,43,9.029232,8.90392558139535,-0.125306418604648,0.299052913082297,0.999330380285523
"PROBE1915_at","GENE1915",1,45,43,5.86076466666667,5.72878930232558,-0.131975364341084,0.194633967042723,0.999330380285523
"PROBE1916_at","GENE1916",2,45,43,8.05539333333333,8.09379511627907,0.0384017829457353,0.706195319931896,0.999330380285523
"PROBE1917_at","GENE1917",1,45,43,8.64148777777778,8.68430139534884,0.0428136175710616,0.710799453291174,0.999330380285523
"PROBE1918_at","GENE1918",0,45,43,6.67318044444444,6.67405930232558,0.000878857881135175,0.993111640667009,0.999330380285523
"PROBE1919_at","GENE1919",2,45,43,8.06848111111111,8.17509069767442,0.106609586563311,0.344496391425318,0.999330380285523
"PROBE1920_at","GENE1920",0,45,43,7.72711866666667,7.70913930232558,-0.017979364341083,0.883203048876503,0.999330380285523
"PROBE1921_at","GENE1921",0,45,43,7.40130888888889,7.39978953488372,-0.00151935400516923,0.990278861454578,0.999330380285523
"PROBE1922_at","GENE1922",1,45,43,6.361528,6.33967186046512,-0.0218561395348829,0.848892514896505,0.999330380285523
"PROBE1923_at","GENE1923",1,45,43,7.33567822222222,7.41706953488372,0.0813913126615002,0.476512224540167,0.999330380285523
"PROBE1924_at","GENE1924",0,45,43,6.63487133333333,6.77405255813953,0.139181224806205,0.172579131063321,0.995409041977317
"PROBE1925_at","GENE1925",2,45,43,8.32296222222222,8.01680279069767,-0.306159431524549,0.00767098547088703,0.118470818083197
"PROBE1926_at","GENE1926",2,45,43,8.70744155555556,8.63919976744186,-0.0682417881136921,0.536725321916072,0.999330380285523
"PROBE1927_at","GENE1927",1,45,43,8.65254955555556,8.53178581395349,-0.120763741602063,0.281418951282193,0.999330380285523
"PROBE1928_at","GENE1928",2,45,43,9.820948,9.79614674418605,-0.0248012558139497,0.821498864954846,0.999330380285523
"PROBE1929_at","GENE1929",1,45,43,7.92772355555556,7.92782302325581,9.94677002550404e-05,0.999319057246487,0.999818966729852
"PROBE1930_at","GENE1930",2,45,43,8.94132355555556,8.87959418604651,-0.0617293695090435,0.564928934960324,0.999330380285523
"PROBE1931_at","GENE1931",2,45,43,7.77490666666667,7.69527023255814,-0.0796364341085303,0.508020123596347,0.999330380285523
"PROBE1932_at","GENE1932",0,45,43,11.0822051111111,11.109638372093,0.0274332609819119,0.827253621858225,0.999330380285523
"PROBE1933_at","GENE1933",2,45,43,8.59629444444444,8.49934023255814,-0.0969542118863007,0.397549390058064,0.999330380285523
"PROBE1934_at","GENE1934",2,45,43,10.0978642222222,10.0758302325581,-0.0220339896640773,0.847966320093158,0.999330380285523
"PROBE1935_at","GENE1935",0,45,43,6.86288777777778,6.88286139534884,0.0199736175710603,0.85590788011365,0.999330380285523
"PROBE1936_at","GENE1936",1,45,43,8.41652088888889,8.28716162790698,-0.129359260981909,0.161036536159685,0.970099615419791
"PROBE1937_at","GENE1937",2,45,43,9.979032,10.0243713953488,0.0453393953488348,0.678152219409153,0.999330380285523
"PROBE1938_at","GENE1938",0,45,43,7.47341155555556,7.31689860465116,-0.15651295090439,0.160447573538383,0.969471743434338
"PROBE1939_at","GENE1939",2,45,43,11.181544,11.0534227906977,-0.128121209302321,0.22915679026963,0.999330380285523
"PROBE1940_at","GENE1940",0,45,43,8.75934644444444,8.89775023255814,0.138403788113694,0.269561520163369,0.999330380285523
"PROBE1941_at","GENE1941",0,45,43,8.71542955555556,8.71598418604651,0.000554630490956498,0.995872190929767,0.999330380285523
"PROBE1942_at","GENE1942",1,45,43,8.63139844444444,8.37541465116279,-0.255983793281656,0.0216777091281265,0.289298964091732
"PROBE1943_at","GENE1943",2,45,43,7.53714222222222,7.56347302325581,0.0263308010335939,0.821714474546312,0.999330380285523
"PROBE1944_at","GENE1944",2,45,43,9.887654,9.87630604651163,-0.0113479534883751,0.919531356276419,0.999330380285523
"PROBE1945_at","GENE1945",2,45,43,9.44550555555556,9.37832976744186,-0.0671757881136941,0.568867955566079,0.999330380285523
"PROBE1946_at","GENE1946",1,45,43,7.50425777777778,7.34470302325581,-0.159554754521958,0.17943691877748,0.999330380285523
"PROBE1947_at","GENE1947",2,45,43,8.29273488888889,8.30257674418605,0.00984185529715731,0.933688680248937,0.999330380285523
"PROBE1948_at","GENE1948",0,45,43,8.31211222222222,8.32948790697674,0.0173756847545192,0.865869600697235,0.999330380285523
"PROBE1949_at","GENE1949",1,45,43,7.86591022222222,8.02644302325581,0.160532801033592,0.148129839691676,0.950935725171886
"PROBE1950_at","GENE1950",1,45,43,7.81136444444444,7.84260860465116,0.0312441602067191,0.779817570823851,0.999330380285523
"PROBE1951_at","GENE1951",0,45,43,8.023458,8.0185823255814,-0.00487567441861003,0.967735517341373,0.999330380285523
"PROBE1952_at","GENE1952",0,45,43,8.26887244444444,8.29451418604651,0.0256417416020671,0.799935788770229,0.999330380285523
"PROBE1953_at","GENE1953",0,45,43,7.51958888888889,7.56856302325581,0.0489741343669223,0.647794466654703,0.999330380285523
"PROBE1954_at","GENE1954",2,45,43,9.70404,9.71142186046512,0.00738186046512013,0.947409696590332,0.999330380285523
"PROBE1955_at","GENE1955",2,45,43,8.98054533333333,8.81622534883721,-0.164319984496123,0.114586188176918,0.85993386999563
"PROBE1956_at","GENE1956",2,45,43,9.98672155555556,10.0526555813953,0.0659340258397929,0.527908156149251,0.999330380285523
"PROBE1957_at","GENE1957",0,45,43,5.62378622222222,5.69693837209302,0.0731521498708005,0.493679088324316,0.999330380285523
"PROBE1958_at","GENE1958",2,45,43,7.22345755555556,7.29708,0.0736224444444442,0.507795809795296,0.999330380285523
"PROBE1959_at","GENE1959",0,45,43,8.80851733333333,8.84766023255814,0.0391428992248066,0.727641447313863,0.999330380285523
"PROBE1960_at","GENE1960",0,45,43,5.89529955555556,6.00796395348837,0.112664397932817,0.355313314743769,0.999330380285523
"PROBE1961_at","GENE1961",0,45,43,9.45184022222222,9.46029279069768,0.00845256847545173,0.935785322277213,0.999330380285523
"PROBE1962_at","GENE1962",1,45,43,8.940042,8.90379790697674,-0.036244093023253,0.743185344761222,0.999330380285523
"PROBE1963_at","GENE1963",1,45,43,9.47392533333333,9.59028511627907,0.116359782945739,0.295074211065718,0.999330380285523
"PROBE1964_at","GENE1964",0,45,43,8.93442688888889,8.75546976744186,-0.178957121447034,0.0864194062927248,0.749843004709109
"PROBE1965_at","GENE1965",0,45,43,9.63539333333333,9.73587534883721,0.100482015503879,0.412478797966463,0.999330380285523
"PROBE1966_at","GENE1966",0,45,43,9.63607733333333,9.73259976744186,0.0965224341085253,0.379502788913145,0.999330380285523
"PROBE1967_at","GENE1967",1,45,43,8.31911511111111,8.31469279069768,-0.00442232041343615,0.96909610095213,0.999330380285523
"PROBE1968_at","GENE1968",0,45,43,8.91716266666667,8.93723139534884,0.0200687286821708,0.858378882920656,0.999330380285523
"PROBE1969_at","GENE1969",0,45,43,8.58798622222222,8.5312523255814,-0.0567338966408215,0.578899012188365,0.999330380285523
"PROBE1970_at","GENE1970",0,45,43,8.75316622222222,8.76144604651163,0.00827982428940643,0.937055452144138,0.999330380285523
"PROBE1971_at","GENE1971",0,45,43,8.68521111111111,8.64069093023256,-0.044520180878548,0.677627383502482,0.999330380285523
"PROBE1972_at","GENE1972",2,45,43,9.28673622222222,9.27662139534884,-0.0101148268733855,0.928986933426719,0.999330380285523
"PROBE1973_at","GENE1973",0,45,43,8.66091977777778,8.77391697674419,0.11299719896641,0.329948276573573,0.999330380285523
"PROBE1974_at","GENE1974",2,45,43,9.82030822222222,9.78340186046512,-0.0369063617571026,0.75106664171532,0.999330380285523
"PROBE1975_at","GENE1975",2,45,43,9.95205555555555,9.87295023255814,-0.0791053229974192,0.437264944328604,0.999330380285523
"PROBE1976_at","GENE1976",2,45,43,7.43864666666667,7.32500488372093,-0.113641782945733,0.324891586845697,0.999330380285523
"PROBE1977_at","GENE1977",0,45,43,6.78815177777778,6.70748488372093,-0.0806668940568454,0.472088415396413,0.999330380285523
"PROBE1978_at","GENE1978",1,45,43,8.18409844444444,8.25991720930233,0.0758187648578836,0.512883106546703,0.999330380285523
"PROBE1979_at","GENE1979",1,45,43,8.31033288888889,8.26744372093023,-0.0428891679586556,0.694151173921445,0.999330380285523
"PROBE1980_at","GENE1980",2,45,43,10.2966971111111,10.2938762790698,-0.00282083204134054,0.978647348545991,0.999330380285523
"PROBE1981_at","GENE1981",0,45,43,8.65687,8.70634069767442,0.049470697674419,0.635156481969758,0.999330380285523
"PROBE1982_at","GENE1982",1,45,43,7.50560377777778,7.50677139534884,0.00116761757105976,0.991589393962988,0.999330380285523
"PROBE1983_at","GENE1983",2,45,43,9.35518466666667,9.37712232558139,0.021937658914732,0.830184862331358,0.999330380285523
"PROBE1984_at","GENE1984",2,45,43,9.36006355555556,9.42391558139535,0.0638520258397932,0.568118721485667,0.999330380285523
"PROBE1985_at","GENE1985",2,45,43,11.1966217777778,11.2021769767442,0.00555519896641243,0.958285642307567,0.999330380285523
"PROBE1986_at","GENE1986",0,45,43,8.90223777777778,8.94668953488372,0.0444517571059446,0.703870381328453,0.999330380285523
"PROBE1987_at","GENE1987",2,45,43,9.23030622222222,9.18842302325581,-0.0418831989664046,0.742670166026361,0.999330380285523
"PROBE1988_at","GENE1988",0,45,43,10.0709124444444,10.023633255814,-0.0472791886304886,0.666103826180013,0.999330380285523
"PROBE1989_at","GENE1989",1,45,43,8.29469422222222,8.1839488372093,-0.110745385012919,0.324898506081113,0.999330380285523
"PROBE1990_at","GENE1990",0,45,43,7.21792711111111,7.16960674418605,-0.0483203669250614,0.6391427952852,0.999330380285523
"PROBE1991_at","GENE1991",0,45,43,8.58802933333333,8.49241279069767,-0.095616542635657,0.326973539237057,0.999330380285523
"PROBE1992_at","GENE1992",0,45,43,6.98833377777778,6.93662046511628,-0.0517133126614997,0.586961387277112,0.999330380285523
"PROBE1993_at","GENE1993",1,45,43,7.32570422222222,7.31767511627907,-0.00802910594315165,0.940524404791965,0.999330380285523
"PROBE1994_at","GENE1994",1,45,43,8.28678755555556,8.35628627906977,0.0694987235142168,0.581582535303029,0.999330380285523
"PROBE1995_at","GENE1995",0,45,43,8.991244,9.18636279069768,0.195118790697677,0.0917560319983995,0.768681969018146
"PROBE1996_at","GENE1996",2,45,43,8.83464044444444,8.82942534883721,-0.0052150956072321,0.957658832379523,0.999330380285523
"PROBE1997_at","GENE1997",0,45,43,8.50807244444444,8.53326069767442,0.0251882532299774,0.842601206738651,0.999330380285523
"PROBE1998_at","GENE1998",1,45,43,7.77454911111111,7.83419604651163,0.0596469354005196,0.610653293211934,0.999330380285523
"PROBE1999_at","GENE1999",1,45,43,8.37244844444444,8.37778023255814,0.00533178811369517,0.966555626236506,0.999330380285523
"PROBE2000_at","GENE2000",0,45,43,8.24399466666667,8.20462581395349,-0.0393688527131779,0.716456926701458,0.999330380285523
"PROBE2001_at","GENE2001",1,45,43,8.18430288888889,8.09317767441861,-0.0911252144702885,0.370596382667355,0.999330380285523
"PROBE2002_at","GENE2002",0,45,43,8.55006444444444,8.53045046511628,-0.0196139793281631,0.84613626073142,0.999330380285523
"PROBE2003_at","GENE2003",2,45,43,10.0998357777778,9.91499186046512,-0.184843917312662,0.0921753833635809,0.768681969018146
"PROBE2004_at","GENE2004",1,45,43,7.28271177777778,7.39303162790698,0.110319850129199,0.367863037694413,0.999330380285523
"PROBE2005_at","GENE2005",2,45,43,9.85502755555556,9.89477813953488,0.0397505839793251,0.730165551245126,0.999330380285523
"PROBE2006_at","GENE2006",1,45,43,7.66510422222222,7.83455953488372,0.1694553126615,0.127031487987165,0.899869209976982
"PROBE2007_at","GENE2007",2,45,43,9.51159955555556,9.47122325581395,-0.0403762997416006,0.71896856682472,0.999330380285523
"PROBE2008_at","GENE2008",2,45,43,11.3088035555556,11.2642611627907,-0.0445423927648623,0.709813970643271,0.999330380285523
"PROBE2009_at","GENE2009",2,45,43,8.08908755555555,8.21053581395349,0.121448258397933,0.280222224179296,0.999330380285523
"PROBE2010_at","GENE2010",2,45,43,10.7688106666667,10.8196627906977,0.0508521240310031,0.635327773021003,0.999330380285523
"PROBE2011_at","GENE2011",0,45,43,9.04424333333333,8.85220302325581,-0.192040310077518,0.0497536037070128,0.53642699414569
"PROBE2012_at","GENE2012",1,45,43,7.51544644444444,7.42750372093023,-0.087942723514213,0.403207335839763,0.999330380285523
"PROBE2013_at","GENE2013",0,45,43,7.69850555555556,7.70221790697674,0.00371235142118564,0.975050274813669,0.999330380285523
"PROBE2014_at","GENE2014",2,45,43,9.63770488888889,9.54308860465116,-0.0946162842377252,0.419687923999706,0.999330380285523
"PROBE2015_at","GENE2015",0,45,43,9.34528755555556,9.28887209302326,-0.0564154625323017,0.593881438914127,0.999330380285523
"PROBE2016_at","GENE2016",1,45,43,7.71322022222222,7.87651255813953,0.163292335917312,0.124597706364459,0.894777065453923
"PROBE2017_at","GENE2017",2,45,43,9.16571377777778,9.20779767441861,0.0420838966408255,0.728554666695027,0.999330380285523
"PROBE2018_at","GENE2018",0,45,43,8.34624288888889,8.31023023255814,-0.0360126563307492,0.72621050680931,0.999330380285523
"PROBE2019_at","GENE2019",1,45,43,8.01769911111111,7.95325790697674,-0.0644412041343658,0.584678198513635,0.999330380285523
"PROBE2020_at","GENE2020",0,45,43,8.01687155555556,7.93000162790698,-0.086869927648582,0.465199990995075,0.999330380285523
"PROBE2021_at","GENE2021",2,45,43,9.15346911111111,9.13915813953488,-0.014310971576224,0.898348947416507,0.999330380285523
"PROBE2022_at","GENE2022",2,45,43,8.64673688888889,8.54172232558139,-0.105014563307497,0.382932721472757,0.999330380285523
"PROBE2023_at","GENE2023",2,45,43,11.3419528888889,11.4078755813953,0.0659226925064633,0.548543588236558,0.999330380285523
"PROBE2024_at","GENE2024",1,45,43,7.81693066666667,7.83418093023256,0.0172502635658915,0.876609861140997,0.999330380285523
"PROBE2025_at","GENE2025",0,45,43,8.36029244444445,8.45940813953488,0.0991156950904415,0.410580040589621,0.999330380285523
"PROBE2026_at","GENE2026",1,45,43,8.79227666666667,8.82158511627907,0.0293084496124063,0.772953866627407,0.999330380285523
"PROBE2027_at","GENE2027",0,45,43,9.88804777777778,9.9424088372093,0.0543610594315265,0.647106934933566,0.999330380285523
"PROBE2028_at","GENE2028",1,45,43,9.825768,9.72267418604651,-0.103093813953485,0.351500331573875,0.999330380285523
"PROBE2029_at","GENE2029",1,45,43,8.92547488888889,9.02152720930233,0.09605232041344,0.379147767158738,0.999330380285523
"PROBE2030_at","GENE2030",1,45,43,8.27383333333333,8.21582837209302,-0.0580049612403108,0.626293081893676,0.999330380285523
"PROBE2031_at","GENE2031",1,45,43,6.67747666666667,6.59894790697674,-0.0785287596899202,0.473416090183759,0.999330380285523
"PROBE2032_at","GENE2032",1,45,43,5.82950511111111,5.82018627906977,-0.00931883204134554,0.932052705547823,0.999330380285523
"PROBE2033_at","GENE2033",1,45,43,6.03519755555556,5.99066720930233,-0.0445303462532305,0.676957600596766,0.999330380285523
"PROBE2034_at","GENE2034",1,45,43,9.04673377777778,9.02193558139535,-0.0247981963824255,0.823217150351197,0.999330380285523
"PROBE2035_at","GENE2035",2,45,43,8.59328066666667,8.56350790697674,-0.0297727596899247,0.798681248658504,0.999330380285523
"PROBE2036_at","GENE2036",1,45,43,8.54349955555556,8.36518790697674,-0.178311648578811,0.113709128155984,0.856565937144889
"PROBE2037_at","GENE2037",0,45,43,8.46525244444445,8.40315558139535,-0.0620968630490921,0.557278775114525,0.999330380285523
"PROBE2038_at","GENE2038",1,45,43,7.988586,8.07295976744186,0.0843737674418605,0.505624534314697,0.999330380285523
"PROBE2039_at","GENE2039",2,45,43,7.87155777777778,8.01793511627907,0.146377338501293,0.20246946979458,0.999330380285523
"PROBE2040_at","GENE2040",1,45,43,8.77753622222222,8.84655186046512,0.0690156382428917,0.519666350899398,0.999330380285523
"PROBE2041_at","GENE2041",1,45,43,8.28911644444444,8.28390255813954,-0.00521388630491337,0.963319335587902,0.999330380285523
"PROBE2042_at","GENE2042",2,45,43,6.46054444444444,6.5621123255814,0.101567881136953,0.395799366633816,0.999330380285523
"PROBE2043_at","GENE2043",2,45,43,8.48536933333333,8.4613,-0.0240693333333297,0.851159235945485,0.999330380285523
"PROBE2044_at","GENE2044",0,45,43,8.36741377777778,8.40309069767442,0.0356769198966376,0.729870614067455,0.999330380285523
"PROBE2045_at","GENE2045",2,45,43,9.33171711111111,9.24400511627907,-0.0877119948320413,0.400985762272331,0.999330380285523
"PROBE2046_at","GENE2046",0,45,43,9.82228866666667,9.86190674418605,0.039618077519382,0.723287302263017,0.999330380285523
"PROBE2047_at","GENE2047",0,45,43,8.28174555555556,8.31868325581395,0.0369377002584006,0.751841411968872,0.999330380285523
"PROBE2048_at","GENE2048",1,45,43,8.98413066666667,8.88946581395349,-0.0946648527131781,0.401930758441942,0.999330380285523
"PROBE2049_at","GENE2049",0,45,43,7.59311,7.58799813953488,-0.00511186046511369,0.962794308082322,0.999330380285523
"PROBE2050_at","GENE2050",0,45,43,8.36774,8.46072697674419,0.092986976744184,0.442106449380416,0.999330380285523
"PROBE2051_at","GENE2051",0,45,43,8.192604,8.29812,0.105515999999998,0.349392006179902,0.999330380285523
"PROBE2052_at","GENE2052",0,45,43,10.1043882222222,10.2408895348837,0.136501312661503,0.243721950697909,0.999330380285523
"PROBE2053_at","GENE2053",2,45,43,8.78483666666667,8.99898325581395,0.214146589147285,0.0666374964424623,0.651711456649998
"PROBE2054_at","GENE2054",0,45,43,7.40053177777778,7.20012744186046,-0.200404335917314,0.0976458992206538,0.79548594069779
"PROBE2055_at","GENE2055",1,45,43,7.081432,7.0333511627907,-0.0480808372092998,0.683916803455943,0.999330380285523
"PROBE2056_at","GENE2056",2,45,43,8.85933777777778,9.02609953488372,0.166761757105942,0.128622271927734,0.907388161747684
"PROBE2057_at","GENE2057",2,45,43,9.26406466666667,9.25958744186046,-0.00447722480620172,0.966162877504865,0.999330380285523
"PROBE2058_at","GENE2058",0,45,43,7.52481111111111,7.55814441860465,0.0333333074935398,0.754967290907649,0.999330380285523
"PROBE2059_at","GENE2059",0,45,43,8.87252933333333,8.9016311627907,0.0291018294573675,0.801862187689467,0.999330380285523
"PROBE2060_at","GENE2060",2,45,43,9.15307555555555,9.23776418604651,0.0846886304909589,0.458387863945916,0.999330380285523
"PROBE2061_at","GENE2061",1,45,43,8.27677511111111,8.17969139534884,-0.0970837157622721,0.336697909284756,0.999330380285523
"PROBE2062_at","GENE2062",2,45,43,9.51083822222222,9.36468744186046,-0.146150780361756,0.198035662387715,0.999330380285523
"PROBE2063_at","GENE2063",0,45,43,9.38035288888889,9.49619837209302,0.115845483204136,0.324307297063779,0.999330380285523
"PROBE2064_at","GENE2064",0,45,43,8.766296,8.84478534883721,0.0784893488372091,0.401888080805118,0.999330380285523
"PROBE2065_at","GENE2065",0,45,43,8.28567555555555,8.24916837209302,-0.036507183462529,0.75136108859595,0.999330380285523
"PROBE2066_at","GENE2066",2,45,43,6.86472622222222,6.89618069767442,0.0314544754521942,0.781979640395266,0.999330380285523
"PROBE2067_at","GENE2067",2,45,43,8.199164,8.24921697674419,0.0500529767441851,0.658909178933544,0.999330380285523
"PROBE2068_at","GENE2068",0,45,43,9.87038044444444,9.7512611627907,-0.119119281653749,0.305093499408882,0.999330380285523
"PROBE2069_at","GENE2069",0,45,43,8.81775044444444,8.77061837209302,-0.0471320723514186,0.689332719513863,0.999330380285523
"PROBE2070_at","GENE2070",0,45,43,9.14592666666667,9.33779720930232,0.191870542635664,0.151988773644655,0.954403602164236
"PROBE2071_at","GENE2071",2,45,43,8.21310666666667,8.12113046511628,-0.0919762015503878,0.4286911107335,0.999330380285523
"PROBE2072_at","GENE2072",2,45,43,8.18347688888889,8.08265976744186,-0.100817121447029,0.369914862892698,0.999330380285523
"PROBE2073_at","GENE2073",2,45,43,7.90599222222222,8.06286372093023,0.156871498708011,0.16365587127796,0.976737640957802
"PROBE2074_at","GENE2074",0,45,43,8.45322466666667,8.50900627906977,0.0557816124031003,0.651282662622799,0.999330380285523
"PROBE2075_at","GENE2075",1,45,43,6.13287866666667,6.06721418604651,-0.0656644806201534,0.55636550685866,0.999330380285523
"PROBE2076_at","GENE2076",1,45,43,7.99066044444444,7.91043418604651,-0.0802262583979303,0.441177376945002,0.999330380285523
"PROBE2077_at","GENE2077",2,45,43,8.22333466666667,8.2348788372093,0.0115441705426367,0.918116397472599,0.999330380285523
"PROBE2078_at","GENE2078",0,45,43,10.1181833333333,10.1309476744186,0.0127643410852727,0.909727290892936,0.999330380285523
"PROBE2079_at","GENE2079",0,45,43,9.08960488888889,9.12707069767442,0.0374658087855266,0.73890344659334,0.999330380285523
"PROBE2080_at","GENE2080",1,45,43,9.44814777777778,9.36805558139535,-0.080092196382429,0.484116018925208,0.999330380285523
"PROBE2081_at","GENE2081",0,45,43,8.26822911111111,8.08125418604651,-0.186974925064602,0.0960242365646675,0.783871318895245
"PROBE2082_at","GENE2082",2,45,43,9.40559311111111,9.31514023255814,-0.0904528785529735,0.405418878718565,0.999330380285523
"PROBE2083_at","GENE2083",0,45,43,9.35348022222222,9.45454511627907,0.101064894056844,0.340445082531411,0.999330380285523
"PROBE2084_at","GENE2084",2,45,43,10.0249084444444,9.9338976744186,-0.0910107700258411,0.43225159895248,0.999330380285523
"PROBE2085_at","GENE2085",2,45,43,10.2225737777778,10.2844379069767,0.0618641291989661,0.611560934566892,0.999330380285523
"PROBE2086_at","GENE2086",1,45,43,7.36864866666667,7.41120348837209,0.0425548217054263,0.712780474767384,0.999330380285523
"PROBE2087_at","GENE2087",2,45,43,9.19828155555556,9.05432023255814,-0.143961322997418,0.171960024631369,0.995409041977317
"PROBE2088_at","GENE2088",2,45,43,7.62346577777778,7.54447186046512,-0.078993917312661,0.46899482266567,0.999330380285523
"PROBE2089_at","GENE2089",0,45,43,7.67415755555556,7.57033953488372,-0.103818020671833,0.376971893025524,0.999330380285523
"PROBE2090_at","GENE2090",2,45,43,7.97096377777778,7.93518581395349,-0.0357779638242892,0.741556894440657,0.999330380285523
"PROBE2091_at","GENE2091",0,45,43,7.97500333333333,8.06895534883721,0.0939520155038736,0.407505140709924,0.999330380285523
"PROBE2092_at","GENE2092",2,45,43,8.89268533333333,8.80674465116279,-0.0859406821705413,0.411692694767524,0.999330380285523
"PROBE2093_at","GENE2093",2,45,43,8.99542022222222,8.98340325581395,-0.0120169664082681,0.905094589926958,0.999330380285523
"PROBE2094_at","GENE2094",1,45,43,7.037422,7.23134162790698,0.193919627906976,0.0883632548053818,0.755986861945461
"PROBE2095_at","GENE2095",2,45,43,6.95053311111111,6.93742139534884,-0.0131117157622729,0.897982950224823,0.999330380285523
"PROBE2096_at","GENE2096",2,45,43,9.89803355555556,9.9750011627907,0.0769676072351437,0.488814825835721,0.999330380285523
"PROBE2097_at","GENE2097",2,45,43,7.81781333333333,7.76166465116279,-0.0561486821705399,0.633492902425895,0.999330380285523
"PROBE2098_at","GENE2098",0,45,43,7.48910644444444,7.52849441860465,0.0393879741602072,0.735996741828296,0.999330380285523
"PROBE2099_at","GENE2099",0,45,43,9.23307244444444,9.16003186046512,-0.0730405839793296,0.518916614083945,0.999330380285523
"PROBE2100_at","GENE2100",0,45,43,9.27869066666667,9.33480930232558,0.0561186356589207,0.616536243056965,0.999330380285523
"PROBE2101_at","GENE2101",1,45,43,7.27230622222222,7.23099906976744,-0.0413071524547783,0.717884268498895,0.999330380285523
"PROBE2102_at","GENE2102",2,45,43,9.52558222222222,9.46256627906977,-0.0630159431524557,0.571072695759917,0.999330380285523
"PROBE2103_at","GENE2103",0,45,43,7.90462844444444,7.82085790697674,-0.0837705374677009,0.44009639232185,0.999330380285523
"PROBE2104_at","GENE2104",0,45,43,9.57620177777778,9.57619534883721,-6.4289405639073e-06,0.999950050990318,0.999950050990318
"PROBE2105_at","GENE2105",1,45,43,8.26279555555556,8.18942441860465,-0.073371136950902,0.450143326377533,0.999330380285523
"PROBE2106_at","GENE2106",1,45,43,8.38502155555556,8.39266348837209,0.00764193281653824,0.94724066308157,0.999330380285523
"PROBE2107_at","GENE2107",1,45,43,9.16765666666667,9.19027790697674,0.0226212403100803,0.828475377779537,0.999330380285523
"PROBE2108_at","GENE2108",2,45,43,8.06038511111111,7.91108697674419,-0.149298134366925,0.205320153799368,0.999330380285523
"PROBE2109_at","GENE2109",0,45,43,8.67745955555556,8.8140411627907,0.13658160723514,0.198969532807811,0.999330380285523
"PROBE2110_at","GENE2110",0,45,43,8.17125844444444,7.93418023255814,-0.237078211886302,0.0531179220736894,0.561405043537868
"PROBE2111_at","GENE2111",0,45,43,7.44404911111111,7.30002348837209,-0.144025622739017,0.200792977284901,0.999330380285523
"PROBE2112_at","GENE2112",1,45,43,8.61110355555556,8.54321604651163,-0.0678875090439242,0.506076954358465,0.999330380285523
"PROBE2113_at","GENE2113",1,45,43,7.62878044444444,7.50026651162791,-0.12851393281654,0.261153739834273,0.999330380285523
"PROBE2114_at","GENE2114",0,45,43,8.286868,8.41965767441861,0.132789674418602,0.205972495082693,0.999330380285523
"PROBE2115_at","GENE2115",1,45,43,7.64545288888889,7.63906,-0.00639288888888956,0.954007327959203,0.999330380285523
"PROBE2116_at","GENE2116",0,45,43,8.81499644444444,8.77346069767442,-0.0415357467700268,0.686455301758701,0.999330380285523
"PROBE2117_at","GENE2117",1,45,43,8.73940955555556,8.49307697674419,-0.246332578811367,0.0135839872398448,0.195709368931307
"PROBE2118_at","GENE2118",1,45,43,7.60426,7.69541395348837,0.0911539534883765,0.369580654403778,0.999330380285523
"PROBE2119_at","GENE2119",0,45,43,9.098922,8.99265279069767,-0.106269209302328,0.336941886174435,0.999330380285523
"PROBE2120_at","GENE2120",0,45,43,7.669384,7.74738837209302,0.0780043720930248,0.432915296378057,0.999330380285523
"PROBE2121_at","GENE2121",0,45,43,7.56090466666667,7.57643093023256,0.0155262635658922,0.893041343450619,0.999330380285523
"PROBE2122_at","GENE2122",0,45,43,8.37993755555556,8.42404139534884,0.0441038397932783,0.659828950875887,0.999330380285523
"PROBE2123_at","GENE2123",2,45,43,8.10722133333333,7.93701186046512,-0.170209472868222,0.135403378679847,0.932832559266353
"PROBE2124_at","GENE2124",1,45,43,9.28706555555556,9.2578476744186,-0.029217881136951,0.800943229046316,0.999330380285523
"PROBE2125_at","GENE2125",2,45,43,9.26784111111111,9.21674906976744,-0.0510920413436668,0.658416399121285,0.999330380285523
"PROBE2126_at","GENE2126",2,45,43,8.68117488888889,8.6121188372093,-0.0690560516795848,0.55742489612019,0.999330380285523
"PROBE2127_at","GENE2127",0,45,43,8.08962355555555,8.07189093023256,-0.0177326253229975,0.880216484864066,0.999330380285523
"PROBE2128_at","GENE2128",2,45,43,9.236362,9.17361395348837,-0.0627480465116239,0.566353076338466,0.999330380285523
"PROBE2129_at","GENE2129",2,45,43,8.65502822222222,8.55966674418605,-0.0953614780361765,0.401531416520203,0.999330380285523
"PROBE2130_at","GENE2130",0,45,43,8.90092533333333,8.78539744186046,-0.115527891472871,0.286819458857415,0.999330380285523
"PROBE2131_at","GENE2131",1,45,43,7.88768577777778,7.70199441860465,-0.185691359173124,0.0900311546194913,0.76136282976314
"PROBE2132_at","GENE2132",1,45,43,6.13064666666667,6.23923209302326,0.108585426356592,0.36583665706878,0.999330380285523
"PROBE2133_at","GENE2133",0,45,43,8.41129555555556,8.62347441860465,0.212178863049092,0.0727173494815719,0.690901182722773
"PROBE2134_at","GENE2134",2,45,43,8.42875288888889,8.43631372093023,0.00756083204134406,0.944949953631771,0.999330380285523
"PROBE2135_at","GENE2135",0,45,43,8.24746822222222,8.17116,-0.076308222222222,0.497619494642991,0.999330380285523
"PROBE2136_at","GENE2136",1,45,43,7.19857777777778,7.16839441860465,-0.0301833591731242,0.783162085129371,0.999330380285523
"PROBE2137_at","GENE2137",1,45,43,8.04779711111111,8.11179906976744,0.0640019586563323,0.597931424249515,0.999330380285523
"PROBE2138_at","GENE2138",2,45,43,7.73089466666667,7.79677348837209,0.0658788217054278,0.539188548967959,0.999330380285523
"PROBE2139_at","GENE2139",2,45,43,9.155354,9.11732953488372,-0.038024465116278,0.72536426206168,0.999330380285523
"PROBE2140_at","GENE2140",1,45,43,7.53088466666667,7.4866023255814,-0.0442823410852728,0.690187528552603,0.999330380285523
"PROBE2141_at","GENE2141",1,45,43,7.83200888888889,7.58942023255814,-0.24258865633075,0.0351421825493556,0.415883817152137
"PROBE2142_at","GENE2142",2,45,43,7.85741866666667,7.98229162790698,0.124872961240311,0.306867536592834,0.999330380285523
"PROBE2143_at","GENE2143",2,45,43,9.11100533333333,9.11740744186046,0.00640210852713174,0.953744210039003,0.999330380285523
"PROBE2144_at","GENE2144",1,45,43,9.84048555555556,9.83606976744186,-0.00441578811369148,0.96416306701223,0.999330380285523
"PROBE2145_at","GENE2145",2,45,43,8.88033911111111,8.78489372093023,-0.0954453901808776,0.392503361084655,0.999330380285523
"PROBE2146_at","GENE2146",2,45,43,9.50614466666667,9.54425069767442,0.0381060310077572,0.695955524680604,0.999330380285523
"PROBE2147_at","GENE2147",2,45,43,11.0021913333333,11.0794918604651,0.0773005271317881,0.47632637802468,0.999330380285523
"PROBE2148_at","GENE2148",2,45,43,8.198318,8.19853255813953,0.000214558139530752,0.998509722152843,0.999818966729852
"PROBE2149_at","GENE2149",0,45,43,7.34510044444444,7.42396534883721,0.0788649043927654,0.493675385558587,0.999330380285523
"PROBE2150_at","GENE2150",0,45,43,8.60604355555556,8.59172511627907,-0.0143184392764848,0.906021196729139,0.999330380285523
"PROBE2151_at","GENE2151",2,45,43,9.66060711111111,9.70762465116279,0.0470175400516801,0.692834885021061,0.999330380285523
"PROBE2152_at","GENE2152",2,45,43,6.98838622222222,7.00361790697674,0.0152316847545251,0.889177019239687,0.999330380285523
"PROBE2153_at","GENE2153",2,45,43,10.3946115555556,10.4584488372093,0.0638372816537469,0.520601709121211,0.999330380285523
"PROBE2154_at","GENE2154",1,45,43,6.61546244444444,6.51747697674419,-0.0979854677002585,0.41185709095836,0.999330380285523
"PROBE2155_at","GENE2155",0,45,43,7.30901577777778,7.27893813953488,-0.0300776382428927,0.791436311716061,0.999330380285523
"PROBE2156_at","GENE2156",1,45,43,7.80321355555556,7.78939093023256,-0.0138226253229972,0.904658513495133,0.999330380285523
"PROBE2157_at","GENE2157",1,45,43,8.35237844444444,8.34005581395349,-0.0123226304909583,0.918274586609884,0.999330380285523
"PROBE2158_at","GENE2158",0,45,43,10.0279246666667,9.96480604651163,-0.0631186201550431,0.596127481921712,0.999330380285523
"PROBE2159_at","GENE2159",1,45,43,9.28560866666667,9.19709209302326,-0.0885165736434104,0.470748267065268,0.999330380285523
"PROBE2160_at","GENE2160",1,45,43,7.38009422222222,7.25256930232558,-0.12752491989664,0.249419857702275,0.999330380285523
"PROBE2161_at","GENE2161",2,45,43,7.957936,7.88392930232558,-0.0740066976744185,0.461026284197443,0.999330380285523
"PROBE2162_at","GENE2162",1,45,43,7.17408511111111,7.12502395348837,-0.0490611576227398,0.643906748483205,0.999330380285523
"PROBE2163_at","GENE2163",2,45,43,9.87594777777778,9.89797348837209,0.0220257105943169,0.849834000155814,0.999330380285523
"PROBE2164_at","GENE2164",2,45,43,7.09178933333333,7.25614558139535,0.164356248062014,0.22802873382036,0.999330380285523
"PROBE2165_at","GENE2165",0,45,43,8.88799711111111,8.88980953488372,0.00181242377261093,0.98639265920322,0.999330380285523
"PROBE2166_at","GENE2166",2,45,43,9.52202,9.40869046511628,-0.113329534883718,0.328043021085915,0.999330380285523
"PROBE2167_at","GENE2167",1,45,43,9.339488,9.33008930232558,-0.00939869767442048,0.936126770072039,0.999330380285523
"PROBE2168_at","GENE2168",0,45,43,8.52791888888889,8.62054348837209,0.0926245994832051,0.406412584277182,0.999330380285523
"PROBE2169_at","GENE2169",2,45,43,6.75633333333333,6.70013325581395,-0.0562000775193816,0.587565143348753,0.999330380285523
"PROBE2170_at","GENE2170",0,45,43,8.28064355555555,8.21961627906977,-0.0610272764857882,0.549055028279026,0.999330380285523
"PROBE2171_at","GENE2171",0,45,43,7.238454,7.18349813953488,-0.0549558604651166,0.649556553468825,0.999330380285523
"PROBE2172_at","GENE2172",2,45,43,8.88357688888889,9.02643,0.14285311111111,0.216619837675308,0.999330380285523
"PROBE2173_at","GENE2173",2,45,43,9.28258444444444,9.23827,-0.0443144444444439,0.725456469871068,0.999330380285523
"PROBE2174_at","GENE2174",2,45,43,7.74271044444444,7.85898046511628,0.116270020671839,0.315905055584225,0.999330380285523
"PROBE2175_at","GENE2175",2,45,43,9.27593044444444,9.27412720930232,-0.00180323514211622,0.986677975054917,0.999330380285523
"PROBE2176_at","GENE2176",1,45,43,8.444582,8.44004976744186,-0.00453223255813917,0.966324427846403,0.999330380285523
"PROBE2177_at","GENE2177",2,45,43,10.017142,9.81643023255814,-0.200711767441863,0.0740850694449688,0.692986898379596
"PROBE2178_at","GENE2178",0,45,43,8.26993911111111,8.36908,0.0991408888888916,0.281058617805044,0.999330380285523
"PROBE2179_at","GENE2179",2,45,43,8.87664511111111,8.85153,-0.0251151111111092,0.830789123373934,0.999330380285523
"PROBE2180_at","GENE2180",2,45,43,8.38477688888889,8.57069581395349,0.1859189250646,0.059154683747648,0.597522058057051
"PROBE2181_at","GENE2181",0,45,43,8.66431933333333,8.58134976744186,-0.0829695658914726,0.443898170124197,0.999330380285523
"PROBE2182_at","GENE2182",0,45,43,8.804068,8.83594651162791,0.031878511627907,0.743316502550642,0.999330380285523
"PROBE2183_at","GENE2183",1,45,43,8.23714511111111,8.31208953488372,0.0749444237726085,0.518466862367969,0.999330380285523
"PROBE2184_at","GENE2184",2,45,43,9.515844,9.59877348837209,0.082929488372093,0.46411435728919,0.999330380285523
"PROBE2185_at","GENE2185",1,45,43,8.20459866666667,8.2809676744186,0.0763690077519357,0.471992174106968,0.999330380285523
"PROBE2186_at","GENE2186",0,45,43,8.55491555555555,8.63697930232558,0.0820637467700251,0.512190450134777,0.999330380285523
"PROBE2187_at","GENE2187",0,45,43,7.94583688888889,7.87806046511628,-0.0677764237726057,0.521206004511782,0.999330380285523
"PROBE2188_at","GENE2188",2,45,43,8.48769822222222,8.47566860465116,-0.0120296175710592,0.923051821713875,0.999330380285523
"PROBE2189_at","GENE2189",0,45,43,10.0850506666667,10.1142341860465,0.0291835193798473,0.800174359196648,0.999330380285523
"PROBE2190_at","GENE2190",0,45,43,8.37909333333333,8.36991046511628,-0.00918286821705294,0.935323980056027,0.999330380285523
"PROBE2191_at","GENE2191",2,45,43,7.956586,8.01666069767442,0.0600746976744224,0.589901739605537,0.999330380285523
"PROBE2192_at","GENE2192",2,45,43,8.37523022222222,8.43253697674419,0.0573067545219637,0.644961582500287,0.999330380285523
"PROBE2193_at","GENE2193",2,45,43,8.80119711111111,8.84320441860465,0.0420073074935416,0.689555346403773,0.999330380285523
"PROBE2194_at","GENE2194",0,45,43,8.75718422222222,8.54894674418605,-0.208237478036175,0.0635139534914111,0.628851024667437
"PROBE2195_at","GENE2195",1,45,43,10.8630675555556,10.7502874418605,-0.112780113695093,0.303103259109125,0.999330380285523
"PROBE2196_at","GENE2196",1,45,43,8.98464466666667,8.94986744186047,-0.0347772248062004,0.742120142831926,0.999330380285523
"PROBE2197_at","GENE2197",2,45,43,10.2009762222222,10.1574048837209,-0.0435713385012964,0.688532742148796,0.999330380285523
"PROBE2198_at","GENE2198",2,45,43,10.4576506666667,10.34534,-0.112310666666669,0.376912190672549,0.999330380285523
"PROBE2199_at","GENE2199",2,45,43,9.59410355555556,9.57218465116279,-0.0219189043927592,0.838673676226791,0.999330380285523
"PROBE2200_at","GENE2200",1,45,43,8.50091311111111,8.52290930232558,0.0219961912144679,0.845615859885634,0.999330380285523
"PROBE2201_at","GENE2201",2,45,43,8.200784,8.17709186046512,-0.0236921395348819,0.815397363887582,0.999330380285523
"PROBE2202_at","GENE2202",2,45,43,10.6050946666667,10.8156169767442,0.210522310077515,0.0569176818565505,0.585271792869414
"PROBE2203_at","GENE2203",2,45,43,9.15818755555556,9.14571534883721,-0.0124722067183445,0.912901633883485,0.999330380285523
"PROBE2204_at","GENE2204",0,45,43,8.40935822222222,8.66199790697674,0.252639684754522,0.015518691096385,0.218573114033592
"PROBE2205_at","GENE2205",1,45,43,9.03437288888889,9.00339697674419,-0.030975912144708,0.790608094955854,0.999330380285523
"PROBE2206_at","GENE2206",0,45,43,8.50840044444444,8.38024046511628,-0.12815997932816,0.27003883737986,0.999330380285523
"PROBE2207_at","GENE2207",1,45,43,8.08920688888889,8.19189744186047,0.102690552971579,0.330207096092855,0.999330380285523
"PROBE2208_at","GENE2208",0,45,43,8.16357288888889,8.10346279069767,-0.060110098191215,0.557452850027284,0.999330380285523
"PROBE2209_at","GENE2209",2,45,43,8.98806977777778,8.90234930232558,-0.085720475452197,0.454533935353532,0.999330380285523
"PROBE2210_at","GENE2210",0,45,43,8.68960777777778,8.79724488372093,0.107637105943152,0.304764200002809,0.999330380285523
"PROBE2211_at","GENE2211",1,45,43,6.65963933333333,6.73201093023256,0.0723715968992256,0.525706572820269,0.999330380285523
"PROBE2212_at","GENE2212",0,45,43,8.04855688888889,8.25153930232558,0.202982413436692,0.0724532674710486,0.690901182722773
"PROBE2213_at","GENE2213",0,45,43,9.47752311111111,9.45645279069767,-0.0210703204134379,0.857339210546724,0.999330380285523
"PROBE2214_at","GENE2214",2,45,43,7.92666355555556,7.91988162790698,-0.00678192764858032,0.946283810025152,0.999330380285523
"PROBE2215_at","GENE2215",0,45,43,6.85663755555556,6.72868651162791,-0.127951043927651,0.180044274666552,0.999330380285523
"PROBE2216_at","GENE2216",0,45,43,7.75881022222222,7.87808348837209,0.119273266149869,0.270248206733826,0.999330380285523
"PROBE2217_at","GENE2217",2,45,43,10.3603733333333,10.3903613953488,0.0299880620155033,0.772764482618898,0.999330380285523
"PROBE2218_at","GENE2218",0,45,43,8.28637066666667,8.26415720930233,-0.0222134573643427,0.844930578504636,0.999330380285523
"PROBE2219_at","GENE2219",0,45,43,10.2506773333333,10.2043246511628,-0.0463526821705393,0.667215385125838,0.999330380285523
"PROBE2220_at","GENE2220",2,45,43,9.69555822222222,9.69956139534884,0.00400317312661969,0.971782331766441,0.999330380285523
"PROBE2221_at","GENE2221",0,45,43,9.59159733333333,9.58555976744186,-0.00603756589147153,0.953715890827459,0.999330380285523
"PROBE2222_at","GENE2222",1,45,43,7.12549644444444,7.03686488372093,-0.0886315607235106,0.438720508308026,0.999330380285523
"PROBE2223_at","GENE2223",1,45,43,9.51759911111111,9.36237186046512,-0.155227250645991,0.150480939285778,0.950935725171886
"PROBE2224_at","GENE2224",1,45,43,10.5847951111111,10.4109569767442,-0.173838134366923,0.100582966860571,0.799575964935009
"PROBE2225_at","GENE2225",0,45,43,9.54567933333333,9.63555627906977,0.089876945736437,0.444154252198201,0.999330380285523
"PROBE2226_at","GENE2226",1,45,43,7.53104266666667,7.53214325581395,0.00110058914728217,0.992595207997203,0.999330380285523
"PROBE2227_at","GENE2227",2,45,43,7.58267444444444,7.5517088372093,-0.0309656072351396,0.783462710073754,0.999330380285523
"PROBE2228_at","GENE2228",1,45,43,7.83988377777778,7.82014418604651,-0.0197395917312635,0.87024472597459,0.999330380285523
"PROBE2229_at","GENE2229",0,45,43,9.44538244444444,9.51908488372093,0.073702439276488,0.506123091217628,0.999330380285523
"PROBE2230_at","GENE2230",0,45,43,7.52396511111111,7.63833418604651,0.114369074935404,0.297784790173576,0.999330380285523
"PROBE2231_at","GENE2231",2,45,43,8.65660488888889,8.69760674418605,0.0410018552971554,0.713086591882196,0.999330380285523
"PROBE2232_at","GENE2232",2,45,43,10.1129291111111,10.20298,0.0900508888888893,0.415797932682029,0.999330380285523
"PROBE2233_at","GENE2233",2,45,43,9.39715488888889,9.36312581395349,-0.0340290749354004,0.762754641838693,0.999330380285523
"PROBE2234_at","GENE2234",2,45,43,8.38835111111111,8.4520988372093,0.0637477260981925,0.56260648178103,0.999330380285523
"PROBE2235_at","GENE2235",0,45,43,9.15518533333333,8.92299,-0.23219533333333,0.0341365893584324,0.410049121422611
"PROBE2236_at","GENE2236",0,45,43,9.80292288888889,9.71264465116279,-0.0902782377260944,0.412584339263576,0.999330380285523
"PROBE2237_at","GENE2237",2,45,43,9.08443222222222,9.01729581395349,-0.0671364082687358,0.569239977280082,0.999330380285523
"PROBE2238_at","GENE2238",0,45,43,6.31422866666667,6.25603744186047,-0.0581912248062002,0.616785485204963,0.999330380285523
"PROBE2239_at","GENE2239",0,45,43,6.72812311111111,6.81428488372093,0.0861617726098167,0.425634437469398,0.999330380285523
"PROBE2240_at","GENE2240",0,45,43,8.89717488888889,8.97921465116279,0.0820397622739026,0.468611993431358,0.999330380285523
"PROBE2241_at","GENE2241",1,45,43,8.980058,9.06536534883721,0.0853073488372118,0.385210271530274,0.999330380285523
"PROBE2242_at","GENE2242",2,45,43,8.239286,8.20870395348837,-0.0305820465116273,0.775256514240056,0.999330380285523
"PROBE2243_at","GENE2243",2,45,43,7.36021088888889,7.44361465116279,0.0834037622738997,0.483169282163094,0.999330380285523
"PROBE2244_at","GENE2244",1,45,43,6.71939555555556,6.70627720930233,-0.0131183462532318,0.904510819729366,0.999330380285523
"PROBE2245_at","GENE2245",0,45,43,7.07977955555556,7.01325930232558,-0.0665202532299727,0.589601227454812,0.999330380285523
"PROBE2246_at","GENE2246",1,45,43,6.92791822222222,6.88737162790698,-0.0405465943152441,0.724910742166035,0.999330380285523
"PROBE2247_at","GENE2247",2,45,43,6.769982,6.79396209302326,0.0239800930232574,0.816554113766318,0.999330380285523
"PROBE2248_at","GENE2248",2,45,43,8.33552955555556,8.39499906976744,0.0594695142118873,0.595014761711055,0.999330380285523
"PROBE2249_at","GENE2249",1,45,43,8.08595711111111,8.10697651162791,0.0210194005167974,0.831868941667413,0.999330380285523
"PROBE2250_at","GENE2250",1,45,43,8.85796066666667,8.96467,0.106709333333338,0.35668815020453,0.999330380285523
"PROBE2251_at","GENE2251",2,45,43,9.51526822222222,9.56493651162791,0.0496682894056839,0.670474661545529,0.999330380285523
"PROBE2252_at","GENE2252",2,45,43,9.40310266666667,9.42597906976744,0.0228764031007724,0.842484426611617,0.999330380285523
"PROBE2253_at","GENE2253",1,45,43,8.73492488888889,8.63892860465116,-0.0959962842377244,0.40699784898221,0.999330380285523
"PROBE2254_at","GENE2254",2,45,43,8.76099111111111,8.75343,-0.00756111111111579,0.94629535205678,0.999330380285523
"PROBE2255_at","GENE2255",0,45,43,9.43773666666667,9.52563697674419,0.0879003100775222,0.449332020678015,0.999330380285523
"PROBE2256_at","GENE2256",2,45,43,10.0394948888889,9.99139348837209,-0.0481014005167939,0.648995912848286,0.999330380285523
"PROBE2257_at","GENE2257",1,45,43,7.64636933333333,7.64948418604651,0.0031148527131748,0.979548717797019,0.999330380285523
"PROBE2258_at","GENE2258",0,45,43,7.36270733333333,7.35160953488372,-0.0110977984496081,0.919831058053909,0.999330380285523
"PROBE2259_at","GENE2259",0,45,43,7.57877666666667,7.58500604651163,0.00622937984495842,0.957958917837264,0.999330380285523
"PROBE2260_at","GENE2260",0,45,43,9.07687666666667,9.12595372093023,0.0490770542635648,0.650129748620845,0.999330380285523
"PROBE2261_at","GENE2261",2,45,43,9.87426044444445,9.77869302325581,-0.095567421188635,0.36561945504747,0.999330380285523
"PROBE2262_at","GENE2262",2,45,43,8.64703533333333,8.65712279069767,0.0100874573643424,0.932037070579325,0.999330380285523
"PROBE2263_at","GENE2263",2,45,43,9.62142577777778,9.71411953488372,0.0926937571059518,0.42457352405684,0.999330380285523
"PROBE2264_at","GENE2264",0,45,43,9.43887911111111,9.38893697674419,-0.0499421343669244,0.672407867308427,0.999330380285523
"PROBE2265_at","GENE2265",0,45,43,9.08582533333333,8.97433813953488,-0.11148719379845,0.272785174362361,0.999330380285523
"PROBE2266_at","GENE2266",1,45,43,9.259804,9.1753676744186,-0.0844363255813949,0.446366584730309,0.999330380285523
"PROBE2267_at","GENE2267",2,45,43,9.76706488888889,9.89622581395349,0.129160925064603,0.265177279874022,0.999330380285523
"PROBE2268_at","GENE2268",1,45,43,9.00602755555555,8.99148348837209,-0.0145440671834614,0.896621579712752,0.999330380285523
"PROBE2269_at","GENE2269",0,45,43,8.04583377777778,8.08181906976744,0.0359852919896664,0.753188752368712,0.999330380285523
"PROBE2270_at","GENE2270",2,45,43,8.66571533333333,8.68930930232558,0.0235939689922482,0.829211621741136,0.999330380285523
"PROBE2271_at","GENE2271",0,45,43,10.7630262222222,10.7574890697674,-0.00553715245478159,0.959147121496287,0.999330380285523
"PROBE2272_at","GENE2272",1,45,43,7.79880977777778,7.65592209302326,-0.142887684754524,0.184562210654565,0.999330380285523
"PROBE2273_at","GENE2273",2,45,43,7.79122422222222,7.75353069767442,-0.0376935245478052,0.73696404101597,0.999330380285523
"PROBE2274_at","GENE2274",0,45,43,9.02849244444444,8.95180837209302,-0.0766840723514193,0.510945545362561,0.999330380285523
"PROBE2275_at","GENE2275",0,45,43,8.80704333333333,8.82005720930233,0.0130138759689906,0.909618580170991,0.999330380285523
"PROBE2276_at","GENE2276",0,45,43,9.29594088888889,9.41443604651163,0.118495157622739,0.308989592958322,0.999330380285523
"PROBE2277_at","GENE2277",0,45,43,8.60117244444444,8.59621558139535,-0.00495686304909526,0.961742168868876,0.999330380285523
"PROBE2278_at","GENE2278",0,45,43,8.59108577777778,8.56512674418605,-0.0259590335917341,0.806058284999861,0.999330380285523
"PROBE2279_at","GENE2279",2,45,43,7.32653,7.47573744186047,0.149207441860466,0.168614917826191,0.989347380354554
"PROBE2280_at","GENE2280",0,45,43,8.02200933333333,7.9240988372093,-0.0979104961240305,0.407736524160021,0.999330380285523
"PROBE2281_at","GENE2281",0,45,43,7.95886266666667,7.8822888372093,-0.0765738294573639,0.536196987211541,0.999330380285523
"PROBE2282_at","GENE2282",2,45,43,9.05970711111111,9.08021,0.0205028888888918,0.879586046667775,0.999330380285523
"PROBE2283_at","GENE2283",0,45,43,8.90603377777778,8.81716441860465,-0.088869359173124,0.44682327639254,0.999330380285523
"PROBE2284_at","GENE2284",2,45,43,9.23811444444445,9.11806395348837,-0.120050490956073,0.290722145306875,0.999330380285523
"PROBE2285_at","GENE2285",1,45,43,7.83009622222222,7.97977906976744,0.14968284754522,0.139956143278724,0.945206762896939
"PROBE2286_at","GENE2286",2,45,43,10.1699593333333,10.32536,0.155400666666667,0.197927361380363,0.999330380285523
"PROBE2287_at","GENE2287",0,45,43,8.24523688888889,8.27412604651163,0.028889157622741,0.802590587135746,0.999330380285523
"PROBE2288_at","GENE2288",2,45,43,7.959162,7.98818604651163,0.0290240465116272,0.805106377559744,0.999330380285523
"PROBE2289_at","GENE2289",2,45,43,8.40633822222222,8.39502186046512,-0.0113163617571033,0.913499369774209,0.999330380285523
"PROBE2290_at","GENE2290",1,45,43,8.51249488888889,8.46223069767442,-0.0502641912144632,0.638213851496563,0.999330380285523
"PROBE2291_at","GENE2291",1,45,43,8.025908,8.16957023255814,0.143662232558137,0.204673167889267,0.999330380285523
"PROBE2292_at","GENE2292",1,45,43,6.73762844444444,6.6866111627907,-0.0510172816537473,0.660220665193279,0.999330380285523
"PROBE2293_at","GENE2293",2,45,43,8.31702488888889,8.29418720930233,-0.0228376795865657,0.8341710236784,0.999330380285523
"PROBE2294_at","GENE2294",0,45,43,8.07396533333333,7.72905441860465,-0.344910914728686,0.00275703139267663,0.0451972359455185
"PROBE2295_at","GENE2295",2,45,43,9.92772511111111,9.98451651162791,0.0567914005167953,0.614322902140844,0.999330380285523
"PROBE2296_at","GENE2296",1,45,43,7.35664955555556,7.30393255813954,-0.0527169974160211,0.659493252822319,0.999330380285523
"PROBE2297_at","GENE2297",2,45,43,7.87202711111111,8.02284162790698,0.150814516795867,0.226909344140671,0.999330380285523
"PROBE2298_at","GENE2298",0,45,43,8.57645488888889,8.71956,0.14310511111111,0.210746026204316,0.999330380285523
"PROBE2299_at","GENE2299",0,45,43,7.58260222222222,7.50680046511628,-0.0758017571059399,0.543032979731086,0.999330380285523
"PROBE2300_at","GENE2300",0,45,43,5.39160466666667,5.48159465116279,0.0899899844961238,0.418913436194713,0.999330380285523
"PROBE2301_at","GENE2301",0,45,43,7.69691311111111,7.77881488372093,0.0819017726098217,0.464769305481166,0.999330380285523
"PROBE2302_at","GENE2302",0,45,43,8.41807977777778,8.40872023255814,-0.00935954521964,0.939241109206826,0.999330380285523
"PROBE2303_at","GENE2303",2,45,43,8.20561111111111,8.35378581395349,0.148174702842377,0.221062914735016,0.999330380285523
"PROBE2304_at","GENE2304",0,45,43,7.08232488888889,7.18032511627907,0.0980002273901821,0.398054783458955,0.999330380285523
"PROBE2305_at","GENE2305",2,45,43,8.09464155555556,8.12177395348837,0.0271323979328191,0.822705694204379,0.999330380285523
"PROBE2306_at","GENE2306",2,45,43,8.55375155555556,8.47396511627907,-0.0797864392764911,0.463443646255483,0.999330380285523
"PROBE2307_at","GENE2307",1,45,43,8.36840777777778,8.2271276744186,-0.141280103359174,0.200112651805651,0.999330380285523
"PROBE2308_at","GENE2308",1,45,43,8.78115688888889,8.69376348837209,-0.0873934005167953,0.45105653645546,0.999330380285523
"PROBE2309_at","GENE2309",1,45,43,8.92348622222222,8.95512372093023,0.0316374987080099,0.797836672738618,0.999330380285523
"PROBE2310_at","GENE2310",2,45,43,9.83564911111111,9.77884093023256,-0.0568081808785514,0.637903280350647,0.999330380285523
"PROBE2311_at","GENE2311",0,45,43,9.48985711111111,9.55177441860465,0.0619173074935375,0.579724088972193,0.999330380285523
"PROBE2312_at","GENE2312",0,45,43,7.81253155555556,7.7750088372093,-0.037522718346251,0.734130477744725,0.999330380285523
"PROBE2313_at","GENE2313",0,45,43,8.90218377777778,9.07079186046512,0.168608082687335,0.116493427477164,0.868580800841892
"PROBE2314_at","GENE2314",2,45,43,8.65434355555556,8.48416953488372,-0.170174020671833,0.157057012342678,0.959126792932384
"PROBE2315_at","GENE2315",0,45,43,9.79479533333333,9.82150604651163,0.0267107131782982,0.786667719518818,0.999330380285523
"PROBE2316_at","GENE2316",1,45,43,10.4897444444444,10.5639211627907,0.0741767183462532,0.510523433051068,0.999330380285523
"PROBE2317_at","GENE2317",1,45,43,6.93799311111111,6.90139837209302,-0.0365947390180876,0.773517966426799,0.999330380285523
"PROBE2318_at","GENE2318",2,45,43,8.75399688888889,8.67554139534884,-0.078455493540055,0.455207099974443,0.999330380285523
"PROBE2319_at","GENE2319",2,45,43,8.20165044444444,8.30299418604651,0.101343741602069,0.380047154891334,0.999330380285523
"PROBE2320_at","GENE2320",0,45,43,9.172196,9.05783279069767,-0.114363209302326,0.287662751096249,0.999330380285523
"PROBE2321_at","GENE2321",2,45,43,8.87930777777778,8.93199,0.0526822222222183,0.628406483436797,0.999330380285523
"PROBE2322_at","GENE2322",0,45,43,7.918744,7.92491790697674,0.00617390697674125,0.958371024306326,0.999330380285523
"PROBE2323_at","GENE2323",2,45,43,11.184414,11.203058372093,0.0186443720930214,0.877432928400564,0.999330380285523
"PROBE2324_at","GENE2324",0,45,43,7.87236466666667,7.62845976744186,-0.24390489922481,0.0486897056848728,0.529235931357313
"PROBE2325_at","GENE2325",0,45,43,8.88963155555555,8.81453604651163,-0.075095509043928,0.484400129653224,0.999330380285523
"PROBE2326_at","GENE2326",1,45,43,8.00749688888889,8.02079697674419,0.0133000878553027,0.907544017347303,0.999330380285523
"PROBE2327_at","GENE2327",1,45,43,9.09336844444444,9.12088418604651,0.0275157416020679,0.789446495244977,0.999330380285523
"PROBE2328_at","GENE2328",1,45,43,8.31667422222222,8.28499697674419,-0.0316772454780345,0.785302392873478,0.999330380285523
"PROBE2329_at","GENE2329",1,45,43,7.24191844444444,6.99550558139535,-0.246412863049096,0.0419115344222777,0.476267436616792
"PROBE2330_at","GENE2330",0,45,43,9.14059355555556,9.04540069767442,-0.0951928578811359,0.393984803052068,0.999330380285523
"PROBE2331_at","GENE2331",2,45,43,9.35089355555556,9.39796279069767,0.0470692351421125,0.652514411108397,0.999330380285523
"PROBE2332_at","GENE2332",0,45,43,8.81017977777778,8.78604279069767,-0.0241369870801034,0.823436194949193,0.999330380285523
"PROBE2333_at","GENE2333",1,45,43,8.49109911111111,8.36319069767442,-0.127908413436691,0.241204518572395,0.999330380285523
"PROBE2334_at","GENE2334",2,45,43,8.857472,8.65767046511628,-0.199801534883719,0.077201799961273,0.701834545102481
"PROBE2335_at","GENE2335",0,45,43,9.94165466666667,9.98034418604651,0.0386895193798438,0.737831755412955,0.999330380285523
"PROBE2336_at","GENE2336",1,45,43,6.68504933333333,6.57174627906977,-0.113303054263564,0.323054781702959,0.999330380285523
"PROBE2337_at","GENE2337",1,45,43,8.29455155555556,8.40365186046512,0.10910030490956,0.364360200677064,0.999330380285523
"PROBE2338_at","GENE2338",1,45,43,8.94596133333333,8.80543860465116,-0.140522728682168,0.237831700197689,0.999330380285523
"PROBE2339_at","GENE2339",1,45,43,8.09303888888889,8.04083674418605,-0.0522021447028447,0.634342190899609,0.999330380285523
"PROBE2340_at","GENE2340",0,45,43,5.93754577777778,5.89291813953488,-0.0446276382428943,0.703581101578748,0.999330380285523
"PROBE2341_at","GENE2341",0,45,43,8.99499288888889,9.02243,0.0274371111111122,0.788781861078741,0.999330380285523
"PROBE2342_at","GENE2342",1,45,43,8.40162288888889,8.30094325581395,-0.100679633074936,0.332870564398625,0.999330380285523
"PROBE2343_at","GENE2343",1,45,43,8.15974466666667,8.18453767441861,0.0247930077519403,0.828977722849668,0.999330380285523
"PROBE2344_at","GENE2344",0,45,43,7.66097577777778,7.73545627906977,0.0744805012919905,0.459566965075671,0.999330380285523
"PROBE2345_at","GENE2345",1,45,43,10.2880137777778,10.34046,0.0524462222222226,0.671379680746276,0.999330380285523
"PROBE2346_at","GENE2346",0,45,43,6.85743488888889,7.04697162790698,0.189536739018088,0.0955082806608695,0.783261370388597
"PROBE2347_at","GENE2347",0,45,43,9.46190266666667,9.45080837209302,-0.0110942945736454,0.92251923327555,0.999330380285523
"PROBE2348_at","GENE2348",1,45,43,8.01875155555556,8.16126627906977,0.142514723514209,0.135091854951956,0.932832559266353
"PROBE2349_at","GENE2349",0,45,43,7.42177444444444,7.35822255813954,-0.0635518863049089,0.541940642562381,0.999330380285523
"PROBE2350_at","GENE2350",1,45,43,7.28209933333333,7.3446876744186,0.0625883410852746,0.628688319988236,0.999330380285523
"PROBE2351_at","GENE2351",2,45,43,9.90339133333333,10.0492427906977,0.145851457364344,0.218353911256156,0.999330380285523
"PROBE2352_at","GENE2352",1,45,43,8.32792733333333,8.35572930232558,0.0278019689922484,0.808163691331174,0.999330380285523
"PROBE2353_at","GENE2353",2,45,43,7.97398466666667,7.88226906976744,-0.0917155968992214,0.392232166825882,0.999330380285523
"PROBE2354_at","GENE2354",0,45,43,9.11243266666667,9.14897139534884,0.0365387286821672,0.732598015254903,0.999330380285523
"PROBE2355_at","GENE2355",0,45,43,8.29692866666667,8.29531534883721,-0.00161331782945418,0.98826160720355,0.999330380285523
"PROBE2356_at","GENE2356",1,45,43,7.20176244444444,7.21930976744186,0.0175473229974132,0.860463076006637,0.999330380285523
"PROBE2357_at","GENE2357",2,45,43,11.210188,11.0062751162791,-0.203912883720927,0.0841127607434077,0.737831234591295
"PROBE2358_at","GENE2358",1,45,43,7.63085333333333,7.66345558139535,0.0326022480620223,0.755853632361327,0.999330380285523
"PROBE2359_at","GENE2359",2,45,43,9.12679288888889,9.0440611627907,-0.0827317260981939,0.491235120923907,0.999330380285523
"PROBE2360_at","GENE2360",0,45,43,7.95178888888889,7.97043534883721,0.0186464599483225,0.861030436715223,0.999330380285523
"PROBE2361_at","GENE2361",0,45,43,9.45027222222222,9.51092790697674,0.0606556847545274,0.581457386989218,0.999330380285523
"PROBE2362_at","GENE2362",0,45,43,9.50667711111111,9.57671837209302,0.0700412609819132,0.540176440088345,0.999330380285523
"PROBE2363_at","GENE2363",2,45,43,9.36417222222222,9.46087372093023,0.0967014987080113,0.398198418877618,0.999330380285523
"PROBE2364_at","GENE2364",0,45,43,8.48370733333333,8.37310418604651,-0.11060314728682,0.396885916363459,0.999330380285523
"PROBE2365_at","GENE2365",2,45,43,8.04301088888889,8.03037813953488,-0.0126327493540046,0.915372191411323,0.999330380285523
"PROBE2366_at","GENE2366",0,45,43,6.84855733333333,6.77911046511628,-0.0694468682170548,0.535909417058954,0.999330380285523
"PROBE2367_at","GENE2367",2,45,43,9.19058688888889,9.09355604651163,-0.0970308423772597,0.373422406436409,0.999330380285523
"PROBE2368_at","GENE2368",2,45,43,10.284738,10.3211165116279,0.0363785116279089,0.742153063846802,0.999330380285523
"PROBE2369_at","GENE2369",2,45,43,9.47529466666667,9.37616930232558,-0.0991253643410879,0.401764207160223,0.999330380285523
"PROBE2370_at","GENE2370",0,45,43,8.57728955555556,8.52988046511628,-0.0474090904392774,0.664357273220226,0.999330380285523
"PROBE2371_at","GENE2371",2,45,43,7.57091022222222,7.57906023255814,0.00815001033591667,0.941876739627883,0.999330380285523
"PROBE2372_at","GENE2372",1,45,43,6.25298,6.19125744186046,-0.0617225581395333,0.600731472002605,0.999330380285523
"PROBE2373_at","GENE2373",2,45,43,9.35006022222222,9.24385488372093,-0.106205338501292,0.33990084106073,0.999330380285523
"PROBE2374_at","GENE2374",2,45,43,10.061484,10.0452697674419,-0.0162142325581378,0.883005476302641,0.999330380285523
"PROBE2375_at","GENE2375",2,45,43,7.74415955555556,7.79349744186047,0.049337886304909,0.655787177113621,0.999330380285523
"PROBE2376_at","GENE2376",0,45,43,6.79400222222222,6.69329162790698,-0.100710594315247,0.381381423248184,0.999330380285523
"PROBE2377_at","GENE2377",1,45,43,8.14188133333333,8.12334744186047,-0.0185338914728668,0.883458218863699,0.999330380285523
"PROBE2378_at","GENE2378",0,45,43,7.86827711111111,7.80619162790698,-0.062085483204136,0.589813127339853,0.999330380285523
"PROBE2379_at","GENE2379",0,45,43,8.16773444444445,8.01358279069767,-0.154151653746766,0.191600111911106,0.999330380285523
"PROBE2380_at","GENE2380",1,45,43,9.029924,9.12811697674419,0.0981929767441851,0.446060481398927,0.999330380285523
"PROBE2381_at","GENE2381",1,45,43,8.25556088888889,8.15543558139535,-0.100125307493538,0.384467803165392,0.999330380285523
"PROBE2382_at","GENE2382",0,45,43,10.6529302222222,10.6299653488372,-0.0229648733850141,0.835875312998383,0.999330380285523
"PROBE2383_at","GENE2383",2,45,43,9.366088,9.29376139534884,-0.0723266046511633,0.520159605100826,0.999330380285523
"PROBE2384_at","GENE2384",0,45,43,8.50223644444444,8.5452511627907,0.0430147183462513,0.676968450442054,0.999330380285523
"PROBE2385_at","GENE2385",2,45,43,8.47128955555556,8.48226837209302,0.0109788165374702,0.920077518157201,0.999330380285523
"PROBE2386_at","GENE2386",1,45,43,8.16229933333333,8.22068325581395,0.0583839224806173,0.573249956424898,0.999330380285523
"PROBE2387_at","GENE2387",0,45,43,8.25758488888889,8.34535488372093,0.0877699948320423,0.402405359430122,0.999330380285523
"PROBE2388_at","GENE2388",2,45,43,10.0914331111111,10.0213130232558,-0.0701200878552957,0.511465240160721,0.999330380285523
"PROBE2389_at","GENE2389",1,45,43,9.74310733333333,9.62309534883721,-0.120011984496122,0.275894816085352,0.999330380285523
"PROBE2390_at","GENE2390",2,45,43,8.003522,7.96937255813953,-0.034149441860464,0.758988868815636,0.999330380285523
"PROBE2391_at","GENE2391",0,45,43,8.27027533333333,8.44982372093023,0.179548387596897,0.112816331680491,0.853053547678568
"PROBE2392_at","GENE2392",2,45,43,9.310768,9.27223209302326,-0.0385359069767457,0.729391231064813,0.999330380285523
"PROBE2393_at","GENE2393",1,45,43,7.03620688888889,6.92147627906977,-0.114730609819119,0.291078358301692,0.999330380285523
"PROBE2394_at","GENE2394",2,45,43,7.24137377777778,7.15754162790698,-0.0838321498707995,0.42803211749216,0.999330380285523
"PROBE2395_at","GENE2395",1,45,43,8.29367666666667,8.23002813953488,-0.0636485271317788,0.561119777491005,0.999330380285523
"PROBE2396_at","GENE2396",2,45,43,9.09863177777778,9.11195395348837,0.0133221757105897,0.890144364544328,0.999330380285523
"PROBE2397_at","GENE2397",2,45,43,9.51841311111111,9.58164255813954,0.0632294470284265,0.565552356403356,0.999330380285523
"PROBE2398_at","GENE2398",2,45,43,6.90597044444444,6.81757488372093,-0.0883955607235176,0.43467786867312,0.999330380285523
"PROBE2399_at","GENE2399",0,45,43,7.69283888888889,7.52700069767442,-0.165838191214474,0.160408292542335,0.969471743434338
"PROBE2400_at","GENE2400",1,45,43,9.06042688888889,9.02506744186046,-0.0353594470284229,0.746529265807147,0.999330380285523
"PROBE2401_at","GENE2401",1,45,43,8.88796377777778,8.89934837209302,0.0113845943152437,0.920266299272243,0.999330380285523
"PROBE2402_at","GENE2402",2,45,43,9.09340955555555,9.09792093023256,0.00451137467700136,0.969930903388186,0.999330380285523
"PROBE2403_at","GENE2403",1,45,43,7.810108,7.84254069767442,0.0324326976744214,0.742774567342199,0.999330380285523
"PROBE2404_at","GENE2404",2,45,43,8.93431066666667,8.98460860465116,0.0502979379845012,0.637008028765141,0.999330380285523
"PROBE2405_at","GENE2405",0,45,43,10.4425417777778,10.6007530232558,0.158211245478032,0.150923730886994,0.950935725171886
"PROBE2406_at","GENE2406",0,45,43,7.80721933333333,7.77107511627907,-0.0361442170542636,0.736787710857232,0.999330380285523
"PROBE2407_at","GENE2407",0,45,43,8.92545377777778,8.90218906976744,-0.0232647080103341,0.846280031339599,0.999330380285523
"PROBE2408_at","GENE2408",2,45,43,9.23080555555556,9.09839325581395,-0.132412299741603,0.182432939203598,0.999330380285523
"PROBE2409_at","GENE2409",0,45,43,8.30385066666667,8.35533720930233,0.0514865426356614,0.646666971483774,0.999330380285523
"PROBE2410_at","GENE2410",1,45,43,10.2028968888889,10.1859076744186,-0.0169892144702875,0.882525475782454,0.999330380285523
"PROBE2411_at","GENE2411",2,45,43,8.44228177777778,8.27657186046512,-0.165709917312663,0.120297950187749,0.882920735322926
"PROBE2412_at","GENE2412",2,45,43,7.57785844444444,7.53825139534884,-0.0396070490956104,0.743701154341565,0.999330380285523
"PROBE2413_at","GENE2413",1,45,43,8.05125333333333,8.0193623255814,-0.0318910077519359,0.766175886660768,0.999330380285523
"PROBE2414_at","GENE2414",0,45,43,8.52526666666667,8.5305323255814,0.00526565891473041,0.961769766370764,0.999330380285523
"PROBE2415_at","GENE2415",0,45,43,7.74306888888889,7.66088976744186,-0.0821791214470275,0.474046010217221,0.999330380285523
"PROBE2416_at","GENE2416",0,45,43,8.07611755555556,8.06337558139535,-0.0127419741602086,0.900704230237772,0.999330380285523
"PROBE2417_at","GENE2417",1,45,43,8.41773222222222,8.35372465116279,-0.0640075710594274,0.587531086287533,0.999330380285523
"PROBE2418_at","GENE2418",2,45,43,10.1292155555556,10.2389002325581,0.109684677002587,0.271597416997435,0.999330380285523
"PROBE2419_at","GENE2419",1,45,43,7.25385066666667,7.22940372093023,-0.0244469457364307,0.811989958884395,0.999330380285523
"PROBE2420_at","GENE2420",2,45,43,10.4038833333333,10.3834276744186,-0.0204556589147256,0.84632082384113,0.999330380285523
"PROBE2421_at","GENE2421",1,45,43,9.11501422222222,9.03748767441861,-0.0775265478036093,0.466608038797177,0.999330380285523
"PROBE2422_at","GENE2422",0,45,43,7.00950355555556,7.21606860465116,0.206565049095606,0.0744281523465613,0.692986898379596
"PROBE2423_at","GENE2423",2,45,43,9.19410111111111,9.04643372093023,-0.147667390180874,0.201954965800102,0.999330380285523
"PROBE2424_at","GENE2424",1,45,43,9.65587177777778,9.61542581395349,-0.0404459638242862,0.693240031533778,0.999330380285523
"PROBE2425_at","GENE2425",2,45,43,9.06334911111111,8.9404288372093,-0.122920273901808,0.24492929763612,0.999330380285523
"PROBE2426_at","GENE2426",0,45,43,9.08219177777778,9.16564395348837,0.0834521757105939,0.442197219528849,0.999330380285523
"PROBE2427_at","GENE2427",1,45,43,8.25648,8.21630139534884,-0.0401786046511621,0.734809977307182,0.999330380285523
"PROBE2428_at","GENE2428",2,45,43,9.85028622222222,9.73991302325581,-0.110373198966411,0.325089745171376,0.999330380285523
"PROBE2429_at","GENE2429",1,45,43,9.41196333333333,9.27471604651163,-0.137247286821705,0.233840281949442,0.999330380285523
"PROBE2430_at","GENE2430",1,45,43,8.19143466666667,8.31743418604651,0.125999519379848,0.265050533019859,0.999330380285523
"PROBE2431_at","GENE2431",0,45,43,9.24736022222222,9.35327720930233,0.105916987080104,0.420088238610469,0.999330380285523
"PROBE2432_at","GENE2432",2,45,43,8.40694333333333,8.45100441860465,0.0440610852713217,0.637768561726641,0.999330380285523
"PROBE2433_at","GENE2433",0,45,43,9.17342555555556,9.11813813953488,-0.0552874160206667,0.656563986529318,0.999330380285523
"PROBE2434_at","GENE2434",0,45,43,8.28183355555556,8.31272279069768,0.0308892351421157,0.787039779353313,0.999330380285523
"PROBE2435_at","GENE2435",1,45,43,9.26753377777778,8.94784302325581,-0.319690754521959,0.00262056636650586,0.0431368949219072
"PROBE2436_at","GENE2436",2,45,43,9.39489688888889,9.56198,0.167083111111108,0.14193175870629,0.948653015411418
"PROBE2437_at","GENE2437",0,45,43,9.22569088888889,9.13753395348837,-0.0881569354005158,0.456868193634977,0.999330380285523
"PROBE2438_at","GENE2438",1,45,43,9.09417844444445,9.06039720930232,-0.0337812351421221,0.763620467301532,0.999330380285523
"PROBE2439_at","GENE2439",1,45,43,8.25148111111111,8.20417139534884,-0.0473097157622675,0.666247312313228,0.999330380285523
"PROBE2440_at","GENE2440",1,45,43,8.51751644444444,8.50175906976744,-0.0157573746770012,0.886599993668482,0.999330380285523
"PROBE2441_at","GENE2441",0,45,43,6.498478,6.5620211627907,0.0635431627906966,0.553760970452748,0.999330380285523
"PROBE2442_at","GENE2442",2,45,43,9.41739111111111,9.55155860465116,0.134167493540055,0.229462522875374,0.999330380285523
"PROBE2443_at","GENE2443",0,45,43,8.84867755555556,8.82134697674419,-0.0273305788113696,0.790412205302483,0.999330380285523
"PROBE2444_at","GENE2444",2,45,43,9.61106244444444,9.76262953488372,0.151567090439274,0.190929095247002,0.999330380285523
"PROBE2445_at","GENE2445",2,45,43,9.630502,9.66045953488372,0.0299575348837227,0.787513803701193,0.999330380285523
"PROBE2446_at","GENE2446",2,45,43,10.1317171111111,10.0438790697674,-0.087838041343673,0.438333637018429,0.999330380285523
"PROBE2447_at","GENE2447",2,45,43,10.0885944444444,10.1060127906977,0.0174183462532369,0.871321831935436,0.999330380285523
"PROBE2448_at","GENE2448",1,45,43,9.27345266666667,9.23209209302326,-0.0413605736434075,0.697621959875822,0.999330380285523
"PROBE2449_at","GENE2449",2,45,43,9.11595066666667,9.06970604651163,-0.0462446201550382,0.670181373157396,0.999330380285523
"PROBE2450_at","GENE2450",2,45,43,9.12163733333333,8.99881697674419,-0.122820356589145,0.308797062420899,0.999330380285523
"PROBE2451_at","GENE2451",0,45,43,8.52803888888889,8.44335511627907,-0.0846837726098162,0.454265422566861,0.999330380285523
"PROBE2452_at","GENE2452",1,45,43,9.99758377777778,10.0253618604651,0.0277780826873339,0.780133369043002,0.999330380285523
"PROBE2453_at","GENE2453",1,45,43,7.55607555555556,7.39282697674419,-0.163248578811373,0.15090442955292,0.950935725171886
"PROBE2454_at","GENE2454",2,45,43,12.0174157777778,11.9619151162791,-0.0555006614987086,0.644178924045347,0.999330380285523
"PROBE2455_at","GENE2455",2,45,43,7.47755244444444,7.58337186046512,0.105819416020672,0.314182207322649,0.999330380285523
"PROBE2456_at","GENE2456",1,45,43,9.10528466666667,8.93051186046512,-0.174772806201551,0.0787431951758912,0.710999504974187
"PROBE2457_at","GENE2457",2,45,43,9.25421333333333,9.20453348837209,-0.0496798449612399,0.674558080414313,0.999330380285523
"PROBE2458_at","GENE2458",2,45,43,7.94490266666667,8.09938813953488,0.154485472868215,0.178862998218376,0.999330380285523
"PROBE2459_at","GENE2459",2,45,43,7.12125066666667,7.16411860465116,0.0428679379844956,0.701748271941934,0.999330380285523
"PROBE2460_at","GENE2460",0,45,43,9.17424133333333,9.14494302325581,-0.0292983100775182,0.786173702550626,0.999330380285523
"PROBE2461_at","GENE2461",1,45,43,5.79540622222222,5.65041069767442,-0.144995524547805,0.18191154945682,0.999330380285523
"PROBE2462_at","GENE2462",2,45,43,6.57098888888889,6.45625558139535,-0.114733307493539,0.350546804245507,0.999330380285523
"PROBE2463_at","GENE2463",0,45,43,7.78586888888889,7.62720046511628,-0.158668423772609,0.154063746270228,0.955931748574201
"PROBE2464_at","GENE2464",1,45,43,8.66366844444445,8.62475976744186,-0.0389086770025813,0.7371566230635,0.999330380285523
"PROBE2465_at","GENE2465",1,45,43,6.90482933333333,6.87210139534884,-0.0327279379844976,0.763287379614251,0.999330380285523
"PROBE2466_at","GENE2466",1,45,43,7.91787466666667,7.89564023255814,-0.0222344341085261,0.843801015860265,0.999330380285523
"PROBE2467_at","GENE2467",2,45,43,10.9007046666667,10.9550806976744,0.0543760310077612,0.631746399179356,0.999330380285523
"PROBE2468_at","GENE2468",1,45,43,8.58241888888889,8.42271953488372,-0.15969935400517,0.149243521724003,0.950935725171886
"PROBE2469_at","GENE2469",0,45,43,9.24264688888889,9.22345720930233,-0.0191896795865638,0.875873027789291,0.999330380285523
"PROBE2470_at","GENE2470",2,45,43,10.3878793333333,10.353803255814,-0.03407607751938,0.775178458391999,0.999330380285523
"PROBE2471_at","GENE2471",1,45,43,8.22809444444444,8.14580279069767,-0.0822916537467702,0.45430846563051,0.999330380285523
"PROBE2472_at","GENE2472",2,45,43,9.15732133333333,9.28456372093023,0.127242387596905,0.224620241456674,0.999330380285523
"PROBE2473_at","GENE2473",1,45,43,8.81085066666667,8.82463023255814,0.0137795658914719,0.900898425058956,0.999330380285523
"PROBE2474_at","GENE2474",2,45,43,7.66632,7.7559288372093,0.0896088372093038,0.405156394789404,0.999330380285523
"PROBE2475_at","GENE2475",0,45,43,8.70777666666667,8.63577488372093,-0.0720017829457351,0.511110409356678,0.999330380285523
"PROBE2476_at","GENE2476",0,45,43,8.50708911111111,8.4767088372093,-0.0303802739018053,0.794896087575661,0.999330380285523
"PROBE2477_at","GENE2477",0,45,43,8.65756022222222,8.75154930232558,0.0939890801033574,0.431772284091926,0.999330380285523
"PROBE2478_at","GENE2478",1,45,43,8.41786066666667,8.27379255813953,-0.144068108527131,0.145412289586493,0.950935725171886
"PROBE2479_at","GENE2479",0,45,43,7.72663911111111,7.76272441860465,0.0360853074935408,0.726608102164691,0.999330380285523
"PROBE2480_at","GENE2480",2,45,43,7.09397844444444,7.04405023255814,-0.0499282118863063,0.652137636874066,0.999330380285523
"PROBE2481_at","GENE2481",1,45,43,7.63909488888889,7.53207395348837,-0.107020935400514,0.313110219680279,0.999330380285523
"PROBE2482_at","GENE2482",2,45,43,9.10192155555556,9.21314279069767,0.111221235142114,0.318799438071517,0.999330380285523
"PROBE2483_at","GENE2483",1,45,43,3.61310888888889,3.69110302325581,0.0779941343669273,0.476603644371225,0.999330380285523
"PROBE2484_at","GENE2484",0,45,43,8.77356777777778,8.86987813953488,0.0963103617571104,0.375103976908918,0.999330380285523
"PROBE2485_at","GENE2485",1,45,43,10.0879511111111,9.96173953488372,-0.126211576227391,0.281224920587266,0.999330380285523
"PROBE2486_at","GENE2486",2,45,43,9.58761488888889,9.5482076744186,-0.0394072144702768,0.701432815922491,0.999330380285523
"PROBE2487_at","GENE2487",0,45,43,9.30097444444444,9.13787697674419,-0.163097467700259,0.187092055447466,0.999330380285523
"PROBE2488_at","GENE2488",0,45,43,6.515742,6.3890411627907,-0.126700837209301,0.272428563356337,0.999330380285523
"PROBE2489_at","GENE2489",2,45,43,10.018104,9.97016046511628,-0.0479435348837161,0.662542166891057,0.999330380285523
"PROBE2490_at","GENE2490",0,45,43,8.92135488888889,9.05649046511628,0.135135576227391,0.274517820348164,0.999330380285523
"PROBE2491_at","GENE2491",2,45,43,8.71319866666667,8.81942976744186,0.106231100775194,0.338381107459566,0.999330380285523
"PROBE2492_at","GENE2492",2,45,43,9.25719177777778,9.26278023255814,0.00558845478036041,0.960873176432543,0.999330380285523
"PROBE2493_at","GENE2493",2,45,43,10.7791366666667,10.8262769767442,0.0471403100775145,0.659855291900789,0.999330380285523
"PROBE2494_at","GENE2494",0,45,43,9.98668066666667,9.99441465116279,0.00773398449612372,0.945276893210698,0.999330380285523
"PROBE2495_at","GENE2495",2,45,43,9.39750422222222,9.48849139534884,0.0909871731266172,0.432163548861627,0.999330380285523
"PROBE2496_at","GENE2496",0,45,43,10.1038271111111,10.095718372093,-0.00810873901808939,0.940174134664901,0.999330380285523
"PROBE2497_at","GENE2497",1,45,43,8.91707555555556,8.92898604651163,0.0119104909560761,0.91743394217924,0.999330380285523
"PROBE2498_at","GENE2498",1,45,43,7.923944,8.11685186046512,0.192907860465113,0.130948943082254,0.918939951454412
"PROBE2499_at","GENE2499",1,45,43,7.22966177777778,7.26626395348837,0.036602175710593,0.747255949942157,0.999330380285523
"PROBE2500_at","GENE2500",2,45,43,10.6090368888889,10.560353255814,-0.0486836330749369,0.683728504873044,0.999330380285523
"PROBE2501_at","GENE2501",2,45,43,8.65653688888889,8.68828930232558,0.0317524134366938,0.773446608182457,0.999330380285523
"PROBE2502_at","GENE2502",0,45,43,9.05599688888889,8.99853255813954,-0.0574643307493599,0.615374481394266,0.999330380285523
"PROBE2503_at","GENE2503",1,45,43,7.03490377777778,7.11884813953488,0.0839443617571067,0.47317929504238,0.999330380285523
"PROBE2504_at","GENE2504",2,45,43,8.37605711111111,8.33984488372093,-0.0362122273901786,0.753630846086933,0.999330380285523
"PROBE2505_at","GENE2505",2,45,43,9.38339622222222,9.57915,0.19575377777778,0.106311809546041,0.82191752634415
"PROBE2506_at","GENE2506",0,45,43,9.02959688888889,8.98577255813954,-0.043824330749354,0.701144377655744,0.999330380285523
"PROBE2507_at","GENE2507",1,45,43,5.747668,5.81052697674419,0.0628589767441854,0.570136441802098,0.999330380285523
"PROBE2508_at","GENE2508",2,45,43,7.85049022222222,7.88880813953488,0.0383179173126633,0.74109337439325,0.999330380285523
"PROBE2509_at","GENE2509",2,45,43,8.68732644444444,8.65554674418605,-0.0317797002583955,0.767628306498938,0.999330380285523
"PROBE2510_at","GENE2510",0,45,43,11.3718164444444,11.3295955813953,-0.0422208630490974,0.69098522799457,0.999330380285523
"PROBE2511_at","GENE2511",0,45,43,9.53370311111111,9.4184988372093,-0.115204273901808,0.34611012878983,0.999330380285523
"PROBE2512_at","GENE2512",0,45,43,8.68953533333333,8.71388232558139,0.0243469922480628,0.812060021414502,0.999330380285523
"PROBE2513_at","GENE2513",1,45,43,9.93411244444444,9.98266209302326,0.0485496485788133,0.682984927261322,0.999330380285523
"PROBE2514_at","GENE2514",1,45,43,8.35962511111111,8.21064790697674,-0.148977204134368,0.198185646078379,0.999330380285523
"PROBE2515_at","GENE2515",0,45,43,7.22155688888889,7.25094302325581,0.0293861343669235,0.771813908754466,0.999330380285523
"PROBE2516_at","GENE2516",0,45,43,8.84577111111111,8.83599418604651,-0.00977692506459782,0.923671878926146,0.999330380285523
"PROBE2517_at","GENE2517",1,45,43,7.74595777777778,7.7025523255814,-0.043405452196386,0.698340961617467,0.999330380285523
"PROBE2518_at","GENE2518",1,45,43,6.52934644444444,6.5451676744186,0.015821229974156,0.889008848996571,0.999330380285523
"PROBE2519_at","GENE2519",0,45,43,7.98563822222222,7.9607523255814,-0.0248858966408259,0.826899505626793,0.999330380285523
"PROBE2520_at","GENE2520",2,45,43,11.3349177777778,11.3380288372093,0.00311105943152512,0.976423667991487,0.999330380285523
"PROBE2521_at","GENE2521",2,45,43,10.1352357777778,10.13425,-0.00098577777777642,0.99258698092205,0.999330380285523
"PROBE2522_at","GENE2522",0,45,43,8.61870866666667,8.73650232558139,0.117793658914726,0.282774754266276,0.999330380285523
"PROBE2523_at","GENE2523",1,45,43,8.75656555555556,8.86311674418605,0.10655118863049,0.360961210524912,0.999330380285523
"PROBE2524_at","GENE2524",1,45,43,6.97574111111111,6.98425558139535,0.00851447028423813,0.938918145725851,0.999330380285523
"PROBE2525_at","GENE2525",0,45,43,7.97234955555556,7.94967325581395,-0.0226762997415992,0.837300928563398,0.999330380285523
"PROBE2526_at","GENE2526",0,45,43,8.250952,8.10023953488372,-0.150712465116278,0.179918427310058,0.999330380285523
"PROBE2527_at","GENE2527",0,45,43,7.74495666666667,7.62274604651163,-0.122210620155039,0.250983229107299,0.999330380285523
"PROBE2528_at","GENE2528",2,45,43,9.18945911111111,9.15664651162791,-0.032812599483206,0.783223654254926,0.999330380285523
"PROBE2529_at","GENE2529",2,45,43,8.22844,8.1689776744186,-0.0594623255813964,0.620627186900692,0.999330380285523
"PROBE2530_at","GENE2530",2,45,43,8.41078533333333,8.57582325581395,0.16503792248062,0.150447129861973,0.950935725171886
"PROBE2531_at","GENE2531",1,45,43,5.43385711111111,5.37532302325581,-0.0585340878552953,0.589329967364153,0.999330380285523
"PROBE2532_at","GENE2532",1,45,43,9.58143733333333,9.51815418604651,-0.0632831472868229,0.597460013662142,0.999330380285523
"PROBE2533_at","GENE2533",2,45,43,6.87953933333333,6.83864325581395,-0.0408960775193803,0.711150086263521,0.999330380285523
"PROBE2534_at","GENE2534",2,45,43,10.5136726666667,10.4915718604651,-0.0221008062015482,0.841012785872965,0.999330380285523
"PROBE2535_at","GENE2535",0,45,43,10.1617364444444,10.0901439534884,-0.0715924909560748,0.540447439013024,0.999330380285523
"PROBE2536_at","GENE2536",0,45,43,8.20925755555556,8.42306604651163,0.213808490956072,0.0527029726453281,0.56066992175881
"PROBE2537_at","GENE2537",2,45,43,8.33525177777778,8.36332697674419,0.028075198966409,0.806695439851242,0.999330380285523
"PROBE2538_at","GENE2538",1,45,43,7.73194955555556,7.68013651162791,-0.0518130439276501,0.642164788305377,0.999330380285523
"PROBE2539_at","GENE2539",1,45,43,8.35345511111111,8.51713790697674,0.163682795865634,0.153622340231634,0.955931748574201
"PROBE2540_at","GENE2540",1,45,43,8.94712333333333,8.90875976744186,-0.0383635658914763,0.706445613200718,0.999330380285523
"PROBE2541_at","GENE2541",0,45,43,7.89065177777778,7.98149674418605,0.0908449664082749,0.437734533558879,0.999330380285523
"PROBE2542_at","GENE2542",2,45,43,8.27369977777778,8.19163209302326,-0.0820676847545236,0.451046155196715,0.999330380285523
"PROBE2543_at","GENE2543",1,45,43,7.00291822222222,7.04202720930233,0.0391089870801018,0.741459788993074,0.999330380285523
"PROBE2544_at","GENE2544",0,45,43,6.53466311111111,6.52432744186047,-0.010335669250642,0.924978736253154,0.999330380285523
"PROBE2545_at","GENE2545",2,45,43,9.07522977777778,9.19385139534884,0.118621617571058,0.265511708680604,0.999330380285523
"PROBE2546_at","GENE2546",0,45,43,9.677948,9.72790255813953,0.0499545581395289,0.636611281182711,0.999330380285523
"PROBE2547_at","GENE2547",1,45,43,9.69057933333333,9.53650906976744,-0.154070263565888,0.167538561072308,0.989347380354554
"PROBE2548_at","GENE2548",0,45,43,8.60530444444444,8.44487953488372,-0.160424909560724,0.149845692159782,0.950935725171886
"PROBE2549_at","GENE2549",0,45,43,8.54809133333333,8.51268186046512,-0.0354094728682153,0.736390374548924,0.999330380285523
"PROBE2550_at","GENE2550",0,45,43,7.95584955555556,8.02762558139535,0.0717760258397933,0.52370685091056,0.999330380285523
"PROBE2551_at","GENE2551",1,45,43,7.95786577777778,8.04830325581395,0.090437478036181,0.393703578454208,0.999330380285523
"PROBE2552_at","GENE2552",2,45,43,8.04617333333333,8.00453488372093,-0.0416384496124049,0.712704979804031,0.999330380285523
"PROBE2553_at","GENE2553",1,45,43,8.43954955555555,8.36211976744186,-0.0774297881136938,0.469242499590301,0.999330380285523
"PROBE2554_at","GENE2554",1,45,43,8.58922622222222,8.55786720930233,-0.0313590129198928,0.750752533084416,0.999330380285523
"PROBE2555_at","GENE2555",1,45,43,8.28644088888889,8.38863860465116,0.102197715762275,0.306713909667221,0.999330380285523
"PROBE2556_at","GENE2556",0,45,43,8.16617911111111,8.29935441860465,0.133175307493541,0.260650526449567,0.999330380285523
"PROBE2557_at","GENE2557",0,45,43,9.85508777777778,9.86364139534884,0.00855361757105655,0.942349321212767,0.999330380285523
"PROBE2558_at","GENE2558",0,45,43,8.23776044444444,8.26235627906977,0.0245958346253232,0.814736081119228,0.999330380285523
"PROBE2559_at","GENE2559",2,45,43,8.87203644444445,8.79407,-0.0779664444444474,0.487062131355698,0.999330380285523
"PROBE2560_at","GENE2560",1,45,43,7.34269977777778,7.29846581395349,-0.044233963824289,0.714812314528171,0.999330380285523
"PROBE2561_at","GENE2561",0,45,43,7.48328311111111,7.4605311627907,-0.0227519483204093,0.830616580300784,0.999330380285523
"PROBE2562_at","GENE2562",2,45,43,9.16259733333333,9.20879953488372,0.0462022015503845,0.64325164554188,0.999330380285523
"PROBE2563_at","GENE2563",1,45,43,9.67749,9.71169209302326,0.0342020930232554,0.77607900544892,0.999330380285523
"PROBE2564_at","GENE2564",2,45,43,7.52774822222222,7.52428,-0.00346822222222531,0.975831035522193,0.999330380285523
"PROBE2565_at","GENE2565",2,45,43,9.30589111111111,9.31297651162791,0.00708540051679485,0.94998993904673,0.999330380285523
"PROBE2566_at","GENE2566",0,45,43,7.70541111111111,7.5724688372093,-0.132942273901807,0.228483998004241,0.999330380285523
"PROBE2567_at","GENE2567",1,45,43,7.43087422222222,7.42947395348837,-0.00140026873385057,0.99053868952041,0.999330380285523
"PROBE2568_at","GENE2568",2,45,43,9.61618333333333,9.72228162790698,0.106098294573643,0.342184805043512,0.999330380285523
"PROBE2569_at","GENE2569",1,45,43,7.7611,7.67765255813953,-0.083447441860466,0.421214301952364,0.999330380285523
"PROBE2570_at","GENE2570",1,45,43,8.04718577777778,7.95789465116279,-0.089291126614981,0.419427553941229,0.999330380285523
"PROBE2571_at","GENE2571",1,45,43,6.63224933333333,6.62923674418605,-0.00301258914729097,0.977176255326969,0.999330380285523
"PROBE2572_at","GENE2572",1,45,43,8.76512088888889,8.71416186046512,-0.0509590284237706,0.616149731344739,0.999330380285523
"PROBE2573_at","GENE2573",0,45,43,7.76139466666667,7.7643888372093,0.00299417054262818,0.979542169434106,0.999330380285523
"PROBE2574_at","GENE2574",0,45,43,9.85270933333333,9.83474348837209,-0.0179658449612425,0.875860259407536,0.999330380285523
"PROBE2575_at","GENE2575",0,45,43,8.10994666666667,8.10600860465116,-0.00393806201550717,0.969890372362062,0.999330380285523
"PROBE2576_at","GENE2576",0,45,43,7.40830888888889,7.27362023255814,-0.134688656330749,0.222259350180196,0.999330380285523
"PROBE2577_at","GENE2577",0,45,43,6.13891444444444,6.34147511627907,0.202560671834627,0.0712885276397473,0.687118338696359
"PROBE2578_at","GENE2578",1,45,43,7.45475866666667,7.53215279069767,0.0773941240310076,0.504815323219714,0.999330380285523
"PROBE2579_at","GENE2579",1,45,43,9.73093577777778,9.76433627906977,0.0334005012919896,0.779508881189664,0.999330380285523
"PROBE2580_at","GENE2580",1,45,43,6.87434177777778,6.91799186046512,0.0436500826873427,0.700158213532604,0.999330380285523
"PROBE2581_at","GENE2581",2,45,43,9.36442977777778,9.42253581395349,0.0581060361757135,0.634448616740578,0.999330380285523
"PROBE2582_at","GENE2582",1,45,43,4.974048,4.95365395348837,-0.0203940465116261,0.855306204369292,0.999330380285523
"PROBE2583_at","GENE2583",0,45,43,7.45070911111111,7.48916604651163,0.0384569354005171,0.755471878676982,0.999330380285523
"PROBE2584_at","GENE2584",0,45,43,8.70861355555556,8.61093651162791,-0.0976770439276464,0.376240552279748,0.999330380285523
"PROBE2585_at","GENE2585",1,45,43,7.49741244444444,7.53245674418605,0.0350442997416032,0.755944264205171,0.999330380285523
"PROBE2586_at","GENE2586",2,45,43,9.32305777777778,9.25047651162791,-0.0725812661498733,0.462555600197946,0.999330380285523
"PROBE2587_at","GENE2587",0,45,43,9.74574066666667,9.70685720930233,-0.0388834573643386,0.701598554533628,0.999330380285523
"PROBE2588_at","GENE2588",2,45,43,10.0233046666667,9.89128255813953,-0.132022108527131,0.237391126153554,0.999330380285523
"PROBE2589_at","GENE2589",0,45,43,8.70581577777778,8.73775604651163,0.0319402687338535,0.773748926094794,0.999330380285523
"PROBE2590_at","GENE2590",2,45,43,8.58338733333333,8.41249279069767,-0.17089454263566,0.123049697789722,0.890052063578458
"PROBE2591_at","GENE2591",0,45,43,8.449104,8.47720372093023,0.0280997209302285,0.800821754835795,0.999330380285523
"PROBE2592_at","GENE2592",0,45,43,7.46893133333333,7.54667720930233,0.0777458759689909,0.476085880136646,0.999330380285523
"PROBE2593_at","GENE2593",0,45,43,9.43030644444444,9.25366930232558,-0.176637142118865,0.0993902083701856,0.798314926668158
"PROBE2594_at","GENE2594",1,45,43,5.56336111111111,5.76650651162791,0.203145400516798,0.0558585073817144,0.58053851379509
"PROBE2595_at","GENE2595",2,45,43,10.6274993333333,10.5822418604651,-0.0452574728682222,0.683224144864266,0.999330380285523
"PROBE2596_at","GENE2596",1,45,43,9.66412266666667,9.72072139534884,0.0565987286821681,0.582413759508787,0.999330380285523
"PROBE2597_at","GENE2597",0,45,43,8.83287066666667,8.86657837209302,0.0337077054263553,0.781605025770539,0.999330380285523
"PROBE2598_at","GENE2598",2,45,43,7.54887266666667,7.57438069767442,0.0255080310077522,0.832382241331791,0.999330380285523
"PROBE2599_at","GENE2599",2,45,43,7.31666222222222,7.31069697674419,-0.00596524547803501,0.95966074797432,0.999330380285523
"PROBE2600_at","GENE2600",2,45,43,10.2507917777778,10.3610569767442,0.110265198966411,0.30716539267113,0.999330380285523
"PROBE2601_at","GENE2601",2,45,43,9.87113422222222,9.81953558139535,-0.0515986408268745,0.670486545666886,0.999330380285523
"PROBE2602_at","GENE2602",0,45,43,7.84041644444444,7.72217465116279,-0.118241793281653,0.306307245715144,0.999330380285523
"PROBE2603_at","GENE2603",2,45,43,8.94832222222222,9.08527302325581,0.136950801033592,0.254611391350146,0.999330380285523
"PROBE2604_at","GENE2604",1,45,43,7.36146044444444,7.47270697674419,0.111246532299734,0.307029880188648,0.999330380285523
"PROBE2605_at","GENE2605",1,45,43,9.38340666666667,9.46316906976744,0.07976240310078,0.452190586102516,0.999330380285523
"PROBE2606_at","GENE2606",2,45,43,8.41168533333333,8.44745325581395,0.035767922480618,0.777899254417572,0.999330380285523
"PROBE2607_at","GENE2607",2,45,43,9.416038,9.49074465116279,0.0747066511627921,0.493797212161998,0.999330380285523
"PROBE2608_at","GENE2608",1,45,43,6.86556755555556,6.8101923255814,-0.0553752299741603,0.638798484098347,0.999330380285523
"PROBE2609_at","GENE2609",0,45,43,9.56177288888889,9.55969860465116,-0.00207428423772349,0.984833928354273,0.999330380285523
"PROBE2610_at","GENE2610",2,45,43,9.47549422222222,9.57205,0.0965557777777803,0.408009894406224,0.999330380285523
"PROBE2611_at","GENE2611",0,45,43,8.25425133333333,8.32719232558139,0.0729409922480624,0.505287318850545,0.999330380285523
"PROBE2612_at","GENE2612",2,45,43,6.23600711111111,6.31526372093023,0.0792566098191232,0.504655916113619,0.999330380285523
"PROBE2613_at","GENE2613",0,45,43,11.2413406666667,11.3736588372093,0.132318170542636,0.243809247840028,0.999330380285523
"PROBE2614_at","GENE2614",0,45,43,8.79705377777778,8.80991279069768,0.0128590129198933,0.900937386681271,0.999330380285523
"PROBE2615_at","GENE2615",0,45,43,9.53753866666667,9.64480674418605,0.107268077519379,0.315989241994035,0.999330380285523
"PROBE2616_at","GENE2616",2,45,43,7.96894733333333,8.10541604651163,0.136468713178292,0.267236333598333,0.999330380285523
"PROBE2617_at","GENE2617",0,45,43,7.77322555555556,7.75549813953488,-0.0177274160206684,0.875613439343006,0.999330380285523
"PROBE2618_at","GENE2618",0,45,43,7.74129622222222,7.69844255813953,-0.0428536640826875,0.737313650878514,0.999330380285523
"PROBE2619_at","GENE2619",0,45,43,7.85760688888889,7.88555255813954,0.0279456692506503,0.836143654039665,0.999330380285523
"PROBE2620_at","GENE2620",1,45,43,8.19377022222222,8.28598930232558,0.092219080103364,0.436045578158511,0.999330380285523
"PROBE2621_at","GENE2621",2,45,43,9.44298355555556,9.46529162790698,0.0223080723514197,0.834034578946417,0.999330380285523
"PROBE2622_at","GENE2622",1,45,43,8.41828711111111,8.42645023255814,0.00816312144703168,0.940290281794375,0.999330380285523
"PROBE2623_at","GENE2623",2,45,43,10.2812577777778,10.2124195348837,-0.0688382428940564,0.544641438851985,0.999330380285523
"PROBE2624_at","GENE2624",1,45,43,7.42725933333333,7.41509813953488,-0.0121611937984518,0.916253402467084,0.999330380285523
"PROBE2625_at","GENE2625",2,45,43,6.30443755555556,6.41613674418605,0.111699188630492,0.340932186782795,0.999330380285523
"PROBE2626_at","GENE2626",1,45,43,8.95779088888889,8.97244976744186,0.0146588785529769,0.907056059624234,0.999330380285523
"PROBE2627_at","GENE2627",2,45,43,10.8081775555556,10.7301227906977,-0.0780547648578835,0.508062363300025,0.999330380285523
"PROBE2628_at","GENE2628",1,45,43,7.475744,7.50488209302326,0.0291380930232581,0.804508360191146,0.999330380285523
"PROBE2629_at","GENE2629",2,45,43,8.147004,8.28800418604651,0.141000186046515,0.229728500983655,0.999330380285523
"PROBE2630_at","GENE2630",0,45,43,7.16604888888889,7.21823511627907,0.0521862273901812,0.605724395780566,0.999330380285523
"PROBE2631_at","GENE2631",0,45,43,8.12,8.1331376744186,0.0131376744186031,0.905617940814462,0.999330380285523
"PROBE2632_at","GENE2632",1,45,43,6.98301266666667,6.91650093023256,-0.0665117364341086,0.578054235122514,0.999330380285523
"PROBE2633_at","GENE2633",2,45,43,10.94432,10.9454304651163,0.00111046511627677,0.991622743739233,0.999330380285523
"PROBE2634_at","GENE2634",2,45,43,8.63698177777778,8.63252813953488,-0.00445363824289657,0.967766055077983,0.999330380285523
"PROBE2635_at","GENE2635",1,45,43,6.91040622222222,6.94816279069767,0.0377565684754568,0.735035486380737,0.999330380285523
"PROBE2636_at","GENE2636",1,45,43,8.95977022222222,8.96933581395349,0.0095655917312687,0.918964631077666,0.999330380285523
"PROBE2637_at","GENE2637",0,45,43,11.0358522222222,11.1768041860465,0.140951963824287,0.227886581486078,0.999330380285523
"PROBE2638_at","GENE2638",0,45,43,10.0707404444444,9.96398023255814,-0.106760211886302,0.34069736937382,0.999330380285523
"PROBE2639_at","GENE2639",0,45,43,8.74942577777778,8.50584465116279,-0.243581126614986,0.0190885931081617,0.258828381127616
"PROBE2640_at","GENE2640",2,45,43,9.99022466666667,10.04804,0.0578153333333358,0.647067166666621,0.999330380285523
"PROBE2641_at","GENE2641",0,45,43,6.86034155555556,6.92133023255814,0.0609886770025829,0.597741709671177,0.999330380285523
"PROBE2642_at","GENE2642",0,45,43,5.62266933333333,5.43806930232558,-0.184600031007753,0.104025404416083,0.819097672567581
"PROBE2643_at","GENE2643",1,45,43,9.62676155555556,9.69939697674419,0.072635421188636,0.523868894322874,0.999330380285523
"PROBE2644_at","GENE2644",2,45,43,7.52393311111111,7.43902488372093,-0.0849082273901773,0.445644484690343,0.999330380285523
"PROBE2645_at","GENE2645",1,45,43,6.26363844444444,6.24115465116279,-0.0224837932816513,0.839262669723005,0.999330380285523
"PROBE2646_at","GENE2646",1,45,43,8.54341466666667,8.59004302325581,0.0466283565891494,0.680026902780381,0.999330380285523
"PROBE2647_at","GENE2647",0,45,43,8.31883466666667,8.36302209302326,0.0441874263565882,0.681772262354469,0.999330380285523
"PROBE2648_at","GENE2648",0,45,43,9.03576111111111,9.10723744186046,0.0714763307493591,0.523139702204226,0.999330380285523
"PROBE2649_at","GENE2649",2,45,43,7.78692266666667,7.85142674418605,0.0645040775193779,0.529503540923156,0.999330380285523
"PROBE2650_at","GENE2650",1,45,43,7.78914266666667,7.62972372093023,-0.159418945736436,0.153515321632792,0.955931748574201
"PROBE2651_at","GENE2651",2,45,43,8.30414333333333,8.21297279069768,-0.0911705426356626,0.367655973698884,0.999330380285523
"PROBE2652_at","GENE2652",2,45,43,8.92591266666667,8.98965976744186,0.063747100775192,0.53940732296516,0.999330380285523
"PROBE2653_at","GENE2653",2,45,43,10.0500148888889,10.0231353488372,-0.0268795400516808,0.835203240599501,0.999330380285523
"PROBE2654_at","GENE2654",1,45,43,8.09704,8.11809418604651,0.0210541860465128,0.863746055573587,0.999330380285523
"PROBE2655_at","GENE2655",2,45,43,9.572974,9.53451744186047,-0.0384565581395346,0.712223865864122,0.999330380285523
"PROBE2656_at","GENE2656",0,45,43,8.03510644444444,8.02172046511628,-0.0133859793281648,0.904174158881659,0.999330380285523
"PROBE2657_at","GENE2657",0,45,43,9.10401866666667,9.04484069767442,-0.05917796899225,0.591415511442716,0.999330380285523
"PROBE2658_at","GENE2658",2,45,43,8.79132288888889,8.69199604651163,-0.0993268423772591,0.37766645647165,0.999330380285523
"PROBE2659_at","GENE2659",2,45,43,10.5848575555556,10.5126274418605,-0.0722301136950936,0.515755365283824,0.999330380285523
"PROBE2660_at","GENE2660",0,45,43,8.31932555555556,8.30362627906977,-0.0156992764857922,0.892217274286658,0.999330380285523
"PROBE2661_at","GENE2661",2,45,43,10.008782,9.99942372093023,-0.00935827906976883,0.933832677795784,0.999330380285523
"PROBE2662_at","GENE2662",2,45,43,8.71578755555556,8.57632953488372,-0.139458020671832,0.230159720617464,0.999330380285523
"PROBE2663_at","GENE2663",1,45,43,5.589464,5.4634476744186,-0.126016325581393,0.290334821592256,0.999330380285523
"PROBE2664_at","GENE2664",1,45,43,7.51831577777778,7.44677604651163,-0.0715397312661494,0.554393682390596,0.999330380285523
"PROBE2665_at","GENE2665",2,45,43,10.2032015555556,10.3970041860465,0.193802630490961,0.0991791435158054,0.798314926668158
"PROBE2666_at","GENE2666",0,45,43,8.85828422222222,8.82348395348837,-0.03480026873385,0.740536605155798,0.999330380285523
"PROBE2667_at","GENE2667",1,45,43,9.11739244444444,9.02888534883721,-0.0885070956072305,0.437122493855745,0.999330380285523
"PROBE2668_at","GENE2668",1,45,43,9.15671266666667,9.12791930232558,-0.028793364341082,0.801012665922994,0.999330380285523
"PROBE2669_at","GENE2669",0,45,43,7.46016711111111,7.45573837209302,-0.00442873901809016,0.96885015665927,0.999330380285523
"PROBE2670_at","GENE2670",1,45,43,7.70148666666667,7.68934813953488,-0.0121385271317802,0.912717222206649,0.999330380285523
"PROBE2671_at","GENE2671",0,45,43,9.17201066666667,9.13141604651163,-0.0405946201550336,0.730209553536341,0.999330380285523
"PROBE2672_at","GENE2672",0,45,43,8.82791555555556,8.89256627906977,0.0646507235142124,0.554488445909484,0.999330380285523
"PROBE2673_at","GENE2673",0,45,43,9.12667644444444,9.16403418604651,0.0373577416020705,0.75194204728967,0.999330380285523
"PROBE2674_at","GENE2674",0,45,43,6.45610955555556,6.38534139534884,-0.0707681602067174,0.50999168038722,0.999330380285523
"PROBE2675_at","GENE2675",2,45,43,5.76292933333333,5.68866,-0.0742693333333335,0.515956971839081,0.999330380285523
"PROBE2676_at","GENE2676",2,45,43,9.52068311111111,9.48153465116279,-0.0391484599483203,0.750245658621333,0.999330380285523
"PROBE2677_at","GENE2677",0,45,43,9.91722222222222,9.74988093023256,-0.167341291989663,0.1089721047255,0.833438659468449
"PROBE2678_at","GENE2678",1,45,43,7.34902222222222,7.38745046511628,0.0384282428940583,0.733883664598713,0.999330380285523
"PROBE2679_at","GENE2679",1,45,43,6.65017022222222,6.77857,0.128399777777781,0.231165978545298,0.999330380285523
"PROBE2680_at","GENE2680",1,45,43,9.14689288888889,9.13235,-0.0145428888888901,0.900416026346162,0.999330380285523
"PROBE2681_at","GENE2681",0,45,43,6.88303422222222,6.81700813953488,-0.0660260826873369,0.562236057214754,0.999330380285523
"PROBE2682_at","GENE2682",0,45,43,7.555136,7.60797860465116,0.0528426046511639,0.674364919464133,0.999330380285523
"PROBE2683_at","GENE2683",2,45,43,9.40592244444444,9.50567488372093,0.0997524392764806,0.379129025381779,0.999330380285523
"PROBE2684_at","GENE2684",1,45,43,8.26039866666667,8.26115279069768,0.000754124031010051,0.994387008166371,0.999330380285523
"PROBE2685_at","GENE2685",0,45,43,8.03391311111111,8.0374123255814,0.00349921447028834,0.974694186424228,0.999330380285523
"PROBE2686_at","GENE2686",0,45,43,7.88563444444444,7.96732046511628,0.0816860206718379,0.424433441538753,0.999330380285523
"PROBE2687_at","GENE2687",1,45,43,6.64125911111111,6.54940418604651,-0.0918549250646006,0.445465521501012,0.999330380285523
"PROBE2688_at","GENE2688",0,45,43,9.39952977777778,9.32558697674419,-0.0739428010335867,0.419482761573495,0.999330380285523
"PROBE2689_at","GENE2689",1,45,43,7.46474844444444,7.37769674418605,-0.0870517002583995,0.393384464809443,0.999330380285523
"PROBE2690_at","GENE2690",2,45,43,8.92482666666667,8.93752837209302,0.0127017054263536,0.90671354594169,0.999330380285523
"PROBE2691_at","GENE2691",2,45,43,9.85755,9.8699311627907,0.0123811627906942,0.899947635671181,0.999330380285523
"PROBE2692_at","GENE2692",1,45,43,8.58656311111111,8.58010604651163,-0.00645706459948414,0.95402897131021,0.999330380285523
"PROBE2693_at","GENE2693",1,45,43,8.89547777777778,8.93147744186047,0.0359996640826896,0.754181779940338,0.999330380285523
"PROBE2694_at","GENE2694",0,45,43,8.318724,8.31655930232558,-0.00216469767441652,0.984291996082018,0.999330380285523
"PROBE2695_at","GENE2695",2,45,43,9.70386,9.59298837209302,-0.110871627906979,0.313232124673252,0.999330380285523
"PROBE2696_at","GENE2696",0,45,43,7.49776133333333,7.52108976744186,0.0233284341085236,0.824642492542866,0.999330380285523
"PROBE2697_at","GENE2697",0,45,43,8.38115355555555,8.41542790697674,0.0342743514211872,0.771101680147473,0.999330380285523
"PROBE2698_at","GENE2698",2,45,43,6.85744777777778,6.83623953488372,-0.0212082428940601,0.852091388963927,0.999330380285523
"PROBE2699_at","GENE2699",2,45,43,10.1873155555556,10.1239334883721,-0.0633820671834577,0.608428407526357,0.999330380285523
"PROBE2700_at","GENE2700",0,45,43,9.90911755555556,9.77982348837209,-0.12929406718346,0.200415653659833,0.999330380285523
"PROBE2701_at","GENE2701",0,45,43,9.09972488888889,9.18505069767442,0.0853258087855284,0.445220465710021,0.999330380285523
"PROBE2702_at","GENE2702",0,45,43,8.74555111111111,8.7129623255814,-0.0325887855297164,0.763005232111772,0.999330380285523
"PROBE2703_at","GENE2703",0,45,43,8.88220888888889,8.89826186046512,0.0160529715762223,0.877771433160895,0.999330380285523
"PROBE2704_at","GENE2704",2,45,43,10.7642788888889,10.8627472093023,0.0984683204134384,0.381773101669222,0.999330380285523
"PROBE2705_at","GENE2705",2,45,43,10.0205311111111,10.0631355813953,0.0426044702842354,0.708685439666523,0.999330380285523
"PROBE2706_at","GENE2706",1,45,43,8.73333844444444,8.75025441860465,0.0169159741602076,0.889230651578303,0.999330380285523
"PROBE2707_at","GENE2707",2,45,43,11.4507446666667,11.4343351162791,-0.0164095503875963,0.878239608169067,0.999330380285523
"PROBE2708_at","GENE2708",2,45,43,7.45530377777778,7.63482674418605,0.179522966408271,0.137876912907587,0.937938183044813
"PROBE2709_at","GENE2709",1,45,43,7.53149377777778,7.61561744186046,0.0841236640826883,0.444759571813789,0.999330380285523
"PROBE2710_at","GENE2710",1,45,43,8.78321911111111,8.72568930232558,-0.0575298087855298,0.589430245577902,0.999330380285523
"PROBE2711_at","GENE2711",0,45,43,10.9291197777778,10.9036986046512,-0.0254211731266167,0.819574147347405,0.999330380285523
"PROBE2712_at","GENE2712",2,45,43,9.90537088888889,9.85606976744186,-0.04930112144703,0.652963614456344,0.999330380285523
"PROBE2713_at","GENE2713",0,45,43,9.74867888888889,9.79630651162791,0.047627622739018,0.684737540365151,0.999330380285523
"PROBE2714_at","GENE2714",1,45,43,8.73513488888889,8.77359511627907,0.0384602273901855,0.734301756831546,0.999330380285523
"PROBE2715_at","GENE2715",1,45,43,6.65623355555556,6.65829209302326,0.00205853746770135,0.986310744319546,0.999330380285523
"PROBE2716_at","GENE2716",1,45,43,8.37247933333333,8.4190888372093,0.0466095038759669,0.688761287607106,0.999330380285523
"PROBE2717_at","GENE2717",2,45,43,9.05804266666667,8.99447581395349,-0.0635668527131745,0.538688595597315,0.999330380285523
"PROBE2718_at","GENE2718",2,45,43,10.1436786666667,10.0386134883721,-0.10506517829457,0.364666200961541,0.999330380285523
"PROBE2719_at","GENE2719",2,45,43,8.24481333333333,8.1865888372093,-0.0582244961240281,0.592044135877186,0.999330380285523
"PROBE2720_at","GENE2720",0,45,43,7.943274,7.86279441860465,-0.0804795813953429,0.495831309262667,0.999330380285523
"PROBE2721_at","GENE2721",0,45,43,9.37266422222222,9.25890162790698,-0.113762594315247,0.25552304989845,0.999330380285523
"PROBE2722_at","GENE2722",2,45,43,8.76512888888889,8.63911069767442,-0.12601819121447,0.289245286274458,0.999330380285523
"PROBE2723_at","GENE2723",0,45,43,7.96302466666667,7.82266976744186,-0.140354899224807,0.179338734054372,0.999330380285523
"PROBE2724_at","GENE2724",1,45,43,8.85268,8.91082860465116,0.0581486046511657,0.609559852902266,0.999330380285523
"PROBE2725_at","GENE2725",1,45,43,9.67695666666667,9.61184465116279,-0.0651120155038747,0.503447545966919,0.999330380285523
"PROBE2726_at","GENE2726",0,45,43,8.10558711111111,7.9003688372093,-0.205218273901808,0.0566239299058593,0.585260257424903
"PROBE2727_at","GENE2727",1,45,43,7.28964666666667,7.24280744186047,-0.0468392248062006,0.647127386323652,0.999330380285523
"PROBE2728_at","GENE2728",1,45,43,8.06850822222222,8.21158697674419,0.143078754521962,0.156552034400188,0.959126792932384
"PROBE2729_at","GENE2729",1,45,43,8.01496955555556,8.09936534883721,0.0843957932816579,0.403970980807781,0.999330380285523
"PROBE2730_at","GENE2730",2,45,43,7.48589044444444,7.56053906976744,0.0746486253229959,0.447572264663469,0.999330380285523
"PROBE2731_at","GENE2731",1,45,43,6.55420288888889,6.53534534883721,-0.0188575400516786,0.852156901487347,0.999330380285523
"PROBE2732_at","GENE2732",0,45,43,9.05452022222222,8.98686488372093,-0.0676553385012912,0.566888378217608,0.999330380285523
"PROBE2733_at","GENE2733",2,45,43,8.84145088888889,8.65822465116279,-0.183226237726092,0.11532328048262,0.862230134449498
"PROBE2734_at","GENE2734",2,45,43,11.2933322222222,11.2009820930233,-0.0923501291989659,0.402838636290669,0.999330380285523
"PROBE2735_at","GENE2735",2,45,43,8.924718,8.80397860465116,-0.120739395348837,0.314738881582505,0.999330380285523
"PROBE2736_at","GENE2736",2,45,43,6.58317422222222,6.62015186046512,0.0369776382428935,0.745162789708351,0.999330380285523
"PROBE2737_at","GENE2737",2,45,43,9.64092733333333,9.64972813953488,0.00880080620155432,0.939225714396735,0.999330380285523
"PROBE2738_at","GENE2738",0,45,43,9.62594444444444,9.67995232558139,0.0540078811369558,0.648208815971805,0.999330380285523
"PROBE2739_at","GENE2739",2,45,43,8.25565688888889,8.18581372093023,-0.0698431679586573,0.526572977071764,0.999330380285523
"PROBE2740_at","GENE2740",0,45,43,9.29472466666667,9.34947,0.054745333333333,0.626129063341177,0.999330380285523
"PROBE2741_at","GENE2741",2,45,43,8.56881688888889,8.47267720930233,-0.0961396795865621,0.408051749796383,0.999330380285523
"PROBE2742_at","GENE2742",2,45,43,7.21147666666667,7.34700046511628,0.135523798449615,0.232474650940012,0.999330380285523
"PROBE2743_at","GENE2743",1,45,43,6.81973177777778,6.92124139534884,0.101509617571065,0.362073683231967,0.999330380285523
"PROBE2744_at","GENE2744",2,45,43,7.34504577777778,7.36376186046512,0.01871608268734,0.855234602848985,0.999330380285523
"PROBE2745_at","GENE2745",0,45,43,8.58981022222222,8.62398441860465,0.0341741963824305,0.748973106592172,0.999330380285523
"PROBE2746_at","GENE2746",2,45,43,9.24656444444445,9.41888558139535,0.172321136950901,0.0809642407813663,0.722463229248359
"PROBE2747_at","GENE2747",1,45,43,10.2041871111111,10.3026806976744,0.098493586563313,0.381477758829528,0.999330380285523
"PROBE2748_at","GENE2748",0,45,43,9.96826133333333,9.94317720930233,-0.0250841240310073,0.822137561198098,0.999330380285523
"PROBE2749_at","GENE2749",1,45,43,8.80269177777778,8.75757162790698,-0.0451201498707974,0.681434305658944,0.999330380285523
"PROBE2750_at","GENE2750",1,45,43,9.061282,9.0461711627907,-0.0151108372092992,0.898383068679503,0.999330380285523
"PROBE2751_at","GENE2751",1,45,43,7.23474288888889,7.13759209302326,-0.0971507958656348,0.36765534781673,0.999330380285523
"PROBE2752_at","GENE2752",0,45,43,9.45359577777778,9.34976790697674,-0.10382787080103,0.360974306906375,0.999330380285523
"PROBE2753_at","GENE2753",2,45,43,8.24817622222222,8.15722465116279,-0.0909515710594313,0.430827373613777,0.999330380285523
"PROBE2754_at","GENE2754",0,45,43,7.75076488888889,7.67484860465116,-0.0759162842377279,0.513215142891467,0.999330380285523
"PROBE2755_at","GENE2755",0,45,43,7.65509844444444,7.71269255813954,0.0575941136950915,0.584050884130089,0.999330380285523
"PROBE2756_at","GENE2756",2,45,43,8.69471844444444,8.57906186046512,-0.115656583979325,0.306412884734983,0.999330380285523
"PROBE2757_at","GENE2757",2,45,43,8.80056555555556,8.85110627906977,0.0505407235142119,0.663896488140808,0.999330380285523
"PROBE2758_at","GENE2758",0,45,43,7.56706755555556,7.64464511627907,0.0775775607235172,0.522659454085803,0.999330380285523
"PROBE2759_at","GENE2759",1,45,43,9.32992288888889,9.28764372093023,-0.0422791679586592,0.700716193958359,0.999330380285523
"PROBE2760_at","GENE2760",0,45,43,9.92423888888889,10.0119065116279,0.0876676227390139,0.394788018164168,0.999330380285523
"PROBE2761_at","GENE2761",2,45,43,8.64473733333333,8.59955906976744,-0.0451782635658908,0.704503728621082,0.999330380285523
"PROBE2762_at","GENE2762",1,45,43,8.44246266666667,8.38636139534884,-0.0561012713178286,0.644915614831271,0.999330380285523
"PROBE2763_at","GENE2763",0,45,43,8.157276,8.31637348837209,0.159097488372092,0.163847739270671,0.976737640957802
"PROBE2764_at","GENE2764",1,45,43,7.91915177777778,7.82845720930233,-0.0906945684754517,0.426450116362294,0.999330380285523
"PROBE2765_at","GENE2765",1,45,43,8.82353133333333,8.70435744186046,-0.119173891472867,0.246279643429544,0.999330380285523
"PROBE2766_at","GENE2766",1,45,43,7.62533955555556,7.49822581395349,-0.127113741602066,0.30636934819805,0.999330380285523
"PROBE2767_at","GENE2767",2,45,43,7.78549333333333,7.69682558139535,-0.0886677519379848,0.36955374449274,0.999330380285523
"PROBE2768_at","GENE2768",2,45,43,7.76283577777778,7.67539930232558,-0.0874364754521961,0.43203676282784,0.999330380285523
"PROBE2769_at","GENE2769",0,45,43,8.26231777777778,8.33331581395349,0.0709980361757143,0.529787074551193,0.999330380285523
"PROBE2770_at","GENE2770",1,45,43,8.31367577777778,8.25800604651163,-0.0556697312661516,0.600325336567663,0.999330380285523
"PROBE2771_at","GENE2771",2,45,43,10.3493777777778,10.355083255814,0.00570547803617671,0.958557435599939,0.999330380285523
"PROBE2772_at","GENE2772",2,45,43,8.40431288888889,8.59443790697674,0.190125018087851,0.0848130344409333,0.740725191623872
"PROBE2773_at","GENE2773",0,45,43,8.24391088888889,8.24154558139535,-0.00236530749353747,0.981740929317138,0.999330380285523
"PROBE2774_at","GENE2774",2,45,43,9.59487488888889,9.68011976744186,0.085244878552972,0.434683170370494,0.999330380285523
"PROBE2775_at","GENE2775",1,45,43,8.24261777777778,8.31741837209302,0.0748005943152421,0.551560186140759,0.999330380285523
"PROBE2776_at","GENE2776",0,45,43,7.61318866666667,7.65463744186046,0.041448775193798,0.71205263639272,0.999330380285523
"PROBE2777_at","GENE2777",1,45,43,7.21244422222222,7.19589860465116,-0.0165456175710625,0.890827415495565,0.999330380285523
"PROBE2778_at","GENE2778",2,45,43,12.4086726666667,12.3451493023256,-0.0635233643410889,0.525612686591599,0.999330380285523
"PROBE2779_at","GENE2779",2,45,43,8.97603844444444,8.94453209302326,-0.0315063514211893,0.774556831833332,0.999330380285523
"PROBE2780_at","GENE2780",0,45,43,7.17249977777778,7.06726953488372,-0.105230242894052,0.280933252765559,0.999330380285523
"PROBE2781_at","GENE2781",2,45,43,8.52028822222222,8.59190627906977,0.0716180568475462,0.505098605311719,0.999330380285523
"PROBE2782_at","GENE2782",1,45,43,10.5530328888889,10.391228372093,-0.161804516795867,0.105220253387852,0.82191752634415
"PROBE2783_at","GENE2783",1,45,43,7.776434,7.89032279069767,0.113888790697676,0.312252067869441,0.999330380285523
"PROBE2784_at","GENE2784",1,45,43,5.30163177777778,5.23579860465116,-0.0658331731266157,0.544332532774911,0.999330380285523
"PROBE2785_at","GENE2785",1,45,43,6.443032,6.59459837209302,0.151566372093022,0.203489520406363,0.999330380285523
"PROBE2786_at","GENE2786",0,45,43,8.23309844444444,8.23382348837209,0.000725043927648272,0.994395754164537,0.999330380285523
"PROBE2787_at","GENE2787",0,45,43,8.20935577777778,8.2427988372093,0.0334430594315265,0.753479527778958,0.999330380285523
"PROBE2788_at","GENE2788",1,45,43,8.21853533333333,8.37229813953488,0.15376280620155,0.120536116934475,0.883048475710438
"PROBE2789_at","GENE2789",2,45,43,7.91344666666667,8.20962627906977,0.296179612403104,0.00526976743376395,0.0836471021232373
"PROBE2790_at","GENE2790",0,45,43,9.63694333333333,9.47162348837209,-0.165319844961237,0.153129051228462,0.955931748574201
"PROBE2791_at","GENE2791",2,45,43,8.67009444444444,8.67542279069767,0.00532834625323098,0.959596150721667,0.999330380285523
"PROBE2792_at","GENE2792",0,45,43,8.00620866666667,7.93952,-0.0666886666666651,0.557474207930001,0.999330380285523
"PROBE2793_at","GENE2793",2,45,43,9.97929488888889,9.82213162790698,-0.157163260981914,0.157503539325448,0.96038743491127
"PROBE2794_at","GENE2794",1,45,43,7.38882933333333,7.2844,-0.104429333333329,0.284700232745826,0.999330380285523
"PROBE2795_at","GENE2795",0,45,43,8.25875244444445,8.15138139534884,-0.107371049095605,0.329309255802199,0.999330380285523
"PROBE2796_at","GENE2796",1,45,43,7.23264733333333,7.14959372093023,-0.0830536124031012,0.419233444068402,0.999330380285523
"PROBE2797_at","GENE2797",1,45,43,8.09879244444445,8.16019465116279,0.0614022067183466,0.547987825756574,0.999330380285523
"PROBE2798_at","GENE2798",2,45,43,10.170422,10.1047702325581,-0.0656517674418602,0.539472026661496,0.999330380285523
"PROBE2799_at","GENE2799",0,45,43,8.85368933333333,8.86441279069767,0.0107234573643371,0.922488543180863,0.999330380285523
"PROBE2800_at","GENE2800",1,45,43,8.77672822222222,8.90419418604651,0.127465963824285,0.280318600594958,0.999330380285523
"PROBE2801_at","GENE2801",2,45,43,8.30366622222222,8.21349093023256,-0.0901752919896701,0.388447349398895,0.999330380285523
"PROBE2802_at","GENE2802",2,45,43,9.92890444444444,10.0219009302326,0.0929964857881167,0.400327419333809,0.999330380285523
"PROBE2803_at","GENE2803",1,45,43,8.69062133333333,8.73941093023256,0.0487895968992262,0.644990833632645,0.999330380285523
"PROBE2804_at","GENE2804",1,45,43,8.17619288888889,8.16194046511628,-0.0142524237726072,0.892934252428543,0.999330380285523
"PROBE2805_at","GENE2805",0,45,43,9.70050666666667,9.84837069767442,0.147864031007749,0.156837732019768,0.959126792932384
"PROBE2806_at","GENE2806",0,45,43,7.54018311111111,7.55838,0.0181968888888893,0.881443233445082,0.999330380285523
"PROBE2807_at","GENE2807",1,45,43,6.94537866666667,6.94419465116279,-0.00118401550387759,0.992022264592408,0.999330380285523
"PROBE2808_at","GENE2808",1,45,43,9.12594911111111,9.17117186046512,0.0452227493540072,0.657405134278793,0.999330380285523
"PROBE2809_at","GENE2809",1,45,43,8.80212777777778,8.79301069767442,-0.00911708010336199,0.933266929439576,0.999330380285523
"PROBE2810_at","GENE2810",2,45,43,9.64662911111111,9.5956088372093,-0.0510202739018073,0.615821644271804,0.999330380285523
"PROBE2811_at","GENE2811",0,45,43,8.20600066666667,8.15692139534884,-0.0490792713178276,0.643390212324353,0.999330380285523
"PROBE2812_at","GENE2812",0,45,43,9.15908822222222,9.09279581395349,-0.0662924082687315,0.519206587884136,0.999330380285523
"PROBE2813_at","GENE2813",2,45,43,8.57715777777778,8.60041697674419,0.0232591989664019,0.854924465419319,0.999330380285523
"PROBE2814_at","GENE2814",0,45,43,9.39455066666667,9.46870581395349,0.0741551472868274,0.513473975201967,0.999330380285523
"PROBE2815_at","GENE2815",0,45,43,7.34420644444444,7.30476953488372,-0.0394369095607257,0.728253954968633,0.999330380285523
"PROBE2816_at","GENE2816",1,45,43,7.538192,7.58432604651163,0.0461340465116331,0.708273907345812,0.999330380285523
"PROBE2817_at","GENE2817",0,45,43,7.81775733333333,7.64952255813953,-0.168234775193796,0.170167749420983,0.989347380354554
"PROBE2818_at","GENE2818",1,45,43,8.22762088888889,8.24204209302326,0.0144212041343685,0.879968710485772,0.999330380285523
"PROBE2819_at","GENE2819",0,45,43,9.31506133333333,9.32828209302326,0.0132207596899203,0.902158041810168,0.999330380285523
"PROBE2820_at","GENE2820",1,45,43,8.98398466666667,8.96404162790698,-0.0199430387596902,0.87530674100986,0.999330380285523
"PROBE2821_at","GENE2821",0,45,43,8.30107933333333,8.44583953488372,0.14476020155039,0.212741951336903,0.999330380285523
"PROBE2822_at","GENE2822",2,45,43,9.445232,9.54491372093023,0.0996817209302296,0.353374091264098,0.999330380285523
"PROBE2823_at","GENE2823",1,45,43,9.29540288888889,9.37606162790698,0.0806587390180873,0.482681612386258,0.999330380285523
"PROBE2824_at","GENE2824",0,45,43,8.40381066666667,8.3926188372093,-0.0111918294573616,0.926336996417786,0.999330380285523
"PROBE2825_at","GENE2825",0,45,43,10.3627937777778,10.3706374418605,0.00784366408268333,0.950716043215432,0.999330380285523
"PROBE2826_at","GENE2826",1,45,43,6.59394622222222,6.59624395348837,0.00229773126615029,0.983825680068819,0.999330380285523
"PROBE2827_at","GENE2827",2,45,43,7.79966311111111,7.69900674418605,-0.100656366925062,0.303900504596584,0.999330380285523
"PROBE2828_at","GENE2828",2,45,43,7.58326177777778,7.60143953488372,0.0181777571059465,0.874955017766305,0.999330380285523
"PROBE2829_at","GENE2829",0,45,43,9.37605422222222,9.33329139534884,-0.042762826873382,0.746411280061803,0.999330380285523
"PROBE2830_at","GENE2830",2,45,43,8.511638,8.52364418604651,0.0120061860465182,0.911956354273354,0.999330380285523
"PROBE2831_at","GENE2831",0,45,43,10.3030893333333,10.2746025581395,-0.0284867751938016,0.799713482117421,0.999330380285523
"PROBE2832_at","GENE2832",0,45,43,7.68755977777778,7.92251534883721,0.234955571059437,0.0184942300066899,0.251622176961767
"PROBE2833_at","GENE2833",1,45,43,9.462064,9.34459418604651,-0.117469813953484,0.209144032412252,0.999330380285523
"PROBE2834_at","GENE2834",0,45,43,8.226578,8.10934209302326,-0.117235906976738,0.293289733856756,0.999330380285523
"PROBE2835_at","GENE2835",2,45,43,8.96443288888889,8.93486093023256,-0.0295719586563337,0.765172819798162,0.999330380285523
"PROBE2836_at","GENE2836",1,45,43,8.97199111111111,9.08839837209302,0.116407260981916,0.288503862184856,0.999330380285523
"PROBE2837_at","GENE2837",2,45,43,10.0253302222222,10.0021060465116,-0.0232241757105935,0.816667994812907,0.999330380285523
"PROBE2838_at","GENE2838",0,45,43,8.47148822222222,8.35355651162791,-0.117931710594316,0.274946601424198,0.999330380285523
"PROBE2839_at","GENE2839",2,45,43,9.00909266666667,9.01449674418605,0.00540407751937977,0.959945350028166,0.999330380285523
"PROBE2840_at","GENE2840",1,45,43,7.40877711111111,7.36475255813953,-0.0440245529715755,0.692932412275409,0.999330380285523
"PROBE2841_at","GENE2841",1,45,43,7.96020533333333,7.82197511627907,-0.13823021705426,0.223493949834638,0.999330380285523
"PROBE2842_at","GENE2842",0,45,43,8.06806666666667,8.16592162790698,0.0978549612403139,0.409141954881679,0.999330380285523
"PROBE2843_at","GENE2843",0,45,43,9.71723155555556,9.73882953488372,0.0215979793281598,0.86256232955008,0.999330380285523
"PROBE2844_at","GENE2844",1,45,43,7.40769644444444,7.3971376744186,-0.01055877002584,0.926672207466203,0.999330380285523
"PROBE2845_at","GENE2845",0,45,43,7.63427422222222,7.79610930232558,0.161835080103359,0.165133809921636,0.98147881082696
"PROBE2846_at","GENE2846",0,45,43,7.74191155555556,7.73523697674419,-0.00667457881137068,0.948377738768006,0.999330380285523
"PROBE2847_at","GENE2847",0,45,43,7.97152511111111,7.9393588372093,-0.0321662739018072,0.782051601507613,0.999330380285523
"PROBE2848_at","GENE2848",2,45,43,8.65923511111111,8.81399837209302,0.154763260981916,0.159677038539737,0.96920812467215
"PROBE2849_at","GENE2849",0,45,43,7.26083466666667,7.41525558139535,0.154420914728684,0.183035958938401,0.999330380285523
"PROBE2850_at","GENE2850",1,45,43,8.277,8.07409581395349,-0.20290418604651,0.0804722469514237,0.720109592406476
"PROBE2851_at","GENE2851",1,45,43,7.87603533333333,7.81038395348837,-0.0656513798449581,0.586902527869904,0.999330380285523
"PROBE2852_at","GENE2852",0,45,43,7.86760177777778,7.74243093023256,-0.12517084754522,0.240043814965837,0.999330380285523
"PROBE2853_at","GENE2853",2,45,43,8.56002,8.56062,0.000600000000002154,0.99534341537754,0.999330380285523
"PROBE2854_at","GENE2854",0,45,43,9.62196911111111,9.82485372093023,0.202884609819124,0.0547803231132529,0.576620857469869
"PROBE2855_at","GENE2855",0,45,43,8.43733288888889,8.50514767441861,0.0678147855297127,0.493782511533169,0.999330380285523
"PROBE2856_at","GENE2856",2,45,43,9.09458533333333,9.01760953488372,-0.0769757984496096,0.511606070031917,0.999330380285523
"PROBE2857_at","GENE2857",1,45,43,8.857424,8.8254411627907,-0.0319828372093074,0.780208017536601,0.999330380285523
"PROBE2858_at","GENE2858",1,45,43,7.77263288888889,7.83600860465116,0.0633757157622714,0.59673275678944,0.999330380285523
"PROBE2859_at","GENE2859",1,45,43,8.61784711111111,8.56003744186047,-0.0578096692506449,0.640173903360526,0.999330380285523
"PROBE2860_at","GENE2860",1,45,43,8.40455866666667,8.40048627906977,-0.00407238759689754,0.971561099209916,0.999330380285523
"PROBE2861_at","GENE2861",0,45,43,6.67915711111111,6.67443488372093,-0.00472222739018058,0.964548845817267,0.999330380285523
"PROBE2862_at","GENE2862",1,45,43,9.86551733333333,9.86824046511628,0.00272313178295391,0.979104483795641,0.999330380285523
"PROBE2863_at","GENE2863",1,45,43,11.0635126666667,11.0870330232558,0.0235203565891418,0.82825332826811,0.999330380285523
"PROBE2864_at","GENE2864",2,45,43,9.28453,9.20952418604651,-0.0750058139534886,0.463786683362896,0.999330380285523
"PROBE2865_at","GENE2865",0,45,43,9.30306911111111,9.30566139534884,0.00259228423773195,0.978923557331763,0.999330380285523
"PROBE2866_at","GENE2866",0,45,43,6.70696022222222,6.80627790697674,0.0993176847545199,0.380132514852168,0.999330380285523
"PROBE2867_at","GENE2867",1,45,43,7.75800066666667,7.70927488372093,-0.0487257829457342,0.652905049880192,0.999330380285523
"PROBE2868_at","GENE2868",2,45,43,8.32200155555556,8.49983906976744,0.177837514211888,0.125427640766184,0.896779649167807
"PROBE2869_at","GENE2869",2,45,43,8.89215511111111,8.84981046511628,-0.0423446459948309,0.676650497323764,0.999330380285523
"PROBE2870_at","GENE2870",1,45,43,8.71057266666667,8.70401627906977,-0.00655638759690014,0.955102228557267,0.999330380285523
"PROBE2871_at","GENE2871",0,45,43,9.21354777777778,9.30699744186047,0.0934496640826872,0.41184789906952,0.999330380285523
"PROBE2872_at","GENE2872",0,45,43,7.82058422222222,7.80232558139535,-0.0182586408268728,0.880301303918244,0.999330380285523
"PROBE2873_at","GENE2873",1,45,43,6.43970044444444,6.35699209302326,-0.0827083514211866,0.431546192700319,0.999330380285523
"PROBE2874_at","GENE2874",1,45,43,9.57240777777778,9.51444534883721,-0.0579624289405665,0.592810031816718,0.999330380285523
"PROBE2875_at","GENE2875",0,45,43,8.42686555555555,8.38388697674419,-0.0429785788113701,0.67300309389734,0.999330380285523
"PROBE2876_at","GENE2876",1,45,43,6.80965644444444,6.76757604651163,-0.0420803979328159,0.712551566656054,0.999330380285523
"PROBE2877_at","GENE2877",0,45,43,11.4359475555556,11.5568113953488,0.120863839793282,0.300175051970797,0.999330380285523
"PROBE2878_at","GENE2878",1,45,43,5.47832733333333,5.61607953488372,0.137752201550386,0.194714572735978,0.999330380285523
"PROBE2879_at","GENE2879",1,45,43,9.13858155555556,9.05111,-0.0874715555555525,0.395072143993128,0.999330380285523
"PROBE2880_at","GENE2880",2,45,43,10.1007846666667,10.1481344186047,0.0473497519379915,0.683308836115753,0.999330380285523
"PROBE2881_at","GENE2881",2,45,43,9.07039688888889,9.03152604651163,-0.0388708423772606,0.726520301966885,0.999330380285523
"PROBE2882_at","GENE2882",0,45,43,7.77992822222222,7.76413325581395,-0.0157949664082668,0.886382988091773,0.999330380285523
"PROBE2883_at","GENE2883",0,45,43,8.22175666666667,8.25137697674419,0.0296203100775205,0.784386417643623,0.999330380285523
"PROBE2884_at","GENE2884",2,45,43,7.65547488888889,7.68073488372093,0.0252599948320418,0.82678426135693,0.999330380285523
"PROBE2885_at","GENE2885",2,45,43,9.120054,9.12075186046512,0.000697860465118438,0.995365842140024,0.999330380285523
"PROBE2886_at","GENE2886",1,45,43,7.05449866666667,6.96953813953488,-0.0849605271317779,0.419628173527689,0.999330380285523
"PROBE2887_at","GENE2887",2,45,43,9.61346422222222,9.55132860465116,-0.0621356175710588,0.58541120239264,0.999330380285523
"PROBE2888_at","GENE2888",0,45,43,9.11554244444445,9.10825558139535,-0.00728686304909587,0.949730454431427,0.999330380285523
"PROBE2889_at","GENE2889",1,45,43,8.15610466666667,7.97242325581395,-0.183681410852713,0.0897098870714546,0.760257746403595
"PROBE2890_at","GENE2890",0,45,43,8.93806133333333,8.88463627906977,-0.0534250542635633,0.641038249670417,0.999330380285523
"PROBE2891_at","GENE2891",0,45,43,8.91631244444445,8.87259023255814,-0.0437222118863012,0.700946462017898,0.999330380285523
"PROBE2892_at","GENE2892",0,45,43,9.29758222222222,9.34211209302326,0.0445298708010355,0.69810058344581,0.999330380285523
"PROBE2893_at","GENE2893",2,45,43,10.5780544444444,10.5926739534884,0.0146195090439285,0.905702874563039,0.999330380285523
"PROBE2894_at","GENE2894",1,45,43,8.31711177777778,8.18699744186046,-0.130114335917311,0.240242939728169,0.999330380285523
"PROBE2895_at","GENE2895",1,45,43,8.57573622222222,8.60091372093023,0.0251774987080111,0.793560849316413,0.999330380285523
"PROBE2896_at","GENE2896",2,45,43,10.8760217777778,10.8473223255814,-0.0286994521963813,0.781851877808339,0.999330380285523
"PROBE2897_at","GENE2897",2,45,43,8.73674911111111,8.78070744186046,0.043958330749355,0.70775351610448,0.999330380285523
"PROBE2898_at","GENE2898",0,45,43,8.69281622222222,8.58931418604651,-0.103502036175712,0.352189350098481,0.999330380285523
"PROBE2899_at","GENE2899",0,45,43,7.84342711111111,7.83655069767442,-0.00687641343669476,0.943473901699242,0.999330380285523
"PROBE2900_at","GENE2900",0,45,43,7.09335222222222,7.15620860465116,0.0628563824289454,0.568546634054977,0.999330380285523
"PROBE2901_at","GENE2901",2,45,43,8.76459333333333,8.71447511627907,-0.0501182170542638,0.641489375215609,0.999330380285523
"PROBE2902_at","GENE2902",1,45,43,7.82417844444444,7.86393651162791,0.0397580671834614,0.714483291918501,0.999330380285523
"PROBE2903_at","GENE2903",1,45,43,9.03265044444444,9.00368930232558,-0.0289611421188614,0.797348526159774,0.999330380285523
"PROBE2904_at","GENE2904",1,45,43,7.86497111111111,7.95100418604651,0.086033074935397,0.461432547201412,0.999330380285523
"PROBE2905_at","GENE2905",2,45,43,8.61656733333333,8.63874255813954,0.0221752248062028,0.843760057375959,0.999330380285523
"PROBE2906_at","GENE2906",2,45,43,10.5627202222222,10.598416744186,0.0356965219638212,0.745878951689793,0.999330380285523
"PROBE2907_at","GENE2907",2,45,43,8.16064044444444,8.18099023255814,0.0203497881136983,0.847059418191657,0.999330380285523
"PROBE2908_at","GENE2908",1,45,43,7.56260244444444,7.45617651162791,-0.106425932816538,0.354752083966833,0.999330380285523
"PROBE2909_at","GENE2909",2,45,43,6.47862955555556,6.42400348837209,-0.054626067183464,0.642317000168658,0.999330380285523
"PROBE2910_at","GENE2910",1,45,43,9.90798177777778,9.92949906976744,0.0215172919896602,0.846331135057989,0.999330380285523
"PROBE2911_at","GENE2911",0,45,43,6.916192,6.94756279069767,0.0313707906976735,0.770305185729352,0.999330380285523
"PROBE2912_at","GENE2912",0,45,43,7.86510711111111,7.80771604651163,-0.0573910645994813,0.601021920708971,0.999330380285523
"PROBE2913_at","GENE2913",1,45,43,7.98492066666667,7.98588,0.0009593333333342,0.993021085903666,0.999330380285523
"PROBE2914_at","GENE2914",0,45,43,9.64280822222222,9.52591534883721,-0.116892873385011,0.339376340755686,0.999330380285523
"PROBE2915_at","GENE2915",2,45,43,9.11722377777778,9.10165302325581,-0.0155707545219652,0.900704624809025,0.999330380285523
"PROBE2916_at","GENE2916",0,45,43,8.07385933333333,8.05668837209302,-0.0171709612403106,0.876126946223869,0.999330380285523
"PROBE2917_at","GENE2917",0,45,43,10.1297811111111,10.0664748837209,-0.0633062273901785,0.559341286564146,0.999330380285523
"PROBE2918_at","GENE2918",1,45,43,9.46307177777778,9.36961395348837,-0.0934578242894055,0.454835816568905,0.999330380285523
"PROBE2919_at","GENE2919",1,45,43,8.23871666666667,8.16846790697674,-0.0702487596899211,0.557116088734008,0.999330380285523
"PROBE2920_at","GENE2920",1,45,43,7.99529622222222,7.93591837209302,-0.0593778501291986,0.579344864239392,0.999330380285523
"PROBE2921_at","GENE2921",0,45,43,7.59238133333333,7.49123093023256,-0.101150403100778,0.376684563310367,0.999330380285523
"PROBE2922_at","GENE2922",0,45,43,8.503596,8.52813697674419,0.0245409767441824,0.826230767864852,0.999330380285523
"PROBE2923_at","GENE2923",2,45,43,10.0860373333333,9.91117651162791,-0.174860821705428,0.105203912680837,0.82191752634415
"PROBE2924_at","GENE2924",0,45,43,9.45241288888889,9.45596976744186,0.00355687855298115,0.972803634884144,0.999330380285523
"PROBE2925_at","GENE2925",1,45,43,8.60574333333333,8.7692488372093,0.163505503875973,0.139248086423891,0.944054823212821
"PROBE2926_at","GENE2926",1,45,43,7.48155777777778,7.6527988372093,0.171241059431525,0.119507186945905,0.881971859379371
"PROBE2927_at","GENE2927",1,45,43,5.69234155555556,5.82863976744186,0.136298211886306,0.250579748603291,0.999330380285523
"PROBE2928_at","GENE2928",0,45,43,8.657716,8.77779023255814,0.120074232558141,0.286650300272281,0.999330380285523
"PROBE2929_at","GENE2929",0,45,43,7.924312,7.84995279069767,-0.0743592093023286,0.556213678481776,0.999330380285523
"PROBE2930_at","GENE2930",1,45,43,7.80857644444444,7.72608930232558,-0.0824871421188611,0.46687270157531,0.999330380285523
"PROBE2931_at","GENE2931",1,45,43,8.91347266666667,8.89996488372093,-0.0135077829457391,0.903953419399007,0.999330380285523
"PROBE2932_at","GENE2932",0,45,43,8.82947,8.80500348837209,-0.0244665116279048,0.843991386740495,0.999330380285523
"PROBE2933_at","GENE2933",2,45,43,8.64292511111111,8.58950255813953,-0.0534225529715773,0.599641965084672,0.999330380285523
"PROBE2934_at","GENE2934",0,45,43,10.5742962222222,10.427528372093,-0.1467678501292,0.177259385933208,0.999330380285523
"PROBE2935_at","GENE2935",2,45,43,7.666328,7.71867837209302,0.0523503720930263,0.591982587085442,0.999330380285523
"PROBE2936_at","GENE2936",1,45,43,8.44586844444444,8.53576906976744,0.0899006253230006,0.470186873403477,0.999330380285523
"PROBE2937_at","GENE2937",2,45,43,8.61987688888889,8.58174372093023,-0.038133167958657,0.680303408300582,0.999330380285523
"PROBE2938_at","GENE2938",0,45,43,7.92593044444444,7.88861418604651,-0.0373162583979312,0.748304942203873,0.999330380285523
"PROBE2939_at","GENE2939",0,45,43,9.31434688888889,9.42432930232558,0.109982413436693,0.295078791383266,0.999330380285523
"PROBE2940_at","GENE2940",0,45,43,7.64243266666667,7.53409837209302,-0.108334294573642,0.361442387476143,0.999330380285523
"PROBE2941_at","GENE2941",1,45,43,8.74218444444444,8.85502465116279,0.112840206718348,0.343532385184335,0.999330380285523
"PROBE2942_at","GENE2942",1,45,43,8.06093733333333,8.08479534883721,0.0238580155038779,0.832615514394116,0.999330380285523
"PROBE2943_at","GENE2943",1,45,43,8.93184911111111,8.9248711627907,-0.00697794832041687,0.949607763580384,0.999330380285523
"PROBE2944_at","GENE2944",2,45,43,8.59385088888889,8.77572558139535,0.181874692506462,0.0835700143561129,0.734681444888904
"PROBE2945_at","GENE2945",2,45,43,8.23283466666667,8.08075744186046,-0.152077224806204,0.140659521798703,0.945206762896939
"PROBE2946_at","GENE2946",1,45,43,5.98913888888889,6.09088325581395,0.101744366925064,0.38543870991072,0.999330380285523
"PROBE2947_at","GENE2947",0,45,43,8.19923333333333,8.28019720930233,0.0809638759689904,0.450616738258893,0.999330380285523
"PROBE2948_at","GENE2948",1,45,43,8.48079333333333,8.57829023255814,0.097496899224808,0.364333441401849,0.999330380285523
"PROBE2949_at","GENE2949",1,45,43,8.15528711111111,8.15642534883721,0.00113823772609578,0.991405973478294,0.999330380285523
"PROBE2950_at","GENE2950",2,45,43,8.56332,8.58247279069767,0.0191527906976745,0.872774314117909,0.999330380285523
"PROBE2951_at","GENE2951",0,45,43,7.38405066666667,7.44564023255814,0.0615895658914729,0.585379726392421,0.999330380285523
"PROBE2952_at","GENE2952",0,45,43,7.51237133333333,7.57481953488372,0.0624482015503842,0.556041574037124,0.999330380285523
"PROBE2953_at","GENE2953",0,45,43,8.99283622222222,9.08108674418605,0.0882505219638272,0.4658599378078,0.999330380285523
"PROBE2954_at","GENE2954",0,45,43,8.02312244444444,8.00687023255814,-0.016252211886302,0.885982029171893,0.999330380285523
"PROBE2955_at","GENE2955",0,45,43,8.66707111111111,8.6302688372093,-0.0368022739018095,0.752891358965346,0.999330380285523
"PROBE2956_at","GENE2956",0,45,43,6.63083,6.8384811627907,0.207651162790699,0.0767017660346071,0.698877139267491
"PROBE2957_at","GENE2957",2,45,43,7.34500711111111,7.37498697674419,0.0299798656330754,0.795939139207007,0.999330380285523
"PROBE2958_at","GENE2958",1,45,43,9.07010088888889,9.08102674418605,0.0109258552971578,0.920806480222207,0.999330380285523
"PROBE2959_at","GENE2959",2,45,43,10.4628753333333,10.331928372093,-0.130946961240314,0.218023496420276,0.999330380285523
"PROBE2960_at","GENE2960",1,45,43,8.15962355555556,8.20304674418605,0.0434231886304897,0.696659257209658,0.999330380285523
"PROBE2961_at","GENE2961",2,45,43,7.93846022222222,7.94692837209302,0.00846814987079547,0.936729013561315,0.999330380285523
"PROBE2962_at","GENE2962",0,45,43,8.68594466666667,8.57066348837209,-0.115281178294572,0.268921574982914,0.999330380285523
"PROBE2963_at","GENE2963",1,45,43,9.30417622222222,9.25832348837209,-0.0458527338501273,0.655264958134567,0.999330380285523
"PROBE2964_at","GENE2964",2,45,43,8.32481088888889,8.45266232558139,0.127851436692513,0.195853647530276,0.999330380285523
"PROBE2965_at","GENE2965",2,45,43,9.96658355555556,10.0158646511628,0.0492810956072329,0.685098490668848,0.999330380285523
"PROBE2966_at","GENE2966",0,45,43,9.38165488888889,9.39478813953488,0.0131332506459945,0.910686041591287,0.999330380285523
"PROBE2967_at","GENE2967",1,45,43,6.99535644444444,7.06057720930233,0.0652207648578838,0.584213216860216,0.999330380285523
"PROBE2968_at","GENE2968",1,45,43,8.75806,8.68661046511628,-0.0714495348837154,0.474988673124855,0.999330380285523
"PROBE2969_at","GENE2969",1,45,43,7.61701755555556,7.80400325581395,0.186985700258397,0.0750169477644177,0.692986898379596
"PROBE2970_at","GENE2970",2,45,43,8.49429222222222,8.69255348837209,0.198261266149871,0.094538905064942,0.779702309813954
"PROBE2971_at","GENE2971",2,45,43,9.73801022222222,9.68548162790698,-0.0525285943152447,0.629507565722647,0.999330380285523
"PROBE2972_at","GENE2972",0,45,43,7.581436,7.73039697674419,0.148960976744186,0.18911861992,0.999330380285523
"PROBE2973_at","GENE2973",0,45,43,7.92117244444444,8.00727953488372,0.086107090439274,0.415967003719205,0.999330380285523
"PROBE2974_at","GENE2974",2,45,43,9.31162,9.32285,0.0112299999999994,0.919232237807798,0.999330380285523
"PROBE2975_at","GENE2975",1,45,43,8.11584822222222,8.05076046511628,-0.0650877571059425,0.59200802169275,0.999330380285523
"PROBE2976_at","GENE2976",2,45,43,10.6313624444444,10.6572825581395,0.0259201136950917,0.817454615058005,0.999330380285523
"PROBE2977_at","GENE2977",1,45,43,7.97503111111111,7.96556744186046,-0.00946366925064801,0.920535510881636,0.999330380285523
"PROBE2978_at","GENE2978",1,45,43,6.41655266666667,6.43964534883721,0.0230926821705451,0.847635959624245,0.999330380285523
"PROBE2979_at","GENE2979",1,45,43,7.67878911111111,7.47361651162791,-0.205172599483207,0.053193127875213,0.561405043537868
"PROBE2980_at","GENE2980",2,45,43,8.50690622222222,8.56291465116279,0.0560084289405651,0.611815746688855,0.999330380285523
"PROBE2981_at","GENE2981",2,45,43,9.01833533333333,8.9544388372093,-0.0638964961240305,0.549627770498752,0.999330380285523
"PROBE2982_at","GENE2982",2,45,43,9.83764333333333,9.92069325581395,0.0830499224806207,0.425235999508154,0.999330380285523
"PROBE2983_at","GENE2983",1,45,43,8.24191866666667,8.31657558139535,0.0746569147286831,0.49676044999097,0.999330380285523
"PROBE2984_at","GENE2984",1,45,43,8.24689533333333,8.30237906976744,0.055483736434109,0.598417765476561,0.999330380285523
"PROBE2985_at","GENE2985",2,45,43,8.51091,8.57568534883721,0.0647753488372107,0.583215276800046,0.999330380285523
"PROBE2986_at","GENE2986",2,45,43,10.4572333333333,10.4216969767442,-0.0355363565891498,0.722380860108757,0.999330380285523
"PROBE2987_at","GENE2987",1,45,43,7.52970422222222,7.52029651162791,-0.00940771059431356,0.934105059208344,0.999330380285523
"PROBE2988_at","GENE2988",1,45,43,7.29465066666667,7.27015627906977,-0.0244943875969028,0.821204286413341,0.999330380285523
"PROBE2989_at","GENE2989",2,45,43,9.96384066666667,10.0036541860465,0.039813519379841,0.69964006110066,0.999330380285523
"PROBE2990_at","GENE2990",1,45,43,7.86591844444444,7.6640923255814,-0.201826118863047,0.0512358366752726,0.54797686283714
"PROBE2991_at","GENE2991",0,45,43,9.63296,9.49852209302326,-0.134437906976746,0.19010059854957,0.999330380285523
"PROBE2992_at","GENE2992",1,45,43,8.59150444444444,8.54011348837209,-0.051390956072348,0.615203534751757,0.999330380285523
"PROBE2993_at","GENE2993",2,45,43,8.638608,8.54960488372093,-0.0890031162790681,0.409678015863321,0.999330380285523
"PROBE2994_at","GENE2994",0,45,43,7.97081311111111,7.9028788372093,-0.0679342739018063,0.526236119117706,0.999330380285523
"PROBE2995_at","GENE2995",2,45,43,9.62147266666667,9.75580023255814,0.134327565891471,0.248630441037949,0.999330380285523
"PROBE2996_at","GENE2996",1,45,43,8.36881511111111,8.28636279069767,-0.082452320413438,0.503353652564531,0.999330380285523
"PROBE2997_at","GENE2997",2,45,43,8.83816288888889,8.96137093023256,0.123208041343668,0.277509828216758,0.999330380285523
"PROBE2998_at","GENE2998",1,45,43,9.21617777777778,9.20180651162791,-0.0143712661498689,0.897818717755106,0.999330380285523
"PROBE2999_at","GENE2999",2,45,43,10.0011148888889,10.0523041860465,0.0511892971576238,0.671358646988012,0.999330380285523
"PROBE3000_at","GENE3000",2,45,43,9.37329022222222,9.41346441860465,0.0401741963824325,0.718888881839772,0.999330380285523
"PROBE3001_at","GENE3001",1,45,43,5.53734644444444,5.57863348837209,0.0412870439276478,0.700313457827084,0.999330380285523
"PROBE3002_at","GENE3002",2,45,43,8.01838044444444,8.01904488372093,0.000664439276489404,0.995135190398797,0.999330380285523
"PROBE3003_at","GENE3003",2,45,43,8.91348422222222,8.97871395348837,0.0652297312661503,0.522641970289899,0.999330380285523
"PROBE3004_at","GENE3004",2,45,43,11.7693028888889,11.7499027906977,-0.019400098191209,0.873737814279988,0.999330380285523
"PROBE3005_at","GENE3005",1,45,43,7.40397755555556,7.4035888372093,-0.000388718346253647,0.996791596705207,0.999330380285523
"PROBE3006_at","GENE3006",0,45,43,10.0339813333333,10.1418958139535,0.107914480620154,0.332585892574831,0.999330380285523
"PROBE3007_at","GENE3007",0,45,43,7.48882044444444,7.39761023255814,-0.0912102118863025,0.416695998545667,0.999330380285523
"PROBE3008_at","GENE3008",2,45,43,9.38169466666667,9.35938511627907,-0.0223095503875967,0.843094233761332,0.999330380285523
"PROBE3009_at","GENE3009",0,45,43,7.97601911111111,7.90880953488372,-0.0672095762273912,0.557224510648473,0.999330380285523
"PROBE3010_at","GENE3010",0,45,43,8.68272444444444,8.62647069767442,-0.056253746770027,0.62613095518362,0.999330380285523
"PROBE3011_at","GENE3011",0,45,43,8.52137288888889,8.56492302325581,0.0435501343669262,0.694443776946548,0.999330380285523
"PROBE3012_at","GENE3012",0,45,43,9.577986,9.54495441860465,-0.033031581395349,0.752590060440904,0.999330380285523
"PROBE3013_at","GENE3013",1,45,43,8.20997222222222,8.17854,-0.0314322222222199,0.784645057034564,0.999330380285523
"PROBE3014_at","GENE3014",0,45,43,9.19899533333333,9.06514674418605,-0.133848589147284,0.267512627372342,0.999330380285523
"PROBE3015_at","GENE3015",0,45,43,8.19259466666667,8.30208488372093,0.109490217054264,0.257476602739389,0.999330380285523
"PROBE3016_at","GENE3016",1,45,43,8.10710022222222,8.12920813953488,0.0221079173126633,0.831540445530313,0.999330380285523
"PROBE3017_at","GENE3017",2,45,43,6.46018244444444,6.43468418604651,-0.0254982583979331,0.824025050433808,0.999330380285523
"PROBE3018_at","GENE3018",2,45,43,9.347734,9.30673279069767,-0.0410012093023262,0.719852707756842,0.999330380285523
"PROBE3019_at","GENE3019",1,45,43,8.04912777777778,8.15147465116279,0.102346873385011,0.382842578976506,0.999330380285523
"PROBE3020_at","GENE3020",2,45,43,10.0114155555556,10.1293923255814,0.117976770025841,0.312885018030438,0.999330380285523
"PROBE3021_at","GENE3021",2,45,43,7.85175422222222,7.86264186046512,0.010887638242898,0.925995540933759,0.999330380285523
"PROBE3022_at","GENE3022",0,45,43,7.71086044444444,7.63587604651163,-0.074984397932818,0.492330472139359,0.999330380285523
"PROBE3023_at","GENE3023",1,45,43,8.58214555555556,8.50692790697674,-0.0752176485788105,0.487164639469377,0.999330380285523
"PROBE3024_at","GENE3024",2,45,43,6.83356222222222,6.93652953488372,0.102967312661501,0.343293760526908,0.999330380285523
"PROBE3025_at","GENE3025",0,45,43,7.94364044444444,7.86034790697674,-0.0832925374677043,0.453035678710575,0.999330380285523
"PROBE3026_at","GENE3026",0,45,43,5.45613644444444,5.42647325581395,-0.0296631886304919,0.816463285459617,0.999330380285523
"PROBE3027_at","GENE3027",2,45,43,10.0263295555556,10.0692453488372,0.0429157932816562,0.698405869171168,0.999330380285523
"PROBE3028_at","GENE3028",2,45,43,9.79328622222222,9.80351534883721,0.0102291266149841,0.93381756382694,0.999330380285523
"PROBE3029_at","GENE3029",1,45,43,8.01241733333333,8.08104930232558,0.0686319689922446,0.54738010026971,0.999330380285523
"PROBE3030_at","GENE3030",2,45,43,11.2844957777778,11.2953458139535,0.0108500361757145,0.918128991197995,0.999330380285523
"PROBE3031_at","GENE3031",1,45,43,9.93038022222222,9.97849627906977,0.0481160568475456,0.685386101741359,0.999330380285523
"PROBE3032_at","GENE3032",2,45,43,9.07229244444444,8.97659953488372,-0.0956929095607215,0.357642873116817,0.999330380285523
"PROBE3033_at","GENE3033",0,45,43,7.71972777777778,7.57610837209302,-0.143619405684754,0.204824531198742,0.999330380285523
"PROBE3034_at","GENE3034",0,45,43,9.56719022222222,9.55419255813954,-0.0129976640826897,0.912686601027421,0.999330380285523
"PROBE3035_at","GENE3035",0,45,43,7.31439533333333,7.31031162790698,-0.00408370542635694,0.969946963091128,0.999330380285523
"PROBE3036_at","GENE3036",2,45,43,9.88930422222222,9.91052093023256,0.0212167080103374,0.845533579563113,0.999330380285523
"PROBE3037_at","GENE3037",1,45,43,9.98163733333333,9.8232176744186,-0.158419658914729,0.14952368621639,0.950935725171886
"PROBE3038_at","GENE3038",2,45,43,7.66313333333333,7.58456674418605,-0.078566589147286,0.430425867525266,0.999330380285523
"PROBE3039_at","GENE3039",0,45,43,9.86284466666667,9.8779776744186,0.0151330077519383,0.895753824194239,0.999330380285523
"PROBE3040_at","GENE3040",1,45,43,8.07942711111111,8.00428860465116,-0.0751385064599486,0.510808335856007,0.999330380285523
"PROBE3041_at","GENE3041",1,45,43,8.21889222222222,8.20886976744186,-0.0100224547803602,0.924361556668295,0.999330380285523
"PROBE3042_at","GENE3042",1,45,43,7.28642266666667,7.35947441860465,0.0730517519379816,0.501978054692139,0.999330380285523
"PROBE3043_at","GENE3043",2,45,43,11.2156017777778,11.35182,0.136218222222222,0.265932459077593,0.999330380285523
"PROBE3044_at","GENE3044",1,45,43,9.046426,9.10330162790698,0.0568756279069813,0.628184988090107,0.999330380285523
"PROBE3045_at","GENE3045",0,45,43,7.92296422222222,7.95213093023256,0.0291667080103393,0.771964569220069,0.999330380285523
"PROBE3046_at","GENE3046",0,45,43,8.61603955555556,8.52120511627907,-0.0948344392764824,0.314000172129267,0.999330380285523
"PROBE3047_at","GENE3047",1,45,43,7.42211022222222,7.32395,-0.0981602222222238,0.377683687113658,0.999330380285523
"PROBE3048_at","GENE3048",2,45,43,8.95743466666667,9.05960720930233,0.10217254263566,0.307289463938063,0.999330380285523
"PROBE3049_at","GENE3049",2,45,43,10.3123604444444,10.2505846511628,-0.0617757932816545,0.517239006946631,0.999330380285523
"PROBE3050_at","GENE3050",0,45,43,8.33814377777778,8.26787302325581,-0.0702707545219639,0.506759068717867,0.999330380285523
"PROBE3051_at","GENE3051",1,45,43,8.371518,8.3997888372093,0.0282708372093037,0.775001651085876,0.999330380285523
"PROBE3052_at","GENE3052",0,45,43,8.561928,8.54552232558139,-0.0164056744186016,0.885358484244518,0.999330380285523
"PROBE3053_at","GENE3053",1,45,43,7.90047177777778,7.76597069767442,-0.134501080103356,0.200028376912499,0.999330380285523
"PROBE3054_at","GENE3054",1,45,43,8.41937244444444,8.50387325581395,0.0845008113695087,0.437165773615149,0.999330380285523
"PROBE3055_at","GENE3055",0,45,43,8.614676,8.65828558139535,0.0436095813953443,0.702943162650632,0.999330380285523
"PROBE3056_at","GENE3056",2,45,43,10.4312306666667,10.2797376744186,-0.151492992248066,0.137276564185233,0.937938183044813
"PROBE3057_at","GENE3057",1,45,43,7.50367377777778,7.50039255813954,-0.0032812196382439,0.976160447438756,0.999330380285523
"PROBE3058_at","GENE3058",0,45,43,9.13502555555556,9.12009813953488,-0.0149274160206723,0.892781109879535,0.999330380285523
"PROBE3059_at","GENE3059",0,45,43,9.00753755555556,9.06450023255814,0.0569626770025859,0.628427657481645,0.999330380285523
"PROBE3060_at","GENE3060",1,45,43,8.29382177777778,8.33725511627907,0.0434333385012948,0.715043856589118,0.999330380285523
"PROBE3061_at","GENE3061",1,45,43,9.18775311111111,9.06726813953488,-0.12048497157623,0.276445159129153,0.999330380285523
"PROBE3062_at","GENE3062",2,45,43,9.57463733333333,9.54925162790698,-0.0253857054263591,0.824413906430943,0.999330380285523
"PROBE3063_at","GENE3063",2,45,43,9.49712733333333,9.62483837209302,0.127711038759681,0.298529818158871,0.999330380285523
"PROBE3064_at","GENE3064",2,45,43,8.83691755555556,8.58556953488372,-0.251348020671832,0.0302296915631645,0.376693975864978
"PROBE3065_at","GENE3065",0,45,43,7.56999777777778,7.62353465116279,0.0535368733850135,0.668104024005164,0.999330380285523
"PROBE3066_at","GENE3066",1,45,43,7.28364911111111,7.25212372093023,-0.031525390180879,0.769347255274949,0.999330380285523
"PROBE3067_at","GENE3067",0,45,43,9.85070511111111,9.77889488372093,-0.0718102273901859,0.461480206941266,0.999330380285523
"PROBE3068_at","GENE3068",2,45,43,9.77614044444444,9.68005232558139,-0.0960881188630509,0.391506840699636,0.999330380285523
"PROBE3069_at","GENE3069",2,45,43,9.572604,9.58207837209302,0.0094743720930186,0.93027998038859,0.999330380285523
"PROBE3070_at","GENE3070",1,45,43,4.95950844444444,4.96334348837209,0.00383504392764689,0.971696646464304,0.999330380285523
"PROBE3071_at","GENE3071",2,45,43,9.78092555555556,9.65474976744186,-0.126175788113693,0.29435442295694,0.999330380285523
"PROBE3072_at","GENE3072",2,45,43,9.39141466666667,9.49544674418605,0.104032077519379,0.338156065897296,0.999330380285523
"PROBE3073_at","GENE3073",1,45,43,6.69332977777778,6.64641581395349,-0.046913963824287,0.67807815927376,0.999330380285523
"PROBE3074_at","GENE3074",0,45,43,8.62483555555556,8.58562813953488,-0.0392074160206697,0.745130931655103,0.999330380285523
"PROBE3075_at","GENE3075",1,45,43,8.26146444444444,8.20745604651163,-0.054008397932817,0.620656344688813,0.999330380285523
"PROBE3076_at","GENE3076",0,45,43,8.59749844444444,8.61271186046512,0.0152134160206696,0.8912952129234,0.999330380285523
"PROBE3077_at","GENE3077",1,45,43,8.22710066666667,7.96729023255814,-0.259810434108529,0.0135013814688707,0.195672195201025
"PROBE3078_at","GENE3078",2,45,43,9.13406355555555,8.99650209302326,-0.137561462532297,0.262133105658912,0.999330380285523
"PROBE3079_at","GENE3079",1,45,43,9.35426933333333,9.34338441860465,-0.0108849147286794,0.917239267923548,0.999330380285523
"PROBE3080_at","GENE3080",2,45,43,8.33907577777778,8.52531790697674,0.186242129198966,0.0886752110072137,0.755986861945461
"PROBE3081_at","GENE3081",1,45,43,7.94937733333333,7.97227837209302,0.0229010387596906,0.840239393936559,0.999330380285523
"PROBE3082_at","GENE3082",1,45,43,6.99764111111111,6.92157581395349,-0.076065297157621,0.496839036043654,0.999330380285523
"PROBE3083_at","GENE3083",2,45,43,8.33853911111111,8.2363288372093,-0.102210273901804,0.350638929357283,0.999330380285523
"PROBE3084_at","GENE3084",2,45,43,8.92894888888889,8.88579581395349,-0.0431530749354003,0.712621149235376,0.999330380285523
"PROBE3085_at","GENE3085",2,45,43,8.49011488888889,8.60772395348837,0.117609064599478,0.303533113106511,0.999330380285523
"PROBE3086_at","GENE3086",0,45,43,7.75867333333333,7.83988837209302,0.0812150387596917,0.460553184553387,0.999330380285523
"PROBE3087_at","GENE3087",0,45,43,9.27098,9.27765860465116,0.00667860465116021,0.94769078444273,0.999330380285523
"PROBE3088_at","GENE3088",0,45,43,8.43303644444445,8.66102046511628,0.227984020671835,0.0320463875511905,0.393207209217061
"PROBE3089_at","GENE3089",2,45,43,7.96863466666667,7.80035511627907,-0.1682795503876,0.106759670349215,0.82191752634415
"PROBE3090_at","GENE3090",1,45,43,6.13128666666667,6.12155697674419,-0.00972968992247836,0.930619109504695,0.999330380285523
"PROBE3091_at","GENE3091",1,45,43,7.75790733333333,7.69434325581395,-0.0635640775193806,0.5927912548882,0.999330380285523
"PROBE3092_at","GENE3092",1,45,43,9.068984,9.05727558139535,-0.0117084186046466,0.914943013861336,0.999330380285523
"PROBE3093_at","GENE3093",2,45,43,10.3196068888889,10.5773904651163,0.257783576227387,0.0479942003109544,0.523097551073072
"PROBE3094_at","GENE3094",2,45,43,6.26603088888889,6.34243441860465,0.0764035297157646,0.52600399091837,0.999330380285523
"PROBE3095_at","GENE3095",0,45,43,8.724712,8.67775069767442,-0.0469613023255739,0.681377906355111,0.999330380285523
"PROBE3096_at","GENE3096",1,45,43,6.712416,6.68922790697674,-0.0231880930232506,0.852276340163745,0.999330380285523
"PROBE3097_at","GENE3097",0,45,43,8.54618533333333,8.58421604651163,0.0380307131782942,0.718933851866418,0.999330380285523
"PROBE3098_at","GENE3098",0,45,43,9.15279266666667,9.06949279069767,-0.0832998759689865,0.471766633056821,0.999330380285523
"PROBE3099_at","GENE3099",1,45,43,9.209342,9.15952186046512,-0.0498201395348818,0.651780125819057,0.999330380285523
"PROBE3100_at","GENE3100",2,45,43,8.07021333333333,8.13488720930233,0.0646738759689942,0.575708900700068,0.999330380285523
"PROBE3101_at","GENE3101",2,45,43,8.13997933333333,8.21538860465116,0.0754092713178327,0.538679387475787,0.999330380285523
"PROBE3102_at","GENE3102",0,45,43,8.52529755555556,8.38772906976744,-0.137568485788112,0.264368763759921,0.999330380285523
"PROBE3103_at","GENE3103",2,45,43,8.05776444444444,7.9905911627907,-0.0671732816537443,0.521715789243686,0.999330380285523
"PROBE3104_at","GENE3104",2,45,43,9.30715244444444,9.25428302325581,-0.0528694211886283,0.628317213492813,0.999330380285523
"PROBE3105_at","GENE3105",1,45,43,6.70570466666667,6.57423581395349,-0.131468852713178,0.230441935523476,0.999330380285523
"PROBE3106_at","GENE3106",0,45,43,9.34336466666667,9.23151651162791,-0.111848155038761,0.266332212118988,0.999330380285523
"PROBE3107_at","GENE3107",0,45,43,8.91971088888889,9.02915976744186,0.109448878552975,0.363726513682573,0.999330380285523
"PROBE3108_at","GENE3108",1,45,43,8.47605222222222,8.54158046511628,0.0655282428940609,0.591874130056013,0.999330380285523
"PROBE3109_at","GENE3109",0,45,43,7.19523933333333,7.29978511627907,0.104545782945734,0.327060403893851,0.999330380285523
"PROBE3110_at","GENE3110",2,45,43,8.06931755555556,8.24881511627907,0.179497560723513,0.121133903518727,0.883613642478398
"PROBE3111_at","GENE3111",2,45,43,9.32184511111111,9.39534395348837,0.0734988423772602,0.518916724867834,0.999330380285523
"PROBE3112_at","GENE3112",2,45,43,9.95394622222222,9.9985623255814,0.0446161033591732,0.71354515421963,0.999330380285523
"PROBE3113_at","GENE3113",0,45,43,8.74396488888889,8.65389767441861,-0.0900672144702828,0.420807870729129,0.999330380285523
"PROBE3114_at","GENE3114",1,45,43,8.58710244444444,8.56124930232558,-0.0258531421188621,0.817299164961093,0.999330380285523
"PROBE3115_at","GENE3115",1,45,43,6.41950333333333,6.47570790697674,0.0562045736434094,0.644182931957196,0.999330380285523
"PROBE3116_at","GENE3116",1,45,43,7.891772,7.85809093023256,-0.0336810697674403,0.723708325219232,0.999330380285523
"PROBE3117_at","GENE3117",2,45,43,9.46524733333333,9.54204162790698,0.0767942945736397,0.484583685078092,0.999330380285523
"PROBE3118_at","GENE3118",1,45,43,8.43400844444444,8.34123093023256,-0.0927775142118872,0.44513587359786,0.999330380285523
"PROBE3119_at","GENE3119",0,45,43,9.50474733333333,9.61552209302326,0.110774759689923,0.281686938559162,0.999330380285523
"PROBE3120_at","GENE3120",1,45,43,9.952218,10.0548144186047,0.102596418604648,0.310054430939853,0.999330380285523
"PROBE3121_at","GENE3121",1,45,43,6.34068066666667,6.27680418604651,-0.0638764806201557,0.582525364784973,0.999330380285523
"PROBE3122_at","GENE3122",0,45,43,8.52802488888889,8.53531372093023,0.00728883204134334,0.948920295675167,0.999330380285523
"PROBE3123_at","GENE3123",0,45,43,7.29620088888889,7.28012395348837,-0.0160769354005144,0.894795945976247,0.999330380285523
"PROBE3124_at","GENE3124",2,45,43,11.0602353333333,11.1153209302326,0.0550855968992305,0.571943881881462,0.999330380285523
"PROBE3125_at","GENE3125",1,45,43,9.35978311111111,9.37412813953488,0.0143450284237741,0.903266740913399,0.999330380285523
"PROBE3126_at","GENE3126",2,45,43,8.22721155555556,8.09080232558139,-0.136409229974157,0.17204644729942,0.995409041977317
"PROBE3127_at","GENE3127",2,45,43,10.8553342222222,10.7734776744186,-0.0818565478036142,0.460876391213993,0.999330380285523
"PROBE3128_at","GENE3128",1,45,43,8.56909511111111,8.36762767441861,-0.201467436692505,0.088610916607407,0.755986861945461
"PROBE3129_at","GENE3129",1,45,43,8.07392822222222,8.11968372093023,0.045755498708008,0.672578536879886,0.999330380285523
"PROBE3130_at","GENE3130",1,45,43,9.67222555555556,9.7631476744186,0.0909221188630518,0.411784057257837,0.999330380285523
"PROBE3131_at","GENE3131",0,45,43,9.29873533333333,9.09411325581395,-0.204622077519385,0.0920793907804786,0.768681969018146
"PROBE3132_at","GENE3132",1,45,43,9.15343888888889,9.20202046511628,0.0485815762273969,0.675953091604754,0.999330380285523
"PROBE3133_at","GENE3133",0,45,43,9.73315822222222,9.87983581395349,0.146677591731263,0.219012595335715,0.999330380285523
"PROBE3134_at","GENE3134",1,45,43,8.63532222222222,8.69944813953488,0.064125917312662,0.604254903589903,0.999330380285523
"PROBE3135_at","GENE3135",0,45,43,8.48562244444445,8.45599813953488,-0.0296243049095644,0.782918066342554,0.999330380285523
"PROBE3136_at","GENE3136",1,45,43,5.90456466666667,5.81492046511628,-0.0896442015503887,0.436843748161902,0.999330380285523
"PROBE3137_at","GENE3137",2,45,43,10.4109328888889,10.4907793023256,0.079846413436691,0.429609641576159,0.999330380285523
"PROBE3138_at","GENE3138",0,45,43,5.58752688888889,5.57997372093023,-0.00755316795865646,0.947034889942385,0.999330380285523
"PROBE3139_at","GENE3139",2,45,43,6.23571,6.19591279069767,-0.039797209302324,0.728935459078414,0.999330380285523
"PROBE3140_at","GENE3140",1,45,43,8.27865688888889,8.27812976744186,-0.000527121447030154,0.996637403367654,0.999330380285523
"PROBE3141_at","GENE3141",2,45,43,9.99843066666667,10.0796018604651,0.0811711937984487,0.469679813838431,0.999330380285523
"PROBE3142_at","GENE3142",1,45,43,8.7298,8.5780088372093,-0.151791162790699,0.185455661208066,0.999330380285523
"PROBE3143_at","GENE3143",2,45,43,8.33703466666667,8.22814069767442,-0.108893968992248,0.341703456136565,0.999330380285523
"PROBE3144_at","GENE3144",1,45,43,8.15981844444444,8.12205906976744,-0.037759374677,0.727395354993444,0.999330380285523
"PROBE3145_at","GENE3145",2,45,43,9.25771488888889,9.28076255813954,0.0230476692506478,0.844018729920737,0.999330380285523
"PROBE3146_at","GENE3146",0,45,43,10.5708066666667,10.616861627907,0.0460549612403103,0.697788858393613,0.999330380285523
"PROBE3147_at","GENE3147",2,45,43,9.58435666666667,9.71490395348837,0.130547286821706,0.281065097373684,0.999330380285523
"PROBE3148_at","GENE3148",0,45,43,9.58739533333333,9.5566611627907,-0.0307341705426349,0.80162355622066,0.999330380285523
"PROBE3149_at","GENE3149",1,45,43,8.42809155555556,8.22101813953488,-0.207073416020673,0.0488685018216876,0.529739857145665
"PROBE3150_at","GENE3150",0,45,43,9.54521266666667,9.64847023255814,0.103257565891472,0.347068693018577,0.999330380285523
"PROBE3151_at","GENE3151",2,45,43,9.73780666666667,9.65556209302326,-0.082244573643413,0.40219346957302,0.999330380285523
"PROBE3152_at","GENE3152",0,45,43,7.52247511111111,7.55851720930233,0.0360420981912135,0.737645324320477,0.999330380285523
"PROBE3153_at","GENE3153",1,45,43,8.26783111111111,8.20682139534884,-0.0610097157622729,0.60053806623479,0.999330380285523
"PROBE3154_at","GENE3154",0,45,43,10.0505077777778,9.82465372093023,-0.225854056847542,0.075535571923376,0.692986898379596
"PROBE3155_at","GENE3155",1,45,43,8.41319288888889,8.52847720930233,0.115284320413434,0.29268602227747,0.999330380285523
"PROBE3156_at","GENE3156",2,45,43,8.12191755555556,8.13600209302326,0.0140845374676992,0.892689884691199,0.999330380285523
"PROBE3157_at","GENE3157",0,45,43,8.60609444444444,8.5449776744186,-0.061116770025837,0.574620940948776,0.999330380285523
"PROBE3158_at","GENE3158",0,45,43,7.60956511111111,7.66281348837209,0.0532483772609824,0.653175071829498,0.999330380285523
"PROBE3159_at","GENE3159",2,45,43,8.61869422222222,8.70980651162791,0.0911122894056877,0.373411097098401,0.999330380285523
"PROBE3160_at","GENE3160",1,45,43,10.1395344444444,9.96770348837209,-0.171830956072352,0.153731139710653,0.955931748574201
"PROBE3161_at","GENE3161",0,45,43,7.96109066666667,7.8482088372093,-0.112881829457363,0.300369985429182,0.999330380285523
"PROBE3162_at","GENE3162",0,45,43,7.3452,7.34224511627907,-0.00295488372093189,0.977973343426111,0.999330380285523
"PROBE3163_at","GENE3163",1,45,43,8.34557088888889,8.43351325581395,0.0879423669250627,0.461391528882778,0.999330380285523
"PROBE3164_at","GENE3164",2,45,43,9.124154,9.13394720930233,0.00979320930231964,0.918721280958771,0.999330380285523
"PROBE3165_at","GENE3165",1,45,43,7.92988466666667,8.02379348837209,0.0939088217054298,0.363037036316452,0.999330380285523
"PROBE3166_at","GENE3166",2,45,43,9.17490155555556,9.22209697674419,0.0471954211886292,0.66684876286785,0.999330380285523
"PROBE3167_at","GENE3167",0,45,43,8.79479488888889,8.93041348837209,0.135618599483204,0.200075897779285,0.999330380285523
"PROBE3168_at","GENE3168",0,45,43,7.50563066666667,7.38516372093023,-0.120466945736434,0.27935578209569,0.999330380285523
"PROBE3169_at","GENE3169",2,45,43,9.06470111111111,9.11812604651163,0.0534249354005141,0.642138259035673,0.999330380285523
"PROBE3170_at","GENE3170",0,45,43,6.51479533333333,6.59035604651163,0.075560713178298,0.463197696403465,0.999330380285523
"PROBE3171_at","GENE3171",2,45,43,9.07244155555555,8.95774372093023,-0.114697834625321,0.309747630785496,0.999330380285523
"PROBE3172_at","GENE3172",0,45,43,8.71642444444444,8.64887511627907,-0.0675493281653754,0.598966457157473,0.999330380285523
"PROBE3173_at","GENE3173",2,45,43,8.43805755555556,8.54422069767442,0.106163142118863,0.365914536603495,0.999330380285523
"PROBE3174_at","GENE3174",1,45,43,7.38962644444444,7.2997388372093,-0.0898876072351413,0.482920494527449,0.999330380285523
"PROBE3175_at","GENE3175",0,45,43,8.66573,8.60547,-0.060259999999996,0.553779559523085,0.999330380285523
"PROBE3176_at","GENE3176",2,45,43,9.16363444444444,9.1499988372093,-0.0136356072351393,0.906675194333866,0.999330380285523
"PROBE3177_at","GENE3177",2,45,43,7.27124266666667,7.42128209302326,0.150039426356585,0.178002133358819,0.999330380285523
"PROBE3178_at","GENE3178",0,45,43,8.69034088888889,8.56409023255814,-0.126250656330749,0.200782411113469,0.999330380285523
"PROBE3179_at","GENE3179",0,45,43,9.40447933333333,9.18405255813953,-0.220426775193799,0.0199897261171745,0.270131434015871
"PROBE3180_at","GENE3180",0,45,43,10.3433233333333,10.2493993023256,-0.0939240310077505,0.403203947175722,0.999330380285523
"PROBE3181_at","GENE3181",2,45,43,9.32471755555556,9.40193813953488,0.0772205839793259,0.493967623059578,0.999330380285523
"PROBE3182_at","GENE3182",1,45,43,9.80701111111111,10.0877820930233,0.28077098191215,0.0269020245971824,0.34712289802816
"PROBE3183_at","GENE3183",0,45,43,8.00168955555556,8.01558558139535,0.0138960258397987,0.891070694015804,0.999330380285523
"PROBE3184_at","GENE3184",0,45,43,8.76934911111111,8.68212604651163,-0.0872230645994794,0.420825422059267,0.999330380285523
"PROBE3185_at","GENE3185",2,45,43,8.40736933333333,8.41550511627907,0.0081357829457378,0.942009279669985,0.999330380285523
"PROBE3186_at","GENE3186",0,45,43,6.59059377777778,6.6234111627907,0.0328173850129163,0.775912741146103,0.999330380285523
"PROBE3187_at","GENE3187",2,45,43,8.03825444444444,8.1305123255814,0.0922578811369519,0.349817259924861,0.999330380285523
"PROBE3188_at","GENE3188",1,45,43,7.78965955555556,7.79478953488372,0.00512997932816806,0.962380080755907,0.999330380285523
"PROBE3189_at","GENE3189",0,45,43,9.42200755555556,9.43791697674419,0.0159094211886295,0.886348822946803,0.999330380285523
"PROBE3190_at","GENE3190",2,45,43,8.70491533333333,8.52949813953488,-0.175417193798451,0.147675848196312,0.950935725171886
"PROBE3191_at","GENE3191",0,45,43,8.14419822222222,8.27690302325581,0.13270480103359,0.193368954624174,0.999330380285523
"PROBE3192_at","GENE3192",2,45,43,8.57977622222222,8.58526372093023,0.00548749870801224,0.963336873525208,0.999330380285523
"PROBE3193_at","GENE3193",2,45,43,10.1414173333333,10.1145311627907,-0.0268861705426371,0.76622522702706,0.999330380285523
"PROBE3194_at","GENE3194",0,45,43,9.35318733333333,9.51111,0.157922666666671,0.168316518738614,0.989347380354554
"PROBE3195_at","GENE3195",1,45,43,7.41317088888889,7.41889186046512,0.00572097157622675,0.955381719708284,0.999330380285523
"PROBE3196_at","GENE3196",1,45,43,7.38706533333333,7.58845604651163,0.201390713178294,0.0507692749392783,0.544442626694673
"PROBE3197_at","GENE3197",2,45,43,9.90848222222222,10.0127362790698,0.104254056847548,0.267873120671829,0.999330380285523
"PROBE3198_at","GENE3198",0,45,43,9.12702533333333,9.29262813953488,0.165602806201553,0.110315590795495,0.840499739394244
"PROBE3199_at","GENE3199",2,45,43,8.69822911111111,8.66905697674419,-0.0291721343669238,0.777870905413888,0.999330380285523
"PROBE3200_at","GENE3200",1,45,43,9.57994711111111,9.50219,-0.0777571111111097,0.47977607994238,0.999330380285523
"PROBE3201_at","GENE3201",0,45,43,8.14722577777778,8.04682209302326,-0.100403684754523,0.368790037842698,0.999330380285523
"PROBE3202_at","GENE3202",1,45,43,6.74333044444444,6.71172465116279,-0.0316057932816527,0.787503049004523,0.999330380285523
"PROBE3203_at","GENE3203",0,45,43,8.40360177777778,8.59252441860465,0.188922640826878,0.0870630408312454,0.752700230892714
"PROBE3204_at","GENE3204",1,45,43,8.36505288888889,8.40512069767442,0.0400678087855315,0.749072809659162,0.999330380285523
"PROBE3205_at","GENE3205",1,45,43,8.811544,8.74531046511628,-0.0662335348837235,0.528024832553253,0.999330380285523
"PROBE3206_at","GENE3206",0,45,43,8.18435111111111,8.26630465116279,0.0819535400516784,0.42846048685174,0.999330380285523
"PROBE3207_at","GENE3207",0,45,43,9.48771266666667,9.41165511627907,-0.0760575503875991,0.462642812108503,0.999330380285523
"PROBE3208_at","GENE3208",2,45,43,9.82344977777778,9.80496813953488,-0.0184816382428945,0.8738923811183,0.999330380285523
"PROBE3209_at","GENE3209",2,45,43,9.17489177777778,9.14900860465116,-0.0258831731266138,0.812677285549123,0.999330380285523
"PROBE3210_at","GENE3210",2,45,43,7.10909711111111,7.02817325581395,-0.0809238552971561,0.407518241094848,0.999330380285523
"PROBE3211_at","GENE3211",0,45,43,7.59463111111111,7.57251488372093,-0.0221162273901809,0.838681072479062,0.999330380285523
"PROBE3212_at","GENE3212",0,45,43,8.19647466666667,8.07756651162791,-0.118908155038762,0.313533962974052,0.999330380285523
"PROBE3213_at","GENE3213",0,45,43,8.77470422222222,8.71251976744186,-0.0621844547803629,0.610608240944506,0.999330380285523
"PROBE3214_at","GENE3214",0,45,43,6.96707133333333,6.90625813953488,-0.0608131937984506,0.582865066876245,0.999330380285523
"PROBE3215_at","GENE3215",1,45,43,6.42435911111111,6.21659651162791,-0.207762599483203,0.0621626599941455,0.621626599941455
"PROBE3216_at","GENE3216",0,45,43,10.480722,10.4399974418605,-0.0407245581395355,0.723291975202074,0.999330380285523
"PROBE3217_at","GENE3217",0,45,43,7.20482111111111,7.22885465116279,0.0240335400516791,0.827728858491862,0.999330380285523
"PROBE3218_at","GENE3218",0,45,43,8.33449133333333,8.2273888372093,-0.10710249612403,0.299608655849759,0.999330380285523
"PROBE3219_at","GENE3219",2,45,43,8.94372755555556,8.78070488372093,-0.163022671834621,0.136284971263666,0.935059837143508
"PROBE3220_at","GENE3220",2,45,43,9.38459088888889,9.39379,0.00919911111110494,0.928616300232477,0.999330380285523
"PROBE3221_at","GENE3221",2,45,43,9.06515844444444,9.12265255813954,0.0574941136950891,0.598132112149847,0.999330380285523
"PROBE3222_at","GENE3222",0,45,43,10.0730955555556,10.1097988372093,0.0367032816537431,0.741076631829225,0.999330380285523
"PROBE3223_at","GENE3223",0,45,43,8.22793688888889,8.19213488372093,-0.0358020051679606,0.759987772997394,0.999330380285523
"PROBE3224_at","GENE3224",1,45,43,8.25706866666667,8.15595348837209,-0.101115178294572,0.36552984683797,0.999330380285523
"PROBE3225_at","GENE3225",2,45,43,7.17143933333333,7.38509627906977,0.213656945736434,0.0478500341294833,0.522951192671949
"PROBE3226_at","GENE3226",1,45,43,9.35127755555555,9.28320511627907,-0.0680724392764827,0.561276198479865,0.999330380285523
"PROBE3227_at","GENE3227",2,45,43,7.66380933333333,7.76049581395349,0.0966864806201571,0.353108048196999,0.999330380285523
"PROBE3228_at","GENE3228",0,45,43,8.045444,7.9710476744186,-0.0743963255813975,0.517579777523898,0.999330380285523
"PROBE3229_at","GENE3229",1,45,43,8.06988711111111,8.06365511627907,-0.00623199483203862,0.958573840756779,0.999330380285523
"PROBE3230_at","GENE3230",1,45,43,8.29516822222222,8.34128860465116,0.0461203824289385,0.654399242865286,0.999330380285523
"PROBE3231_at","GENE3231",2,45,43,10.7529348888889,10.9160518604651,0.16311697157623,0.15272389367664,0.955931748574201
"PROBE3232_at","GENE3232",2,45,43,9.91171822222222,9.9017788372093,-0.00993938501292568,0.925372959501489,0.999330380285523
"PROBE3233_at","GENE3233",0,45,43,9.23991377777778,9.27451255813953,0.03459878036176,0.741410944118912,0.999330380285523
"PROBE3234_at","GENE3234",0,45,43,9.51127911111111,9.53105953488372,0.0197804237726107,0.868813775879146,0.999330380285523
"PROBE3235_at","GENE3235",1,45,43,7.564734,7.63983581395349,0.0751018139534887,0.516012466524386,0.999330380285523
"PROBE3236_at","GENE3236",0,45,43,6.53317311111111,6.77545162790698,0.242278516795866,0.0550672918883725,0.576620857469869
"PROBE3237_at","GENE3237",0,45,43,7.31630644444444,7.40909348837209,0.0927870439276459,0.375271896962524,0.999330380285523
"PROBE3238_at","GENE3238",0,45,43,8.56298422222222,8.49664813953488,-0.0663360826873358,0.540292773546123,0.999330380285523
"PROBE3239_at","GENE3239",0,45,43,8.04098844444444,8.05480488372093,0.0138164392764857,0.89650380565756,0.999330380285523
"PROBE3240_at","GENE3240",0,45,43,9.33689511111111,9.20968767441861,-0.127207436692508,0.247624568275147,0.999330380285523
"PROBE3241_at","GENE3241",1,45,43,8.500036,8.61495,0.114914000000004,0.317581109844137,0.999330380285523
"PROBE3242_at","GENE3242",0,45,43,9.63352333333333,9.60795093023256,-0.0255724031007762,0.828443248061332,0.999330380285523
"PROBE3243_at","GENE3243",1,45,43,5.56800466666667,5.54680395348837,-0.0212007131782928,0.830926538616537,0.999330380285523
"PROBE3244_at","GENE3244",1,45,43,8.94605044444445,9.18969162790698,0.243641183462538,0.0282476176413622,0.360991918739453
"PROBE3245_at","GENE3245",0,45,43,8.58026644444444,8.65246302325581,0.0721965788113668,0.581341347887249,0.999330380285523
"PROBE3246_at","GENE3246",2,45,43,9.38649822222222,9.51432906976744,0.127830847545223,0.228012245378417,0.999330380285523
"PROBE3247_at","GENE3247",1,45,43,6.84465866666667,6.72541418604651,-0.119244480620155,0.312557171562449,0.999330380285523
"PROBE3248_at","GENE3248",0,45,43,9.44219866666667,9.27796441860465,-0.164234248062012,0.0810964974831283,0.722463229248359
"PROBE3249_at","GENE3249",2,45,43,9.67662977777778,9.65138953488372,-0.0252402428940606,0.82820250077318,0.999330380285523
"PROBE3250_at","GENE3250",2,45,43,10.327018,10.1742241860465,-0.152793813953492,0.210299414253536,0.999330380285523
"PROBE3251_at","GENE3251",2,45,43,6.45665,6.58030604651163,0.123656046511627,0.208145238104348,0.999330380285523
"PROBE3252_at","GENE3252",2,45,43,8.10991977777778,7.87874372093023,-0.231176056847547,0.0448680661850539,0.501319175251999
"PROBE3253_at","GENE3253",0,45,43,9.57880533333333,9.65999209302326,0.0811867596899258,0.440300793292358,0.999330380285523
"PROBE3254_at","GENE3254",1,45,43,9.12471844444444,8.99823023255814,-0.12648821188631,0.245486153414292,0.999330380285523
"PROBE3255_at","GENE3255",2,45,43,10.0040631111111,10.0178341860465,0.0137710749354039,0.903495064689705,0.999330380285523
"PROBE3256_at","GENE3256",0,45,43,9.81059977777778,9.62195604651163,-0.188643731266151,0.0748971174420265,0.692986898379596
"PROBE3257_at","GENE3257",0,45,43,9.72938466666667,9.68468813953488,-0.0446965271317854,0.720202541165456,0.999330380285523
"PROBE3258_at","GENE3258",2,45,43,9.42878288888889,9.37899372093023,-0.0497891679586555,0.655467998034848,0.999330380285523
"PROBE3259_at","GENE3259",2,45,43,8.47872266666667,8.5031923255814,0.0244696589147253,0.81168788597766,0.999330380285523
"PROBE3260_at","GENE3260",1,45,43,6.60611311111111,6.71867069767442,0.112557586563307,0.375290303885055,0.999330380285523
"PROBE3261_at","GENE3261",0,45,43,8.37270955555556,8.66944744186046,0.296737886304909,0.0222640666863946,0.295867995832486
"PROBE3262_at","GENE3262",1,45,43,7.621988,7.70877488372093,0.0867868837209329,0.469593197726223,0.999330380285523
"PROBE3263_at","GENE3263",2,45,43,8.83371244444444,8.8181288372093,-0.0155836072351399,0.879267391001946,0.999330380285523
"PROBE3264_at","GENE3264",2,45,43,10.928244,11.1232006976744,0.194956697674417,0.0725624810069671,0.690901182722773
"PROBE3265_at","GENE3265",0,45,43,7.549814,7.44625953488372,-0.103554465116281,0.371040437592017,0.999330380285523
"PROBE3266_at","GENE3266",2,45,43,9.34224844444444,9.40877162790698,0.0665231834625324,0.543914984526407,0.999330380285523
"PROBE3267_at","GENE3267",2,45,43,8.00797422222222,7.97683790697674,-0.0311363152454787,0.769331465731517,0.999330380285523
"PROBE3268_at","GENE3268",0,45,43,5.25258066666667,5.21729441860465,-0.0352862480620155,0.752497380629373,0.999330380285523
"PROBE3269_at","GENE3269",2,45,43,9.95050111111111,10.0344502325581,0.0839491214470289,0.464141891271741,0.999330380285523
"PROBE3270_at","GENE3270",2,45,43,7.94824155555556,8.04197023255814,0.0937286770025851,0.330687804100899,0.999330380285523
"PROBE3271_at","GENE3271",2,45,43,9.43702777777778,9.44544186046512,0.00841408268733801,0.936427364345601,0.999330380285523
"PROBE3272_at","GENE3272",1,45,43,7.47353533333333,7.27549279069767,-0.198042542635661,0.0814816505826381,0.723120662374389
"PROBE3273_at","GENE3273",1,45,43,7.42872444444444,7.39930302325581,-0.029421421188629,0.813522475955984,0.999330380285523
"PROBE3274_at","GENE3274",1,45,43,7.64495422222222,7.57624976744186,-0.0687044547803621,0.554648491501059,0.999330380285523
"PROBE3275_at","GENE3275",2,45,43,10.1925395555556,10.266763255814,0.0742237002584005,0.516991273573334,0.999330380285523
"PROBE3276_at","GENE3276",2,45,43,9.52867088888889,9.55985697674419,0.0311860878552963,0.779757293942456,0.999330380285523
"PROBE3277_at","GENE3277",0,45,43,7.512534,7.56727069767442,0.0547366976744206,0.583146949127056,0.999330380285523
"PROBE3278_at","GENE3278",0,45,43,7.80248288888889,7.96661465116279,0.164131762273901,0.169196072495593,0.989347380354554
"PROBE3279_at","GENE3279",2,45,43,6.89214711111111,6.86303186046512,-0.0291152506459964,0.806098980564192,0.999330380285523
"PROBE3280_at","GENE3280",0,45,43,6.95215066666667,6.93031651162791,-0.0218341550387606,0.832311712970516,0.999330380285523
"PROBE3281_at","GENE3281",1,45,43,8.87872777777778,8.84275,-0.035977777777779,0.744195615722606,0.999330380285523
"PROBE3282_at","GENE3282",0,45,43,9.047704,9.13979511627907,0.0920911162790716,0.362213076658225,0.999330380285523
"PROBE3283_at","GENE3283",1,45,43,9.97782844444444,9.92103325581395,-0.0567951886304954,0.639058178734125,0.999330380285523
"PROBE3284_at","GENE3284",0,45,43,8.43959066666667,8.4709488372093,0.0313581705426422,0.773298761608068,0.999330380285523
"PROBE3285_at","GENE3285",0,45,43,8.62727955555556,8.66927395348837,0.0419943979328128,0.70767212075963,0.999330380285523
"PROBE3286_at","GENE3286",0,45,43,7.13621,7.07857651162791,-0.0576334883720948,0.588350962272927,0.999330380285523
"PROBE3287_at","GENE3287",2,45,43,6.93176644444444,7.04504348837209,0.113277043927649,0.29212276708839,0.999330380285523
"PROBE3288_at","GENE3288",1,45,43,8.05990911111111,8.02155372093023,-0.0383553901808789,0.751128728093669,0.999330380285523
"PROBE3289_at","GENE3289",2,45,43,7.587468,7.66246093023256,0.0749929302325594,0.499029978971168,0.999330380285523
"PROBE3290_at","GENE3290",0,45,43,9.54003311111111,9.4401123255814,-0.0999207855297168,0.380939179853591,0.999330380285523
"PROBE3291_at","GENE3291",2,45,43,9.46168333333333,9.49699604651163,0.0353127131782927,0.767552330203027,0.999330380285523
"PROBE3292_at","GENE3292",1,45,43,8.51135511111111,8.47255906976744,-0.0387960413436712,0.736592796660011,0.999330380285523
"PROBE3293_at","GENE3293",2,45,43,9.73862844444444,9.75678,0.0181515555555567,0.860800907904029,0.999330380285523
"PROBE3294_at","GENE3294",2,45,43,8.71286488888889,8.7358911627907,0.0230262739018077,0.829502305114658,0.999330380285523
"PROBE3295_at","GENE3295",0,45,43,8.231434,8.11801906976744,-0.113414930232558,0.353762713965145,0.999330380285523
"PROBE3296_at","GENE3296",1,45,43,7.36171622222222,7.39866860465116,0.0369523824289404,0.763489554735176,0.999330380285523
"PROBE3297_at","GENE3297",1,45,43,7.24973622222222,7.22338674418605,-0.0263494780361757,0.835390915455466,0.999330380285523
"PROBE3298_at","GENE3298",2,45,43,8.94234955555556,8.97781162790698,0.0354620723514216,0.750655855012046,0.999330380285523
"PROBE3299_at","GENE3299",1,45,43,9.01969933333333,9.00375325581395,-0.0159460775193754,0.88376451723991,0.999330380285523
"PROBE3300_at","GENE3300",0,45,43,8.90149444444445,8.82826348837209,-0.073230956072349,0.5006624980598,0.999330380285523
"PROBE3301_at","GENE3301",2,45,43,10.4990035555556,10.3835202325581,-0.115483322997415,0.341406012874308,0.999330380285523
"PROBE3302_at","GENE3302",0,45,43,10.7484015555556,10.7236953488372,-0.0247062067183474,0.813686004629898,0.999330380285523
"PROBE3303_at","GENE3303",2,45,43,8.26595733333333,8.3397288372093,0.073771503875971,0.541701657849033,0.999330380285523
"PROBE3304_at","GENE3304",0,45,43,7.99614955555556,7.88738023255814,-0.108769322997416,0.274266449233072,0.999330380285523
"PROBE3305_at","GENE3305",1,45,43,8.288376,8.34652906976744,0.0581530697674459,0.609900939105216,0.999330380285523
"PROBE3306_at","GENE3306",0,45,43,7.34632555555556,7.41484558139535,0.0685200258397982,0.522566131202081,0.999330380285523
"PROBE3307_at","GENE3307",0,45,43,9.12891866666667,9.17610790697674,0.0471892403100753,0.693100815743266,0.999330380285523
"PROBE3308_at","GENE3308",2,45,43,7.85028533333333,7.86128046511628,0.0109951317829466,0.919960057196367,0.999330380285523
"PROBE3309_at","GENE3309",0,45,43,8.12562244444444,8.10034558139535,-0.0252768630490969,0.826012332849473,0.999330380285523
"PROBE3310_at","GENE3310",2,45,43,7.17027711111111,7.24248558139535,0.0722084702842389,0.538228285604467,0.999330380285523
"PROBE3311_at","GENE3311",1,45,43,8.89665977777778,8.93664790697675,0.0399881291989654,0.70810519983952,0.999330380285523
"PROBE3312_at","GENE3312",2,45,43,8.99634733333333,8.92793697674419,-0.0684103565891476,0.565965909420498,0.999330380285523
"PROBE3313_at","GENE3313",1,45,43,7.17101644444444,7.1799076744186,0.00889122997416081,0.935841130109684,0.999330380285523
"PROBE3314_at","GENE3314",2,45,43,9.85887777777778,9.69655558139535,-0.162322196382434,0.147967311955471,0.950935725171886
"PROBE3315_at","GENE3315",1,45,43,6.57026044444444,6.65734139534884,0.0870809509043919,0.470892097440189,0.999330380285523
"PROBE3316_at","GENE3316",1,45,43,8.12678933333333,8.12436790697674,-0.00242142635659093,0.981476548673852,0.999330380285523
"PROBE3317_at","GENE3317",0,45,43,9.22910111111111,9.21402209302326,-0.0150790180878602,0.892611935125526,0.999330380285523
"PROBE3318_at","GENE3318",2,45,43,8.81405155555556,8.59611232558139,-0.217939229974156,0.0368239601699691,0.430689592631218
"PROBE3319_at","GENE3319",1,45,43,7.69201088888889,7.71168465116279,0.0196737622739001,0.847358088343449,0.999330380285523
"PROBE3320_at","GENE3320",0,45,43,9.50944733333333,9.42651558139535,-0.082931751937986,0.482787268517762,0.999330380285523
"PROBE3321_at","GENE3321",1,45,43,6.43259955555556,6.47699604651163,0.0443964909560721,0.677309373979324,0.999330380285523
"PROBE3322_at","GENE3322",0,45,43,6.26656688888889,6.30421209302326,0.0376452041343658,0.765633945076352,0.999330380285523
"PROBE3323_at","GENE3323",1,45,43,8.20198755555556,8.11932139534884,-0.0826661602067169,0.410686911763881,0.999330380285523
"PROBE3324_at","GENE3324",2,45,43,7.91460355555556,7.83573953488372,-0.0788640206718343,0.415881709895254,0.999330380285523
"PROBE3325_at","GENE3325",1,45,43,7.67589688888889,7.63324023255814,-0.0426566563307436,0.703668742746289,0.999330380285523
"PROBE3326_at","GENE3326",1,45,43,6.73038622222222,6.77176209302326,0.0413758708010379,0.738340830538466,0.999330380285523
"PROBE3327_at","GENE3327",0,45,43,8.26773622222222,8.28520093023256,0.0174647080103369,0.877711798203724,0.999330380285523
"PROBE3328_at","GENE3328",1,45,43,8.51404311111111,8.38342325581395,-0.130619855297157,0.261683649637433,0.999330380285523
"PROBE3329_at","GENE3329",1,45,43,7.97342777777778,7.78239465116279,-0.191033126614988,0.0954928616628949,0.783261370388597
"PROBE3330_at","GENE3330",0,45,43,8.60019355555556,8.74745488372093,0.147261328165374,0.154367580595341,0.955931748574201
"PROBE3331_at","GENE3331",0,45,43,8.17006533333333,8.12363930232558,-0.0464260310077513,0.672545246525964,0.999330380285523
"PROBE3332_at","GENE3332",1,45,43,7.04436311111111,7.06055627906977,0.0161931679586562,0.890120023378392,0.999330380285523
"PROBE3333_at","GENE3333",1,45,43,9.55980711111111,9.65259720930232,0.092790098191216,0.385290711438619,0.999330380285523
"PROBE3334_at","GENE3334",1,45,43,6.84078844444444,6.63574441860465,-0.205044025839793,0.042749481737268,0.483044991381559
"PROBE3335_at","GENE3335",1,45,43,8.84312866666667,8.88094023255814,0.0378115658914719,0.730226423368827,0.999330380285523
"PROBE3336_at","GENE3336",0,45,43,8.76059822222222,8.6216988372093,-0.13889938501292,0.217177586608733,0.999330380285523
"PROBE3337_at","GENE3337",1,45,43,7.42012444444444,7.38985186046512,-0.0302725839793299,0.807025390177383,0.999330380285523
"PROBE3338_at","GENE3338",2,45,43,10.2892815555556,10.3240462790698,0.0347647235142112,0.723147083461397,0.999330380285523
"PROBE3339_at","GENE3339",1,45,43,7.31963888888889,7.25714744186047,-0.0624914470284246,0.553008520778477,0.999330380285523
"PROBE3340_at","GENE3340",1,45,43,9.19333155555556,9.20751279069767,0.0141812351421216,0.911986634326,0.999330380285523
"PROBE3341_at","GENE3341",1,45,43,7.42075,7.34160279069767,-0.0791472093023264,0.456569676573429,0.999330380285523
"PROBE3342_at","GENE3342",2,45,43,7.65004377777778,7.54962395348837,-0.100419824289403,0.365728992900619,0.999330380285523
"PROBE3343_at","GENE3343",2,45,43,11.053358,11.0081737209302,-0.045184279069769,0.715074979404282,0.999330380285523
"PROBE3344_at","GENE3344",0,45,43,9.20125644444444,9.19749697674419,-0.00375946770026303,0.972927339750111,0.999330380285523
"PROBE3345_at","GENE3345",2,45,43,10.1925144444444,10.058593255814,-0.133921188630485,0.213795241657482,0.999330380285523
"PROBE3346_at","GENE3346",0,45,43,8.78022422222222,8.82584534883721,0.0456211266149893,0.674472193228858,0.999330380285523
"PROBE3347_at","GENE3347",2,45,43,9.60278155555556,9.64973186046512,0.0469503049095632,0.674765610284689,0.999330380285523
"PROBE3348_at","GENE3348",0,45,43,8.43110644444444,8.20828837209302,-0.222818072351421,0.0650804909700067,0.642770281185251
"PROBE3349_at","GENE3349",1,45,43,6.98916666666667,7.07091581395349,0.0817491472868239,0.480367306964093,0.999330380285523
"PROBE3350_at","GENE3350",2,45,43,9.61551133333333,9.60269325581395,-0.0128180775193805,0.906430746300171,0.999330380285523
"PROBE3351_at","GENE3351",2,45,43,8.83703711111111,8.83123860465116,-0.00579850645995528,0.958547490499261,0.999330380285523
"PROBE3352_at","GENE3352",0,45,43,7.73401,7.94569372093023,0.21168372093023,0.0292044538465014,0.368510458630932
"PROBE3353_at","GENE3353",0,45,43,9.78050333333333,9.87818976744186,0.0976864341085246,0.376406664535331,0.999330380285523
"PROBE3354_at","GENE3354",1,45,43,7.20774466666667,7.17865651162791,-0.0290881550387576,0.800285221305444,0.999330380285523
"PROBE3355_at","GENE3355",1,45,43,7.85100977777778,7.7634076744186,-0.0876021033591705,0.456679166538668,0.999330380285523
"PROBE3356_at","GENE3356",2,45,43,8.82252022222222,8.83838093023256,0.0158607080103383,0.881145809929647,0.999330380285523
"PROBE3357_at","GENE3357",2,45,43,8.25357111111111,8.23635232558139,-0.0172187855297121,0.873110880989136,0.999330380285523
"PROBE3358_at","GENE3358",1,45,43,9.654504,9.55912697674419,-0.0953770232558107,0.418123127206192,0.999330380285523
"PROBE3359_at","GENE3359",0,45,43,9.45845333333333,9.43560395348837,-0.0228493798449598,0.829442660776808,0.999330380285523
"PROBE3360_at","GENE3360",1,45,43,8.01179644444444,8.08426093023256,0.0724644857881156,0.515272584646943,0.999330380285523
"PROBE3361_at","GENE3361",2,45,43,8.19805622222222,8.15888488372093,-0.0391713385012871,0.727915115115149,0.999330380285523
"PROBE3362_at","GENE3362",0,45,43,8.65428377777778,8.68633534883721,0.0320515710594318,0.788350872187183,0.999330380285523
"PROBE3363_at","GENE3363",2,45,43,6.32121044444444,6.24696255813953,-0.0742478863049092,0.438455347152703,0.999330380285523
"PROBE3364_at","GENE3364",1,45,43,7.47292244444444,7.46121093023256,-0.0117115142118873,0.912527189396925,0.999330380285523
"PROBE3365_at","GENE3365",2,45,43,8.35812733333333,8.38355651162791,0.0254291782945764,0.79557286721763,0.999330380285523
"PROBE3366_at","GENE3366",1,45,43,8.56420933333333,8.59733023255814,0.0331208992248015,0.756705818459786,0.999330380285523
"PROBE3367_at","GENE3367",0,45,43,7.51670155555556,7.41200209302326,-0.104699462532297,0.346717026346431,0.999330380285523
"PROBE3368_at","GENE3368",2,45,43,8.18435911111111,8.31296674418605,0.128607633074932,0.241563822018848,0.999330380285523
"PROBE3369_at","GENE3369",0,45,43,8.944686,9.02640860465116,0.0817226046511657,0.430782070538553,0.999330380285523
"PROBE3370_at","GENE3370",1,45,43,9.59596511111111,9.61406162790698,0.0180965167958682,0.871164849991987,0.999330380285523
"PROBE3371_at","GENE3371",1,45,43,7.73628822222222,7.78191813953488,0.0456299173126631,0.702443063332627,0.999330380285523
"PROBE3372_at","GENE3372",0,45,43,6.76813777777778,6.73482302325581,-0.033314754521963,0.7494620735033,0.999330380285523
"PROBE3373_at","GENE3373",2,45,43,7.61095888888889,7.62831465116279,0.0173557622739056,0.861524250798188,0.999330380285523
"PROBE3374_at","GENE3374",1,45,43,7.58096733333333,7.74233325581395,0.161365922480623,0.121764301996627,0.883951375656098
"PROBE3375_at","GENE3375",0,45,43,7.85604177777778,7.64997651162791,-0.206065266149868,0.0652920483645994,0.643271412459107
"PROBE3376_at","GENE3376",2,45,43,8.392914,8.36449046511628,-0.0284235348837232,0.798322599057859,0.999330380285523
"PROBE3377_at","GENE3377",0,45,43,10.3171273333333,10.3626590697674,0.0455317364341141,0.63244775334817,0.999330380285523
"PROBE3378_at","GENE3378",0,45,43,6.89589955555556,6.89700930232558,0.00110974677002584,0.991555186820317,0.999330380285523
"PROBE3379_at","GENE3379",1,45,43,6.74710133333333,6.89899627906977,0.151894945736434,0.181544178592114,0.999330380285523
"PROBE3380_at","GENE3380",1,45,43,8.59351577777778,8.56026395348837,-0.0332518242894011,0.766545179509981,0.999330380285523
"PROBE3381_at","GENE3381",1,45,43,8.285098,8.22191860465116,-0.063179395348838,0.581396869683255,0.999330380285523
"PROBE3382_at","GENE3382",1,45,43,7.300642,7.24739069767442,-0.0532513023255801,0.620716741605401,0.999330380285523
"PROBE3383_at","GENE3383",0,45,43,9.06271444444444,9.00083976744186,-0.0618746770025815,0.562011630578182,0.999330380285523
"PROBE3384_at","GENE3384",0,45,43,7.85477333333333,7.79864837209302,-0.0561249612403083,0.620307652956349,0.999330380285523
"PROBE3385_at","GENE3385",1,45,43,9.579074,9.60015534883721,0.0210813488372121,0.855816486931241,0.999330380285523
"PROBE3386_at","GENE3386",0,45,43,8.12240866666667,8.1043923255814,-0.0180163410852749,0.870310341302319,0.999330380285523
"PROBE3387_at","GENE3387",0,45,43,9.25394577777778,9.19518581395349,-0.0587599638242899,0.612893754173866,0.999330380285523
"PROBE3388_at","GENE3388",0,45,43,8.83466577777778,8.8266523255814,-0.00801345219638172,0.944352351013985,0.999330380285523
"PROBE3389_at","GENE3389",2,45,43,10.6054731111111,10.5257786046512,-0.0796945064599459,0.434338625720579,0.999330380285523
"PROBE3390_at","GENE3390",1,45,43,6.58055866666667,6.63353209302326,0.0529734263565889,0.599612768400099,0.999330380285523
"PROBE3391_at","GENE3391",1,45,43,7.32253577777778,7.3412876744186,0.0187518966408273,0.876329238355346,0.999330380285523
"PROBE3392_at","GENE3392",0,45,43,10.0656155555556,10.0397351162791,-0.0258804392764826,0.830600990376772,0.999330380285523
"PROBE3393_at","GENE3393",2,45,43,8.01316666666667,7.92980720930233,-0.0833594573643417,0.431234290702481,0.999330380285523
"PROBE3394_at","GENE3394",1,45,43,9.41045422222222,9.28442488372093,-0.12602933850129,0.284942455447792,0.999330380285523
"PROBE3395_at","GENE3395",1,45,43,8.66284133333333,8.51662674418605,-0.14621458914729,0.162420029639189,0.971121253448065
"PROBE3396_at","GENE3396",1,45,43,6.42216044444444,6.30677302325581,-0.115387421188631,0.266757974494929,0.999330380285523
"PROBE3397_at","GENE3397",0,45,43,10.3838673333333,10.4551069767442,0.0712396434108555,0.470589074080118,0.999330380285523
"PROBE3398_at","GENE3398",0,45,43,7.68077044444444,7.7064023255814,0.0256318811369516,0.821695998832682,0.999330380285523
"PROBE3399_at","GENE3399",0,45,43,8.70221488888889,8.51718744186046,-0.185027447028425,0.106918552070164,0.82191752634415
"PROBE3400_at","GENE3400",0,45,43,9.498194,9.48306837209302,-0.0151256279069774,0.898459509823556,0.999330380285523
"PROBE3401_at","GENE3401",2,45,43,8.31070911111111,8.42043372093023,0.109724609819123,0.376075907591917,0.999330380285523
"PROBE3402_at","GENE3402",2,45,43,9.03492733333333,9.03314348837209,-0.0017838449612384,0.986970610007678,0.999330380285523
"PROBE3403_at","GENE3403",0,45,43,8.53392911111111,8.43482348837209,-0.0991056227390192,0.376972444672186,0.999330380285523
"PROBE3404_at","GENE3404",2,45,43,7.343814,7.43736534883721,0.0935513488372095,0.425802318783118,0.999330380285523
"PROBE3405_at","GENE3405",2,45,43,8.72134066666667,8.76723511627907,0.0458944496124012,0.69429756094596,0.999330380285523
"PROBE3406_at","GENE3406",1,45,43,7.52727422222222,7.59019441860465,0.0629201963824313,0.531833061931981,0.999330380285523
"PROBE3407_at","GENE3407",0,45,43,8.49594755555556,8.67353651162791,0.177588956072348,0.116606972513024,0.868580800841892
"PROBE3408_at","GENE3408",1,45,43,9.10117755555556,9.04423069767442,-0.0569468578811367,0.603579462936313,0.999330380285523
"PROBE3409_at","GENE3409",2,45,43,10.3260551111111,10.0723486046512,-0.253706506459947,0.0461873749951738,0.513946808774575
"PROBE3410_at","GENE3410",2,45,43,7.58167111111111,7.44085813953488,-0.140812971576231,0.208907379313445,0.999330380285523
"PROBE3411_at","GENE3411",0,45,43,8.91717311111111,8.85250790697674,-0.0646652041343696,0.55016544547754,0.999330380285523
"PROBE3412_at","GENE3412",2,45,43,8.84991066666667,8.66580511627907,-0.184105550387594,0.0774050625035769,0.702086734726321
"PROBE3413_at","GENE3413",1,45,43,7.27148022222222,7.26738697674419,-0.00409324547803536,0.968749203429518,0.999330380285523
"PROBE3414_at","GENE3414",1,45,43,5.82723733333333,5.91395325581395,0.0867159224806198,0.446460523179249,0.999330380285523
"PROBE3415_at","GENE3415",1,45,43,9.29011022222222,9.23505186046512,-0.055058361757105,0.5862990956303,0.999330380285523
"PROBE3416_at","GENE3416",0,45,43,9.82214488888889,9.84919953488372,0.0270546459948342,0.796190335591698,0.999330380285523
"PROBE3417_at","GENE3417",2,45,43,9.38486422222222,9.49311953488372,0.108255312661502,0.343681014447563,0.999330380285523
"PROBE3418_at","GENE3418",0,45,43,8.29865511111111,8.31644953488372,0.0177944237726084,0.874951828400883,0.999330380285523
"PROBE3419_at","GENE3419",0,45,43,8.54681644444444,8.41251627906977,-0.134300165374674,0.23802094567849,0.999330380285523
"PROBE3420_at","GENE3420",1,45,43,8.51374866666667,8.67526093023256,0.161512263565889,0.146675248552759,0.950935725171886
"PROBE3421_at","GENE3421",2,45,43,7.77163933333333,7.76418511627907,-0.0074542170542653,0.943724417377607,0.999330380285523
"PROBE3422_at","GENE3422",1,45,43,8.104456,8.10346418604651,-0.000991813953488574,0.993026361826853,0.999330380285523
"PROBE3423_at","GENE3423",0,45,43,7.37631066666667,7.33339697674419,-0.0429136899224778,0.712857445082532,0.999330380285523
"PROBE3424_at","GENE3424",0,45,43,8.812124,8.88774395348837,0.0756199534883741,0.534152907059005,0.999330380285523
"PROBE3425_at","GENE3425",0,45,43,7.62255244444444,7.62633511627907,0.00378267183462544,0.975725629742814,0.999330380285523
"PROBE3426_at","GENE3426",2,45,43,8.79735111111111,8.80540372093023,0.0080526098191207,0.939376657866537,0.999330380285523
"PROBE3427_at","GENE3427",2,45,43,8.74979466666667,8.71390046511628,-0.0358942015503825,0.753079852097392,0.999330380285523
"PROBE3428_at","GENE3428",0,45,43,10.4849808888889,10.3958009302326,-0.089179958656322,0.446177038918491,0.999330380285523
"PROBE3429_at","GENE3429",0,45,43,8.76552911111111,8.76540348837209,-0.000125622739018283,0.999073355430388,0.999818966729852
"PROBE3430_at","GENE3430",1,45,43,8.25917733333333,8.26803930232558,0.00886196899225844,0.933027950074871,0.999330380285523
"PROBE3431_at","GENE3431",1,45,43,9.50984511111111,9.46815279069767,-0.0416923204134374,0.668127609351027,0.999330380285523
"PROBE3432_at","GENE3432",2,45,43,10.8202426666667,10.8189906976744,-0.00125196899224989,0.99128361048859,0.999330380285523
"PROBE3433_at","GENE3433",0,45,43,6.13157888888889,6.04434093023256,-0.0872379586563303,0.422733427398816,0.999330380285523
"PROBE3434_at","GENE3434",2,45,43,8.22404555555556,8.15523558139535,-0.0688099741602031,0.539343225796765,0.999330380285523
"PROBE3435_at","GENE3435",1,45,43,7.53657755555556,7.60197534883721,0.0653977932816554,0.540744062828497,0.999330380285523
"PROBE3436_at","GENE3436",1,45,43,6.33536844444444,6.29786325581395,-0.0375051886304938,0.763014684738849,0.999330380285523
"PROBE3437_at","GENE3437",0,45,43,7.95942866666667,7.98761558139535,0.0281869147286793,0.805845657164939,0.999330380285523
"PROBE3438_at","GENE3438",0,45,43,7.99911755555556,7.98890488372093,-0.0102126718346245,0.931050983169967,0.999330380285523
"PROBE3439_at","GENE3439",0,45,43,8.42912844444444,8.40389651162791,-0.0252319328165331,0.82673401933183,0.999330380285523
"PROBE3440_at","GENE3440",1,45,43,6.85071666666667,6.87078674418605,0.0200700775193807,0.841576397821467,0.999330380285523
"PROBE3441_at","GENE3441",1,45,43,8.146542,8.25267255813954,0.106130558139533,0.385691393644993,0.999330380285523
"PROBE3442_at","GENE3442",0,45,43,8.79035666666667,8.86997511627907,0.0796184496124059,0.468473529124454,0.999330380285523
"PROBE3443_at","GENE3443",1,45,43,8.09283711111111,8.10349488372093,0.0106577726098145,0.926182786710564,0.999330380285523
"PROBE3444_at","GENE3444",2,45,43,8.23601688888889,8.28081209302326,0.0447952041343669,0.703012124358521,0.999330380285523
"PROBE3445_at","GENE3445",0,45,43,8.50838844444444,8.60795069767442,0.099562253229978,0.377881116150561,0.999330380285523
"PROBE3446_at","GENE3446",0,45,43,7.86719666666667,7.92535418604651,0.058157519379848,0.606364075783145,0.999330380285523
"PROBE3447_at","GENE3447",1,45,43,8.484598,8.47615209302326,-0.00844590697674619,0.943299700584683,0.999330380285523
"PROBE3448_at","GENE3448",0,45,43,8.61387155555555,8.6013911627907,-0.0124803927648589,0.902621306969787,0.999330380285523
"PROBE3449_at","GENE3449",0,45,43,10.1306831111111,10.1662404651163,0.0355573540051637,0.760820025942306,0.999330380285523
"PROBE3450_at","GENE3450",1,45,43,8.97185222222222,9.02053139534884,0.048679173126617,0.648790377557832,0.999330380285523
"PROBE3451_at","GENE3451",2,45,43,9.63336244444444,9.58183,-0.0515324444444438,0.649501532033067,0.999330380285523
"PROBE3452_at","GENE3452",1,45,43,9.52068822222222,9.62653279069767,0.105844568475449,0.344283705441992,0.999330380285523
"PROBE3453_at","GENE3453",2,45,43,10.7446175555556,10.7964353488372,0.0518177932816482,0.65929389822834,0.999330380285523
"PROBE3454_at","GENE3454",1,45,43,7.12435488888889,7.25334395348837,0.128989064599482,0.271306435220802,0.999330380285523
"PROBE3455_at","GENE3455",1,45,43,8.26273511111111,8.27628418604651,0.0135490749353977,0.911586829122804,0.999330380285523
"PROBE3456_at","GENE3456",1,45,43,7.93410733333333,7.82109837209302,-0.113008961240307,0.293134582059679,0.999330380285523
"PROBE3457_at","GENE3457",0,45,43,8.16757088888889,8.12077651162791,-0.0467943772609818,0.675859988905552,0.999330380285523
"PROBE3458_at","GENE3458",0,45,43,7.70977244444444,7.58424,-0.125532444444442,0.302330644588652,0.999330380285523
"PROBE3459_at","GENE3459",2,45,43,7.27395133333333,7.1186388372093,-0.155312496124029,0.193856348754531,0.999330380285523
"PROBE3460_at","GENE3460",0,45,43,10.0601197777778,10.1772479069767,0.117128129198965,0.330550432234708,0.999330380285523
"PROBE3461_at","GENE3461",1,45,43,7.20387666666667,7.08873488372093,-0.115141782945734,0.342978080655482,0.999330380285523
"PROBE3462_at","GENE3462",1,45,43,8.16623488888889,8.20221744186047,0.0359825529715767,0.741654042910741,0.999330380285523
"PROBE3463_at","GENE3463",0,45,43,8.28329733333333,8.28612790697674,0.00283057364341666,0.979714455926341,0.999330380285523
"PROBE3464_at","GENE3464",0,45,43,9.79887866666667,9.85779348837209,0.0589148217054287,0.607984950027871,0.999330380285523
"PROBE3465_at","GENE3465",0,45,43,8.02806844444445,8.00410534883721,-0.0239630956072343,0.828876682124873,0.999330380285523
"PROBE3466_at","GENE3466",1,45,43,7.74999911111111,7.69988093023256,-0.0501181808785498,0.653922152619549,0.999330380285523
"PROBE3467_at","GENE3467",1,45,43,11.2530011111111,11.0815469767442,-0.171454134366924,0.11485887231846,0.860366084782475
"PROBE3468_at","GENE3468",0,45,43,7.08290533333333,7.13642069767442,0.0535153643410835,0.624563887834542,0.999330380285523
"PROBE3469_at","GENE3469",1,45,43,6.22239733333333,6.10687255813953,-0.1155247751938,0.32403461450096,0.999330380285523
"PROBE3470_at","GENE3470",0,45,43,8.92686555555556,8.84767790697674,-0.0791876485788077,0.494878974429743,0.999330380285523
"PROBE3471_at","GENE3471",1,45,43,8.704044,8.77739930232558,0.0733553023255844,0.503615620420022,0.999330380285523
"PROBE3472_at","GENE3472",1,45,43,7.83639933333333,7.89507953488372,0.0586802015503878,0.591940197622241,0.999330380285523
"PROBE3473_at","GENE3473",1,45,43,7.03587488888889,6.93680395348837,-0.0990709354005146,0.327985788280152,0.999330380285523
"PROBE3474_at","GENE3474",1,45,43,6.028996,6.18064790697674,0.15165190697674,0.229243796090557,0.999330380285523
"PROBE3475_at","GENE3475",1,45,43,8.08565822222222,8.12278604651163,0.0371278242894029,0.73690392996012,0.999330380285523
"PROBE3476_at","GENE3476",1,45,43,7.773002,7.75428488372093,-0.0187171162790722,0.867286093587901,0.999330380285523
"PROBE3477_at","GENE3477",1,45,43,6.37766844444444,6.37145697674419,-0.00621146770025849,0.960349137106073,0.999330380285523
"PROBE3478_at","GENE3478",1,45,43,7.53780533333333,7.44878744186046,-0.0890178914728681,0.499330372371712,0.999330380285523
"PROBE3479_at","GENE3479",2,45,43,9.69749422222222,9.82201,0.124515777777773,0.252911399376763,0.999330380285523
"PROBE3480_at","GENE3480",0,45,43,8.94674911111111,9.06002255813953,0.113273447028421,0.27342896319581,0.999330380285523
"PROBE3481_at","GENE3481",2,45,43,9.69815577777778,9.80675558139535,0.108599803617569,0.331743557571067,0.999330380285523
"PROBE3482_at","GENE3482",0,45,43,7.67596155555556,7.56573255813954,-0.110228997416021,0.358842754012889,0.999330380285523
"PROBE3483_at","GENE3483",1,45,43,6.41615666666667,6.20572558139535,-0.210431085271318,0.0661601215397045,0.649993237195242
"PROBE3484_at","GENE3484",0,45,43,9.26996377777778,9.30392279069767,0.0339590129198974,0.747062842242514,0.999330380285523
"PROBE3485_at","GENE3485",2,45,43,8.47199088888889,8.47003581395349,-0.00195507493539537,0.986251369063608,0.999330380285523
"PROBE3486_at","GENE3486",0,45,43,6.78244333333333,6.70977488372093,-0.0726684496124008,0.494116491120385,0.999330380285523
"PROBE3487_at","GENE3487",1,45,43,8.92808355555556,8.78526930232558,-0.142814253229972,0.238639839609873,0.999330380285523
"PROBE3488_at","GENE3488",2,45,43,8.17153977777778,8.17479558139535,0.00325580361757005,0.978437982927546,0.999330380285523
"PROBE3489_at","GENE3489",0,45,43,6.24865222222222,6.12203581395349,-0.126616408268732,0.290899100916853,0.999330380285523
"PROBE3490_at","GENE3490",1,45,43,7.01211155555556,7.05064255813953,0.0385310025839809,0.74442978946676,0.999330380285523
"PROBE3491_at","GENE3491",0,45,43,5.52225933333333,5.51792395348837,-0.00433537984495747,0.969682562715503,0.999330380285523
"PROBE3492_at","GENE3492",1,45,43,8.65310755555556,8.53419837209302,-0.118909183462533,0.283152561233176,0.999330380285523
"PROBE3493_at","GENE3493",0,45,43,7.06610288888889,7.07654627906977,0.0104433901808765,0.928689003945135,0.999330380285523
"PROBE3494_at","GENE3494",2,45,43,7.23852533333333,7.23513,-0.0033953333333363,0.978423075593412,0.999330380285523
"PROBE3495_at","GENE3495",1,45,43,6.02395688888889,5.95392813953488,-0.0700287493540097,0.498067053777256,0.999330380285523
"PROBE3496_at","GENE3496",1,45,43,7.394044,7.40490465116279,0.0108606511627896,0.918549460691777,0.999330380285523
"PROBE3497_at","GENE3497",2,45,43,9.43561155555556,9.42285488372093,-0.0127566718346248,0.917780948651594,0.999330380285523
"PROBE3498_at","GENE3498",2,45,43,8.18583333333333,8.24351790697675,0.0576845736434102,0.61045770400865,0.999330380285523
"PROBE3499_at","GENE3499",1,45,43,7.17196422222222,7.01167186046512,-0.160292361757103,0.129585801127985,0.912576064281582
"PROBE3500_at","GENE3500",2,45,43,8.83158088888889,8.80771069767442,-0.0238701912144759,0.830869905043851,0.999330380285523
"PROBE3501_at","GENE3501",1,45,43,10.0079844444444,10.0672234883721,0.059239043927656,0.604252704437276,0.999330380285523
"PROBE3502_at","GENE3502",1,45,43,7.00183444444444,7.0404588372093,0.0386243927648584,0.728250703783591,0.999330380285523
"PROBE3503_at","GENE3503",1,45,43,7.87728222222222,7.8807076744186,0.00342545219638346,0.975863218044334,0.999330380285523
"PROBE3504_at","GENE3504",0,45,43,7.26063,7.34786860465116,0.0872386046511613,0.412449525954603,0.999330380285523
"PROBE3505_at","GENE3505",1,45,43,7.39139733333333,7.17553534883721,-0.215861984496123,0.0735144930737242,0.692986898379596
"PROBE3506_at","GENE3506",1,45,43,8.71320733333333,8.81984046511628,0.106633131782942,0.378250701267702,0.999330380285523
"PROBE3507_at","GENE3507",1,45,43,10.0310713333333,10.0552962790698,0.0242249457364387,0.848555844338904,0.999330380285523
"PROBE3508_at","GENE3508",1,45,43,10.3233048888889,10.5529362790698,0.229631390180877,0.0326015195418465,0.396599029941326
"PROBE3509_at","GENE3509",1,45,43,7.93138266666667,7.87615441860465,-0.0552282480620132,0.617010563011817,0.999330380285523
"PROBE3510_at","GENE3510",0,45,43,9.40329222222222,9.42502720930232,0.0217349870801034,0.845680740414586,0.999330380285523
"PROBE3511_at","GENE3511",2,45,43,9.02890333333333,9.05368534883721,0.0247820155038738,0.820485192100363,0.999330380285523
"PROBE3512_at","GENE3512",1,45,43,5.28684355555556,5.28291186046512,-0.00393169509043911,0.972022086273105,0.999330380285523
"PROBE3513_at","GENE3513",1,45,43,7.85238,7.94205139534884,0.0896713953488337,0.486615879131383,0.999330380285523
"PROBE3514_at","GENE3514",0,45,43,8.86149777777778,8.93107581395349,0.0695780361757077,0.550310246781456,0.999330380285523
"PROBE3515_at","GENE3515",2,45,43,6.63173955555556,6.66675093023256,0.0350113746770049,0.716586489810925,0.999330380285523
"PROBE3516_at","GENE3516",2,45,43,10.3302057777778,10.2734427906977,-0.0567629870801003,0.609123262375586,0.999330380285523
"PROBE3517_at","GENE3517",0,45,43,7.30907888888889,7.21581093023256,-0.0932679586563303,0.434851372767494,0.999330380285523
"PROBE3518_at","GENE3518",2,45,43,6.00831133333333,6.10399162790698,0.0956802945736444,0.376843362951868,0.999330380285523
"PROBE3519_at","GENE3519",1,45,43,6.70107933333333,6.67846720930233,-0.0226121240310109,0.857153916009969,0.999330380285523
"PROBE3520_at","GENE3520",2,45,43,7.36870533333333,7.41579627906977,0.0470909457364375,0.674821564174662,0.999330380285523
"PROBE3521_at","GENE3521",0,45,43,7.88887155555556,7.80532697674419,-0.0835445788113676,0.483181871773371,0.999330380285523
"PROBE3522_at","GENE3522",0,45,43,7.06335844444444,7.2076076744186,0.144249229974156,0.148637950840949,0.950935725171886
"PROBE3523_at","GENE3523",0,45,43,7.95366466666667,7.86811534883721,-0.0855493178294591,0.437062919193703,0.999330380285523
"PROBE3524_at","GENE3524",2,45,43,7.76499333333333,7.9880876744186,0.223094341085273,0.0276661766286307,0.354694572161932
"PROBE3525_at","GENE3525",0,45,43,8.99499022222222,9.01204255813954,0.0170523359173131,0.865298485335274,0.999330380285523
"PROBE3526_at","GENE3526",0,45,43,7.64289911111111,7.65373953488372,0.0108404237726116,0.920694599137465,0.999330380285523
"PROBE3527_at","GENE3527",2,45,43,8.51655111111111,8.46309930232558,-0.0534518087855371,0.631071600375932,0.999330380285523
"PROBE3528_at","GENE3528",2,45,43,8.881426,8.73938418604651,-0.142041813953487,0.185301033896196,0.999330380285523
"PROBE3529_at","GENE3529",1,45,43,8.421158,8.39280790697674,-0.0283500930232528,0.796647254732354,0.999330380285523
"PROBE3530_at","GENE3530",1,45,43,8.87598133333333,8.87813209302326,0.00215075968992551,0.982809271498008,0.999330380285523
"PROBE3531_at","GENE3531",1,45,43,5.96369266666667,5.85595,-0.107742666666669,0.328295987142255,0.999330380285523
"PROBE3532_at","GENE3532",1,45,43,9.36769444444444,9.28769093023256,-0.0800035142118833,0.43192374156708,0.999330380285523
"PROBE3533_at","GENE3533",0,45,43,9.689068,9.69377325581395,0.00470525581395975,0.965654224374835,0.999330380285523
"PROBE3534_at","GENE3534",0,45,43,7.50661355555556,7.44787046511628,-0.0587430904392763,0.57461980092525,0.999330380285523
"PROBE3535_at","GENE3535",2,45,43,10.6957124444444,10.7021144186047,0.00640197416020705,0.951925260378706,0.999330380285523
"PROBE3536_at","GENE3536",1,45,43,7.78309977777778,7.67091813953488,-0.112181638242897,0.347654830193406,0.999330380285523
"PROBE3537_at","GENE3537",2,45,43,7.89013688888889,7.72872395348837,-0.161412935400514,0.139989730100471,0.945206762896939
"PROBE3538_at","GENE3538",2,45,43,6.88182066666667,6.76553302325581,-0.116287643410851,0.256999911850909,0.999330380285523
"PROBE3539_at","GENE3539",1,45,43,6.828188,6.80566744186047,-0.022520558139532,0.845527822577331,0.999330380285523
"PROBE3540_at","GENE3540",1,45,43,8.47639866666667,8.47019093023256,-0.00620773643410644,0.956514694071637,0.999330380285523
"PROBE3541_at","GENE3541",1,45,43,8.61246911111111,8.63143860465116,0.0189694935400517,0.868129572886395,0.999330380285523
"PROBE3542_at","GENE3542",2,45,43,8.54450777777778,8.39649511627907,-0.148012661498703,0.195672146841716,0.999330380285523
"PROBE3543_at","GENE3543",0,45,43,8.04942288888889,8.22228627906977,0.172863390180881,0.140728440609437,0.945206762896939
"PROBE3544_at","GENE3544",2,45,43,8.21754733333333,8.16277465116279,-0.0547726821705385,0.637914745006631,0.999330380285523
"PROBE3545_at","GENE3545",2,45,43,10.9618495555556,10.9701186046512,0.00826904909561144,0.939618182379285,0.999330380285523
"PROBE3546_at","GENE3546",0,45,43,9.04413888888889,9.08816186046512,0.0440229715762275,0.681460938600175,0.999330380285523
"PROBE3547_at","GENE3547",1,45,43,6.74975222222222,6.74446930232558,-0.00528291989664176,0.962128686524925,0.999330380285523
"PROBE3548_at","GENE3548",1,45,43,8.16010155555556,8.11697,-0.0431315555555578,0.695243703993952,0.999330380285523
"PROBE3549_at","GENE3549",0,45,43,8.75065888888889,8.64956651162791,-0.101092377260983,0.420160438613227,0.999330380285523
"PROBE3550_at","GENE3550",1,45,43,10.240014,10.2717930232558,0.0317790232558117,0.781047763811762,0.999330380285523
"PROBE3551_at","GENE3551",2,45,43,9.37096355555556,9.46997093023256,0.0990073746770008,0.309506731192792,0.999330380285523
"PROBE3552_at","GENE3552",0,45,43,8.63390644444444,8.52917558139535,-0.104730863049092,0.303896718190567,0.999330380285523
"PROBE3553_at","GENE3553",0,45,43,8.78648755555556,8.82422465116279,0.0377370956072358,0.745322191781812,0.999330380285523
"PROBE3554_at","GENE3554",1,45,43,9.51845711111111,9.4525711627907,-0.0658859483204086,0.581585002914811,0.999330380285523
"PROBE3555_at","GENE3555",0,45,43,8.84314933333333,8.70443651162791,-0.138712821705422,0.203731395937378,0.999330380285523
"PROBE3556_at","GENE3556",1,45,43,9.42303933333333,9.36081767441861,-0.06222165891473,0.567745986330263,0.999330380285523
"PROBE3557_at","GENE3557",1,45,43,8.98884466666667,8.79032953488372,-0.198515131782944,0.0672145260840714,0.65575147399094
"PROBE3558_at","GENE3558",2,45,43,9.10042333333333,9.23018976744186,0.129766434108532,0.269887859807112,0.999330380285523
"PROBE3559_at","GENE3559",2,45,43,8.03136,8.03621441860465,0.00485441860464952,0.968161055320864,0.999330380285523
"PROBE3560_at","GENE3560",0,45,43,8.647048,8.65878093023256,0.0117329302325633,0.915685959012389,0.999330380285523
"PROBE3561_at","GENE3561",1,45,43,7.54136555555556,7.57121441860465,0.029848863049093,0.776820217504406,0.999330380285523
"PROBE3562_at","GENE3562",1,45,43,8.17939044444444,8.17419046511628,-0.00519997932816629,0.959141644504271,0.999330380285523
"PROBE3563_at","GENE3563",1,45,43,8.16148466666667,7.94405813953488,-0.217426527131782,0.0590881571984729,0.597522058057051
"PROBE3564_at","GENE3564",0,45,43,7.44423977777778,7.55308209302326,0.10884231524548,0.359624882605288,0.999330380285523
"PROBE3565_at","GENE3565",0,45,43,7.766026,7.88132488372093,0.115298883720929,0.295502350586357,0.999330380285523
"PROBE3566_at","GENE3566",1,45,43,8.74047644444444,8.75630046511628,0.0158240206718343,0.881985722104132,0.999330380285523
"PROBE3567_at","GENE3567",0,45,43,6.84432888888889,6.66627046511628,-0.178058423772608,0.0759104129478584,0.694832155129139
"PROBE3568_at","GENE3568",0,45,43,9.66900733333333,9.68222860465116,0.0132212713178266,0.901699767261738,0.999330380285523
"PROBE3569_at","GENE3569",1,45,43,8.51339244444445,8.50142906976744,-0.0119633746770038,0.918260918993168,0.999330380285523
"PROBE3570_at","GENE3570",1,45,43,11.475892,11.4494813953488,-0.0264106046511667,0.819465339179279,0.999330380285523
"PROBE3571_at","GENE3571",0,45,43,7.93618577777778,8.04895744186046,0.112771664082691,0.336292251880055,0.999330380285523
"PROBE3572_at","GENE3572",0,45,43,8.96316111111111,8.96671255813954,0.00355144702842303,0.978153568170489,0.999330380285523
"PROBE3573_at","GENE3573",0,45,43,7.06523488888889,6.95005023255814,-0.115184656330749,0.277807245787726,0.999330380285523
"PROBE3574_at","GENE3574",2,45,43,9.19217755555556,9.07424651162791,-0.117931043927644,0.300972330509318,0.999330380285523
"PROBE3575_at","GENE3575",0,45,43,9.26916888888889,9.2688888372093,-0.000280051679590443,0.998098136604189,0.999818966729852
"PROBE3576_at","GENE3576",1,45,43,7.85708933333333,7.68995465116279,-0.167134682170543,0.0820528127864186,0.724997859905213
"PROBE3577_at","GENE3577",2,45,43,11.8326471111111,11.7815579069767,-0.0510892041343638,0.665451594354466,0.999330380285523
"PROBE3578_at","GENE3578",0,45,43,8.075174,7.86559697674419,-0.209577023255816,0.0159636098940756,0.223267271245813
"PROBE3579_at","GENE3579",1,45,43,8.26429955555555,8.09882372093023,-0.165475834625324,0.135045049914839,0.932832559266353
"PROBE3580_at","GENE3580",0,45,43,5.46429088888889,5.44137976744186,-0.0229111214470272,0.845781938646774,0.999330380285523
"PROBE3581_at","GENE3581",2,45,43,9.60437822222222,9.79221906976744,0.187840847545223,0.0986782493222335,0.798082367947044
"PROBE3582_at","GENE3582",1,45,43,6.98726244444444,6.88873069767442,-0.098531746770024,0.346909376568186,0.999330380285523
"PROBE3583_at","GENE3583",0,45,43,9.16907777777778,9.14371720930233,-0.0253605684754508,0.822834022725152,0.999330380285523
"PROBE3584_at","GENE3584",2,45,43,7.043792,6.96663627906977,-0.0771557209302358,0.488843548893248,0.999330380285523
"PROBE3585_at","GENE3585",0,45,43,9.52662444444444,9.58951720930233,0.0628927648578799,0.584978588120309,0.999330380285523
"PROBE3586_at","GENE3586",0,45,43,9.36947,9.45399046511628,0.0845204651162792,0.445617357989452,0.999330380285523
"PROBE3587_at","GENE3587",2,45,43,10.3992948888889,10.3592406976744,-0.0400541912144732,0.73700331250825,0.999330380285523
"PROBE3588_at","GENE3588",2,45,43,9.20236822222222,9.16913418604651,-0.033234036175708,0.779993235403356,0.999330380285523
"PROBE3589_at","GENE3589",0,45,43,7.46148111111111,7.61774697674419,0.156265865633078,0.150253160175556,0.950935725171886
"PROBE3590_at","GENE3590",0,45,43,8.93337711111111,8.88249767441861,-0.0508794366925081,0.632062422552608,0.999330380285523
"PROBE3591_at","GENE3591",0,45,43,8.36402244444444,8.2778623255814,-0.086160118863047,0.436944210845654,0.999330380285523
"PROBE3592_at","GENE3592",1,45,43,6.52541555555556,6.4096311627907,-0.115784392764858,0.277272107188664,0.999330380285523
"PROBE3593_at","GENE3593",0,45,43,8.68792933333333,8.60326534883721,-0.0846639844961228,0.466276191539861,0.999330380285523
"PROBE3594_at","GENE3594",2,45,43,10.9175017777778,10.9437351162791,0.0262333385012976,0.803603735723754,0.999330380285523
"PROBE3595_at","GENE3595",1,45,43,8.05457177777778,7.96623837209302,-0.0883334056847547,0.442116999515852,0.999330380285523
"PROBE3596_at","GENE3596",1,45,43,8.03691511111111,7.94513418604651,-0.0917809250645982,0.406114049359853,0.999330380285523
"PROBE3597_at","GENE3597",1,45,43,7.91824644444444,7.89948581395349,-0.0187606304909549,0.85998262697665,0.999330380285523
"PROBE3598_at","GENE3598",1,45,43,8.96297111111111,9.02410139534884,0.0611302842377306,0.622004575949,0.999330380285523
"PROBE3599_at","GENE3599",0,45,43,7.34354,7.4446288372093,0.101088837209302,0.387631126291578,0.999330380285523
"PROBE3600_at","GENE3600",2,45,43,6.673636,6.74768069767442,0.0740446976744193,0.501463059732235,0.999330380285523
"PROBE3601_at","GENE3601",1,45,43,6.51851911111111,6.55882395348837,0.040304842377263,0.684864612185489,0.999330380285523
"PROBE3602_at","GENE3602",1,45,43,8.29829644444444,8.3263911627907,0.028094718346253,0.798317090452787,0.999330380285523
"PROBE3603_at","GENE3603",2,45,43,9.44188266666667,9.62577604651163,0.183893379844953,0.0762692754529718,0.696523063497459
"PROBE3604_at","GENE3604",1,45,43,9.53317377777778,9.52576837209302,-0.00740540568475367,0.94876618855746,0.999330380285523
"PROBE3605_at","GENE3605",0,45,43,7.42567133333333,7.42105837209302,-0.00461296124030852,0.963288565868713,0.999330380285523
"PROBE3606_at","GENE3606",0,45,43,9.048194,9.01494372093023,-0.0332502790697617,0.785125475909367,0.999330380285523
"PROBE3607_at","GENE3607",1,45,43,8.13926,8.14886790697674,0.00960790697674518,0.936327750464883,0.999330380285523
"PROBE3608_at","GENE3608",1,45,43,6.26262777777778,6.32070069767442,0.0580729198966408,0.594988451773281,0.999330380285523
"PROBE3609_at","GENE3609",0,45,43,8.80545888888889,8.7649911627907,-0.0404677260981909,0.697983945424015,0.999330380285523
"PROBE3610_at","GENE3610",1,45,43,9.43359355555556,9.39567139534884,-0.037922160206719,0.730054165611022,0.999330380285523
"PROBE3611_at","GENE3611",2,45,43,9.95818777777778,9.92655348837209,-0.0316342894056874,0.772039616781933,0.999330380285523
"PROBE3612_at","GENE3612",0,45,43,8.71065822222222,8.77397465116279,0.0633164289405688,0.567980363300563,0.999330380285523
"PROBE3613_at","GENE3613",1,45,43,9.07871222222222,9.16250093023256,0.0837887080103386,0.4346825041368,0.999330380285523
"PROBE3614_at","GENE3614",2,45,43,6.98525755555556,6.95390581395349,-0.0313517416020677,0.776685974204572,0.999330380285523
"PROBE3615_at","GENE3615",1,45,43,7.60953688888889,7.60727558139535,-0.00226130749353981,0.984666503675623,0.999330380285523
"PROBE3616_at","GENE3616",2,45,43,7.32681288888889,7.38208651162791,0.0552736227390191,0.633767486216007,0.999330380285523
"PROBE3617_at","GENE3617",0,45,43,8.52208466666667,8.51163627906977,-0.0104483875968953,0.928977483018608,0.999330380285523
"PROBE3618_at","GENE3618",2,45,43,10.4401133333333,10.5384493023256,0.0983359689922505,0.395124354224735,0.999330380285523
"PROBE3619_at","GENE3619",0,45,43,9.19054733333333,9.13339441860465,-0.0571529147286789,0.617747120773456,0.999330380285523
"PROBE3620_at","GENE3620",1,45,43,8.59250377777778,8.48749186046512,-0.105011917312662,0.379542777402677,0.999330380285523
"PROBE3621_at","GENE3621",1,45,43,7.15208288888889,7.18549279069767,0.0334099018087901,0.764336173159139,0.999330380285523
"PROBE3622_at","GENE3622",0,45,43,7.40122844444444,7.44969162790698,0.0484631834625358,0.652055045751945,0.999330380285523
"PROBE3623_at","GENE3623",0,45,43,7.73315822222222,7.71892279069767,-0.0142354315245505,0.896831109751485,0.999330380285523
"PROBE3624_at","GENE3624",0,45,43,7.15514644444444,7.14547860465116,-0.00966783979328589,0.925117775688509,0.999330380285523
"PROBE3625_at","GENE3625",0,45,43,9.34770911111111,9.46957837209302,0.121869260981915,0.335383687143958,0.999330380285523
"PROBE3626_at","GENE3626",1,45,43,8.769054,8.7299988372093,-0.0390551627906994,0.730686412588514,0.999330380285523
"PROBE3627_at","GENE3627",2,45,43,9.52093377777778,9.53968488372093,0.0187511059431529,0.875756198474973,0.999330380285523
"PROBE3628_at","GENE3628",0,45,43,8.10112222222222,8.17565627906977,0.074534056847547,0.502977271275508,0.999330380285523
"PROBE3629_at","GENE3629",2,45,43,9.75459911111111,9.73938441860465,-0.0152146925064613,0.89534559655295,0.999330380285523
"PROBE3630_at","GENE3630",1,45,43,8.51803,8.42539511627907,-0.0926348837209332,0.451740120695682,0.999330380285523
"PROBE3631_at","GENE3631",0,45,43,9.36005911111111,9.45765069767442,0.0975915865633059,0.36942207453792,0.999330380285523
"PROBE3632_at","GENE3632",0,45,43,8.790264,8.73480953488372,-0.0554544651162789,0.636258529445811,0.999330380285523
"PROBE3633_at","GENE3633",0,45,43,8.17016577777778,8.17224255813954,0.00207678036175984,0.985478286419426,0.999330380285523
"PROBE3634_at","GENE3634",1,45,43,8.52900577777778,8.55019558139535,0.0211898036175686,0.85730410245139,0.999330380285523
"PROBE3635_at","GENE3635",1,45,43,9.27498688888889,9.33874906976744,0.0637621808785589,0.553623062832131,0.999330380285523
"PROBE3636_at","GENE3636",1,45,43,8.09336288888889,7.97219976744186,-0.121163121447033,0.237893271264159,0.999330380285523
"PROBE3637_at","GENE3637",2,45,43,7.73108844444444,7.74080325581395,0.00971481136950914,0.927944199293423,0.999330380285523
"PROBE3638_at","GENE3638",0,45,43,10.1575335555556,10.1297565116279,-0.0277770439276406,0.810346861519538,0.999330380285523
"PROBE3639_at","GENE3639",2,45,43,9.11371244444445,8.99551744186047,-0.118195002583979,0.29827658148792,0.999330380285523
"PROBE3640_at","GENE3640",1,45,43,10.1187006666667,10.16842,0.0497193333333374,0.677501701304685,0.999330380285523
"PROBE3641_at","GENE3641",1,45,43,9.37699844444444,9.25475534883721,-0.122243095607239,0.267212034771228,0.999330380285523
"PROBE3642_at","GENE3642",2,45,43,7.806318,7.79824255813953,-0.00807544186046272,0.942345063587255,0.999330380285523
"PROBE3643_at","GENE3643",0,45,43,7.75359044444444,7.64385488372093,-0.109735560723514,0.333476896041658,0.999330380285523
"PROBE3644_at","GENE3644",0,45,43,7.94937822222222,7.86213697674419,-0.0872412454780358,0.379214432178602,0.999330380285523
"PROBE3645_at","GENE3645",2,45,43,9.84417933333333,9.86065627906977,0.0164769457364358,0.877288600833873,0.999330380285523
"PROBE3646_at","GENE3646",2,45,43,9.59103066666667,9.60621069767442,0.0151800310077519,0.886471168122365,0.999330380285523
"PROBE3647_at","GENE3647",0,45,43,8.98033622222222,8.97252488372093,-0.00781133850129301,0.94614867722756,0.999330380285523
"PROBE3648_at","GENE3648",1,45,43,8.889946,8.99046930232558,0.100523302325584,0.398286286426959,0.999330380285523
"PROBE3649_at","GENE3649",1,45,43,7.23217933333333,7.32024813953488,0.088068806201556,0.391737899474496,0.999330380285523
"PROBE3650_at","GENE3650",2,45,43,8.53900644444444,8.39694744186047,-0.142059002583977,0.200658432034655,0.999330380285523
"PROBE3651_at","GENE3651",0,45,43,8.23764577777778,8.07959930232558,-0.158046475452199,0.21057213821597,0.999330380285523
"PROBE3652_at","GENE3652",1,45,43,6.76773088888889,6.81352162790698,0.0457907390180914,0.706698947013662,0.999330380285523
"PROBE3653_at","GENE3653",1,45,43,7.20886,7.28424279069767,0.075382790697673,0.468337781500207,0.999330380285523
"PROBE3654_at","GENE3654",2,45,43,8.047264,7.93298720930233,-0.114276790697675,0.264741068206333,0.999330380285523
"PROBE3655_at","GENE3655",2,45,43,6.81126911111111,6.95988604651163,0.148616935400518,0.160930295355366,0.970099615419791
"PROBE3656_at","GENE3656",0,45,43,8.64920488888889,8.69717720930232,0.0479723204134359,0.675782380303075,0.999330380285523
"PROBE3657_at","GENE3657",0,45,43,8.51756777777778,8.58803488372093,0.0704671059431501,0.524980594845509,0.999330380285523
"PROBE3658_at","GENE3658",0,45,43,10.4622877777778,10.531558372093,0.0692705943152454,0.572678444583542,0.999330380285523
"PROBE3659_at","GENE3659",1,45,43,9.49015666666667,9.57933162790698,0.0891749612403103,0.393929732042447,0.999330380285523
"PROBE3660_at","GENE3660",0,45,43,7.17912511111111,7.24558720930233,0.066462098191213,0.513572414865366,0.999330380285523
"PROBE3661_at","GENE3661",0,45,43,8.93407844444445,8.9035276744186,-0.0305507700258385,0.767964834676284,0.999330380285523
"PROBE3662_at","GENE3662",0,45,43,9.41800088888889,9.27482186046512,-0.143179028423774,0.173598107363853,0.997690272206052
"PROBE3663_at","GENE3663",1,45,43,6.74207488888889,6.77459162790698,0.0325167390180869,0.761177988163488,0.999330380285523
"PROBE3664_at","GENE3664",2,45,43,8.77174733333333,8.76676186046512,-0.00498547286821704,0.966213602104741,0.999330380285523
"PROBE3665_at","GENE3665",1,45,43,8.43497755555556,8.49527465116279,0.0602970956072344,0.561578619746081,0.999330380285523
"PROBE3666_at","GENE3666",1,45,43,8.32379155555556,8.16241395348837,-0.161377602067184,0.122526869125021,0.887875863224789
"PROBE3667_at","GENE3667",2,45,43,9.93727622222222,9.90412837209302,-0.0331478501291969,0.771155450829396,0.999330380285523
"PROBE3668_at","GENE3668",0,45,43,6.71207244444444,6.69082465116279,-0.0212477932816544,0.840563098932997,0.999330380285523
"PROBE3669_at","GENE3669",2,45,43,5.74168444444444,5.77146953488372,0.0297850904392769,0.775565121639127,0.999330380285523
"PROBE3670_at","GENE3670",2,45,43,10.8610033333333,10.8989218604651,0.0379185271317866,0.712636608309312,0.999330380285523
"PROBE3671_at","GENE3671",2,45,43,9.74592644444444,9.74744976744186,0.00152332299742142,0.98934028826031,0.999330380285523
"PROBE3672_at","GENE3672",0,45,43,8.05202244444444,8.20368255813954,0.151660113695087,0.155651134988454,0.957853138390485
"PROBE3673_at","GENE3673",1,45,43,7.70403933333333,7.67081906976744,-0.03322026356589,0.763503122430436,0.999330380285523
"PROBE3674_at","GENE3674",2,45,43,8.77859466666667,8.69855767441861,-0.0800369922480613,0.439660916811862,0.999330380285523
"PROBE3675_at","GENE3675",0,45,43,8.68533977777778,8.71472720930233,0.0293874315245528,0.756879178742954,0.999330380285523
"PROBE3676_at","GENE3676",1,45,43,8.27698755555556,8.29334953488372,0.0163619793281669,0.87914106232489,0.999330380285523
"PROBE3677_at","GENE3677",2,45,43,8.16572244444444,8.04671790697674,-0.119004537467703,0.267308401836305,0.999330380285523
"PROBE3678_at","GENE3678",2,45,43,8.17957955555556,8.15992093023256,-0.0196586253229984,0.876350408875604,0.999330380285523
"PROBE3679_at","GENE3679",0,45,43,6.03960888888889,6.02758046511628,-0.0120284237726089,0.897003907672783,0.999330380285523
"PROBE3680_at","GENE3680",1,45,43,6.98068333333333,7.03011023255814,0.0494268992248053,0.628215240142578,0.999330380285523
"PROBE3681_at","GENE3681",1,45,43,6.75530711111111,6.72822697674419,-0.0270801343669227,0.811965144920807,0.999330380285523
"PROBE3682_at","GENE3682",0,45,43,7.94179244444444,7.99230139534884,0.0505089509043923,0.656666176158016,0.999330380285523
"PROBE3683_at","GENE3683",2,45,43,9.19287088888889,9.2156523255814,0.0227814366925116,0.835047307270508,0.999330380285523
"PROBE3684_at","GENE3684",2,45,43,6.98270844444444,7.1267123255814,0.144003881136949,0.145695773051012,0.950935725171886
"PROBE3685_at","GENE3685",2,45,43,9.57069066666667,9.44940697674419,-0.121283689922485,0.36503565374311,0.999330380285523
"PROBE3686_at","GENE3686",2,45,43,9.950566,9.97547372093023,0.0249077209302371,0.816203947827938,0.999330380285523
"PROBE3687_at","GENE3687",1,45,43,9.39957333333333,9.5085411627907,0.108967829457368,0.318976000863583,0.999330380285523
"PROBE3688_at","GENE3688",2,45,43,8.74470444444444,8.84665069767442,0.101946253229974,0.322710324034414,0.999330380285523
"PROBE3689_at","GENE3689",1,45,43,7.54698644444444,7.50781325581395,-0.0391731886304898,0.704624174210782,0.999330380285523
"PROBE3690_at","GENE3690",1,45,43,8.17630711111111,8.2514323255814,0.075125214470285,0.480948721635622,0.999330380285523
"PROBE3691_at","GENE3691",1,45,43,8.04900155555556,8.05807162790698,0.0090700723514221,0.938807170356937,0.999330380285523
"PROBE3692_at","GENE3692",0,45,43,8.138432,8.16702604651163,0.0285940465116319,0.780764609157741,0.999330380285523
"PROBE3693_at","GENE3693",2,45,43,9.04589466666667,9.12384744186047,0.0779527751938023,0.477812327592715,0.999330380285523
"PROBE3694_at","GENE3694",1,45,43,8.791002,8.79301651162791,0.00201451162790711,0.985674209360847,0.999330380285523
"PROBE3695_at","GENE3695",0,45,43,8.77468511111111,8.83880186046512,0.0641167493540014,0.549644551953778,0.999330380285523
"PROBE3696_at","GENE3696",1,45,43,7.51412222222222,7.26589488372093,-0.248227338501292,0.0265006530709487,0.343050525190275
"PROBE3697_at","GENE3697",0,45,43,9.47209088888889,9.35702720930233,-0.115063679586557,0.32085838199999,0.999330380285523
"PROBE3698_at","GENE3698",2,45,43,8.56221822222222,8.56848418604651,0.00626596382428879,0.951690950988193,0.999330380285523
"PROBE3699_at","GENE3699",2,45,43,9.34374711111111,9.29820744186046,-0.045539669250644,0.681549894995367,0.999330380285523
"PROBE3700_at","GENE3700",0,45,43,6.96054955555556,6.88398209302326,-0.0765674625322985,0.44084374163442,0.999330380285523
"PROBE3701_at","GENE3701",1,45,43,7.24620511111111,7.18763279069767,-0.058572320413437,0.573334689800795,0.999330380285523
"PROBE3702_at","GENE3702",2,45,43,11.4029224444444,11.3798095348837,-0.0231129095607212,0.832969411676221,0.999330380285523
"PROBE3703_at","GENE3703",1,45,43,7.15312688888889,7.22919930232558,0.0760724134366919,0.521487112092508,0.999330380285523
"PROBE3704_at","GENE3704",1,45,43,6.12746577777778,6.04502720930233,-0.0824385684754549,0.443666614367458,0.999330380285523
"PROBE3705_at","GENE3705",0,45,43,9.40719088888889,9.4877811627907,0.080590273901807,0.469590553787792,0.999330380285523
"PROBE3706_at","GENE3706",0,45,43,7.973252,7.82849674418605,-0.144755255813952,0.23826964632421,0.999330380285523
"PROBE3707_at","GENE3707",2,45,43,7.722568,7.84604302325581,0.123475023255812,0.235950645572154,0.999330380285523
"PROBE3708_at","GENE3708",1,45,43,8.18932022222222,8.18445162790698,-0.00486859431524422,0.963902728706601,0.999330380285523
"PROBE3709_at","GENE3709",2,45,43,9.03056866666667,9.04908976744186,0.0185211007751942,0.853732716607314,0.999330380285523
"PROBE3710_at","GENE3710",2,45,43,11.6572637777778,11.6128851162791,-0.0443786614987101,0.647210410895951,0.999330380285523
"PROBE3711_at","GENE3711",2,45,43,8.88376177777778,8.88161627906977,-0.00214549870801228,0.983283428655952,0.999330380285523
"PROBE3712_at","GENE3712",2,45,43,9.30167133333333,9.48792906976744,0.186257736434111,0.113645038106276,0.856565937144889
"PROBE3713_at","GENE3713",0,45,43,8.26281422222222,8.48539790697674,0.22258368475452,0.0604120837926447,0.608685982797427
"PROBE3714_at","GENE3714",2,45,43,10.8717344444444,10.9605939534884,0.0888595090439317,0.432272934218351,0.999330380285523
"PROBE3715_at","GENE3715",1,45,43,7.10655711111111,7.29812186046512,0.191564749354005,0.0789411107018031,0.711181177493722
"PROBE3716_at","GENE3716",1,45,43,8.42884977777778,8.58228,0.153430222222223,0.142803703647008,0.950440623274599
"PROBE3717_at","GENE3717",1,45,43,8.89162177777778,8.92523697674419,0.0336151989664089,0.758723932697916,0.999330380285523
"PROBE3718_at","GENE3718",1,45,43,10.7643822222222,10.7737941860465,0.00941196382429332,0.929307069532734,0.999330380285523
"PROBE3719_at","GENE3719",0,45,43,7.39565533333333,7.43081976744186,0.0351644341085295,0.760597101750422,0.999330380285523
"PROBE3720_at","GENE3720",2,45,43,11.0648915555556,10.9061018604651,-0.158789695090443,0.144656573678256,0.950935725171886
"PROBE3721_at","GENE3721",2,45,43,7.50400888888889,7.42241744186046,-0.0815914470284245,0.445466760038583,0.999330380285523
"PROBE3722_at","GENE3722",1,45,43,6.52252777777778,6.53756441860465,0.0150366408268727,0.898747008772605,0.999330380285523
"PROBE3723_at","GENE3723",1,45,43,8.543634,8.61542953488372,0.0717955348837211,0.523552618395916,0.999330380285523
"PROBE3724_at","GENE3724",2,45,43,8.47647422222222,8.5773988372093,0.100924614987081,0.327746635606195,0.999330380285523
"PROBE3725_at","GENE3725",1,45,43,9.58836755555556,9.74982372093023,0.161456165374677,0.170121845012929,0.989347380354554
"PROBE3726_at","GENE3726",2,45,43,9.45091977777778,9.47013139534884,0.0192116175710613,0.861948991553069,0.999330380285523
"PROBE3727_at","GENE3727",0,45,43,9.845264,9.93155069767442,0.0862866976744172,0.435829754963454,0.999330380285523
"PROBE3728_at","GENE3728",1,45,43,8.03535266666667,7.96287837209302,-0.0724742945736443,0.516647818426455,0.999330380285523
"PROBE3729_at","GENE3729",1,45,43,5.97066911111111,6.05203488372093,0.0813657726098187,0.446976262489836,0.999330380285523
"PROBE3730_at","GENE3730",1,45,43,8.44605911111111,8.24252139534884,-0.20353771576227,0.074126568194727,0.692986898379596
"PROBE3731_at","GENE3731",2,45,43,8.48142422222222,8.48606581395349,0.00464159173126255,0.965402423609139,0.999330380285523
"PROBE3732_at","GENE3732",2,45,43,7.19410111111111,7.03840441860465,-0.155696692506458,0.150869517512592,0.950935725171886
"PROBE3733_at","GENE3733",0,45,43,8.71135911111111,8.79185488372093,0.0804957726098188,0.49844231378515,0.999330380285523
"PROBE3734_at","GENE3734",1,45,43,8.88385022222222,8.82430418604651,-0.059546036175707,0.609138904454168,0.999330380285523
"PROBE3735_at","GENE3735",1,45,43,6.78913044444444,6.78951139534884,0.000380950904395938,0.99727455183382,0.999330380285523
"PROBE3736_at","GENE3736",0,45,43,7.12236955555556,7.14432093023256,0.0219513746770046,0.838022907332013,0.999330380285523
"PROBE3737_at","GENE3737",0,45,43,7.82342422222222,7.86517976744186,0.0417555452196394,0.703391482885484,0.999330380285523
"PROBE3738_at","GENE3738",1,45,43,6.59246488888889,6.57193325581395,-0.0205316330749348,0.836236585332165,0.999330380285523
"PROBE3739_at","GENE3739",1,45,43,8.76846688888889,8.76946581395349,0.000998925064596534,0.993038786925614,0.999330380285523
"PROBE3740_at","GENE3740",1,45,43,7.711386,7.63777139534884,-0.073614604651163,0.472075546228374,0.999330380285523
"PROBE3741_at","GENE3741",2,45,43,7.88643777777778,7.70525813953488,-0.18117963824289,0.0980155388626914,0.796337161693715
"PROBE3742_at","GENE3742",2,45,43,9.72423311111111,9.91696023255814,0.192727121447028,0.0823190181414599,0.725277692876299
"PROBE3743_at","GENE3743",1,45,43,7.16768488888889,7.15535348837209,-0.0123314005167936,0.909095037388989,0.999330380285523
"PROBE3744_at","GENE3744",0,45,43,8.505164,8.47193627906977,-0.0332277209302347,0.746942243263797,0.999330380285523
"PROBE3745_at","GENE3745",0,45,43,9.23676333333333,9.32180162790698,0.0850382945736445,0.453346866874291,0.999330380285523
"PROBE3746_at","GENE3746",0,45,43,7.56433533333333,7.51512558139535,-0.049209751937985,0.645068000884558,0.999330380285523
"PROBE3747_at","GENE3747",0,45,43,7.79934555555556,7.71316023255814,-0.086185322997415,0.393578010559597,0.999330380285523
"PROBE3748_at","GENE3748",2,45,43,9.30661133333333,9.34412372093023,0.0375123875968981,0.742597244975258,0.999330380285523
"PROBE3749_at","GENE3749",1,45,43,7.89191422222222,7.87579720930233,-0.0161170129198895,0.894219196851204,0.999330380285523
"PROBE3750_at","GENE3750",1,45,43,6.58786422222222,6.58205860465116,-0.0058056175710588,0.957223663332218,0.999330380285523
"PROBE3751_at","GENE3751",1,45,43,6.90459088888889,6.80589976744186,-0.0986911214470272,0.351357224271499,0.999330380285523
"PROBE3752_at","GENE3752",1,45,43,7.12253777777778,7.05687325581395,-0.0656645219638232,0.573857758618707,0.999330380285523
"PROBE3753_at","GENE3753",1,45,43,7.140806,7.06925441860465,-0.0715515813953473,0.515185467106989,0.999330380285523
"PROBE3754_at","GENE3754",2,45,43,9.26760533333333,9.14109837209302,-0.126506961240308,0.267330132748248,0.999330380285523
"PROBE3755_at","GENE3755",0,45,43,8.23973244444444,8.14539581395349,-0.0943366304909574,0.345350931023353,0.999330380285523
"PROBE3756_at","GENE3756",1,45,43,9.52927,9.37923511627907,-0.150034883720929,0.137755571837521,0.937938183044813
"PROBE3757_at","GENE3757",2,45,43,9.810528,9.82587627906977,0.0153482790697694,0.894773420649667,0.999330380285523
"PROBE3758_at","GENE3758",1,45,43,7.07234955555556,7.17280930232558,0.100459746770028,0.388672127793949,0.999330380285523
"PROBE3759_at","GENE3759",1,45,43,7.93137333333333,8.10584744186047,0.174474108527129,0.117759092997443,0.871293781742106
"PROBE3760_at","GENE3760",0,45,43,8.00657822222222,8.13514744186046,0.128569219638241,0.247288996321628,0.999330380285523
"PROBE3761_at","GENE3761",1,45,43,9.46168533333333,9.50957604651163,0.0478907131782975,0.708746415443742,0.999330380285523
"PROBE3762_at","GENE3762",2,45,43,9.18207688888889,9.23389046511628,0.0518135762273886,0.676823095484045,0.999330380285523
"PROBE3763_at","GENE3763",2,45,43,8.08245666666667,8.16472418604651,0.0822675193798457,0.516824856915086,0.999330380285523
"PROBE3764_at","GENE3764",1,45,43,7.96285422222222,7.98491511627907,0.022060894056847,0.870449047791672,0.999330380285523
"PROBE3765_at","GENE3765",0,45,43,8.39684577777778,8.41457465116279,0.0177288733850141,0.863486666364286,0.999330380285523
"PROBE3766_at","GENE3766",2,45,43,9.126278,9.1448823255814,0.0186043255813946,0.878931247396695,0.999330380285523
"PROBE3767_at","GENE3767",0,45,43,8.47333644444444,8.3523988372093,-0.120937607235138,0.237656528492849,0.999330380285523
"PROBE3768_at","GENE3768",2,45,43,8.01661,8.10323976744186,0.0866297674418579,0.433324212425551,0.999330380285523
"PROBE3769_at","GENE3769",0,45,43,8.14675111111111,8.27761906976744,0.130867958656333,0.162410949471499,0.971121253448065
"PROBE3770_at","GENE3770",1,45,43,7.27017711111111,7.22252139534884,-0.0476557157622732,0.668165931574423,0.999330380285523
"PROBE3771_at","GENE3771",0,45,43,7.96264311111111,7.94330627906977,-0.0193368320413425,0.85362442468902,0.999330380285523
"PROBE3772_at","GENE3772",0,45,43,7.83896066666667,7.86971279069767,0.0307521240310091,0.790728885326422,0.999330380285523
"PROBE3773_at","GENE3773",2,45,43,10.7111506666667,10.8157676744186,0.104617007751925,0.314184316786761,0.999330380285523
"PROBE3774_at","GENE3774",0,45,43,9.14961111111111,9.25701186046512,0.107400749354007,0.371360885284617,0.999330380285523
"PROBE3775_at","GENE3775",2,45,43,7.61886911111111,7.63290348837209,0.0140343772609803,0.903762226657633,0.999330380285523
"PROBE3776_at","GENE3776",2,45,43,9.09970755555556,9.06047441860465,-0.0392331369509016,0.708104374947124,0.999330380285523
"PROBE3777_at","GENE3777",2,45,43,8.58625622222222,8.65094209302326,0.0646858708010321,0.557256226054443,0.999330380285523
"PROBE3778_at","GENE3778",0,45,43,7.582064,7.44467209302326,-0.137391906976742,0.264867177202661,0.999330380285523
"PROBE3779_at","GENE3779",1,45,43,8.522636,8.47437186046512,-0.0482641395348811,0.679092728550079,0.999330380285523
"PROBE3780_at","GENE3780",2,45,43,7.93165533333333,7.82778302325581,-0.103872310077522,0.345090542505776,0.999330380285523
"PROBE3781_at","GENE3781",0,45,43,7.65887977777778,7.70865558139535,0.0497758036175719,0.676746900919794,0.999330380285523
"PROBE3782_at","GENE3782",1,45,43,7.092936,7.02783930232558,-0.0650966976744192,0.51938252478864,0.999330380285523
"PROBE3783_at","GENE3783",2,45,43,8.55686711111111,8.63975139534884,0.0828842842377231,0.438569751025673,0.999330380285523
"PROBE3784_at","GENE3784",1,45,43,10.3928364444444,10.4677193023256,0.0748828578811356,0.517254553640028,0.999330380285523
"PROBE3785_at","GENE3785",2,45,43,8.02123822222222,8.0006011627907,-0.0206370594315235,0.830787759966085,0.999330380285523
"PROBE3786_at","GENE3786",2,45,43,10.0801155555556,9.94986069767442,-0.130254857881136,0.198696635488879,0.999330380285523
"PROBE3787_at","GENE3787",1,45,43,8.86686711111111,8.86798372093023,0.00111660981912109,0.992589257843454,0.999330380285523
"PROBE3788_at","GENE3788",2,45,43,8.61715688888889,8.64474744186047,0.0275905529715779,0.792791162162326,0.999330380285523
"PROBE3789_at","GENE3789",1,45,43,7.90151377777778,7.93891813953488,0.0374043617571083,0.749680262501304,0.999330380285523
"PROBE3790_at","GENE3790",2,45,43,8.59684511111111,8.61151186046512,0.0146667493540082,0.904000823167733,0.999330380285523
"PROBE3791_at","GENE3791",0,45,43,9.291074,9.31198837209302,0.0209143720930243,0.839843687521922,0.999330380285523
"PROBE3792_at","GENE3792",0,45,43,8.95117577777778,8.9617311627907,0.0105553850129212,0.923463274834157,0.999330380285523
"PROBE3793_at","GENE3793",0,45,43,8.40816266666667,8.42613720930233,0.0179745426356579,0.856653033204568,0.999330380285523
"PROBE3794_at","GENE3794",2,45,43,9.62479644444444,9.59164744186046,-0.0331490025839827,0.803076863679483,0.999330380285523
"PROBE3795_at","GENE3795",2,45,43,7.91741711111111,7.97186348837209,0.0544463772609811,0.643265901165166,0.999330380285523
"PROBE3796_at","GENE3796",1,45,43,6.36912088888889,6.36366813953488,-0.00545274935400375,0.955382480723989,0.999330380285523
"PROBE3797_at","GENE3797",0,45,43,6.94191977777778,6.99001627906977,0.0480965012919894,0.666070595391355,0.999330380285523
"PROBE3798_at","GENE3798",1,45,43,8.28220377777778,8.35608953488372,0.073885757105943,0.498877821375328,0.999330380285523
"PROBE3799_at","GENE3799",2,45,43,9.02585066666667,8.99308813953488,-0.0327625271317853,0.777778343345501,0.999330380285523
"PROBE3800_at","GENE3800",1,45,43,8.77608622222222,8.91691976744186,0.140833545219635,0.219336213106744,0.999330380285523
"PROBE3801_at","GENE3801",1,45,43,7.75918266666667,7.68669093023256,-0.0724917364341087,0.570589822508919,0.999330380285523
"PROBE3802_at","GENE3802",2,45,43,7.79006111111111,7.8741188372093,0.0840577260981901,0.512091015083052,0.999330380285523
"PROBE3803_at","GENE3803",1,45,43,8.247106,8.22545720930233,-0.0216487906976717,0.852681135410004,0.999330380285523
"PROBE3804_at","GENE3804",2,45,43,8.9523,9.03475744186047,0.0824574418604662,0.488539281684991,0.999330380285523
"PROBE3805_at","GENE3805",0,45,43,7.96994088888889,7.99104069767442,0.0210998087855305,0.83935131325466,0.999330380285523
"PROBE3806_at","GENE3806",2,45,43,8.52828177777778,8.41292790697674,-0.115353870801036,0.258257111936043,0.999330380285523
"PROBE3807_at","GENE3807",2,45,43,7.84637333333333,7.84451651162791,-0.00185682170542911,0.985738504919188,0.999330380285523
"PROBE3808_at","GENE3808",2,45,43,9.810746,9.8007423255814,-0.0100036744186038,0.921940185895813,0.999330380285523
"PROBE3809_at","GENE3809",2,45,43,8.78043933333333,8.73422674418605,-0.0462125891472898,0.708867778647011,0.999330380285523
"PROBE3810_at","GENE3810",0,45,43,8.56383844444444,8.42924813953488,-0.134590304909562,0.184573726432824,0.999330380285523
"PROBE3811_at","GENE3811",1,45,43,8.08664155555556,8.07895534883721,-0.00768620671834697,0.948937909034418,0.999330380285523
"PROBE3812_at","GENE3812",2,45,43,8.95388755555556,8.92399372093023,-0.029893834625323,0.77259906846789,0.999330380285523
"PROBE3813_at","GENE3813",0,45,43,8.11411933333333,8.10261395348837,-0.0115053798449605,0.916301127111825,0.999330380285523
"PROBE3814_at","GENE3814",1,45,43,8.96279066666667,9.07263534883721,0.109844682170543,0.323492394440144,0.999330380285523
"PROBE3815_at","GENE3815",2,45,43,10.3355393333333,10.3611139534884,0.0255746201550391,0.824064073055765,0.999330380285523
"PROBE3816_at","GENE3816",0,45,43,10.5674455555556,10.4757311627907,-0.0917143927648532,0.36732798921566,0.999330380285523
"PROBE3817_at","GENE3817",2,45,43,7.79472133333333,7.7701976744186,-0.0245236589147302,0.827184526056456,0.999330380285523
"PROBE3818_at","GENE3818",2,45,43,8.418074,8.53419488372093,0.116120883720932,0.239800000592854,0.999330380285523
"PROBE3819_at","GENE3819",2,45,43,8.43206977777778,8.2937711627907,-0.138298614987075,0.185778786864481,0.999330380285523
"PROBE3820_at","GENE3820",2,45,43,7.57643266666667,7.44999069767442,-0.126441968992247,0.20220234568535,0.999330380285523
"PROBE3821_at","GENE3821",0,45,43,8.27329888888889,8.33631744186047,0.0630185529715739,0.585985521108202,0.999330380285523
"PROBE3822_at","GENE3822",0,45,43,7.23787577777778,7.27132418604651,0.0334484082687343,0.761748685279828,0.999330380285523
"PROBE3823_at","GENE3823",2,45,43,9.15453711111111,9.20642744186046,0.051890330749357,0.640840960559229,0.999330380285523
"PROBE3824_at","GENE3824",1,45,43,7.00517488888889,7.08771023255814,0.0825353436692469,0.476051835099487,0.999330380285523
"PROBE3825_at","GENE3825",0,45,43,10.5376591111111,10.5551669767442,0.01750786563308,0.850941347094518,0.999330380285523
"PROBE3826_at","GENE3826",2,45,43,8.77799422222222,8.70122674418605,-0.0767674780361762,0.479333984984926,0.999330380285523
"PROBE3827_at","GENE3827",1,45,43,8.78840422222222,8.76950441860465,-0.0188998036175718,0.860780640714432,0.999330380285523
"PROBE3828_at","GENE3828",2,45,43,10.404194,10.4600718604651,0.0558778604651131,0.636454230597839,0.999330380285523
"PROBE3829_at","GENE3829",0,45,43,7.874046,7.96713651162791,0.0930905116279064,0.418454944266863,0.999330380285523
"PROBE3830_at","GENE3830",2,45,43,8.02025444444445,8.04987674418605,0.0296222997416002,0.784913166407073,0.999330380285523
"PROBE3831_at","GENE3831",0,45,43,7.93793288888889,8.00737744186046,0.0694445529715733,0.482219193095874,0.999330380285523
"PROBE3832_at","GENE3832",0,45,43,8.56519622222222,8.49074604651163,-0.0744501757105933,0.580944123797635,0.999330380285523
"PROBE3833_at","GENE3833",2,45,43,9.05780533333333,8.77944534883721,-0.278359984496126,0.0146562318470264,0.207889813432999
"PROBE3834_at","GENE3834",2,45,43,7.29313844444444,7.12758744186046,-0.165551002583977,0.149955349354665,0.950935725171886
"PROBE3835_at","GENE3835",1,45,43,7.97719911111111,7.84450162790698,-0.132697483204132,0.274138477615926,0.999330380285523
"PROBE3836_at","GENE3836",1,45,43,7.98921066666667,8.05456558139535,0.0653549147286787,0.55278512815281,0.999330380285523
"PROBE3837_at","GENE3837",2,45,43,8.22347888888889,8.15003372093023,-0.0734451679586581,0.529657279667949,0.999330380285523
"PROBE3838_at","GENE3838",1,45,43,8.950966,8.92920953488372,-0.0217564651162796,0.843230066461879,0.999330380285523
"PROBE3839_at","GENE3839",0,45,43,9.487126,9.58082488372093,0.0936988837209309,0.410851793183208,0.999330380285523
"PROBE3840_at","GENE3840",0,45,43,10.2930375555556,10.2678469767442,-0.0251905788113724,0.843213093040758,0.999330380285523
"PROBE3841_at","GENE3841",0,45,43,6.888014,7.03371558139535,0.145701581395349,0.233685048683893,0.999330380285523
"PROBE3842_at","GENE3842",0,45,43,9.47846533333333,9.65064930232558,0.172183968992252,0.140835807671644,0.945206762896939
"PROBE3843_at","GENE3843",2,45,43,9.30536577777778,9.32858558139535,0.0232198036175717,0.812915489894471,0.999330380285523
"PROBE3844_at","GENE3844",2,45,43,7.25630511111111,7.36708534883721,0.110780237726098,0.33010247045566,0.999330380285523
"PROBE3845_at","GENE3845",0,45,43,8.90915644444445,8.98610209302326,0.0769456485788123,0.450044775771821,0.999330380285523
"PROBE3846_at","GENE3846",2,45,43,6.86599977777778,6.99336837209302,0.127368594315246,0.289393187245726,0.999330380285523
"PROBE3847_at","GENE3847",1,45,43,8.85403622222222,8.96740511627907,0.113368894056849,0.336640059008013,0.999330380285523
"PROBE3848_at","GENE3848",0,45,43,9.63856311111111,9.49837023255814,-0.140192878552973,0.199866791703732,0.999330380285523
"PROBE3849_at","GENE3849",0,45,43,8.36646822222222,8.47193697674419,0.105468754521965,0.324130327912725,0.999330380285523
"PROBE3850_at","GENE3850",2,45,43,9.41414533333333,9.2500011627907,-0.164144170542635,0.1367284735189,0.936496393965065
"PROBE3851_at","GENE3851",1,45,43,9.10706644444444,9.00477186046512,-0.102294583979328,0.315904574901692,0.999330380285523
"PROBE3852_at","GENE3852",2,45,43,8.91119,8.87407511627907,-0.0371148837209301,0.732051285451042,0.999330380285523
"PROBE3853_at","GENE3853",2,45,43,9.58487222222222,9.55514581395349,-0.0297264082687345,0.782892726578716,0.999330380285523
"PROBE3854_at","GENE3854",2,45,43,7.79825244444444,7.70247232558139,-0.0957801188630505,0.382522018402831,0.999330380285523
"PROBE3855_at","GENE3855",0,45,43,8.43429977777778,8.57997604651163,0.145676268733851,0.208975956138408,0.999330380285523
"PROBE3856_at","GENE3856",0,45,43,7.78160977777778,7.88774348837209,0.106133710594309,0.361561375572467,0.999330380285523
"PROBE3857_at","GENE3857",0,45,43,8.19367555555556,8.05534581395349,-0.138329741602067,0.238835161522279,0.999330380285523
"PROBE3858_at","GENE3858",1,45,43,7.77668333333333,7.73416465116279,-0.0425186821705434,0.735957573550815,0.999330380285523
"PROBE3859_at","GENE3859",2,45,43,9.80754288888889,9.86057069767442,0.0530278087855276,0.646307244780744,0.999330380285523
"PROBE3860_at","GENE3860",0,45,43,6.86467088888889,6.83241604651163,-0.0322548423772604,0.738633886054443,0.999330380285523
"PROBE3861_at","GENE3861",1,45,43,9.16722644444445,9.17798953488372,0.0107630904392728,0.924915284372083,0.999330380285523
"PROBE3862_at","GENE3862",1,45,43,8.00226888888889,8.12633930232558,0.124070413436691,0.264570646030708,0.999330380285523
"PROBE3863_at","GENE3863",2,45,43,9.99464133333333,10.2161369767442,0.221495643410861,0.034926285349593,0.414717636661343
"PROBE3864_at","GENE3864",2,45,43,7.98437533333333,7.9058488372093,-0.0785264961240308,0.438876692548732,0.999330380285523
"PROBE3865_at","GENE3865",1,45,43,8.79410244444444,8.69502372093023,-0.099078723514209,0.391793243159563,0.999330380285523
"PROBE3866_at","GENE3866",2,45,43,10.6496484444444,10.6261427906977,-0.0235056537467706,0.838042783025323,0.999330380285523
"PROBE3867_at","GENE3867",1,45,43,6.39718133333333,6.4994523255814,0.102270992248063,0.409875240587177,0.999330380285523
"PROBE3868_at","GENE3868",1,45,43,7.36408488888889,7.47492069767442,0.110835808785529,0.301561401793877,0.999330380285523
"PROBE3869_at","GENE3869",0,45,43,7.268768,7.34057558139535,0.0718075813953503,0.491526492921132,0.999330380285523
"PROBE3870_at","GENE3870",0,45,43,7.92319422222222,7.83868813953488,-0.0845060826873425,0.430358751693686,0.999330380285523
"PROBE3871_at","GENE3871",2,45,43,8.95306577777778,9.00256325581395,0.0494974780361765,0.645774093126408,0.999330380285523
"PROBE3872_at","GENE3872",0,45,43,8.58707244444444,8.51732930232558,-0.0697431421188615,0.532384340629487,0.999330380285523
"PROBE3873_at","GENE3873",1,45,43,8.20510644444444,8.31130651162791,0.106200067183464,0.277860880827485,0.999330380285523
"PROBE3874_at","GENE3874",2,45,43,8.64487511111111,8.70658186046512,0.061706749354002,0.590511392869524,0.999330380285523
"PROBE3875_at","GENE3875",2,45,43,9.58503688888889,9.63150558139535,0.0464686925064637,0.68513565305211,0.999330380285523
"PROBE3876_at","GENE3876",0,45,43,8.93174288888889,8.97679488372093,0.0450519948320451,0.679299081979441,0.999330380285523
"PROBE3877_at","GENE3877",0,45,43,7.884668,7.82198325581395,-0.0626847441860479,0.609462042617696,0.999330380285523
"PROBE3878_at","GENE3878",0,45,43,8.24936022222222,8.12705255813954,-0.12230766408269,0.322396355318175,0.999330380285523
"PROBE3879_at","GENE3879",2,45,43,8.45737666666667,8.43047139534884,-0.0269052713178315,0.806099347137397,0.999330380285523
"PROBE3880_at","GENE3880",2,45,43,7.80036044444444,7.8697688372093,0.0694083927648599,0.570246344747404,0.999330380285523
"PROBE3881_at","GENE3881",0,45,43,7.99385577777778,7.90729976744186,-0.0865560103359169,0.430076902604247,0.999330380285523
"PROBE3882_at","GENE3882",1,45,43,7.28785711111111,7.38234441860465,0.0944873074935408,0.43099158558341,0.999330380285523
"PROBE3883_at","GENE3883",0,45,43,6.75680955555556,6.83724906976744,0.0804395142118874,0.430003266542327,0.999330380285523
"PROBE3884_at","GENE3884",0,45,43,8.27441355555556,8.29217511627907,0.0177615607235122,0.872870006231857,0.999330380285523
"PROBE3885_at","GENE3885",1,45,43,9.33403088888889,9.35116372093023,0.0171328320413426,0.880384445924964,0.999330380285523
"PROBE3886_at","GENE3886",2,45,43,7.93310044444444,7.80551162790698,-0.12758881653747,0.245403690419254,0.999330380285523
"PROBE3887_at","GENE3887",0,45,43,6.41901533333333,6.43551790697674,0.016502573643411,0.882459312228922,0.999330380285523
"PROBE3888_at","GENE3888",1,45,43,7.31489822222222,7.34720069767442,0.0323024754521972,0.794437927769763,0.999330380285523
"PROBE3889_at","GENE3889",0,45,43,5.64037755555556,5.74099511627907,0.100617560723515,0.346248860472097,0.999330380285523
"PROBE3890_at","GENE3890",0,45,43,7.74055222222222,7.75221651162791,0.0116642894056866,0.906598724420826,0.999330380285523
"PROBE3891_at","GENE3891",2,45,43,8.29638244444445,8.22378209302326,-0.0726003514211886,0.491288327427885,0.999330380285523
"PROBE3892_at","GENE3892",1,45,43,9.426922,9.36762069767442,-0.0593013023255811,0.587812265457167,0.999330380285523
"PROBE3893_at","GENE3893",2,45,43,11.6311664444444,11.60004,-0.0311264444444355,0.790224930140663,0.999330380285523
"PROBE3894_at","GENE3894",2,45,43,8.525306,8.51569906976744,-0.00960693023255743,0.938435024451795,0.999330380285523
"PROBE3895_at","GENE3895",2,45,43,9.24785733333333,9.17662162790698,-0.0712357054263553,0.494551187876572,0.999330380285523
"PROBE3896_at","GENE3896",1,45,43,8.096364,8.15319023255814,0.0568262325581426,0.620083209403713,0.999330380285523
"PROBE3897_at","GENE3897",2,45,43,9.03895511111111,9.28159511627907,0.242640005167962,0.0429620075604934,0.484010319129362
"PROBE3898_at","GENE3898",1,45,43,9.81443755555556,9.90759627906977,0.0931587235142128,0.427273778409465,0.999330380285523
"PROBE3899_at","GENE3899",2,45,43,10.0000935555556,9.99857837209302,-0.00151518346252821,0.988711128837365,0.999330380285523
"PROBE3900_at","GENE3900",2,45,43,9.03819444444444,9.03804720930233,-0.000147235142117452,0.998862078973483,0.999818966729852
"PROBE3901_at","GENE3901",1,45,43,6.68836688888889,6.60777627906977,-0.0805906098191187,0.49748243862586,0.999330380285523
"PROBE3902_at","GENE3902",1,45,43,9.477606,9.41424558139535,-0.063360418604649,0.588408014556083,0.999330380285523
"PROBE3903_at","GENE3903",1,45,43,6.43432311111111,6.41376488372093,-0.0205582273901834,0.831890817351722,0.999330380285523
"PROBE3904_at","GENE3904",2,45,43,9.46388066666667,9.45439651162791,-0.00948415503875744,0.93128259414221,0.999330380285523
"PROBE3905_at","GENE3905",1,45,43,7.01313666666667,7.11189186046512,0.0987551937984517,0.336083327486414,0.999330380285523
"PROBE3906_at","GENE3906",1,45,43,8.00379133333333,7.91217604651163,-0.0916152868217024,0.345558923249413,0.999330380285523
"PROBE3907_at","GENE3907",1,45,43,8.187678,8.13059651162791,-0.0570814883720931,0.62212152707389,0.999330380285523
"PROBE3908_at","GENE3908",1,45,43,7.104652,7.27605511627907,0.171403116279071,0.0992647477159976,0.798314926668158
"PROBE3909_at","GENE3909",0,45,43,8.62557644444444,8.74431255813954,0.118736113695091,0.254701491426506,0.999330380285523
"PROBE3910_at","GENE3910",1,45,43,9.43054644444444,9.38439558139535,-0.0461508630490961,0.690481162503906,0.999330380285523
"PROBE3911_at","GENE3911",2,45,43,10.6317448888889,10.4928951162791,-0.13884977260982,0.197634953740266,0.999330380285523
"PROBE3912_at","GENE3912",1,45,43,7.440968,7.55972441860465,0.118756418604652,0.269116459814195,0.999330380285523
"PROBE3913_at","GENE3913",2,45,43,7.25595888888889,7.18657906976744,-0.0693798191214459,0.597430232403871,0.999330380285523
"PROBE3914_at","GENE3914",1,45,43,8.67705733333333,8.66057627906977,-0.0164810542635649,0.887181194964896,0.999330380285523
"PROBE3915_at","GENE3915",2,45,43,10.2177731111111,10.0051920930233,-0.212581018087857,0.0623969154728237,0.622413121923429
"PROBE3916_at","GENE3916",2,45,43,11.8146044444444,11.9069423255814,0.0923378811369542,0.407991278878821,0.999330380285523
"PROBE3917_at","GENE3917",2,45,43,5.93483755555556,5.96897325581395,0.0341357002583988,0.758996969494081,0.999330380285523
"PROBE3918_at","GENE3918",2,45,43,9.16187311111111,9.16120697674419,-0.000666134366923643,0.995619605630628,0.999330380285523
"PROBE3919_at","GENE3919",1,45,43,9.35946244444444,9.5378776744186,0.178415229974162,0.138262641458539,0.938965307018943
"PROBE3920_at","GENE3920",1,45,43,7.70904955555556,7.7648111627907,0.055761607235139,0.625951385094607,0.999330380285523
"PROBE3921_at","GENE3921",0,45,43,8.504304,8.34779372093023,-0.156510279069769,0.144159771353063,0.950935725171886
"PROBE3922_at","GENE3922",0,45,43,7.68921577777778,7.73040651162791,0.0411907338501267,0.703932163487402,0.999330380285523
"PROBE3923_at","GENE3923",0,45,43,10.3953911111111,10.4627646511628,0.0673735400516833,0.581781104582156,0.999330380285523
"PROBE3924_at","GENE3924",0,45,43,9.75699111111111,9.79352534883721,0.036534237726098,0.743363455439919,0.999330380285523
"PROBE3925_at","GENE3925",0,45,43,9.05499288888889,9.00596837209302,-0.0490245167958641,0.671974508645119,0.999330380285523
"PROBE3926_at","GENE3926",1,45,43,7.68833066666667,7.6849,-0.00343066666666658,0.976053951902196,0.999330380285523
"PROBE3927_at","GENE3927",1,45,43,8.56629066666667,8.62566418604651,0.0593735193798484,0.606690086596209,0.999330380285523
"PROBE3928_at","GENE3928",2,45,43,9.247828,9.22193488372093,-0.0258931162790663,0.834486134948154,0.999330380285523
"PROBE3929_at","GENE3929",2,45,43,8.40394622222222,8.46283581395349,0.0588895917312673,0.590905730152042,0.999330380285523
"PROBE3930_at","GENE3930",0,45,43,7.67442777777778,7.62956069767442,-0.0448670801033577,0.672483591512732,0.999330380285523
"PROBE3931_at","GENE3931",0,45,43,8.28082844444445,8.44929232558139,0.168463881136951,0.154791006574318,0.955931748574201
"PROBE3932_at","GENE3932",2,45,43,10.5588542222222,10.5398093023256,-0.0190449198966398,0.860972156433733,0.999330380285523
"PROBE3933_at","GENE3933",2,45,43,7.75078866666667,7.72677046511628,-0.0240182015503816,0.830953515225162,0.999330380285523
"PROBE3934_at","GENE3934",0,45,43,8.38338,8.43458744186047,0.0512074418604662,0.655461399995834,0.999330380285523
"PROBE3935_at","GENE3935",2,45,43,8.50412155555555,8.50874162790698,0.00462007235142003,0.966372272912388,0.999330380285523
"PROBE3936_at","GENE3936",0,45,43,7.79276111111111,7.65340069767442,-0.139360413436692,0.195757211586648,0.999330380285523
"PROBE3937_at","GENE3937",1,45,43,6.94641088888889,6.86616,-0.0802508888888847,0.478104281207817,0.999330380285523
"PROBE3938_at","GENE3938",0,45,43,8.50353022222222,8.57415441860465,0.070624196382429,0.527472267352389,0.999330380285523
"PROBE3939_at","GENE3939",2,45,43,9.84280044444444,9.62482604651163,-0.217974397932812,0.0617473589322051,0.619021142177495
"PROBE3940_at","GENE3940",2,45,43,7.81621622222222,7.95246790697674,0.136251684754527,0.177440452726185,0.999330380285523
"PROBE3941_at","GENE3941",2,45,43,10.9698342222222,10.9146044186047,-0.0552298036175642,0.623065157592101,0.999330380285523
"PROBE3942_at","GENE3942",0,45,43,8.50568155555556,8.50300627906977,-0.00267527648578891,0.980539698933509,0.999330380285523
"PROBE3943_at","GENE3943",2,45,43,9.58356333333333,9.46889651162791,-0.114666821705427,0.338477168084144,0.999330380285523
"PROBE3944_at","GENE3944",2,45,43,8.32080133333333,8.32225976744186,0.00145843410852819,0.990170270571489,0.999330380285523
"PROBE3945_at","GENE3945",0,45,43,9.85285422222222,9.74074581395349,-0.112108408268734,0.312818127413096,0.999330380285523
"PROBE3946_at","GENE3946",2,45,43,8.84169155555556,8.74734046511628,-0.094351090439277,0.417054868489704,0.999330380285523
"PROBE3947_at","GENE3947",1,45,43,8.206978,8.13401697674419,-0.0729610232558162,0.483196396373358,0.999330380285523
"PROBE3948_at","GENE3948",2,45,43,11.0489188888889,10.9545576744186,-0.0943612144702808,0.401697912941841,0.999330380285523
"PROBE3949_at","GENE3949",0,45,43,7.81377,7.92252418604651,0.108754186046514,0.278161384744634,0.999330380285523
"PROBE3950_at","GENE3950",0,45,43,9.46255266666667,9.39346139534884,-0.0690912713178271,0.576471885473801,0.999330380285523
"PROBE3951_at","GENE3951",1,45,43,8.24409844444444,8.11612,-0.127978444444446,0.233626031291368,0.999330380285523
"PROBE3952_at","GENE3952",0,45,43,10.1317877777778,10.0786437209302,-0.0531440568475432,0.613334309693075,0.999330380285523
"PROBE3953_at","GENE3953",0,45,43,9.69422266666667,9.69118139534884,-0.00304127131783005,0.977853580314573,0.999330380285523
"PROBE3954_at","GENE3954",2,45,43,7.94949488888889,7.92526837209302,-0.0242265167958671,0.840696720382144,0.999330380285523
"PROBE3955_at","GENE3955",0,45,43,9.99677288888889,9.86274674418605,-0.134026144702839,0.261871692895939,0.999330380285523
"PROBE3956_at","GENE3956",0,45,43,7.54376111111111,7.6017876744186,0.0580265633074957,0.556051858824059,0.999330380285523
"PROBE3957_at","GENE3957",1,45,43,8.869644,8.94143581395349,0.0717918139534852,0.482848540903939,0.999330380285523
"PROBE3958_at","GENE3958",0,45,43,8.51766133333333,8.39606186046512,-0.121599472868214,0.29671637222498,0.999330380285523
"PROBE3959_at","GENE3959",1,45,43,5.60711466666667,5.66700604651163,0.0598913798449603,0.588788379203665,0.999330380285523
"PROBE3960_at","GENE3960",1,45,43,7.44865111111111,7.50580953488372,0.0571584237726048,0.59961724382343,0.999330380285523
"PROBE3961_at","GENE3961",2,45,43,9.53828511111111,9.54391162790698,0.00562651679586779,0.963517013198783,0.999330380285523
"PROBE3962_at","GENE3962",1,45,43,7.90863355555556,7.79235837209302,-0.116275183462534,0.29202210222648,0.999330380285523
"PROBE3963_at","GENE3963",0,45,43,8.06749266666667,8.07642813953488,0.00893547286821494,0.935213189134832,0.999330380285523
"PROBE3964_at","GENE3964",2,45,43,8.87703577777778,8.77046069767442,-0.10657508010336,0.371269633201163,0.999330380285523
"PROBE3965_at","GENE3965",0,45,43,8.379856,8.30514627906977,-0.0747097209302314,0.515967813318246,0.999330380285523
"PROBE3966_at","GENE3966",0,45,43,6.94216666666667,7.10252953488372,0.160362868217057,0.158675709408327,0.965130934233923
"PROBE3967_at","GENE3967",0,45,43,9.743924,9.66195627906977,-0.0819677209302299,0.453883417510773,0.999330380285523
"PROBE3968_at","GENE3968",0,45,43,8.18022777777778,8.28526093023256,0.105033152454785,0.37196205596311,0.999330380285523
"PROBE3969_at","GENE3969",0,45,43,7.90341666666667,7.98117395348837,0.077757286821706,0.508397812063738,0.999330380285523
"PROBE3970_at","GENE3970",1,45,43,8.57674133333333,8.43068767441861,-0.146053658914729,0.167138988783477,0.989347380354554
"PROBE3971_at","GENE3971",1,45,43,6.48664933333333,6.43325488372093,-0.0533944496124032,0.632551426158369,0.999330380285523
"PROBE3972_at","GENE3972",1,45,43,7.05117511111111,7.10719930232558,0.0560241912144681,0.668624205212667,0.999330380285523
"PROBE3973_at","GENE3973",2,45,43,6.867982,6.8323776744186,-0.035604325581394,0.732607481695571,0.999330380285523
"PROBE3974_at","GENE3974",2,45,43,9.66293844444444,9.53773441860465,-0.125204025839793,0.217942273327268,0.999330380285523
"PROBE3975_at","GENE3975",0,45,43,8.27128222222222,8.37460511627907,0.103322894056847,0.316108215593518,0.999330380285523
"PROBE3976_at","GENE3976",1,45,43,7.05884733333333,7.01943186046512,-0.0394154728682192,0.742588513076936,0.999330380285523
"PROBE3977_at","GENE3977",2,45,43,9.258224,9.14993232558139,-0.108291674418606,0.286146775776504,0.999330380285523
"PROBE3978_at","GENE3978",2,45,43,9.12301222222222,9.17877209302326,0.0557598708010332,0.652703958793947,0.999330380285523
"PROBE3979_at","GENE3979",2,45,43,7.70901111111111,7.63513930232558,-0.0738718087855288,0.469729366142396,0.999330380285523
"PROBE3980_at","GENE3980",2,45,43,8.42125911111111,8.5151,0.0938408888888915,0.395966903300368,0.999330380285523
"PROBE3981_at","GENE3981",2,45,43,7.94370288888889,8.03706209302326,0.0933592041343667,0.381796108129067,0.999330380285523
"PROBE3982_at","GENE3982",1,45,43,9.11224466666667,9.04871348837209,-0.0635311782945696,0.584827020298745,0.999330380285523
"PROBE3983_at","GENE3983",2,45,43,8.85057533333333,8.92053488372093,0.0699595503875994,0.48168528419891,0.999330380285523
"PROBE3984_at","GENE3984",1,45,43,8.71983933333333,8.77959627906977,0.0597569457364369,0.588186523738715,0.999330380285523
"PROBE3985_at","GENE3985",0,45,43,7.87371466666667,7.81803697674419,-0.0556776899224758,0.631348032649747,0.999330380285523
"PROBE3986_at","GENE3986",1,45,43,8.30599088888889,8.28712697674419,-0.018863912144699,0.848970017089845,0.999330380285523
"PROBE3987_at","GENE3987",0,45,43,7.66711511111111,7.69486953488372,0.0277544237726088,0.810554022338829,0.999330380285523
"PROBE3988_at","GENE3988",1,45,43,9.51720444444445,9.55697418604651,0.0397697416020719,0.733434521621388,0.999330380285523
"PROBE3989_at","GENE3989",0,45,43,6.41909666666667,6.39386976744186,-0.0252268992248048,0.796719390072402,0.999330380285523
"PROBE3990_at","GENE3990",2,45,43,9.309508,9.34486930232558,0.0353613023255779,0.759397336293646,0.999330380285523
"PROBE3991_at","GENE3991",1,45,43,7.15489822222222,7.14069837209302,-0.0141998501292004,0.900251908319553,0.999330380285523
"PROBE3992_at","GENE3992",1,45,43,7.606746,7.70424162790698,0.0974956279069765,0.398545217581585,0.999330380285523
"PROBE3993_at","GENE3993",1,45,43,8.90264111111111,8.7389623255814,-0.163678785529715,0.0888284562785917,0.755986861945461
"PROBE3994_at","GENE3994",2,45,43,11.0197848888889,11.0574662790698,0.0376813901808735,0.751049789251395,0.999330380285523
"PROBE3995_at","GENE3995",1,45,43,5.12072377777778,5.02625906976744,-0.0944647080103351,0.402409226972004,0.999330380285523
"PROBE3996_at","GENE3996",2,45,43,8.35736577777778,8.4214988372093,0.0641330594315228,0.552790482169971,0.999330380285523
"PROBE3997_at","GENE3997",2,45,43,8.34453733333333,8.21710302325581,-0.127434310077515,0.123777573489301,0.89209061974271
"PROBE3998_at","GENE3998",2,45,43,8.272218,8.28415325581395,0.0119352558139543,0.913494868239747,0.999330380285523
"PROBE3999_at","GENE3999",1,45,43,7.75030777777778,7.6999888372093,-0.0503189405684736,0.640516528183269,0.999330380285523
"PROBE4000_at","GENE4000",2,45,43,8.24759488888889,8.22315395348837,-0.0244409354005164,0.844249136506495,0.999330380285523
