Gene,PC_ME_Other,PC_ME_Other_Label,CHR_ARM,locus_type_n54675,N_MGUS,N_GEP70_High,Mean_MGUS,Mean_GEP70_High,Log2FC_GEP70_High_vs_MGUS,FoldChange_GEP70_High_over_MGUS,T_Statistic,B_Statistic,PValue,FDR,Direction
MEHIGH008,2,Microenvironment,20q,protein_coding,45,43,9.252862222222221,11.39620465116279,2.1433424289405654,4.417843855603717,16.2151406725716,55.89440291511017,3.23212977890149e-29,1.2928519115605961e-25,Up in GEP70>0.66
MEHIGH073,2,Microenvironment,7q,protein_coding,45,43,10.226450666666667,12.538173023255814,2.3117223565891507,4.964754418356531,15.786506477716594,54.05635962456644,2.1069079251992235e-28,4.213815850398447e-25,Up in GEP70>0.66
MEMGUS011,2,Microenvironment,20q,protein_coding,45,43,10.429274222222222,8.39002976744186,-2.039244454780361,0.24329111603573067,-15.195740776883985,51.48350053971995,2.8988361743111793e-27,3.865114899081572e-24,Up in MGUS
MEHIGH065,2,Microenvironment,15q,protein_coding,45,43,7.068138222222222,9.156858837209302,2.0887206149870803,4.25370686048453,15.07358907092212,50.94584978702788,5.0119345192279306e-27,5.0119345192279306e-24,Up in GEP70>0.66
MEHIGH013,2,Microenvironment,7q,protein_coding,45,43,7.007748,8.957795348837209,1.9500473488372103,3.8638721247927146,14.859729336565518,49.99992302082717,1.312908914454405e-26,1.0503271315635239e-23,Up in GEP70>0.66
MEHIGH063,2,Microenvironment,10q,protein_coding,45,43,10.151735555555556,12.083121162790698,1.9313856072351427,3.8142135177044345,14.500505499527303,48.39792786595921,6.702093784291353e-26,4.468062522860902e-23,Up in GEP70>0.66
MEHIGH044,2,Microenvironment,20q,protein_coding,45,43,8.908093333333333,11.026922325581396,2.118828992248064,4.343412554704459,13.333596183761994,43.08465178072664,1.485025346926785e-23,8.485859125295915e-21,Up in GEP70>0.66
MEMGUS035,2,Microenvironment,20q,protein_coding,45,43,9.427215111111112,7.638933023255814,-1.788282087855297,0.289516587298452,-13.27311747662111,42.80491499587781,1.972992010272693e-23,9.864960051363466e-21,Up in MGUS
MEHIGH094,2,Microenvironment,2p,protein_coding,45,43,11.572558222222222,13.469314186046512,1.8967559638242921,3.7237493427198833,13.034446979249848,41.697000346987636,6.07773350193635e-23,2.701214889749489e-20,Up in GEP70>0.66
MEHIGH025,2,Microenvironment,7q,protein_coding,45,43,10.299810666666668,12.094246976744186,1.7944363100775202,3.46879915431183,12.834574856640815,40.76442112339126,1.5665113031437257e-22,6.266045212574903e-20,Up in GEP70>0.66
MEMGUS003,2,Microenvironment,4q,protein_coding,45,43,10.708449111111111,8.738738837209302,-1.9697102739018142,0.255304297209946,-12.670390434648297,39.99520341332672,3.420060598161019e-22,1.2436583993312796e-19,Up in MGUS
MEHIGH026,2,Microenvironment,9p,protein_coding,45,43,8.854520888888889,10.92277465116279,2.0682537622739012,4.193787501790677,12.56990002967759,39.52303078467416,5.52279631178641e-22,1.8409321039288033e-19,Up in GEP70>0.66
MEHIGH005,2,Microenvironment,15q,protein_coding,45,43,8.902106222222223,10.658251162790698,1.756144940568472,3.3779428981762405,12.444725608110815,38.93345869683252,1.0046277701105885e-21,3.0911623695710415e-19,Up in GEP70>0.66
MEHIGH100,2,Microenvironment,12p,protein_coding,45,43,7.869335555555556,9.400820697674419,1.5314851421188598,2.890832746885867,12.386857029733587,38.66037587977693,1.3254190969620676e-21,3.7869117056059076e-19,Up in GEP70>0.66
MEMGUS045,2,Microenvironment,18q,protein_coding,45,43,11.342777111111111,9.523349302325581,-1.819427808785532,0.2833333226442531,-12.283345908300813,38.17109891111866,2.17752834918596e-21,5.806742264495894e-19,Up in MGUS
MEMGUS032,2,Microenvironment,15q,protein_coding,45,43,9.135331777777777,7.823652093023256,-1.3116796847545213,0.40285157896302515,-12.110261645285052,37.35070978339651,5.0054892144781664e-21,1.2513723036195415e-18,Up in MGUS
MEHIGH092,2,Microenvironment,20q,protein_coding,45,43,9.544419777777778,10.89380930232558,1.3493895245478011,2.548042823850615,12.049266915778043,37.060951271386386,6.7159854114145485e-21,1.5802318615093055e-18,Up in GEP70>0.66
MEHIGH034,2,Microenvironment,2p,protein_coding,45,43,8.849000444444444,10.623101627906976,1.7741011834625358,3.4202485823991267,11.939997738642683,36.54103491702181,1.1380551694559819e-20,2.5290114876799598e-18,Up in GEP70>0.66
MEHIGH024,2,Microenvironment,4q,protein_coding,45,43,8.447865777777778,10.38927,1.9414042222222214,3.840793027901614,11.814104046435892,35.94073553437814,2.0922315320613977e-20,4.404697962234521e-18,Up in GEP70>0.66
MEHIGH050,2,Microenvironment,9p,protein_coding,45,43,8.584903777777777,10.29678511627907,1.7118813385012928,3.2758773398294734,11.709344947680862,35.44020099171071,3.476095870373177e-20,6.952191740746355e-18,Up in GEP70>0.66
MEHIGH049,2,Microenvironment,7q,protein_coding,45,43,6.920902444444445,8.920254883720931,1.999352439276488,3.998204983322169,11.562374485015372,34.73649548703955,7.096551641164026e-20,1.2902821165752775e-17,Up in GEP70>0.66
MEHIGH020,2,Microenvironment,20q,protein_coding,45,43,7.404095111111111,9.107984418604651,1.7038893074935455,3.2577802855937845,11.562539842441211,34.73728817838406,7.090848887836181e-20,1.2902821165752775e-17,Up in GEP70>0.66
MEMGUS023,2,Microenvironment,20q,protein_coding,45,43,10.082699333333334,8.288353255813954,-1.794346077519375,0.2883022342634359,-11.546741444436252,34.66154427667482,7.657008790716941e-20,1.331653702733381e-17,Up in MGUS
MEHIGH002,2,Microenvironment,9p,protein_coding,45,43,7.951219777777778,10.32663488372093,2.375415105943154,5.188850989410711,11.530617543164908,34.58422015647386,8.281629380222593e-20,1.380271563370432e-17,Up in GEP70>0.66
MEHIGH085,2,Microenvironment,7q,protein_coding,45,43,8.689855111111111,10.275705813953488,1.585850702842377,3.0018475330512104,11.500842754382791,34.44137985141761,9.572551184959363e-20,1.531608189593498e-17,Up in GEP70>0.66
MEHIGH070,2,Microenvironment,2p,protein_coding,45,43,6.024771111111111,7.75642511627907,1.7316540051679574,3.3210835208556397,11.393306327843307,33.924941567985634,1.6161369745093187e-19,2.4863645761681826e-17,Up in GEP70>0.66
MEHIGH015,2,Microenvironment,10q,protein_coding,45,43,6.848942,8.782973720930233,1.9340317209302356,3.8212157627216246,11.366451142349984,33.79583997088878,1.8421950847666934e-19,2.7291779033580645e-17,Up in GEP70>0.66
MEHIGH051,2,Microenvironment,10q,protein_coding,45,43,8.536578222222222,10.94078534883721,2.4042071266149865,5.2934456809967285,11.264642623275929,33.30595385968018,3.027472367657802e-19,4.3249605252254314e-17,Up in GEP70>0.66
MEHIGH007,2,Microenvironment,19q,protein_coding,45,43,7.758364222222222,9.870173953488372,2.111809731266151,4.3223315231731485,11.223000427999809,33.10537408950947,3.7103311124498566e-19,5.1176980861377334e-17,Up in GEP70>0.66
MEMGUS060,2,Microenvironment,21q,protein_coding,45,43,10.589065555555555,8.838416511627907,-1.7506490439276448,0.2971680578255524,-11.1974949457338,32.982463689750745,4.2028127728961115e-19,5.603750363861482e-17,Up in MGUS
MEHIGH041,2,Microenvironment,15q,protein_coding,45,43,8.261746,9.942722325581395,1.6809763255813976,3.2064486998027943,11.141668356759988,32.71328828980713,5.5217681841826995e-19,7.124862173138967e-17,Up in GEP70>0.66
MEHIGH068,2,Microenvironment,20q,protein_coding,45,43,7.405716,9.014330465116279,1.6086144651162773,3.0495882487719066,11.12125870881218,32.61483050617726,6.101491632261596e-19,7.626864540326996e-17,Up in GEP70>0.66
MEHIGH016,2,Microenvironment,12p,protein_coding,45,43,8.679349555555556,10.282893255813953,1.6035437002583972,3.0388884124124185,11.09266482364616,32.4768471559881,7.017773024329336e-19,8.506391544641621e-17,Up in GEP70>0.66
MEMGUS072,2,Microenvironment,21q,protein_coding,45,43,9.349449777777778,7.524057906976744,-1.8253918708010346,0.28216444811578323,-11.042861219086115,32.236392805199145,8.955427811350755e-19,1.0535797425118534e-16,Up in MGUS
MEHIGH079,2,Microenvironment,19q,protein_coding,45,43,9.067073777777777,11.13141953488372,2.0643457571059454,4.182442647276554,10.930761732429328,31.694628645610997,1.551151719043511e-18,1.7727448217640127e-16,Up in GEP70>0.66
MEMGUS062,2,Microenvironment,3q,protein_coding,45,43,8.765492666666667,7.126846744186047,-1.6386459224806194,0.3211577636300903,-10.879566213763708,31.44696714467971,1.9939360002607744e-18,2.2154844447341938e-16,Up in MGUS
MEMGUS046,2,Microenvironment,19q,protein_coding,45,43,10.331948,8.425363023255814,-1.9065849767441847,0.2667231630116196,-10.762370720858078,30.87949481227048,3.544807853024645e-18,3.8322247059725896e-16,Up in MGUS
MEMGUS048,2,Microenvironment,21q,protein_coding,45,43,11.331548444444444,9.81302488372093,-1.5185235607235192,0.34904294082706827,-10.680915398915769,30.484668842044982,5.289919995160026e-18,5.568336837010553e-16,Up in MGUS
MEHIGH093,2,Microenvironment,21q,protein_coding,45,43,8.53923088888889,9.994632790697674,1.455401901808786,2.74232945376166,10.647976041591981,30.324916692740466,6.22004629942222e-18,6.3795346660740715e-16,Up in GEP70>0.66
MEHIGH099,2,Microenvironment,10q,protein_coding,45,43,9.600129555555556,11.500420930232558,1.9002913746770052,3.7328858043017465,10.531898330761985,29.76156474011274,1.1011769323717053e-17,1.1011769323717054e-15,Up in GEP70>0.66
MEHIGH074,2,Microenvironment,9p,protein_coding,45,43,7.764434,9.785332558139535,2.020898558139539,4.058364815860764,10.500199866927543,29.607625273172886,1.2871883971901018e-17,1.2557935582342457e-15,Up in GEP70>0.66
MEHIGH033,2,Microenvironment,21q,protein_coding,45,43,10.610442888888889,12.586945581395348,1.976502692506461,3.9353793003793025,10.48859304239347,29.551248104651975,1.3629094804035584e-17,1.29800902895577e-15,Up in GEP70>0.66
MEMGUS074,2,Microenvironment,3q,protein_coding,45,43,9.900186,8.093014186046512,-1.8071718139534898,0.2857505511202567,-10.094758732762022,27.635573485414334,9.506741138778725e-17,8.843480129096487e-15,Up in MGUS
MEMGUS028,2,Microenvironment,7q,protein_coding,45,43,9.861806666666666,8.388276046511628,-1.4735306201550404,0.3600999688506648,-10.083597365565632,27.581219426883145,1.0045406478306605e-16,9.13218770755146e-15,Up in MGUS
MEMGUS020,2,Microenvironment,15q,protein_coding,45,43,10.503900222222223,8.903797906976743,-1.6001023152454739,0.3298535838045621,-9.951094335293915,26.935762767203876,1.932919507374077e-16,1.7181506732214018e-14,Up in MGUS
MEHIGH045,2,Microenvironment,21q,protein_coding,45,43,8.599059555555556,10.205553488372093,1.6064939328165373,3.0451091315783576,9.923385984955127,26.800750394516662,2.2165236683174896e-16,1.9274118854934692e-14,Up in GEP70>0.66
MEHIGH090,2,Microenvironment,18q,protein_coding,45,43,9.197266888888889,10.953538604651163,1.7562717157622725,3.3782397441273955,9.847349551451085,26.430201499029863,3.22747981807795e-16,2.7467913345344254e-14,Up in GEP70>0.66
MEHIGH054,2,Microenvironment,18q,protein_coding,45,43,9.100197777777778,10.588109069767441,1.4879112919896595,2.8048260336604627,9.813866098383835,26.26700640010337,3.8083526544311033e-16,3.173627212025919e-14,Up in GEP70>0.66
MEHIGH069,2,Microenvironment,21q,protein_coding,45,43,7.555782222222223,9.124786976744186,1.5690047545219672,2.966999645661198,9.658453638418443,25.509447877135067,8.210971897146116e-16,6.702834201751931e-14,Up in GEP70>0.66
MEHIGH014,2,Microenvironment,9p,protein_coding,45,43,8.670511777777778,10.050506744186047,1.3799949664082707,2.602674630084408,9.609183242153676,25.269268137064017,1.0475754162427616e-15,8.216277774453033e-14,Up in GEP70>0.66
MEHIGH081,2,Microenvironment,21q,protein_coding,45,43,8.144743555555555,9.524733953488372,1.3799903979328167,2.602666388400616,9.609743085183519,25.271997199381573,1.0446798620784e-15,8.216277774453033e-14,Up in GEP70>0.66
MEMGUS065,2,Microenvironment,9p,protein_coding,45,43,7.981920666666666,6.587398604651163,-1.3945220620155014,0.38037067715790296,-9.548234708048458,24.97216927251671,1.4159624088531438e-15,1.0892018529639567e-13,Up in MGUS
MEMGUS037,2,Microenvironment,2p,protein_coding,45,43,9.149442,7.634967209302325,-1.5144747906976743,0.35002386846794054,-9.48736766235508,24.675488766562253,1.9131082707986857e-15,1.4438552987159893e-13,Up in MGUS
MEMGUS057,2,Microenvironment,18q,protein_coding,45,43,11.49284,10.086632325581395,-1.406207674418603,0.37730217597342297,-9.438641950345348,24.438011729611915,2.434179420867152e-15,1.8030958673090015e-13,Up in MGUS
MEMGUS075,2,Microenvironment,4q,protein_coding,45,43,11.563729111111112,9.908271395348837,-1.6554577157622798,0.31743701819494763,-9.389859586069337,24.200286842250065,3.0979821007616802e-15,2.2530778914630403e-13,Up in MGUS
MEMGUS031,2,Microenvironment,12p,protein_coding,45,43,8.657444,7.071708604651163,-1.585735395348837,0.3331548045818344,-9.366309036291204,24.08553304568366,3.4804354694735235e-15,2.486025335338231e-13,Up in MGUS
MEHIGH076,2,Microenvironment,12p,protein_coding,45,43,8.651676,10.00338534883721,1.351709348837213,2.5521433207727604,9.263463173887201,23.58451480640131,5.7858753935575245e-15,4.060263434075456e-13,Up in GEP70>0.66
MEMGUS029,2,Microenvironment,9p,protein_coding,45,43,10.782205777777778,9.172951627906977,-1.6092541498707984,0.32776775782888895,-9.195746484850968,23.254753988691867,8.084714930892115e-15,5.57566546958077e-13,Up in MGUS
MEHIGH011,2,Microenvironment,3q,protein_coding,45,43,10.773744888888888,12.545666279069767,1.771921390180875,3.4150847707603704,8.962249495759348,22.118737607945462,2.560259948438581e-14,1.7357694565685296e-12,Up in GEP70>0.66
MEHIGH058,2,Microenvironment,2p,protein_coding,45,43,10.572587333333333,12.571355348837209,1.9987680155038756,3.996585671714537,8.926822656683507,21.9465536475709,3.049116081659826e-14,1.9994203814162795e-12,Up in GEP70>0.66
MEMGUS007,2,Microenvironment,12p,protein_coding,45,43,6.865304444444444,5.504172093023256,-1.3611323514211877,0.3892766320381283,-8.926835834743795,21.946617686518316,3.048917919542949e-14,1.9994203814162795e-12,Up in MGUS
MEHIGH035,2,Microenvironment,3q,protein_coding,45,43,8.76156288888889,10.204819069767442,1.4432561808785582,2.7193393168914497,8.910109882720066,21.8653438468233,3.3110692734770296e-14,2.13617372482389e-12,Up in GEP70>0.66
MEHIGH060,2,Microenvironment,4q,protein_coding,45,43,11.123776666666666,12.994382325581395,1.8706056589147249,3.6568606682078455,8.865396866769885,21.648138918120758,4.127699292118339e-14,2.6207614553132314e-12,Up in GEP70>0.66
MEHIGH072,2,Microenvironment,4q,protein_coding,45,43,9.485252444444445,10.824936511627907,1.3396840671834571,2.530958877775671,8.84015152307932,21.525544854819493,4.6746346060879354e-14,2.9216466288049596e-12,Up in GEP70>0.66
MEHIGH048,2,Microenvironment,4q,protein_coding,45,43,8.516208888888888,9.82740465116279,1.3111957622739023,2.4814712885583297,8.83595099348366,21.505149659095892,4.772413617091631e-14,2.9368699182102347e-12,Up in GEP70>0.66
MEMGUS052,2,Microenvironment,7q,protein_coding,45,43,11.249988,9.960562093023256,-1.2894259069767422,0.4091137959375472,-8.792750954747161,21.295448466307093,5.904450206563394e-14,3.578454670644481e-12,Up in MGUS
MEHIGH097,2,Microenvironment,7q,protein_coding,45,43,10.574807555555555,12.311030232558139,1.736222677002587,3.33161727209042,8.764232392406626,21.157067366319332,6.794918892403294e-14,4.0566679954646535e-12,Up in GEP70>0.66
MEHIGH022,2,Microenvironment,2p,protein_coding,45,43,7.699582222222222,9.35291,1.653327777777779,3.1455837584830855,8.718118697627933,20.93340367025504,8.526894891090298e-14,4.943127473095825e-12,Up in GEP70>0.66
MEMGUS033,2,Microenvironment,18q,protein_coding,45,43,9.167095777777778,7.919074186046512,-1.2480215917312698,0.4210251755900093,-8.719459747248964,20.93990641704206,8.470790659722848e-14,4.943127473095825e-12,Up in MGUS
MEMGUS041,2,Microenvironment,9p,protein_coding,45,43,11.202060888888889,9.704277441860466,-1.4977834470284233,0.3540970066166777,-8.661272046827596,20.657852078190515,1.1279313056403725e-13,6.4453217465164145e-12,Up in MGUS
MEMGUS016,2,Microenvironment,7q,protein_coding,45,43,9.869843777777778,7.804798139534884,-2.065045638242891,0.23897876941983534,-8.623248138610132,20.473650232222518,1.359890249328914e-13,7.661353517345994e-12,Up in MGUS
MEHIGH032,2,Microenvironment,20q,protein_coding,45,43,9.134636444444444,10.643702325581396,1.5090658811369515,2.8462568947457796,8.587943635819101,20.30270562904937,1.6176473516885028e-13,8.986929731602793e-12,Up in GEP70>0.66
MEMGUS005,2,Microenvironment,9p,protein_coding,45,43,9.323931111111111,7.689821162790698,-1.6341099483204147,0.3221691040595716,-8.563214137818946,20.183014866609042,1.8266924669910112e-13,9.874013335086548e-12,Up in MGUS
MEHIGH057,2,Microenvironment,21q,protein_coding,45,43,11.186993777777777,12.711818837209302,1.5248250594315245,2.877518212267938,8.5650373648944491,20.19183786003392,1.810400141457792e-13,9.874013335086548e-12,Up in GEP70>0.66
MEMGUS034,2,Microenvironment,19q,protein_coding,45,43,13.749552444444445,12.484802790697675,-1.264749653746776,0.4161715780123501,-8.394546899464608,19.3678471483871,4.180226797152984e-13,2.2294542918149247e-11,Up in MGUS
MEMGUS077,2,Microenvironment,9p,protein_coding,45,43,8.621549111111111,7.314633255813954,-1.3069158552971567,0.4041840076115772,-8.316982642645064,18.99373634772062,6.112803371406315e-13,3.217264932319113e-11,Up in MGUS
MEHIGH042,2,Microenvironment,18q,protein_coding,45,43,8.225903111111112,9.497458837209303,1.2715557260981942,2.4142176169281293,8.311092266827963,18.96534673006491,6.291665558536117e-13,3.268397692746035e-11,Up in GEP70>0.66
MEMGUS044,2,Microenvironment,15q,protein_coding,45,43,9.283201777777778,8.193976744186047,-1.0892250335917293,0.4700137821289159,-8.300193036757394,18.912824194939596,6.636489376372216e-13,3.403327885319085e-11,Up in MGUS
MEHIGH010,2,Microenvironment,2p,protein_coding,45,43,8.724023777777777,9.765658372093023,1.041634594315246,2.058558709247912,8.266825627363945,18.75209533083393,7.813661008399371e-13,3.9562840548857577e-11,Up in GEP70>0.66
MEMGUS013,2,Microenvironment,2p,protein_coding,45,43,7.7343895555555555,6.633290465116279,-1.1010990904392761,0.4661612241807538,-8.241523086672522,18.63028222636229,8.843081561907571e-13,4.4215407809537853e-11,Up in MGUS
MEHIGH031,2,Microenvironment,19q,protein_coding,45,43,8.648417555555556,10.560772558139535,1.9123550025839808,3.7642305767074866,8.233489956071686,18.591621076083072,9.197358915261358e-13,4.5419056371661026e-11,Up in GEP70>0.66
MEHIGH039,2,Microenvironment,10q,protein_coding,45,43,9.462298444444444,10.635592093023256,1.1732936485788112,2.2552598169592684,8.21290067347365,18.492558613924807,1.017129917077688e-12,4.961609351598478e-11,Up in GEP70>0.66
MEHIGH086,2,Microenvironment,9p,protein_coding,45,43,8.199083555555555,9.919333488372093,1.7202499328165377,3.294934834888182,8.099740005224549,17.948845735562692,1.7673990501986627e-12,8.51758578408994e-11,Up in GEP70>0.66
MEMGUS058,2,Microenvironment,19q,protein_coding,45,43,10.069916666666666,8.378126046511628,-1.6917906201550394,0.3095424936764484,-8.058038266515114,17.74881060189029,2.165866387763822e-12,1.031364946554201e-10,Up in MGUS
MEHIGH046,2,Microenvironment,2p,protein_coding,45,43,10.013280222222223,11.424707906976744,1.411427684754523,2.660002653240245,8.050849672183586,17.714347208967716,2.2430807729130304e-12,1.0555674225473085e-10,Up in GEP70>0.66
MEHIGH021,2,Microenvironment,21q,protein_coding,45,43,9.37547088888889,11.07961511627907,1.7041442273901861,3.25835597648168,8.019336995651415,17.563336802159057,2.6152231177646835e-12,1.2163828454719458e-10,Up in GEP70>0.66
MEHIGH028,2,Microenvironment,12p,protein_coding,45,43,10.235035333333334,11.505476046511628,1.2704407131782887,2.412352466088562,7.925203716308983,17.112916464428544,4.13406493290675e-12,1.9007195093824137e-10,Up in GEP70>0.66
MEMGUS051,2,Microenvironment,4q,protein_coding,45,43,12.115408,10.281792790697674,-1.8336152093023266,0.28056069034411235,-7.922622362380265,17.10057951326582,4.186247653871731e-12,1.9028398426689687e-10,Up in MGUS
MEMGUS026,2,Microenvironment,3q,protein_coding,45,43,9.097044444444444,7.234266279069767,-1.8627781653746753,0.2749463109354273,-7.8903675911732005,16.94649360406462,4.896294586845571e-12,2.2005818367845264e-10,Up in MGUS
MEMGUS071,2,Microenvironment,20q,protein_coding,45,43,11.900498888888889,10.700228139534884,-1.2002707493540044,0.43519360156999953,-7.849894123584186,16.753326826908655,5.9590317302475955e-12,2.648458546776709e-10,Up in MGUS
MEHIGH004,2,Microenvironment,12p,protein_coding,45,43,8.97418888888889,10.55354534883721,1.5793564599483219,2.9883651859189717,7.842986098452128,16.720377571542976,6.16208877159749e-12,2.7086104490538417e-10,Up in GEP70>0.66
MEMGUS015,2,Microenvironment,4q,protein_coding,45,43,10.947304,9.458497209302326,-1.4888067906976694,0.3563071178761099,-7.765584023620917,16.351613355304252,8.966297933989565e-12,3.8983904060824197e-10,Up in MGUS
MEMGUS079,2,Microenvironment,12p,protein_coding,45,43,10.848892666666666,8.904270697674418,-1.944621968992248,0.25978283809670016,-7.75110933357628,16.2827397973058,9.616981044182664e-12,4.1363359329817907e-10,Up in MGUS
MEHIGH053,2,Microenvironment,15q,protein_coding,45,43,8.489616666666667,10.004314186046512,1.5146975193798493,2.857389126214607,7.697515612126681,16.027978453021227,1.246214399787692e-11,5.303039999096561e-10,Up in GEP70>0.66
MEHIGH083,2,Microenvironment,3q,protein_coding,45,43,10.471630888888889,11.728315813953488,1.2566849250646026,2.389460510552386,7.689517494681805,15.98999300540921,1.295317558795672e-11,5.453968668613356e-10,Up in GEP70>0.66
MEHIGH047,2,Microenvironment,3q,protein_coding,45,43,9.006415333333333,10.09568558139535,1.089270248062011,2.127663866034078,7.650161551204967,15.803211894579276,1.56642352071768e-11,6.526764669656999e-10,Up in GEP70>0.66
MEMGUS076,2,Microenvironment,7q,protein_coding,45,43,11.190992222222222,10.231436511627907,-0.959555710594314,0.5142152456192741,-7.414771449484126,14.690928212480985,4.859567228880236e-11,2.003945249022778e-9,Up in MGUS
MEMGUS027,2,Microenvironment,4q,protein_coding,45,43,10.902385555555556,9.966851627906976,-0.9355339276485726,0.5228489326915731,-7.36477885085679,14.455845644144501,6.173965934573224e-11,2.519986095744173e-9,Up in MGUS
MEMGUS068,2,Microenvironment,15q,protein_coding,45,43,11.164735111111112,9.45457534883721,-1.7101597622739035,0.3056262228770749,-7.294104038004418,14.124242427803553,8.654620374611287e-11,3.496816312974257e-9,Up in MGUS
MEHIGH067,2,Microenvironment,19q,protein_coding,45,43,11.762834222222223,13.22794511627907,1.4651108940568456,2.7608469136280473,7.260745742051886,13.968034361978253,1.0147496881741187e-10,4.0589987526964745e-9,Up in GEP70>0.66
MEHIGH091,2,Microenvironment,19q,protein_coding,45,43,10.551994888888888,12.073317674418604,1.5213227855297156,2.8705412461835076,7.226028385262996,13.805677156457312,1.1972896661802786e-10,4.741741252199123e-9,Up in GEP70>0.66
MEHIGH029,2,Microenvironment,15q,protein_coding,45,43,9.555044,10.71479976744186,1.159755767441867,2.2341960190743833,7.197601086943124,13.672901876794404,1.3707456461839032e-10,5.375473122289817e-9,Up in GEP70>0.66
MEHIGH043,2,Microenvironment,19q,protein_coding,45,43,9.547626222222222,11.074312558139535,1.5266863359173115,2.8812330052207438,7.188006549880953,13.628122932763171,1.4347443029536814e-10,5.571822535742452e-9,Up in GEP70>0.66
MEHIGH080,2,Microenvironment,20q,protein_coding,45,43,8.379052,9.718483023255814,1.3394310232558144,2.530514994907559,7.153367457613187,13.466603462013977,1.691466883323988e-10,6.505641858938415e-9,Up in GEP70>0.66
MEHIGH009,2,Microenvironment,21q,protein_coding,45,43,8.946072222222222,10.90742441860465,1.9613521963824283,3.8942680646224335,7.121061673036754,13.316172445325863,1.971756392168685e-10,7.511452922547371e-9,Up in GEP70>0.66
MEMGUS039,2,Microenvironment,4q,protein_coding,45,43,11.034547555555555,9.624701395348838,-1.4098461602067172,0.37635181646934246,-7.092757822481618,13.184544459863387,2.254896242572601e-10,8.509042424802268e-9,Up in MGUS
MEHIGH059,2,Microenvironment,3q,protein_coding,45,43,9.13571288888889,10.211143023255813,1.0754301343669326,2.1073502772050716,7.026243580580275,12.875849843266467,3.0889813767911776e-10,1.1547593931929636e-8,Up in GEP70>0.66
MEHIGH066,2,Microenvironment,18q,protein_coding,45,43,8.923905333333334,10.688231860465116,1.764326527131784,3.397153781220876,7.003973276245212,12.772694894176121,3.4316276685581356e-10,1.2709732105770873e-8,Up in GEP70>0.66
MEMGUS021,2,Microenvironment,18q,protein_coding,45,43,11.712266,10.577443488372094,-1.1348225116279131,0.45539093807720726,-6.9362866398698735,12.459813277875368,4.72165372263408e-10,1.7327169624345247e-8,Up in MGUS
MEMGUS025,2,Microenvironment,2p,protein_coding,45,43,10.006308444444445,8.334260930232558,-1.6720475142118847,0.3138076626015862,-6.896379017265119,12.275801164907348,5.696694735736164e-10,2.0715253584495143e-8,Up in MGUS
MEHIGH088,2,Microenvironment,12p,protein_coding,45,43,8.378843111111111,9.817516279069768,1.4386731679586564,2.7107144914342145,6.809626108503384,11.877005876256275,8.557834035561745e-10,3.083904156959188e-8,Up in GEP70>0.66
MEHIGH064,2,Microenvironment,12p,protein_coding,45,43,11.346333333333334,13.299027209302325,1.9526938759689898,3.8709666438492283,6.759222541157576,11.64609400808697,1.083261405641265e-9,3.868790734433089e-8,Up in GEP70>0.66
MEHIGH077,2,Microenvironment,15q,protein_coding,45,43,9.304806888888889,10.71073534883721,1.4059284599483188,2.6498826290219974,6.743316639633483,11.573348250558835,1.1667786196210934e-9,4.130189803968472e-8,Up in GEP70>0.66
MEHIGH001,2,Microenvironment,7q,protein_coding,45,43,11.961082444444445,12.950888139534884,0.9898056950904426,1.985917505718404,6.634142854777183,11.075682558128536,1.9396293568464454e-9,6.805717041566475e-8,Up in GEP70>0.66
MEMGUS080,2,Microenvironment,15q,protein_coding,45,43,8.576547555555555,7.083580232558139,-1.4929673229974103,0.3552810578102949,-6.608677483205803,10.960021234467218,2.1829081691369017e-9,7.592724066563136e-8,Up in MGUS
MEHIGH003,2,Microenvironment,10q,protein_coding,45,43,6.803388222222222,8.08977534883721,1.286387126614989,2.4391646153429853,6.582369868996698,10.840706284070004,2.4659274189438468e-9,8.503197996358093e-8,Up in GEP70>0.66
MEMGUS059,2,Microenvironment,20q,protein_coding,45,43,10.581122444444444,9.539437441860464,-1.0416850025839803,0.4857597967785874,-6.531429166993545,10.610175000952387,3.1210231532459384e-9,1.067016462648184e-7,Up in MGUS
MEHIGH056,2,Microenvironment,20q,protein_coding,45,43,7.757448666666667,9.430572093023256,1.6731234263565948,3.189042725487566,6.50165718241002,10.475755138548147,3.580712430458766e-9,1.2138008238843276e-7,Up in GEP70>0.66
MEHIGH027,2,Microenvironment,10q,protein_coding,45,43,8.744877555555556,10.251528604651163,1.506651049095609,2.841496718107091,6.497234081006172,10.455804867359527,3.654489412848454e-9,1.2283998026381359e-7,Up in GEP70>0.66
MEMGUS047,2,Microenvironment,20q,protein_coding,45,43,9.714154888888888,8.207776511627907,-1.506378377260985,0.35199372682775054,-6.442252680096863,10.208249040038519,4.707077661818526e-9,1.5690258872728422e-7,Up in MGUS
MEMGUS030,2,Microenvironment,10q,protein_coding,45,43,9.544514222222222,8.184316279069767,-1.3601979431524551,0.38952884135056226,-6.360972057134415,9.843789824491884,6.833578649496584e-9,2.2590342642963914e-7,Up in MGUS
MEMGUS002,2,Microenvironment,3q,protein_coding,45,43,11.068827555555556,9.762740930232559,-1.3060866253229957,0.40441639063428136,-6.32871326647076,9.699654204650377,7.919468969334633e-9,2.5965472030605354e-7,Up in MGUS
MEHIGH030,2,Microenvironment,18q,protein_coding,45,43,8.017331111111112,9.043219302325582,1.0258881912144737,2.036212587051708,6.2778460771368065,9.472978861604956,9.987258555210575e-9,3.24788896104409e-7,Up in GEP70>0.66
MEMGUS004,2,Microenvironment,7q,protein_coding,45,43,8.962639333333334,7.637216279069768,-1.3254230542635694,0.3990321642794988,-6.268002078760364,9.42919841499542,1.0445012611246716e-8,3.3693589068537795e-7,Up in MGUS
MEMGUS049,2,Microenvironment,2p,protein_coding,45,43,10.754711555555556,10.062547441860465,-0.6921641136950942,0.6189247356647768,-6.221067196377112,9.220850876532316,1.292845450331375e-8,4.1371054410604e-7,Up in MGUS
MEHIGH095,2,Microenvironment,3q,protein_coding,45,43,11.062438444444444,11.996566976744186,0.9341285322997415,1.9107360961023854,6.1973489338073,9.1158128504214,1.4396606627259535e-8,4.5703513102411226e-7,Up in GEP70>0.66
MEHIGH071,2,Microenvironment,3q,protein_coding,45,43,7.654117333333334,8.912506744186047,1.2583894108527156,2.392285229733372,6.071521895096005,8.561452771350877,2.5405112019438775e-8,8.001610084862606e-7,Up in GEP70>0.66
MEMGUS053,2,Microenvironment,9p,protein_coding,45,43,8.424908666666667,6.810665348837209,-1.614243317829458,0.3266362199738076,-6.058048680288481,8.502386430979067,2.699074548320228e-8,8.418646766678292e-7,Up in MGUS
MEMGUS050,2,Microenvironment,3q,protein_coding,45,43,9.612279555555556,8.233616976744186,-1.3786625788113671,0.38457514271339377,-6.056737744235898,8.496642392959016,2.7150135822537494e-8,8.418646766678292e-7,Up in MGUS
MEHIGH038,2,Microenvironment,9p,protein_coding,45,43,8.387602666666666,9.688480930232558,1.3008782635658918,2.46378824054886,6.052601604639701,8.478522948350493,2.7659132836220653e-8,8.510502411144817e-7,Up in GEP70>0.66
MEMGUS038,2,Microenvironment,3q,protein_coding,45,43,12.08519711111111,11.100241627906977,-0.9849554832041356,0.5052413130782067,-6.045060905912997,8.445503004754972,2.8611407912703367e-8,8.736307759604081e-7,Up in MGUS
MEHIGH062,2,Microenvironment,9p,protein_coding,45,43,9.413800666666667,10.769038139534883,1.3552374728682235,2.558392248597625,5.939813518516682,7.986561154333604,4.5808342147306896e-8,1.388131580221421e-6,Up in GEP70>0.66
MEMGUS042,2,Microenvironment,10q,protein_coding,45,43,10.613246666666667,9.660531395348837,-0.9527152713178246,0.51665915105374,-5.90207550029808,7.82289334546971,5.418482657020948e-8,1.6296188442168265e-6,Up in MGUS
MEMGUS009,2,Microenvironment,18q,protein_coding,45,43,14.014055555555556,12.966137906976744,-1.047917648578803,0.48366577246197423,-5.813411988475722,7.440274091316793,8.025299712457791e-8,2.373947526921862e-6,Up in MGUS
MEHIGH096,2,Microenvironment,4q,protein_coding,45,43,8.562481111111111,9.475991162790697,0.9135100516795873,1.8836227490293382,5.717377171510383,7.02895303181279,1.2245467146152286e-7,3.549410767000663e-6,Up in GEP70>0.66
MEMGUS012,2,Microenvironment,21q,protein_coding,45,43,11.194702666666666,9.38672023255814,-1.8079824341085278,0.2855900389633552,-5.680476928301423,6.871791279780446,1.4392387296467012e-7,4.112110656133433e-6,Up in MGUS
MEMGUS006,2,Microenvironment,10q,protein_coding,45,43,10.824110666666666,9.573833720930233,-1.250276945736438,0.4203675043876911,-5.664584461075975,6.804257583332269,1.5427190447426925e-7,4.345687449979416e-6,Up in MGUS
MEMGUS036,2,Microenvironment,21q,protein_coding,45,43,10.624390444444444,9.740463488372093,-0.8839269560723508,0.5418904187440752,-5.6657990102013995,6.809415417148848,1.5345594122458734e-7,4.345687449979416e-6,Up in MGUS
MEHIGH017,2,Microenvironment,15q,protein_coding,45,43,10.067855333333334,11.19035418604651,1.1224988527131785,2.1772375948251383,5.553896679115368,6.336520056084193,2.496023217615631e-7,6.885581289974154e-6,Up in GEP70>0.66
MEHIGH082,2,Microenvironment,2p,protein_coding,45,43,7.321232888888889,8.195882790697674,0.8746499018087892,1.8335630824446583,5.519903206451845,6.193810306858595,2.8909850611389384e-7,7.920507016819009e-6,Up in GEP70>0.66
MEMGUS056,2,Microenvironment,15q,protein_coding,45,43,10.102173777777777,8.928796511627906,-1.173377266149867,0.4433821925423167,-5.505970076508879,6.135446632911071,3.0700302678705227e-7,8.353823858151082e-6,Up in MGUS
MEHIGH087,2,Microenvironment,10q,protein_coding,45,43,8.53296711111111,9.642855581395349,1.1098884702842362,2.158289616725812,5.463768045016963,5.959134059222775,3.68129123513574e-7,9.949435770637136e-6,Up in GEP70>0.66
MEHIGH052,2,Microenvironment,12p,protein_coding,45,43,9.303052888888889,10.900736279069768,1.597683390180885,3.026569310614845,5.443765770507132,5.875814528554926,4.0112225177160985e-7,1.0768382597895566e-5,Up in GEP70>0.66
MEMGUS067,2,Microenvironment,12p,protein_coding,45,43,10.177430222222222,8.853683953488373,-1.3237462687338528,0.3994962126885151,-5.418651170622839,5.771426259159229,4.466728903604564e-7,1.1832394446634607e-5,Up in MGUS
MEMGUS001,2,Microenvironment,2p,protein_coding,45,43,11.446561333333333,9.74708488372093,-1.6994764496124013,0.307897818405316,-5.39558821364376,5.675789608788747,4.929425732741448e-7,1.2972172980898547e-5,Up in MGUS
MEMGUS063,2,Microenvironment,4q,protein_coding,45,43,10.948323333333333,10.044596279069767,-0.9037270542635643,0.5345041097106693,-5.385408378454786,5.633644910577084,5.148293752982675e-7,1.3459591511065815e-5,Up in MGUS
MEMGUS069,2,Microenvironment,18q,protein_coding,45,43,9.36879688888889,8.30890488372093,-1.0598920051679528,0.4796679644942172,-5.368014017089736,5.561729850078315,5.544496676705555e-7,1.4036700447355837e-5,Up in MGUS
MEMGUS022,2,Microenvironment,19q,protein_coding,45,43,10.687286444444444,9.77794488372093,-0.9093415607235151,0.5324280334506128,-5.368884257236267,5.5653248174425745,5.523983902046963e-7,1.4036700447355837e-5,Up in MGUS
MEHIGH061,2,Microenvironment,7q,protein_coding,45,43,11.806556888888888,13.02572558139535,1.219168692506459,2.328125277633625,5.341398962435014,5.451933412940015,6.2091579759397315e-07,1.5522894939849327e-5,Up in GEP70>0.66
MEHIGH023,2,Microenvironment,3q,protein_coding,45,43,8.138985555555555,9.27476976744186,1.1357842118863068,2.1973797420624863,5.342052517680373,5.454626055901487,6.19193932130932e-7,1.5522894939849327e-5,Up in GEP70>0.66
MEMGUS024,2,Microenvironment,21q,protein_coding,45,43,11.188612,9.954502325581396,-1.2341096744186064,0.4251047621211655,-5.2713071955658535,5.164190342175372,8.355232887246226e-7,2.0503638987107303e-5,Up in MGUS
MEHIGH037,2,Microenvironment,7q,protein_coding,45,43,10.558818888888888,11.663085813953488,1.1042669250645947,2.149896079153891,5.267542844297876,5.148795286390367,8.48905119212747e-7,2.0705002907627975e-5,Up in GEP70>0.66
MEMGUS017,2,Microenvironment,9p,protein_coding,45,43,8.043039555555556,7.005649069767442,-1.0373904857881149,0.4872079278914044,-5.139747825501273,4.629768581733044,1.451018301816446e-6,3.454805480515347e-5,Up in MGUS
MEHIGH055,2,Microenvironment,19q,protein_coding,45,43,10.163071333333333,11.813537441860465,1.6504661085271337,3.139350494803566,5.132243498297983,4.599512217601232,1.497114568217953e-6,3.54346643365196e-5,Up in GEP70>0.66
MEHIGH078,2,Microenvironment,18q,protein_coding,45,43,8.483619333333333,9.959138604651162,1.4755192713178307,2.780837170331307,5.121543310137951,4.5564138112888415,1.5653232992904215e-6,3.661574969100401e-5,Up in GEP70>0.66
MEMGUS008,2,Microenvironment,15q,protein_coding,45,43,9.232366666666667,8.561223488372093,-0.6711431782945763,0.6280088615990853,-5.122422164150067,4.559951756798906,1.5596085210563437e-6,3.661574969100401e-5,Up in MGUS
MEHIGH036,2,Microenvironment,4q,protein_coding,45,43,9.772164222222223,10.680921395348838,0.9087571731266237,1.8774274692769095,5.0867664477316765,4.416691755417192,1.8086267886505115e-6,4.18179604312257e-5,Up in GEP70>0.66
MEMGUS018,2,Microenvironment,10q,protein_coding,45,43,7.970550888888889,7.051861860465117,-0.9186890284237696,0.528989492715181,-5.073377100606962,4.363042505870805,1.9118248165153055e-6,4.394999578196104e-5,Up in MGUS
MEHIGH098,2,Microenvironment,9p,protein_coding,45,43,8.749811777777778,9.817286046511628,1.0674742687338483,2.095761097355348,5.049921101610361,4.269253060269028,2.106626162713065e-6,4.760737090876984e-5,Up in GEP70>0.66
MEHIGH089,2,Microenvironment,15q,protein_coding,45,43,7.319296888888889,8.707940930232558,1.388644041343671,2.6183247426461858,5.0085149275093,4.104301831589922,2.498786006188874e-6,5.583879343438824e-5,Up in GEP70>0.66
MEHIGH040,2,Microenvironment,12p,protein_coding,45,43,8.576836666666667,9.722385813953489,1.14554914728682,2.2123032372629603,4.898649865949562,3.670488297309186,3.916555337820192e-6,8.655370912309817e-5,Up in GEP70>0.66
MEHIGH018,2,Microenvironment,18q,protein_coding,45,43,10.885894,12.469596976744187,1.5837029767441884,2.997382036473373,4.870882894441005,3.5617515841366405,4.38399207624955e-6,9.582496341529071e-5,Up in GEP70>0.66
MEMGUS055,2,Microenvironment,12p,protein_coding,45,43,9.624936,8.500914186046511,-1.1240218139534868,0.45881300372198736,-4.786380109726626,3.233130183074076,6.165464086520372e-6,1.3048601241312958e-4,Up in MGUS
MEHIGH012,2,Microenvironment,4q,protein_coding,45,43,9.574363111111111,10.580857441860465,1.0064943307493532,2.009023348283027,4.709323171622708,2.9365342180916336,8.390406155786811e-6,1.7299806506776931e-4,Up in GEP70>0.66
MEMGUS043,2,Microenvironment,12p,protein_coding,45,43,10.22504111111111,9.346210697674419,-0.8788304134366864,0.5438081154706208,-4.610489408855647,2.560515069549986,1.2406745401116056e-5,2.506413212346678e-4,Up in MGUS
MEHIGH019,2,Microenvironment,19q,protein_coding,45,43,8.203981777777777,9.084748372093022,0.880766594315249,1.8413534678748162,4.599510733178905,2.5190564891779346,1.2953995620833596e-5,2.6038182152429343e-4,Up in GEP70>0.66
MEMGUS061,2,Microenvironment,2p,protein_coding,45,43,11.239282,10.034000930232558,-1.2052810697674392,0.4336848436855525,-4.486474341189612,2.0958862977902015,2.013432742651876e-5,3.986995530003715e-4,Up in MGUS
MEMGUS014,2,Microenvironment,3q,protein_coding,45,43,10.656412444444445,9.454546279069767,-1.2018661653746765,0.4347126051993218,-4.423541946986215,1.8632526915304481,2.566776348135409e-5,4.912490618440975e-4,Up in MGUS
MEMGUS019,2,Microenvironment,12p,protein_coding,45,43,8.373539777777777,6.999001395348837,-1.3745383824289403,0.3856760909727903,-4.370888893968844,1.670280846291634,3.140150957129306e-5,5.981239918341535e-4,Up in MGUS
MEMGUS040,2,Microenvironment,7q,protein_coding,45,43,9.856335333333334,8.852852093023255,-1.0034832403100786,0.4987942570574449,-4.360220671609411,1.6313689058556573,3.270524043797679e-5,6.170800082637131e-4,Up in MGUS
MEMGUS064,2,Microenvironment,7q,protein_coding,45,43,13.97081,13.077819069767441,-0.8929909302325516,0.5384965734435326,-4.33687077983515,1.5464223852800192,3.5743494359416745e-5,6.619165622114212e-4,Up in MGUS
MEMGUS054,2,Microenvironment,10q,protein_coding,45,43,12.202610222222223,11.14723465116279,-1.0553755710594324,0.48117194366755117,-4.320392231825379,1.4866574055605764,3.804961626515782e-5,6.981580966084005e-4,Up in MGUS
MEHIGH084,2,Microenvironment,4q,protein_coding,45,43,9.027814444444445,10.038782558139534,1.0109681136950908,2.0152629791832144,4.104452286428485,0.7178476748024574,8.520207246697043e-5,0.00153517247688235,Up in GEP70>0.66
MEHIGH075,2,Microenvironment,10q,protein_coding,45,43,7.894582888888889,8.518600465116279,0.6240175762273896,1.5411609924319016,4.0389052758963935,0.4899010638285013,1.0828384904935247e-4,0.0019080854458035676,Up in GEP70>0.66
MEMGUS066,2,Microenvironment,10q,protein_coding,45,43,8.458800666666667,7.55658,-0.9022206666666639,0.5350625027483594,-3.9840529487462994,0.3011420352853671,1.3209824556438513e-4,0.0023175130800769323,Up in MGUS
MEOTH102,2,Microenvironment,20q,protein_coding,45,43,10.66921,10.001163488372093,-0.6680465116278995,0.6293582962891421,-3.874062040934908,-0.07177736314552341,1.9579348770431504e-4,0.0033903634234513425,Up in MGUS
MEMGUS010,2,Microenvironment,19q,protein_coding,45,43,9.469029555555556,8.438733023255814,-1.0302965322997366,0.48960950385481594,-3.3583109367376758,-1.7155377666395708,0.0011264139731782103,0.019173003798778048,Up in MGUS
MEOTH112,2,Microenvironment,18q,protein_coding,45,43,9.536945333333334,10.03053,0.49358466666667233,1.407938841091447,3.303658489410451,-1.8790658095594006,0.0013428492328539372,0.02256889466981407,Up in GEP70>0.66
MEHIGH006,2,Microenvironment,18q,protein_coding,45,43,10.189849333333333,10.899438837209303,0.7095895038759696,1.635338741059877,3.2486176164632927,-2.041599721178579,0.0015997562363051256,0.026551970727056028,Up in GEP70>0.66
MEMGUS070,2,Microenvironment,19q,protein_coding,45,43,11.639072666666667,10.931636744186047,-0.7074359224806201,0.6124075938709816,-3.105071363213284,-2.4551317692765817,0.0025019597597828683,0.04135470677327055,Up in MGUS
MEMGUS078,2,Microenvironment,10q,protein_coding,45,43,9.647775777777778,8.764646976744187,-0.8831288010335978,0.5421902965556495,-3.019709095908237,-2.693814846842362,0.003243091461441368,0.052733194494981595,Not significant
MEOTH098,2,Microenvironment,12p,protein_coding,45,43,9.793169111111112,10.175788372093024,0.38261926098191523,1.303706631014373,2.9875721399879698,-2.7822529053302985,0.00357130741386496,0.05783493787635562,Not significant
GENE2789,2,Microenvironment,9p,protein_coding,45,43,7.913446666666666,8.209626279069768,0.29617961240310375,1.2278885438596778,2.855406187456346,-3.137665030976757,0.005269767433763949,0.0836471021232373,Not significant
MEOTH001,2,Microenvironment,10q,protein_coding,45,43,7.557737111111111,7.9159953488372095,0.3582582377260959,1.281877355508635,2.7505871796924977,-3.4098922979598942,0.007113116814636904,0.11028088084708378,Not significant
GENE1925,2,Microenvironment,9p,protein_coding,45,43,8.322962222222221,8.016802790697675,-0.3061594315245486,0.8087919642178715,-2.7237696814675574,-3.4781485465098805,0.007670985470887034,0.11847081808319744,Not significant
MEOTH064,2,Microenvironment,18q,protein_coding,45,43,10.06258688888889,10.538630697674419,0.4760438087855263,1.3909242077844286,2.717193864450817,-3.4947981348632515,0.00781372514558636,0.120211156085944,Not significant
MEOTH180,2,Microenvironment,9p,protein_coding,45,43,9.818488666666667,10.206519767441861,0.3880311007752031,1.308606281319157,2.7002858827974756,-3.5374499210990322,0.008191906392761758,0.12554645812661697,Not significant
MEOTH207,2,Microenvironment,15q,protein_coding,45,43,9.300102444444445,8.926086046511628,-0.3740163979328184,0.7716313169784867,-2.572629968676963,-3.852055884068173,0.011628172351227366,0.17290962604055563,Not significant
MEOTH214,2,Microenvironment,4q,protein_coding,45,43,9.33692488888889,9.71204511627907,0.37512022739018214,1.2969476316371629,2.5587776219771694,-3.885400147140674,0.012070193277532067,0.1781541665095023,Not significant
MEOTH090,2,Microenvironment,20q,protein_coding,45,43,10.658493777777778,10.983557209302326,0.3250634315245513,1.2527195162113212,2.5558678060522135,-3.892384498050106,0.012164944582287772,0.1781541665095023,Not significant
GENE3833,2,Microenvironment,9p,protein_coding,45,43,9.057805333333333,8.779445348837209,-0.27835998449612553,0.8245277849212133,-2.485850452426455,-4.058349679178296,0.01465623184702642,0.20788981343299887,Not significant
MEOTH173,2,Microenvironment,19q,protein_coding,45,43,9.024253555555555,8.486756976744186,-0.5374965788113659,0.6889653922646661,-2.4505454297713642,-4.140500084816717,0.016078094427150434,0.22408493975122554,Not significant
MEOTH118,2,Microenvironment,4q,protein_coding,45,43,8.944343555555555,9.232198139534884,0.28785458397933006,1.2208234539278306,2.4290713788289486,-4.189961044340011,0.01700200944073785,0.23613902001024795,Not significant
MEOTH040,2,Microenvironment,18q,protein_coding,45,43,8.745925111111111,9.210890930232559,0.46496581912144563,1.3802846507813282,2.427058927260374,-4.194576610448669,0.017090974232451216,0.2362909598149956,Not significant
MEOTH109,2,Microenvironment,10q,protein_coding,45,43,11.325695555555555,10.996276511627906,-0.32941904392764165,0.7958569013109054,-2.426154426872245,-4.196649985267076,0.01713109458658718,0.2362909598149956,Not significant
MEOTH234,2,Microenvironment,20q,protein_coding,45,43,9.862015111111111,10.597902558139534,0.7358874470284338,1.665421607535449,2.419039747571522,-4.2129350625184525,0.01744961322729205,0.2398572264919869,Not significant
MEOTH134,2,Microenvironment,12p,protein_coding,45,43,10.837332,11.331261860465116,0.4939298604651121,1.4082757590757968,2.4024970339385403,-4.250636809123503,0.018210688727584384,0.24861008501821685,Not significant
MEOTH030,2,Microenvironment,20q,protein_coding,45,43,10.28229111111111,10.732911627906976,0.4506205167958619,1.366627929974717,2.3337791612707495,-4.4047890168596755,0.02169742230687989,0.2892989640917319,Not significant
MEOTH066,2,Microenvironment,20q,protein_coding,45,43,8.451888444444444,8.790782325581395,0.3388938811369506,1.2647865063077701,2.319527956873783,-4.436259401398871,0.022490399511903545,0.2978860862503781,Not significant
MEOTH175,2,Microenvironment,21q,protein_coding,45,43,7.867343555555555,8.280792790697674,0.4134492351421164,1.331866273280827,2.2931940989159387,-4.4939581905392245,0.02402322646429199,0.31505870772841954,Not significant
MEOTH011,2,Microenvironment,7q,protein_coding,45,43,7.200482222222222,7.630582790697674,0.43010056847545375,1.3473274941147053,2.2745007903482115,-4.53455818348173,0.025166452656165017,0.32790166327250836,Not significant
MEOTH211,2,Microenvironment,21q,protein_coding,45,43,10.655934444444444,11.025982325581396,0.37004788113694076,1.2923957228274308,2.2661273824381523,-4.552647752830316,0.02569387331019993,0.33368666636623284,Not significant
GENE3524,2,Microenvironment,15q,protein_coding,45,43,7.764993333333333,7.988087674418605,0.22309434108527348,1.1672344274168587,2.23609592277344,-4.617033413321749,0.02766617662863068,0.3546945721619318,Not significant
MEOTH115,2,Microenvironment,21q,protein_coding,45,43,7.972027555555555,8.434891627906977,0.4628640723514268,1.3782752887009893,2.2234368199233745,-4.643942182508088,0.028536518854595225,0.363522533179557,Not significant
GENE1325,2,Microenvironment,9p,protein_coding,45,43,7.721004444444445,7.966535348837209,0.24553090439276914,1.1855289592697769,2.2181445685273133,-4.65515083136034,0.028907415383852726,0.367078290588606,Not significant
GENE3064,2,Microenvironment,7q,protein_coding,45,43,8.836917555555555,8.58556953488372,-0.2513480206718324,0.8401110681747833,-2.199747947691032,-4.69392620880355,0.030229691563164487,0.376693975864978,Not significant
MEOTH232,2,Microenvironment,18q,protein_coding,45,43,7.629015555555555,7.996305581395349,0.3672900258397931,1.2899275394908927,2.1875950972266414,-4.719381328407202,0.031131874200013458,0.38553404582060014,Not significant
GENE1206,2,Microenvironment,10q,protein_coding,45,43,8.187886888888888,7.947577674418604,-0.24030921447028675,0.8465638479233403,-2.171816926077834,-4.752239665066412,0.032338140679484935,0.3955735862933937,Not significant
MEOTH204,2,Microenvironment,9p,protein_coding,45,43,8.653293333333334,9.014916046511628,0.3616227131782974,1.284870280296637,2.1550635801332345,-4.786892992949561,0.03366328468425953,0.4055817431838498,Not significant
GENE3863,2,Microenvironment,20q,protein_coding,45,43,9.994641333333334,10.216136976744187,0.22149564341086148,1.1659416930723134,2.139620890381719,-4.818619702893148,0.03492628534959298,0.4147176366613432,Not significant
MEOTH165,2,Microenvironment,3q,protein_coding,45,43,7.991344,8.277881162790697,0.28653716279069563,1.2197091473536996,2.1313434390580928,-4.835540272755545,0.03562003482986803,0.4190592332925651,Not significant
GENE3318,2,Microenvironment,10q,protein_coding,45,43,8.814051555555556,8.596112325581394,-0.2179392299741565,0.8597927021603144,-2.117304693075894,-4.864101616326462,0.03682396016996911,0.4306895926312177,Not significant
MEOTH145,2,Microenvironment,10q,protein_coding,45,43,10.319431555555555,9.920077674418605,-0.3993538811369479,0.7581977702463775,-2.1078975335398074,-4.883144046843308,0.03765025226214834,0.43779363095521323,Not significant
GENE1376,2,Microenvironment,15q,protein_coding,45,43,7.498073777777778,7.756899534883721,0.25882575710594935,1.1965044455178497,2.07671621753695,-4.945709968419065,0.04050467716415421,0.46512983593013063,Not significant
GENE1170,2,Microenvironment,10q,protein_coding,45,43,8.915738222222222,9.16010069767442,0.24436247545219913,1.1845691961019313,2.063278895606231,-4.972409716259829,0.04179110015857689,0.4762518536589959,Not significant
MEMGUS073,2,Microenvironment,2p,protein_coding,45,43,11.137386444444445,10.61842534883721,-0.5189610956072279,0.6978742010111597,-2.053985986245836,-4.990781883791239,0.04270116922288293,0.4830449913815593,Not significant
MEOTH196,2,Microenvironment,18q,protein_coding,45,43,10.264277555555555,10.58474534883721,0.32046779328165265,1.2487353852060554,2.050198686358791,-4.9982476460272975,0.04307691840251323,0.48401031912936215,Not significant
GENE3897,2,Microenvironment,18q,protein_coding,45,43,9.038955111111111,9.28159511627907,0.2426400051679618,1.1831557527664978,2.051353889849191,-4.995971773265325,0.04296200756049345,0.48401031912936215,Not significant
GENE3252,2,Microenvironment,21q,protein_coding,45,43,8.109919777777778,7.878743720930233,-0.23117605684754672,0.851940123659929,-2.032525571291734,-5.032919145032549,0.044868066185053894,0.5013191752519988,Not significant
MEOTH168,2,Microenvironment,9p,protein_coding,45,43,9.421674444444445,10.007706279069767,0.5860318346253255,1.501112220812456,2.0180369636725874,-5.06113790218007,0.04638369949190535,0.5139468087745745,Not significant
GENE3409,2,Microenvironment,2p,protein_coding,45,43,10.326055111111112,10.072348604651163,-0.2537065064599471,0.8387387952587332,-2.0198906731389665,-5.05753785480502,0.04618737499517377,0.5139468087745745,Not significant
MEOTH176,2,Microenvironment,2p,protein_coding,45,43,10.227190444444444,10.621076046511627,0.39388560206718104,1.3139274356620365,2.0044761183175095,-5.087381789033293,0.047841732655548024,0.5229511926719488,Not significant
GENE3225,2,Microenvironment,18q,protein_coding,45,43,7.171439333333334,7.385096279069767,0.21365694573643434,1.1596238781247692,2.0043999246166537,-5.087528785135996,0.04785003412948331,0.5229511926719488,Not significant
GENE3093,2,Microenvironment,18q,protein_coding,45,43,10.319606888888888,10.57739046511628,0.25778357622738746,1.1956404210845322,2.0030785154007567,-5.09007728682644,0.0479942003109544,0.5230975510730724,Not significant
GENE1679,2,Microenvironment,20q,protein_coding,45,43,9.629055333333334,9.427282093023257,-0.20177324031008048,0.869481212529046,-1.9428870777346308,-5.2045223639268325,0.05496552596950916,0.5766208574698692,Not significant
MEOTH189,2,Microenvironment,3q,protein_coding,45,43,8.627716,9.040340465116278,0.4126244651162754,1.3311050802254765,1.9355050671709977,-5.218336371694002,0.05587683195277744,0.5805385137950902,Not significant
MEOTH108,2,Microenvironment,9p,protein_coding,45,43,7.920501333333333,8.222083023255815,0.30158168992248324,1.232494911194949,1.9332807288702607,-5.22248926394538,0.056153919179732156,0.5819058982355664,Not significant
GENE2202,2,Microenvironment,10q,protein_coding,45,43,10.605094666666666,10.815616976744186,0.21052231007751487,1.1571070245151223,1.9271972632728043,-5.233824688989976,0.05691768185655054,0.5852717928694143,Not significant
MEOTH028,2,Microenvironment,18q,protein_coding,45,43,9.431723333333332,9.695487209302327,0.26376387596899775,1.2006069096240002,1.9166790126878726,-5.253345556057213,0.05825892906163567,0.5944788679758741,Not significant
MEOTH043,2,Microenvironment,21q,protein_coding,45,43,9.369431333333333,9.049115813953488,-0.3203155193798395,0.8008947016673961,-1.9124303751121292,-5.261202584603147,0.05880821184828247,0.5973926218127752,Not significant
GENE2180,2,Microenvironment,15q,protein_coding,45,43,8.384776888888888,8.570695813953488,0.18591892506460006,1.1375412998237897,1.9097676384131508,-5.2661185684469345,0.05915468374764805,0.5975220580570509,Not significant
GENE3939,2,Microenvironment,4q,protein_coding,45,43,9.842800444444444,9.624826046511627,-0.21797439793281193,0.859771743617581,-1.8902487223966136,-5.30196086297717,0.06174735893220515,0.6190211421774952,Not significant
GENE3915,2,Microenvironment,4q,protein_coding,45,43,10.21777311111111,10.005192093023256,-0.21258101808785668,0.8629919349320692,-1.885466750882118,-5.310689850477912,0.06239691547282373,0.6224131219234288,Not significant
GENE1210,2,Microenvironment,19q,protein_coding,45,43,8.816374444444444,8.60266465116279,-0.21370979328165696,0.8623169877814041,-1.8777295642899359,-5.324769811145085,0.06346004627810961,0.628851024667437,Not significant
GENE2053,2,Microenvironment,2p,protein_coding,45,43,8.784836666666667,8.998983255813954,0.21414658914728513,1.1600175154080434,1.8552356718790601,-5.365398160595083,0.06663749644246227,0.6517114566499977,Not significant
MEOTH195,2,Microenvironment,15q,protein_coding,45,43,10.845702888888889,11.139055348837209,0.29335245994831816,1.2254846893573121,1.8431127934093616,-5.387105574017791,0.06840444678675074,0.6627555712579454,Not significant
GENE1042,2,Microenvironment,19q,protein_coding,45,43,9.096721777777777,9.305557209302325,0.2088354315245553,1.1557548618760909,1.8433734644767037,-5.386640205839448,0.06836604554317464,0.6627555712579454,Not significant
GENE1281,2,Microenvironment,18q,protein_coding,45,43,7.617835333333334,7.438418139534884,-0.17941719379844923,0.8830596542745164,-1.8315312593231812,-5.407719873909112,0.07012886487178716,0.6775735736404557,Not significant
MEOTH123,2,Microenvironment,15q,protein_coding,45,43,7.132078888888889,7.3698546511627905,0.2377757622739054,1.1791732994086797,1.822466704318168,-5.423769649860041,0.07150366490942303,0.687535239513683,Not significant
GENE3264,2,Microenvironment,21q,protein_coding,45,43,10.928244,11.123200697674418,0.19495669767441726,1.1446898023504062,1.8155839231413693,-5.435906758589486,0.07256248100696712,0.6909011827227733,Not significant
MEOTH228,2,Microenvironment,9p,protein_coding,45,43,9.046596888888889,9.324313023255813,0.2777161343669228,1.2122742677048206,1.8062577241940652,-5.4522842176611395,0.07401795064683502,0.692986898379596,Not significant
MEOTH116,2,Microenvironment,2p,protein_coding,45,43,9.778982444444445,10.046856279069768,0.2678738346253251,1.204032082608394,1.797477822265133,-5.467630367276465,0.0754102340340288,0.692986898379596,Not significant
GENE2177,2,Microenvironment,9p,protein_coding,45,43,10.017142,9.81643023255814,-0.20071176744186303,0.8701211747525064,-1.8058313341609786,-5.453031106319402,0.07408506944496877,0.692986898379596,Not significant
GENE1448,2,Microenvironment,15q,protein_coding,45,43,8.984730222222222,9.164151395348837,0.1794211731266131,1.132429449611148,1.8007667185308338,-5.461889976686405,0.0748861707092708,0.692986898379596,Not significant
GENE3603,2,Microenvironment,4q,protein_coding,45,43,9.441882666666666,9.625776046511628,0.18389337984495313,1.1359453113957758,1.7921274425747244,-5.476947889946876,0.07626927545297175,0.696523063497459,Not significant
GENE2334,2,Microenvironment,10q,protein_coding,45,43,8.857472,8.65767046511628,-0.19980153488371855,0.8706703292884438,-1.786375602154332,-5.486935585393879,0.07720179996127295,0.7018345451024814,Not significant
GENE3412,2,Microenvironment,7q,protein_coding,45,43,8.849910666666666,8.665805116279069,-0.1841055503875939,0.8801946144498842,-1.7851295129691929,-5.489095381685986,0.07740506250357687,0.7020867347263209,Not significant
GENE2746,2,Microenvironment,19q,protein_coding,45,43,9.246564444444445,9.41888558139535,0.17232113695090057,1.1268700364116069,1.763736836506206,-5.525954489853963,0.08096424078136628,0.7224632292483589,Not significant
MEOTH128,2,Microenvironment,2p,protein_coding,45,43,9.732452444444444,9.481300465116279,-0.2511519793281618,0.8402252348478569,-1.7603972473483174,-5.53167097930189,0.08153185468271232,0.7231206623743887,Not significant
GENE3742,2,Microenvironment,19q,protein_coding,45,43,9.724233111111111,9.91696023255814,0.19272712144702808,1.1429221369610825,1.7557974939432233,-5.539527915336047,0.08231901814145991,0.7252776928762986,Not significant
GENE2944,2,Microenvironment,7q,protein_coding,45,43,8.59385088888889,8.77572558139535,0.1818746925064616,1.1343569543415324,1.7485613291634468,-5.551849161856767,0.08357001435611286,0.7346814448889043,Not significant
GENE2357,2,Microenvironment,9p,protein_coding,45,43,11.210188,11.00627511627907,-0.20391288372092653,0.8681926513133698,-1.7454496016738983,-5.557132928308641,0.08411276074340766,0.7378312345912953,Not significant
GENE2772,2,Microenvironment,21q,protein_coding,45,43,8.404312888888889,8.594437906976744,0.19012501808785132,1.1408625740982297,1.7414590187821188,-5.563896086662599,0.08481303444093334,0.7407251916238721,Not significant
MEOTH120,2,Microenvironment,9p,protein_coding,45,43,9.516227555555556,9.84795511627907,0.3317275607235164,1.2585194915929243,1.7284730580124534,-5.5858038613197065,0.08712505172583165,0.752700230892714,Not significant
GENE3080,2,Microenvironment,15q,protein_coding,45,43,8.339075777777778,8.525317906976744,0.1862421291989662,1.1377961695132424,1.7199236176733823,-5.600143003220457,0.08867521100721369,0.7559868619454615,Not significant
GENE1089,2,Microenvironment,18q,protein_coding,45,43,8.80007088888889,8.986198139534883,0.18612725064599722,1.1377055729769305,1.7142821589150754,-5.609568281974687,0.08971041407562425,0.7602577464035953,Not significant
MEOTH227,2,Microenvironment,7q,protein_coding,45,43,12.116937333333334,11.827003023255815,-0.28993431007752335,0.8179393007638655,-1.701946166375477,-5.630076775473643,0.09200850404888851,0.7686819690181463,Not significant
MEOTH110,2,Microenvironment,12p,protein_coding,45,43,9.088998,8.835682790697675,-0.25331520930232543,0.8389663143178808,-1.7058195969800576,-5.623652229797039,0.091281798726721,0.7686819690181463,Not significant
GENE1509,2,Microenvironment,18q,protein_coding,45,43,8.10953488888889,7.90709534883721,-0.20243954005167542,0.8690797407486301,-1.7007077717232872,-5.6321279015226295,0.09224183628217755,0.7686819690181463,Not significant
GENE2003,2,Microenvironment,20q,protein_coding,45,43,10.099835777777779,9.914991860465117,-0.18484391731266214,0.8797442487864693,-1.7010602054411665,-5.631544316251321,0.09217538336358094,0.7686819690181463,Not significant
GENE1876,2,Microenvironment,7q,protein_coding,45,43,7.961744666666666,8.136239069767441,0.17449440310077602,1.1285688250900794,1.6959836549748297,-5.63993944988785,0.09313636791834413,0.7745228101317599,Not significant
MEOTH174,2,Microenvironment,20q,protein_coding,45,43,10.909025555555555,11.183097906976744,0.2740723514211929,1.2092163167330803,1.6921749514612636,-5.6462224271344885,0.0938626997447861,0.777330846747711,Not significant
MEOTH097,2,Microenvironment,10q,protein_coding,45,43,9.291446222222222,9.55152511627907,0.26007889405684814,1.1975441907636295,1.6889895144784486,-5.651467027398152,0.09447370995059393,0.7797023098139544,Not significant
GENE2970,2,Microenvironment,10q,protein_coding,45,43,8.494292222222223,8.692553488372093,0.1982612661498706,1.147314779410798,1.6886506179467355,-5.652024449260919,0.09453890506494197,0.7797023098139544,Not significant
MEOTH129,2,Microenvironment,3q,protein_coding,45,43,8.745738666666666,9.057162325581395,0.31142365891472856,1.240931653700301,1.682370395167599,-5.66233518114734,0.09575370253000592,0.7832613703885966,Not significant
GENE1745,2,Microenvironment,9p,protein_coding,45,43,10.378728888888888,10.207720930232558,-0.1710079586563289,0.8882218959348628,-1.6831208793856565,-5.661104956664992,0.09560787023286692,0.7832613703885966,Not significant
GENE3741,2,Microenvironment,18q,protein_coding,45,43,7.886437777777778,7.705258139534884,-0.18117963824288985,0.8819815377744612,-1.6708477823571204,-5.681158596397589,0.09801553886269142,0.7963371616937153,Not significant
MEOTH142,2,Microenvironment,4q,protein_coding,45,43,8.826800222222221,8.536836279069767,-0.28996394315245766,0.817922500395818,-1.6670889390117887,-5.68727268208909,0.0987626930334467,0.7980823679470441,Not significant
GENE3581,2,Microenvironment,9p,protein_coding,45,43,9.604378222222222,9.792219069767443,0.1878408475452229,1.1390577139143525,1.6675126068522528,-5.686584198889448,0.09867824932223349,0.7980823679470441,Not significant
GENE2665,2,Microenvironment,2p,protein_coding,45,43,10.203201555555555,10.397004186046512,0.19380263049096058,1.1437744871516495,1.6650038248571113,-5.690658700954451,0.09917914351580542,0.7983149266681576,Not significant
MEOTH046,2,Microenvironment,4q,protein_coding,45,43,7.420345111111111,7.157347674418605,-0.2629974366925083,0.833354687820312,-1.6609598700862587,-5.6972142868954725,0.09999088123550248,0.799575964935009,Not significant
MEOTH197,2,Microenvironment,19q,protein_coding,45,43,8.254483333333333,8.471020465116279,0.21653713178294787,1.1619412553573805,1.6453860475689508,-5.722320163648653,0.10316738664594545,0.813943878863475,Not significant
GENE1498,2,Microenvironment,19q,protein_coding,45,43,8.618709555555556,8.78881488372093,0.1701053281653735,1.1251406258680667,1.645642414172966,-5.72190869436638,0.10311444487208501,0.813943878863475,Not significant
MEOTH218,2,Microenvironment,12p,protein_coding,45,43,10.900826,11.200678837209303,0.29985283720930944,1.23101883628103,1.6329090694947794,-5.742272534541116,0.10577062514206872,0.82191752634415,Not significant
GENE1776,2,Microenvironment,21q,protein_coding,45,43,7.614375333333333,7.41348511627907,-0.20089021705426457,0.8700135545144216,-1.6316442524674712,-5.7442871332279575,0.10603744952272962,0.82191752634415,Not significant
GENE2505,2,Microenvironment,18q,protein_coding,45,43,9.383396222222222,9.57915,0.1957537777777798,1.1453224111393967,1.6303463849076925,-5.746352840330902,0.10631180954604104,0.82191752634415,Not significant
GENE2923,2,Microenvironment,12p,protein_coding,45,43,10.086037333333334,9.911176511627907,-0.17486082170542794,0.8858529741402233,-1.6356039862895135,-5.737975152932954,0.10520391268083748,0.82191752634415,Not significant
GENE3089,2,Microenvironment,9p,protein_coding,45,43,7.9686346666666665,7.80035511627907,-0.16827955038759956,0.8899032803752358,-1.6282335502237613,-5.749712337306239,0.10675967034921498,0.82191752634415,Not significant
MEOTH084,2,Microenvironment,9p,protein_coding,45,43,10.548422,10.882495581395348,0.3340735813953444,1.2605676823450955,1.6229159637648463,-5.758149289190403,0.10789357015769639,0.8267706525493976,Not significant
GENE1739,2,Microenvironment,20q,protein_coding,45,43,8.721997777777778,8.562182558139535,-0.15981521963824186,0.8951397130687458,-1.6043230888240432,-5.787443617840604,0.11193454545462143,0.8495980679667661,Not significant
GENE3712,2,Microenvironment,7q,protein_coding,45,43,9.301671333333333,9.487929069767441,0.18625773643411137,1.137808478385121,1.5966147770087602,-5.799494827613134,0.11364503810627644,0.8565659371448889,Not significant
GENE1955,2,Microenvironment,20q,protein_coding,45,43,8.980545333333334,8.816225348837209,-0.16431998449612273,0.8923490297635168,-1.5924130115004973,-5.806040720898685,0.11458618817691764,0.8599338699956296,Not significant
GENE2733,2,Microenvironment,18q,protein_coding,45,43,8.84145088888889,8.65822465116279,-0.18322623772609248,0.8807312505085122,-1.5891414820543923,-5.811126083974605,0.11532328048262036,0.862230134449498,Not significant
MEOTH027,2,Microenvironment,15q,protein_coding,45,43,10.845838,11.37721534883721,0.5313773488372107,1.445308380867013,1.5783320616783763,-5.827858031940854,0.11778565770170954,0.8712937817421059,Not significant
GENE1165,2,Microenvironment,2p,protein_coding,45,43,8.04387,7.870623953488372,-0.17324604651162723,0.8868450439837439,-1.57808473994403,-5.828239594414585,0.11784248398061982,0.8712937817421059,Not significant
GENE1050,2,Microenvironment,10q,protein_coding,45,43,7.173180666666666,7.356558139534884,0.18337747286822026,1.135539170580811,1.5677466683641406,-5.844138166833484,0.12023743286606685,0.8829207353229256,Not significant
GENE2411,2,Microenvironment,20q,protein_coding,45,43,8.442281777777778,8.276571860465117,-0.16570991731266282,0.8914897297142476,-1.5674875690282848,-5.844535352568915,0.12029795018774861,0.8829207353229256,Not significant
GENE3110,2,Microenvironment,3q,protein_coding,45,43,8.069317555555555,8.24881511627907,0.17949756072351342,1.132489410900258,1.5639190711442628,-5.849999330648228,0.12113390351872717,0.8836136424783984,Not significant
MEOTH198,2,Microenvironment,20q,protein_coding,45,43,10.725611777777777,10.429763720930232,-0.29584805684754834,0.8145933506834161,-1.5619068557708122,-5.85307515953791,0.12160731478584444,0.8839513756560979,Not significant
GENE2590,2,Microenvironment,19q,protein_coding,45,43,8.583387333333333,8.412492790697675,-0.17089454263565962,0.8882917253512594,-1.5558141712535913,-5.862365361739233,0.1230496977897218,0.8900520635784579,Not significant
GENE3997,2,Microenvironment,2p,protein_coding,45,43,8.344537333333333,8.217103023255813,-0.12743431007751482,0.9154580547016223,-1.5527610820723412,-5.867007772211922,0.12377757348930098,0.8920906197427098,Not significant
MEOTH070,2,Microenvironment,4q,protein_coding,45,43,9.243297333333333,9.480649534883721,0.2373522015503884,1.178827156826978,1.543507408636085,-5.881025589826186,0.1260045717804336,0.8967796491678073,Not significant
MEOTH201,2,Microenvironment,3q,protein_coding,45,43,10.551753333333334,10.315808139534884,-0.23594519379844847,0.8491285031765222,-1.5434450541897835,-5.881119776453749,0.12601968488966575,0.8967796491678073,Not significant
GENE2868,2,Microenvironment,21q,protein_coding,45,43,8.322001555555556,8.499839069767441,0.17783751421188754,1.1311870539579316,1.5458921774823022,-5.877420671670443,0.12542764076618443,0.8967796491678073,Not significant
MEOTH093,2,Microenvironment,3q,protein_coding,45,43,9.309442666666667,9.686359302325581,0.3769166356589171,1.2985635646791702,1.532929357128253,-5.896951990310134,0.12858899739028598,0.9073881617476839,Not significant
GENE2056,2,Microenvironment,7q,protein_coding,45,43,8.859337777777778,9.026099534883722,0.16676175710594165,1.1225360340955923,1.5327942638725902,-5.89715471379803,0.1286222719277342,0.9073881617476839,Not significant
MEOTH029,2,Microenvironment,19q,protein_coding,45,43,10.714352444444444,10.510096511627907,-0.20425593281654209,0.8679862339567102,-1.5211397529459776,-5.9145796566508935,0.1315185408243652,0.9213207763528211,Not significant
GENE1525,2,Microenvironment,2p,protein_coding,45,43,8.475363333333334,8.642018139534883,0.16665480620155115,1.1224528205329773,1.5152997045523628,-5.923263612555441,0.1329890416428779,0.927215947001714,Not significant
MEOTH223,2,Microenvironment,21q,protein_coding,45,43,10.381205333333334,10.570011627906977,0.1888062945736415,1.1398202228950307,1.5117127496414977,-5.928581515591386,0.133898611856476,0.9314686042189635,Not significant
MEOTH023,2,Microenvironment,7q,protein_coding,45,43,10.437793333333333,10.67497046511628,0.23717713178294453,1.17868411587305,1.5045593528759482,-5.939151040243739,0.13572713737325434,0.9328325592663528,Not significant
GENE2123,2,Microenvironment,20q,protein_coding,45,43,8.107221333333333,7.937011860465116,-0.17020947286822175,0.8887136345528812,-1.5058203992243404,-5.937291247219064,0.13540337867984728,0.9328325592663528,Not significant
GENE1203,2,Microenvironment,4q,protein_coding,45,43,8.414207333333334,8.244869302325581,-0.1693380310077508,0.8892506130482519,-1.5060753120001937,-5.93691512097825,0.13533800653323882,0.9328325592663528,Not significant
GENE3219,2,Microenvironment,4q,protein_coding,45,43,8.943727555555556,8.780704883720931,-0.1630226718346215,0.8931518164346974,-1.502392103107112,-5.9423438325495965,0.13628497126366632,0.9350598371435082,Not significant
GENE3850,2,Microenvironment,19q,protein_coding,45,43,9.414145333333334,9.250001162790698,-0.16414417054263453,0.8924577824564238,-1.5006740026794807,-5.944871819170489,0.13672847351889952,0.9364963939650652,Not significant
GENE2708,2,Microenvironment,15q,protein_coding,45,43,7.455303777777778,7.6348267441860465,0.17952296640827115,1.1325093540770788,1.4962452260196855,-5.951375530731989,0.13787691290758747,0.9379381830448127,Not significant
GENE3056,2,Microenvironment,15q,protein_coding,45,43,10.431230666666666,10.279737674418605,-0.15149299224806612,0.90031827394941355,-1.4985567567420877,-5.9479833076639395,0.13727656418523326,0.9379381830448127,Not significant
GENE1197,2,Microenvironment,18q,protein_coding,45,43,10.043062444444445,9.901626744186046,-0.14143570025840013,0.9066164854113936,-1.4970049771462486,-5.950261130059178,0.13767936464181282,0.9379381830448127,Not significant
GENE3537,2,Microenvironment,18q,protein_coding,45,43,7.890136888888889,7.728723953488372,-0.16141293540051382,0.8941489373653398,-1.4881723476168713,-5.963183462268825,0.1399897301004711,0.9452067628969391,Not significant
GENE2945,2,Microenvironment,9p,protein_coding,45,43,8.232834666666667,8.080757441860465,-0.15207722480620411,0.8999537556385415,-1.4856330261229216,-5.966885038292057,0.140659521798703,0.9452067628969391,Not significant
GENE2436,2,Microenvironment,21q,protein_coding,45,43,9.394896888888889,9.56198,0.16708311111110774,1.12278610193317,1.4808355953853383,-5.973861794269412,0.14193175870629013,0.9486530154114182,Not significant
GENE1666,2,Microenvironment,19q,protein_coding,45,43,10.133995555555556,10.291835348837209,0.15783979328165287,1.11561542988345,1.4813127611226777,-5.973168831775819,0.14180481782441348,0.9486530154114182,Not significant
MEOTH080,2,Microenvironment,2p,protein_coding,45,43,10.147446666666667,10.568312558139535,0.4208658914728698,1.3387308068649908,1.4517185704103852,-6.015743131381244,0.14984681456275753,0.950935725171886,Not significant
MEOTH161,2,Microenvironment,19q,protein_coding,45,43,10.511672,10.893773488372092,0.38210148837209523,1.3032388242709876,1.4527214043657626,-6.0143138980902435,0.14956863567185483,0.950935725171886,Not significant
MEOTH039,2,Microenvironment,15q,protein_coding,45,43,9.275951333333333,9.552563488372092,0.2766121550387606,1.2113469658375753,1.457855548537383,-6.006981957383495,0.14815072643388616,0.950935725171886,Not significant
MEOTH171,2,Microenvironment,15q,protein_coding,45,43,9.190400888888888,9.416718372093023,0.22631748320413259,1.1698450748621863,1.4571850223149203,-6.007940923258374,0.1483353130190075,0.950935725171886,Not significant
MEOTH169,2,Microenvironment,10q,protein_coding,45,43,9.274572666666666,9.48065465116279,0.2060819844961248,1.1535511564208505,1.4690379127911337,-5.990927121629257,0.14509858220645,0.950935725171886,Not significant
GENE3190,2,Microenvironment,19q,protein_coding,45,43,8.704915333333334,8.529498139534883,-0.17541719379845055,0.8855114128014366,-1.4595835677118845,-6.004508653299793,0.147675848196312,0.950935725171886,Not significant
GENE1259,2,Microenvironment,20q,protein_coding,45,43,9.60260911111111,9.772538372093024,0.1699292609819114,1.1250033215537498,1.4515599822342946,-6.015969063894675,0.1498908424613273,0.950935725171886,Not significant
GENE1746,2,Microenvironment,10q,protein_coding,45,43,9.308611777777777,9.141632093023256,-0.1669796847545193,0.8907054429471001,-1.4563994492186867,-6.009063888921677,0.14855179732815438,0.950935725171886,Not significant
GENE3834,2,Microenvironment,10q,protein_coding,45,43,7.293138444444445,7.127587441860465,-0.16555100258397726,0.8915879338720275,-1.4513276940268476,-6.016299950474215,0.14995534935466487,0.950935725171886,Not significant
GENE2530,2,Microenvironment,19q,protein_coding,45,43,8.410785333333333,8.575823255813953,0.16503792248061977,1.1211955492309935,1.449559340628777,-6.018817248322188,0.15044712986197348,0.950935725171886,Not significant
GENE3314,2,Microenvironment,3q,protein_coding,45,43,9.858877777777778,9.696555581395348,-0.1623221963824335,0.8935855760383817,-1.4585224593709867,-6.006027743658125,0.14796731195547114,0.950935725171886,Not significant
GENE3720,2,Microenvironment,21q,protein_coding,45,43,11.064891555555555,10.906101860465116,-0.1587896950904426,0.895776239896461,-1.4706724534240867,-5.988570543959112,0.1446565736782558,0.950935725171886,Not significant
GENE3732,2,Microenvironment,21q,protein_coding,45,43,7.194101111111111,7.038404418604651,-0.15569669250645823,0.8976987600851688,-1.4480440812283206,-6.02097192410391,0.15086951751259242,0.950935725171886,Not significant
GENE1481,2,Microenvironment,9p,protein_coding,45,43,9.45595311111111,9.301623023255814,-0.154330087855298,0.8985495154405435,-1.4677279012312305,-5.99281400587153,0.14545359032516345,0.950935725171886,Not significant
GENE3684,2,Microenvironment,21q,protein_coding,45,43,6.9827084444444445,7.126712325581395,0.14400388113694884,1.1049674573784096,1.4668356516372794,-5.994098242728824,0.14569577305101172,0.950935725171886,Not significant
MEOTH007,2,Microenvironment,21q,protein_coding,45,43,7.406602222222222,7.657101860465116,0.2504996382429008,1.1896190359120762,1.4330461633583638,-6.04218238992121,0.15509992620616417,0.9559317485742014,Not significant
GENE3231,2,Microenvironment,4q,protein_coding,45,43,10.75293488888889,10.916051860465116,0.16311697157622973,1.1197036688884006,1.4414303356671065,-6.030351319563328,0.15272389367663985,0.9559317485742014,Not significant
GENE1821,2,Microenvironment,18q,protein_coding,45,43,9.742716666666666,9.898707441860465,0.1559907751937999,1.1141865265225497,1.433802499991328,-6.041117820461207,0.1548844210610055,0.9559317485742014,Not significant
GENE2314,2,Microenvironment,19q,protein_coding,45,43,8.654343555555556,8.484169534883721,-0.1701740206718334,0.8887354737056706,-1.4262143959932507,-6.05177395367931,0.1570570123426778,0.9591267929323836,Not significant
GENE2793,2,Microenvironment,18q,protein_coding,45,43,9.979294888888889,9.822131627906977,-0.15716326098191402,0.8967866700521799,-1.4246648618173468,-6.053943336244364,0.15750353932544825,0.9603874349112699,Not significant
GENE2848,2,Microenvironment,7q,protein_coding,45,43,8.65923511111111,8.813998372093023,0.15476326098191606,1.1132389263170908,1.4171702998495521,-6.064403989401017,0.15967703853973675,0.9692081246721502,Not significant
GENE3655,2,Microenvironment,12p,protein_coding,45,43,6.811269111111111,6.9598860465116275,0.14861693540051846,1.1085062737753615,1.412884442273346,-6.070362270509028,0.16093029535536582,0.9700996154197914,Not significant
GENE2073,2,Microenvironment,18q,protein_coding,45,43,7.905992222222222,8.062863720930233,0.15687149870801065,1.1148669127655892,1.4036512316591958,-6.083139647723501,0.1636558712779597,0.9767376409578018,Not significant
MEOTH216,2,Microenvironment,9p,protein_coding,45,43,9.263924444444445,9.606885813953488,0.34296136950904277,1.2683574365512746,1.3830427773234806,-6.111368622915888,0.1698666304258349,0.9893473803545543,Not significant
GENE1407,2,Microenvironment,4q,protein_coding,45,43,6.071383333333333,6.240707441860465,0.16932410852713264,1.1245315269342597,1.3929525817452943,-6.097844435510856,0.1668580709186333,0.9893473803545543,Not significant
GENE2279,2,Microenvironment,20q,protein_coding,45,43,7.32653,7.475737441860465,0.14920744186046608,1.1089600870052418,1.3871493708700526,-6.105775490707488,0.16861491782619148,0.9893473803545543,Not significant
GENE1129,2,Microenvironment,2p,protein_coding,45,43,9.064843555555555,8.91101,-0.15383355555555767,0.8988588224186177,-1.3769148116002896,-6.11968521756841,0.171747607365958,0.9954090419773167,Not significant
GENE1092,2,Microenvironment,21q,protein_coding,45,43,9.464127555555555,9.316800930232558,-0.14732662532299656,0.9029220659760657,-1.3747153682679976,-6.12266154738285,0.17242657344230677,0.9954090419773167,Not significant
GENE2087,2,Microenvironment,20q,protein_coding,45,43,9.198281555555555,9.05432023255814,-0.14396132299741815,0.905030725395431,-1.3762259977248348,-6.120617825747428,0.17196002463136936,0.9954090419773167,Not significant
GENE3126,2,Microenvironment,10q,protein_coding,45,43,8.227211555555556,8.090802325581395,-0.1364092299741575,0.9097807221675418,-1.3759459365950133,-6.120996881663325,0.17204644729941973,0.9954090419773167,Not significant
MEOTH154,2,Microenvironment,4q,protein_coding,45,43,9.958089777777777,10.297634418604652,0.3395446408268725,1.2653571450857015,1.3626182889153866,-6.138949788354857,0.1761974267848259,0.9993303802855232,Not significant
MEOTH187,2,Microenvironment,21q,protein_coding,45,43,10.368536888888888,10.039733023255813,-0.32880386563307695,0.7961963342997704,-1.2671153847110819,-6.262667407031788,0.20818560246919257,0.9993303802855232,Not significant
MEOTH182,2,Microenvironment,12p,protein_coding,45,43,9.432467555555556,9.758795348837209,0.32632779328165284,1.2538178667695208,1.3551376696032373,-6.148952865753886,0.17856030789759345,0.9993303802855232,Not significant
MEOTH086,2,Microenvironment,12p,protein_coding,45,43,9.744174444444445,10.068046511627907,0.3238720671834603,1.2516854589334763,1.1875378571149078,-6.359113839055965,0.2379515135307054,0.9993303802855232,Not significant
MEOTH051,2,Microenvironment,15q,protein_coding,45,43,9.800568,10.102582790697674,0.30201479069767245,1.2328649648913894,1.0387710878085348,-6.52309061967354,0.3015258131734191,0.9993303802855232,Not significant
MEOTH024,2,Microenvironment,9p,protein_coding,45,43,8.396847333333334,8.693378837209302,0.2965315038759684,1.2281880778537317,1.2284112533596117,-6.310332790121702,0.2223017920309421,0.9993303802855232,Not significant
MEOTH190,2,Microenvironment,4q,protein_coding,45,43,10.40595688888889,10.120899302325581,-0.28505758656330826,0.8207088487718203,-1.1077648546354466,-6.449698140883205,0.27073683587205294,0.9993303802855232,Not significant
MEOTH057,2,Microenvironment,3q,protein_coding,45,43,11.37209111111111,11.656653488372093,0.2845623772609862,1.2180407308497148,1.0646929412338046,-6.49605628119159,0.28969097428788476,0.9993303802855232,Not significant
MEOTH061,2,Microenvironment,10q,protein_coding,45,43,9.283436222222223,9.023476744186047,-0.2599594780361727,0.8351113754441899,-1.1877546357212747,-6.358859345330994,0.23786647899517785,0.9993303802855232,Not significant
MEOTH184,2,Microenvironment,18q,protein_coding,45,43,11.296858,11.041432325581395,-0.2554256744185963,0.8377399188275142,-1.1286816093905085,-6.426539298223706,0.2618505936123657,0.9993303802855232,Not significant
MEOTH081,2,Microenvironment,3q,protein_coding,45,43,12.087872444444445,12.335336046511628,0.2474636020671781,1.1871182102379092,1.3099822281781448,-6.208208240648674,0.1933342433362023,0.9993303802855232,Not significant
MEOTH240,2,Microenvironment,9p,protein_coding,45,43,8.598112666666667,8.350735581395348,-0.2473770852713102,0.8424266109698332,-1.2450480105015076,-6.290019441190785,0.21615093796736398,0.9993303802855232,Not significant
MEOTH148,2,Microenvironment,18q,protein_coding,45,43,10.492382222222222,10.255471395348838,-0.23691082687338394,0.8485603496861416,-1.0023019883481719,-6.560021476131959,0.3187226340211203,0.9993303802855232,Not significant
MEOTH125,2,Microenvironment,19q,protein_coding,45,43,8.346402,8.113892558139534,-0.23250944186046674,0.8511530970361205,-0.9260421866588269,-6.633065821642727,0.3567509596681945,0.9993303802855232,Not significant
MEOTH035,2,Microenvironment,7q,protein_coding,45,43,8.586092888888889,8.81776558139535,0.2316726925064625,1.1741955485876308,1.3090741101223848,-6.209380066816927,0.19364044821674062,0.9993303802855232,Not significant
MEOTH033,2,Microenvironment,3q,protein_coding,45,43,8.906118666666666,8.674666279069767,-0.23145238759690123,0.8517769604813755,-0.9979360730826748,-6.564356092185406,0.32082425208323223,0.9993303802855232,Not significant
MEOTH147,2,Microenvironment,15q,protein_coding,45,43,11.262880888888889,11.49427046511628,0.23138957622739653,1.1739651455927462,1.0669611587645131,-6.493659755593674,0.2886707248792381,0.9993303802855232,Not significant
MEOTH049,2,Microenvironment,10q,protein_coding,45,43,11.892083777777778,11.664527674418604,-0.22755610335917176,0.8540804623164991,-1.2021739568599048,-6.341830130832408,0.23225915616756113,0.9993303802855232,Not significant
MEOTH021,2,Microenvironment,3q,protein_coding,45,43,9.718909777777778,9.945972093023256,0.22706231524547604,1.1704491963401293,1.1407922653811384,-6.412937712192113,0.2568001018680018,0.9993303802855232,Not significant
MEOTH135,2,Microenvironment,15q,protein_coding,45,43,8.486608888888888,8.713140232558139,0.22653134366925265,1.1700185017811537,1.3270920000456137,-6.185983531128904,0.18763240217155644,0.9993303802855232,Not significant
MEOTH144,2,Microenvironment,9p,protein_coding,45,43,10.464000666666667,10.689203953488372,0.22520328682169932,1.1689419498638833,1.10579720275202,-6.451854987486405,0.27158344855829264,0.9993303802855232,Not significant
MEOTH113,2,Microenvironment,19q,protein_coding,45,43,8.08991288888889,7.866002325581396,-0.2239105633074967,0.8562413636932944,-1.1303802580035234,-6.424640050363753,0.26113803433611965,0.9993303802855232,Not significant
MEOTH188,2,Microenvironment,2p,protein_coding,45,43,9.553176444444444,9.329448372093024,-0.2237280723514239,0.8563496791610467,-1.0329892062690555,-6.5290318093808475,0.304209570890278,0.9993303802855232,Not significant
MEOTH094,2,Microenvironment,4q,protein_coding,45,43,8.982877555555556,9.199421395348837,0.2165438397932853,1.161946657976681,0.7763079425229205,-6.7599438367592235,0.43947954957476154,0.9993303802855232,Not significant
MEOTH143,2,Microenvironment,7q,protein_coding,45,43,9.653355555555555,9.866273255813953,0.21291770025839796,1.1590298321953096,0.9566195215874127,-6.60445827477588,0.34116710030152486,0.9993303802855232,Not significant
MEOTH036,2,Microenvironment,9p,protein_coding,45,43,8.582162222222221,8.373445813953488,-0.20871640826872984,0.8653067679196895,-0.9697052303376433,-6.591937008959271,0.3346352406938443,0.9993303802855232,Not significant
MEOTH047,2,Microenvironment,7q,protein_coding,45,43,8.961589555555555,9.165543255813953,0.2039537002583991,1.1518506759476508,1.2142170591649224,-6.327454480684082,0.22764942459777243,0.9993303802855232,Not significant
MEOTH025,2,Microenvironment,10q,protein_coding,45,43,8.572373555555556,8.77271976744186,0.20034621188630375,1.1489740478740267,1.0523227862617721,-6.509038528184931,0.2952984705774021,0.9993303802855232,Not significant
MEOTH037,2,Microenvironment,10q,protein_coding,45,43,11.110172222222221,11.30857,0.1983977777777728,1.1474233465119756,1.2559297165426848,-6.2765898965024025,0.212195699261446,0.9993303802855232,Not significant
MEOTH050,2,Microenvironment,12p,protein_coding,45,43,10.34037088888889,10.142342558139536,-0.19802833074935755,0.8717411206581663,-0.7516558452837898,-6.778721711261868,0.4541006430511183,0.9993303802855232,Not significant
MEOTH079,2,Microenvironment,21q,protein_coding,45,43,8.814682666666666,9.010754186046512,0.19607151937984924,1.1455746866690342,1.2937687865622856,-6.229011916521501,0.198855736387714,0.9993303802855232,Not significant
MEOTH191,2,Microenvironment,7q,protein_coding,45,43,9.720874222222223,9.526349302325581,-0.1945249198966419,0.8738606112203973,-1.1751940947224588,-6.373530754766261,0.24282954901530876,0.9993303802855232,Not significant
MEOTH206,2,Microenvironment,12p,protein_coding,45,43,9.417395777777777,9.224018139534884,-0.19337763824289134,0.8745558121891154,-1.2845163285511967,-6.240771765140313,0.2020586868464001,0.9993303802855232,Not significant
MEOTH071,2,Microenvironment,7q,protein_coding,45,43,9.217726,9.028142558139535,-0.18958344186046538,0.8768588655773932,-1.2952531771325626,-6.227117674670977,0.19834540878249918,0.9993303802855232,Not significant
MEOTH124,2,Microenvironment,18q,protein_coding,45,43,10.032636444444444,10.22068046511628,0.1880440206718319,1.1392181374321826,1.1709412863557334,-6.37846393889921,0.24452661185412788,0.9993303802855232,Not significant
MEOTH119,2,Microenvironment,7q,protein_coding,45,43,8.77807511111111,8.591282325581396,-0.18679278552972178,0.8785566463783346,-1.010756263077667,-6.55157514385408,0.31467909207585093,0.9993303802855232,Not significant
MEOTH194,2,Microenvironment,12p,protein_coding,45,43,9.033669111111111,9.218267441860466,0.1845983307493526,1.136500509361827,1.165969202614294,-6.3842094354686125,0.24652140038997125,0.9993303802855232,Not significant
MEOTH052,2,Microenvironment,18q,protein_coding,45,43,11.474948444444445,11.658221627906977,0.1832731834625303,1.135457087797099,0.8702601074260389,-6.6829014440923995,0.3863335950617668,0.9993303802855232,Not significant
MEOTH017,2,Microenvironment,19q,protein_coding,45,43,8.70513,8.885576976744186,0.18044697674418586,1.1332349305179075,1.1411757399272733,-6.412504721160512,0.256641311556931,0.9993303802855232,Not significant
MEOTH230,2,Microenvironment,12p,protein_coding,45,43,9.093896444444445,9.272817906976744,0.178921462532303,1.132037274560584,1.10533098092901,-6.45236549007947,0.2717843173018171,0.9993303802855232,Not significant
MEOTH229,2,Microenvironment,10q,protein_coding,45,43,10.472716,10.295711162790697,-0.1770048372093047,0.8845374695626637,-1.0248271017924016,-6.537363602021936,0.3080254988287957,0.9993303802855232,Not significant
MEOTH126,2,Microenvironment,20q,protein_coding,45,43,10.429515777777777,10.604981627906977,0.1754658501291999,1.1293290093274568,1.105467818048932,-6.452215678210962,0.2717253511783772,0.9993303802855232,Not significant
MEOTH053,2,Microenvironment,19q,protein_coding,45,43,7.670481777777778,7.845044651162791,0.17456287338501575,1.1286223882200372,0.5803540413162914,-6.892629323012972,0.5630384615686623,0.9993303802855232,Not significant
MEOTH016,2,Microenvironment,18q,protein_coding,45,43,11.058096888888889,11.231949302325582,0.173852413436693,1.1280667312179216,0.9100608322254627,-6.647654500502543,0.36507439051363666,0.9993303802855232,Not significant
MEOTH015,2,Microenvironment,15q,protein_coding,45,43,8.558154,8.72990976744186,0.17175576744186394,1.1264285202746906,0.6108700321296635,-6.874464122404085,0.5427322279526986,0.9993303802855232,Not significant
MEOTH224,2,Microenvironment,2p,protein_coding,45,43,8.740368,8.911783488372093,0.17141548837209797,1.1261628682564282,0.8636678977766095,-6.6885897193284345,0.38992747793739424,0.9993303802855232,Not significant
MEOTH146,2,Microenvironment,12p,protein_coding,45,43,9.265488666666666,9.436869069767441,0.17138040310077507,1.126135481145346,0.576700142031764,-6.894742431696974,0.5654946109636204,0.9993303802855232,Not significant
MEOTH200,2,Microenvironment,2p,protein_coding,45,43,9.209134888888888,9.037870930232557,-0.17126395865632738,0.8880642987810071,-0.7645703980600088,-6.768959146724732,0.44640656208422846,0.9993303802855232,Not significant
MEOTH233,2,Microenvironment,19q,protein_coding,45,43,8.39995888888889,8.230411162790698,-0.1695477260981928,0.8891213702551971,-1.2798267646525077,-6.246701056453846,0.20369660041095425,0.9993303802855232,Not significant
MEOTH236,2,Microenvironment,2p,protein_coding,45,43,9.670278666666666,9.501893255813954,-0.16838541085271252,0.8898379844420518,-1.1186264028239656,-6.437724997403349,0.26609655849389197,0.9993303802855232,Not significant
MEOTH192,2,Microenvironment,9p,protein_coding,45,43,8.355404666666667,8.52201488372093,0.16661021705426649,1.122418129597407,0.8630672128687333,-6.689105920771141,0.3902559773873959,0.9993303802855232,Not significant
MEOTH075,2,Microenvironment,15q,protein_coding,45,43,9.078642666666667,9.245216046511628,0.16657337984496046,1.1223894705790172,0.8924332673350015,-6.663456420173521,0.3743968680689266,0.9993303802855232,Not significant
GENE2164,2,Microenvironment,7q,protein_coding,45,43,7.091789333333334,7.256145581395349,0.1643562480620142,1.1206659086852877,1.2132194786633592,-6.328650553845192,0.22802873382035996,0.9993303802855232,Not significant
MEOTH089,2,Microenvironment,19q,protein_coding,45,43,10.444874666666667,10.606371395348837,0.16149672868217024,1.1184468727440373,1.2290860816221985,-6.309513980078462,0.22204984616910597,0.9993303802855232,Not significant
MEOTH149,2,Microenvironment,19q,protein_coding,45,43,10.373799333333334,10.214028372093024,-0.1597709612403122,0.895167174213472,-1.094951722544123,-6.463676204971274,0.27628292415676486,0.9993303802855232,Not significant
MEOTH077,2,Microenvironment,19q,protein_coding,45,43,8.611403555555556,8.769692558139536,0.15828900258398093,1.115962851093816,0.9296254865547693,-6.629760549355917,0.3549014972440061,0.9993303802855232,Not significant
GENE0983,2,Microenvironment,20q,protein_coding,45,43,8.317469555555556,8.47425,0.15678044444444694,1.1147965512689142,1.286668566434496,-6.238043551566994,0.20131025227426824,0.9993303802855232,Not significant
GENE1043,2,Microenvironment,20q,protein_coding,45,43,7.675311555555555,7.831613488372093,0.15630193281653693,1.1144268579926053,1.3305112413917501,-6.181508790464564,0.1865082072173038,0.9993303802855232,Not significant
MEOTH058,2,Microenvironment,4q,protein_coding,45,43,8.740041555555555,8.896239069767441,0.15619751421188965,1.114346201524588,0.5804661187427134,-6.892564297356826,0.5629632058739262,0.9993303802855232,Not significant
GENE2286,2,Microenvironment,10q,protein_coding,45,43,10.169959333333333,10.32536,0.15540066666666696,1.1137308817033917,1.2964712673160605,-6.225561694470126,0.1979273613803634,0.9993303802855232,Not significant
GENE3459,2,Microenvironment,4q,protein_coding,45,43,7.273951333333334,7.118638837209303,-0.1553124961240293,0.8979378532640375,-1.308434453122654,-6.2102050030881015,0.19385634875453148,0.9993303802855232,Not significant
MEOTH210,2,Microenvironment,20q,protein_coding,45,43,8.363570666666666,8.518743255813954,0.15517258914728593,1.1135548244690627,1.1730255297736367,-6.376048423543541,0.2436938506973011,0.9993303802855232,Not significant
MEOTH122,2,Microenvironment,12p,protein_coding,45,43,10.669430222222223,10.514566744186046,-0.1548634780361784,0.8982173670050293,-0.9183852717862586,-6.640086616537833,0.3607235814110843,0.9993303802855232,Not significant
GENE1563,2,Microenvironment,4q,protein_coding,45,43,7.6876124444444445,7.532813720930233,-0.15479872351421076,0.8982576838702814,-1.2922264510686037,-6.230977880942471,0.19938701724227947,0.9993303802855232,Not significant
GENE2458,2,Microenvironment,19q,protein_coding,45,43,7.944902666666667,8.099388139534884,0.154485472868215,1.1130245949702913,1.3541848036550488,-6.150223233477611,0.1788629982183757,0.9993303802855232,Not significant
GENE3250,2,Microenvironment,19q,protein_coding,45,43,10.327018,10.174224186046512,-0.15279381395349212,0.8995068580324391,-1.2611996228463815,-6.270045464365011,0.21029941425353615,0.9993303802855232,Not significant
GENE2444,2,Microenvironment,15q,protein_coding,45,43,9.611062444444444,9.76262953488372,0.15156709043927385,1.1107753682310648,1.317152822667927,-6.198927855157122,0.19092909524700222,0.9993303802855232,Not significant
MEOTH056,2,Microenvironment,2p,protein_coding,45,43,10.818638222222223,10.970080697674419,0.15144247545220146,1.1106794274561163,1.0552984196627757,-6.5059291927766205,0.29394289136865337,0.9993303802855232,Not significant
MEOTH137,2,Microenvironment,19q,protein_coding,45,43,9.637178888888888,9.788313953488371,0.1511350645994849,1.1104427880235568,0.7645476145935556,-6.768976514211814,0.4464200690512399,0.9993303802855232,Not significant
GENE1068,2,Microenvironment,21q,protein_coding,45,43,8.775456222222223,8.92628,0.15082377777777545,1.1102032163141662,1.324380490867247,-6.189524178418871,0.18852751144929586,0.9993303802855232,Not significant
GENE2297,2,Microenvironment,9p,protein_coding,45,43,7.8720271111111115,8.022841627906978,0.150814516795867,1.110196089694465,1.216166934995172,-6.325113878207172,0.226909344140671,0.9993303802855232,Not significant
GENE3177,2,Microenvironment,18q,protein_coding,45,43,7.271242666666667,7.4212820930232555,0.15003942635658518,1.1095997950939749,1.356898003023321,-6.146603715489034,0.17800213335881865,0.9993303802855232,Not significant
MEOTH099,2,Microenvironment,15q,protein_coding,45,43,9.530113555555555,9.679827441860464,0.14971388630490878,1.109349445287937,0.517840077315907,-6.926954621995601,0.6057636147353362,0.9993303802855232,Not significant
GENE2108,2,Microenvironment,15q,protein_coding,45,43,8.060385111111112,7.911086976744186,-0.14929813436692463,0.9016890241929663,-1.2752057487708044,-6.252523182341974,0.20532015379936777,0.9993303802855232,Not significant
MEOTH139,2,Microenvironment,21q,protein_coding,45,43,9.550893777777778,9.401623488372094,-0.149270289405683,0.901706427550929,-1.0345284111634419,-6.527453361522861,0.303493554166484,0.9993303802855232,Not significant
MEOTH088,2,Microenvironment,18q,protein_coding,45,43,8.244725777777777,8.393883488372094,0.14915771059431826,1.1089218606045528,0.8040363522974054,-6.738107926368505,0.4233665886949901,0.9993303802855232,Not significant
MEOTH220,2,Microenvironment,18q,protein_coding,45,43,10.388174444444445,10.537106511627908,0.14893206718346264,1.1087484342482261,0.6192219618446559,-6.869331519789061,0.5372399049564635,0.9993303802855232,Not significant
GENE2303,2,Microenvironment,20q,protein_coding,45,43,8.20561111111111,8.353785813953488,0.14817470284237722,1.1081665329256287,1.2317349214800095,-6.306295771477513,0.22106291473501619,0.9993303802855232,Not significant
GENE3542,2,Microenvironment,3q,protein_coding,45,43,8.544507777777778,8.39649511627907,-0.1480126614987025,0.9024928068961823,-1.3030756201093838,-6.21710076423819,0.19567214684171583,0.9993303802855232,Not significant
GENE2423,2,Microenvironment,20q,protein_coding,45,43,9.194101111111111,9.046433720930233,-0.1476673901808745,0.902708820788341,-1.284814241488156,-6.240394388654952,0.2019549658001025,0.9993303802855232,Not significant
MEOTH034,2,Microenvironment,4q,protein_coding,45,43,9.600708888888889,9.74709046511628,0.14638157622739456,1.1067900476076202,1.1039753149880054,-6.453848722212197,0.27236898440800705,0.9993303802855232,Not significant
GENE2039,2,Microenvironment,20q,protein_coding,45,43,7.871557777777777,8.01793511627907,0.14637733850129298,1.1067867965628377,1.2833375674572791,-6.242264113124978,0.20246946979457991,0.9993303802855232,Not significant
GENE2062,2,Microenvironment,19q,protein_coding,45,43,9.510838222222223,9.364687441860465,-0.1461507803617561,0.9036582777937056,-1.2961555207658875,-6.225965162538949,0.19803566238771472,0.9993303802855232,Not significant
GENE1471,2,Microenvironment,12p,protein_coding,45,43,8.793042666666667,8.939191162790697,0.14614849612402914,1.1066112503609478,1.285629278335851,-6.239361521714123,0.20167140492111557,0.9993303802855232,Not significant
GENE2351,2,Microenvironment,20q,protein_coding,45,43,9.903391333333333,10.049242790697674,0.14585145736434413,1.1063834318772596,1.239050205205171,-6.297373214187404,0.21835391125615555,0.9993303802855232,Not significant
MEOTH065,2,Microenvironment,19q,protein_coding,45,43,11.30072,11.446569534883722,0.14584953488371788,1.1063819575536946,0.62517804843191,-6.865629028787627,0.5333405186192137,0.9993303802855232,Not significant
MEOTH078,2,Microenvironment,20q,protein_coding,45,43,7.160812,7.306258372093024,0.14544637209302458,1.1060728210377526,1.0428317578158701,-6.518898688267654,0.29965058399963634,0.9993303802855232,Not significant
MEOTH177,2,Microenvironment,3q,protein_coding,45,43,9.564461111111111,9.419687441860464,-0.14477366925064672,0.9045212681984776,-0.8542166758953421,-6.696670682858559,0.39511589581507356,0.9993303802855232,Not significant
MEOTH209,2,Microenvironment,19q,protein_coding,45,43,7.966429555555556,8.11046465116279,0.14403509560723293,1.1049913649583316,0.6908720450701255,-6.822461444069982,0.49131652029504447,0.9993303802855232,Not significant
GENE1558,2,Microenvironment,19q,protein_coding,45,43,9.342031333333333,9.19888953488372,-0.14314179844960861,0.9055449751676713,-1.1705567924072768,-6.378909088760774,0.24468045814881392,0.9993303802855232,Not significant
GENE2172,2,Microenvironment,21q,protein_coding,45,43,8.88357688888889,9.02643,0.1428531111111102,1.104086428196861,1.243767657139341,-6.291592139259156,0.21661983767530782,0.9993303802855232,Not significant
GENE1539,2,Microenvironment,4q,protein_coding,45,43,8.211996222222222,8.069415581395349,-0.14258064082687127,0.9058972688200845,-1.2886535570380537,-6.2355234333948335,0.20062179990350326,0.9993303802855232,Not significant
GENE1431,2,Microenvironment,4q,protein_coding,45,43,9.565942444444444,9.423378837209302,-0.1425636072351466,0.9059079646184881,-1.2128249698920652,-6.329123296644997,0.2281788636920273,0.9993303802855232,Not significant
GENE3650,2,Microenvironment,3q,protein_coding,45,43,8.539006444444444,8.396947441860465,-0.1420590025839772,0.9062248752005139,-1.2885478098363072,-6.235657783270089,0.2006584320346549,0.9993303802855232,Not significant
GENE3528,2,Microenvironment,21q,protein_coding,45,43,8.881426,8.739384186046511,-0.1420418139534867,0.9062356722552432,-1.3342001276926956,-6.1766687275575745,0.18530103389619643,0.9993303802855232,Not significant
GENE2629,2,Microenvironment,2p,protein_coding,45,43,8.147004,8.288004186046512,0.1410001860465151,1.1026693052665102,1.2087637870343058,-6.333981175826009,0.22972850098365485,0.9993303802855232,Not significant
GENE3410,2,Microenvironment,3q,protein_coding,45,43,7.5816711111111115,7.440858139534884,-0.14081297157623052,0.9070079042062714,-1.2650904549854363,-6.265196629593076,0.20890737931344508,0.9993303802855232,Not significant
GENE1010,2,Microenvironment,3q,protein_coding,45,43,11.932849777777777,12.073418837209303,0.14056905943152032,1.1023398391997155,1.2978040974272151,-6.223857528756726,0.19747068585474195,0.9993303802855232,Not significant
MEOTH193,2,Microenvironment,10q,protein_coding,45,43,8.357635111111112,8.217323023255814,-0.14031208785529792,0.9073228594494163,-1.1268036925649172,-6.428635748259307,0.2626399404605434,0.9993303802855232,Not significant
GENE1428,2,Microenvironment,21q,protein_coding,45,43,8.829248,8.688958837209302,-0.14028916279069925,0.907337277326958,-1.2972845191944453,-6.2245220660589995,0.19764861880176424,0.9993303802855232,Not significant
GENE1070,2,Microenvironment,3q,protein_coding,45,43,8.507635555555556,8.647749069767443,0.140113514211885,1.1019918194475213,1.1982053856209298,-6.34653689937517,0.2337928468566388,0.9993303802855232,Not significant
GENE1361,2,Microenvironment,9p,protein_coding,45,43,8.475268,8.614957441860465,0.13968944186046528,1.101667942556083,1.2661604247055074,-6.26386067961619,0.20852576441772744,0.9993303802855232,Not significant
GENE2662,2,Microenvironment,19q,protein_coding,45,43,8.715787555555556,8.57632953488372,-0.13945802067183166,0.9078601483946788,-1.2076371990393928,-6.335325970977283,0.23015972061746443,0.9993303802855232,Not significant
MEOTH160,2,Microenvironment,18q,protein_coding,45,43,10.096263555555556,10.235631627906976,0.13936807235141835,1.1014225663358026,1.1296313579898278,-6.425477733262262,0.26145201936471657,0.9993303802855232,Not significant
MEOTH133,2,Microenvironment,10q,protein_coding,45,43,12.741807777777778,12.880946976744186,0.13913919896641147,1.1012478472793585,1.1885813130641878,-6.357888428887063,0.23754240294142595,0.9993303802855232,Not significant
MEOTH005,2,Microenvironment,19q,protein_coding,45,43,9.341845333333334,9.202766279069767,-0.1390790542635667,0.908098655966336,-0.8992722185915074,-6.657361837148058,0.3707624190589698,0.9993303802855232,Not significant
GENE1232,2,Microenvironment,15q,protein_coding,45,43,8.32360711111111,8.462657209302325,0.13905009819121616,1.101179836366345,1.2230185868654153,-6.316860386870786,0.2243226059141546,0.9993303802855232,Not significant
MEOTH022,2,Microenvironment,4q,protein_coding,45,43,8.968808,9.107781627906977,0.13897362790697976,1.1011214696977019,0.6827504952797979,-6.828029387753083,0.4964121682463051,0.9993303802855232,Not significant
GENE3911,2,Microenvironment,20q,protein_coding,45,43,10.631744888888889,10.492895116279069,-0.13884977260982012,0.9082429878601824,-1.2973244099235675,-6.224471055169219,0.19763495374026588,0.9993303802855232,Not significant
MEOTH205,2,Microenvironment,10q,protein_coding,45,43,9.75808111111111,9.896801860465116,0.13872074935400747,1.1009284797768981,0.7817703228566927,-6.755702078412814,0.43627736878301737,0.9993303802855232,Not significant
GENE1493,2,Microenvironment,9p,protein_coding,45,43,10.464282888888889,10.602779302325581,0.1384964134366946,1.1007573011201832,1.15578117559776,-6.3959079867196245,0.2506449290879796,0.9993303802855232,Not significant
GENE3819,2,Microenvironment,4q,protein_coding,45,43,8.432069777777778,8.293771162790698,-0.1382986149870753,0.9085900332607298,-1.3327380562504636,-6.178588606348952,0.18577878686448057,0.9993303802855232,Not significant
GENE1340,2,Microenvironment,15q,protein_coding,45,43,8.895182666666667,8.757396976744186,-0.1377856899224863,0.9089131240346304,-1.1721840793550253,-6.3770241173454325,0.2440298090000434,0.9993303802855232,Not significant
GENE3078,2,Microenvironment,10q,protein_coding,45,43,9.134063555555555,8.996502093023256,-0.13756146253229673,0.9090544006388791,-1.128009035686425,-6.427290530000495,0.26213310565891224,0.9993303802855232,Not significant
GENE1347,2,Microenvironment,4q,protein_coding,45,43,11.071265555555556,11.20847534883721,0.13720979328165228,1.0997760645067047,1.2573026759959183,-6.2748874403031785,0.21170045896026368,0.9993303802855232,Not significant
GENE2603,2,Microenvironment,20q,protein_coding,45,43,8.948322222222222,9.085273023255814,0.13695080103359203,1.0995786507067327,1.1460927604643343,-6.406940240003451,0.2546113913501459,0.9993303802855232,Not significant
GENE2616,2,Microenvironment,21q,protein_coding,45,43,7.968947333333333,8.105416046511628,0.13646871317829223,1.0992112792658915,1.1159463470757358,-6.4406899126568256,0.2672363335983328,0.9993303802855232,Not significant
GENE1831,2,Microenvironment,12p,protein_coding,45,43,9.991235777777778,10.127589534883722,0.13635375710594388,1.099123695976574,1.1587493468865013,-6.392510043400927,0.2494385661379091,0.9993303802855232,Not significant
GENE3940,2,Microenvironment,7q,protein_coding,45,43,7.816216222222223,7.952467906976744,0.13625168475452742,1.099045934448137,1.3586736116289408,-6.144231208662088,0.177440452726185,0.9993303802855232,Not significant
GENE3043,2,Microenvironment,12p,protein_coding,45,43,11.215601777777778,11.35182,0.13621822222222235,1.09902044296689,1.1190129249183578,-6.437296820810366,0.2659324590775932,0.9993303802855232,Not significant
GENE2742,2,Microenvironment,10q,protein_coding,45,43,7.211476666666667,7.347000465116279,0.13552379844961493,1.0984915700901752,1.201615205603726,-6.342493729125154,0.2324746509400116,0.9993303802855232,Not significant
MEOTH003,2,Microenvironment,15q,protein_coding,45,43,10.293863555555555,10.428610465116279,0.13474690956071989,1.0979001934419048,1.0410072757089994,-6.520784124612387,0.3004921554841945,0.9993303802855232,Not significant
GENE2995,2,Microenvironment,12p,protein_coding,45,43,9.621472666666667,9.755800232558139,0.13432756589147132,1.0975811165906852,1.1607433853201021,-6.390222523314604,0.24863044103794926,0.9993303802855232,Not significant
GENE2442,2,Microenvironment,10q,protein_coding,45,43,9.417391111111112,9.551558604651163,0.13416749354005475,1.097459342661529,1.209459433340053,-6.333150183570804,0.22946252287537397,0.9993303802855232,Not significant
GENE3345,2,Microenvironment,18q,protein_coding,45,43,10.192514444444445,10.058593255813953,-0.13392118863048452,0.9113510644526258,-1.2515112848317183,-6.282056493954497,0.21379524165748232,0.9993303802855232,Not significant
GENE1286,2,Microenvironment,3q,protein_coding,45,43,10.46744111111111,10.334941627906977,-0.1324994832041373,0.9122495990269703,-1.1939735512532201,-6.351539263544353,0.23543629589633824,0.9993303802855232,Not significant
GENE2408,2,Microenvironment,15q,protein_coding,45,43,9.230805555555555,9.098393255813953,-0.13241229974160262,0.9123047288220163,-1.3430374681582493,-6.165021059136452,0.1824329392035978,0.9993303802855232,Not significant
GENE1124,2,Microenvironment,15q,protein_coding,45,43,9.913109333333333,9.780986744186047,-0.13212258914728814,0.9124879490294895,-1.0733286286223132,-6.486905485004252,0.28581977977436585,0.9993303802855232,Not significant
GENE2588,2,Microenvironment,15q,protein_coding,45,43,10.023304666666666,9.891282558139535,-0.13202210852713137,0.9125515040743143,-1.188967478203602,-6.3574346607450565,0.23739112615355404,0.9993303802855232,Not significant
GENE2959,2,Microenvironment,12p,protein_coding,45,43,10.462875333333333,10.331928372093023,-0.1309469612403138,0.9132318231452518,-1.2399469652894337,-6.296275902823801,0.21802349642027624,0.9993303802855232,Not significant
GENE3147,2,Microenvironment,4q,protein_coding,45,43,9.584356666666666,9.714903953488372,0.1305472868217059,1.094708900671702,1.084045768423247,-6.47544875990875,0.28106509737368435,0.9993303802855232,Not significant
MEOTH225,2,Microenvironment,3q,protein_coding,45,43,9.011612,8.881081395348836,-0.1305306046511614,0.913495416592243,-0.777927242882048,-6.758689447100805,0.4385288495914952,0.9993303802855232,Not significant
GENE1889,2,Microenvironment,9p,protein_coding,45,43,9.290139333333332,9.420611627906977,0.13047229457364828,1.09465199845365,1.1597369450832637,-6.391377568841748,0.2490380888937226,0.9993303802855232,Not significant
GENE3786,2,Microenvironment,10q,protein_coding,45,43,10.080115555555555,9.949860697674419,-0.13025485788113578,0.9136700324864799,-1.2942312597603618,-6.228421975911805,0.19869663548887945,0.9993303802855232,Not significant
GENE1895,2,Microenvironment,20q,protein_coding,45,43,10.646915111111111,10.77695,0.13003488888888448,1.0943201650329937,1.1261596319831144,-6.42935397540828,0.262911043110354,0.9993303802855232,Not significant
GENE3558,2,Microenvironment,10q,protein_coding,45,43,9.100423333333334,9.23018976744186,0.12976643410853228,1.0941165543320257,1.1097423055272404,-6.447526788420467,0.26988785980711155,0.9993303802855232,Not significant
MEOTH038,2,Microenvironment,12p,protein_coding,45,43,9.41843,9.547816279069767,0.1293862790697684,1.0938282888884285,0.9130216627837792,-6.644970519704811,0.36352309763778345,0.9993303802855232,Not significant
GENE2267,2,Microenvironment,20q,protein_coding,45,43,9.76706488888889,9.896225813953489,0.1291609250646033,1.0936574424323788,1.1207938381134699,-6.435322121946969,0.2651772798740224,0.9993303802855232,Not significant
MEOTH121,2,Microenvironment,10q,protein_coding,45,43,9.555606888888889,9.684603488372094,0.12899659948320696,1.0935328799604853,0.9348184815763008,-6.624948232957738,0.3522321482378481,0.9993303802855232,Not significant
GENE3368,2,Microenvironment,15q,protein_coding,45,43,8.18435911111111,8.312966744186046,0.12860763307493173,1.0932380912417579,1.1783798203475209,-6.369823987480345,0.24156382201884766,0.9993303802855232,Not significant
MEOTH131,2,Microenvironment,7q,protein_coding,45,43,11.131946666666666,11.260101627906977,0.1281549612403179,1.0928951216965508,0.9658789321424431,-6.595615520314121,0.33653665147549183,0.9993303802855232,Not significant
GENE1939,2,Microenvironment,12p,protein_coding,45,43,11.181544,11.053422790697674,-0.1281212093023214,0.9150222884899929,-1.2102597749157793,-6.3321935528624005,0.22915679026962987,0.9993303802855232,Not significant
GENE2964,2,Microenvironment,21q,protein_coding,45,43,8.324810888888889,8.452662325581395,0.12785143669251298,1.0926652147544829,1.3025420095018465,-6.217785920975713,0.19585364753027576,0.9993303802855232,Not significant
GENE3246,2,Microenvironment,10q,protein_coding,45,43,9.386498222222222,9.514329069767442,0.12783084754522278,1.09264962110241,1.2132628181690073,-6.328598610705401,0.22801224537841688,0.9993303802855232,Not significant
GENE3063,2,Microenvironment,4q,protein_coding,45,43,9.497127333333333,9.624838372093024,0.12771103875968137,1.0925588856490471,1.0452669168627207,-6.516377145231908,0.29852981815887136,0.9993303802855232,Not significant
GENE3886,2,Microenvironment,19q,protein_coding,45,43,7.933100444444444,7.805511627906977,-0.1275888165374699,0.9153600183145149,-1.1687515898424954,-6.38099717234568,0.24540369041925408,0.9993303802855232,Not significant
GENE1702,2,Microenvironment,19q,protein_coding,45,43,10.960941333333333,10.833509069767441,-0.12743226356588977,0.9154593533107025,-1.2828550956674483,-6.242874555618639,0.2026377831017921,0.9993303802855232,Not significant
GENE3846,2,Microenvironment,10q,protein_coding,45,43,6.865999777777778,6.993368372093023,0.1273685943152465,1.092299581839389,1.0653544154980092,-6.49535790314799,0.28939318724572555,0.9993303802855232,Not significant
GENE2472,2,Microenvironment,21q,protein_coding,45,43,9.157321333333334,9.284563720930233,0.12724238759690465,1.0922040318359931,1.2222273128857652,-6.31781584965946,0.2246202414566744,0.9993303802855232,Not significant
GENE1014,2,Microenvironment,10q,protein_coding,45,43,8.664980444444444,8.537847441860466,-0.12713300258397986,0.9156492684856516,-1.2019962216533868,-6.342041249668928,0.23232768805516382,0.9993303802855232,Not significant
GENE1039,2,Microenvironment,12p,protein_coding,45,43,9.681961777777778,9.808917674418604,0.1269558966408315,1.0919871630578106,1.137869417622621,-6.41623332230095,0.25801268007409284,0.9993303802855232,Not significant
MEOTH127,2,Microenvironment,21q,protein_coding,45,43,6.866586222222223,6.99329488372093,0.12670866149870985,1.0918000448782599,0.6429076080233235,-6.854399757502424,0.5218198069484826,0.9993303802855232,Not significant
GENE3754,2,Microenvironment,19q,protein_coding,45,43,9.267605333333334,9.141098372093023,-0.1265069612403078,0.916046690445537,-1.1157261446013402,-6.44093321215776,0.26733013274824846,0.9993303802855232,Not significant
GENE1131,2,Microenvironment,4q,protein_coding,45,43,10.641966666666667,10.768468139534884,0.12650147286821856,1.0916432603137611,1.1892711989154574,-6.3570776694274445,0.23727219482162917,0.9993303802855232,Not significant
GENE3820,2,Microenvironment,7q,protein_coding,45,43,7.576432666666666,7.449990697674418,-0.12644196899224713,0.9160879585396915,-1.2841038911768803,-6.241294074122471,0.2022023456853502,0.9993303802855232,Not significant
GENE1329,2,Microenvironment,18q,protein_coding,45,43,7.747047111111111,7.873408604651162,0.12636149354005077,1.0915373473710284,1.1424357284577258,-6.411081038607755,0.25612005924502235,0.9993303802855232,Not significant
GENE3071,2,Microenvironment,20q,protein_coding,45,43,9.780925555555555,9.65474976744186,-0.12617578811369334,0.916256994674929,-1.05439408040001,-6.506875073304272,0.2943544229569402,0.9993303802855232,Not significant
GENE2722,2,Microenvironment,19q,protein_coding,45,43,8.765128888888889,8.639110697674418,-0.12601819121447022,0.9163570900827449,-1.0656831209544622,-6.495010701626855,0.2892452862744582,0.9993303802855232,Not significant
MEOTH041,2,Microenvironment,19q,protein_coding,45,43,9.449045333333334,9.57464,0.1255946666666663,1.090957323361206,0.7671506145826616,-6.766988980117256,0.44487843399540095,0.9993303802855232,Not significant
GENE1545,2,Microenvironment,18q,protein_coding,45,43,11.210254444444445,11.084666046511629,-0.12558839793281606,0.9166301226922896,-1.1346365805711243,-6.419868872856242,0.2593585517364147,0.9993303802855232,Not significant
GENE3974,2,Microenvironment,3q,protein_coding,45,43,9.662938444444444,9.537734418604652,-0.12520402583979262,0.9168743697213477,-1.2401675601598667,-6.296005856358593,0.2179422733272684,0.9993303802855232,Not significant
GENE1359,2,Microenvironment,4q,protein_coding,45,43,9.369525777777778,9.49440465116279,0.12487887338501835,1.0904161790370428,1.1629767784241056,-6.3876558814451965,0.24772752270337983,0.9993303802855232,Not significant
GENE2142,2,Microenvironment,10q,protein_coding,45,43,7.857418666666667,7.982291627906977,0.12487296124031122,1.0904117105354887,1.0272967046229025,-6.534849477087525,0.30686753659283394,0.9993303802855232,Not significant
GENE1077,2,Microenvironment,18q,protein_coding,45,43,8.904250222222222,8.779477674418604,-0.12477254780361591,0.9171486274864371,-1.1159150601624983,-6.44072448410349,0.2672496594128684,0.9993303802855232,Not significant
GENE3479,2,Microenvironment,20q,protein_coding,45,43,9.697494222222222,9.82201,0.12451577777777345,1.090141779046295,1.1502319579440101,-6.40223796294455,0.2529113993767631,0.9993303802855232,Not significant
GENE1651,2,Microenvironment,12p,protein_coding,45,43,7.943425777777778,7.819347906976744,-0.12407787080103372,0.9175903531855157,-1.1532561071485656,-6.3987919980130545,0.25167445242482483,0.9993303802855232,Not significant
GENE1023,2,Microenvironment,4q,protein_coding,45,43,8.991805333333334,9.115478604651162,0.1236732713178359,1.0895053428361692,1.1282016890885496,-6.4270753901707645,0.2620521604750449,0.9993303802855232,Not significant
GENE3251,2,Microenvironment,20q,protein_coding,45,43,6.45665,6.580306046511628,0.12365604651162698,1.0894923349545083,1.2672287786051704,-6.262525657645594,0.20814523810434796,0.9993303802855232,Not significant
GENE3707,2,Microenvironment,20q,protein_coding,45,43,7.722568,7.846043023255814,0.1234750232558115,1.089355638652652,1.1926534810055651,-6.353096176888325,0.23595064557215362,0.9993303802855232,Not significant
GENE2997,2,Microenvironment,18q,protein_coding,45,43,8.838162888888888,8.961370930232558,0.12320804134366803,1.0891540635907768,1.0921413465856942,-6.466720889386444,0.2775098282167576,0.9993303802855232,Not significant
MEOTH170,2,Microenvironment,12p,protein_coding,45,43,10.342955555555555,10.466101860465116,0.12314630490956446,1.089107457033259,0.896048582870415,-6.660240304106755,0.37247278767611636,0.9993303802855232,Not significant
GENE2425,2,Microenvironment,2p,protein_coding,45,43,9.063349111111112,8.940428837209302,-0.12292027390180849,0.9183269094070851,-1.169935255339385,-6.379628376129178,0.24492929763612004,0.9993303802855232,Not significant
GENE1622,2,Microenvironment,3q,protein_coding,45,43,7.913880666666667,8.036722558139536,0.12284189147287172,1.0888776759921661,1.2082455309495792,-6.3345999631956955,0.22992679926176604,0.9993303802855232,Not significant
GENE2450,2,Microenvironment,3q,protein_coding,45,43,9.121637333333334,8.998816976744186,-0.12282035658914481,0.9183905125469204,-1.0231850390772697,-6.539031991680094,0.30879706242089944,0.9993303802855232,Not significant
GENE1732,2,Microenvironment,7q,protein_coding,45,43,7.523641555555556,7.401885813953489,-0.12175574160206626,0.91906847505186,-1.166291314588524,-6.383837938347928,0.24639181997180748,0.9993303802855232,Not significant
GENE2009,2,Microenvironment,9p,protein_coding,45,43,8.089087555555555,8.210535813953488,0.12144825839793327,1.0878263358324785,1.0859586223951836,-6.473392220717235,0.28022222417929554,0.9993303802855232,Not significant
GENE3685,2,Microenvironment,2p,protein_coding,45,43,9.570690666666666,9.449406976744186,-0.1212836899224854,0.9193692446466286,-0.9101346687321082,-6.647587672170753,0.36503565374310964,0.9993303802855232,Not significant
MEOTH076,2,Microenvironment,18q,protein_coding,45,43,11.723938444444444,11.602986046511628,-0.1209523979328182,0.9195803874254429,-0.8119002826238652,-6.731777537292197,0.41886157904329246,0.9993303802855232,Not significant
MEOTH231,2,Microenvironment,15q,protein_coding,45,43,9.016419777777777,9.137291395348837,0.12087161757105669,1.0873916218321196,0.67851132423137,-6.830909766339789,0.4990832502245238,0.9993303802855232,Not significant
GENE2735,2,Microenvironment,20q,protein_coding,45,43,8.924718,8.803978604651164,-0.12073939534883671,0.9197161662653325,-1.010630728539621,-6.551701068368141,0.3147388815825048,0.9993303802855232,Not significant
GENE2284,2,Microenvironment,7q,protein_coding,45,43,9.238114444444445,9.118063953488372,-0.12005049095607312,0.9201554467703366,-1.0624059875346,-6.498467560853527,0.2907221453068751,0.9993303802855232,Not significant
GENE1299,2,Microenvironment,4q,protein_coding,45,43,10.306868444444444,10.426881860465116,0.12001341602067228,1.0867449684214538,1.1387690076438164,-6.415219880386253,0.25763904558763523,0.9993303802855232,Not significant
GENE1294,2,Microenvironment,19q,protein_coding,45,43,8.924529555555555,9.044283488372093,0.11975393281653801,1.0865495239924805,1.1534620171066203,-6.398557047285741,0.2515903865981203,0.9993303802855232,Not significant
GENE3677,2,Microenvironment,9p,protein_coding,45,43,8.165722444444445,8.046717906976744,-0.11900453746770268,0.9208228010903573,-1.1157771551922258,-6.440876855231069,0.26730840183630505,0.9993303802855232,Not significant
GENE1801,2,Microenvironment,2p,protein_coding,45,43,8.107638,7.988682790697674,-0.11895520930232806,0.920854286106019,-1.2007287623075553,-6.343545895298952,0.23281682299308737,0.9993303802855232,Not significant
GENE1261,2,Microenvironment,2p,protein_coding,45,43,9.374671333333334,9.493313720930233,0.1186423875969016,1.0857126986407994,1.035544491480105,-6.526410116479861,0.30302151153598417,0.9993303802855232,Not significant
GENE2545,2,Microenvironment,2p,protein_coding,45,43,9.075229777777778,9.193851395348837,0.11862161757105838,1.08569706808975,1.1200047290477126,-6.436197473323883,0.26551170868060425,0.9993303802855232,Not significant
GENE3639,2,Microenvironment,4q,protein_coding,45,43,9.113712444444445,8.995517441860466,-0.1181950025839793,0.9213396444563354,-1.0458179984670712,-6.515805717203119,0.29827658148791975,0.9993303802855232,Not significant
GENE3020,2,Microenvironment,15q,protein_coding,45,43,10.011415555555555,10.129392325581396,0.11797677002584095,1.085211897885855,1.0145305518028873,-6.547781981752029,0.31288501803043756,0.9993303802855232,Not significant
GENE3574,2,Microenvironment,19q,protein_coding,45,43,9.192177555555556,9.074246511627907,-0.1179310439276442,0.9215082302051187,-1.0399678314301284,-6.521856852724391,0.30097233050931793,0.9993303802855232,Not significant
GENE3085,2,Microenvironment,2p,protein_coding,45,43,8.49011488888889,8.607723953488373,0.11760906459947762,1.084935340855867,1.0344433082919173,-6.527540694158336,0.303533113106511,0.9993303802855232,Not significant
GENE1358,2,Microenvironment,3q,protein_coding,45,43,10.009928222222221,9.893263023255814,-0.11666519896640537,0.9223171318884692,-0.9799586030676657,-6.582009374657491,0.329574752080666,0.9993303802855232,Not significant
GENE1773,2,Microenvironment,18q,protein_coding,45,43,8.860864222222222,8.977179302325581,0.11631508010335878,1.0839626750676794,1.1409674547349073,-6.412739918927556,0.25672755033228467,0.9993303802855232,Not significant
GENE3538,2,Microenvironment,19q,protein_coding,45,43,6.881820666666667,6.765533023255814,-0.11628764341085063,0.9225585353153002,-1.1403099668649943,-6.4134820868915,0.25699991185090937,0.9993303802855232,Not significant
GENE2174,2,Microenvironment,3q,protein_coding,45,43,7.742710444444445,7.858980465116279,0.11627002067183856,1.0839288203875126,1.008185396377819,-6.554150943439742,0.3159050555842247,0.9993303802855232,Not significant
GENE3818,2,Microenvironment,3q,protein_coding,45,43,8.418074,8.53419488372093,0.11612088372093154,1.0838167762759097,1.1828391727321708,-6.36461891717426,0.23980000059285436,0.9993303802855232,Not significant
GENE1373,2,Microenvironment,9p,protein_coding,45,43,9.268602666666666,9.15268488372093,-0.11591778294573807,0.922795079880621,-0.9947843623584965,-6.567473691472187,0.3223470926996177,0.9993303802855232,Not significant
GENE2756,2,Microenvironment,15q,protein_coding,45,43,8.694718444444444,8.579061860465115,-0.11565658397932488,0.922962166433914,-1.0282680609503672,-6.533858987379805,0.30641288473498274,0.9993303802855232,Not significant
GENE3301,2,Microenvironment,2p,protein_coding,45,43,10.499003555555555,10.383520232558139,-0.11548332299741482,0.9230730165647446,-0.956143999574201,-6.604910143667701,0.3414060128743077,0.9993303802855232,Not significant
MEOTH054,2,Microenvironment,20q,protein_coding,45,43,11.550320888888889,11.665780930232557,0.11546004134366505,1.0833204357321997,0.873328787067429,-6.68023902655975,0.38466766725067414,0.9993303802855232,Not significant
GENE3806,2,Microenvironment,3q,protein_coding,45,43,8.528281777777778,8.412927906976744,-0.11535387080103554,0.9231558470918086,-1.1372814017908914,-6.4168953360497145,0.25825711193604267,0.9993303802855232,Not significant
GENE1224,2,Microenvironment,21q,protein_coding,45,43,9.00639311111111,9.121396046511627,0.11500293540052375,1.082977249019151,1.0070674890259672,-6.555268992651198,0.3164391419655697,0.9993303802855232,Not significant
GENE2462,2,Microenvironment,3q,protein_coding,45,43,6.5709888888888885,6.456255581395349,-0.11473330749353927,0.9235530203379227,-0.9381102160674187,-6.621884173987653,0.35054680424550655,0.9993303802855232,Not significant
GENE1346,2,Microenvironment,3q,protein_coding,45,43,10.818966666666666,10.704262790697674,-0.11470387596898846,0.923571861361064,-0.9684369953389205,-6.593157839592119,0.33526468686649613,0.9993303802855232,Not significant
GENE3171,2,Microenvironment,4q,protein_coding,45,43,9.072441555555555,8.957743720930232,-0.11469783462532135,0.9235757288635784,-1.0211657971237145,-6.541080019865884,0.30974763078549555,0.9993303802855232,Not significant
MEOTH151,2,Microenvironment,21q,protein_coding,45,43,9.444995333333333,9.55968511627907,0.11468978294573873,1.0827422026854516,0.7343700838733965,-6.791531388424348,0.46451684069784716,0.9993303802855232,Not significant
GENE3943,2,Microenvironment,12p,protein_coding,45,43,9.583563333333332,9.468896511627907,-0.11466682170542697,0.9235955827392389,-0.9619884750030699,-6.599341090322346,0.33847716808414374,0.9993303802855232,Not significant
GENE3654,2,Microenvironment,10q,protein_coding,45,43,8.047264,7.9329872093023255,-0.11427679069767471,0.9238453095381004,-1.1218241584963204,-6.434178293295807,0.2647410682063334,0.9993303802855232,Not significant
MEOTH237,2,Microenvironment,3q,protein_coding,45,43,8.744989777777779,8.859153255813954,0.11416347803617732,1.0823472830451095,0.5512959297824397,-6.909067599114126,0.5827143293562775,0.9993303802855232,Not significant
GENE1756,2,Microenvironment,7q,protein_coding,45,43,7.561133777777778,7.447392558139535,-0.11374121963824368,0.9241883319010362,-0.9904756249105422,-6.57172016589555,0.32443672278951907,0.9993303802855232,Not significant
GENE1976,2,Microenvironment,15q,protein_coding,45,43,7.438646666666667,7.32500488372093,-0.11364178294573257,0.9242520330959934,-0.9895401478183269,-6.5726397393283404,0.3248915868456974,0.9993303802855232,Not significant
GENE2166,2,Microenvironment,10q,protein_coding,45,43,9.52202,9.40869046511628,-0.113329534883718,0.9244520941838765,-0.9830825198378693,-6.578964362088238,0.32804302108591465,0.9993303802855232,Not significant
GENE3287,2,Microenvironment,20q,protein_coding,45,43,6.9317664444444445,7.045043488372093,0.11327704392764915,1.0816824614221578,1.059308516599272,-6.501725346566122,0.29212276708839013,0.9993303802855232,Not significant
GENE1239,2,Microenvironment,4q,protein_coding,45,43,9.666597777777778,9.55407511627907,-0.11252266149871026,0.9249692682205919,-1.0310116820994564,-6.531056378775611,0.30513115875016295,0.9993303802855232,Not significant
GENE2198,2,Microenvironment,3q,protein_coding,45,43,10.457650666666666,10.34534,-0.11231066666666933,0.9251051965400213,-0.8877245707964236,-6.667626014492158,0.3769121906725488,0.9993303802855232,Not significant
GENE2625,2,Microenvironment,18q,protein_coding,45,43,6.304437555555555,6.416136744186047,0.11169918863049233,1.0805000872020323,0.9570872952343812,-6.604013553803349,0.340932186782795,0.9993303802855232,Not significant
GENE2482,2,Microenvironment,19q,protein_coding,45,43,9.101921555555556,9.213142790697674,0.11122123514211424,1.0801421853334523,1.0021420988220928,-6.560180546248557,0.31879943807151717,0.9993303802855232,Not significant
GENE0993,2,Microenvironment,18q,protein_coding,45,43,10.231701777777777,10.342703720930233,0.1110019431524556,1.0799780144441884,0.8994047557399716,-6.6572432738200416,0.3706922048031086,0.9993303802855232,Not significant
GENE2695,2,Microenvironment,12p,protein_coding,45,43,9.70386,9.592988372093023,-0.11087162790697924,0.9260284175686186,-1.0137991986661923,-6.548518072773691,0.3132321246732523,0.9993303802855232,Not significant
GENE3844,2,Microenvironment,7q,protein_coding,45,43,7.256305111111111,7.367085348837209,0.11078023772609846,1.0798120621239633,0.9788845517412055,-6.583054103425758,0.33010247045565977,0.9993303802855232,Not significant
MEOTH172,2,Microenvironment,18q,protein_coding,45,43,7.995175555555556,8.105571860465115,0.11039630490956576,1.0795247386663438,0.8467559499649052,-6.702987890609991,0.39924138837803,0.9993303802855232,Not significant
GENE2428,2,Microenvironment,7q,protein_coding,45,43,9.850286222222222,9.739913023255815,-0.11037319896641051,0.9263484014113806,-0.9891328845529995,-6.573039812924301,0.32508974517137634,0.9993303802855232,Not significant
GENE2600,2,Microenvironment,15q,protein_coding,45,43,10.250791777777778,10.361056976744186,0.1102651989664114,1.0794266405414532,1.0266608648024174,-6.535497345606602,0.30716539267112986,0.9993303802855232,Not significant
GENE3401,2,Microenvironment,9p,protein_coding,45,43,8.31070911111111,8.420433720930232,0.10972460981912313,1.0790222466824995,0.8892879039686226,-6.666244074139114,0.37607590759191656,0.9993303802855232,Not significant
GENE2418,2,Microenvironment,10q,protein_coding,45,43,10.129215555555556,10.238900232558139,0.109684677002587,1.078992380494656,1.105764773866147,-6.451890503189317,0.2715974169974346,0.9993303802855232,Not significant
MEOTH044,2,Microenvironment,2p,protein_coding,45,43,7.719664666666667,7.828888837209302,0.10922417054263533,1.07864802243311,0.6269712831797116,-6.8645074124762235,0.5321693596883877,0.9993303802855232,Not significant
GENE1874,2,Microenvironment,3q,protein_coding,45,43,8.536377777777778,8.427317674418605,-0.10906010335917316,0.9271919183760715,-1.0236773933881782,-6.538532018231939,0.3085655815120505,0.9993303802855232,Not significant
GENE1398,2,Microenvironment,10q,protein_coding,45,43,8.304851555555556,8.195902325581395,-0.10894922997415968,0.927263177272748,-0.9828812615722179,-6.57916082316005,0.3281415612236397,0.9993303802855232,Not significant
GENE3143,2,Microenvironment,20q,protein_coding,45,43,8.337034666666666,8.22814069767442,-0.10889396899224835,0.9272986958359947,-0.9555522826613894,-6.605472120006293,0.3417034561365654,0.9993303802855232,Not significant
GENE3481,2,Microenvironment,2p,protein_coding,45,43,9.698155777777778,9.806755581395349,0.10859980361756882,1.0781813081110188,0.9755516858281419,-6.586288830796936,0.331743557571067,0.9993303802855232,Not significant
MEOTH183,2,Microenvironment,15q,protein_coding,45,43,7.1297002222222225,7.021189767441861,-0.10851045478035726,0.9275452340799104,-0.4870921011833559,-6.942412079751197,0.6273056901282417,0.9993303802855232,Not significant
GENE3977,2,Microenvironment,9p,protein_coding,45,43,9.258224,9.149932325581394,-0.10829167441860577,0.9276859041894213,-1.0725960912847363,-6.487684518311311,0.2861467757765043,0.9993303802855232,Not significant
GENE3417,2,Microenvironment,18q,protein_coding,45,43,9.384864222222221,9.493119534883721,0.10825531266150179,1.0779238875489272,0.951626720941995,-6.609191734310492,0.34368101444756316,0.9993303802855232,Not significant
GENE1709,2,Microenvironment,9p,protein_coding,45,43,7.742289555555556,7.850053255813953,0.10776370025839821,1.0775566370489067,0.9268047023261965,-6.632363519430596,0.35635688377523955,0.9993303802855232,Not significant
GENE1130,2,Microenvironment,3q,protein_coding,45,43,8.144472,8.251842093023257,0.10737009302325795,1.077262689801509,0.8555893147149587,-6.695502486664978,0.3943597404459037,0.9993303802855232,Not significant
GENE1848,2,Microenvironment,21q,protein_coding,45,43,8.184930222222222,8.077949302325582,-0.10698091989664071,0.9285291323202887,-0.9839527616196969,-6.578114409721635,0.3276171574916851,0.9993303802855232,Not significant
GENE1919,2,Microenvironment,20q,protein_coding,45,43,8.068481111111112,8.175090697674419,0.10660958656331054,1.0766949680623685,0.9500124204991067,-6.610716984162501,0.34449639142531807,0.9993303802855232,Not significant
GENE3964,2,Microenvironment,7q,protein_coding,45,43,8.877035777777778,8.77046069767442,-0.10657508010335981,0.9287903705365304,-0.8983152656998923,-6.658217385605508,0.37126963320116335,0.9993303802855232,Not significant
GENE1828,2,Microenvironment,7q,protein_coding,45,43,9.189867111111111,9.083404883720931,-0.10646222739018008,0.9288630266488658,-0.9860555758298167,-6.5760575804593975,0.32658962431746374,0.9993303802855232,Not significant
GENE2491,2,Microenvironment,12p,protein_coding,45,43,8.713198666666667,8.81942976744186,0.10623110077519371,1.076412538108843,0.9621807198607205,-6.5991573396044005,0.3383811074595663,0.9993303802855232,Not significant
GENE2373,2,Microenvironment,18q,protein_coding,45,43,9.350060222222222,9.24385488372093,-0.10620533850129199,0.9290284364058937,-0.9591434567808639,-6.602056194477276,0.3399008410607296,0.9993303802855232,Not significant
GENE3173,2,Microenvironment,9p,protein_coding,45,43,8.438057555555556,8.544220697674419,0.10616314211886291,1.0763618345125965,0.9084606432274377,-6.649101498891957,0.36591453660349493,0.9993303802855232,Not significant
GENE2568,2,Microenvironment,21q,protein_coding,45,43,9.616183333333334,9.722281627906977,0.10609829457364306,1.0763134543268482,0.9545954229778095,-6.606380164337219,0.3421848050435118,0.9993303802855232,Not significant
GENE1318,2,Microenvironment,19q,protein_coding,45,43,8.162658444444444,8.268566744186046,0.10590829974160165,1.0761717192245435,0.9220382194146677,-6.63674429023421,0.3588248254434968,0.9993303802855232,Not significant
GENE2455,2,Microenvironment,12p,protein_coding,45,43,7.477552444444444,7.583371860465117,0.10581941602067158,1.0761054188647918,1.0118001431211792,-6.550527428079022,0.31418220732264895,0.9993303802855232,Not significant
MEOTH055,2,Microenvironment,21q,protein_coding,45,43,10.995808888888888,11.101361395348837,0.10555250645994896,1.0759063495889332,0.4864510729044958,-6.942724320058295,0.6277583362500816,0.9993303802855232,Not significant
MEOTH105,2,Microenvironment,3q,protein_coding,45,43,9.990280666666667,9.8851044186046515,-0.10517624806201198,0.9296913591427102,-0.6146751540193537,-6.872134294312939,0.5402264159653005,0.9993303802855232,Not significant
GENE2718,2,Microenvironment,10q,protein_coding,45,43,10.143678666666666,10.038613488372093,-0.10506517829456996,0.9297629366938391,-0.9108391359536375,-6.646949801368356,0.3646662009615411,0.9993303802855232,Not significant
GENE2022,2,Microenvironment,10q,protein_coding,45,43,8.646736888888888,8.541722325581395,-0.10501456330749726,0.9297955567301006,-0.8765333877606759,-6.677448838578167,0.38293272147275725,0.9993303802855232,Not significant
GENE3773,2,Microenvironment,9p,protein_coding,45,43,10.711150666666667,10.815767674418604,0.10461700775192462,1.0752089168588597,1.0117957091248542,-6.550531880606485,0.3141843167867614,0.9993303802855232,Not significant
GENE3197,2,Microenvironment,9p,protein_coding,45,43,9.908482222222222,10.012736279069767,0.10425405684754807,1.0749384515471785,1.1144524874922792,-6.442339545415095,0.26787312067182856,0.9993303802855232,Not significant
GENE3072,2,Microenvironment,21q,protein_coding,45,43,9.391414666666666,9.495446744186047,0.10403207751937948,1.0747730695694397,0.9626312319671991,-6.598726591841113,0.33815606589729597,0.9993303802855232,Not significant
GENE3780,2,Microenvironment,21q,protein_coding,45,43,7.9316553333333335,7.827783023255814,-0.10387231007752185,0.9305320135018638,-0.9488376668463187,-6.61182533687679,0.34509054250577564,0.9993303802855232,Not significant
GENE1724,2,Microenvironment,15q,protein_coding,45,43,7.525680444444444,7.6292846511627905,0.10360420671834358,1.074454363387418,0.9901991037168353,-6.571992074683495,0.32457113390114267,0.9993303802855232,Not significant
GENE1588,2,Microenvironment,7q,protein_coding,45,43,7.572588666666666,7.469419302325582,-0.10316936434108293,0.9309855209137383,-0.8624941272512878,-6.6895980750611495,0.3905695426885908,0.9993303802855232,Not significant
GENE3024,2,Microenvironment,21q,protein_coding,45,43,6.8335622222222225,6.936529534883721,0.10296731266150072,1.0739801380298526,0.9523942844344275,-6.608465621139091,0.3432937605269084,0.9993303802855232,Not significant
GENE1424,2,Microenvironment,15q,protein_coding,45,43,7.659380666666666,7.762193953488373,0.10281328682170798,1.0738654832636427,1.0599634452029059,-6.501037295490432,0.2918262367074642,0.9993303802855232,Not significant
GENE0987,2,Microenvironment,4q,protein_coding,45,43,9.278441333333333,9.380941395348838,0.10250006201550477,1.0736323606790756,0.8980137323671398,-6.6584867811119075,0.37142954560391894,0.9993303802855232,Not significant
GENE3083,2,Microenvironment,20q,protein_coding,45,43,8.33853911111111,8.236328837209303,-0.10221027390180382,0.9316046373231802,-0.9379300187575049,-6.622052181362418,0.3506389293572827,0.9993303802855232,Not significant
GENE3048,2,Microenvironment,21q,protein_coding,45,43,8.957434666666666,9.059607209302326,0.10217254263566034,1.0733886532537202,1.0263961295377801,-6.53576697340509,0.30728946393806306,0.9993303802855232,Not significant
MEOTH152,2,Microenvironment,2p,protein_coding,45,43,9.014925555555555,8.912848837209301,-0.10207671834624854,0.9316908833631257,-0.8157704350938452,-6.728639790122352,0.41665504365830974,0.9993303802855232,Not significant
GENE3688,2,Microenvironment,7q,protein_coding,45,43,8.744704444444444,8.846650697674418,0.10194625322997375,1.073220303446488,0.9940340679195622,-6.568214442046423,0.32271032403441413,0.9993303802855232,Not significant
MEOTH222,2,Microenvironment,20q,protein_coding,45,43,8.338115555555556,8.439864418604651,0.10174886304909236,1.0730734750092625,0.7276921884138969,-6.796401167341756,0.46857674395677795,0.9993303802855232,Not significant
GENE2042,2,Microenvironment,3q,protein_coding,45,43,6.460544444444444,6.562112325581396,0.10156788113695292,1.0729388694945605,0.8529773676346256,-6.697723820215296,0.3957993666338162,0.9993303802855232,Not significant
GENE2319,2,Microenvironment,4q,protein_coding,45,43,8.201650444444445,8.302994186046512,0.1013437416020686,1.072772188850344,0.8818833698102324,-6.67276829999512,0.38004715489133367,0.9993303802855232,Not significant
GENE1617,2,Microenvironment,18q,protein_coding,45,43,9.585819777777777,9.686918837209303,0.10109905943152242,1.0725902613033658,0.7097825110331533,-6.809244341050031,0.47956302657423233,0.9993303802855232,Not significant
GENE3724,2,Microenvironment,7q,protein_coding,45,43,8.476474222222222,8.577398837209303,0.10092461498708083,1.072460576168746,0.9836880974336862,-6.578372981322689,0.3277466356061949,0.9993303802855232,Not significant
GENE2072,2,Microenvironment,15q,protein_coding,45,43,8.183476888888888,8.08265976744186,-0.10081712144702948,0.93250468487404,-0.9008731335458188,-6.655928562451005,0.3699148628926976,0.9993303802855232,Not significant
GENE2827,2,Microenvironment,12p,protein_coding,45,43,7.799663111111111,7.699006744186047,-0.10065636692506175,0.9326085964371719,-1.0336532988880824,-6.528351067166742,0.3039005045965838,0.9993303802855232,Not significant
GENE3342,2,Microenvironment,10q,protein_coding,45,43,7.6500437777777774,7.549623953488372,-0.10041982428940344,0.9327615184165062,-0.9088138395015132,-6.648782330328128,0.3657289929006192,0.9993303802855232,Not significant
GENE2683,2,Microenvironment,12p,protein_coding,45,43,9.405922444444444,9.50567488372093,0.09975243927648059,1.071589566256819,0.8835909390334029,-6.671268500239127,0.37912902538177906,0.9993303802855232,Not significant
GENE2822,2,Microenvironment,3q,protein_coding,45,43,9.445232,9.544913720930232,0.09968172093022964,1.0715370401286062,0.9325938448339178,-6.6270130127974936,0.3533740912640977,0.9993303802855232,Not significant
GENE1434,2,Microenvironment,10q,protein_coding,45,43,9.394908666666666,9.295304418604651,-0.09960424806201651,0.9332889709739025,-0.8816153425400719,-6.673003455735928,0.3801913943115609,0.9993303802855232,Not significant
GENE2658,2,Microenvironment,10q,protein_coding,45,43,8.791322888888889,8.691996046511628,-0.09932684237725908,0.9334684438017176,-0.8863164219552565,-6.668868729202419,0.37766645647164965,0.9993303802855232,Not significant
GENE2369,2,Microenvironment,9p,protein_coding,45,43,9.475294666666667,9.37616930232558,-0.09912536434108787,0.933598815444206,-0.8422167805379699,-6.706804624748545,0.4017642071602229,0.9993303802855232,Not significant
GENE3551,2,Microenvironment,20q,protein_coding,45,43,9.370963555555555,9.469970930232558,0.09900737467700083,1.071036298032875,1.0216771334555794,-6.540561768170279,0.30950673119279176,0.9993303802855232,Not significant
GENE2704,2,Microenvironment,7q,protein_coding,45,43,10.764278888888889,10.862747209302325,0.09846832041343845,1.0706361865616967,0.8786803497556052,-6.675573892301959,0.3817731016692216,0.9993303802855232,Not significant
GENE3618,2,Microenvironment,10q,protein_coding,45,43,10.440113333333333,10.538449302325581,0.0983359689922505,1.0705379719582424,0.8542013305854522,-6.696683732177783,0.39512435422473513,0.9993303802855232,Not significant
GENE1184,2,Microenvironment,15q,protein_coding,45,43,7.833607333333333,7.735540465116279,-0.09806686821705135,0.9342840422663381,-0.9954455912796261,-6.56682041970948,0.3220272043053425,0.9993303802855232,Not significant
GENE1225,2,Microenvironment,2p,protein_coding,45,43,10.41645,10.31853511627907,-0.09791488372092516,0.9343824720558276,-0.9543650443804268,-6.606598656586983,0.3423007629153654,0.9993303802855232,Not significant
GENE1852,2,Microenvironment,7q,protein_coding,45,43,9.388361555555555,9.486051860465116,0.09769030490956077,1.0700589703331893,0.8818246516625476,-6.672819822818854,0.38007875125917123,0.9993303802855232,Not significant
GENE2367,2,Microenvironment,4q,protein_coding,45,43,9.19058688888889,9.093556046511628,-0.09703084237725967,0.934955209778446,-0.8942628009380957,-6.661830499773517,0.37342240643640856,0.9993303802855232,Not significant
GENE1933,2,Microenvironment,2p,protein_coding,45,43,8.596294444444444,8.49934023255814,-0.09695421188630071,0.9350048723734762,-0.8498100966115457,-6.700408456607024,0.3975493900580639,0.9993303802855232,Not significant
GENE1591,2,Microenvironment,12p,protein_coding,45,43,9.15436688888889,9.25107976744186,0.09671287855297095,1.0693342505615258,0.9158949989659181,-6.6423576618999824,0.36202165743449655,0.9993303802855232,Not significant
GENE2363,2,Microenvironment,20q,protein_coding,45,43,9.364172222222223,9.460873720930232,0.09670149870801126,1.0693258157851915,0.8486376266949367,-6.701399768751497,0.39819841887761753,0.9993303802855232,Not significant
GENE3227,2,Microenvironment,20q,protein_coding,45,43,7.663809333333333,7.760495813953488,0.09668648062015706,1.0693146844337935,0.9331117142368427,-6.6265327875430255,0.3531080481969988,0.9993303802855232,Not significant
GENE2610,2,Microenvironment,10q,protein_coding,45,43,9.475494222222222,9.57205,0.09655577777778035,1.0692178128608698,0.8310533858730719,-6.716105309729126,0.4080098944062237,0.9993303802855232,Not significant
GENE2741,2,Microenvironment,9p,protein_coding,45,43,8.56881688888889,8.472677209302326,-0.09613967958656211,0.9355329165419588,-0.8309789254301931,-6.716166935204643,0.40805174979638326,0.9993303802855232,Not significant
GENE3068,2,Microenvironment,15q,protein_coding,45,43,9.776140444444444,9.680052325581395,-0.09608811886305091,0.9355663523095046,-0.8607827712058279,-6.691065837348253,0.39150684069963637,0.9993303802855232,Not significant
GENE1364,2,Microenvironment,15q,protein_coding,45,43,8.070555777777777,8.16661534883721,0.09605957105943475,1.0688501247374662,0.8888126866711072,-6.66666440518447,0.37632999524198185,0.9993303802855232,Not significant
GENE3854,2,Microenvironment,3q,protein_coding,45,43,7.7982524444444445,7.702472325581395,-0.09578011886305049,0.9357661070667346,-0.8772933146532794,-6.676785708892196,0.3825220184028305,0.9993303802855232,Not significant
GENE3032,2,Microenvironment,15q,protein_coding,45,43,9.072292444444445,8.976599534883722,-0.09569290956072152,0.935822674791457,-0.9243183701261095,-6.634651421327259,0.35764287311681664,0.9993303802855232,Not significant
GENE3518,2,Microenvironment,3q,protein_coding,45,43,6.008311333333333,6.103991627906977,0.09568029457364435,1.0685691669293504,0.8878531540180727,-6.667512440983386,0.3768433629518685,0.9993303802855232,Not significant
GENE1686,2,Microenvironment,10q,protein_coding,45,43,11.013631555555556,10.91803046511628,-0.09560109043927945,0.935882236339674,-0.8039413232324305,-6.738184052200611,0.4234212035647792,0.9993303802855232,Not significant
GENE2261,2,Microenvironment,9p,protein_coding,45,43,9.874260444444445,9.778693023255814,-0.09556742118863504,0.9359040779766038,-0.9090224063005482,-6.648593800057567,0.3656194550474702,0.9993303802855232,Not significant
GENE2145,2,Microenvironment,18q,protein_coding,45,43,8.88033911111111,8.784893720930233,-0.09544539018087761,0.9359832451913803,-0.858966052610223,-6.692620824222551,0.39250336108465544,0.9993303802855232,Not significant
GENE2129,2,Microenvironment,9p,protein_coding,45,43,8.655028222222223,8.559666744186046,-0.09536147803617645,0.9360376868047612,-0.842634898386842,-6.70645389787958,0.4015314165202033,0.9993303802855232,Not significant
GENE1122,2,Microenvironment,10q,protein_coding,45,43,9.358632,9.26365046511628,-0.09498153488371841,0.9362842309002061,-0.8500373076254043,-6.700216195932099,0.3974236908046622,0.9993303802855232,Not significant
GENE2014,2,Microenvironment,19q,protein_coding,45,43,9.637704888888889,9.543088604651162,-0.09461628423772517,0.9365213022866652,-0.8104540532037515,-6.732946298611386,0.4196879239997058,0.9993303802855232,Not significant
GENE1631,2,Microenvironment,20q,protein_coding,45,43,8.942809333333333,8.848288372093023,-0.09452096124030618,0.9365831829783182,-0.910841206567287,-6.646947925784153,0.3646651153929713,0.9993303802855232,Not significant
GENE3948,2,Microenvironment,21q,protein_coding,45,43,11.048918888888888,10.954557674418604,-0.09436121447028079,0.9366868947245679,-0.8423358372760796,-6.706704774682074,0.4016979129418413,0.9993303802855232,Not significant
GENE3946,2,Microenvironment,19q,protein_coding,45,43,8.841691555555556,8.74734046511628,-0.09435109043927703,0.9366934678950354,-0.8150682538799126,-6.729210180048537,0.41705486848970397,0.9993303802855232,Not significant
MEOTH156,2,Microenvironment,9p,protein_coding,45,43,8.479906,8.573911860465117,0.0940058604651206,1.0673296737002647,0.6062984058575973,-6.877244287824711,0.5457505711165971,0.9993303802855232,Not significant
GENE3980,2,Microenvironment,15q,protein_coding,45,43,8.42125911111111,8.5151,0.09384088888889153,1.0672076319750652,0.8526737810546553,-6.697981571913205,0.3959669033003682,0.9993303802855232,Not significant
GENE3270,2,Microenvironment,10q,protein_coding,45,43,7.948241555555556,8.041970232558139,0.09372867700258514,1.0671246284843614,0.9776945574890149,-6.584210298592572,0.33068780410089904,0.9993303802855232,Not significant
GENE3404,2,Microenvironment,15q,protein_coding,45,43,7.343814,7.43736534883721,0.0935513488372095,1.0669934714358682,0.7998052745088824,-6.74148875467189,0.42580231878311825,0.9993303802855232,Not significant
GENE3981,2,Microenvironment,18q,protein_coding,45,43,7.943702888888889,8.037062093023255,0.09335920413436671,1.0668513738436944,0.8786377152997452,-6.675611168979349,0.3817961081290666,0.9993303802855232,Not significant
GENE1541,2,Microenvironment,9p,protein_coding,45,43,7.889596222222222,7.982633255813953,0.0930370335917301,1.066613160151862,0.8204875109266667,-6.724795499910576,0.4139750805658501,0.9993303802855232,Not significant
MEOTH212,2,Microenvironment,2p,protein_coding,45,43,10.976975111111111,11.070011860465117,0.09303674935400785,1.066612950009277,0.39809126151379826,-6.981845274123088,0.6914486482778289,0.9993303802855232,Not significant
GENE2802,2,Microenvironment,10q,protein_coding,45,43,9.928904444444445,10.021900930232558,0.0929964857881167,1.0665831827748264,0.8447997741319889,-6.704635207691252,0.4003274193338092,0.9993303802855232,Not significant
GENE2263,2,Microenvironment,12p,protein_coding,45,43,9.621425777777779,9.714119534883721,0.09269375710595185,1.0663593992043885,0.8019379981986466,-6.7397868087039505,0.4245735240568398,0.9993303802855232,Not significant
MEOTH002,2,Microenvironment,12p,protein_coding,45,43,9.054687555555555,8.962015581395349,-0.09267197416020423,0.9377842964084422,-0.6326212848157245,-6.860952667721348,0.5284880221084063,0.9993303802855232,Not significant
GENE1365,2,Microenvironment,18q,protein_coding,45,43,10.47149511111111,10.379050697674419,-0.09244441343669152,0.9379322276746983,-0.9598388106823924,-6.601393321292577,0.3395525201148134,0.9993303802855232,Not significant
GENE2734,2,Microenvironment,19q,protein_coding,45,43,11.293332222222222,11.200982093023256,-0.0923501291989659,0.9379935262252098,-0.8402888968239154,-6.7084195594861065,0.40283863629066896,0.9993303802855232,Not significant
MEOTH163,2,Microenvironment,21q,protein_coding,45,43,8.607695333333334,8.700043255813954,0.09234792248062007,1.0661038082478973,0.5280653645150827,-6.921605801591881,0.5986750024451724,0.9993303802855232,Not significant
GENE3916,2,Microenvironment,7q,protein_coding,45,43,11.814604444444445,11.906942325581396,0.09233788113695418,1.066096388053633,0.831086504249724,-6.716077898316694,0.4079912788788207,0.9993303802855232,Not significant
GENE3187,2,Microenvironment,12p,protein_coding,45,43,8.038254444444444,8.130512325581396,0.09225788113695188,1.0660372727562237,0.9395382880242537,-6.620551587363205,0.3498172599248611,0.9993303802855232,Not significant
GENE1548,2,Microenvironment,21q,protein_coding,45,43,8.029484222222223,8.121678604651162,0.09219438242893929,1.0659903532771093,0.8375061761758049,-6.710744137154024,0.4043925555826603,0.9993303802855232,Not significant
GENE1523,2,Microenvironment,20q,protein_coding,45,43,9.57453511111111,9.666702558139535,0.09216744702842483,1.0659704512130832,0.8784521852180879,-6.675773363180572,0.38189623416917506,0.9993303802855232,Not significant
GENE2071,2,Microenvironment,12p,protein_coding,45,43,8.213106666666667,8.121130465116279,-0.09197620155038777,0.9382366733640409,-0.794805741698657,-6.745460928793637,0.4286911107335001,0.9993303802855232,Not significant
GENE2353,2,Microenvironment,2p,protein_coding,45,43,7.9739846666666665,7.882269069767442,-0.09171559689922137,0.9384061692859724,-0.859460174876839,-6.692198209602765,0.39223216682588247,0.9993303802855232,Not significant
GENE1786,2,Microenvironment,19q,protein_coding,45,43,8.303146222222223,8.394595348837209,0.0914491266149895,1.065439834747791,0.9361278396551,-6.623730704159296,0.3515611434341881,0.9993303802855232,Not significant
GENE1147,2,Microenvironment,12p,protein_coding,45,43,8.986935777777777,8.895523488372094,-0.09141228940568169,0.9386034774741467,-0.8066723216330719,-6.735992767666888,0.4218533207922732,0.9993303802855232,Not significant
MEOTH101,2,Microenvironment,19q,protein_coding,45,43,10.718074666666666,10.626692790697675,-0.09138187596898995,0.9386232643712555,-0.4979449011048476,-6.9370636642815535,0.6196639889748694,0.9993303802855232,Not significant
GENE1064,2,Microenvironment,15q,protein_coding,45,43,10.373337333333334,10.464687441860466,0.09135010852713243,1.06536671174405,0.7841355235118989,-6.7538562954023496,0.4348950786392578,0.9993303802855232,Not significant
GENE2651,2,Microenvironment,20q,protein_coding,45,43,8.304143333333334,8.212972790697675,-0.0911705426356626,0.9387607687688256,-0.9051512036067345,-6.652086175711633,0.36765597369888414,0.9993303802855232,Not significant
GENE3159,2,Microenvironment,4q,protein_coding,45,43,8.618694222222222,8.709806511627907,0.09111228940568772,1.0651911072769937,0.8942840516157259,-6.661811594897879,0.37341109709840126,0.9993303802855232,Not significant
GENE1649,2,Microenvironment,9p,protein_coding,45,43,8.50165488888889,8.410581395348837,-0.09107349354005301,0.9388239206792461,-0.798007205186362,-6.742920167054695,0.4268399343745569,0.9993303802855232,Not significant
GENE2084,2,Microenvironment,15q,protein_coding,45,43,10.024908444444444,9.933897674418604,-0.09101077002584113,0.9388647384639965,-0.7886710254568812,-6.7503014305791185,0.4322515989524798,0.9993303802855232,Not significant
GENE2495,2,Microenvironment,20q,protein_coding,45,43,9.397504222222222,9.488491395348838,0.0909871731266172,1.0650987336531448,0.7888223759194026,-6.750182455225192,0.432163548861627,0.9993303802855232,Not significant
GENE2753,2,Microenvironment,9p,protein_coding,45,43,8.248176222222222,8.15722465116279,-0.0909515710594313,0.9389032642514125,-0.7911213763380772,-6.748372459299256,0.43082737361377665,0.9993303802855232,Not significant
MEOTH153,2,Microenvironment,3q,protein_coding,45,43,11.132286222222222,11.041344186046512,-0.0909420361757114,0.9389094695566076,-0.4589988257811239,-6.955712057951472,0.6472747060596098,0.9993303802855232,Not significant
MEOTH166,2,Microenvironment,4q,protein_coding,45,43,10.234334,10.325237209302326,0.09090320930232743,1.0650367474689095,0.3535122303393065,-6.998625967511149,0.7244811968213902,0.9993303802855232,Not significant
GENE1421,2,Microenvironment,9p,protein_coding,45,43,7.463280222222222,7.37270488372093,-0.09057533850129396,0.9391481476338933,-0.8671152108161145,-6.685620417964736,0.38804553344370263,0.9993303802855232,Not significant
GENE2082,2,Microenvironment,10q,protein_coding,45,43,9.405593111111111,9.31514023255814,-0.09045287855297346,0.9392278685115584,-0.8356718238890334,-6.712272329305101,0.40541887871856497,0.9993303802855232,Not significant
GENE2801,2,Microenvironment,9p,protein_coding,45,43,8.303666222222223,8.213490930232558,-0.09017529198967011,0.9394086011767885,-0.8663783048167045,-6.686256121459263,0.38844734939889536,0.9993303802855232,Not significant
GENE2232,2,Microenvironment,21q,protein_coding,45,43,10.11292911111111,10.20298,0.09005088888888935,1.0644077271663557,0.8172770742085478,-6.727414295195727,0.41579793268202936,0.9993303802855232,Not significant
GENE1700,2,Microenvironment,15q,protein_coding,45,43,7.746138888888889,7.656119767441861,-0.09001912144702917,0.9395102968835337,-0.871024811426417,-6.682238841970566,0.38591803386907986,0.9993303802855232,Not significant
GENE1444,2,Microenvironment,7q,protein_coding,45,43,8.878236666666666,8.968091627906977,0.08985496124031123,1.0642631832836849,0.807531584294302,-6.735301800887249,0.42136072883872566,0.9993303802855232,Not significant
GENE2474,2,Microenvironment,3q,protein_coding,45,43,7.66632,7.755928837209303,0.0896088372093038,1.0640816352815077,0.8361406940550603,-6.711882029417837,0.40515639478940435,0.9993303802855232,Not significant
GENE1410,2,Microenvironment,10q,protein_coding,45,43,9.154808444444445,9.244410697674418,0.0896022532299714,1.0640767791786518,0.8165534213173572,-6.7280031901884465,0.416209479065471,0.9993303802855232,Not significant
GENE1856,2,Microenvironment,15q,protein_coding,45,43,8.841750888888889,8.931257441860465,0.08950655297157972,1.0640061966630057,0.8521516448057544,-6.698424665743619,0.3962551500736401,0.9993303802855232,Not significant
GENE1566,2,Microenvironment,10q,protein_coding,45,43,8.19095711111111,8.28038511627907,0.08942800516795835,1.063948268221913,0.848327767670797,-6.701661526395406,0.39837005174229245,0.9993303802855232,Not significant
GENE1499,2,Microenvironment,20q,protein_coding,45,43,8.633536666666666,8.544411395348837,-0.08912527131782788,0.9400925693539701,-0.7725519216500797,-6.762843498564915,0.4416893509607519,0.9993303802855232,Not significant
MEOTH087,2,Microenvironment,15q,protein_coding,45,43,7.48725,7.398239069767442,-0.08901093023255857,0.9401670795320174,-0.7225476356700089,-6.800122772684027,0.47171799090317534,0.9993303802855232,Not significant
GENE2993,2,Microenvironment,9p,protein_coding,45,43,8.638608,8.54960488372093,-0.0890031162790681,0.9401721716973881,-0.8280893784604272,-6.718554198813139,0.40967801586332053,0.9993303802855232,Not significant
GENE3714,2,Microenvironment,10q,protein_coding,45,43,10.871734444444444,10.960593953488372,0.0888595090439317,1.0635291004185665,0.7886343547167346,-6.75033025375519,0.4322729342183508,0.9993303802855232,Not significant
GENE2767,2,Microenvironment,12p,protein_coding,45,43,7.785493333333333,7.696825581395349,-0.08866775193798482,0.9403907465601389,-0.9015559388557839,-6.655316494891126,0.3695537444927396,0.9993303802855232,Not significant
GENE1559,2,Microenvironment,20q,protein_coding,45,43,9.252981777777778,9.164340465116279,-0.0886413126615011,0.9404079806103529,-0.7955778254950531,-6.744849105921021,0.42824423667062417,0.9993303802855232,Not significant
GENE2398,2,Microenvironment,19q,protein_coding,45,43,6.905970444444445,6.81757488372093,-0.08839556072351762,0.9405681854782904,-0.784507586217705,-6.753565439709519,0.43467786867311997,0.9993303802855232,Not significant
GENE1565,2,Microenvironment,9p,protein_coding,45,43,7.9344397777777775,7.84618976744186,-0.08825001033591917,0.9406630821585222,-0.8280189202635541,-6.718612307055942,0.40971771927740563,0.9993303802855232,Not significant
MEOTH048,2,Microenvironment,9p,protein_coding,45,43,9.011194222222223,8.923288837209302,-0.08790538501291856,0.940887810899802,-0.5756339432272193,-6.895356533791403,0.5662122935405693,0.9993303802855232,Not significant
GENE2446,2,Microenvironment,19q,protein_coding,45,43,10.131717111111112,10.043879069767442,-0.08783804134367301,0.9409317316970743,-0.7782599964032537,-6.758431360212614,0.4383336370184294,0.9993303802855232,Not significant
GENE2045,2,Microenvironment,9p,protein_coding,45,43,9.33171711111111,9.24400511627907,-0.08771199483204128,0.9410139433497612,-0.8436155336057214,-6.705630645731885,0.40098576227233074,0.9993303802855232,Not significant
GENE2768,2,Microenvironment,15q,protein_coding,45,43,7.762835777777778,7.675399302325581,-0.08743647545219613,0.9411936711017806,-0.7890403419774408,-6.750011074307256,0.4320367628278402,0.9993303802855232,Not significant
GENE1231,2,Microenvironment,12p,protein_coding,45,43,8.860675777777777,8.77331953488372,-0.08735624289405841,0.9412460151340423,-0.7305421878775649,-6.79432821842549,0.46684161827259485,0.9993303802855232,Not significant
GENE1483,2,Microenvironment,12p,protein_coding,45,43,9.421048,9.33410511627907,-0.08694288372092451,0.9415157383999673,-0.8118746666240944,-6.731798256581106,0.4188762070207507,0.9993303802855232,Not significant
GENE1121,2,Microenvironment,9p,protein_coding,45,43,8.330587333333334,8.41744488372093,0.08685755038759879,1.0620543156178788,0.7621398550851716,-6.770809030514748,0.4478488184018852,0.9993303802855232,Not significant
GENE3768,2,Microenvironment,21q,protein_coding,45,43,8.01661,8.10323976744186,0.08662976744185791,1.0618866441718406,0.7868287497165476,-6.751747821895634,0.4333242124255514,0.9993303802855232,Not significant
GENE0996,2,Microenvironment,21q,protein_coding,45,43,9.993333111111111,10.079883023255814,0.08654991214470265,1.0618278688074507,0.7476239433930101,-6.781735906216129,0.4565181907644541,0.9993303802855232,Not significant
GENE1312,2,Microenvironment,7q,protein_coding,45,43,10.118963777777777,10.205294651162792,0.08633087338501255,1.0616666678621904,0.8022361904917552,-6.739548490414111,0.4244018848316985,0.9993303802855232,Not significant
GENE1190,2,Microenvironment,3q,protein_coding,45,43,10.081468666666666,9.995312558139535,-0.0861561085271294,0.9420293349887848,-0.8611926480917901,-6.690714563560863,0.3912822277294067,0.9993303802855232,Not significant
GENE2092,2,Microenvironment,7q,protein_coding,45,43,8.892685333333333,8.806744651162791,-0.0859406821705413,0.9421700113576676,-0.8245192904673857,-6.721492386546701,0.41169269476752446,0.9993303802855232,Not significant
MEOTH096,2,Microenvironment,9p,protein_coding,45,43,9.696251555555556,9.782128604651163,0.08587704909560934,1.0613327550568996,0.3212098487678876,-7.009544795647783,0.7487510586011412,0.9993303802855232,Not significant
GENE0977,2,Microenvironment,9p,protein_coding,45,43,6.343635777777778,6.257883953488372,-0.08575182428940309,0.942293355428292,-0.8401449194774536,-6.7085400189928714,0.40291894645569415,0.9993303802855232,Not significant
GENE2209,2,Microenvironment,2p,protein_coding,45,43,8.988069777777778,8.90234930232558,-0.08572047545219696,0.9423138310805298,-0.7509323139629999,-6.779263792956136,0.4545339353535318,0.9993303802855232,Not significant
GENE1352,2,Microenvironment,15q,protein_coding,45,43,8.451346000000001,8.365626511627907,-0.08571948837209753,0.9423144758041352,-0.7238439718439861,-6.799187455137666,0.47092534281156273,0.9993303802855232,Not significant
GENE1867,2,Microenvironment,12p,protein_coding,45,43,9.603022666666666,9.517518837209302,-0.08550382945736246,0.9424553466750276,-0.8083542674994947,-6.734639569159759,0.42088942822002207,0.9993303802855232,Not significant
GENE2774,2,Microenvironment,3q,protein_coding,45,43,9.594874888888889,9.68011976744186,0.08524487855297203,1.0608677944749703,0.7844985035505414,-6.753572541600799,0.4346831703704944,0.9993303802855232,Not significant
GENE2644,2,Microenvironment,7q,protein_coding,45,43,7.523933111111111,7.43902488372093,-0.08490822739017734,0.9428445101656562,-0.7658565118297115,-6.7679779329988055,0.44564448469034335,0.9993303802855232,Not significant
GENE1537,2,Microenvironment,2p,protein_coding,45,43,9.727198,9.81208976744186,0.08489176744185833,1.060608170399824,0.8225316801910115,-6.723122769639906,0.41281692959689287,0.9993303802855232,Not significant
GENE2060,2,Microenvironment,15q,protein_coding,45,43,9.153075555555555,9.237764186046512,0.08468863049095887,1.0604588432472095,0.7445141218385084,-6.784049821358866,0.4583878639459158,0.9993303802855232,Not significant
GENE3802,2,Microenvironment,19q,protein_coding,45,43,7.790061111111111,7.874118837209302,0.08405772609819007,1.0599951957996676,0.6580393006557022,-6.844569695361464,0.5120910150830515,0.9993303802855232,Not significant
GENE3269,2,Microenvironment,9p,protein_coding,45,43,9.95050111111111,10.03445023255814,0.08394912144702893,1.0599154034164935,0.7349884745776186,-6.791078208910815,0.46414189127174077,0.9993303802855232,Not significant
GENE2394,2,Microenvironment,10q,protein_coding,45,43,7.241373777777778,7.157541627906977,-0.08383214987079946,0.9435480214568024,-0.7959444797022178,-6.744558352599415,0.4280321174921603,0.9993303802855232,Not significant
GENE1912,2,Microenvironment,7q,protein_coding,45,43,8.018260666666666,7.93472976744186,-0.08353089922480628,0.9437450652683408,-0.7436231480377119,-6.784711008530658,0.45892433402876465,0.9993303802855232,Not significant
GENE2243,2,Microenvironment,20q,protein_coding,45,43,7.360210888888889,7.4436146511627905,0.08340376227389967,1.0595148160901728,0.7039534589209164,-6.813356101527587,0.48316928216309374,0.9993303802855232,Not significant
GENE3393,2,Microenvironment,18q,protein_coding,45,43,8.013166666666667,7.929807209302326,-0.0833594573643417,0.943857221350632,-0.7904207976442571,-6.7489245734751915,0.4312342907024813,0.9993303802855232,Not significant
GENE1516,2,Microenvironment,7q,protein_coding,45,43,9.735194666666667,9.818402558139535,0.083207891472874,1.0593709783956333,0.6805484960571129,-6.829527791856722,0.49779867047541515,0.9993303802855232,Not significant
GENE2982,2,Microenvironment,10q,protein_coding,45,43,9.837643333333334,9.920693255813953,0.08304992248062071,1.0592549881138789,0.8007877367405231,-6.740705290343018,0.4252359995081537,0.9993303802855232,Not significant
GENE2184,2,Microenvironment,21q,protein_coding,45,43,9.515844,9.598773488372093,0.08292948837209302,1.0591665667205619,0.7350338965217933,-6.791044907166804,0.4641143572891896,0.9993303802855232,Not significant
GENE3783,2,Microenvironment,4q,protein_coding,45,43,8.556867111111112,8.639751395348837,0.0828842842377231,1.0591333802491605,0.7778575344779916,-6.7587434998154485,0.4385697510256725,0.9993303802855232,Not significant
GENE1034,2,Microenvironment,3q,protein_coding,45,43,10.054014222222222,9.97128046511628,-0.08273375710594166,0.9442666632460021,-0.6789439370917472,-6.830616634025347,0.4988103079390295,0.9993303802855232,Not significant
GENE2359,2,Microenvironment,12p,protein_coding,45,43,9.12679288888889,9.044061162790697,-0.0827317260981939,0.9442679925735485,-0.6910021521723554,-6.8223717151844925,0.4912351209239073,0.9993303802855232,Not significant
MEOTH186,2,Microenvironment,20q,protein_coding,45,43,10.034503555555556,10.117230465116279,0.08272690956072637,1.0590178522421092,0.6221138991281224,-6.867538191227747,0.5353447682064604,0.9993303802855232,Not significant
MEOTH004,2,Microenvironment,18q,protein_coding,45,43,11.067295111111111,10.984660930232558,-0.08263418087855356,0.9443318397069208,-0.62734656514427245,-6.864272281327949,0.531924431095873,0.9993303802855232,Not significant
GENE3804,2,Microenvironment,21q,protein_coding,45,43,8.9523,9.034757441860465,0.08245744186046622,1.0588200665370007,0.6953177982770765,-6.819385933431559,0.4885392816849905,0.9993303802855232,Not significant
GENE1405,2,Microenvironment,2p,protein_coding,45,43,9.189655555555555,9.271962325581395,0.0823067700258413,1.0587094915180078,0.7176360144530431,-6.803651504157068,0.47472798122337645,0.9993303802855232,Not significant
GENE3763,2,Microenvironment,12p,protein_coding,45,43,8.082456666666667,8.164724186046511,0.08226751937984567,1.0586806881569313,0.6506577933068495,-6.84939328757577,0.5168248569150857,0.9993303802855232,Not significant
GENE3151,2,Microenvironment,12p,protein_coding,45,43,9.737806666666668,9.655562093023256,-0.08224457364341298,0.944586895827801,-0.8414461645350066,-6.707450585855411,0.4021934695730205,0.9993303802855232,Not significant
GENE1186,2,Microenvironment,19q,protein_coding,45,43,8.999838666666667,9.082069302325582,0.08223063565891664,1.058653622434236,0.7272712612018741,-6.796706649888262,0.4688333181910659,0.9993303802855232,Not significant
MEOTH219,2,Microenvironment,15q,protein_coding,45,43,8.602977777777777,8.520751860465117,-0.08222591731266249,0.944599110910681,-0.5953660906337285,-6.883808568528781,0.5530025773417844,0.9993303802855232,Not significant
GENE2542,2,Microenvironment,19q,protein_coding,45,43,8.273699777777777,8.191632093023255,-0.08206768475452364,0.9447027187601685,-0.7567676361701531,-6.7748771760775535,0.451046155196715,0.9993303802855232,Not significant
MEOTH045,2,Microenvironment,3q,protein_coding,45,43,9.394998444444445,9.31299488372093,-0.08200356072351589,0.944744709264748,-0.6001884539979274,-6.880927604337638,0.5497977289682734,0.9993303802855232,Not significant
GENE3127,2,Microenvironment,12p,protein_coding,45,43,10.855334222222222,10.773477674418604,-0.08185654780361418,0.9448409851589002,-0.7403861465372661,-6.7871065843861045,0.4608763912139926,0.9993303802855232,Not significant
GENE1187,2,Microenvironment,20q,protein_coding,45,43,11.050005111111112,10.968336976744187,-0.08166813436692699,0.9449643877888356,-0.7294192750597552,-6.795145926351712,0.4675248331635997,0.9993303802855232,Not significant
GENE3721,2,Microenvironment,2p,protein_coding,45,43,7.504008888888889,7.422417441860465,-0.08159144702842447,0.9450146192846598,-0.7661566303614373,-6.7677487294024825,0.44546676003858343,0.9993303802855232,Not significant
GENE1637,2,Microenvironment,9p,protein_coding,45,43,7.115123777777778,7.196383255813953,0.08125947803617617,1.0579412240813035,0.7125426084996592,-6.807285689281902,0.47786065641228626,0.9993303802855232,Not significant
MEOTH199,2,Microenvironment,21q,protein_coding,45,43,8.391057555555555,8.47222976744186,0.08117221188630808,1.0578772329656216,0.376314004540456,-6.990290748016277,0.7075155651667893,0.9993303802855232,Not significant
GENE3141,2,Microenvironment,18q,protein_coding,45,43,9.998430666666668,10.079601860465116,0.08117119379844873,1.0578764864380763,0.725883445626674,-6.797712601047599,0.4696798138384306,0.9993303802855232,Not significant
GENE3210,2,Microenvironment,10q,protein_coding,45,43,7.109097111111111,7.028173255813954,-0.08092385529715607,0.9454520159054294,-0.8319283799688955,-6.715380733241884,0.407518241094848,0.9993303802855232,Not significant
GENE1594,2,Microenvironment,19q,protein_coding,45,43,9.533452222222222,9.452664418604652,-0.08078780361756976,0.9455411798634691,-0.7232428287093193,-6.799621391196243,0.4712928204707093,0.9993303802855232,Not significant
GENE1020,2,Microenvironment,21q,protein_coding,45,43,8.736041555555556,8.816751395348838,0.08070983979328439,1.0575382461920422,0.7180176866843124,-6.803378146687998,0.47449369769123206,0.9993303802855232,Not significant
MEOTH100,2,Microenvironment,18q,protein_coding,45,43,9.496253333333334,9.576913255813954,0.08065992248061704,1.0575016559546404,0.592159798280317,-6.885711295674143,0.5551385537779945,0.9993303802855232,Not significant
MEOTH085,2,Microenvironment,10q,protein_coding,45,43,11.407778888888888,11.487920697674419,0.08014180878552501,1.0571219445795492,0.5240534536375666,-6.923716817015251,0.6014516779785876,0.9993303802855232,Not significant
GENE3674,2,Microenvironment,3q,protein_coding,45,43,8.778594666666667,8.6985576744186055,-0.08003699224806127,0.946033389103935,-0.7759992569989582,-6.760182666852564,0.4396609168118616,0.9993303802855232,Not significant
GENE1688,2,Microenvironment,15q,protein_coding,45,43,8.60010511111111,8.520132790697675,-0.07997232041343949,0.9460757979876371,-0.7774995104061102,-6.759021040522295,0.438779856883464,0.9993303802855232,Not significant
GENE3137,2,Microenvironment,9p,protein_coding,45,43,10.410932888888889,10.490779302325581,0.07984641343669097,1.0569055184257194,0.7932202473408538,-6.746715485201939,0.42960964157615933,0.9993303802855232,Not significant
GENE2306,2,Microenvironment,3q,protein_coding,45,43,8.553751555555555,8.47396511627907,-0.0797864392764911,0.9461977010714375,-0.7361408185164406,-6.790232722594654,0.4634436462554834,0.9993303802855232,Not significant
GENE3389,2,Microenvironment,9p,protein_coding,45,43,10.605473111111111,10.525778604651164,-0.07969450645994591,0.946257997522721,-0.7850888995687125,-6.753110732119393,0.4343386257205788,0.9993303802855232,Not significant
GENE1931,2,Microenvironment,20q,protein_coding,45,43,7.774906666666666,7.69527023255814,-0.07963643410853027,0.9462960877159986,-0.6644160222816385,-6.840359291672339,0.5080201235963469,0.9993303802855232,Not significant
GENE1088,2,Microenvironment,15q,protein_coding,45,43,9.485636444444445,9.406098837209303,-0.07953760723514236,0.9463609127026981,-0.7474703587645402,-6.781850407215092,0.4566104259127981,0.9993303802855232,Not significant
GENE2612,2,Microenvironment,15q,protein_coding,45,43,6.236007111111111,6.315263720930233,0.07925660981912319,1.0564735218669985,0.6697063543560403,-6.836835674900505,0.5046559161136186,0.9993303802855232,Not significant
GENE1975,2,Microenvironment,12p,protein_coding,45,43,9.952055555555555,9.87295023255814,-0.07910532299741924,0.9466445195568755,-0.7800831940314941,-6.757015336043968,0.4372649443286043,0.9993303802855232,Not significant
GENE1099,2,Microenvironment,12p,protein_coding,45,43,9.160028888888888,9.080960697674419,-0.07906819121447661,0.9466688844088926,-0.6938189260611152,-6.820425014670407,0.48947465771351906,0.9993303802855232,Not significant
GENE2088,2,Microenvironment,21q,protein_coding,45,43,7.623465777777778,7.544471860465117,-0.07899391731266103,0.9467176227768488,-0.727006368693226,-6.79689880262801,0.46899482266567005,0.9993303802855232,Not significant
GENE3324,2,Microenvironment,21q,protein_coding,45,43,7.914603555555556,7.835739534883721,-0.07886402067183429,0.9468028666931934,-0.817129727641875,-6.727534244741941,0.4158817098952535,0.9993303802855232,Not significant
MEOTH141,2,Microenvironment,3q,protein_coding,45,43,10.881632222222223,10.960448372093023,0.07881614987080532,1.0561510259598421,0.3000521216531301,-7.016131073118171,0.7647874814551961,0.9993303802855232,Not significant
GENE3038,2,Microenvironment,3q,protein_coding,45,43,7.663133333333334,7.584566744186047,-0.07856658914728598,0.9469980833140981,-0.7918130213179169,-6.747826912082482,0.4304258675252659,0.9993303802855232,Not significant
GENE3864,2,Microenvironment,21q,protein_coding,45,43,7.984375333333333,7.9058488372093025,-0.07852649612403084,0.9470244011031513,-0.7773345344173661,-6.75914888765384,0.43887669254873163,0.9993303802855232,Not significant
GENE2318,2,Microenvironment,3q,protein_coding,45,43,8.753996888888889,8.675541395348837,-0.07845549354005499,0.947071010284117,-0.7498090154642562,-6.780104364645139,0.45520709997444286,0.9993303802855232,Not significant
GENE2627,2,Microenvironment,20q,protein_coding,45,43,10.808177555555556,10.730122790697674,-0.07805476485788354,0.947334109012732,-0.6643497179481533,-6.840403277892283,0.5080623633000247,0.9993303802855232,Not significant
GENE2559,2,Microenvironment,4q,protein_coding,45,43,8.872036444444445,8.79407,-0.07796644444444745,0.9473921056779434,-0.6976880288601709,-6.817738259759078,0.48706213135569765,0.9993303802855232,Not significant
GENE3693,2,Microenvironment,18q,protein_coding,45,43,9.045894666666667,9.123847441860466,0.07795277519380228,1.0555191659811842,0.7126210448850318,-6.807229918456697,0.4778123275927153,0.9993303802855232,Not significant
GENE1136,2,Microenvironment,15q,protein_coding,45,43,9.203393777777778,9.280894418604651,0.07750064082687658,1.0551884226832218,0.6836680873718449,-6.827403574967508,0.4958350188303837,0.9993303802855232,Not significant
GENE2147,2,Microenvironment,20q,protein_coding,45,43,11.002191333333334,11.079491860465117,0.07730052713178814,1.0550420695009366,0.7150348569256336,-6.805510650077772,0.4763263780246796,0.9993303802855232,Not significant
GENE3181,2,Microenvironment,2p,protein_coding,45,43,9.324717555555555,9.401938139534884,0.07722058397932585,1.0549836087383808,0.6866409787635246,-6.825370298282147,0.4939676230595781,0.9993303802855232,Not significant
GENE3584,2,Microenvironment,15q,protein_coding,45,43,7.043792,6.966636279069768,-0.07715572093023582,0.9479246429678836,-0.6948300599518547,-6.819724297773612,0.4888435488932482,0.9993303802855232,Not significant
GENE2856,2,Microenvironment,21q,protein_coding,45,43,9.094585333333333,9.017609534883722,-0.07697579844960956,0.9480428686385085,-0.6587975120835532,-6.844071173221263,0.5116060700319175,0.9993303802855232,Not significant
GENE2096,2,Microenvironment,15q,protein_coding,45,43,9.898033555555555,9.975001162790697,0.07696760723514373,1.0547986334573722,0.6948760957189092,-6.819692370894228,0.4888148258357209,0.9993303802855232,Not significant
MEOTH179,2,Microenvironment,7q,protein_coding,45,43,9.850059777777778,9.926973488372093,0.07691371059431695,1.0547592287047514,0.2465928361278937,-7.030777152289697,0.8057509559878526,0.9993303802855232,Not significant
GENE1145,2,Microenvironment,9p,protein_coding,45,43,11.101733777777778,11.178616511627906,0.07688273385013389,1.0547365817453382,0.6249258071639707,-6.865786542766675,0.5335053631255195,0.9993303802855232,Not significant
GENE3117,2,Microenvironment,18q,protein_coding,45,43,9.465247333333334,9.542041627906977,0.07679429457363973,1.0546719268609082,0.7016738163028319,-6.814955013296897,0.48458368507809224,0.9993303802855232,Not significant
GENE3826,2,Microenvironment,19q,protein_coding,45,43,8.777994222222222,8.701226744186046,-0.07676747803617623,0.948179772791064,-0.7101535454377486,-6.808981480980351,0.47933398498492596,0.9993303802855232,Not significant
MEOTH136,2,Microenvironment,18q,protein_coding,45,43,9.648223333333334,9.571659069767442,-0.07656426356589385,0.9483133404653973,-0.4328092607031569,-6.9674024510470245,0.6661261312260678,0.9993303802855232,Not significant
GENE3094,2,Microenvironment,19q,protein_coding,45,43,6.266030888888889,6.342434418604651,0.07640352971576458,1.0543862996806141,0.6364452014286028,-6.858528875794405,0.5260039909183698,0.9993303802855232,Not significant
MEOTH042,2,Microenvironment,20q,protein_coding,45,43,11.798546444444444,11.874857441860465,0.07631099741602831,1.054318675090807,0.3013446931325329,-7.015741543809964,0.7638047578402842,0.9993303802855232,Not significant
MEOTH238,2,Microenvironment,4q,protein_coding,45,43,12.663796222222222,12.739432325581395,0.07563610335916948,1.0538255791966822,0.3977458757067726,-6.981982913730537,0.6917023936596329,0.9993303802855232,Not significant
GENE1777,2,Microenvironment,2p,protein_coding,45,43,8.839653333333333,8.764151395348836,-0.07550193798449989,0.9490118862343747,-0.706498240749021,-6.811565162092747,0.48159306693932813,0.9993303802855232,Not significant
GENE3101,2,Microenvironment,9p,protein_coding,45,43,8.139979333333333,8.215388604651162,0.0754092713178327,1.053659901344085,0.6170288218921672,-6.870685988408153,0.5386793874757874,0.9993303802855232,Not significant
GENE1606,2,Microenvironment,19q,protein_coding,45,43,10.946006888888888,10.870706511627906,-0.07530037726098193,0.9491444831310486,-0.7007240744833625,-6.8156196352320855,0.4851736237297237,0.9993303802855232,Not significant
GENE2864,2,Microenvironment,15q,protein_coding,45,43,9.28453,9.209524186046512,-0.0750058139534886,0.9493382951802364,-0.7355745669072365,-6.790648350731779,0.46378668336289586,0.9993303802855232,Not significant
GENE3289,2,Microenvironment,2p,protein_coding,45,43,7.587468,7.662460930232558,0.07499293023255937,1.0533558740882614,0.6785957490073227,-6.8308525758453875,0.4990299789711683,0.9993303802855232,Not significant
GENE1643,2,Microenvironment,20q,protein_coding,45,43,9.450473777777777,9.37567511627907,-0.0747986614987095,0.9494746177377601,-0.6796387322677432,-6.830145463481389,0.49837211938572434,0.9993303802855232,Not significant
GENE2607,2,Microenvironment,4q,protein_coding,45,43,9.416038,9.49074465116279,0.07470665116279207,1.053146873700782,0.6869125763437247,-6.825184106590705,0.4937972121619977,0.9993303802855232,Not significant
GENE2730,2,Microenvironment,10q,protein_coding,45,43,7.485890444444444,7.560539069767442,0.07464862532299588,1.0531045165143156,0.7626055628211489,-6.770455031446888,0.4475722646634692,0.9993303802855232,Not significant
GENE1683,2,Microenvironment,4q,protein_coding,45,43,10.343874,10.269272325581396,-0.07460167441860577,0.9496042688398884,-0.6148081020349089,-6.872052632413526,0.5401389712274288,0.9993303802855232,Not significant
GENE2675,2,Microenvironment,20q,protein_coding,45,43,5.762929333333333,5.6886600000000005,-0.07426933333333352,0.9498230460986158,-0.6520084125854527,-6.84851472957243,0.5159569718390813,0.9993303802855232,Not significant
GENE3363,2,Microenvironment,4q,protein_coding,45,43,6.321210444444445,6.2469625581395345,-0.0742478863049092,0.9498371662229023,-0.7780525227902249,-6.758592291568492,0.43845534715270296,0.9993303802855232,Not significant
GENE3275,2,Microenvironment,20q,protein_coding,45,43,10.192539555555555,10.266763255813954,0.07422370025840053,1.052794385407221,0.6503989489827123,-6.849561455822589,0.5169912735733339,0.9993303802855232,Not significant
MEOTH032,2,Microenvironment,2p,protein_coding,45,43,10.335357555555555,10.409466744186046,0.07410918863049787,1.052710824840981,0.4950466390335918,-6.938503444512656,0.6217006864296888,0.9993303802855232,Not significant
GENE3600,2,Microenvironment,21q,protein_coding,45,43,6.673636,6.747680697674419,0.07404469767441935,1.052663767903611,0.674744724057725,-6.833454141580949,0.5014630597322347,0.9993303802855232,Not significant
GENE2161,2,Microenvironment,2p,protein_coding,45,43,7.957936,7.883929302325582,-0.07400669767441848,0.9499959725329135,-0.7401379086507704,-6.787289868860034,0.4610262841974425,0.9993303802855232,Not significant
GENE3979,2,Microenvironment,12p,protein_coding,45,43,7.709011111111111,7.635139302325581,-0.07387180878552879,0.9500847992692154,-0.7258022489840271,-6.7977713971857074,0.46972936614239635,0.9993303802855232,Not significant
MEOTH103,2,Microenvironment,21q,protein_coding,45,43,8.161808888888888,8.087963953488371,-0.07384493540051729,0.9501024968641174,-0.46033716842092015,-6.955096292966598,0.6463173705730993,0.9993303802855232,Not significant
GENE3303,2,Microenvironment,4q,protein_coding,45,43,8.265957333333333,8.339728837209302,0.07377150387597098,1.0524644506687713,0.6124338911696936,-6.873508328616034,0.5417016578490333,0.9993303802855232,Not significant
GENE1958,2,Microenvironment,3q,protein_coding,45,43,7.223457555555556,7.29708,0.07362244444444421,1.052355715527848,0.6647681804591972,-6.840125597441914,0.5077958097952959,0.9993303802855232,Not significant
GENE3111,2,Microenvironment,4q,protein_coding,45,43,9.321845111111111,9.395343953488371,0.07349884237726023,1.0522655594197687,0.6474072828180797,-6.8515002945596555,0.5189167248678341,0.9993303802855232,Not significant
GENE3837,2,Microenvironment,18q,protein_coding,45,43,8.22347888888889,8.150033720930232,-0.07344516795865808,0.9503658045364914,-0.6308245504168047,-6.862086527240575,0.5296572796679488,0.9993303802855232,Not significant
GENE1866,2,Microenvironment,10q,protein_coding,45,43,7.72175,7.648565813953488,-0.07318418604651278,0.9505377401938875,-0.668466894249714,-6.837663698459193,0.5054430373165775,0.9993303802855232,Not significant
MEOTH107,2,Microenvironment,7q,protein_coding,45,43,11.367538444444444,11.440506046511628,0.07296760206718389,1.0518781573991558,0.4764351393987825,-6.947549864797866,0.6348492283722262,0.9993303802855232,Not significant
GENE1611,2,Microenvironment,4q,protein_coding,45,43,9.148474888888888,9.075562093023256,-0.07291279586563171,0.9507165658409821,-0.6007129222544954,-6.880612887094224,0.5494497389473192,0.9993303802855232,Not significant
GENE3891,2,Microenvironment,4q,protein_coding,45,43,8.296382444444445,8.223782093023257,-0.07260035142118859,0.9509224848112254,-0.6909171066455001,-6.822430369067062,0.49128832742788453,0.9993303802855232,Not significant
GENE2586,2,Microenvironment,10q,protein_coding,45,43,9.323057777777777,9.250476511627907,-0.07258126614987326,0.9509350645547968,-0.7376078198698096,-6.78915447426804,0.4625556001979464,0.9993303802855232,Not significant
GENE1314,2,Microenvironment,10q,protein_coding,45,43,8.638809333333333,8.566396744186047,-0.07241258914728554,0.9510462524698016,-0.605764639559506,-6.877567538708182,0.5461035323185459,0.9993303802855232,Not significant
GENE1692,2,Microenvironment,21q,protein_coding,45,43,10.073494,10.001149534883721,-0.07234446511627901,0.951091161915145,-0.614698418587631,-6.872120005564944,0.5402111134946742,0.9993303802855232,Not significant
GENE2383,2,Microenvironment,12p,protein_coding,45,43,9.366088,9.293761395348838,-0.07232660465116325,0.9511029364310245,-0.6454792530414943,-6.852745116815177,0.5201596051008265,0.9993303802855232,Not significant
GENE1847,2,Microenvironment,20q,protein_coding,45,43,9.69261888888889,9.620340930232558,-0.07227795865633269,0.9511350070538983,-0.6337332844323369,-6.860249319592418,0.5277650375844319,0.9993303802855232,Not significant
GENE2659,2,Microenvironment,12p,protein_coding,45,43,10.584857555555555,10.512627441860465,-0.07223011369509358,0.9511665506378523,-0.6523223277802481,-6.848310273748388,0.5157553652838243,0.9993303802855232,Not significant
GENE3310,2,Microenvironment,19q,protein_coding,45,43,7.170277111111111,7.242485581395349,0.07220847028423893,1.0513248151679944,0.6177157814814709,-6.870262239507535,0.5382282856044669,0.9993303802855232,Not significant
MEOTH150,2,Microenvironment,20q,protein_coding,45,43,9.01213688888889,9.084223488372093,0.07208659948320495,1.0512360088837711,0.502745355989136,-6.934660532558396,0.6162970805423871,0.9993303802855232,Not significant
GENE2781,2,Microenvironment,18q,protein_coding,45,43,8.520288222222222,8.591906279069768,0.07161805684754619,1.05089465544268,0.6690091355275336,-6.837301640165786,0.5050986053117189,0.9993303802855232,Not significant
GENE1188,2,Microenvironment,21q,protein_coding,45,43,7.080639111111111,7.152126976744186,0.07148786563307752,1.050799825229454,0.6507276308562634,-6.849347903544436,0.5167799616615066,0.9993303802855232,Not significant
MEOTH157,2,Microenvironment,10q,protein_coding,45,43,10.10380288888889,10.175223488372094,0.07142059948320423,1.0507508324702515,0.35461437604281126,-6.998235023096039,0.7236578972951814,0.9993303802855232,Not significant
GENE3895,2,Microenvironment,12p,protein_coding,45,43,9.247857333333334,9.176621627906977,-0.07123570542635527,0.9518223884302385,-0.6857112899930035,-6.826007087556211,0.4945511878765718,0.9993303802855232,Not significant
GENE1747,2,Microenvironment,12p,protein_coding,45,43,10.386026444444445,10.456979534883722,0.07095309043927855,1.0504103891203396,0.6289799797620579,-6.863247247714645,0.5308590555988125,0.9993303802855232,Not significant
GENE1575,2,Microenvironment,4q,protein_coding,45,43,8.298466666666666,8.369372093023255,0.07090542635659425,1.0503756859993265,0.6243945822921896,-6.866118063978615,0.5338526142927282,0.9993303802855232,Not significant
GENE1243,2,Microenvironment,12p,protein_coding,45,43,8.871957111111112,8.942782790697674,0.07082567958656405,1.050317626776231,0.6305533053033398,-6.862257423203772,0.5298339133328713,0.9993303802855232,Not significant
GENE1141,2,Microenvironment,2p,protein_coding,45,43,8.039879555555556,8.110171395348837,0.07029183979327946,1.0499290501168301,0.7195771427082888,-6.802259754858956,0.47353712051548125,0.9993303802855232,Not significant
GENE2388,2,Microenvironment,21q,protein_coding,45,43,10.091433111111112,10.021313023255814,-0.07012008785529567,0.9525587051305413,-0.6590177709205571,-6.8439262469499305,0.5114652401607206,0.9993303802855232,Not significant
GENE3983,2,Microenvironment,20q,protein_coding,45,43,8.850575333333333,8.920534883720931,0.06995955038759938,1.0496872525676193,0.7063492304452658,-6.811670207248831,0.4816852841989099,0.9993303802855232,Not significant
MEOTH162,2,Microenvironment,20q,protein_coding,45,43,11.733317333333334,11.663413720930233,-0.06990361240310072,0.9527016466683373,-0.2956283075067618,-7.01745158537057,0.7681537472827401,0.9993303802855232,Not significant
GENE2739,2,Microenvironment,4q,protein_coding,45,43,8.255656888888888,8.185813720930232,-0.0698431679586573,0.9527415627465557,-0.6355684792447216,-6.859085866344339,0.5265729770717638,0.9993303802855232,Not significant
GENE3880,2,Microenvironment,7q,protein_coding,45,43,7.800360444444444,7.869768837209302,0.06940839276485988,1.0492863136186128,0.5696530988044557,-6.898780419122414,0.5702463447474044,0.9993303802855232,Not significant
GENE3913,2,Microenvironment,2p,protein_coding,45,43,7.255958888888889,7.186579069767442,-0.06937981912144586,0.9530476028871429,-0.529866664295072,-6.92065277469867,0.5974302324038712,0.9993303802855232,Not significant
GENE1474,2,Microenvironment,19q,protein_coding,45,43,9.042458222222223,8.973269534883721,-0.06918868733850303,0.9531738733388239,-0.6935739459360225,-6.820594634145199,0.48962763141035803,0.9993303802855232,Not significant
GENE2126,2,Microenvironment,3q,protein_coding,45,43,8.681174888888888,8.612118837209302,-0.06905605167958484,0.9532615083918656,-0.5887345698549421,-6.887732679381503,0.5574248961201904,0.9993303802855232,Not significant
GENE2623,2,Microenvironment,12p,protein_coding,45,43,10.281257777777778,10.21241953488372,-0.06883824289405638,0.9534054365260592,-0.6079768266360596,-6.876225989008194,0.5446414388519847,0.9993303802855232,Not significant
GENE1387,2,Microenvironment,12p,protein_coding,45,43,9.101226666666667,9.170063023255814,0.06883635658914322,1.0488703485451436,0.5566786687714391,-6.906085849682801,0.5790450662694808,0.9993303802855232,Not significant
MEOTH140,2,Microenvironment,2p,protein_coding,45,43,8.7664928888888891,8.83530534883721,0.06881245994832064,1.0488529753167781,0.4144562528018882,-6.9751872042329435,0.6794665304563029,0.9993303802855232,Not significant
GENE3434,2,Microenvironment,3q,protein_coding,45,43,8.224045555555556,8.155235581395349,-0.06880997416020307,0.953424118110058,-0.616018429585749,-6.871308395839714,0.5393432257967654,0.9993303802855232,Not significant
GENE3312,2,Microenvironment,21q,protein_coding,45,43,8.996347333333333,8.927936976744187,-0.06841035658914763,0.9536882472519428,-0.5759999004287292,-6.895145879392466,0.5659659094204983,0.9993303802855232,Not significant
GENE1926,2,Microenvironment,10q,protein_coding,45,43,8.707441555555556,8.63919976744186,-0.06824178811369208,0.9537996853325027,-0.6200066879918884,-6.868845720121101,0.5367253219160723,0.9993303802855232,Not significant
GENE1535,2,Microenvironment,20q,protein_coding,45,43,9.45594,9.388313023255813,-0.0676269767441866,0.9542062382365794,-0.5996822844011611,-6.881231082412276,0.5501336822248182,0.9993303802855232,Not significant
GENE1945,2,Microenvironment,2p,protein_coding,45,43,9.445505555555556,9.37832976744186,-0.06717578811369407,0.9545047034854277,-0.5716943672043181,-6.897615835618696,0.568867955566079,0.9993303802855232,Not significant
GENE3103,2,Microenvironment,12p,protein_coding,45,43,8.057764444444445,7.990591162790698,-0.06717328165374425,0.9545063617914603,-0.6430686052429689,-6.854296361257929,0.5217157892436863,0.9993303802855232,Not significant
GENE2237,2,Microenvironment,9p,protein_coding,45,43,9.084432222222222,9.017295813953488,-0.06713640826873579,0.9545307580286122,-0.5711432010144024,-6.89793069443051,0.5692399772800817,0.9993303802855232,Not significant
MEOTH235,2,Microenvironment,21q,protein_coding,45,43,10.830202222222223,10.763633720930233,-0.06656850129199299,0.9549065764584161,-0.3139249059149587,-7.011863091420873,0.7542606074210048,0.9993303802855232,Not significant
GENE3266,2,Microenvironment,3q,protein_coding,45,43,9.342248444444444,9.408771627906976,0.06652318346253239,1.0471899693856344,0.6090770857231933,-6.8755569455087056,0.5439149845264066,0.9993303802855232,Not significant
GENE1687,2,Microenvironment,12p,protein_coding,45,43,8.209399777777778,8.143062093023255,-0.06633768475452051,0.9550593640232297,-0.6188598218778054,-6.869555503619128,0.5374774626132949,0.9993303802855232,Not significant
GENE1956,2,Microenvironment,21q,protein_coding,45,43,9.986721555555556,10.05265558139535,0.06593402583979291,1.046762412640995,0.6335130957358542,-6.860388687856262,0.5279081561492511,0.9993303802855232,Not significant
GENE2023,2,Microenvironment,12p,protein_coding,45,43,11.341952888888889,11.407875581395349,0.06592269250646332,1.046754189655259,0.6020793958912051,-6.879791626999593,0.5485435882365576,0.9993303802855232,Not significant
GENE2138,2,Microenvironment,3q,protein_coding,45,43,7.730894666666667,7.796773488372093,0.0658788217054278,1.0467223594726671,0.6162537982089442,-6.871163497829875,0.5391885489679593,0.9993303802855232,Not significant
GENE2798,2,Microenvironment,3q,protein_coding,45,43,10.170422,10.10477023255814,-0.06565176744186019,0.9555135469846082,-0.6158224621028581,-6.871428995763236,0.5394720266614959,0.9993303802855232,Not significant
GENE1648,2,Microenvironment,7q,protein_coding,45,43,6.608204,6.5427372093023255,-0.06546679069767514,0.95563606706777,-0.6110396213707608,-6.874360590666715,0.5426204220987184,0.9993303802855232,Not significant
GENE3003,2,Microenvironment,4q,protein_coding,45,43,8.913484222222221,8.978713953488372,0.06522973126615028,1.0462515290894943,0.6416356638374948,-6.855215727952397,0.5226419702898992,0.9993303802855232,Not significant
GENE2985,2,Microenvironment,18q,protein_coding,45,43,8.51091,8.57568534883721,0.0647753488372107,1.0459220599770478,0.5505622995395435,-6.909471761951288,0.5832152768000465,0.9993303802855232,Not significant
GENE3777,2,Microenvironment,18q,protein_coding,45,43,8.586256222222222,8.650942093023255,0.06468587080103205,1.0458571923874824,0.5889870208889916,-6.887584093862578,0.5572562260544427,0.9993303802855232,Not significant
GENE3100,2,Microenvironment,7q,protein_coding,45,43,8.070213333333333,8.134887209302326,0.06467387596899421,1.0458484969744861,0.5615868959181486,-6.903341865757205,0.5757089007000677,0.9993303802855232,Not significant
GENE2649,2,Microenvironment,18q,protein_coding,45,43,7.786922666666666,7.851426744186046,0.06450407751937792,1.0457254127478641,0.63106067527392,-6.861937699192068,0.5295035409231555,0.9993303802855232,Not significant
GENE1714,2,Microenvironment,19q,protein_coding,45,43,7.536801333333333,7.4725172093023255,-0.0642841240310057,0.9564197824501997,-0.5390393011321505,-6.915749700796696,0.5911101929630074,0.9993303802855232,Not significant
GENE3996,2,Microenvironment,21q,protein_coding,45,43,8.357365777777778,8.421498837209302,0.06413305943152281,1.0454565179727981,0.5956848005328566,-6.883618877559522,0.5527904821699713,0.9993303802855232,Not significant
GENE2981,2,Microenvironment,9p,protein_coding,45,43,9.018335333333333,8.954438837209302,-0.06389649612403048,0.956676790894496,-0.6004445837388925,-6.880773942854228,0.5496277704987518,0.9993303802855232,Not significant
GENE1984,2,Microenvironment,7q,protein_coding,45,43,9.360063555555556,9.423915581395349,0.06385202583979321,1.045252885342767,0.5728049209946565,-6.896980505307779,0.5681187214856673,0.9993303802855232,Not significant
GENE2153,2,Microenvironment,9p,protein_coding,45,43,10.394611555555556,10.458448837209302,0.06383728165374691,1.0452422030268103,0.6447940169897776,-6.853186649415387,0.5206017091212105,0.9993303802855232,Not significant
GENE2234,2,Microenvironment,3q,protein_coding,45,43,8.388351111111112,8.452098837209302,0.06374772609819246,1.0451773214418287,0.5809974836924112,-6.892255837637114,0.5626064817810302,0.9993303802855232,Not significant
GENE2652,2,Microenvironment,21q,protein_coding,45,43,8.925912666666667,8.98965976744186,0.06374710077519197,1.0451768684193545,0.6159209042776115,-6.871368418436228,0.5394073229651599,0.9993303802855232,Not significant
MEOTH130,2,Microenvironment,4q,protein_coding,45,43,7.438284444444444,7.3745832558139535,-0.06370118863049168,0.9568063115407528,-0.4631211681701592,-6.953809670147989,0.6443278420513743,0.9993303802855232,Not significant
GENE1881,2,Microenvironment,18q,protein_coding,45,43,10.898734444444445,10.835038372093024,-0.06369607235141395,0.9568097047019231,-0.6301312570651237,-6.862523186616961,0.5301088098035834,0.9993303802855232,Not significant
MEOTH026,2,Microenvironment,12p,protein_coding,45,43,10.67610288888889,10.73977,0.06366711111111023,1.0451189206018277,0.36302705689772746,-6.995210955715745,0.7173844101453255,0.9993303802855232,Not significant
GENE2717,2,Microenvironment,9p,protein_coding,45,43,9.058042666666667,8.994475813953489,-0.06356685271317453,0.9568954082897305,-0.6170148023753154,-6.870694631433475,0.5386885955973149,0.9993303802855232,Not significant
GENE1862,2,Microenvironment,3q,protein_coding,45,43,7.82716,7.89072023255814,0.0635602325581397,1.04504149837654,0.5722491461512857,-6.897298608395465,0.568493614531241,0.9993303802855232,Not significant
GENE1267,2,Microenvironment,12p,protein_coding,45,43,8.516434888888888,8.452876279069768,-0.06355860981912187,0.9569008755643655,-0.5613537693283214,-6.9034727383432735,0.5758671501398066,0.9993303802855232,Not significant
GENE2778,2,Microenvironment,10q,protein_coding,45,43,12.408672666666666,12.34514930232558,-0.06352336434108885,0.9569242532289519,-0.6370484283550203,-6.858145197471481,0.5256126865915987,0.9993303802855232,Not significant
GENE2699,2,Microenvironment,20q,protein_coding,45,43,10.187315555555555,10.123933488372092,-0.06338206718345774,0.9570179787181798,-0.5140102502084682,-6.928931224296921,0.6084284075263571,0.9993303802855232,Not significant
GENE2397,2,Microenvironment,18q,protein_coding,45,43,9.51841311111111,9.581642558139535,0.06322944702842648,1.0448019155339894,0.5766143302279373,-6.8947918987663694,0.5655523564033564,0.9993303802855232,Not significant
GENE2102,2,Microenvironment,3q,protein_coding,45,43,9.525582222222223,9.462566279069767,-0.06301594315245573,0.9572608794936053,-0.56843049408126,-6.899475957889295,0.5710726957599173,0.9993303802855232,Not significant
GENE2128,2,Microenvironment,7q,protein_coding,45,43,9.236362,9.173613953488372,-0.06274804651162391,0.9574386514954984,-0.5754248717471685,-6.895476821050944,0.5663530763384659,0.9993303802855232,Not significant
MEOTH019,2,Microenvironment,21q,protein_coding,45,43,11.688017333333333,11.625655813953488,-0.0623615193798468,0.9576952030085842,-0.4214439701663437,-6.972262850113977,0.6743749972698079,0.9993303802855232,Not significant
GENE1300,2,Microenvironment,7q,protein_coding,45,43,10.952672,11.014852093023256,0.06218009302326344,1.0440422480954437,0.5577082885881224,-6.905512215860321,0.5783444606948405,0.9993303802855232,Not significant
GENE2887,2,Microenvironment,12p,protein_coding,45,43,9.613464222222222,9.551328604651163,-0.06213561757105879,0.9578451737310042,-0.5473499103433304,-6.911235195381043,0.5854112023926403,0.9993303802855232,Not significant
MEOTH083,2,Microenvironment,7q,protein_coding,45,43,10.05100111111111,10.11306976744186,0.06206865633075154,1.0439616072680742,0.34880779050351013,-7.000281041331944,0.7279990288580865,0.9993303802855232,Not significant
GENE1618,2,Microenvironment,19q,protein_coding,45,43,9.929968666666667,9.992031627906977,0.06206296124031674,1.0439574862003085,0.5805549063742809,-6.892512775242549,0.5629035918828784,0.9993303802855232,Not significant
GENE2085,2,Microenvironment,18q,protein_coding,45,43,10.222573777777777,10.284437906976745,0.06186412919896611,1.0438136180306312,0.5095178863583345,-6.931231170070654,0.6115609345668921,0.9993303802855232,Not significant
GENE1326,2,Microenvironment,10q,protein_coding,45,43,9.354566888888888,9.29278488372093,-0.06178200516795762,0.9580799755684031,-0.5478191759062693,-6.910978232722995,0.5850901785893379,0.9993303802855232,Not significant
GENE3049,2,Microenvironment,2p,protein_coding,45,43,10.312360444444444,10.250584651162791,-0.0617757932816545,0.9580841008315542,-0.6500137058909281,-6.849811621119315,0.5172390069466313,0.9993303802855232,Not significant
GENE1930,2,Microenvironment,19q,protein_coding,45,43,8.941323555555556,8.879594186046512,-0.06172936950904351,0.958114931043624,-0.5775409832443589,-6.89425733366832,0.5649289349603243,0.9993303802855232,Not significant
GENE3874,2,Microenvironment,19q,protein_coding,45,43,8.64487511111111,8.706581860465116,0.061706749354002,1.0436997573318219,0.5399107361574335,-6.915279539768184,0.5905113928695243,0.9993303802855232,Not significant
GENE1396,2,Microenvironment,7q,protein_coding,45,43,8.593303777777777,8.654825348837209,0.06152157105943168,1.0435658009983897,0.5511508616196202,-6.909147560756366,0.5828133706069257,0.9993303802855232,Not significant
MEOTH095,2,Microenvironment,7q,protein_coding,45,43,11.816202666666667,11.754916279069768,-0.06128638759689409,0.9584091669974807,-0.29440112969216153,-7.017814430307326,0.769088348916263,0.9993303802855232,Not significant
GENE1546,2,Microenvironment,19q,protein_coding,45,43,7.650902444444444,7.590783953488372,-0.060118490956073245,0.9591853365944586,-0.5171909016104731,-6.927290693400562,0.6062149373726189,0.9993303802855232,Not significant
GENE2191,2,Microenvironment,12p,protein_coding,45,43,7.956586,8.016660697674418,0.06007469767442242,1.0425197374486086,0.5407983903598751,-6.914799852058703,0.5899017396055366,0.9993303802855232,Not significant
GENE1353,2,Microenvironment,18q,protein_coding,45,43,9.045860222222222,9.105844186046511,0.0599839638242905,1.0424541734503499,0.5610039096595485,-6.903669041243565,0.5761046786892962,0.9993303802855232,Not significant
GENE1771,2,Microenvironment,12p,protein_coding,45,43,9.19844288888889,9.258283023255814,0.05984013436692237,1.0423502511797498,0.5604965328650164,-6.903953509487138,0.5764492330104143,0.9993303802855232,Not significant
GENE2248,2,Microenvironment,7q,protein_coding,45,43,8.335529555555556,8.394999069767442,0.05946951421188729,1.042082511717285,0.5333670332114411,-6.918791582874627,0.5950147617110554,0.9993303802855232,Not significant
GENE2529,2,Microenvironment,18q,protein_coding,45,43,8.22844,8.168977674418604,-0.059462325581396414,0.9596216917059927,-0.49657372688093293,-6.93774586962822,0.6206271869006919,0.9993303802855232,Not significant
MEOTH009,2,Microenvironment,3q,protein_coding,45,43,12.973600222222222,12.914270930232558,-0.05932929198966441,0.9597101842861191,-0.4821695594946219,-6.944799321728598,0.6307852622815735,0.9993303802855232,Not significant
GENE1246,2,Microenvironment,19q,protein_coding,45,43,8.433690444444444,8.374638837209302,-0.059051607235142356,0.9598949236303388,-0.564798483128215,-6.901533451338122,0.573530958539753,0.9993303802855232,Not significant
GENE3929,2,Microenvironment,9p,protein_coding,45,43,8.403946222222222,8.462835813953488,0.05888959173126729,1.0416637082881584,0.5393368098933183,-6.915589272227629,0.5909057301520422,0.9993303802855232,Not significant
GENE1111,2,Microenvironment,12p,protein_coding,45,43,9.72928,9.670405348837209,-0.058874651162783564,0.9600126683014942,-0.5230883350935812,-6.924222261430418,0.6021205240572227,0.9993303802855232,Not significant
GENE1413,2,Microenvironment,18q,protein_coding,45,43,8.516864666666667,8.458069534883721,-0.05879513178294893,0.9600655843466452,-0.5829881763565835,-6.891097740142837,0.561271045623243,0.9993303802855232,Not significant
GENE2719,2,Microenvironment,12p,protein_coding,45,43,8.244813333333333,8.186588837209301,-0.058224496124028136,0.9604453985155521,-0.5376809544337691,-6.916481057532551,0.5920441358771855,0.9993303802855232,Not significant
GENE1264,2,Microenvironment,7q,protein_coding,45,43,7.308910444444445,7.250787674418604,-0.05812277002583777,0.9605131230205799,-0.4388915756959739,-6.964748414345846,0.6617283325102601,0.9993303802855232,Not significant
GENE2581,2,Microenvironment,2p,protein_coding,45,43,9.364429777777778,9.422535813953488,0.05810603617571353,1.0410981142053686,0.47699971433969474,-6.947280517076441,0.6344486167405781,0.9993303802855232,Not significant
MEOTH181,2,Microenvironment,10q,protein_coding,45,43,6.918828,6.860861860465116,-0.05796613953488361,0.9606174096541704,-0.48830701515324226,-6.941819181288401,0.6264481998500493,0.9993303802855232,Not significant
MEOTH091,2,Microenvironment,21q,protein_coding,45,43,10.213698666666666,10.155842325581395,-0.05785634108526416,0.960690521651515,-0.3205468595863808,-7.009757974487117,0.7492519388057235,0.9993303802855232,Not significant
GENE2640,2,Microenvironment,21q,protein_coding,45,43,9.990224666666666,10.04804,0.05781533333333577,1.04088835421973,0.459288892726215,-6.955578751053256,0.6470671666666212,0.9993303802855232,Not significant
GENE3498,2,Microenvironment,10q,protein_coding,45,43,8.185833333333333,8.243517906976745,0.057684573643410175,1.0407940168395275,0.5110988452548262,-6.930424059668666,0.6104577040086497,0.9993303802855232,Not significant
GENE3221,2,Microenvironment,9p,protein_coding,45,43,9.065158444444444,9.122652558139535,0.057494113695089055,1.0406566236380517,0.5288507654331676,-6.921190660452178,0.5981321121498473,0.9993303802855232,Not significant
GENE1295,2,Microenvironment,20q,protein_coding,45,43,6.881042666666667,6.823735348837209,-0.057307317829458526,0.9610561857702324,-0.5391333379534269,-6.915699001908213,0.5910455626133266,0.9993303802855232,Not significant
GENE2192,2,Microenvironment,15q,protein_coding,45,43,8.375230222222223,8.432536976744187,0.057306754521963654,1.0405214849573348,0.4622339666366984,-6.954220527902463,0.6449615825002872,0.9993303802855232,Not significant
GENE1642,2,Microenvironment,19q,protein_coding,45,43,10.318481333333333,10.261213720930233,-0.05726761240310374,0.961082636038399,-0.5081437808542443,-6.931930657694386,0.6125205457356211,0.9993303802855232,Not significant
GENE0988,2,Microenvironment,7q,protein_coding,45,43,7.248998666666667,7.305818837209302,0.05682017054263522,1.0401706029630096,0.49861455310666447,-6.936729809718587,0.6191938245445375,0.9993303802855232,Not significant
GENE2310,2,Microenvironment,10q,protein_coding,45,43,9.835649111111112,9.778840930232558,-0.05680818087855144,0.9613887450652658,-0.4721361290462724,-6.949590426141419,0.6379032803506473,0.9993303802855232,Not significant
GENE2295,2,Microenvironment,4q,protein_coding,45,43,9.927725111111112,9.984516511627907,0.05679140051679532,1.0401498602309065,0.5055655232755589,-6.9332380484499785,0.6143229021408435,0.9993303802855232,Not significant
GENE3516,2,Microenvironment,21q,protein_coding,45,43,10.330205777777778,10.273442790697674,-0.0567629870801003,0.9614188619565638,-0.5130128580012345,-6.929443591044814,0.6091232623755863,0.9993303802855232,Not significant
GENE1892,2,Microenvironment,15q,protein_coding,45,43,8.164818444444444,8.221325813953488,0.056507369509045446,1.0399451005799472,0.47955246196629464,-6.9460586880391295,0.632638594434038,0.9993303802855232,Not significant
GENE2169,2,Microenvironment,18q,protein_coding,45,43,6.756333333333333,6.700133255813953,-0.05620007751938161,0.9617940607674981,-0.5442044578459467,-6.912951947695606,0.5875651433487531,0.9993303802855232,Not significant
GENE2097,2,Microenvironment,18q,protein_coding,45,43,7.8178133333333335,7.761664651162791,-0.05614868217053992,0.9618283248499049,-0.47834720535974296,-6.946636372263937,0.6334929024258951,0.9993303802855232,Not significant
GENE2980,2,Microenvironment,7q,protein_coding,45,43,8.506906222222222,8.56291465116279,0.056008428940565125,1.0395855089321164,0.509152916278612,-6.931417141112082,0.6118157466888545,0.9993303802855232,Not significant
GENE3828,2,Microenvironment,21q,protein_coding,45,43,10.404194,10.460071860465117,0.055877860465113116,1.0394914274048201,0.474174770108234,-6.948625063025206,0.6364542305978393,0.9993303802855232,Not significant
GENE3978,2,Microenvironment,10q,protein_coding,45,43,9.123012222222222,9.178772093023255,0.05575987080103317,1.039406416903218,0.4514243706302057,-6.95916338913292,0.6527039587939472,0.9993303802855232,Not significant
GENE2454,2,Microenvironment,10q,protein_coding,45,43,12.017415777777778,11.96191511627907,-0.05550066149870858,0.9622604498812396,-0.463329698443411,-6.953712987183269,0.6441789240453473,0.9993303802855232,Not significant
GENE1533,2,Microenvironment,18q,protein_coding,45,43,10.770517111111111,10.71503930232558,-0.05547780878553077,0.962275692490112,-0.5163512643611183,-6.927724742996668,0.6067988999478529,0.9993303802855232,Not significant
GENE3616,2,Microenvironment,7q,protein_coding,45,43,7.326812888888889,7.382086511627907,0.055273622739019146,1.0390561528632418,0.47795997168751725,-6.946821667804594,0.6337674862160071,0.9993303802855232,Not significant
GENE3941,2,Microenvironment,9p,protein_coding,45,43,10.969834222222222,10.91460441860465,-0.055229803617564244,0.9624411258294912,-0.4931073119613188,-6.939462181744294,0.6230651575921013,0.9993303802855232,Not significant
GENE3124,2,Microenvironment,7q,protein_coding,45,43,11.060235333333333,11.115320930232558,0.05508559689923054,1.038920741934709,0.5671424806573792,-6.900207102092174,0.5719438818814617,0.9993303802855232,Not significant
GENE1589,2,Microenvironment,9p,protein_coding,45,43,8.492637555555556,8.547586976744187,0.054949421188629444,1.0388226830313676,0.5498725102489367,-6.909851284659266,0.5836864741055592,0.9993303802855232,Not significant
GENE1787,2,Microenvironment,20q,protein_coding,45,43,8.38338511111111,8.438222093023256,0.05483698191214437,1.0387417234966143,0.4968175299684951,-6.937624706174457,0.6204558761016212,0.9993303802855232,Not significant
GENE3544,2,Microenvironment,7q,protein_coding,45,43,8.217547333333334,8.16277465116279,-0.054772682170538545,0.9627461259681318,-0.4721200075314157,-6.94959804370669,0.6379147450066309,0.9993303802855232,Not significant
GENE1518,2,Microenvironment,10q,protein_coding,45,43,8.477290444444444,8.42252511627907,-0.05476532816537372,0.9627510334903919,-0.44377166548461655,-6.962592301371325,0.6582083409814236,0.9993303802855232,Not significant
GENE2909,2,Microenvironment,9p,protein_coding,45,43,6.478629555555556,6.424003488372093,-0.05462606718346397,0.9628439707512969,-0.46593867439184056,-6.952499699680105,0.6423170001686581,0.9993303802855232,Not significant
GENE1842,2,Microenvironment,10q,protein_coding,45,43,8.598739555555555,8.653357441860464,0.05461788630491071,1.0385839864405952,0.495066842858144,-6.938493436725171,0.621686478367655,0.9993303802855232,Not significant
GENE3795,2,Microenvironment,4q,protein_coding,45,43,7.917417111111111,7.971863488372093,0.054446377260981116,1.0384605258657722,0.4646086513435164,-6.953119065766347,0.6432659011651659,0.9993303802855232,Not significant
GENE2467,2,Microenvironment,12p,protein_coding,45,43,10.900704666666666,10.955080697674418,0.05437603100776123,1.038409891446123,0.4808119199596372,-6.9454534791301015,0.6317463991793564,0.9993303802855232,Not significant
GENE1146,2,Microenvironment,10q,protein_coding,45,43,10.556220222222223,10.50187,-0.054350222222224076,0.9630280852335545,-0.5269978885860461,-6.9221690563694125,0.5994132343140569,0.9993303802855232,Not significant
GENE1517,2,Microenvironment,9p,protein_coding,45,43,8.203771777777778,8.149689302325582,-0.054082475452194245,0.9632068281973453,-0.6059794380570399,-6.8774374898972495,0.5459614796787295,0.9993303802855232,Not significant
MEOTH132,2,Microenvironment,9p,protein_coding,45,43,7.130464666666667,7.18449511627907,0.054030449612401554,1.0381611818071181,0.20894101708032425,-7.039375307868295,0.8349378991186197,0.9993303802855232,Not significant
MEOTH068,2,Microenvironment,2p,protein_coding,45,43,7.346420444444444,7.292458372093023,-0.05396207235142292,0.9632872179713681,-0.2758408981074189,-7.0231184887230445,0.783264389650442,0.9993303802855232,Not significant
MEOTH185,2,Microenvironment,19q,protein_coding,45,43,9.605795555555556,9.659264418604652,0.05346886304909049,1.0377571436041992,0.32359887646937374,-7.0087729777553305,0.7469470717416676,0.9993303802855232,Not significant
GENE3527,2,Microenvironment,20q,protein_coding,45,43,8.516551111111111,8.463099302325581,-0.053451808785537125,0.9636279811203813,-0.4817650033248512,-6.9449944427859585,0.6310716003759316,0.9993303802855232,Not significant
GENE3169,2,Microenvironment,2p,protein_coding,45,43,9.06470111111111,9.118126046511629,0.05342493540051407,1.0377255461176795,0.4661892990994246,-6.9523827912408525,0.6421382590356726,0.9993303802855232,Not significant
GENE2933,2,Microenvironment,9p,protein_coding,45,43,8.642925111111111,8.589502558139534,-0.053422552971577275,0.9636475223304009,-0.5266672689605044,-6.922343278332,0.5996419650846723,0.9993303802855232,Not significant
GENE1785,2,Microenvironment,18q,protein_coding,45,43,8.129802222222223,8.18290465116279,0.05310242894056927,1.0374935942647865,0.538726069302045,-6.9159185127921665,0.5913254971474551,0.9993303802855232,Not significant
GENE3859,2,Microenvironment,12p,protein_coding,45,43,9.80754288888889,9.860570697674419,0.0530278087855276,1.0374399336306503,0.460351328587373,-6.955089768400226,0.6463072447807436,0.9993303802855232,Not significant
GENE3104,2,Microenvironment,15q,protein_coding,45,43,9.307152444444444,9.254283023255814,-0.05286942118862825,0.9640170572988374,-0.4856598800886101,-6.943109140297251,0.6283172134928132,0.9993303802855232,Not significant
GENE2321,2,Microenvironment,9p,protein_coding,45,43,8.879307777777777,8.93199,0.0526822222222183,1.0371914525909471,0.48553353056858173,-6.943170536440112,0.6284064834367966,0.9993303802855232,Not significant
GENE2971,2,Microenvironment,12p,protein_coding,45,43,9.738010222222222,9.685481627906977,-0.0525285943152447,0.9642448266635653,-0.48397573917970527,-6.94392619698653,0.6295075657226472,0.9993303802855232,Not significant
GENE1610,2,Microenvironment,3q,protein_coding,45,43,6.6256871111111115,6.573208372093023,-0.05247873901809008,0.9642781487043542,-0.4710289976665377,-6.950112954372215,0.638690810184019,0.9993303802855232,Not significant
GENE2935,2,Microenvironment,12p,protein_coding,45,43,7.666328,7.718678372093023,0.05235037209302629,1.0369529042317196,0.5377704415402335,-6.916432932602199,0.5919825870854419,0.9993303802855232,Not significant
MEOTH006,2,Microenvironment,20q,protein_coding,45,43,9.904584,9.852303488372092,-0.052280511627900594,0.964410650354283,-0.3587448557747866,-6.996759094412151,0.7205753366533469,0.9993303802855232,Not significant
GENE1870,2,Microenvironment,19q,protein_coding,45,43,8.569890222222222,8.622162558139534,0.052272335917315615,1.0368968163903638,0.4593141085728873,-6.955567158573078,0.647049126349843,0.9993303802855232,Not significant
GENE3823,2,Microenvironment,12p,protein_coding,45,43,9.154537111111111,9.206427441860464,0.051890330749357005,1.0366222971779986,0.4680092129091391,-6.951531982339507,0.6408409605592286,0.9993303802855232,Not significant
GENE3453,2,Microenvironment,18q,protein_coding,45,43,10.744617555555555,10.796435348837209,0.05181779328164815,1.0365701780093837,0.44226552569306143,-6.963260274697673,0.6592938982283398,0.9993303802855232,Not significant
GENE3762,2,Microenvironment,10q,protein_coding,45,43,9.182076888888888,9.233890465116279,0.05181357622738858,1.0365671480784753,0.4180815839534906,-6.973676086557528,0.6768230954840451,0.9993303802855232,Not significant
GENE1561,2,Microenvironment,2p,protein_coding,45,43,7.097342444444444,7.149117209302326,0.05177476485788457,1.0365392627331163,0.44597542498073506,-6.96161085821286,0.6566212896420074,0.9993303802855232,Not significant
GENE1691,2,Microenvironment,20q,protein_coding,45,43,8.143902888888888,8.092241860465116,-0.051661028423769295,0.9648248504926882,-0.4688099058076937,-6.951156613537672,0.6402705510494696,0.9993303802855232,Not significant
GENE2601,2,Microenvironment,18q,protein_coding,45,43,9.871134222222222,9.819535581395348,-0.05159864082687449,0.964866574075045,-0.42679455016002144,-6.96999070853254,0.6704865456668856,0.9993303802855232,Not significant
GENE3451,2,Microenvironment,12p,protein_coding,45,43,9.633362444444444,9.58183,-0.051532444444443826,0.9649108468702373,-0.45588895046213135,-6.957136003876567,0.6495015320330673,0.9993303802855232,Not significant
GENE2999,2,Microenvironment,20q,protein_coding,45,43,10.001114888888889,10.052304186046511,0.05118929715762377,1.0361187045962565,0.42559345598628995,-6.970503242813853,0.6713586469880117,0.9993303802855232,Not significant
GENE2125,2,Microenvironment,2p,protein_coding,45,43,9.26784111111111,9.216749069767442,-0.05109204134366685,0.9652054445394967,-0.4434829198639573,-6.962720535341421,0.6584163991212847,0.9993303802855232,Not significant
GENE3577,2,Microenvironment,2p,protein_coding,45,43,11.832647111111111,11.781557906976744,-0.0510892041343638,0.9652073427178932,-0.43374111625704925,-6.966998226011775,0.6654515943544657,0.9993303802855232,Not significant
GENE2810,2,Microenvironment,3q,protein_coding,45,43,9.64662911111111,9.595608837209303,-0.0510202739018073,0.96525346026467,-0.503424160446712,-6.934318868842162,0.6158216442718043,0.9993303802855232,Not significant
MEOTH106,2,Microenvironment,4q,protein_coding,45,43,8.644102666666667,8.695113953488372,0.051011286821708524,1.0359908685289507,0.4114001462253411,-6.976450870190131,0.6816980269733945,0.9993303802855232,Not significant
GENE2010,2,Microenvironment,10q,protein_coding,45,43,10.768810666666667,10.819662790697674,0.05085212403100314,1.0358765809645132,0.4757609353984989,-6.947871098486219,0.6353277730210027,0.9993303802855232,Not significant
GENE1759,2,Microenvironment,12p,protein_coding,45,43,8.84280911111111,8.893542093023257,0.05073298191215159,1.035791038676426,0.4578191321007255,-6.956253349244286,0.6481190495507508,0.9993303802855232,Not significant
GENE1865,2,Microenvironment,9p,protein_coding,45,43,10.362755111111111,10.413443953488372,0.05068884237726401,1.0357593489332693,0.4502928647442114,-6.95967405536882,0.6535166205535925,0.9993303802855232,Not significant
GENE2757,2,Microenvironment,18q,protein_coding,45,43,8.800565555555556,8.851106279069768,0.050540723514211905,1.0356530148726142,0.43589090568091404,-6.966062376238031,0.6638964881408078,0.9993303802855232,Not significant
GENE2404,2,Microenvironment,7q,protein_coding,45,43,8.934310666666667,8.984608604651163,0.05029793798450122,1.0354787435243302,0.47339540770645705,-6.948994605373918,0.6370080287651407,0.9993303802855232,Not significant
GENE2901,2,Microenvironment,18q,protein_coding,45,43,8.764593333333334,8.71447511627907,-0.05011821705426378,0.9658571815889019,-0.46709939012850166,-6.951957736556093,0.6414893752156088,0.9993303802855232,Not significant
GENE2067,2,Microenvironment,4q,protein_coding,45,43,8.199164,8.249216976744187,0.050052976744185074,1.0353029401722473,0.44279918268748847,-6.963023856403067,0.6589091789335441,0.9993303802855232,Not significant
GENE2480,2,Microenvironment,15q,protein_coding,45,43,7.093978444444445,7.044050232558139,-0.04992821188630625,0.9659843948502859,-0.4522132309760265,-6.958806609193443,0.652137636874066,0.9993303802855232,Not significant
GENE3258,2,Microenvironment,10q,protein_coding,45,43,9.42878288888889,9.378993720930232,-0.04978916795865551,0.966077498890415,-0.4475782418630711,-6.9608940034118145,0.6554679980348483,0.9993303802855232,Not significant
GENE2457,2,Microenvironment,18q,protein_coding,45,43,9.254213333333333,9.204533488372093,-0.049679844961239894,0.9661507080486867,-0.42119234535481903,-6.972369000358119,0.6745580804143128,0.9993303802855232,Not significant
GENE2251,2,Microenvironment,12p,protein_coding,45,43,9.515268222222222,9.564936511627907,0.04966828940568391,1.0350269186791632,0.4268109217510292,-6.969983712461016,0.6704746615455286,0.9993303802855232,Not significant
GENE1044,2,Microenvironment,21q,protein_coding,45,43,8.653818444444445,8.70345558139535,0.049637136950906324,1.0350045693397365,0.44596440896970135,-6.961615776227943,0.6566292189877432,0.9993303802855232,Not significant
MEOTH031,2,Microenvironment,21q,protein_coding,45,43,11.390258,11.439870930232559,0.049612930232559194,1.0349872033315364,0.373271881339992,-6.9914328223940485,0.709770764901937,0.9993303802855232,Not significant
GENE3871,2,Microenvironment,12p,protein_coding,45,43,8.953065777777777,9.002563255813953,0.049497478036176545,1.034904381417399,0.46109703301743865,-6.954745888566294,0.6457740931264077,0.9993303802855232,Not significant
GENE1734,2,Microenvironment,10q,protein_coding,45,43,10.928954666666666,10.879538139534883,-0.049416527131777244,0.9663270640479099,-0.42435734082476706,-6.971029218869535,0.6722566462323384,0.9993303802855232,Not significant
GENE2375,2,Microenvironment,20q,protein_coding,45,43,7.744159555555555,7.793497441860465,0.049337886304908984,1.0347899060484427,0.4471345385997044,-6.96109270464121,0.6557871771136207,0.9993303802855232,Not significant
GENE2712,2,Microenvironment,21q,protein_coding,45,43,9.90537088888889,9.856069767441861,-0.04930112144703003,0.9664043666613359,-0.451062776968834,-6.959326720730342,0.652963614456344,0.9993303802855232,Not significant
GENE2965,2,Microenvironment,2p,protein_coding,45,43,9.966583555555555,10.01586465116279,0.04928109560723293,1.0347491730574696,0.40675053184283894,-6.978355558446082,0.6850984906688475,0.9993303802855232,Not significant
GENE1351,2,Microenvironment,12p,protein_coding,45,43,8.597140222222222,8.547884186046511,-0.04925603617570751,0.9664345679739188,-0.4365781774742836,-6.965762219819199,0.6633996417478449,0.9993303802855232,Not significant
GENE2500,2,Microenvironment,7q,protein_coding,45,43,10.60903688888889,10.560353255813954,-0.04868363307493695,0.966818086239375,-0.4086227055673625,-6.977591227467073,0.683728504873044,0.9993303802855232,Not significant
GENE2256,2,Microenvironment,21q,protein_coding,45,43,10.039494888888889,9.991393488372093,-0.0481014005167939,0.9672083465197058,-0.4565946822025784,-6.956813709711978,0.6489959128482861,0.9993303802855232,Not significant
GENE1345,2,Microenvironment,2p,protein_coding,45,43,8.298692222222222,8.25066558139535,-0.04802664082686725,0.9672584680405742,-0.4172326213900649,-6.9740311285868355,0.6774417613166936,0.9993303802855232,Not significant
GENE1596,2,Microenvironment,21q,protein_coding,45,43,8.714436,8.762415116279069,0.0479791162790697,1.0338157711474343,0.45967962266665807,-6.955399049634796,0.6467876481831353,0.9993303802855232,Not significant
GENE2489,2,Microenvironment,9p,protein_coding,45,43,10.018104,9.97016046511628,-0.047943534883716055,0.9673141882311179,-0.43776478468444346,-6.965242876989178,0.6625421668910572,0.9993303802855232,Not significant
GENE2880,2,Microenvironment,21q,protein_coding,45,43,10.100784666666666,10.14813441860465,0.04734975193799151,1.033364875522207,0.40919649879304965,-6.977356271198346,0.6833088361157527,0.9993303802855232,Not significant
MEOTH208,2,Microenvironment,18q,protein_coding,45,43,10.373706,10.420961162790698,0.04725516279069808,1.0332971260010477,0.23472554195038556,-7.033640385545199,0.8149227049978433,0.9993303802855232,Not significant
GENE3166,2,Microenvironment,19q,protein_coding,45,43,9.174901555555556,9.222096976744186,0.04719542118862918,1.0332543383391646,0.4318113837585648,-6.967834355010381,0.6668487628678503,0.9993303802855232,Not significant
GENE2493,2,Microenvironment,18q,protein_coding,45,43,10.779136666666666,10.826276976744186,0.04714031007751451,1.0332148686623306,0.4414870255400564,-6.963604653076253,0.6598552919007888,0.9993303802855232,Not significant
GENE3520,2,Microenvironment,7q,protein_coding,45,43,7.368705333333334,7.415796279069768,0.04709094573643746,1.033179516008338,0.4208302671807729,-6.972521635537555,0.6748215641746621,0.9993303802855232,Not significant
GENE2331,2,Microenvironment,4q,protein_coding,45,43,9.350893555555556,9.397962790697674,0.047069235142112476,1.03316396818158,0.45168837026456693,-6.959044058379384,0.6525144111083966,0.9993303802855232,Not significant
GENE2151,2,Microenvironment,4q,protein_coding,45,43,9.66060711111111,9.70762465116279,0.04701754005168013,1.0331269481971956,0.39620496650560527,-6.982595530405759,0.6928348850210614,0.9993303802855232,Not significant
MEOTH114,2,Microenvironment,20q,protein_coding,45,43,10.262907555555556,10.309889767441861,0.04698221188630747,1.0331016496886642,0.28497952498610984,-7.020549969011401,0.7762749730734637,0.9993303802855232,Not significant
GENE3347,2,Microenvironment,20q,protein_coding,45,43,9.602781555555556,9.649731860465117,0.0469503049095632,1.0330788016266212,0.4209071541044272,-6.9724892345529925,0.6747656102846886,0.9993303802855232,Not significant
GENE1253,2,Microenvironment,9p,protein_coding,45,43,10.271729333333333,10.318286744186047,0.04655741085271359,1.0327974980620032,0.4421454404294424,-6.963313435191099,0.6593804816622304,0.9993303802855232,Not significant
GENE3875,2,Microenvironment,20q,protein_coding,45,43,9.585036888888888,9.631505581395349,0.04646869250646368,1.0327339882652886,0.4066997671134767,-6.978376234875125,0.6851356530521103,0.9993303802855232,Not significant
MEOTH158,2,Microenvironment,12p,protein_coding,45,43,8.688464666666667,8.642033023255815,-0.04643164341085182,0.9683284293622236,-0.318525262997487,-7.010405289262959,0.7507798927876178,0.9993303802855232,Not significant
GENE2449,2,Microenvironment,2p,protein_coding,45,43,9.115950666666667,9.069706046511628,-0.04624462015503816,0.9684539664087533,-0.42721499303500776,-6.96981095596672,0.6701813731573959,0.9993303802855232,Not significant
GENE3809,2,Microenvironment,9p,protein_coding,45,43,8.780439333333334,8.734226744186046,-0.04621258914728976,0.9684754684587276,-0.37448953329710344,-6.990976800667375,0.708867778647011,0.9993303802855232,Not significant
GENE2562,2,Microenvironment,10q,protein_coding,45,43,9.162597333333334,9.20879953488372,0.04620220155038446,1.032543241889073,0.46462862654208054,-6.953109776737853,0.64325164554188,0.9993303802855232,Not significant
GENE3405,2,Microenvironment,18q,protein_coding,45,43,8.721340666666666,8.76723511627907,0.04589444961240119,1.0323230059524995,0.39421619892722615,-6.983382697834047,0.69429756094596,0.9993303802855232,Not significant
MEOTH074,2,Microenvironment,12p,protein_coding,45,43,7.377121111111111,7.331228372093023,-0.04589273901808788,0.9686902063871484,-0.21926912878540478,-7.037158104129436,0.8269068899898291,0.9993303802855232,Not significant
GENE1861,2,Microenvironment,2p,protein_coding,45,43,8.244106666666667,8.198493023255814,-0.04561364341085117,0.9688776218327438,-0.40625561472802413,-6.9785570280632925,0.6854608283570913,0.9993303802855232,Not significant
GENE3699,2,Microenvironment,4q,protein_coding,45,43,9.343747111111112,9.298207441860464,-0.04553966925064401,0.9689273022876608,-0.4116028973853467,-6.9763673234685495,0.6815498949953669,0.9993303802855232,Not significant
GENE1716,2,Microenvironment,21q,protein_coding,45,43,9.970668444444444,10.016202790697674,0.04553434625322872,1.03206536550796,0.36623164098224015,-6.99404042249942,0.7149997502151796,0.9993303802855232,Not significant
GENE1937,2,Microenvironment,9p,protein_coding,45,43,9.979032,10.024371395348837,0.0453393953488348,1.0319259122783273,0.4162580710985993,-6.974437805798951,0.6781522194091527,0.9993303802855232,Not significant
GENE2595,2,Microenvironment,4q,protein_coding,45,43,10.627499333333333,10.582241860465116,-0.04525747286822224,0.9691168465192976,-0.40931230960678217,-6.977308809256752,0.6832241448642657,0.9993303802855232,Not significant
GENE3343,2,Microenvironment,12p,protein_coding,45,43,11.053358,11.008173720930232,-0.04518427906976896,0.9691660150133525,-0.3661304877168084,-6.994077527383556,0.7150749794042824,0.9993303802855232,Not significant
GENE2761,2,Microenvironment,2p,protein_coding,45,43,8.644737333333333,8.599559069767443,-0.04517826356589083,0.9691700560850353,-0.38038227600673635,-6.988748992546812,0.7045037286210825,0.9993303802855232,Not significant
GENE3444,2,Microenvironment,21q,protein_coding,45,43,8.236016888888889,8.280812093023256,0.044795204134366884,1.0315367384748615,0.382399426942196,-6.987978422520056,0.7030121243585206,0.9993303802855232,Not significant
GENE3112,2,Microenvironment,7q,protein_coding,45,43,9.953946222222221,9.998562325581396,0.04461610335917321,1.0314086881544038,0.3681882376288352,-6.993320695859841,0.7135451542196303,0.9993303802855232,Not significant
GENE2008,2,Microenvironment,7q,protein_coding,45,43,11.308803555555556,11.264261162790698,-0.04454239276486227,0.9695973139273651,-0.3732136336048675,-6.991454599587803,0.7098139706432709,0.9993303802855232,Not significant
GENE3710,2,Microenvironment,3q,protein_coding,45,43,11.657263777777779,11.61288511627907,-0.04437866149871006,0.9697073596405332,-0.45908868360168276,-6.955670770698828,0.6472104108959509,0.9993303802855232,Not significant
GENE1399,2,Microenvironment,12p,protein_coding,45,43,8.831052222222223,8.786675581395349,-0.04437664082687576,0.9697087178359007,-0.36889465775900315,-6.993059902345917,0.7130202385299202,0.9993303802855232,Not significant
GENE2173,2,Microenvironment,2p,protein_coding,45,43,9.282584444444444,9.23827,-0.04431444444444388,0.9697505240892268,-0.35220719902220726,-6.999087308429863,0.7254564698710678,0.9993303802855232,Not significant
GENE2432,2,Microenvironment,15q,protein_coding,45,43,8.406943333333334,8.45100441860465,0.04406108527132169,1.0310119720347102,0.47232557865272484,-6.949500890048228,0.6377685617266411,0.9993303802855232,Not significant
GENE2897,2,Microenvironment,9p,protein_coding,45,43,8.736749111111111,8.780707441860464,0.04395833074935496,1.0309385418456272,0.37599285825759776,-6.990411749157202,0.7077535161044803,0.9993303802855232,Not significant
GENE1328,2,Microenvironment,15q,protein_coding,45,43,8.806238888888888,8.762432093023255,-0.04380679586562941,0.9700918152729595,-0.3991785867436045,-6.981411186963093,0.6906500504679696,0.9993303802855232,Not significant
GENE1657,2,Microenvironment,2p,protein_coding,45,43,9.823246444444445,9.867041395348837,0.043794950904395336,1.030821798502494,0.3554913956924201,-6.997923066440197,0.723002998159678,0.9993303802855232,Not significant
GENE1238,2,Microenvironment,3q,protein_coding,45,43,10.042124666666666,10.085773953488372,0.04364928682170799,1.0307177251346413,0.3686775183041724,-6.99314011812998,0.7131815724609987,0.9993303802855232,Not significant
GENE2197,2,Microenvironment,2p,protein_coding,45,43,10.200976222222222,10.15740488372093,-0.04357133850129635,0.9702501535883796,-0.40206370289976723,-6.980253657494198,0.6885327421487963,0.9993303802855232,Not significant
GENE3084,2,Microenvironment,21q,protein_coding,45,43,8.92894888888889,8.885795813953488,-0.043153074935400326,0.9705314875574994,-0.36943186776489684,-6.992861243522142,0.7126211492353762,0.9993303802855232,Not significant
GENE3027,2,Microenvironment,4q,protein_coding,45,43,10.026329555555556,10.069245348837208,0.04291579328165618,1.0301938218734037,0.3886385980603846,-6.985569284565395,0.6984058691711675,0.9993303802855232,Not significant
GENE1169,2,Microenvironment,9p,protein_coding,45,43,8.506009333333333,8.548891395348837,0.04288206201550615,1.030169735469297,0.349392116369602,-7.000076671916569,0.7275617698591257,0.9993303802855232,Not significant
GENE2459,2,Microenvironment,20q,protein_coding,45,43,7.121250666666667,7.164118604651163,0.04286793798449562,1.030159650123708,0.3841098098205901,-6.9873218575825335,0.7017482719419337,0.9993303802855232,Not significant
GENE1725,2,Microenvironment,18q,protein_coding,45,43,6.946024,6.98866976744186,0.04264576744186144,1.0300010209608108,0.3874552676490905,-6.986029191947782,0.6992786381587732,0.9993303802855232,Not significant
GENE2705,2,Microenvironment,9p,protein_coding,45,43,10.020531111111111,10.063135581395349,0.04260447028423542,1.0299715375949439,0.3747354803026396,-6.990884511522049,0.7086854396665233,0.9993303802855232,Not significant
GENE2869,2,Microenvironment,2p,protein_coding,45,43,8.89215511111111,8.84981046511628,-0.0423446459948309,0.9710754872192646,-0.41831848553066536,-6.973576884357165,0.6766504973237644,0.9993303802855232,Not significant
GENE2017,2,Microenvironment,2p,protein_coding,45,43,9.165713777777778,9.207797674418606,0.04208389664082546,1.0295999557310975,0.34806544381380033,-7.0005401868338,0.728554666695027,0.9993303802855232,Not significant
GENE2193,2,Microenvironment,18q,protein_coding,45,43,8.801197111111112,8.843204418604651,0.042007307493541646,1.029545298241251,0.40066984762243874,-6.980813919627061,0.6895553464037735,0.9993303802855232,Not significant
GENE1987,2,Microenvironment,12p,protein_coding,45,43,9.230306222222222,9.188423023255814,-0.04188319896640458,0.9713861360781214,-0.3292702865576606,-7.006917874865308,0.7426701660263614,0.9993303802855232,Not significant
GENE2552,2,Microenvironment,15q,protein_coding,45,43,8.046173333333334,8.00453488372093,-0.041638449612404926,0.9715509431164687,-0.3693190153760572,-6.992902999951138,0.7127049798040312,0.9993303802855232,Not significant
GENE1426,2,Microenvironment,19q,protein_coding,45,43,7.650590666666667,7.609028372093023,-0.04156229457364624,0.9716022293900531,-0.3987981285302271,-6.981563209520385,0.6909294424108443,0.9993303802855232,Not significant
GENE2231,2,Microenvironment,20q,protein_coding,45,43,8.65660488888889,8.697606744186047,0.04100185529715539,1.0288280309593918,0.3688053506099762,-6.993092899946662,0.7130865918821957,0.9993303802855232,Not significant
GENE3018,2,Microenvironment,10q,protein_coding,45,43,9.347734,9.306732790697675,-0.0410012093023262,0.9719801732434185,-0.3597140346240904,-6.99641031235293,0.7198527077568418,0.9993303802855232,Not significant
GENE2533,2,Microenvironment,2p,protein_coding,45,43,6.879539333333334,6.838643255813953,-0.04089607751938029,0.9720510057679884,-0.3714129813479177,-6.992126141383116,0.7111500862635209,0.9993303802855232,Not significant
GENE1028,2,Microenvironment,15q,protein_coding,45,43,8.974028666666667,9.014641860465117,0.04061319379845152,1.0285509024075687,0.36230683775210015,-6.9954726170829815,0.7179207404348482,0.9993303802855232,Not significant
GENE2007,2,Microenvironment,4q,protein_coding,45,43,9.511599555555556,9.471223255813953,-0.04037629974160062,0.9724012818310056,-0.36090029500229387,-6.995982131080061,0.7189685668247195,0.9993303802855232,Not significant
GENE3000,2,Microenvironment,21q,protein_coding,45,43,9.373290222222222,9.41346441860465,0.04017419638243247,1.0282379724505086,0.3610072342659536,-6.995943462218546,0.7188888818397716,0.9993303802855232,Not significant
GENE1465,2,Microenvironment,2p,protein_coding,45,43,11.022464,11.062520465116279,0.040056465116277806,1.0281540664165063,0.34556807824738084,-7.001407948451066,0.7304249778278552,0.9993303802855232,Not significant
GENE3587,2,Microenvironment,20q,protein_coding,45,43,10.399294888888889,10.35924069767442,-0.04005419121447318,0.9726184127591295,-0.3368013768423518,-7.004404775130589,0.7370033125082498,0.9993303802855232,Not significant
GENE2989,2,Microenvironment,2p,protein_coding,45,43,9.963840666666666,10.003654186046512,0.03981351937984101,1.0279809427768305,0.38696539822395515,-6.986219173018167,0.6996400611006599,0.9993303802855232,Not significant
GENE3139,2,Microenvironment,12p,protein_coding,45,43,6.23571,6.195912790697674,-0.039797209302324,0.9727916770975082,-0.34755680701265584,-7.00071742871266,0.7289354590784143,0.9993303802855232,Not significant
GENE1837,2,Microenvironment,2p,protein_coding,45,43,10.123121333333334,10.162903953488373,0.03978262015503908,1.0279589260143194,0.3701202426812525,-6.99260626297545,0.7121098774744377,0.9993303802855232,Not significant
GENE2005,2,Microenvironment,2p,protein_coding,45,43,9.855027555555555,9.894778139534884,0.03975058397932507,1.0279360996329907,0.3459143518659317,-7.001288000674444,0.7301655512451259,0.9993303802855232,Not significant
GENE1414,2,Microenvironment,19q,protein_coding,45,43,8.626380222222222,8.58664,-0.03974022222222118,0.9728301035497752,-0.34312580239882473,-7.002250539744521,0.7322556076905812,0.9993303802855232,Not significant
GENE2412,2,Microenvironment,21q,protein_coding,45,43,7.577858444444445,7.538251395348837,-0.039607049095610414,0.9729199082573354,-0.3279021686871014,-7.007368325568341,0.7437011543415646,0.9993303802855232,Not significant
GENE2486,2,Microenvironment,3q,protein_coding,45,43,9.587614888888888,9.548207674418604,-0.03940721447027684,0.9730546814046017,-0.38453689595360935,-6.987157456202992,0.7014328159224914,0.9993303802855232,Not significant
GENE0976,2,Microenvironment,7q,protein_coding,45,43,9.741042666666667,9.701686279069767,-0.039356387596891196,0.9730889632153107,-0.3400450253395366,-7.003304912674665,0.7345670398485894,0.9993303802855232,Not significant
GENE1080,2,Microenvironment,21q,protein_coding,45,43,9.660269111111111,9.621033023255814,-0.03923608785529531,0.9731701080368352,-0.335528834705034,-7.004833398872711,0.7379598417581119,0.9993303802855232,Not significant
GENE3776,2,Microenvironment,15q,protein_coding,45,43,9.099707555555556,9.06047441860465,-0.03923313695090158,0.9731720985717738,-0.3755193991695998,-6.990589950687653,0.7081043749471236,0.9993303802855232,Not significant
GENE3361,2,Microenvironment,2p,protein_coding,45,43,8.198056222222222,8.15888488372093,-0.03917133850128707,0.9732137857012684,-0.34891991831148766,-7.000241850808972,0.7279151151151488,0.9993303802855232,Not significant
GENE2676,2,Microenvironment,21q,protein_coding,45,43,9.520683111111111,9.481534651162791,-0.03914845994832028,0.9732292192468627,-0.31923194466543126,-7.0101794745315225,0.7502456586213331,0.9993303802855232,Not significant
GENE1514,2,Microenvironment,3q,protein_coding,45,43,9.478903777777777,9.517891395348837,0.03898761757105618,1.0273926213887683,0.3487266770610891,-7.000309383989484,0.7280597342636753,0.9993303802855232,Not significant
GENE1501,2,Microenvironment,2p,protein_coding,45,43,8.024420888888889,7.985482325581395,-0.03893856330749479,0.9733708239511825,-0.38754344354844694,-6.985994970142175,0.6992135898166498,0.9993303802855232,Not significant
GENE2881,2,Microenvironment,2p,protein_coding,45,43,9.070396888888888,9.031526046511628,-0.03887084237726057,0.9734165156066752,-0.35078435502251937,-6.99958835805628,0.7265203019668853,0.9993303802855232,Not significant
MEOTH008,2,Microenvironment,2p,protein_coding,45,43,8.666232888888889,8.704987209302326,0.03875432041343707,1.0272264959133814,0.24588773216736887,-7.030951213737042,0.8062951580025168,0.9993303802855232,Not significant
MEOTH155,2,Microenvironment,7q,protein_coding,45,43,11.169082444444445,11.207796046511628,0.03871360206718499,1.0271975040802483,0.32670004078249315,-7.007762579825182,0.7446074411286209,0.9993303802855232,Not significant
GENE1287,2,Microenvironment,4q,protein_coding,45,43,10.78563,10.747058139534884,-0.038571860465118846,0.9736182658599815,-0.35746660534633784,-6.997217668144918,0.7215287999073521,0.9993303802855232,Not significant
GENE2392,2,Microenvironment,7q,protein_coding,45,43,9.310768,9.272232093023256,-0.03853590697674569,0.9736425297606628,-0.34694813677683706,-7.000929188883098,0.7293912310648134,0.9993303802855232,Not significant
GENE2655,2,Microenvironment,4q,protein_coding,45,43,9.572974,9.534517441860466,-0.038456558139534636,0.9736960819841334,-0.36996675370364407,-6.992663157738845,0.7122238658641222,0.9993303802855232,Not significant
GENE1916,2,Microenvironment,15q,protein_coding,45,43,8.055393333333333,8.09379511627907,0.03840178294573526,1.0269755131518499,0.3780965628575096,-6.989617245169391,0.7061953199318962,0.9993303802855232,Not significant
GENE2508,2,Microenvironment,21q,protein_coding,45,43,7.850490222222223,7.888808139534884,0.03831791731266332,1.0269158155402234,0.3313638883024309,-7.006224936982635,0.7410933743932501,0.9993303802855232,Not significant
GENE2937,2,Microenvironment,18q,protein_coding,45,43,8.61987688888889,8.581743720930232,-0.038133167958656955,0.9739143672332552,-0.41330966549450987,-6.975662397561145,0.6803034083005819,0.9993303802855232,Not significant
GENE2146,2,Microenvironment,19q,protein_coding,45,43,9.506144666666668,9.54425069767442,0.038106031007757224,1.026765005137666,0.3919638028012811,-6.98426944315616,0.6959555246806044,0.9993303802855232,Not significant
GENE2139,2,Microenvironment,4q,protein_coding,45,43,9.155354,9.117329534883721,-0.038024465116277995,0.9739877515906179,-0.35233055809466796,-6.999043772659099,0.7253642620616805,0.9993303802855232,Not significant
GENE3670,2,Microenvironment,19q,protein_coding,45,43,10.861003333333333,10.898921860465116,0.03791852713178656,1.0266315674378026,0.36941105646210765,-6.992868944853552,0.7126366083093121,0.9993303802855232,Not significant
GENE1279,2,Microenvironment,12p,protein_coding,45,43,9.30725111111111,9.345091395348836,0.037840284237731225,1.0265758907739777,0.35671398044437824,-6.9974869095806085,0.722090398159948,0.9993303802855232,Not significant
GENE2273,2,Microenvironment,9p,protein_coding,45,43,7.7912242222222226,7.753530697674418,-0.03769352454780517,0.9742112007769304,-0.33685363438604204,-7.004387138893417,0.7369640410159704,0.9993303802855232,Not significant
GENE3994,2,Microenvironment,19q,protein_coding,45,43,11.01978488888889,11.057466279069768,0.037681390180873464,1.026462833044472,0.31816830667698554,-7.010519162103878,0.7510497892513954,0.9993303802855232,Not significant
GENE3748,2,Microenvironment,7q,protein_coding,45,43,9.306611333333333,9.344123720930233,0.03751238759689812,1.026342596469258,0.3293670760641109,-7.006885936194046,0.7425972449752576,0.9993303802855232,Not significant
GENE3852,2,Microenvironment,21q,protein_coding,45,43,8.91119,8.87407511627907,-0.03711488372093008,0.9746020189491047,-0.34339828968310476,-7.002156826395186,0.7320512854510424,0.9993303802855232,Not significant
MEOTH067,2,Microenvironment,21q,protein_coding,45,43,10.618623111111111,10.581524186046511,-0.03709892506460122,0.9746127997615844,-0.2738979589774255,-7.023653801850649,0.7847527052626152,0.9993303802855232,Not significant
GENE2736,2,Microenvironment,21q,protein_coding,45,43,6.5831742222222225,6.620151860465116,0.03697763824289346,1.0259622428105304,0.32596364409226336,-7.008003377568722,0.745162789708351,0.9993303802855232,Not significant
GENE1974,2,Microenvironment,10q,protein_coding,45,43,9.820308222222222,9.783401860465116,-0.0369063617571026,0.9747428946079667,-0.3181460195118109,-7.010526267719322,0.7510666417153196,0.9993303802855232,Not significant
MEOTH111,2,Microenvironment,15q,protein_coding,45,43,11.203157777777777,11.166254186046512,-0.036903591731263674,0.9747447661508222,-0.29925275054888656,-7.016371135199065,0.7653954245599333,0.9993303802855232,Not significant
GENE1011,2,Microenvironment,4q,protein_coding,45,43,9.668213111111111,9.705084186046511,0.03687107493539621,1.0258864638765313,0.3235782668782231,-7.008779660453035,0.7469626283166543,0.9993303802855232,Not significant
GENE2368,2,Microenvironment,7q,protein_coding,45,43,10.284737999999999,10.321116511627906,0.03637851162790895,1.0255362666668795,0.3299567134779564,-7.0066911648987364,0.7421530638468024,0.9993303802855232,Not significant
GENE1248,2,Microenvironment,21q,protein_coding,45,43,10.813702888888889,10.849982790697675,0.03627990180878449,1.0254661725119332,0.335027116317422,-7.005001945156667,0.738337080827554,0.9993303802855232,Not significant
GENE2504,2,Microenvironment,15q,protein_coding,45,43,8.37605711111111,8.33984488372093,-0.0362122273901786,0.9752119925935718,-0.31475674314669505,-7.011601058828317,0.7536308460869334,0.9993303802855232,Not significant
GENE3427,2,Microenvironment,12p,protein_coding,45,43,8.749794666666666,8.713900465116279,-0.035894201550382476,0.9754269907673813,-0.3154847187495931,-7.011371175364711,0.7530798520973918,0.9993303802855232,Not significant
GENE2090,2,Microenvironment,3q,protein_coding,45,43,7.9709637777777775,7.935185813953488,-0.035777963824289216,0.9755055839418553,-0.33074829293935026,-7.006429140815889,0.7415568944406568,0.9993303802855232,Not significant
GENE2606,2,Microenvironment,3q,protein_coding,45,43,8.411685333333333,8.447453255813954,0.035767922480618,1.0251023226892888,0.2828536694228846,-7.021154924930106,0.7778992544175716,0.9993303802855232,Not significant
GENE2906,2,Microenvironment,3q,protein_coding,45,43,10.562720222222222,10.598416744186046,0.035696521963821226,1.0250515905370534,0.3250142707876163,-7.008313017464321,0.7458789516897932,0.9993303802855232,Not significant
GENE3973,2,Microenvironment,2p,protein_coding,45,43,6.867982,6.832377674418605,-0.035604325581394036,0.9756229997951478,-0.34265659805512405,-7.002411733775767,0.7326074816955706,0.9993303802855232,Not significant
GENE2986,2,Microenvironment,19q,protein_coding,45,43,10.457233333333333,10.421696976744187,-0.035536356589149776,0.9756689649314494,-0.3563247983910813,-6.99762591223281,0.7223808601087567,0.9993303802855232,Not significant
GENE1195,2,Microenvironment,12p,protein_coding,45,43,8.189104,8.153625813953488,-0.03547818604650921,0.9757083054266618,-0.32637441182886423,-7.007869125600526,0.744852995387077,0.9993303802855232,Not significant
GENE3298,2,Microenvironment,19q,protein_coding,45,43,8.942349555555555,8.977811627906977,0.035462072351421625,1.0248850248976586,0.3186893250795676,-7.010352908986344,0.7506558550120463,0.9993303802855232,Not significant
GENE3990,2,Microenvironment,10q,protein_coding,45,43,9.309508,9.34486930232558,0.03536130232557788,1.0248134407577614,0.3071480433384533,-7.013972051019266,0.7593973362936459,0.9993303802855232,Not significant
GENE3291,2,Microenvironment,4q,protein_coding,45,43,9.461683333333333,9.496996046511628,0.035312713178292654,1.0247789262059812,0.29641823526326555,-7.017217227038848,0.7675523302030266,0.9993303802855232,Not significant
GENE1311,2,Microenvironment,4q,protein_coding,45,43,7.046864666666667,7.082166046511628,0.035301379844963066,1.0247708759145389,0.3094596766504695,-7.01325783231843,0.7576439386334768,0.9993303802855232,Not significant
MEOTH164,2,Microenvironment,2p,protein_coding,45,43,8.930795555555555,8.966002558139534,0.03520700258398257,1.0247038403302273,0.2581290101814492,-7.027858649155807,0.7968610459993034,0.9993303802855232,Not significant
GENE1720,2,Microenvironment,7q,protein_coding,45,43,8.778075555555555,8.813125813953489,0.03505025839793596,1.024592515594279,0.31291048067156546,-7.012181703599023,0.7550288258128632,0.9993303802855232,Not significant
GENE3515,2,Microenvironment,20q,protein_coding,45,43,6.631739555555556,6.666750930232558,0.03501137467700488,1.0245649010039228,0.36409890800913075,-6.994820584201016,0.7165864898109254,0.9993303802855232,Not significant
GENE3338,2,Microenvironment,3q,protein_coding,45,43,10.289281555555556,10.324046279069767,0.034764723514211227,1.0243897506666058,0.3552984176839745,-6.99799177483425,0.7231470834613974,0.9993303802855232,Not significant
MEOTH062,2,Microenvironment,12p,protein_coding,45,43,9.013575333333334,9.048116279069767,0.03454094573643296,1.0242308689362838,0.15325348770090932,-7.049488392717314,0.8785207129261923,0.9993303802855232,Not significant
GENE1377,2,Microenvironment,18q,protein_coding,45,43,8.14105088888889,8.106836046511628,-0.03421484237725991,0.9765630909085923,-0.3175012806888543,-7.010731608950712,0.7515542138531015,0.9993303802855232,Not significant
GENE2390,2,Microenvironment,3q,protein_coding,45,43,8.003522,7.9693725581395345,-0.03414944186046398,0.9766073616495824,-0.3076864076447736,-7.013806191552864,0.758988868815636,0.9993303802855232,Not significant
GENE3917,2,Microenvironment,9p,protein_coding,45,43,5.934837555555555,5.968973255813953,0.03413570025839885,1.023943208254703,0.30767572999341514,-7.013809483945179,0.758996969494081,0.9993303802855232,Not significant
GENE2470,2,Microenvironment,19q,protein_coding,45,43,10.387879333333334,10.353803255813954,-0.03407607751938002,0.9766570256293713,-0.286415375712906,-7.020138809608283,0.7751784583919992,0.9993303802855232,Not significant
GENE2233,2,Microenvironment,2p,protein_coding,45,43,9.397154888888888,9.363125813953488,-0.034029074935400416,0.9766888453489696,-0.30272646748727444,-7.01532328413018,0.7627546418386935,0.9993303802855232,Not significant
GENE1524,2,Microenvironment,21q,protein_coding,45,43,8.858481333333334,8.89249488372093,0.03401355038759668,1.0238565168664977,0.34185251989799254,-7.002687461278834,0.7332106229117628,0.9993303802855232,Not significant
GENE1726,2,Microenvironment,19q,protein_coding,45,43,8.840369333333333,8.806546279069767,-0.033823054263564245,0.9768283290612667,-0.30796243197929485,-7.013721041464016,0.7587794702576289,0.9993303802855232,Not significant
GENE1384,2,Microenvironment,7q,protein_coding,45,43,9.913613333333334,9.947307441860465,0.03369410852713273,1.023629839422645,0.30385380439523885,-7.014980627362366,0.7618982206226411,0.9993303802855232,Not significant
GENE3588,2,Microenvironment,21q,protein_coding,45,43,9.202368222222223,9.169134186046511,-0.03323403617570797,0.9772272262703641,-0.2801149736408857,-7.021927611685661,0.7799932354033556,0.9993303802855232,Not significant
GENE1602,2,Microenvironment,10q,protein_coding,45,43,9.228507333333333,9.261671162790698,0.03316382945735974,1.0232536617011148,0.26511842974681965,-7.026025605291341,0.7914878309492513,0.9993303802855232,Not significant
GENE3794,2,Microenvironment,3q,protein_coding,45,43,9.624796444444444,9.591647441860465,-0.03314900258398268,0.9772848265168335,-0.2500593727973683,-7.0299141662171705,0.8030768636794829,0.9993303802855232,Not significant
GENE3667,2,Microenvironment,12p,protein_coding,45,43,9.937276222222222,9.904128372093023,-0.033147850129196854,0.9772856071925781,-0.2916885094249861,-7.018611136542888,0.771155450829396,0.9993303802855232,Not significant
GENE1741,2,Microenvironment,2p,protein_coding,45,43,10.637016666666666,10.604009302325581,-0.033007364341090195,0.9773807772872652,-0.28932898827490944,-7.0192981496289635,0.7729548239160864,0.9993303802855232,Not significant
GENE1313,2,Microenvironment,9p,protein_coding,45,43,7.142292444444444,7.109286046511628,-0.0330063979328159,0.9773814319988708,-0.31197573490952596,-7.012474378884015,0.7557369213476488,0.9993303802855232,Not significant
GENE2528,2,Microenvironment,15q,protein_coding,45,43,9.18945911111111,9.156646511627907,-0.03281259948320603,0.9775127332950831,-0.27589409135936066,-7.023103779937089,0.7832236542549265,0.9993303802855232,Not significant
GENE3799,2,Microenvironment,12p,protein_coding,45,43,9.025850666666667,8.993088139534883,-0.03276252713178529,0.9775466609160464,-0.28301187297629105,-7.021110060595457,0.7777783433455012,0.9993303802855232,Not significant
GENE0978,2,Microenvironment,10q,protein_coding,45,43,11.348475555555556,11.380868139534885,0.03239258397931977,1.0227067901640092,0.2811621429463479,-7.021633052964377,0.7791923872464197,0.9993303802855232,Not significant
GENE1576,2,Microenvironment,7q,protein_coding,45,43,10.363602888888888,10.395725581395348,0.03212269250646038,1.0225154856834715,0.30324927294402576,-7.015164534217941,0.7623574374934744,0.9993303802855232,Not significant
GENE1579,2,Microenvironment,12p,protein_coding,45,43,8.74467511111111,8.776751627906977,0.03207651679587009,1.022482759000278,0.30006335257361394,-7.016127695765724,0.7647789410874171,0.9993303802855232,Not significant
GENE2509,2,Microenvironment,2p,protein_coding,45,43,8.687326444444444,8.655546744186047,-0.031779700258395494,0.9782128352848272,-0.2963184343459654,-7.0172468707498785,0.7676283064989379,0.9993303802855232,Not significant
GENE2501,2,Microenvironment,9p,protein_coding,45,43,8.656536888888889,8.68828930232558,0.03175241343669377,1.0222530826884622,0.2886843941044545,-7.0194848650408845,0.7734466081824571,0.9993303802855232,Not significant
GENE3611,2,Microenvironment,20q,protein_coding,45,43,9.958187777777777,9.926553488372093,-0.031634289405687355,0.978311435423541,-0.29052889698313006,-7.018949472681088,0.772039616781933,0.9993303802855232,Not significant
GENE1427,2,Microenvironment,20q,protein_coding,45,43,6.994961777777778,6.963397209302325,-0.03156456847544753,0.9783587152918387,-0.323630478721743,-7.008762729842214,0.7469232178663927,0.9993303802855232,Not significant
GENE2779,2,Microenvironment,12p,protein_coding,45,43,8.976038444444445,8.944532093023255,-0.031506351421189294,0.9783981957849499,-0.2872296403738234,-7.01990472629876,0.7745568318333325,0.9993303802855232,Not significant
GENE2066,2,Microenvironment,3q,protein_coding,45,43,6.864726222222222,6.896180697674419,0.03145447545219415,1.0220419940191836,0.27751893476044437,-7.0226531204372735,0.7819796403952665,0.9993303802855232,Not significant
GENE3614,2,Microenvironment,3q,protein_coding,45,43,6.985257555555555,6.953905813953488,-0.03135174160206766,0.978503053755403,-0.284441485174271,-7.020703506716197,0.7766859742045721,0.9993303802855232,Not significant
GENE3276,2,Microenvironment,21q,protein_coding,45,43,9.52867088888889,9.559856976744186,0.031186087855296307,1.0218518790788167,0.28042345260388096,-7.021840953511547,0.7797572939424559,0.9993303802855232,Not significant
GENE3267,2,Microenvironment,4q,protein_coding,45,43,8.007974222222222,7.976837906976744,-0.031136315245478663,0.9786491768658316,-0.29408197880092607,-7.017908548165478,0.7693314657315169,0.9993303802855232,Not significant
GENE3893,2,Microenvironment,9p,protein_coding,45,43,11.631166444444444,11.60004,-0.031126444444435464,0.9786558727260716,-0.26676308433905077,-7.025587171626433,0.7902249301406625,0.9993303802855232,Not significant
GENE1338,2,Microenvironment,10q,protein_coding,45,43,8.588228666666666,8.619322558139535,0.031093891472869117,1.0217865790440124,0.26754644641702346,-7.025377390308328,0.7896235968841482,0.9993303802855232,Not significant
GENE1252,2,Microenvironment,7q,protein_coding,45,43,8.379644888888889,8.348551395348837,-0.031093493540046424,0.9786782253116462,-0.3103031899516678,-7.0129958835510395,0.7570044398485025,0.9993303802855232,Not significant
MEOTH082,2,Microenvironment,4q,protein_coding,45,43,9.769453111111112,9.738375813953489,-0.031077297157629857,0.978689212481718,-0.23213582852667883,-7.034246462842211,0.8169276660802571,0.9993303802855232,Not significant
GENE2227,2,Microenvironment,12p,protein_coding,45,43,7.582674444444445,7.551708837209302,-0.030965607235139636,0.9787649831404788,-0.2755819378179336,-7.0231900549419235,0.783462710073754,0.9993303802855232,Not significant
GENE2242,2,Microenvironment,19q,protein_coding,45,43,8.239286,8.208703953488373,-0.030582046511627325,0.9790252361417323,-0.28631314441393296,-7.020168152001026,0.7752565142400558,0.9993303802855232,Not significant
GENE1230,2,Microenvironment,10q,protein_coding,45,43,8.425280888888889,8.394944186046512,-0.03033670284237111,0.9791917426188445,-0.27048355562051263,-7.024585375369411,0.7873701155863363,0.9993303802855232,Not significant
GENE1864,2,Microenvironment,7q,protein_coding,45,43,10.782694888888889,10.752541627906977,-0.03015326098191018,0.9793162569273081,-0.2582250241529741,-7.027833799814965,0.7967871669668056,0.9993303802855232,Not significant
GENE2217,2,Microenvironment,18q,protein_coding,45,43,10.360373333333333,10.390361395348837,0.029988062015503303,1.0210036770911293,0.28957850602972635,-7.019225761834177,0.7727644826188982,0.9993303802855232,Not significant
GENE2957,2,Microenvironment,9p,protein_coding,45,43,7.345007111111111,7.374986976744186,0.02997986563307542,1.0209978764800587,0.259327302397916,-7.027547858473062,0.7959391392070065,0.9993303802855232,Not significant
GENE1222,2,Microenvironment,19q,protein_coding,45,43,8.597966222222222,8.567996511627907,-0.02996971059431708,0.9794408607477535,-0.24130544026350564,-7.032070265478755,0.8098340992260782,0.9993303802855232,Not significant
GENE2445,2,Microenvironment,18q,protein_coding,45,43,9.630502,9.66045953488372,0.02995753488372266,1.0209820730908656,0.2702962074590903,-7.024636153098953,0.7875138037011931,0.9993303802855232,Not significant
GENE3812,2,Microenvironment,15q,protein_coding,45,43,8.953887555555555,8.923993720930232,-0.029893834625323024,0.9794923740451371,-0.2897953616561805,-7.019162799082166,0.7725990684678902,0.9993303802855232,Not significant
GENE3669,2,Microenvironment,18q,protein_coding,45,43,5.741684444444444,5.771469534883721,0.029785090439276907,1.0208600430294312,0.28590898472655885,-7.020284051388139,0.7755651216391266,0.9993303802855232,Not significant
GENE2035,2,Microenvironment,12p,protein_coding,45,43,8.593280666666667,8.563507906976744,-0.029772759689924655,0.9795745791882692,-0.25576421188586645,-7.028467768992685,0.7986812486585042,0.9993303802855232,Not significant
GENE3853,2,Microenvironment,2p,protein_coding,45,43,9.584872222222222,9.555145813953489,-0.029726408268734517,0.9796060518155514,-0.27632625384486825,-7.022984175135027,0.7828927265787158,0.9993303802855232,Not significant
GENE3830,2,Microenvironment,3q,protein_coding,45,43,8.020254444444445,8.049876744186047,0.029622299741600244,1.0207448578113445,0.2736885455489413,-7.023711273309989,0.7849131664070731,0.9993303802855232,Not significant
GENE2835,2,Microenvironment,4q,protein_coding,45,43,8.964432888888888,8.934860930232558,-0.029571958656333663,0.9797109304418772,-0.29954542625868014,-7.016283314850777,0.7651728197981623,0.9993303802855232,Not significant
GENE1599,2,Microenvironment,4q,protein_coding,45,43,7.7253884444444445,7.695936511627907,-0.029451932816537685,0.9797924414442,-0.2677587620756448,-7.02532042720711,0.7894606386390173,0.9993303802855232,Not significant
GENE1662,2,Microenvironment,10q,protein_coding,45,43,8.114300666666667,8.08488534883721,-0.029415317829458942,0.9798173084755668,-0.2586948693333025,-7.027712066283933,0.7964256659793135,0.9993303802855232,Not significant
GENE1586,2,Microenvironment,3q,protein_coding,45,43,9.361954,9.391146279069767,0.02919227906976829,1.0204406521639424,0.2719720741568077,-7.02418068785411,0.7862287464635562,0.9993303802855232,Not significant
GENE3199,2,Microenvironment,12p,protein_coding,45,43,8.698229111111111,8.669056976744185,-0.029172134366923785,0.9799824822941351,-0.282890761439919,-7.021144408395807,0.7778709054138883,0.9993303802855232,Not significant
GENE1890,2,Microenvironment,10q,protein_coding,45,43,8.008904666666666,8.038051860465115,0.02914719379845465,1.0204087631482515,0.2570324949156545,-7.028141783369168,0.7977049029973282,0.9993303802855232,Not significant
GENE3279,2,Microenvironment,4q,protein_coding,45,43,6.892147111111111,6.863031860465116,-0.029115250645996404,0.980021122580163,-0.24614189832512917,-7.030888527842916,0.806098980564192,0.9993303802855232,Not significant
GENE2288,2,Microenvironment,15q,protein_coding,45,43,7.959162,7.988186046511628,0.029024046511627155,1.0203216655953484,0.2474281545959799,-7.030570302021219,0.8051063775597443,0.9993303802855232,Not significant
GENE1085,2,Microenvironment,9p,protein_coding,45,43,10.023944222222223,10.052828139534883,0.028883917312665375,1.0202225664023983,0.2673781100727556,-7.0254225219386734,0.7897528064107846,0.9993303802855232,Not significant
GENE2896,2,Microenvironment,7q,protein_coding,45,43,10.876021777777778,10.847322325581395,-0.02869945219638126,0.9803036147069681,-0.2776858510865803,-7.02260667560511,0.7818518778083386,0.9993303802855232,Not significant
GENE3376,2,Microenvironment,7q,protein_coding,45,43,8.392914,8.36449046511628,-0.02842353488372318,0.980491116984324,-0.2562300530170139,-7.0283482213805,0.7983225990578593,0.9993303802855232,Not significant
GENE1722,2,Microenvironment,10q,protein_coding,45,43,8.958763777777778,8.93042558139535,-0.028338196382433622,0.9805491168490674,-0.2568016038590542,-7.028201248976371,0.7978826229451385,0.9993303802855232,Not significant
MEOTH018,2,Microenvironment,20q,protein_coding,45,43,9.751448,9.723242558139535,-0.028205441860464475,0.9806393495835642,-0.11811611135391718,-7.0542700909119915,0.9062229523541044,0.9993303802855232,Not significant
GENE2537,2,Microenvironment,9p,protein_coding,45,43,8.335251777777778,8.363326976744187,0.028075198966408976,1.0196508298435167,0.24536917945133557,-7.031078905621828,0.8066954398512421,0.9993303802855232,Not significant
MEOTH104,2,Microenvironment,2p,protein_coding,45,43,10.897762666666667,10.925808139534883,0.028045472868221566,1.0196298206020877,0.15272297645951202,-7.049569790552993,0.8789379342868563,0.9993303802855232,Not significant
GENE1633,2,Microenvironment,2p,protein_coding,45,43,8.711088444444444,8.683106511627907,-0.027981932816535604,0.9807912865740295,-0.29510255608032704,-7.017607221015833,0.7685541104638343,0.9993303802855232,Not significant
GENE1770,2,Microenvironment,10q,protein_coding,45,43,9.415865777777778,9.443811627906976,0.02794585012920514,1.0195594143100037,0.25499417218922704,-7.028664905944938,0.7992741943466901,0.9993303802855232,Not significant
MEOTH020,2,Microenvironment,2p,protein_coding,45,43,8.077945777777778,8.05008046511628,-0.027865312661495167,0.980870571975127,-0.15744169488428778,-7.048835879097317,0.8752281035135483,0.9993303802855232,Not significant
MEOTH063,2,Microenvironment,15q,protein_coding,45,43,10.841050888888889,10.868893720930233,0.027842832041343968,1.0194866135389444,0.19004278860989895,-7.043155652417831,0.8496776934087131,0.9993303802855232,Not significant
GENE1699,2,Microenvironment,12p,protein_coding,45,43,8.273127777777777,8.30095976744186,0.027831989664083068,1.0194789517555272,0.25363784428939684,-7.029010694233323,0.8003188791924009,0.9993303802855232,Not significant
GENE3788,2,Microenvironment,15q,protein_coding,45,43,8.61715688888889,8.644747441860465,0.027590552971577864,1.0193083550427864,0.2634218821358897,-7.026475035753363,0.7927911621623258,0.9993303802855232,Not significant
MEOTH167,2,Microenvironment,7q,protein_coding,45,43,11.91888,11.946424186046512,0.027544186046515762,1.019275595912617,0.11833692604545551,-7.054243906299843,0.9060484633278063,0.9993303802855232,Not significant
GENE1758,2,Microenvironment,10q,protein_coding,45,43,9.589824222222223,9.61729976744186,0.027475545219635578,1.0192271017725616,0.25234395797772136,-7.0293388469274625,0.8013158079400078,0.9993303802855232,Not significant
GENE1260,2,Microenvironment,21q,protein_coding,45,43,10.569637555555556,10.542241395348837,-0.027396160206713205,0.9811895948141464,-0.22563534422937837,-7.035738199182572,0.8219656888872473,0.9993303802855232,Not significant
GENE2305,2,Microenvironment,2p,protein_coding,45,43,8.094641555555556,8.121773953488372,0.027132397932819075,1.0189847058300316,0.22468134375970114,-7.035953562789314,0.8227056942043793,0.9993303802855232,Not significant
GENE1515,2,Microenvironment,4q,protein_coding,45,43,9.922387777777777,9.895446046511628,-0.02694173126614352,0.9814987046162619,-0.22097931128515974,-7.0367806569390865,0.825578822150022,0.9993303802855232,Not significant
GENE3879,2,Microenvironment,4q,protein_coding,45,43,8.457376666666667,8.430471395348837,-0.026905271317831492,0.9815235094732929,-0.246141423380404,-7.030888645040528,0.8060993471373968,0.9993303802855232,Not significant
GENE3193,2,Microenvironment,2p,protein_coding,45,43,10.141417333333333,10.114531162790698,-0.02688617054263709,0.981536504585551,-0.29816197278114287,-7.016697679486598,0.7662252270270596,0.9993303802855232,Not significant
GENE2653,2,Microenvironment,2p,protein_coding,45,43,10.050014888888889,10.02313534883721,-0.026879540051680806,0.9815410156455379,-0.20860017016131685,-7.0394466583375355,0.8352032405995008,0.9993303802855232,Not significant
GENE1401,2,Microenvironment,18q,protein_coding,45,43,9.874662666666667,9.847887906976744,-0.02677475968992482,0.981612305803639,-0.2493254795427065,-7.030097871136438,0.8036427959831349,0.9993303802855232,Not significant
MEOTH072,2,Microenvironment,9p,protein_coding,45,43,10.427388,10.400746046511628,-0.026641953488372394,0.9817026715417257,-0.20384218750160632,-7.040430508717433,0.8389091966941364,0.9993303802855232,Not significant
GENE1943,2,Microenvironment,20q,protein_coding,45,43,7.537142222222222,7.563473023255814,0.026330801033593865,1.0184186900899284,0.22595925198792763,-7.035664870402647,0.8217144745463116,0.9993303802855232,Not significant
GENE1211,2,Microenvironment,20q,protein_coding,45,43,10.286636222222223,10.31291930232558,0.026283080103358003,1.0183850037722328,0.24052173725851647,-7.032259549948346,0.8104397572985718,0.9993303802855232,Not significant
MEOTH239,2,Microenvironment,7q,protein_coding,45,43,8.948244,8.92196976744186,-0.026274232558138877,0.9819529244496661,-0.1187486819302808,-7.054194948944726,0.9057231037933582,0.9993303802855232,Not significant
GENE3594,2,Microenvironment,10q,protein_coding,45,43,10.917501777777778,10.94373511627907,0.02623333850129761,1.0183498922435248,0.2493761279908371,-7.030085210363656,0.8036037357237535,0.9993303802855232,Not significant
GENE1858,2,Microenvironment,19q,protein_coding,45,43,8.714528666666666,8.688330930232558,-0.02619773643410994,0.98200499199134,-0.22858194449802544,-7.035067254776331,0.8196810692298312,0.9993303802855232,Not significant
GENE2976,2,Microenvironment,21q,protein_coding,45,43,10.631362444444445,10.657282558139535,0.02592011369509173,1.018128821390075,0.23145545499004075,-7.034404578369543,0.8174546150580045,0.9993303802855232,Not significant
GENE3928,2,Microenvironment,7q,protein_coding,45,43,9.247828,9.22193488372093,-0.02589311627906632,0.982212360900013,-0.2095213914669139,-7.039253548622782,0.834486134948154,0.9993303802855232,Not significant
GENE3209,2,Microenvironment,9p,protein_coding,45,43,9.174891777777777,9.149008604651163,-0.025883173126613812,0.9822191303978094,-0.23762773331701714,-7.032953197717447,0.8126772855491234,0.9993303802855232,Not significant
GENE3815,2,Microenvironment,20q,protein_coding,45,43,10.335539333333333,10.361113953488372,0.025574620155039085,1.0178850312576322,0.22293068480147354,-7.036346399217093,0.8240640730557651,0.9993303802855232,Not significant
GENE2598,2,Microenvironment,10q,protein_coding,45,43,7.548872666666667,7.574380697674418,0.02550803100775223,1.0178380507592324,0.21222517328293544,-7.038681862960025,0.832382241331791,0.9993303802855232,Not significant
GENE3017,2,Microenvironment,9p,protein_coding,45,43,6.4601824444444444,6.434684186046511,-0.02549825839793307,0.9824812239372991,-0.22298096693946673,-7.03633515905053,0.824025050433808,0.9993303802855232,Not significant
GENE3365,2,Microenvironment,9p,protein_coding,45,43,8.358127333333334,8.383556511627907,0.02542917829457636,1.0177824207776398,0.25980348613059073,-7.0274239557286435,0.7955728672176297,0.9993303802855232,Not significant
GENE3062,2,Microenvironment,3q,protein_coding,45,43,9.574637333333333,9.549251627906976,-0.025385705426359095,0.9825578759613139,-0.22247993655189136,-7.036447047256217,0.8244139064309435,0.9993303802855232,Not significant
GENE0990,2,Microenvironment,10q,protein_coding,45,43,8.753542222222222,8.72817,-0.02537222222222013,0.982567058837772,-0.21072981309250616,-7.0389989459240265,0.8335456761858067,0.9993303802855232,Not significant
GENE2884,2,Microenvironment,7q,protein_coding,45,43,7.655474888888889,7.68073488372093,0.025259994832041777,1.0176630734081846,0.21942701318894825,-7.03712338086731,0.8267842613569296,0.9993303802855232,Not significant
GENE3249,2,Microenvironment,18q,protein_coding,45,43,9.676629777777778,9.651389534883721,-0.02524024289406057,0.9826569492639329,-0.2176013658879355,-7.037523367662736,0.8282025007731804,0.9993303802855232,Not significant
MEOTH117,2,Microenvironment,3q,protein_coding,45,43,9.211652888888889,9.186417209302325,-0.025235679586561588,0.9826600574557477,-0.19961250285855645,-7.041286075808406,0.8422067175579389,0.9993303802855232,Not significant
GENE2179,2,Microenvironment,12p,protein_coding,45,43,8.876645111111111,8.85153,-0.0251151111111092,0.9827421834577729,-0.21427358267098498,-7.038243873121661,0.8307891233739338,0.9993303802855232,Not significant
GENE3686,2,Microenvironment,3q,protein_coding,45,43,9.950566,9.975473720930232,0.024907720930237076,1.0174146131538548,0.23307043893502596,-7.03402850810914,0.8162039478279381,0.9993303802855232,Not significant
GENE1928,2,Microenvironment,15q,protein_coding,45,43,9.820948,9.796146744186046,-0.024801255813949652,0.9829560002269611,-0.22623727121022394,-7.035601846427209,0.8214988649548457,0.9993303802855232,Not significant
GENE3511,2,Microenvironment,12p,protein_coding,45,43,9.028903333333334,9.05368534883721,0.024782015503873822,1.0173259672776334,0.22754459551511744,-7.035304452166179,0.820485192100363,0.9993303802855232,Not significant
GENE1097,2,Microenvironment,9p,protein_coding,45,43,8.890845777777777,8.915498837209302,0.02465305943152707,1.0172350371127457,0.24178212223181014,-7.031954833704523,0.8094657684073514,0.9993303802855232,Not significant
GENE1408,2,Microenvironment,7q,protein_coding,45,43,8.311988,8.336631162790697,0.02464316279069756,1.0172280590785898,0.21405246431813263,-7.0382913549033255,0.8309610607906202,0.9993303802855232,Not significant
GENE3817,2,Microenvironment,2p,protein_coding,45,43,7.794721333333333,7.770197674418605,-0.024523658914730184,0.9831451544026268,-0.21891169265111288,-7.037236622234183,0.8271845260564559,0.9993303802855232,Not significant
GENE3259,2,Microenvironment,12p,protein_coding,45,43,8.478722666666666,8.503192325581395,0.0244696589147253,1.0171057308016025,0.23890716674033857,-7.032647571668592,0.8116878859776595,0.9993303802855232,Not significant
GENE4000,2,Microenvironment,7q,protein_coding,45,43,8.247594888888889,8.223153953488373,-0.024440935400516395,0.9832015291398966,-0.1969945327561598,-7.041806650049074,0.8442491365064952,0.9993303802855232,Not significant
GENE3954,2,Microenvironment,10q,protein_coding,45,43,7.949494888888889,7.925268372093023,-0.02422651679586707,0.983347667000596,-0.20154890319856225,-7.0408966114401235,0.840696720382144,0.9993303802855232,Not significant
GENE1305,2,Microenvironment,18q,protein_coding,45,43,7.788410444444445,7.812561162790698,0.02415071834624971,1.0168809012875049,0.20790779903026116,-7.039591236063202,0.8357422942230454,0.9993303802855232,Not significant
GENE2043,2,Microenvironment,4q,protein_coding,45,43,8.485369333333333,8.4613,-0.024069333333329723,0.9834548098181581,-0.1881471676806428,-7.043515099819973,0.8511592359454854,0.9993303802855232,Not significant
MEOTH073,2,Microenvironment,10q,protein_coding,45,43,10.383895777777777,10.359841860465115,-0.02405391731266171,0.9834653186507573,-0.11758737756673676,-7.054332590443433,0.9066407794723348,0.9993303802855232,Not significant
GENE3933,2,Microenvironment,18q,protein_coding,45,43,7.750788666666667,7.726770465116279,-0.02401820155038159,0.9834896658948556,-0.21406216799343802,-7.038289272215081,0.8309535152251619,0.9993303802855232,Not significant
GENE2247,2,Microenvironment,4q,protein_coding,45,43,6.769982,6.793962093023256,0.02398009302325743,1.01676064345921,0.23261820870247082,-7.034134079165253,0.8165541137663184,0.9993303802855232,Not significant
GENE3500,2,Microenvironment,15q,protein_coding,45,43,8.831580888888888,8.807710697674418,-0.023870191214475867,0.9835905701739953,-0.21416969291504878,-7.038266187956327,0.8308699050438514,0.9993303802855232,Not significant
GENE2201,2,Microenvironment,9p,protein_coding,45,43,8.200784,8.177091860465117,-0.023692139534881917,0.98371196849828,-0.23411230451591666,-7.033784509969478,0.8153973638875824,0.9993303802855232,Not significant
GENE1442,2,Microenvironment,3q,protein_coding,45,43,9.130539555555556,9.106888139534883,-0.02365141602067311,0.9837397365106416,-0.21816624272391585,-7.037399963700107,0.8277636197319317,0.9993303802855232,Not significant
GENE2270,2,Microenvironment,3q,protein_coding,45,43,8.665715333333333,8.689309302325581,0.023593968992248193,1.0164885532568648,0.2163028078976504,-7.037805840972307,0.8292116217411358,0.9993303802855232,Not significant
GENE3866,2,Microenvironment,3q,protein_coding,45,43,10.649648444444445,10.626142790697674,-0.023505653746770605,0.983839133390019,-0.20495413256914768,-7.0402026127224024,0.8380427830253225,0.9993303802855232,Not significant
GENE1149,2,Microenvironment,18q,protein_coding,45,43,7.170942,7.147479069767442,-0.023462930232558854,0.983868268922054,-0.20700387136230813,-7.039779267284199,0.8364461755767566,0.9993303802855232,Not significant
GENE2813,2,Microenvironment,9p,protein_coding,45,43,8.577157777777778,8.600416976744187,0.02325919896640194,1.0162527096368419,0.18333264395014517,-7.044411843096234,0.8549244654193188,0.9993303802855232,Not significant
GENE2837,2,Microenvironment,9p,protein_coding,45,43,10.025330222222223,10.002106046511628,-0.023224175710593542,0.984031104746621,-0.23247114463962,-7.034168366459692,0.8166679948129069,0.9993303802855232,Not significant
GENE3843,2,Microenvironment,4q,protein_coding,45,43,9.305365777777778,9.328585581395348,0.0232198036175717,1.0162249594316746,0.23731976018773673,-7.03302652036077,0.8129154898944707,0.9993303802855232,Not significant
MEOTH202,2,Microenvironment,4q,protein_coding,45,43,11.526138222222222,11.54931046511628,0.023172242894055728,1.0161914585210263,0.1015415679540663,-7.05609596017135,0.9193327780769533,0.9993303802855232,Not significant
GENE3702,2,Microenvironment,10q,protein_coding,45,43,11.402922444444444,11.379809534883721,-0.023112909560721207,0.9841069999091491,-0.2114704248714591,-7.038842183213697,0.8329694116762207,0.9993303802855232,Not significant
GENE3145,2,Microenvironment,2p,protein_coding,45,43,9.25771488888889,9.280762558139536,0.02304766925064783,1.0161037163416051,0.19728979906594088,-7.041748280935623,0.8440187299207375,0.9993303802855232,Not significant
GENE3294,2,Microenvironment,10q,protein_coding,45,43,8.71286488888889,8.735891162790697,0.02302627390180767,1.016088647507478,0.21592881887170956,-7.037886880946958,0.8295023051146576,0.9993303802855232,Not significant
GENE1226,2,Microenvironment,3q,protein_coding,45,43,9.936009555555556,9.958886046511628,0.022876490956074136,1.0159831610073786,0.21020171709523947,-7.039110390575279,0.8339566392471546,0.9993303802855232,Not significant
GENE2252,2,Microenvironment,15q,protein_coding,45,43,9.403102666666667,9.425979069767441,0.022876403100772436,1.0159830991374048,0.19925645495782981,-7.041357278137553,0.8424844266116173,0.9993303802855232,Not significant
GENE1593,2,Microenvironment,18q,protein_coding,45,43,8.759450888888889,8.782308604651163,0.022857715762274466,1.0159699391163466,0.20890694859388836,-7.039382444757898,0.8349644197931702,0.9993303802855232,Not significant
MEOTH012,2,Microenvironment,9p,protein_coding,45,43,10.005888666666667,9.983033023255814,-0.02285564341084978,0.9842825047710991,-0.08455655205475889,-7.05768123725693,0.9327903866875464,0.9993303802855232,Not significant
GENE1811,2,Microenvironment,20q,protein_coding,45,43,9.053471333333333,9.076318372093024,0.02284703875968397,1.0159624202206516,0.1926715523464821,-7.04265122785928,0.8476240484738434,0.9993303802855232,Not significant
GENE2293,2,Microenvironment,2p,protein_coding,45,43,8.31702488888889,8.294187209302326,-0.022837679586565685,0.9842947607139991,-0.20992625219269515,-7.0391684113514605,0.8341710236783999,0.9993303802855232,Not significant
GENE1585,2,Microenvironment,2p,protein_coding,45,43,8.913604,8.89080511627907,-0.02279888372092742,0.9843212299813422,-0.22688303731933165,-7.035455159445364,0.8209981130096743,0.9993303802855232,Not significant
GENE1656,2,Microenvironment,21q,protein_coding,45,43,10.087972,10.065184418604652,-0.022787581395350642,0.9843289413564259,-0.19488767824340889,-7.0422206039005095,0.8458935802079071,0.9993303802855232,Not significant
GENE3683,2,Microenvironment,20q,protein_coding,45,43,9.192870888888889,9.215652325581395,0.022781436692511647,1.0159162235417025,0.2088004728318028,-7.039404742502127,0.8350473072705081,0.9993303802855232,Not significant
GENE1839,2,Microenvironment,4q,protein_coding,45,43,10.031991555555555,10.05477023255814,0.022778677002582626,1.0159142802265806,0.21416205771578958,-7.038267827520316,0.8308758420256187,0.9993303802855232,Not significant
GENE1872,2,Microenvironment,21q,protein_coding,45,43,8.526731555555555,8.549201627906976,0.02247007235141929,1.015696990824648,0.20023867246179253,-7.041160546540733,0.8417183682571316,0.9993303802855232,Not significant
GENE3008,2,Microenvironment,15q,protein_coding,45,43,9.381694666666666,9.35938511627907,-0.022309550387596744,0.9846551487022384,-0.19847471697293004,-7.041513164244334,0.8430942337613323,0.9993303802855232,Not significant
GENE2621,2,Microenvironment,9p,protein_coding,45,43,9.442983555555555,9.465291627906977,0.02230807235141974,1.0155829447719849,0.21010156965985577,-7.039131493279758,0.834034578946417,0.9993303802855232,Not significant
GENE2905,2,Microenvironment,2p,protein_coding,45,43,8.616567333333334,8.638742558139535,0.02217522480620282,1.0154894312533704,0.1976213089381712,-7.041682642997111,0.8437600573759586,0.9993303802855232,Not significant
GENE1778,2,Microenvironment,3q,protein_coding,45,43,9.37047,9.392633255813953,0.022163255813961058,1.015481006510537,0.2254372587173618,-7.03578299155565,0.8221193279408532,0.9993303802855232,Not significant
GENE2534,2,Microenvironment,3q,protein_coding,45,43,10.513672666666666,10.491571860465116,-0.022100806201548195,0.9847976292004432,-0.2011435220829455,-7.04097845584771,0.8410127858729651,0.9993303802855232,Not significant
GENE1934,2,Microenvironment,3q,protein_coding,45,43,10.097864222222222,10.07583023255814,-0.022033989664077325,0.9848432398732394,-0.1922333353992615,-7.042735796746365,0.8479663200931578,0.9993303802855232,Not significant
GENE2163,2,Microenvironment,4q,protein_coding,45,43,9.875947777777778,9.897973488372093,0.022025710594316905,1.0153841960993857,0.1898427630410822,-7.0431937511646625,0.8498340001558139,0.9993303802855232,Not significant
GENE1983,2,Microenvironment,4q,protein_coding,45,43,9.355184666666666,9.377122325581395,0.021937658914731983,1.015322226276897,0.21505077041174736,-7.038076595355901,0.8301848623313582,0.9993303802855232,Not significant
GENE2199,2,Microenvironment,4q,protein_coding,45,43,9.594103555555556,9.572184651162791,-0.02191890439275923,0.984921804967758,-0.2041444264364922,-7.040368686658781,0.838673676226791,0.9993303802855232,Not significant
GENE3036,2,Microenvironment,21q,protein_coding,45,43,9.889304222222222,9.910520930232558,0.02121670801033737,1.0148149710439778,0.19534883456464838,-7.042130376307316,0.8455335795631129,0.9993303802855232,Not significant
GENE1823,2,Microenvironment,20q,protein_coding,45,43,11.472628888888888,11.493838372093023,0.021209483204138735,1.0148098890114436,0.20783528279678232,-7.039606350783626,0.8357987571214535,0.9993303802855232,Not significant
GENE2698,2,Microenvironment,19q,protein_coding,45,43,6.857447777777778,6.836239534883721,-0.021208242894060092,0.9854070900825909,-0.18695483624856593,-7.043739344886443,0.8520913889639268,0.9993303802855232,Not significant
MEOTH060,2,Microenvironment,9p,protein_coding,45,43,10.70462911111111,10.72574976744186,0.021120656330749554,1.0147474089917654,0.10987016025817503,-7.055212907347465,0.9127421680908832,0.9993303802855232,Not significant
MEOTH178,2,Microenvironment,4q,protein_coding,45,43,7.720363555555555,7.6993441860465115,-0.021019369509043706,0.9855361051210678,-0.15658435485876085,-7.048970882067853,0.8759019350668066,0.9993303802855232,Not significant
GENE1291,2,Microenvironment,12p,protein_coding,45,43,8.376396444444445,8.39725488372093,0.02085843927648412,1.0145629903244264,0.16898358106721026,-7.046946687944877,0.8661658293667535,0.9993303802855232,Not significant
GENE1038,2,Microenvironment,10q,protein_coding,45,43,7.392047333333333,7.412688372093023,0.020641038759688257,1.0144101167826476,0.1804185842657051,-7.04494332562451,0.8572050616532393,0.9993303802855232,Not significant
GENE3785,2,Microenvironment,9p,protein_coding,45,43,8.021238222222221,8.000601162790698,-0.020637059431523497,0.9857973039893956,-0.21427533610994862,-7.0382434964017575,0.8307877599660847,0.9993303802855232,Not significant
GENE1738,2,Microenvironment,19q,protein_coding,45,43,8.106042,8.08547511627907,-0.0205668837209263,0.9858452564026813,-0.17204930339540203,-7.046422443996078,0.8637616837811714,0.9993303802855232,Not significant
GENE2282,2,Microenvironment,3q,protein_coding,45,43,9.059707111111111,9.08021,0.020502888888891846,1.014312983353195,0.15189896543112522,-7.049695661469582,0.8795860466677752,0.9993303802855232,Not significant
GENE2420,2,Microenvironment,15q,protein_coding,45,43,10.403883333333333,10.383427674418604,-0.02045565891472556,0.9859212632311153,-0.1943404388027584,-7.042327397640732,0.8463208238411305,0.9993303802855232,Not significant
GENE2907,2,Microenvironment,4q,protein_coding,45,43,8.160640444444445,8.18099023255814,0.020349788113698253,1.0142053487803815,0.193394541098336,-7.042511281952648,0.8470594181916572,0.9993303802855232,Not significant
GENE1753,2,Microenvironment,2p,protein_coding,45,43,7.497821777777778,7.517509767441861,0.0196879896640878,1.0137402154123776,0.1804309287460548,-7.044941092116949,0.8571953980694316,0.9993303802855232,Not significant
GENE1016,2,Microenvironment,15q,protein_coding,45,43,8.74264288888889,8.722957674418605,-0.019685214470287704,0.9864479167503671,-0.16623579004142944,-7.047408559957871,0.8683217226846143,0.9993303802855232,Not significant
GENE3678,2,Microenvironment,10q,protein_coding,45,43,8.179579555555556,8.159920930232559,-0.019658625322998446,0.9864660973428768,-0.15601381003950604,-7.049060315883641,0.8763504088756042,0.9993303802855232,Not significant
GENE3004,2,Microenvironment,7q,protein_coding,45,43,11.76930288888889,11.749902790697675,-0.019400098191209025,0.9866428852953432,-0.15933825946815627,-7.048534614644051,0.8737378142799882,0.9993303802855232,Not significant
GENE3726,2,Microenvironment,10q,protein_coding,45,43,9.450919777777777,9.470131395348837,0.019211617571061268,1.0134055377330509,0.17436189423508291,-7.046020754144575,0.861948991553069,0.9993303802855232,Not significant
GENE1775,2,Microenvironment,20q,protein_coding,45,43,9.019632444444444,9.038823720930232,0.019191276485791775,1.013391249458293,0.1554673384084295,-7.0491456702523765,0.8767799978927666,0.9993303802855232,Not significant
GENE2950,2,Microenvironment,19q,protein_coding,45,43,8.56332,8.582472790697674,0.019152790697674504,1.0133642162741465,0.16056473211844105,-7.048337872923034,0.872774314117909,0.9993303802855232,Not significant
GENE1658,2,Microenvironment,3q,protein_coding,45,43,10.012192222222222,9.993046744186046,-0.019145478036175945,0.9868170325179646,-0.1970685531656541,-7.041792025680699,0.8441913745306568,0.9993303802855232,Not significant
GENE1695,2,Microenvironment,4q,protein_coding,45,43,9.388608,9.36947534883721,-0.019132651162790282,0.9868258062594982,-0.15866513610936137,-7.048641951309619,0.8742666917373324,0.9993303802855232,Not significant
GENE3932,2,Microenvironment,15q,protein_coding,45,43,10.558854222222223,10.539809302325581,-0.01904491989663981,0.9868858176322483,-0.17560850777889886,-7.045801997894567,0.8609721564337334,0.9993303802855232,Not significant
GENE3627,2,Microenvironment,4q,protein_coding,45,43,9.520933777777778,9.53968488372093,0.01875110594315288,1.0130821079401036,0.15676977087028263,-7.04894174756023,0.8757561984749727,0.9993303802855232,Not significant
GENE2744,2,Microenvironment,15q,protein_coding,45,43,7.345045777777778,7.363761860465116,0.01871608268734004,1.0130575143828062,0.18293627022397752,-7.04448463597818,0.8552346028489852,0.9993303802855232,Not significant
GENE2323,2,Microenvironment,12p,protein_coding,45,43,11.184414,11.203058372093023,0.01864437209302139,1.0130071606012294,0.15463684826451882,-7.049274812831237,0.8774329284005642,0.9993303802855232,Not significant
GENE3766,2,Microenvironment,19q,protein_coding,45,43,9.126278,9.144882325581396,0.018604325581394576,1.0129790418104574,0.15273147872646786,-7.0495684882506815,0.8789312473966953,0.9993303802855232,Not significant
GENE1049,2,Microenvironment,9p,protein_coding,45,43,8.335124666666667,8.316596976744187,-0.01852768992248066,0.9872396959116077,-0.16121665397365118,-7.048232682698744,0.8722622511315065,0.9993303802855232,Not significant
GENE3709,2,Microenvironment,2p,protein_coding,45,43,9.030568666666667,9.04908976744186,0.0185211007751942,1.0129206077336466,0.18485603976274276,-7.04413061055184,0.8537327166073143,0.9993303802855232,Not significant
GENE3208,2,Microenvironment,7q,protein_coding,45,43,9.823449777777778,9.804968139534884,-0.018481638242894505,0.9872712096899805,-0.15914152858134384,-7.048566032443304,0.8738923811183004,0.9993303802855232,Not significant
GENE1058,2,Microenvironment,3q,protein_coding,45,43,8.677526666666667,8.695948139534885,0.01842147286821927,1.0128506610901347,0.17523789816072544,-7.045867195302793,0.8612625402914309,0.9993303802855232,Not significant
GENE2828,2,Microenvironment,15q,protein_coding,45,43,7.5832617777777775,7.601439534883721,0.01817775710594649,1.012679573774371,0.15778918491981328,-7.048780950969837,0.8749550177663046,0.9993303802855232,Not significant
GENE3293,2,Microenvironment,9p,protein_coding,45,43,9.738628444444444,9.75678,0.018151555555556698,1.0126611821301335,0.17582707939073436,-7.045763482386284,0.8608009079040291,0.9993303802855232,Not significant
MEOTH215,2,Microenvironment,7q,protein_coding,45,43,9.238227777777778,9.25610023255814,0.017872454780363256,1.0124652937575034,0.11802431883211292,-7.054280961451607,0.9062954886808099,0.9993303802855232,Not significant
GENE2447,2,Microenvironment,20q,protein_coding,45,43,10.088594444444444,10.106012790697674,0.017418346253236905,1.0121466562364176,0.16241410873511497,-7.048038358685516,0.8713218319354362,0.9993303802855232,Not significant
GENE3373,2,Microenvironment,2p,protein_coding,45,43,7.610958888888889,7.628314651162791,0.01735576227390556,1.0121027503590792,0.17490390444986925,-7.045925833340659,0.8615242507981882,0.9993303802855232,Not significant
GENE1380,2,Microenvironment,21q,protein_coding,45,43,10.568312,10.58558511627907,0.017273116279080014,1.0120447728652417,0.14710867841569658,-7.050413916797941,0.8833553777278111,0.9993303802855232,Not significant
GENE3357,2,Microenvironment,18q,protein_coding,45,43,8.25357111111111,8.236352325581395,-0.017218785529712122,0.9881357887789993,-0.16013627688461773,-7.048406773918011,0.8731108809891358,0.9993303802855232,Not significant
GENE1707,2,Microenvironment,4q,protein_coding,45,43,9.221125333333333,9.204192325581396,-0.0169330077519394,0.9883315440926218,-0.13342818776196955,-7.0523385087888855,0.8941346275405961,0.9993303802855232,Not significant
MEOTH221,2,Microenvironment,19q,protein_coding,45,43,9.919573555555555,9.936479534883722,0.016905979328170062,1.011787260536985,0.08869717172129629,-7.0573214458930495,0.9295077308236666,0.9993303802855232,Not significant
GENE1284,2,Microenvironment,21q,protein_coding,45,43,9.90139288888889,9.91807023255814,0.016677343669250888,1.011626927056254,0.15589895788393543,-7.049078279689902,0.8764406927001949,0.9993303802855232,Not significant
GENE1614,2,Microenvironment,10q,protein_coding,45,43,9.318298888888888,9.301676511627907,-0.016622377260979704,0.9885443672864158,-0.14883057906118283,-7.050158383320581,0.8820001530329858,0.9993303802855232,Not significant
GENE1905,2,Microenvironment,18q,protein_coding,45,43,9.550052222222222,9.533569069767442,-0.016483152454782157,0.9886397696653901,-0.12952582457580905,-7.05285310389201,0.8972131456512478,0.9993303802855232,Not significant
GENE3645,2,Microenvironment,18q,protein_coding,45,43,9.844179333333333,9.860656279069767,0.016476945736435766,1.0114864165118356,0.1548204153527719,-7.049246327367075,0.8772886008338732,0.9993303802855232,Not significant
GENE2707,2,Microenvironment,12p,protein_coding,45,43,11.450744666666667,11.434335116279069,-0.016409550387596283,0.9886902084517385,-0.15361094658182275,-7.0494333877042905,0.8782396081690665,0.9993303802855232,Not significant
GENE1456,2,Microenvironment,7q,protein_coding,45,43,9.977771111111112,9.994086046511628,0.016314935400513875,1.0113728359915635,0.14328806976965922,-7.050970288630439,0.8863636267575481,0.9993303802855232,Not significant
GENE2374,2,Microenvironment,19q,protein_coding,45,43,10.061484,10.04526976744186,-0.01621423255813781,0.9888240703508654,-0.1475532084111571,-7.050348232276979,0.8830054763026414,0.9993303802855232,Not significant
GENE1075,2,Microenvironment,12p,protein_coding,45,43,8.595382444444445,8.579265813953489,-0.01611663049095391,0.988890969130791,-0.1547198534306689,-7.049261936488634,0.8773676660056678,0.9993303802855232,Not significant
GENE3356,2,Microenvironment,15q,protein_coding,45,43,8.822520222222222,8.838380930232558,0.015860708010338342,1.0110544589824275,0.1499163060497006,-7.049995731378853,0.8811458099296472,0.9993303802855232,Not significant
MEOTH203,2,Microenvironment,7q,protein_coding,45,43,8.290882222222223,8.306608139534884,0.01572591731266293,1.0109600007872375,0.08702669144194224,-7.057468668310339,0.9308319331535465,0.9993303802855232,Not significant
GENE1181,2,Microenvironment,9p,protein_coding,45,43,9.332294888888889,9.316708604651163,-0.015586284237722126,0.9892545601976065,-0.1409019984032989,-7.051310334291039,0.8882432049598818,0.9993303802855232,Not significant
GENE3263,2,Microenvironment,20q,protein_coding,45,43,8.833712444444444,8.818128837209303,-0.015583607235139851,0.9892563958173279,-0.1523040916551876,-7.04963386190572,0.8792673910019458,0.9993303802855232,Not significant
GENE1478,2,Microenvironment,3q,protein_coding,45,43,10.473736,10.489311162790697,0.015575162790700148,1.0108543659685676,0.13047045596740162,-7.052729938284969,0.8964677935376697,0.9993303802855232,Not significant
GENE2915,2,Microenvironment,20q,protein_coding,45,43,9.117223777777777,9.101653023255814,-0.015570754521965213,0.9892652089656286,-0.1251023944888244,-7.053417948222981,0.900704624809025,0.9993303802855232,Not significant
GENE3757,2,Microenvironment,2p,protein_coding,45,43,9.810528,9.825876279069767,0.015348279069769433,1.0106954076576486,0.132618279828752,-7.052446564931701,0.8947734206496674,0.9993303802855232,Not significant
GENE2152,2,Microenvironment,7q,protein_coding,45,43,6.988386222222222,7.003617906976745,0.015231684754525077,1.0106137295663182,0.1397168497050534,-7.051477111576203,0.8891770192396873,0.9993303802855232,Not significant
GENE3629,2,Microenvironment,9p,protein_coding,45,43,9.75459911111111,9.73938441860465,-0.015214692506461347,0.9895093930965408,-0.13189290861097425,-7.052542784101733,0.8953455965529504,0.9993303802855232,Not significant
GENE3646,2,Microenvironment,19q,protein_coding,45,43,9.591030666666667,9.606210697674419,0.015180031007751893,1.0105775465548754,0.14315152694932468,-7.050989901691291,0.8864711681223654,0.9993303802855232,Not significant
MEOTH159,2,Microenvironment,15q,protein_coding,45,43,11.146432,11.13134534883721,-0.015086651162786069,0.9895972174330571,-0.09440303794525573,-7.056797472516444,0.9249861649127811,0.9993303802855232,Not significant
GENE1002,2,Microenvironment,10q,protein_coding,45,43,8.380390444444444,8.395372790697675,0.014982346253228584,1.0104390820269744,0.1139943492469286,-7.054749883154378,0.9094808269960569,0.9993303802855232,Not significant
GENE3790,2,Microenvironment,19q,protein_coding,45,43,8.596845111111111,8.611511860465116,0.014666749354008246,1.0102180674985535,0.12092863951781575,-7.053932921662491,0.9040008231677328,0.9993303802855232,Not significant
GENE1274,2,Microenvironment,3q,protein_coding,45,43,9.193649111111112,9.178987906976744,-0.014661204134363004,0.9898890901218033,-0.12011775526607335,-7.054030945180609,0.904641411044856,0.9993303802855232,Not significant
GENE2893,2,Microenvironment,2p,protein_coding,45,43,10.578054444444444,10.592673953488372,0.014619509043928502,1.0101849889669998,0.11877428352494458,-7.054191899327531,0.9057028745630389,0.9993303802855232,Not significant
GENE2021,2,Microenvironment,9p,protein_coding,45,43,9.15346911111111,9.139158139534883,-0.014310971576223963,0.9901294274514233,-0.12808657611329247,-7.053039040065336,0.8983489474165074,0.9993303802855232,Not significant
GENE1024,2,Microenvironment,7q,protein_coding,45,43,8.529330444444444,8.515056976744185,-0.014273467700256504,0.9901551668993653,-0.12455145686955225,-7.053486925597109,0.9011396261911137,0.9993303802855232,Not significant
GENE1901,2,Microenvironment,9p,protein_coding,45,43,8.652614222222223,8.666773720930232,0.01415949870800759,1.0098629379128232,0.1191926136213431,-7.054141975471541,0.9053723377220018,0.9993303802855232,Not significant
GENE3156,2,Microenvironment,21q,protein_coding,45,43,8.121917555555555,8.136002093023256,0.01408453746769922,1.0098104676335289,0.13526026387733284,-7.052091650787251,0.892689884691199,0.9993303802855232,Not significant
GENE3775,2,Microenvironment,12p,protein_coding,45,43,7.618869111111111,7.632903488372093,0.014034377260980335,1.0097753587436886,0.12123068595798084,-7.053896240331491,0.903762226657633,0.9993303802855232,Not significant
MEOTH059,2,Microenvironment,7q,protein_coding,45,43,8.448015333333334,8.434094418604651,-0.013920914728680955,0.9903971617720063,-0.05446351048788593,-7.059779488884827,0.9566792946709866,0.9993303802855232,Not significant
GENE3255,2,Microenvironment,4q,protein_coding,45,43,10.004063111111112,10.017834186046512,0.01377107493540386,1.0095910842213265,0.12156890752583507,-7.053855057228553,0.903495064689705,0.9993303802855232,Not significant
GENE3176,2,Microenvironment,15q,protein_coding,45,43,9.163634444444444,9.149998837209303,-0.013635607235139346,0.9905930421666689,-0.1175438292188738,-7.05433772562673,0.9066751943338662,0.9993303802855232,Not significant
GENE2396,2,Microenvironment,15q,protein_coding,45,43,9.098631777777777,9.111953953488372,0.01332217571058969,1.009276995559822,0.13848935416758276,-7.051648363512025,0.8901443645443279,0.9993303802855232,Not significant
MEOTH014,2,Microenvironment,12p,protein_coding,45,43,11.442619777777777,11.455858372093024,0.013238594315245322,1.0092185255896187,0.0971442506780192,-7.056534134257578,0.9228147795919903,0.9993303802855232,Not significant
GENE1755,2,Microenvironment,4q,protein_coding,45,43,7.458938888888889,7.4721602325581395,0.013221343669250984,1.0092064581970395,0.10890448323795597,-7.055318859881631,0.913506027476154,0.9993303802855232,Not significant
GENE2095,2,Microenvironment,12p,protein_coding,45,43,6.9505331111111115,6.937421395348837,-0.01311171576227288,0.9909528253995358,-0.12855032560015653,-7.052979355165424,0.8979829502248227,0.9993303802855232,Not significant
GENE3350,2,Microenvironment,3q,protein_coding,45,43,9.615511333333334,9.6026932558139535,-0.012818077519380466,0.9911545390345076,-0.11785315709921311,-7.054301208734002,0.9064307463001713,0.9993303802855232,Not significant
GENE3497,2,Microenvironment,9p,protein_coding,45,43,9.435611555555555,9.42285488372093,-0.012756671834624811,0.9911967266186558,-0.10350196180241401,-7.055894365751721,0.9177809486515941,0.9993303802855232,Not significant
GENE2690,2,Microenvironment,3q,protein_coding,45,43,8.924826666666666,8.937528372093023,0.012701705426353627,1.0088430218349442,0.1174952996025036,-7.054343445956565,0.9067135459416897,0.9993303802855232,Not significant
GENE2365,2,Microenvironment,2p,protein_coding,45,43,8.043010888888888,8.030378139534884,-0.012632749354004602,0.9912818706229092,-0.10654569377651285,-7.055573730717514,0.9153721914113229,0.9993303802855232,Not significant
GENE1019,2,Microenvironment,20q,protein_coding,45,43,8.017948666666667,8.030469069767442,0.012520403100772626,1.0087162493095638,0.09897090009341748,-7.056354470887212,0.9213681667682029,0.9993303802855232,Not significant
GENE2203,2,Microenvironment,12p,protein_coding,45,43,9.158187555555555,9.145715348837209,-0.01247220671834448,0.9913921862854024,-0.1096685538344665,-7.055235104515385,0.9129016338834849,0.9993303802855232,Not significant
GENE2691,2,Microenvironment,4q,protein_coding,45,43,9.85755,9.869931162790698,0.012381162790694233,1.0086188987388032,0.1260612273704361,-7.053297176641989,0.8999476356711811,0.9993303802855232,Not significant
GENE1178,2,Microenvironment,3q,protein_coding,45,43,8.013707777777778,8.001426046511629,-0.012281731266153173,0.9915230859807256,-0.11807971391665281,-7.054274402293406,0.9062517142578603,0.9993303802855232,Not significant
GENE1423,2,Microenvironment,12p,protein_coding,45,43,6.746135111111111,6.733948837209303,-0.012186273901808597,0.9915886932706287,-0.10273363734641713,-7.055973834585481,0.9183891095268409,0.9993303802855232,Not significant
GENE2188,2,Microenvironment,7q,protein_coding,45,43,8.487698222222223,8.475668604651164,-0.012029617571059248,0.9916963716614151,-0.09684496711095711,-7.056563251792686,0.9230518217138748,0.9993303802855232,Not significant
GENE2093,2,Microenvironment,9p,protein_coding,45,43,8.995420222222222,8.983403255813954,-0.012016966408268104,0.991705068001869,-0.11954414976607619,-7.054099887176647,0.9050945899269578,0.9993303802855232,Not significant
GENE2830,2,Microenvironment,19q,protein_coding,45,43,8.511638,8.523644186046512,0.012006186046518152,1.0083567785585634,0.11086370028393082,-7.0551029217518675,0.9119563542733544,0.9993303802855232,Not significant
GENE3998,2,Microenvironment,3q,protein_coding,45,43,8.272218,8.284153255813953,0.01193525581395427,1.0083072038247525,0.10891859009134829,-7.0553173188307525,0.913494868239747,0.9993303802855232,Not significant
GENE1176,2,Microenvironment,21q,protein_coding,45,43,8.294694444444444,8.306493953488372,0.011799509043930456,1.008212334151672,0.10844747067925647,-7.055368676570619,0.9138675569430426,0.9993303802855232,Not significant
GENE2077,2,Microenvironment,2p,protein_coding,45,43,8.223334666666666,8.234878837209303,0.011544170542636678,1.0080339093016144,0.10307816249472719,-7.055938273095541,0.9181163974725989,0.9993303802855232,Not significant
GENE1208,2,Microenvironment,15q,protein_coding,45,43,9.334216222222222,9.345596279069767,0.011380056847542619,1.0079192469814842,0.10734946277403616,-7.055487508918881,0.9147362332119213,0.9993303802855232,Not significant
GENE1944,2,Microenvironment,21q,protein_coding,45,43,9.887654,9.876306046511628,-0.01134795348837514,0.9921650525033079,-0.10129073685481764,-7.05612147593944,0.919531356276419,0.9993303802855232,Not significant
GENE2289,2,Microenvironment,18q,protein_coding,45,43,8.406338222222223,8.395021860465116,-0.011316361757103266,0.9921867788931641,-0.10891289951237139,-7.055317940500957,0.9134993697742086,0.9993303802855232,Not significant
GENE2974,2,Microenvironment,19q,protein_coding,45,43,9.31162,9.32285,0.011229999999999407,1.0078144172599224,0.101668566360053,-7.0560830172117,0.9192322378077978,0.9993303802855232,Not significant
GENE3308,2,Microenvironment,15q,protein_coding,45,43,7.850285333333334,7.861280465116279,0.010995131782946643,1.0076503601985365,0.10074925159596874,-7.056176343351752,0.9199600571963669,0.9993303802855232,Not significant
GENE2385,2,Microenvironment,18q,protein_coding,45,43,8.471289555555556,8.482268372093023,0.010978816537470237,1.007638964879667,0.10060089375516104,-7.056191324781939,0.9200775181572007,0.9993303802855232,Not significant
GENE3021,2,Microenvironment,18q,protein_coding,45,43,7.8517542222222225,7.862641860465116,0.010887638242897957,1.0075752841317773,0.09312902090918816,-7.056917297591984,0.9259955409337587,0.9993303802855232,Not significant
GENE3030,2,Microenvironment,10q,protein_coding,45,43,11.284495777777778,11.295345813953489,0.01085003617571445,1.0075490232667164,0.10306225219959833,-7.0559399179594635,0.9181289911979953,0.9993303802855232,Not significant
GENE1047,2,Microenvironment,4q,protein_coding,45,43,9.347227111111112,9.357907441860466,0.010680330749353928,1.007430511401439,0.09360914049813565,-7.056872332053434,0.9256151383168023,0.9993303802855232,Not significant
GENE1381,2,Microenvironment,2p,protein_coding,45,43,8.033889555555556,8.023524651162791,-0.01036490439276605,0.9928413418818568,-0.09327181423302223,-7.056903948454817,0.9258824028338265,0.9993303802855232,Not significant
GENE1391,2,Microenvironment,20q,protein_coding,45,43,10.280459333333333,10.29082,0.010360666666667129,1.0072073154619012,0.09853555602504543,-7.056397593642368,0.9217129131839363,0.9993303802855232,Not significant
GENE3028,2,Microenvironment,7q,protein_coding,45,43,9.793286222222223,9.803515348837209,0.010229126614984096,1.0071154858937306,0.08326121330991107,-7.057790262293223,0.9338175638269396,0.9993303802855232,Not significant
GENE1972,2,Microenvironment,7q,protein_coding,45,43,9.286736222222222,9.276621395348837,-0.010114826873385496,0.9930134564405458,-0.08935422552136002,-7.0572627716859815,0.9289869334267189,0.9993303802855232,Not significant
GENE2262,2,Microenvironment,10q,protein_coding,45,43,8.647035333333333,8.657122790697674,0.010087457364342356,1.0070165943836784,0.08550662480916367,-7.057600202518114,0.9320370705793246,0.9993303802855232,Not significant
GENE3808,2,Microenvironment,7q,protein_coding,45,43,9.810746,9.800742325581396,-0.010003674418603836,0.9930899661201739,-0.0982485674929557,-7.056425917180093,0.9219401858958127,0.9993303802855232,Not significant
GENE3232,2,Microenvironment,7q,protein_coding,45,43,9.911718222222222,9.901778837209303,-0.009939385012925683,0.9931342212014302,-0.09391481429258342,-7.056843583769801,0.9253729595014895,0.9993303802855232,Not significant
GENE1168,2,Microenvironment,7q,protein_coding,45,43,9.437800444444445,9.427908837209303,-0.00989160723514182,0.9931671114037885,-0.08977283718363653,-7.057225164312655,0.9286551473719613,0.9993303802855232,Not significant
GENE1947,2,Microenvironment,4q,protein_coding,45,43,8.292734888888889,8.302576744186046,0.00984185529715731,1.0068451761010049,0.083423736291368,-7.057776675512892,0.9336886802489369,0.9993303802855232,Not significant
GENE3164,2,Microenvironment,15q,protein_coding,45,43,9.124154,9.133947209302326,0.009793209302319639,1.0068112270278446,0.10231401205731432,-7.056016987045266,0.9187212809587713,0.9993303802855232,Not significant
GENE3637,2,Microenvironment,2p,protein_coding,45,43,7.7310884444444445,7.740803255813954,0.009714811369509135,1.006756517077301,0.09066988798546197,-7.057143982947697,0.927944199293423,0.9993303802855232,Not significant
GENE1880,2,Microenvironment,15q,protein_coding,45,43,8.69836688888889,8.68865953488372,-0.009707354005165314,0.9932939614511045,-0.09182562584162553,-7.057038201230312,0.9270283177422582,0.9993303802855232,Not significant
MEOTH092,2,Microenvironment,2p,protein_coding,45,43,9.26747288888889,9.257791627906977,-0.00968126098190858,0.9933119266316067,-0.07886596573121633,-7.058147655458319,0.937303729296056,0.9993303802855232,Not significant
GENE1513,2,Microenvironment,2p,protein_coding,45,43,8.766875555555556,8.757257209302326,-0.009618346253226662,0.9933552450816351,-0.087633449196547,-7.0574155173130055,0.930350929010653,0.9993303802855232,Not significant
GENE3894,2,Microenvironment,10q,protein_coding,45,43,8.525306,8.515699069767441,-0.009606930232557431,0.9933631055154452,-0.07743999934958531,-7.0582594431652375,0.9384350244517947,0.9993303802855232,Not significant
GENE1574,2,Microenvironment,3q,protein_coding,45,43,8.872720222222222,8.882281860465117,0.009561638242896464,1.0066496338808344,0.08935624941077272,-7.057262590285915,0.9289853292885852,0.9993303802855232,Not significant
GENE3904,2,Microenvironment,7q,protein_coding,45,43,9.463880666666666,9.454396511627907,-0.009484155038757436,0.9934476455838412,-0.08645823912407137,-7.057518128814888,0.9312825941422098,0.9993303802855232,Not significant
GENE1583,2,Microenvironment,20q,protein_coding,45,43,10.055725777777777,10.046245813953488,-0.00947996382429217,0.9934505316810918,-0.07766935013097973,-7.058241600988508,0.9382530596702838,0.9993303802855232,Not significant
GENE3069,2,Microenvironment,18q,protein_coding,45,43,9.572604,9.582078372093024,0.009474372093018602,1.006588745211678,0.08772294936319763,-7.057407645994962,0.9302799803885902,0.9993303802855232,Not significant
GENE2661,2,Microenvironment,18q,protein_coding,45,43,10.008782,9.999423720930233,-0.009358279069768827,0.9935343282416694,-0.08324215464825177,-7.057791853845378,0.9338326777957843,0.9993303802855232,Not significant
GENE1278,2,Microenvironment,10q,protein_coding,45,43,11.694279555555555,11.68493069767442,-0.009348857881139594,0.9935408163106052,-0.07846749980287802,-7.058179098253287,0.9376198407196555,0.9993303802855232,Not significant
GENE3220,2,Microenvironment,7q,protein_coding,45,43,9.384590888888889,9.39379,0.00919911111110494,1.0063967100498428,0.08982185132935983,-7.057220749470211,0.928616300232477,0.9993303802855232,Not significant
GENE2737,2,Microenvironment,2p,protein_coding,45,43,9.640927333333334,9.649728139534883,0.008800806201554323,1.0061188984473899,0.07644345107855019,-7.058336356266477,0.9392257143967346,0.9993303802855232,Not significant
GENE1032,2,Microenvironment,21q,protein_coding,45,43,10.556756444444444,10.548249534883722,-0.008506909560720644,0.994120810097576,-0.06948530019616249,-7.058845625504237,0.9447481628234726,0.9993303802855232,Not significant
GENE2961,2,Microenvironment,18q,protein_coding,45,43,7.938460222222222,7.946928372093024,0.008468149870795472,1.0058869344993904,0.07959044096911619,-7.058090079418883,0.9367290135613148,0.9993303802855232,Not significant
GENE3271,2,Microenvironment,12p,protein_coding,45,43,9.437027777777779,9.445441860465117,0.00841408268733801,1.0058492380681923,0.07997071084460208,-7.0580596476552335,0.9364273643456009,0.9993303802855232,Not significant
GENE3545,2,Microenvironment,9p,protein_coding,45,43,10.961849555555556,10.970118604651162,0.008269049095611436,1.005748125503779,0.07594883151170673,-7.058374160884703,0.9396181823792848,0.9993303802855232,Not significant
GENE2371,2,Microenvironment,12p,protein_coding,45,43,7.570910222222222,7.57906023255814,0.008150010335916669,1.0056651432608845,0.07310277794120693,-7.0585869216140305,0.9418767396278828,0.9993303802855232,Not significant
GENE3185,2,Microenvironment,9p,protein_coding,45,43,8.407369333333333,8.41550511627907,0.008135782945737802,1.0056552257665932,0.07293578036956666,-7.058599153416168,0.9420092796699853,0.9993303802855232,Not significant
GENE3642,2,Microenvironment,10q,protein_coding,45,43,7.806318,7.798242558139535,-0.008075441860462718,0.994418166887667,-0.07251270912147108,-7.058630016241239,0.9423450635872554,0.9993303802855232,Not significant
GENE1134,2,Microenvironment,10q,protein_coding,45,43,9.503727777777778,9.495670697674418,-0.008057080103359482,0.9944308233261512,-0.0694949409410225,-7.058844953489642,0.9447405093622876,0.9993303802855232,Not significant
GENE3426,2,Microenvironment,10q,protein_coding,45,43,8.79735111111111,8.805403720930233,0.008052609819120704,1.0055972501889228,0.07625321780609354,-7.058350925158545,0.9393766578665366,0.9993303802855232,Not significant
GENE1460,2,Microenvironment,15q,protein_coding,45,43,8.270319555555556,8.262523255813953,-0.007796299741604784,0.9946105920658146,-0.06555373161651963,-7.059111907275136,0.9478697258340723,0.9993303802855232,Not significant
GENE1477,2,Microenvironment,2p,protein_coding,45,43,8.61376688888889,8.606010930232559,-0.007755958656328943,0.9946384040638836,-0.0696684656831284,-7.058832841891552,0.9446027548266513,0.9993303802855232,Not significant
GENE1061,2,Microenvironment,9p,protein_coding,45,43,10.644477111111112,10.652191395348837,0.007714284237723135,1.0053614558072372,0.06767122318936901,-7.058970417809757,0.9461883885882385,0.9993303802855232,Not significant
GENE2254,2,Microenvironment,19q,protein_coding,45,43,8.76099111111111,8.75343,-0.0075611111111157925,0.9947727470357647,-0.06753650338394142,-7.05897955366456,0.9462953520567804,0.9993303802855232,Not significant
GENE2134,2,Microenvironment,19q,protein_coding,45,43,8.428752888888889,8.436313720930233,0.007560832041344057,1.0052545262658272,0.06923111510850995,-7.058863310015391,0.9449499536317707,0.9993303802855232,Not significant
GENE3421,2,Microenvironment,2p,protein_coding,45,43,7.771639333333333,7.764185116279069,-0.0074542170542653,0.994846455776022,-0.07077492780924959,-7.058754903318577,0.9437244173776069,0.9993303802855232,Not significant
GENE1954,2,Microenvironment,19q,protein_coding,45,43,9.7040400000000009,9.711421860465116,0.007381860465120127,1.0051298285140045,0.06613306675585391,-7.059073643359216,0.9474096965903325,0.9993303802855232,Not significant
GENE1040,2,Microenvironment,15q,protein_coding,45,43,9.685534222222222,9.678211627906977,-0.0073225943152479545,0.994937223668867,-0.06291162238357217,-7.059282144699108,0.9499679514541686,0.9993303802855232,Not significant
GENE2565,2,Microenvironment,18q,protein_coding,45,43,9.30589111111111,9.312976511627907,0.007085400516794849,1.0049233052262778,0.06288393774217108,-7.0592838914189375,0.9499899390467302,0.9993303802855232,Not significant
GENE2214,2,Microenvironment,10q,protein_coding,45,43,7.926663555555556,7.919881627906976,-0.0067819276485803215,0.9953101577867796,-0.06755104043940138,-7.058978568728539,0.9462838100251525,0.9993303802855232,Not significant
GENE1504,2,Microenvironment,7q,protein_coding,45,43,8.189911777777779,8.196593953488373,0.0066821757105941515,1.0046424743009066,0.05449516756880857,-7.059777758844441,0.9566541395479009,0.9993303802855232,Not significant
GENE1476,2,Microenvironment,21q,protein_coding,45,43,9.179107333333333,9.172456976744186,-0.006650356589148032,0.995400932330098,-0.06500778393647937,-7.059147657917339,0.9483032594532959,0.9993303802855232,Not significant
GENE1680,2,Microenvironment,21q,protein_coding,45,43,11.46395,11.457523953488373,-0.006426046511627703,0.995555709197365,-0.06380771668298386,-7.059225191859621,0.9492562797755786,0.9993303802855232,Not significant
GENE2143,2,Microenvironment,12p,protein_coding,45,43,9.111005333333333,9.117407441860465,0.006402108527131745,1.0044474642181487,0.05815762037769925,-7.059570822592703,0.953744210039003,0.9993303802855232,Not significant
GENE3535,2,Microenvironment,12p,protein_coding,45,43,10.695712444444444,10.702114418604651,0.006401974160207047,1.0044473706678787,0.060447357380822575,-7.05943461241675,0.9519252603787061,0.9993303802855232,Not significant
MEOTH217,2,Microenvironment,10q,protein_coding,45,43,9.710385777777779,9.716743488372092,0.006357710594318888,1.00441655352422,0.045848074024871094,-7.060212953750631,0.9635267746247773,0.9993303802855232,Not significant
GENE3698,2,Microenvironment,3q,protein_coding,45,43,8.562218222222223,8.568484186046511,0.006265963824288789,1.004352680673864,0.06074233462904273,-7.0594166826543185,0.951690950988193,0.9993303802855232,Not significant
GENE2599,2,Microenvironment,12p,protein_coding,45,43,7.316662222222222,7.310696976744186,-0.005965245478035008,0.9958737434028885,-0.050711809220681,-7.0599773983412515,0.9596607479743199,0.9993303802855232,Not significant
GENE1374,2,Microenvironment,10q,protein_coding,45,43,9.28625888888889,9.280379069767442,-0.005879819121446417,0.9959327138588066,-0.053394760783531704,-7.0598373055822305,0.9575285624629841,0.9993303802855232,Not significant
GENE3351,2,Microenvironment,4q,protein_coding,45,43,8.837037111111112,8.831238604651162,-0.005798506459955277,0.9959888478438242,-0.05211258561759968,-7.059905156300695,0.958547490499261,0.9993303802855232,Not significant
GENE2771,2,Microenvironment,20q,protein_coding,45,43,10.349377777777777,10.355083255813954,0.005705478036176714,1.003962566301832,0.05210007156116348,-7.059905810399388,0.9585574355999393,0.9993303802855232,Not significant
GENE1603,2,Microenvironment,12p,protein_coding,45,43,6.6991233333333335,6.693450697674419,-0.005672635658912739,0.9960757486645886,-0.04823860055963605,-7.060100143471327,0.9616265073869614,0.9993303802855232,Not significant
GENE3961,2,Microenvironment,2p,protein_coding,45,43,9.538285111111112,9.543911627906978,0.005626516795867786,1.0039076191661966,0.04586035316095135,-7.060212388937798,0.9635170131987827,0.9993303802855232,Not significant
GENE2492,2,Microenvironment,15q,protein_coding,45,43,9.257191777777777,9.26278023255814,0.005588454780360408,1.0038811338437679,0.04918636340908948,-7.0600538311875605,0.960873176432543,0.9993303802855232,Not significant
GENE1985,2,Microenvironment,9p,protein_coding,45,43,11.196621777777779,11.202176976744186,0.0055551989664124335,1.0038579934721097,0.052442075757422574,-7.05988787762545,0.9582856423075669,0.9993303802855232,Not significant
GENE3192,2,Microenvironment,21q,protein_coding,45,43,8.579776222222222,8.585263720930232,0.0054874987080122395,1.0038108872930032,0.04608695651050741,-7.060201938540556,0.9633368735252077,0.9993303802855232,Not significant
GENE1520,2,Microenvironment,15q,protein_coding,45,43,9.414933777777778,9.420420697674418,0.005486919896643627,1.003810484562682,0.044983499635398126,-7.060252342018665,0.964214090834476,0.9993303802855232,Not significant
GENE1737,2,Microenvironment,18q,protein_coding,45,43,8.191729333333333,8.197213255813953,0.005483922480619796,1.0038083989975277,0.04905730303712726,-7.0600601906960945,0.9609757582226242,0.9993303802855232,Not significant
GENE2839,2,Microenvironment,12p,protein_coding,45,43,9.009092666666668,9.014496744186047,0.0054040775193797685,1.003752845451849,0.05035371977481112,-7.0599955501544365,0.9599453500281661,0.9993303802855232,Not significant
MEOTH226,2,Microenvironment,4q,protein_coding,45,43,11.442273333333333,11.447651627906977,0.005378294573649356,1.0037349071674881,0.03302061317442856,-7.060720382558585,0.9737268477140633,0.9993303802855232,Not significant
GENE2791,2,Microenvironment,12p,protein_coding,45,43,8.670094444444445,8.675422790697674,0.0053283462532309755,1.0037001569233448,0.05079308711029668,-7.05997326039593,0.959596150721667,0.9993303802855232,Not significant
GENE1996,2,Microenvironment,7q,protein_coding,45,43,8.834640444444444,8.829425348837209,-0.005215095607232101,0.9963916968118051,-0.053230829829685314,-7.059846072491993,0.9576588323795225,0.9993303802855232,Not significant
GENE3664,2,Microenvironment,7q,protein_coding,45,43,8.771747333333334,8.766761860465117,-0.004985472868217045,0.996550297481209,-0.042468507167755784,-7.060362657084741,0.9662136021047414,0.9993303802855232,Not significant
GENE1557,2,Microenvironment,18q,protein_coding,45,43,11.418111111111111,11.423043953488373,0.0049328423772578844,1.0034250378695484,0.04777560579349581,-7.060122440046173,0.9619945322797356,0.9993303802855232,Not significant
GENE1297,2,Microenvironment,2p,protein_coding,45,43,6.893617555555555,6.898499534883721,0.004881979328163588,1.00338966216238,0.044010390735561296,-7.060295778005561,0.9649877216979401,0.9993303802855232,Not significant
GENE3559,2,Microenvironment,12p,protein_coding,45,43,8.03136,8.03621441860465,0.004854418604649524,1.0033704939527954,0.04001925452685851,-7.060463990441283,0.9681610553208639,0.9993303802855232,Not significant
MEOTH010,2,Microenvironment,4q,protein_coding,45,43,8.646671111111111,8.651344651162791,0.004673540051680192,1.0032447038022183,0.0347104192369315,-7.060662976673476,0.9723828703210085,0.9993303802855232,Not significant
GENE3731,2,Microenvironment,20q,protein_coding,45,43,8.481424222222222,8.486065813953488,0.004641591731262551,1.003222487306386,0.04348877676913741,-7.060318669887141,0.9654024236091385,0.9993303802855232,Not significant
GENE3935,2,Microenvironment,20q,protein_coding,45,43,8.504121555555555,8.508741627906977,0.004620072351420035,1.0032075232535889,0.04226894228975143,-7.0603711388920285,0.966372272912388,0.9993303802855232,Not significant
GENE1608,2,Microenvironment,21q,protein_coding,45,43,11.19243111111111,11.187908837209303,-0.0045222739018093705,0.9968703063289555,-0.03961191556887382,-7.060480259742683,0.9684849582724295,0.9993303802855232,Not significant
GENE2402,2,Microenvironment,3q,protein_coding,45,43,9.093409555555555,9.097920930232558,0.004511374677001356,1.0031319409484,0.03779358124478729,-7.0605508550436635,0.9699309033881858,0.9993303802855232,Not significant
GENE2057,2,Microenvironment,9p,protein_coding,45,43,9.264064666666666,9.259587441860464,-0.004477224806201718,0.9969014347418322,-0.04253230532871249,-7.060359937139967,0.9661628775048652,0.9993303802855232,Not significant
GENE2634,2,Microenvironment,10q,protein_coding,45,43,8.636981777777777,8.632528139534884,-0.004453638242896574,0.9969177331765982,-0.040516014219484614,-7.060443924379007,0.967766055077983,0.9993303802855232,Not significant
GENE1437,2,Microenvironment,18q,protein_coding,45,43,8.72983088888889,8.725452558139535,-0.00437833074935412,0.9969697728198327,-0.04236407692883513,-7.060367100509712,0.9662966327300527,0.9993303802855232,Not significant
GENE1051,2,Microenvironment,12p,protein_coding,45,43,10.731136444444445,10.735410930232558,0.004274485788114291,1.0029672413439257,0.036863018885789856,-7.060585700361023,0.9706709286177784,0.9993303802855232,Not significant
GENE1307,2,Microenvironment,20q,protein_coding,45,43,7.945420666666666,7.949629534883721,0.004208868217054906,1.002921624788986,0.03738660382473364,-7.060566201367224,0.9702545470219843,0.9993303802855232,Not significant
GENE1308,2,Microenvironment,21q,protein_coding,45,43,10.37195,10.367861860465116,-0.0040881395348773,0.9971703286960032,-0.03990019915786553,-7.060468762780435,0.9682557238048946,0.9993303802855232,Not significant
GENE2220,2,Microenvironment,21q,protein_coding,45,43,9.695558222222221,9.699561395348837,0.004003173126619686,1.0027786414538877,0.035465518849839194,-7.060636398572303,0.9717823317664407,0.9993303802855232,Not significant
GENE2564,2,Microenvironment,15q,protein_coding,45,43,7.527748222222222,7.52428,-0.0034682222222253145,0.9975988988112399,-0.03037517087212763,-7.0608045009915195,0.9758310355221931,0.9993303802855232,Not significant
GENE3494,2,Microenvironment,3q,protein_coding,45,43,7.2385253333333335,7.23513,-0.0033953333333363034,0.9976493015021156,-0.027116680650507964,-7.060898463808877,0.9784230755934116,0.9993303802855232,Not significant
GENE3488,2,Microenvironment,15q,protein_coding,45,43,8.171539777777777,8.17479558139535,0.003255803617570052,1.0022592994773933,0.027097941304861834,-7.06089897337976,0.9784379829275458,0.9993303802855232,Not significant
GENE2520,2,Microenvironment,21q,protein_coding,45,43,11.334917777777777,11.338028837209302,0.0031110594315251205,1.0021587488237802,0.029630136741664276,-7.060826924255101,0.9764236679914866,0.9993303802855232,Not significant
GENE1980,2,Microenvironment,21q,protein_coding,45,43,10.296697111111111,10.293876279069767,-0.0028208320413405374,0.9980466584832504,-0.026834758125492367,-7.060906092790745,0.9786473485459912,0.9993303802855232,Not significant
GENE1822,2,Microenvironment,19q,protein_coding,45,43,6.980069555555556,6.98285534883721,0.0027857932816521824,1.0019328302718034,0.026971832538626433,-7.060902393438699,0.9785383038925388,0.9993303802855232,Not significant
GENE1379,2,Microenvironment,20q,protein_coding,45,43,9.938830222222222,9.936094186046512,-0.002736036175706502,0.9981053214127769,-0.02435884695119856,-7.060969667571766,0.9806170389965627,0.9993303802855232,Not significant
GENE1768,2,Microenvironment,7q,protein_coding,45,43,9.318415555555555,9.321080697674418,0.0026651421188628177,1.0018490431213631,0.02355061034625511,-7.060989089584929,0.9812600514560871,0.9993303802855232,Not significant
GENE1265,2,Microenvironment,9p,protein_coding,45,43,8.158638444444444,8.161065813953488,0.0024273695090410996,1.0016839405696056,0.022836641861076708,-7.06100570121804,0.9818280769016312,0.9993303802855232,Not significant
GENE1812,2,Microenvironment,21q,protein_coding,45,43,9.608169555555556,9.610563720930232,0.0023941653746764047,1.0016608867262997,0.022238795206556694,-7.061019217726728,0.9823037243115993,0.9993303802855232,Not significant
GENE3711,2,Microenvironment,4q,protein_coding,45,43,8.883761777777778,8.881616279069767,-0.0021454987080122834,0.9985139588738651,-0.021007418709551633,-7.061045927728306,0.983283428655952,0.9993303802855232,Not significant
MEOTH138,2,Microenvironment,20q,protein_coding,45,43,10.864854888888889,10.862729069767441,-0.002125819121447492,0.9985275795458416,-0.012958704745300198,-7.061183050058344,0.9896876865969836,0.9993303802855232,Not significant
GENE3485,2,Microenvironment,9p,protein_coding,45,43,8.47199088888889,8.470035813953489,-0.0019550749353953734,0.9986457631282124,-0.017277245142608685,-7.061117556794144,0.9862513690636082,0.9993303802855232,Not significant
GENE3807,2,Microenvironment,4q,protein_coding,45,43,7.846373333333333,7.844516511627907,-0.0018568217054291125,0.9987137771646512,-0.017921805389314868,-7.06110617711155,0.9857385049191876,0.9993303802855232,Not significant
GENE2175,2,Microenvironment,4q,protein_coding,45,43,9.275930444444445,9.274127209302325,-0.0018032351421162218,0.9987508734542063,-0.016741098433626356,-7.061126704929539,0.9866779750549168,0.9993303802855232,Not significant
GENE3402,2,Microenvironment,10q,protein_coding,45,43,9.034927333333334,9.033143488372094,-0.001783844961238401,0.998764297005048,-0.016373325672503866,-7.061132813401899,0.9869706100076778,0.9993303802855232,Not significant
GENE1406,2,Microenvironment,3q,protein_coding,45,43,7.427862444444444,7.426083953488372,-0.0017784909560711881,0.9987680035396779,-0.01577513545362499,-7.061142459138853,0.9874465907684825,0.9993303802855232,Not significant
GENE3671,2,Microenvironment,20q,protein_coding,45,43,9.745926444444445,9.74744976744186,0.0015233229974214169,1.0010564446857189,0.013395279929151864,-7.061177279183711,0.9893402882603104,0.9993303802855232,Not significant
GENE3899,2,Microenvironment,20q,protein_coding,45,43,10.000093555555555,9.998578372093023,-0.0015151834625282135,0.9989503061693279,-0.014185950646758098,-7.061166340992209,0.9887111288373647,0.9993303802855232,Not significant
GENE1280,2,Microenvironment,15q,protein_coding,45,43,9.287291111111111,9.28583,-0.0014611111111140218,0.9989877476262797,-0.012979399410072825,-7.061182780822451,0.9896712190738836,0.9993303802855232,Not significant
GENE3944,2,Microenvironment,15q,protein_coding,45,43,8.320801333333334,8.32225976744186,0.0014584341085281949,1.0010114206315823,0.012352246012651205,-7.061190749266812,0.9901702705714893,0.9993303802855232,Not significant
GENE1447,2,Microenvironment,12p,protein_coding,45,43,7.447040888888889,7.445597906976745,-0.0014429819121435372,0.9990003011881381,-0.012886091026275928,-7.061183991358474,0.9897454680995136,0.9993303802855232,Not significant
GENE3432,2,Microenvironment,21q,protein_coding,45,43,10.820242666666667,10.818990697674419,-0.0012519689922498856,0.9991325776513363,-0.010953139368122311,-7.0612071040045175,0.9912836104885896,0.9993303802855232,Not significant
GENE2633,2,Microenvironment,9p,protein_coding,45,43,10.94432,10.94543046511628,0.001110465116276771,1.0007700120716556,0.010526963460280293,-7.061211695581,0.9916227437392326,0.9993303802855232,Not significant
GENE2521,2,Microenvironment,2p,protein_coding,45,43,10.135235777777778,10.13425,-9.857777777764198e-4,0.9993169443015036,-0.009315253415925106,-7.0612237549767265,0.9925869809220502,0.9993303802855232,Not significant
GENE2885,2,Microenvironment,9p,protein_coding,45,43,9.120054,9.120751860465116,6.978604651184384e-4,1.0004838370252132,0.0058232644591226885,-7.061250270062834,0.9953658421400242,0.9993303802855232,Not significant
GENE3918,2,Microenvironment,10q,protein_coding,45,43,9.161873111111111,9.161206976744186,-6.66134366923643e-4,0.9995383774221962,-0.005504382910971669,-7.061252081845338,0.9956196056306283,0.9993303802855232,Not significant
GENE3002,2,Microenvironment,3q,protein_coding,45,43,8.018380444444444,8.01904488372093,6.644392764894036e-4,1.000460660282526,0.006113104087558175,-7.061248534793394,0.9951351903987966,0.9993303802855232,Not significant
GENE1240,2,Microenvironment,7q,protein_coding,45,43,9.662697555555555,9.662078837209302,-6.18718346251157e-4,0.9995712290712742,-0.005729704669729019,-7.061250812213241,0.9954402962547491,0.9993303802855232,Not significant
GENE2853,2,Microenvironment,18q,protein_coding,45,43,8.56002,8.56062,6.000000000021544e-4,1.0004159748018702,0.005851446164475986,-7.061250105037606,0.99534341537754,0.9993303802855232,Not significant
GENE1004,2,Microenvironment,15q,protein_coding,45,43,9.021160666666667,9.020808604651164,-3.520620155033072e-4,0.9997559989796638,-0.0033529379038975903,-7.061261639902597,0.9973317195249523,0.9993303802855232,Not significant
GENE1814,2,Microenvironment,3q,protein_coding,45,43,7.8045073333333335,7.804839767441861,3.324341085280125e-4,1.000230452315104,0.003493278904079698,-7.061261157985576,0.9972200360839903,0.9993303802855232,Not significant
GENE2148,2,Microenvironment,21q,protein_coding,45,43,8.198318,8.198532558139535,2.1455813953075165e-4,1.0001487314289044,0.0018726676669081638,-7.061265519750475,0.9985097221528432,0.999818966729852,Not significant
MEOTH213,2,Microenvironment,3q,protein_coding,45,43,9.084185555555555,9.084033255813953,-1.5229974160035908e-4,0.9998944394354182,-9.393044388211555e-4,-7.061266836183533,0.9992524967241295,0.999818966729852,Not significant
GENE3900,2,Microenvironment,21q,protein_coding,45,43,9.038194444444445,9.038047209302325,-1.4723514211745226e-4,0.9998979495838599,-0.0014298993930300548,-7.061266253191533,0.9988620789734828,0.999818966729852,Not significant
GENE1799,2,Microenvironment,20q,protein_coding,45,43,8.776480222222222,8.776500697674418,2.0475452201296207e-5,1.000014192602678,1.833978374610433e-4,-7.061267261850394,0.9998540510422216,0.9999500509903176,Not significant
