Gene,PC_ME_Other,PC_ME_Other_Label,CHR_ARM,locus_type_n54675,N_MGUS,N_GEP70_High,Mean_MGUS,Mean_GEP70_High,Log2FC_GEP70_High_vs_MGUS,FoldChange_GEP70_High_over_MGUS,T_Statistic,B_Statistic,PValue,FDR,Direction
GEP1Q27,1,Plasma cells,1q,protein_coding,45,43,7.3329962222222225,8.281237906976743,0.9482416847545201,1.9295195812084573,5.849861954929963,7.597242561665503,6.830707104188702e-8,2.0390170460264783e-6,Up in GEP70>0.66
IG16,1,Plasma cells,14q,immunoglobulin,45,43,10.034776666666668,9.134863023255814,-0.8999136434108514,0.5359188092430679,-5.812114178793806,7.434693731085243,8.071421591534331e-8,2.373947526921862e-6,Up in MGUS
GEP1Q32,1,Plasma cells,1q,protein_coding,45,43,8.977553333333333,10.084233953488372,1.106680620155041,2.1534959646220875,5.735141216020569,7.1047884151676595,1.1327392884552781e-7,3.307267995489863e-6,Up in GEP70>0.66
GEP1Q21,1,Plasma cells,1q,protein_coding,45,43,4.592111777777777,5.660251860465117,1.068140082687341,2.0967285291287054,5.6945030863397355,6.931471431637526,1.353595379976029e-7,3.895238503528141e-6,Up in GEP70>0.66
GEP1Q02,1,Plasma cells,1q,protein_coding,45,43,7.589366888888889,8.58989441860465,1.0005275297157654,2.0007314451907035,5.643776905204558,6.7159789406375126,1.6893115478935768e-07,4.725346987114901e-6,Up in GEP70>0.66
GEP1Q22,1,Plasma cells,1q,protein_coding,45,43,7.306440222222222,8.123541395348838,0.8171011731266171,1.761862299567545,5.569521831108426,6.402266299623088,2.3327273806736234e-7,6.479798279648954e-6,Up in GEP70>0.66
IG15,1,Plasma cells,14q,immunoglobulin,45,43,10.082473111111112,9.18515,-0.8973231111111097,0.5368819803468489,-5.4353437598680685,5.840780416055807,4.1586553990797855e-7,1.1089747730879428e-5,Up in MGUS
IG12,1,Plasma cells,14q,immunoglobulin,45,43,10.650295555555555,9.823222558139534,-0.8270729974160247,0.5636716847176855,-5.382017075966686,5.61961423770912,5.223298949760779e-7,1.3567010259118905e-5,Up in MGUS
IG22,1,Plasma cells,22q,immunoglobulin,45,43,11.314172222222222,10.454226279069768,-0.8599459431524537,0.5509732021601006,-5.377687625273164,5.601709035443678,5.320609603267853e-7,1.3730605427788007e-5,Up in MGUS
GEP1Q16,1,Plasma cells,1q,protein_coding,45,43,6.9603806666666665,7.853730697674418,0.8933500310077518,1.8574843183757814,5.375005752225357,5.590621523750766,5.381776606435103e-7,1.3799427195987443e-5,Up in GEP70>0.66
GEP1Q09,1,Plasma cells,1q,protein_coding,45,43,8.507362,9.497685116279069,0.99032311627907,1.9866298808601883,5.304582794785633,5.30053779437619,7.258636046387809e-7,1.803387837611878e-5,Up in GEP70>0.66
IG21,1,Plasma cells,22q,immunoglobulin,45,43,10.238951111111112,9.533660465116279,-0.7052906459948325,0.6133189166738023,-5.279641417122974,5.198296139132072,8.066258957965331e-7,1.991668878509958e-5,Up in MGUS
IG28,1,Plasma cells,22q,immunoglobulin,45,43,10.771906444444445,9.904147674418605,-0.8677587700258407,0.5479975050628096,-5.259392294985637,5.1154826249618175,8.786015978214492e-7,2.1299432674459375e-5,Up in MGUS
GEP1Q19,1,Plasma cells,1q,protein_coding,45,43,5.818261333333333,6.778174418604651,0.9599130852713174,1.945192703745338,5.210892533343131,4.917843099263209,1.0774913227560482e-6,2.5963646331471042e-5,Up in GEP70>0.66
IG02,1,Plasma cells,14q,immunoglobulin,45,43,10.584125555555556,9.914093953488372,-0.6700316020671835,0.6284929200457674,-5.150324795390802,4.672455688413681,1.3883934619788199e-6,3.325493322104958e-5,Up in MGUS
IG27,1,Plasma cells,22q,immunoglobulin,45,43,10.277395333333333,9.384017209302325,-0.8933781240310061,0.5383520698921049,-5.108199335062916,4.502738122245345,1.6546460922836192e-6,3.84801416810144e-5,Up in MGUS
IG18,1,Plasma cells,14q,immunoglobulin,45,43,11.186400222222222,10.397602558139535,-0.7887976640826846,0.5788262823614033,-5.0653504637649265,4.330919706663446,1.976420944320774e-6,4.517533587018912e-5,Up in MGUS
IG05,1,Plasma cells,14q,immunoglobulin,45,43,9.501681111111111,8.829228139534884,-0.6724529715762273,0.6274389639534222,-5.059016057587511,4.305589858626748,2.0288970673975153e-6,4.611129698630716e-5,Up in MGUS
IG29,1,Plasma cells,22q,immunoglobulin,45,43,11.092497333333334,10.247824186046511,-0.8446731472868123,0.5568369501540323,-5.030353975606934,4.191204921216718,2.2838286022867747e-6,5.132199106262416e-5,Up in MGUS
IG04,1,Plasma cells,14q,immunoglobulin,45,43,10.417201777777779,9.552805348837209,-0.8643964289405659,0.5492761559688353,-4.955110338799801,3.892721149816248,3.1108988904738037e-6,6.913108645497342e-5,Up in MGUS
IG06,1,Plasma cells,14q,immunoglobulin,45,43,11.266222888888889,10.45641465116279,-0.8098082377260987,0.5704576778327395,-4.874967193349539,3.577722688848228,4.3119788959758e-6,9.476876694452308e-5,Up in MGUS
IG11,1,Plasma cells,14q,immunoglobulin,45,43,10.200639777777777,9.342957209302325,-0.8576825684754574,0.5518382758555569,-4.8633996744610775,3.532510283773819,4.518982023744142e-6,9.823873964661178e-5,Up in MGUS
IG24,1,Plasma cells,22q,immunoglobulin,45,43,10.72143311111111,9.951274186046511,-0.7701589250645924,0.5863528793276832,-4.833168791916099,3.4146561351300146,5.106673611969722e-6,1.1041456458312913e-4,Up in MGUS
IG23,1,Plasma cells,22q,immunoglobulin,45,43,10.936788444444444,10.135353255813953,-0.8014351886304851,0.5737781007866853,-4.8257821642788885,3.385927052199346,5.261201488468081e-6,1.1314411803157162e-4,Up in MGUS
GEP1Q36,1,Plasma cells,1q,protein_coding,45,43,7.073693333333334,7.964520930232558,0.8908275968992267,1.854239496669859,4.820335467373793,3.364760054949695,5.378048889981192e-6,1.1503847893007896e-4,Up in GEP70>0.66
GEP1Q03,1,Plasma cells,1q,protein_coding,45,43,7.579384222222222,8.365867906976744,0.786483684754522,1.7248652795881814,4.8003656828063,3.2872774683484938,5.828432824656047e-6,1.2400920903523504e-4,Up in GEP70>0.66
IG13,1,Plasma cells,14q,immunoglobulin,45,43,11.442486888888888,10.617813255813953,-0.8246736330749265,0.5646099141890638,-4.773184322759901,3.1821291663959013,6.500782099469588e-6,1.3685857051514924e-4,Up in MGUS
IG30,1,Plasma cells,22q,immunoglobulin,45,43,10.632164,9.814840930232558,-0.8173230697674416,0.5674939551417539,-4.764788253952345,3.1497236891167795,6.72328796272204e-6,1.408018421512469e-4,Up in MGUS
IG25,1,Plasma cells,22q,immunoglobulin,45,43,10.261441333333334,9.57026023255814,-0.6911811007751929,0.6193465977484105,-4.742686842853023,3.0645886556884925,7.344958163278388e-6,1.530199617349664e-4,Up in MGUS
GEP1Q28,1,Plasma cells,1q,protein_coding,45,43,6.407832222222222,7.60609,1.1982577777777808,2.294624010516649,4.74043737940685,3.055937346045148,7.411275370140351e-6,1.5360156207544766e-4,Up in GEP70>0.66
GEP1Q01,1,Plasma cells,1q,protein_coding,45,43,7.0419804444444445,8.088890930232559,1.0469104857881106,2.066100577032981,4.681208346457639,2.8290616108238815,9.38231196371704e-6,1.9245768130701622e-4,Up in GEP70>0.66
GEP1Q81,1,Plasma cells,1q,protein_coding,45,43,6.6752986666666665,7.35029488372093,0.6749962170542636,1.5965925862214465,4.658862247762207,2.743927490706934,1.025097128794877e-5,2.0920349567242388e-4,Up in GEP70>0.66
IG20,1,Plasma cells,22q,immunoglobulin,45,43,10.639957333333333,9.96966023255814,-0.6702971007751906,0.6283772693361531,-4.620751108852178,2.599322753427707,1.191553581890012e-5,2.4193981358172834e-4,Up in MGUS
GEP1Q05,1,Plasma cells,1q,protein_coding,45,43,7.760977333333333,8.47549441860465,0.714517085271317,1.6409338542801744,4.53891564137387,2.291367426427948,1.642157504347746e-5,3.284315008695492e-4,Up in GEP70>0.66
IG19,1,Plasma cells,22q,immunoglobulin,45,43,10.383851111111111,9.760143255813954,-0.6237078552971589,0.6490007923553232,-4.51585937450632,2.2052416669940182,1.796414913085686e-5,3.5749550509167876e-4,Up in MGUS
GEP1Q12,1,Plasma cells,1q,protein_coding,45,43,6.2562093333333335,7.316595813953488,1.0603864806201537,2.0854901245362116,4.480397521657946,2.0733294493926504,2.06137459788205e-5,4.0618218677478823e-4,Up in GEP70>0.66
IG09,1,Plasma cells,14q,immunoglobulin,45,43,11.301173555555556,10.669649534883721,-0.6315240206718329,0.645494173943964,-4.4731822640483845,2.0465726113180374,2.1197321198074073e-5,4.156337489818446e-4,Up in MGUS
IG01,1,Plasma cells,14q,immunoglobulin,45,43,10.407127555555556,9.700926279069767,-0.7062012764857855,0.6129319113383637,-4.4490863238319625,1.9574199136998267,2.3264237088166715e-5,4.5393633342764324e-4,Up in MGUS
GEP1Q10,1,Plasma cells,1q,protein_coding,45,43,5.7743868888888885,6.987286744186046,1.212899855297156,2.318030992060108,4.439449217320956,1.9218517376646815,2.414429874231048e-5,4.665564974359513e-4,Up in GEP70>0.66
GEP1Q61,1,Plasma cells,1q,protein_coding,45,43,9.409048444444444,10.021623488372093,0.6125750439276487,1.5289858379063055,4.440129715854209,1.924361630662327,2.4081114321772876e-5,4.665564974359513e-4,Up in GEP70>0.66
GEP1Q15,1,Plasma cells,1q,protein_coding,45,43,5.663237777777778,6.545598604651163,0.8823608268733851,1.8433893577256417,4.429103000167627,1.883722733860722,2.5124905893352847e-5,4.831712671798624e-4,Up in GEP70>0.66
IG10,1,Plasma cells,14q,immunoglobulin,45,43,9.515489333333333,8.778828604651162,-0.7366607286821747,0.6001268033877856,-4.368721192049469,1.6623691151134494,3.166229077431551e-5,6.002330004609576e-4,Up in MGUS
IG17,1,Plasma cells,14q,immunoglobulin,45,43,9.112583777777777,8.44936465116279,-0.6632191266149885,0.631467711905227,-4.354637259854349,1.6110288650220532,3.340823507151005e-5,6.273846961785926e-4,Up in MGUS
IG14,1,Plasma cells,14q,immunoglobulin,45,43,10.917959777777778,10.277001395348837,-0.6409583824289342,0.6412868003800728,-4.351639037478083,1.6001136875188635,3.3791727110723385e-5,6.316210674901568e-4,Up in MGUS
IG03,1,Plasma cells,14q,immunoglobulin,45,43,11.045610222222223,10.305951395348837,-0.7396588268733879,0.5988809608453116,-4.338507165900652,1.5523656013328662,3.5521987999009524e-5,6.608741953304098e-4,Up in MGUS
GEP1Q07,1,Plasma cells,1q,protein_coding,45,43,6.698459777777778,7.609336976744186,0.9108771989664124,1.8801883580963499,4.327657866506577,1.5129898753502822,3.701565989908405e-5,6.823163115038534e-4,Up in GEP70>0.66
GEP1Q30,1,Plasma cells,1q,protein_coding,45,43,7.011430444444445,7.741254186046511,0.7298237416020701,1.6584364630740653,4.311879772172658,1.4558439186641685,3.929644155185037e-5,7.17743224691331e-4,Up in GEP70>0.66
GEP1Q04,1,Plasma cells,1q,protein_coding,45,43,7.496833333333333,8.588963720930233,1.0921303875969022,2.1318861385981345,4.1478896731871195,0.8703168581963876,7.259287665643835e-5,0.0013198704846625155,Up in GEP70>0.66
GEP1Q35,1,Plasma cells,1q,protein_coding,45,43,8.261194,9.032097441860465,0.770903441860467,1.7063379889033117,4.127703435666359,0.7993224658884781,7.821200205032553e-5,0.0014156018470647155,Up in GEP70>0.66
IG26,1,Plasma cells,22q,immunoglobulin,45,43,10.780659555555555,10.143579302325582,-0.6370802532299713,0.6430129716448822,-4.0744470421121,0.6131814398557625,9.511237167728761e-5,0.001706051509906504,Up in MGUS
GEP1Q29,1,Plasma cells,1q,protein_coding,45,43,5.404819111111111,6.206447674418604,0.8016285633074922,1.7430676505852847,4.065231778679885,0.5811443227230892,9.837174933273726e-5,0.0017566383809417367,Up in GEP70>0.66
GEP1Q80,1,Plasma cells,1q,protein_coding,45,43,7.898574222222222,8.4905506976744185,0.5919764754521939,1.5073103311949456,4.041383906872509,0.4984737490980109,1.0731127707986517e-4,0.001907756036975381,Up in GEP70>0.66
GEP1Q78,1,Plasma cells,1q,protein_coding,45,43,6.348170666666666,7.048291162790697,0.7001204961240326,1.624640479534842,4.04015469060029,0.49422187161949704,1.0779254933759828e-4,0.0019078327316389076,Up in GEP70>0.66
GEP1Q08,1,Plasma cells,1q,protein_coding,45,43,5.734143111111111,6.449535813953489,0.7153927028423759,1.641930091594608,3.9763410672959285,0.274751090974374,1.3582397928308253e-4,0.00237247125385297,Up in GEP70>0.66
IG08,1,Plasma cells,14q,immunoglobulin,45,43,10.905418444444445,10.315155581395349,-0.5902628630490909,0.6642218729495305,-3.944038219502073,0.16460486239438055,1.5255121716269867e-4,0.002653064646307803,Up in MGUS
GEP1Q50,1,Plasma cells,1q,protein_coding,45,43,6.710296666666666,7.33689,0.626593333333334,1.5439150063052751,3.8684827718496364,-0.09049230779749617,1.9970426570469665e-4,0.003443176994908563,Up in GEP70>0.66
IG31,1,Plasma cells,22q,immunoglobulin,45,43,11.133623777777778,10.512751860465116,-0.6208719173126589,0.6502778024747908,-3.8552586623384926,-0.1347724518494653,2.0927354631974145e-4,0.003592678906776677,Up in MGUS
GEP1Q33,1,Plasma cells,1q,protein_coding,45,43,6.158598666666666,7.05325488372093,0.8946562170542638,1.8591668075267107,3.41727876319384,-1.5367320475112658,9.298513117362514e-4,0.015894894217713697,Up in GEP70>0.66
GEP1Q18,1,Plasma cells,1q,protein_coding,45,43,6.841350444444444,7.3384893023255815,0.49713885788113554,1.4114116837622388,3.3529994389769224,-1.7315234744259822,0.0011459157255918958,0.019422300433760947,Up in GEP70>0.66
GEP1Q49,1,Plasma cells,1q,protein_coding,45,43,7.335222666666667,7.844506511627907,0.5092838449612369,1.4233434712990662,3.3146139358814763,-1.8464557363592782,0.0012965620354639328,0.021882903552133886,Up in GEP70>0.66
GEP1Q57,1,Plasma cells,1q,protein_coding,45,43,5.312062666666667,5.806486976744186,0.49442431007751697,1.4087584950116507,3.2975636568588538,-1.8971706370325707,0.0013692659348567425,0.022916584683794854,Up in GEP70>0.66
GEP1Q24,1,Plasma cells,1q,protein_coding,45,43,7.030316,7.983394651162791,0.9530786511627953,1.9359995954747433,3.2958792451557466,-1.9021695329476485,0.0013766520502644052,0.022944200837740087,Up in GEP70>0.66
GENE2435,1,Plasma cells,20q,protein_coding,45,43,9.267533777777778,8.947843023255814,-0.31969075452195916,0.8012416074303765,-3.0899501339545457,-2.49780958069932,0.00262056636650586,0.04313689492190716,Up in MGUS
GEP1Q25,1,Plasma cells,1q,protein_coding,45,43,6.413594222222222,7.035576976744186,0.6219827545219614,1.5389888235102644,3.0512217128338612,-2.6063377253343534,0.0029485599670716358,0.048139754564434874,Up in GEP70>0.66
GEP1Q76,1,Plasma cells,1q,protein_coding,45,43,7.6729024444444445,8.068236976744187,0.39533453229974214,1.3152477046445004,2.9416679913318253,-2.9072154896250977,0.004093568153992811,0.06602529280633566,Not significant
GEP1Q92,1,Plasma cells,1q,protein_coding,45,43,7.288036,7.830181395348837,0.5421453953488395,1.4561362915677152,2.927239079876364,-2.946161855414619,0.004271736867677093,0.0686222789988288,Not significant
GEP1Q26,1,Plasma cells,1q,protein_coding,45,43,7.799020444444444,8.44108046511628,0.6420600206718348,1.5605558830521478,2.885097949091994,-3.0589918874314144,0.004833783987210177,0.07734054379536283,Not significant
GEP1Q60,1,Plasma cells,1q,protein_coding,45,43,7.157648222222222,7.701404186046512,0.5437559638242888,1.4577627730325016,2.858594675039768,-3.1292494180050037,0.005221276765919817,0.08320759786326401,Not significant
GEP1Q88,1,Plasma cells,1q,protein_coding,45,43,7.887400888888889,8.314825581395349,0.42742469250645776,1.3448308196730538,2.851363343918219,-3.1483242384395815,0.0053318451907689215,0.08429794768014105,Not significant
IG07,1,Plasma cells,14q,immunoglobulin,45,43,11.432391333333333,10.998979302325582,-0.4334120310077516,0.74050838099717875,-2.827479415199802,-3.2110357946094297,0.005712471279121864,0.08996017762396637,Not significant
GEP1Q34,1,Plasma cells,1q,protein_coding,45,43,7.542354444444444,8.069246046511628,0.5268916020671828,1.4408214876087895,2.824312531423469,-3.2193175767951194,0.005764768100268302,0.09042773490616944,Not significant
GEP1Q87,1,Plasma cells,1q,protein_coding,45,43,6.735154666666666,7.211776976744186,0.47662231007752354,1.3914820615076546,2.8064556534977547,-3.26586852606087,0.006067945282710113,0.09481164504234552,Not significant
GEP1Q69,1,Plasma cells,1q,protein_coding,45,43,8.091743777777777,8.523871627906978,0.4321278501291985,1.3492220956962455,2.8009290076514595,-3.2802252355565176,0.006164692445961562,0.09594852055971304,Not significant
GEP1Q17,1,Plasma cells,1q,protein_coding,45,43,5.549135777777778,6.100491627906977,0.5513558501292009,1.4654622958569923,2.688519442132956,-3.566997012981626,0.008464824268311414,0.12923395829483075,Not significant
GEP1Q82,1,Plasma cells,1q,protein_coding,45,43,8.484942222222223,9.039640465116278,0.5546982428940552,1.4688613710354506,2.681889149625548,-3.5835977523161167,0.008622224357204913,0.13113649212478956,Not significant
PCFAV033,1,Plasma cells,6p,protein_coding,45,43,7.921502888888889,8.709817906976744,0.7883150180878546,1.7270561854327702,2.662426757495877,-3.632123527019751,0.009099719493865238,0.13787453778583694,Not significant
GEP1Q06,1,Plasma cells,1q,protein_coding,45,43,6.5405882222222225,7.170684186046512,0.6300959638242905,1.5476679364307002,2.657334005453145,-3.6447711093441484,0.009228562799774366,0.13929906112866966,Not significant
GEP1Q75,1,Plasma cells,1q,protein_coding,45,43,6.416934,6.73934511627907,0.32241111627906793,1.2504185762115403,2.653579228196139,-3.6540825379743582,0.009324612792040733,0.14021974123369524,Not significant
GEP1Q58,1,Plasma cells,1q,protein_coding,45,43,8.987998888888889,9.337782558139535,0.3497836692506464,1.2743695224936762,2.614831424220224,-3.7495085523501697,0.010370031959933598,0.15535628404394902,Not significant
GENE1718,1,Plasma cells,3q,protein_coding,45,43,6.242501555555555,6.471377674418605,0.2288761188630497,1.1719216489489088,2.5827988409212344,-3.82747853955074,0.011313031188721736,0.16885121177196621,Not significant
GEP1Q107,1,Plasma cells,1q,protein_coding,45,43,6.037945555555556,6.490757209302326,0.452811653746771,1.3687051146829294,2.5657083460058816,-3.8687366490090542,0.011847181003876446,0.17551379265002143,Not significant
GEP1Q115,1,Plasma cells,1q,protein_coding,45,43,4.907306666666667,5.343803720930232,0.43649705426356533,1.3533144105364006,2.5546877604590232,-3.8952149554393456,0.012203560405900907,0.1781541665095023,Not significant
GENE1349,1,Plasma cells,9p,protein_coding,45,43,5.755984222222223,5.47888,-0.27710422222222153,0.8252457894979671,-2.557285590174774,-3.888982294809888,0.012118694468777705,0.1781541665095023,Not significant
GEP1Q52,1,Plasma cells,1q,protein_coding,45,43,6.849722666666667,7.295519069767442,0.4457964031007746,1.3620658027865118,2.545775758315054,-3.916554481036508,0.012498777499532893,0.1818003999932057,Not significant
GENE3077,1,Plasma cells,9p,protein_coding,45,43,8.227100666666667,7.96729023255814,-0.25981043410852855,0.83519765473779,-2.516859716206379,-3.985344578563579,0.013501381468870715,0.19567219520102486,Not significant
GEP1Q43,1,Plasma cells,1q,protein_coding,45,43,6.907590222222222,7.217536511627907,0.30994628940568525,1.2396615472899497,2.512718585812292,-3.9951399059865973,0.013650728482958648,0.19570936893130678,Not significant
GENE1767,1,Plasma cells,4q,protein_coding,45,43,7.240321333333333,6.946439302325581,-0.2938820310077501,0.8157041906412505,-2.5139320563587058,-3.992271055095379,0.013606812712689827,0.19570936893130678,Not significant
GENE2117,1,Plasma cells,9p,protein_coding,45,43,8.739409555555556,8.493076976744186,-0.2463325788113675,0.8430367459039171,-2.5145641531191902,-3.9907761905348784,0.013583987239844823,0.19570936893130678,Not significant
GEP1Q71,1,Plasma cells,1q,protein_coding,45,43,6.441792,6.903276976744186,0.4614849767441873,1.3769584024972472,2.4943077186930576,-4.038517436525396,0.01433280024995859,0.20475428928512274,Not significant
GENE1066,1,Plasma cells,19q,protein_coding,45,43,7.410769111111111,7.662931627906977,0.252162516795865,1.1909910046334378,2.488255240795405,-4.052716478163747,0.014563606936606667,0.20731113077020166,Not significant
GENE1126,1,Plasma cells,19q,protein_coding,45,43,8.869183111111111,8.609930697674418,-0.25925241343668937,0.8355207637027015,-2.4843139807545502,-4.061946350402941,0.014715687723123415,0.2079955861925571,Not significant
GEP1Q55,1,Plasma cells,1q,protein_coding,45,43,6.186327555555556,6.705819069767442,0.5194915142118877,1.433449931671689,2.4576258013747,-4.124107833071847,0.015783441052798924,0.22152197968840592,Not significant
GEP1Q100,1,Plasma cells,1q,protein_coding,45,43,6.395127777777778,6.692694883720931,0.29756710594315106,1.2290700180359295,2.411572151367416,-4.229982461527197,0.017789594352780085,0.2436930733257546,Not significant
PCADV064,1,Plasma cells,8q,protein_coding,45,43,6.187117111111111,6.697975581395349,0.5108584702842371,1.4248978234997982,2.3524701377483095,-4.3632540773169906,0.020694921963398005,0.2787194877225321,Not significant
GENE1942,1,Plasma cells,19q,protein_coding,45,43,8.631398444444445,8.37541465116279,-0.255983793281656,0.8374158946852224,-2.3341392691434106,-4.403991577514138,0.02167770912812647,0.2892989640917319,Not significant
GEP1Q11,1,Plasma cells,1q,protein_coding,45,43,8.30040311111111,8.758044651162791,0.45764154005168045,1.3732949746098795,2.3142229796018317,-4.44793022488081,0.02279205513362044,0.30088521628541837,Not significant
GEP1Q14,1,Plasma cells,1q,protein_coding,45,43,7.298443333333333,7.914055813953488,0.6156124806201602,1.5322083415628114,2.2880612034263486,-4.505135971772561,0.02433249269589953,0.31807179994639906,Not significant
GENE3696,1,Plasma cells,21q,protein_coding,45,43,7.514122222222222,7.2658948837209305,-0.24822733850129186,0.8419302725897021,-2.2536064215585756,-4.579585771711738,0.026500653070948732,0.34305052519027485,Not significant
GENE3182,1,Plasma cells,3q,protein_coding,45,43,9.80701111111111,10.087782093023256,0.2807709819121502,1.2148439283339523,2.2475014226745347,-4.592671637335496,0.02690202459718237,0.3471228980281596,Not significant
PCOTH155,1,Plasma cells,20q,protein_coding,45,43,6.064302444444444,6.289169534883721,0.22486709043927888,1.1686695788798438,2.2404741269649167,-4.607694897737275,0.02737062328015981,0.3520337399377467,Not significant
GENE3244,1,Plasma cells,7q,protein_coding,45,43,8.946050444444445,9.189691627906976,0.24364118346253782,1.1839771051228232,2.227600949284885,-4.635105904655744,0.028247617641362167,0.36099191873945263,Not significant
PCADV012,1,Plasma cells,8q,protein_coding,45,43,7.912104,8.346891162790698,0.4347871627906965,1.351711403698114,2.214062653302943,-4.663779614764469,0.029196360609363602,0.36851045863093235,Not significant
GENE1797,1,Plasma cells,18q,protein_coding,45,43,7.43327,7.651482790697674,0.2182127906976783,1.1632916089072927,2.2081327715160697,-4.676289282593306,0.029620613550844707,0.3725863339728894,Not significant
GEP1Q31,1,Plasma cells,1q,protein_coding,45,43,8.299338222222222,8.79521,0.49587177777777924,1.4101726231832072,2.202128841230894,-4.688924314232807,0.03005564066550943,0.3756955083188679,Not significant
GEP1Q101,1,Plasma cells,1q,protein_coding,45,43,5.87655,6.18282511627907,0.306275116279072,1.2365110362385592,2.20316993171076,-4.68673560653014,0.02997980894361866,0.3756955083188679,Not significant
PCOTH054,1,Plasma cells,10q,protein_coding,45,43,9.246686666666667,9.026154186046512,-0.22053248062015385,0.8582486091903392,-2.1967265364547868,-4.700266697514576,0.030451832334698198,0.37828363148693417,Not significant
GENE1480,1,Plasma cells,7q,protein_coding,45,43,9.977218666666667,10.231243488372092,0.2540248217054284,1.19252938973573,2.185623171548587,-4.723499664594462,0.03128045459320531,0.3861784517679668,Not significant
GEP1Q93,1,Plasma cells,1q,protein_coding,45,43,5.802099777777777,6.12464511627907,0.32254533850129263,1.2505349152594851,2.1801781361224184,-4.734854092311313,0.03169393984444232,0.3900792596239055,Not significant
GEP1Q85,1,Plasma cells,1q,protein_coding,45,43,7.0928875555555555,7.600736511627907,0.5078489560723538,1.4219285330298541,2.168200683325712,-4.759740228603125,0.03262027021267406,0.39659902994132595,Not significant
GENE3508,1,Plasma cells,7q,protein_coding,45,43,10.323304888888888,10.552936279069767,0.2296313901808773,1.1725353271758805,2.1684401773883124,-4.759243836415989,0.032601519541846535,0.39659902994132595,Not significant
GENE1652,1,Plasma cells,15q,protein_coding,45,43,8.935044,8.695436511627907,-0.23960748837209778,0.8469757162854714,-2.1554154931949068,-4.78616758224916,0.03363497145175923,0.4055817431838498,Not significant
GEP1Q73,1,Plasma cells,1q,protein_coding,45,43,6.730933555555556,7.0245027906976745,0.29356923514211974,1.2256688409851746,2.142715975599997,-4.81227750347383,0.03466990639356842,0.4147176366613432,Not significant
GEP1Q51,1,Plasma cells,1q,protein_coding,45,43,6.759763111111111,7.051204651162791,0.29144154005168144,1.2238625496964954,2.141404906512077,-4.8149650568839935,0.03477830778345396,0.4147176366613432,Not significant
PCOTH225,1,Plasma cells,18q,protein_coding,45,43,7.616235333333333,7.853116279069767,0.23688094573643692,1.1784421562456102,2.139456349302752,-4.818956634181484,0.03493996088871817,0.4147176366613432,Not significant
GENE2141,1,Plasma cells,9p,protein_coding,45,43,7.832008888888889,7.5894202325581395,-0.24258865633075022,0.8452273427203749,-2.1370297582255122,-4.823922839736213,0.03514218254935561,0.4158838171521374,Not significant
GEP1Q114,1,Plasma cells,1q,protein_coding,45,43,7.720309777777778,7.980437441860465,0.2601276640826873,1.197584674196826,2.1319510850482977,-4.8343001639283525,0.035568703779470454,0.4190592332925651,Not significant
GEP1Q108,1,Plasma cells,1q,protein_coding,45,43,6.906671555555556,7.264414418604651,0.35774286304910063,1.2814195115972615,2.1200111853590506,-4.858608709159057,0.03658915648339717,0.4291983165207879,Not significant
PCOTH220,1,Plasma cells,7q,protein_coding,45,43,7.974064444444444,7.754584651162791,-0.21947979328165523,0.8588750736295001,-2.1080571113770916,-4.88282166532281,0.03763610299032931,0.43779363095521323,Not significant
GEP1Q103,1,Plasma cells,1q,protein_coding,45,43,7.763304444444445,8.09233465116279,0.3290302067183424,1.2561686821532776,2.102653619349791,-4.893725512321861,0.038117778246039874,0.44194525502654924,Not significant
PCADV079,1,Plasma cells,1p,protein_coding,45,43,7.479355777777777,7.868492325581395,0.3891365478036164,1.3096093687653922,2.0964091101352555,-4.906294705702534,0.0386810461354617,0.4467188938726752,Not significant
GEP1Q74,1,Plasma cells,1q,protein_coding,45,43,7.873979777777778,8.178110930232558,0.30413115245478206,1.234674843556057,2.0956185727285734,-4.9078835004121775,0.03875286404345458,0.4467188938726752,Not significant
GEP1Q119,1,Plasma cells,1q,protein_coding,45,43,5.893203555555556,6.2925181395348835,0.3993145839793302,1.3188811691335112,2.0758921299318076,-4.947351974821183,0.0405825781849039,0.46512983593013063,Not significant
GENE0986,1,Plasma cells,3q,protein_coding,45,43,8.547746666666667,8.344636279069768,-0.20311038759690092,0.8686757160142525,-2.0686797267535524,-4.961697385079987,0.041269888880284836,0.47165587291754096,Not significant
GENE2329,1,Plasma cells,2p,protein_coding,45,43,7.241918444444445,6.995505581395349,-0.2464128630490965,0.8429898332318605,-2.062039189513292,-4.974865010670758,0.04191153442227769,0.47626743661679194,Not significant
GENE3334,1,Plasma cells,19q,protein_coding,45,43,6.840788444444445,6.635744418604651,-0.20504402583979253,0.8675122134099363,-2.0534974291281123,-4.991745666470679,0.042749481737267996,0.4830449913815593,Not significant
GENE1910,1,Plasma cells,3q,protein_coding,45,43,7.5331542222222225,7.310619069767442,-0.22253515245478006,0.8570580610470208,-2.044114001933227,-5.010215744118369,0.04368654055511329,0.48948504823656347,Not significant
GEP1Q54,1,Plasma cells,1q,protein_coding,45,43,9.172732,9.475117906976743,0.3023859069767436,1.2331821456526364,2.0182356152419088,-5.060752250574753,0.04636262642419977,0.5139468087745745,Not significant
GEP1Q23,1,Plasma cells,1q,protein_coding,45,43,7.047160666666667,7.543008139534884,0.49584747286821873,1.4101488663750146,2.0091960815056193,-5.078265828218321,0.047329873649204206,0.5210541122381335,Not significant
GEP1Q13,1,Plasma cells,1q,protein_coding,45,43,7.539779111111111,7.991002093023256,0.4512229819121423,1.3671987488717625,2.009869159678301,-5.0769642656277485,0.04725726375741426,0.5210541122381335,Not significant
GENE3149,1,Plasma cells,9p,protein_coding,45,43,8.428091555555556,8.221018139534884,-0.2070734160206733,0.86629277127851545,-1.9951365620906774,-5.105361781885021,0.04886850182168759,0.529739857145665,Not significant
GEP1Q105,1,Plasma cells,1q,protein_coding,45,43,8.631597555555555,9.00278069767442,0.37118314211886805,1.2934131130739632,1.9785506318458015,-5.13710166165492,0.0507382505510957,0.5444426266946731,Not significant
GENE3196,1,Plasma cells,7q,protein_coding,45,43,7.387065333333333,7.588456046511628,0.20139071317829416,1.149806198385496,1.9782798435223257,-5.137617835567202,0.05076927493927827,0.5444426266946731,Not significant
GENE2990,1,Plasma cells,3q,protein_coding,45,43,7.8659184444444445,7.664092325581396,-0.20182611886304702,0.8694493443486819,-1.9742244624598846,-5.1453403764190195,0.0512358366752726,0.5479768628371401,Not significant
GENE1201,1,Plasma cells,2p,protein_coding,45,43,8.908770222222222,8.722299302325581,-0.18647091989664233,0.8787526744572738,-1.9705899247825105,-5.152249112073147,0.05165707459078181,0.5510087956350059,Not significant
GENE2979,1,Plasma cells,4q,protein_coding,45,43,7.6787891111111115,7.473616511627907,-0.2051725994832072,0.8674349037687725,-1.957546322440902,-5.1769464903670475,0.053193127875212985,0.5614050435378679,Not significant
PCOTH051,1,Plasma cells,4q,protein_coding,45,43,8.08296088888889,7.892647441860465,-0.1903134470284229,0.8764152863287805,-1.9597169290980403,-5.172847051066598,0.05293485417867387,0.5614050435378679,Not significant
GEP1Q112,1,Plasma cells,1q,protein_coding,45,43,7.893952666666666,8.18315046511628,0.2891977984496119,1.2219606251916213,1.9375094179958956,-5.214590421253472,0.05562814032737674,0.5805385137950902,Not significant
GENE2594,1,Plasma cells,3q,protein_coding,45,43,5.563361111111111,5.766506511627907,0.20314540051679764,1.15120550852926,1.9356524977181346,-5.218060959415792,0.05585850738171437,0.5805385137950902,Not significant
GEP1Q42,1,Plasma cells,1q,protein_coding,45,43,9.45352311111111,9.718805813953487,0.265282702842379,1.201871538804026,1.9274294419017137,-5.23339267292606,0.05688837214356609,0.5852717928694143,Not significant
GEP1Q40,1,Plasma cells,1q,protein_coding,45,43,7.052162444444444,7.641813023255814,0.5896505788113693,1.5048822203256866,1.919484340360251,-5.248148802603886,0.057898621843998736,0.5923132669462786,Not significant
GEP1Q59,1,Plasma cells,1q,protein_coding,45,43,7.286758888888889,7.72240488372093,0.4356459948320399,1.3525163130087396,1.9202453073149615,-5.246737930068729,0.05780121066080217,0.5923132669462786,Not significant
GENE1748,1,Plasma cells,15q,protein_coding,45,43,8.252721777777777,8.450616279069768,0.1978945012919855,1.147023143793442,1.9121610874846915,-5.261700035673893,0.05884317324855835,0.5973926218127752,Not significant
GENE3563,1,Plasma cells,20q,protein_coding,45,43,8.1614846666666665,7.944058139534884,-0.21742652713178234,0.8600983083263364,-1.91027789228582,-5.265177021479227,0.05908815719847285,0.5975220580570509,Not significant
GEP1Q106,1,Plasma cells,1q,protein_coding,45,43,8.217356222222222,8.427204186046511,0.20984796382428783,1.1565662945405712,1.897195886099281,-5.28924301053968,0.06081383016976944,0.6111942730630096,Not significant
GENE3215,1,Plasma cells,20q,protein_coding,45,43,6.424359111111111,6.216596511627907,-0.2077625994832033,0.865879037222411,-1.8871864726111027,-5.307553040866058,0.06216265999414553,0.6216265999414553,Not significant
GEP1Q91,1,Plasma cells,1q,protein_coding,45,43,6.7190751111111116,7.07888,0.3598048888888883,1.2832523378612961,1.8803266353474282,-5.3200497108766935,0.06310151234388818,0.6278757447153053,Not significant
GENE3483,1,Plasma cells,4q,protein_coding,45,43,6.416156666666667,6.205725581395349,-0.21043108527131782,0.8642789413844246,-1.8585569772124055,-5.3594278776159285,0.06616012153970455,0.6499932371952423,Not significant
GENE3557,1,Plasma cells,9p,protein_coding,45,43,8.988844666666667,8.790329534883721,-0.1985151317829441,0.8714470232369921,-1.8512474883539374,-5.37255407936602,0.06721452608407139,0.6557514739909404,Not significant
GEP1Q84,1,Plasma cells,1q,protein_coding,45,43,7.202231777777778,7.487973488372093,0.2857417105943174,1.2190368272383003,1.8429427094329618,-5.38740918676843,0.06842951273238286,0.6627555712579454,Not significant
GENE1273,1,Plasma cells,2p,protein_coding,45,43,7.045501777777778,6.849829767441861,-0.1956720103359153,0.8731660786093164,-1.8197744890920229,-5.4285222075065755,0.07191628194323413,0.6898444311101596,Not significant
PCOTH070,1,Plasma cells,19q,protein_coding,45,43,6.092530444444445,6.286397906976744,0.19386746253229958,1.1438258874122114,1.8156747966903746,-5.435746791086432,0.07254841696550479,0.6909011827227733,Not significant
GEP1Q47,1,Plasma cells,1q,protein_coding,45,43,6.371691333333334,6.76788488372093,0.3961935503875944,1.3160310704741343,1.812768463759999,-5.440859197072931,0.0729993398288357,0.6919368704155043,Not significant
GEP1Q89,1,Plasma cells,1q,protein_coding,45,43,8.445858666666666,8.944973488372094,0.49911482170542776,1.4133461252804793,1.8040590221152253,-5.4561338228601715,0.07436459388667122,0.692986898379596,Not significant
GEP1Q72,1,Plasma cells,1q,protein_coding,45,43,8.487774666666667,8.704853488372093,0.21707882170543336,1.1623776123340093,1.8053717349214817,-5.45383598171038,0.07415747233843305,0.692986898379596,Not significant
GENE3505,1,Plasma cells,2p,protein_coding,45,43,7.391397333333334,7.175535348837209,-0.21586198449612315,0.8610315550321571,-1.8094663496586625,-5.446658529460735,0.07351449307372418,0.692986898379596,Not significant
GENE3730,1,Plasma cells,19q,protein_coding,45,43,8.446059111111111,8.242521395348838,-0.20353771576226976,0.868418451229563,-1.8055678627222795,-5.45349253534838,0.07412656819472696,0.692986898379596,Not significant
GENE1389,1,Plasma cells,18q,protein_coding,45,43,6.800648444444445,6.605256511627907,-0.19539193281653588,0.8733356071112967,-1.8002091662920832,-5.462863810084255,0.0749747996187038,0.692986898379596,Not significant
GENE2969,1,Plasma cells,9p,protein_coding,45,43,7.617017555555556,7.804003255813954,0.186985700258397,1.1383827455677462,1.799944209915527,-5.463326490171044,0.07501694776441768,0.692986898379596,Not significant
GENE1824,1,Plasma cells,21q,protein_coding,45,43,8.62070511111111,8.833182093023256,0.21247698191214326,1.1586758227316147,1.7796419283397127,-5.498590018974509,0.07830547536649432,0.7086468358958762,Not significant
GENE2456,1,Plasma cells,15q,protein_coding,45,43,9.105284666666666,8.930511860465117,-0.17477280620155078,0.8859070196398383,-1.7769930619845677,-5.503163310250009,0.0787431951758912,0.7109995049741871,Not significant
GENE3715,1,Plasma cells,12p,protein_coding,45,43,7.106557111111111,7.298121860465116,0.19156474935400514,1.1420016612407238,1.7757993673302706,-5.505222151225393,0.0789411107018031,0.7111811774937217,Not significant
GENE1457,1,Plasma cells,9p,protein_coding,45,43,6.097562666666667,5.90842511627907,-0.1891375503875956,0.8771299168436688,-1.767800700020134,-5.518984548707537,0.08027792484313456,0.7199813887276642,Not significant
GENE2850,1,Plasma cells,10q,protein_coding,45,43,8.277,8.074095813953488,-0.20290418604650995,0.8687998829904732,-1.7666471664078331,-5.520964503536884,0.08047224695142371,0.7201095924064762,Not significant
GENE3272,1,Plasma cells,15q,protein_coding,45,43,7.473535333333333,7.275492790697674,-0.1980425426356609,0.8717325332406458,-1.7606918521206205,-5.531167102378508,0.0814816505826381,0.7231206623743887,Not significant
GENE1625,1,Plasma cells,9p,protein_coding,45,43,9.90783688888889,10.086971627906976,0.17913473901809063,1.1322046382596243,1.7570386227026147,-5.537409814610232,0.0821060076342654,0.7249978599052133,Not significant
GENE3576,1,Plasma cells,21q,protein_coding,45,43,7.857089333333334,7.6899546511627905,-0.16713468217054306,0.8906097542379146,-1.7573489820429646,-5.536879938546486,0.08205281278641864,0.7249978599052133,Not significant
PCOTH100,1,Plasma cells,7q,protein_coding,45,43,6.942706222222222,7.13381488372093,0.19110866149870898,1.1416406904519385,1.7416416386806253,-5.563586903265245,0.08478088376027042,0.7407251916238721,Not significant
GENE1470,1,Plasma cells,10q,protein_coding,45,43,6.921910444444444,7.1196218604651165,0.1977114160206721,1.1468775900118915,1.735554296851195,-5.573876641863436,0.08585798475149549,0.7478254383007452,Not significant
PCOTH004,1,Plasma cells,7q,protein_coding,45,43,8.835326222222223,8.635733023255813,-0.19959319896640437,0.8707960696524092,-1.7256261785355558,-5.590586071227295,0.08763875389333622,0.7555064990804847,Not significant
GEP1Q109,1,Plasma cells,1q,protein_coding,45,43,7.540483555555555,7.216667209302326,-0.32381634625322686,0.7989536160335862,-1.7201453353912335,-5.599771981434186,0.08863472651655252,0.7559868619454615,Not significant
GEP1Q37,1,Plasma cells,1q,protein_coding,45,43,7.560488666666666,7.873604186046512,0.3131155193798465,1.242387758190391,1.720260459856818,-5.599579314762255,0.08861371136218964,0.7559868619454615,Not significant
GENE3128,1,Plasma cells,15q,protein_coding,45,43,8.56909511111111,8.367627674418605,-0.20146743669250533,0.8696655333138646,-1.7202757716660086,-5.599553688754819,0.08861091660740697,0.7559868619454615,Not significant
GENE2094,1,Plasma cells,10q,protein_coding,45,43,7.037422,7.231341627906977,0.19391962790697637,1.1438672469393825,1.7216342253963839,-5.597279313135948,0.08836325480538176,0.7559868619454615,Not significant
GENE3993,1,Plasma cells,18q,protein_coding,45,43,8.90264111111111,8.738962325581396,-0.16367878552971504,0.8927457182028801,-1.7190851029526724,-5.60154576495357,0.08882845627859173,0.7559868619454615,Not significant
GENE2889,1,Plasma cells,18q,protein_coding,45,43,8.156104666666666,7.972423255813953,-0.18368141085271272,0.8804534218945212,-1.714285017306239,-5.609563513783157,0.08970988707145455,0.7602577464035953,Not significant
GENE2131,1,Plasma cells,12p,protein_coding,45,43,7.887685777777778,7.701994418604651,-0.1856913591731244,0.8792276370555314,-1.71254505207531,-5.612464633802867,0.0900311546194913,0.7613628297631398,Not significant
PCOTH139,1,Plasma cells,12p,protein_coding,45,43,7.3744266666666665,7.558058372093023,0.1836317054263601,1.1357392935854422,1.7089066501838057,-5.618522147884343,0.09070598980761173,0.7654513907815336,Not significant
GENE1160,1,Plasma cells,15q,protein_coding,45,43,7.6456071111111115,7.8287248837209304,0.18311777260981632,1.1353347800015612,1.6937780715576338,-5.643579481986678,0.09355641927415777,0.7764018197025542,Not significant
GENE3329,1,Plasma cells,9p,protein_coding,45,43,7.973427777777777,7.78239465116279,-0.19103312661498784,0.8759782009578142,-1.6837133949623577,-5.660133315696136,0.09549286166289489,0.7832613703885966,Not significant
GENE1382,1,Plasma cells,3q,protein_coding,45,43,9.244226,9.05133976744186,-0.19288623255814485,0.874853751036773,-1.6701768964375723,-5.6822508027295155,0.0981485551787504,0.7963371616937153,Not significant
GENE3908,1,Plasma cells,15q,protein_coding,45,43,7.104652,7.276055116279069,0.17140311627907057,1.126153210683876,1.664576095286286,-5.691352797290226,0.09926474771599762,0.7983149266681576,Not significant
PCADV018,1,Plasma cells,17p,protein_coding,45,43,6.369828444444445,6.7920027906976745,0.4221743462532288,1.3399455218628837,1.6578129456740016,-5.702305304377542,0.10062627528449125,0.799575964935009,Not significant
GENE2224,1,Plasma cells,7q,protein_coding,45,43,10.584795111111111,10.410956976744187,-0.17383813436692286,0.8864811538819766,-1.6580269281764992,-5.701959417431894,0.10058296686057101,0.799575964935009,Not significant
GENE1104,1,Plasma cells,21q,protein_coding,45,43,7.737487555555556,7.569701860465116,-0.16778569509043617,0.8902079592338028,-1.6572189648142697,-5.703265209853065,0.10074657158181113,0.799575964935009,Not significant
PCADV001,1,Plasma cells,13q,protein_coding,45,43,4.202465777777777,4.46082,0.2583542222222217,1.196113440227563,1.6473365011766647,-5.719188156783252,0.10276515355450005,0.813943878863475,Not significant
PCOTH002,1,Plasma cells,3q,protein_coding,45,43,6.273158666666666,6.457419534883721,0.1842608682170539,1.1362347002497675,1.6363040250188046,-5.736857757649998,0.10505710311849993,0.82191752634415,Not significant
GENE1138,1,Plasma cells,19q,protein_coding,45,43,7.855115333333333,7.682079534883721,-0.1730357984496118,0.8869742958586506,-1.6278217460285083,-5.7503666437124386,0.10684713771577496,0.82191752634415,Not significant
PCOTH122,1,Plasma cells,3q,protein_coding,45,43,8.242850222222222,8.07474534883721,-0.16810487338501545,0.8900110336037529,-1.628547101838239,-5.749214037249663,0.10669311052492708,0.82191752634415,Not significant
GENE1459,1,Plasma cells,12p,protein_coding,45,43,5.50748,5.341125581395349,-0.16635441860465505,0.8910915596601423,-1.6345571627287394,-5.739645239628721,0.10542375719150393,0.82191752634415,Not significant
GENE2782,1,Plasma cells,19q,protein_coding,45,43,10.55303288888889,10.391228372093023,-0.1618045167958666,0.8939062772286666,-1.6355261168641557,-5.738099419448836,0.10522025338785217,0.82191752634415,Not significant
GENE1412,1,Plasma cells,15q,protein_coding,45,43,9.17306288888889,8.990112093023257,-0.1829507958656329,0.880899417312085,-1.6126288954124974,-5.774396750629547,0.11011461869373586,0.840499739394244,Not significant
GENE1630,1,Plasma cells,19q,protein_coding,45,43,8.338442,8.151721627906976,-0.18672037209302594,0.8786007450277007,-1.6080802391440367,-5.781549740973183,0.11110833408557229,0.8449302972286866,Not significant
GENE2036,1,Plasma cells,15q,protein_coding,45,43,8.543499555555556,8.365187906976745,-0.178311648578811,0.8837366071335513,-1.5963277657020127,-5.799942480251768,0.11370912815598401,0.8565659371448889,Not significant
PCADV028,1,Plasma cells,8q,protein_coding,45,43,8.502293777777778,8.767256511627908,0.26496273385013147,1.2016050105550058,1.593580640777344,-5.804223322178357,0.11432402891779168,0.8595791647954262,Not significant
GENE3467,1,Plasma cells,20q,protein_coding,45,43,11.25300111111111,11.081546976744185,-0.17145413436692358,0.8879472420757618,-1.5912007687956988,-5.807926223566195,0.11485887231846047,0.8603660847824753,Not significant
GEP1Q38,1,Plasma cells,1q,protein_coding,45,43,4.097232666666667,4.446413953488372,0.3491812868217057,1.2738375337191397,1.5811280435962816,-5.823540506908765,0.1171447523493959,0.8709647014824974,Not significant
GENE3759,1,Plasma cells,4q,protein_coding,45,43,7.931373333333333,8.105847441860465,0.17447410852712864,1.1285529494813102,1.5784477103271568,-5.82767959230674,0.11775909299744323,0.8712937817421059,Not significant
GENE2926,1,Plasma cells,19q,protein_coding,45,43,7.481557777777778,7.6527988372093025,0.1712410594315248,1.1260267178463064,1.5708813554217682,-5.839327916500567,0.11950718694590477,0.8819718593793711,Not significant
GEP1Q102,1,Plasma cells,1q,protein_coding,45,43,6.823829333333333,7.195133488372093,0.3713041550387599,1.2935216088111805,1.5692381697872146,-5.841850560884235,0.1198895364938337,0.8829207353229256,Not significant
GENE2788,1,Plasma cells,7q,protein_coding,45,43,8.218535333333334,8.372298139534884,0.15376280620155036,1.1124672045789545,1.5664688855280335,-5.8460963367267516,0.12053611693447479,0.883048475710438,Not significant
GENE1556,1,Plasma cells,15q,protein_coding,45,43,9.325800222222222,9.170198139534884,-0.1556020826873361,0.8977576317800179,-1.565393032663191,-5.847743878221586,0.12078805666135767,0.8832764655309518,Not significant
GENE1086,1,Plasma cells,10q,protein_coding,45,43,8.823464666666666,8.662976744186047,-0.16048792248061972,0.8947224227578019,-1.5633145578507621,-5.850923771880237,0.12127597243016018,0.8836136424783984,Not significant
GENE3374,1,Plasma cells,3q,protein_coding,45,43,7.580967333333334,7.7423332558139535,0.16136592248062342,1.1183454700561795,1.5612409618524479,-5.854092202136747,0.1217643019966275,0.8839513756560979,Not significant
GENE3666,1,Plasma cells,10q,protein_coding,45,43,8.323791555555555,8.162413953488372,-0.16137760206718355,0.8941708364142983,-1.5580160388935902,-5.859011907441223,0.12252686912502088,0.887875863224789,Not significant
GEP1Q79,1,Plasma cells,1q,protein_coding,45,43,7.216174666666666,7.488490465116279,0.2723157984496112,1.207744931645367,1.552857821166355,-5.866860807418858,0.12375445803270296,0.8920906197427098,Not significant
PCOTH111,1,Plasma cells,4q,protein_coding,45,43,7.058464444444445,6.886339767441861,-0.1721246770025857,0.8875346336445475,-1.5512380471105929,-5.869320400281429,0.12414194849571494,0.8931075431346398,Not significant
GENE2016,1,Plasma cells,21q,protein_coding,45,43,7.713220222222223,7.8765125581395345,0.16329233591731196,1.1198397808350598,1.549338023638825,-5.872202435860887,0.12459770636445884,0.8947770654539234,Not significant
PCOTH091,1,Plasma cells,12p,protein_coding,45,43,7.441241111111111,7.265338604651163,-0.17590250645994843,0.8852135829662957,-1.5445730686267929,-5.87941534694331,0.12574650489880806,0.8967796491678073,Not significant
GENE1084,1,Plasma cells,7q,protein_coding,45,43,8.478452222222222,8.652754418604651,0.17430219638243116,1.1284184786516216,1.5426119905678377,-5.882377775044416,0.12622173562036887,0.8967796491678073,Not significant
GENE1371,1,Plasma cells,4q,protein_coding,45,43,8.382938888888889,8.21805465116279,-0.16488423772610084,0.8920000908979312,-1.5435177528544144,-5.881009964495182,0.12600206474744036,0.8967796491678073,Not significant
GENE2006,1,Plasma cells,3q,protein_coding,45,43,7.665104222222222,7.834559534883721,0.16945531266150038,1.124633800727854,1.5392838937755728,-5.887397044685823,0.12703148798716452,0.8998692099769816,Not significant
GENE3499,1,Plasma cells,12p,protein_coding,45,43,7.171964222222222,7.011671860465117,-0.1602923617571026,0.8948437127178352,-1.528894284136158,-5.902999764702113,0.1295858011279846,0.9125760642815817,Not significant
PCADV070,1,Plasma cells,17p,protein_coding,45,43,7.229992666666667,7.585616279069767,0.35562361240310025,1.2795385489217195,1.5263753662448054,-5.906767429542265,0.13021114482570822,0.9153683291789682,Not significant
GENE2498,1,Plasma cells,3q,protein_coding,45,43,7.923944,8.116851860465117,0.19290786046511332,1.1430653297765574,1.5234157073058452,-5.911186772823903,0.13094894308225374,0.9189399514544122,Not significant
PCADV031,1,Plasma cells,1p,protein_coding,45,43,7.510956666666667,7.844198139534884,0.33324147286821404,1.2598408297195718,1.5176263650827437,-5.919807760132101,0.13240165587887703,0.9258857054466926,Not significant
GENE1027,1,Plasma cells,12p,protein_coding,45,43,6.536379111111111,6.349202093023256,-0.18717701808785492,0.8783226917935768,-1.5150370152036035,-5.923653474822434,0.13305548839474596,0.927215947001714,Not significant
PCOTH140,1,Plasma cells,15q,protein_coding,45,43,5.3108437777777775,5.483997674418605,0.1731538966408266,1.1275206817698114,1.5077108531427255,-5.934500420307871,0.1349191625463921,0.9328325592663528,Not significant
GENE3579,1,Plasma cells,4q,protein_coding,45,43,8.264299555555555,8.098823720930232,-0.16547583462532423,0.891634389005651,-1.5072188580096428,-5.935227060986671,0.13504504991483873,0.9328325592663528,Not significant
GENE2348,1,Plasma cells,15q,protein_coding,45,43,8.018751555555555,8.161266279069768,0.1425147235142088,1.1038274924338733,1.5070360255759323,-5.935497033444076,0.13509185495195622,0.9328325592663528,Not significant
GENE3756,1,Plasma cells,21q,protein_coding,45,43,9.52927,9.37923511627907,-0.1500348837209291,0.9012286710411312,-1.4967117907303171,-5.950691238960876,0.13775557183752127,0.9379381830448127,Not significant
GENE3919,1,Plasma cells,12p,protein_coding,45,43,9.359462444444445,9.537877674418604,0.1784152299741617,1.131640119529971,1.4947642053387693,-5.953546335942494,0.13826264145853936,0.9389653070189431,Not significant
GENE2925,1,Plasma cells,18q,protein_coding,45,43,8.605743333333333,8.769248837209302,0.16350550387597274,1.1200052569682772,1.4909951767398175,-5.959061534883078,0.13924808642389117,0.9440548232128214,Not significant
PCADV058,1,Plasma cells,17p,protein_coding,45,43,6.934205555555556,7.272772325581395,0.33856677002584057,1.2644997660002706,1.4876152451997906,-5.963996068710555,0.14013646204487204,0.9452067628969391,Not significant
GENE2285,1,Plasma cells,9p,protein_coding,45,43,7.830096222222222,7.979779069767442,0.1496828475452201,1.1093255785250604,1.488299932079091,-5.962997322842256,0.13995614327872363,0.9452067628969391,Not significant
GENE1863,1,Plasma cells,4q,protein_coding,45,43,7.804695777777778,7.637857441860465,-0.16683833591731378,0.8907927145761385,-1.4803509165046598,-5.974565449449168,0.14206078905785988,0.9486530154114182,Not significant
GENE3716,1,Plasma cells,15q,protein_coding,45,43,8.428849777777778,8.58228,0.15343022222222302,1.1122107774645114,1.477566953996662,-5.978602936197487,0.14280370364700845,0.9504406232745988,Not significant
GENE1137,1,Plasma cells,18q,protein_coding,45,43,9.23624911111111,9.382625348837209,0.14637623772610198,1.1067859520856973,1.4783079733300912,-5.977528969778087,0.14260566369153996,0.9504406232745988,Not significant
PCFAV056,1,Plasma cells,16q,protein_coding,45,43,6.007220222222222,6.465182093023256,0.4579618708010358,1.3735999298757537,1.4665131017424315,-5.994562313073446,0.14578339968265114,0.950935725171886,Not significant
PCFAV063,1,Plasma cells,5q,protein_coding,45,43,7.615698666666667,7.929461395348837,0.31376272868217114,1.2429452324168664,1.4483081711654613,-6.020596547387476,0.15079583487618062,0.950935725171886,Not significant
PCADV025,1,Plasma cells,13q,protein_coding,45,43,6.957394666666667,6.729683488372093,-0.22771117829457488,0.8539886623513611,-1.4752833713388607,-5.981909319683191,0.1434153474811885,0.950935725171886,Not significant
PCOTH061,1,Plasma cells,2p,protein_coding,45,43,6.252614444444444,6.421610697674419,0.16899625322997291,1.124276003959124,1.4686789350029843,-5.991444337793081,0.14519579669405808,0.950935725171886,Not significant
GENE1416,1,Plasma cells,21q,protein_coding,45,43,7.847822888888889,7.67935511627907,-0.16846777260981494,0.8897871860917993,-1.4474546730611693,-6.021809471036926,0.15103406634704886,0.950935725171886,Not significant
GENE2453,1,Plasma cells,9p,protein_coding,45,43,7.556075555555555,7.392826976744186,-0.16324857881137333,0.8930119716133454,-1.4479189859489396,-6.0211497113313746,0.15090442955292008,0.950935725171886,Not significant
GENE3420,1,Plasma cells,21q,protein_coding,45,43,8.513748666666666,8.675260930232557,0.1615122635658892,1.1184589162010175,1.4632387870788939,-5.999267728845392,0.14667524855275912,0.950935725171886,Not significant
GENE1949,1,Plasma cells,9p,protein_coding,45,43,7.865910222222222,8.026443023255814,0.16053280103359224,1.1176998390673023,1.4579314621935786,-6.006873361433756,0.1481298396916756,0.950935725171886,Not significant
GENE2468,1,Plasma cells,15q,protein_coding,45,43,8.582418888888888,8.42271953488372,-0.15969935400516988,0.8952116063597935,-1.4538952725606686,-6.012639708432025,0.14924352172400274,0.950935725171886,Not significant
GENE3037,1,Plasma cells,2p,protein_coding,45,43,9.981637333333333,9.823217674418604,-0.1584196589147293,0.8960060265926013,-1.452883582613638,-6.014082673880364,0.14952368621639023,0.950935725171886,Not significant
GENE2223,1,Plasma cells,4q,protein_coding,45,43,9.517599111111112,9.362371860465116,-0.15522725064599108,0.897990911880628,-1.4494379326364866,-6.0189899680949495,0.15048093928577816,0.950935725171886,Not significant
GENE2478,1,Plasma cells,10q,protein_coding,45,43,8.417860666666666,8.273792558139535,-0.14406810852713114,0.9049637392299156,-1.4678801767097402,-5.992594757461153,0.14541228958649302,0.950935725171886,Not significant
GENE1673,1,Plasma cells,9p,protein_coding,45,43,9.837021333333333,9.96916976744186,0.1321484341085224,1.0959245166865825,1.4468651709892912,-6.022646825047198,0.15119878030232986,0.950935725171886,Not significant
GENE3160,1,Plasma cells,7q,protein_coding,45,43,10.139534444444445,9.967703488372093,-0.17183095607235188,0.88771534684418,-1.4378639122697696,-6.035392045836867,0.15373113971065253,0.9559317485742014,Not significant
GENE2539,1,Plasma cells,12p,protein_coding,45,43,8.353455111111112,8.517137906976744,0.1636827958656344,1.120142902247608,1.4382482748112584,-6.034849368702797,0.1536223402316341,0.9559317485742014,Not significant
PCOTH084,1,Plasma cells,21q,protein_coding,45,43,6.908524222222222,6.74639511627907,-0.16212910594315577,0.8937051816193315,-1.4344677868223095,-6.040180961990114,0.15469505000683945,0.9559317485742014,Not significant
GENE2650,1,Plasma cells,19q,protein_coding,45,43,7.789142666666667,7.629723720930232,-0.15941894573643633,0.8953856203587788,-1.4386265510669645,-6.0343151491387435,0.15351532163279175,0.9559317485742014,Not significant
GENE2728,1,Plasma cells,7q,protein_coding,45,43,8.068508222222222,8.211586976744186,0.14307875452196228,1.1042591253393275,1.4279708586583588,-6.0493121344605925,0.15655203440018803,0.9591267929323836,Not significant
GENE1669,1,Plasma cells,2p,protein_coding,45,43,8.058648444444444,8.21384,0.15519155555555209,1.1135694639276161,1.420308851490212,-6.060029742090188,0.15876403868148026,0.9651309342339226,Not significant
PCADV011,1,Plasma cells,1p,protein_coding,45,43,8.346136,8.58114534883721,0.23500934883721136,1.1769143637405457,1.4146526040399332,-6.067906234879856,0.16041234347692,0.9694717434343378,Not significant
GENE1936,1,Plasma cells,7q,protein_coding,45,43,8.416520888888888,8.287161627906977,-0.12935926098190897,0.9142373970808756,-1.412522301932564,-6.070864932118545,0.16103653615968536,0.9700996154197914,Not significant
PCFAV045,1,Plasma cells,6p,protein_coding,45,43,9.064224,9.391871162790698,0.32764716279069717,1.2549650293137176,1.4093501594603843,-6.0752626788133455,0.16196944631206978,0.9711212534480652,Not significant
GENE1580,1,Plasma cells,15q,protein_coding,45,43,9.674600222222223,9.5142,-0.16040022222221673,0.8947768138595132,-1.4081442770944523,-6.0769319841386435,0.16232517483491193,0.9711212534480652,Not significant
GENE3395,1,Plasma cells,20q,protein_coding,45,43,8.662841333333333,8.516626744186047,-0.1462145891472897,0.9036183108842204,-1.4078230713594422,-6.077376398716542,0.16242002963918892,0.9711212534480652,Not significant
PCFAV044,1,Plasma cells,16q,protein_coding,45,43,7.536077777777778,7.161118604651163,-0.3749591731266184,0.7711272345496223,-1.4019257783083992,-6.085518503645798,0.16416910900307483,0.977197077399255,Not significant
GENE3725,1,Plasma cells,9p,protein_coding,45,43,9.588367555555555,9.749823720930232,0.16145616537467689,1.1184154265510828,1.3822083049399896,-6.112503217328536,0.1701218450129291,0.9893473803545543,Not significant
GENE0974,1,Plasma cells,3q,protein_coding,45,43,8.761078444444445,8.603215813953488,-0.15786263049095517,0.896352043716818,-1.3891848685480783,-6.102997263767839,0.16799709868415602,0.9893473803545543,Not significant
GENE1829,1,Plasma cells,9p,protein_coding,45,43,8.277681777777778,8.435133720930233,0.1574519431524557,1.1153155512398267,1.3826606531485928,-6.111888261539411,0.16998346287372032,0.9893473803545543,Not significant
GENE2547,1,Plasma cells,4q,protein_coding,45,43,9.690579333333334,9.536509069767442,-0.15407026356588815,0.8987113556126548,-1.39069928326667,-6.100927719090684,0.16753856107230772,0.9893473803545543,Not significant
GENE1705,1,Plasma cells,2p,protein_coding,45,43,8.33922,8.187372093023257,-0.15184790697674444,0.90009681556366,-1.385823599781718,-6.107582916251311,0.1690182494430809,0.9893473803545543,Not significant
GENE3970,1,Plasma cells,19q,protein_coding,45,43,8.576741333333333,8.430687674418605,-0.1460536589147292,0.9037191136261362,-1.392021533485428,-6.0991190091966265,0.16713898878347688,0.9893473803545543,Not significant
PCADV023,1,Plasma cells,1p,protein_coding,45,43,7.235010666666667,7.55059,0.3155793333333339,1.2445113029954298,1.373755407467929,-6.123959151737992,0.1727235508945405,0.9954090419773167,Not significant
GENE1363,1,Plasma cells,12p,protein_coding,45,43,7.04163,6.893421395348837,-0.14820860465116503,0.9023702409536954,-1.3730167769227706,-6.124956985115062,0.1729523210435588,0.9954090419773167,Not significant
GENE1234,1,Plasma cells,19q,protein_coding,45,43,9.668810444444444,9.527140930232559,-0.1416695142118911,0.9064695642657767,-1.369413324744093,-6.129817576633016,0.17407169000417794,0.9989767001674488,Not significant
PCADV080,1,Plasma cells,8q,protein_coding,45,43,8.065093333333333,7.672219302325582,-0.3928740310077492,0.7616108670408054,-1.2937663723393824,-6.229014995621328,0.19885656718131006,0.9993303802855232,Not significant
PCADV006,1,Plasma cells,17p,protein_coding,45,43,8.210475777777777,8.565980930232557,0.3555051524547803,1.279433490095449,1.3309413398058394,-6.1809451377469955,0.18636715601539086,0.9993303802855232,Not significant
PCFAV076,1,Plasma cells,16q,protein_coding,45,43,6.970091777777778,6.617811627906977,-0.35228014987080236,0.7833450582462056,-1.3526545218862212,-6.152261616953379,0.17934992317111145,0.9993303802855232,Not significant
PCFAV067,1,Plasma cells,5q,protein_coding,45,43,8.90580488888889,8.558735813953488,-0.34706907493539774,0.7861796496677107,-1.1986630935811484,-6.345994823087077,0.23361559036915042,0.9993303802855232,Not significant
PCFAV050,1,Plasma cells,11q,protein_coding,45,43,6.090366222222222,6.4347425581395346,0.34437633591731664,1.269602026362682,0.9827792240259393,-6.57926041348104,0.3281915283302904,0.9993303802855232,Not significant
PCFAV073,1,Plasma cells,6p,protein_coding,45,43,8.336344888888888,7.996675813953488,-0.3396690749354052,0.7902225521477617,-1.3431397879074243,-6.164885767488151,0.1823999289692091,0.9993303802855232,Not significant
PCADV013,1,Plasma cells,13q,protein_coding,45,43,8.992031333333333,9.327182093023255,0.33515075968992214,1.261509227960014,1.1433290591192409,-6.410070723020008,0.255750944690656,0.9993303802855232,Not significant
GEP1Q20,1,Plasma cells,1q,protein_coding,45,43,7.111367777777778,7.438788604651163,0.32742082687338847,1.2547681606940524,1.1774145294285738,-6.37094818584711,0.24194684463098393,0.9993303802855232,Not significant
PCADV007,1,Plasma cells,1p,protein_coding,45,43,7.670355777777778,7.36236,-0.3079957777777773,0.807763141623069,-1.3540964309114776,-6.150341009087808,0.1788910906069231,0.9993303802855232,Not significant
GEP1Q120,1,Plasma cells,1q,protein_coding,45,43,8.034122222222223,8.305509534883722,0.2713873126614974,1.2069679044810009,1.1634154637246077,-6.387151175618684,0.24755044484844282,0.9993303802855232,Not significant
PCFAV009,1,Plasma cells,6p,protein_coding,45,43,8.253254,8.518593488372094,0.2653394883720921,1.201918846275962,1.3110022314710845,-6.206891104317839,0.19299074319564666,0.9993303802855232,Not significant
PCADV003,1,Plasma cells,1p,protein_coding,45,43,7.878949777777778,7.617796976744186,-0.26115280103358973,0.8344208999489877,-1.3520316639896712,-6.153090648240175,0.1795483985911031,0.9993303802855232,Not significant
PCFAV016,1,Plasma cells,16q,protein_coding,45,43,7.868979333333334,7.608032558139535,-0.26094677519379417,0.8345400689607595,-0.9903407311086537,-6.5718528189441034,0.324502287218178,0.9993303802855232,Not significant
PCFAV023,1,Plasma cells,5q,protein_coding,45,43,7.608403111111111,7.3519453488372095,-0.25645776227390105,0.8371408234017926,-0.9972882388455145,-6.5649977033649805,0.32113688153644754,0.9993303802855232,Not significant
GEP1Q86,1,Plasma cells,1q,protein_coding,45,43,6.048592222222222,6.299351627906977,0.25075940568475286,1.189833254515213,1.2760796159082497,-6.2514237369947985,0.20501239796376056,0.9993303802855232,Not significant
PCFAV075,1,Plasma cells,5q,protein_coding,45,43,7.429211777777778,7.181204186046512,-0.2480075917312643,0.8420585225272447,-0.8691233920976529,-6.683885328727962,0.3869518299654702,0.9993303802855232,Not significant
PCADV005,1,Plasma cells,13q,protein_coding,45,43,7.3415886666666665,7.095126046511628,-0.24646262015504217,0.8429607598588005,-0.8668819127826695,-6.685821733717073,0.38817271704631284,0.9993303802855232,Not significant
PCFAV069,1,Plasma cells,6p,protein_coding,45,43,9.040806444444444,8.804386744186047,-0.23641970025839498,0.84884926834472,-1.135020261039201,-6.419437923918535,0.2591985628128804,0.9993303802855232,Not significant
PCFAV062,1,Plasma cells,11q,protein_coding,45,43,5.885981777777777,6.115458604651163,0.2294768268733831,1.1724097141908536,1.2366346880507861,-6.3003251132516604,0.2192457359062657,0.9993303802855232,Not significant
PCADV067,1,Plasma cells,1p,protein_coding,45,43,5.986492222222222,6.21570534883721,0.22921312661498838,1.1721954371035326,1.0687831179704277,-6.491731125911596,0.2878529870313806,0.9993303802855232,Not significant
PCADV050,1,Plasma cells,17p,protein_coding,45,43,9.009584222222223,9.238751627906977,0.22916740568475014,1.1721582892551898,1.0497388093023428,-6.511731650490289,0.29647907181407385,0.9993303802855232,Not significant
PCFAV024,1,Plasma cells,16q,protein_coding,45,43,8.213549777777779,7.98507488372093,-0.2284748940568484,0.8535367082056258,-1.1160765975811244,-6.440545978167227,0.26718086190574414,0.9993303802855232,Not significant
PCFAV060,1,Plasma cells,16q,protein_coding,45,43,4.477386222222222,4.697717906976744,0.22033168475452225,1.1650013969033561,0.7654205174403933,-6.768310748350096,0.44590274561202037,0.9993303802855232,Not significant
GEP1Q53,1,Plasma cells,1q,protein_coding,45,43,7.631905333333333,7.851968372093023,0.22006303875969113,1.1647844807757946,0.9599858915153553,-6.601253050389328,0.3394788732823404,0.9993303802855232,Not significant
PCADV047,1,Plasma cells,1p,protein_coding,45,43,8.181553555555556,8.400077209302326,0.21852365374677163,1.163542294831466,1.2271401584091153,-6.311873903571804,0.22277691744684558,0.9993303802855232,Not significant
PCFAV079,1,Plasma cells,5q,protein_coding,45,43,8.182387333333333,7.966574186046511,-0.21581314728682166,0.8610607026266355,-1.1091953293549293,-6.448127776617655,0.2701225064967811,0.9993303802855232,Not significant
PCADV021,1,Plasma cells,13q,protein_coding,45,43,8.531826222222222,8.316041627906976,-0.21578459431524522,0.8610777444021783,-1.0005889616156518,-6.561724430890392,0.3195461387841028,0.9993303802855232,Not significant
PCFAV002,1,Plasma cells,11q,protein_coding,45,43,5.456586222222223,5.241086279069767,-0.21549994315245247,0.8612476562381916,-0.6834059746187151,-6.82758242506079,0.49599984605691927,0.9993303802855232,Not significant
PCFAV014,1,Plasma cells,11q,protein_coding,45,43,7.340367333333333,7.5552737209302325,0.21490638759689418,1.160628602031132,1.18104103994866,-6.366720040934144,0.24051010891406915,0.9993303802855232,Not significant
PCADV037,1,Plasma cells,13q,protein_coding,45,43,5.794204888888889,6.0085,0.21429511111110866,1.160136942551826,1.1416373773017143,-6.411983286633595,0.2564502472131214,0.9993303802855232,Not significant
GEP1Q95,1,Plasma cells,1q,protein_coding,45,43,6.8515382222222225,7.063503488372093,0.21196526614986855,1.1582649198546362,1.248345687634853,-6.28596158985766,0.21494665887670986,0.9993303802855232,Not significant
GEP1Q56,1,Plasma cells,1q,protein_coding,45,43,9.68378888888889,9.894853255813954,0.21106436692506847,1.1575418604393655,0.8655642233667201,-6.686957783057124,0.38889154625530686,0.9993303802855232,Not significant
PCADV030,1,Plasma cells,17p,protein_coding,45,43,7.013022444444444,7.221978372093023,0.2089559276485824,1.1558513963432984,0.9076516522010345,-6.6498320904489105,0.3663397465934566,0.9993303802855232,Not significant
PCADV074,1,Plasma cells,17p,protein_coding,45,43,7.246119111111111,7.453721395348837,0.20760228423772542,1.1547673995214076,1.1654297663692847,-6.3848313529555085,0.24673851544961303,0.9993303802855232,Not significant
PCFAV059,1,Plasma cells,5q,protein_coding,45,43,6.692429555555555,6.485116046511628,-0.2073135090439262,0.8661486150024863,-1.177958163052892,-6.37031516861029,0.2417310801713457,0.9993303802855232,Not significant
PCADV020,1,Plasma cells,8q,protein_coding,45,43,8.924012222222222,9.126896279069767,0.2028840568475463,1.1509969869675873,1.1781239369419367,-6.370122081903764,0.24166531302444916,0.9993303802855232,Not significant
PCFAV003,1,Plasma cells,5q,protein_coding,45,43,8.732224444444444,8.529772093023256,-0.20245235142118823,0.8690720232116989,-0.9538799314384051,-6.607058571030647,0.34254502123840225,0.9993303802855232,Not significant
PCFAV043,1,Plasma cells,5q,protein_coding,45,43,7.633416222222222,7.83392511627907,0.20050889405684735,1.1491036165810435,1.26935724247314,-6.259862670723722,0.20738864655826125,0.9993303802855232,Not significant
PCADV010,1,Plasma cells,17p,protein_coding,45,43,6.283689777777778,6.084840465116279,-0.19884931266149763,0.8712451876463192,-0.8784002416546199,-6.675818767270275,0.3819242697690286,0.9993303802855232,Not significant
PCADV062,1,Plasma cells,17p,protein_coding,45,43,8.561379333333333,8.757542325581396,0.19616299224806077,1.145647323173264,0.8966893647472941,-6.659668942886975,0.3721324123046086,0.9993303802855232,Not significant
PCFAV039,1,Plasma cells,5q,protein_coding,45,43,6.981794222222222,7.177648139534884,0.1958539173126601,1.1454019123720556,0.660688388852732,-6.842825448144999,0.5103977442484238,0.9993303802855232,Not significant
PCADV015,1,Plasma cells,1p,protein_coding,45,43,9.820514666666666,10.012584418604652,0.19206975193798215,1.1424014787503378,1.139602232605006,-6.4142805074518225,0.2572933153052308,0.9993303802855232,Not significant
PCFAV074,1,Plasma cells,11q,protein_coding,45,43,6.876159333333333,7.065432558139535,0.18927322480620656,1.140189186981181,0.9055102914140656,-6.651762843817407,0.36746676740552897,0.9993303802855232,Not significant
PCFAV042,1,Plasma cells,11q,protein_coding,45,43,7.824053777777777,7.63520534883721,-0.18884842894056586,0.8773057145529546,-0.8752981924927393,-6.678525491859162,0.3836008689859185,0.9993303802855232,Not significant
GEP1Q94,1,Plasma cells,1q,protein_coding,45,43,7.5822664444444445,7.770181395348837,0.18791495090439447,1.139116222586196,1.217340356980824,-6.323703564896472,0.22646480956580067,0.9993303802855232,Not significant
GEP1Q70,1,Plasma cells,1q,protein_coding,45,43,8.063728666666666,8.249494651162792,0.18576598449612547,1.13742071509395,1.187837726872037,-6.3587617860358945,0.23783389107194897,0.9993303802855232,Not significant
PCFAV068,1,Plasma cells,16q,protein_coding,45,43,8.186370222222223,8.001578837209303,-0.18479138501291992,0.8797762831587229,-0.9544767668025905,-6.606492704926787,0.342244525796341,0.9993303802855232,Not significant
PCFAV054,1,Plasma cells,11q,protein_coding,45,43,7.154092666666666,7.337654418604651,0.18356175193798663,1.1356842251218473,0.8564014025726144,-6.694810482624397,0.3939127987969948,0.9993303802855232,Not significant
PCADV072,1,Plasma cells,8q,protein_coding,45,43,5.673799777777778,5.855839069767442,0.18203929198966406,1.1344863824014155,1.0580175992659773,-6.5030803347695265,0.29270785434328134,0.9993303802855232,Not significant
GEP1Q48,1,Plasma cells,1q,protein_coding,45,43,6.665636888888889,6.8445439534883725,0.17890706459948458,1.1320259770134002,0.9350458609651209,-6.624736920423771,0.35211556441158665,0.9993303802855232,Not significant
GEP1Q44,1,Plasma cells,1q,protein_coding,45,43,8.359518666666666,8.536699069767442,0.17718040310077576,1.1306719441767157,1.1929503340783478,-6.352746208992226,0.23583490999207057,0.9993303802855232,Not significant
PCADV029,1,Plasma cells,13q,protein_coding,45,43,8.619329111111112,8.79439023255814,0.17506112144702968,1.1290122357044483,1.0966072731293388,-6.461879055588562,0.27556193418743663,0.9993303802855232,Not significant
GEP1Q68,1,Plasma cells,1q,protein_coding,45,43,7.718277333333333,7.89276534883721,0.17448801550387927,1.1285638283121313,1.011703238451455,-6.55062473339324,0.3142283116647796,0.9993303802855232,Not significant
PCFAV065,1,Plasma cells,6p,protein_coding,45,43,6.855568888888889,6.684800697674419,-0.17076819121446896,0.8883695254640722,-0.775877725377055,-6.760276670177226,0.43973233431553793,0.9993303802855232,Not significant
GEP1Q116,1,Plasma cells,1q,protein_coding,45,43,8.888162444444445,9.053692093023257,0.16552964857881136,1.1215777610384283,1.1049172453986753,-6.452818345623143,0.2719626591691552,0.9993303802855232,Not significant
PCADV014,1,Plasma cells,17p,protein_coding,45,43,7.550893111111111,7.716099302325581,0.16520619121446867,1.1213263274986465,0.7084339890082088,-6.810198559407038,0.4803959872547312,0.9993303802855232,Not significant
PCADV041,1,Plasma cells,13q,protein_coding,45,43,8.239373111111112,8.40182,0.1624468888888888,1.119183725444929,0.6436916636707968,-6.853895976461526,0.521313343360841,0.9993303802855232,Not significant
PCFAV040,1,Plasma cells,16q,protein_coding,45,43,6.976851555555555,6.815096279069768,-0.16175527648578836,0.8939367874696993,-0.885165393226049,-6.669883089780741,0.3782836987854552,0.9993303802855232,Not significant
GENE1946,1,Plasma cells,3q,protein_coding,45,43,7.504257777777778,7.344703023255814,-0.15955475452195778,0.8953013367736048,-1.3523814472144522,-6.152625127828622,0.17943691877747975,0.9993303802855232,Not significant
GENE1060,1,Plasma cells,7q,protein_coding,45,43,7.723875333333333,7.882216511627907,0.15834117829457028,1.1160032111186287,1.2855712976982954,-6.239435019396331,0.20169156731761706,0.9993303802855232,Not significant
PCOTH005,1,Plasma cells,9p,protein_coding,45,43,9.284234,9.129105581395349,-0.15512841860465443,0.8980524309906286,-1.3619524459180905,-6.139842300357205,0.17640677990395245,0.9993303802855232,Not significant
GEP1Q118,1,Plasma cells,1q,protein_coding,45,43,9.007901555555556,9.162984186046511,0.1550826304909556,1.1134853913804097,0.7339922766506527,-6.7918080738933435,0.46474600112949405,0.9993303802855232,Not significant
GENE1367,1,Plasma cells,20q,protein_coding,45,43,7.6870346666666665,7.532166976744186,-0.15486768992248212,0.8982147447017731,-1.2329450072242796,-6.304823344443918,0.22061311312375195,0.9993303802855232,Not significant
GENE1107,1,Plasma cells,4q,protein_coding,45,43,7.60625,7.760525348837209,0.1542753488372126,1.112862498215782,1.3067060355708857,-6.212432118477353,0.19444063148053167,0.9993303802855232,Not significant
PCADV053,1,Plasma cells,13q,protein_coding,45,43,8.358281555555555,8.205413953488373,-0.15286760206718242,0.8994608530105196,-0.8164456389465263,-6.728090857423381,0.41627079652932397,0.9993303802855232,Not significant
GEP1Q90,1,Plasma cells,1q,protein_coding,45,43,7.018742888888889,7.1712613953488376,0.15251850645994836,1.1115081343355677,0.4916869810611712,-6.940161969806095,0.6240653084965004,0.9993303802855232,Not significant
PCOTH203,1,Plasma cells,20q,protein_coding,45,43,9.2476,9.095468604651163,-0.15213139534884057,0.8999199646663224,-1.3613888483233676,-6.140597432305259,0.1765841323373347,0.9993303802855232,Not significant
GENE3379,1,Plasma cells,12p,protein_coding,45,43,6.747101333333333,6.898996279069768,0.15189494573643447,1.111027822811434,1.3457971851804413,-6.1613685653187975,0.1815441785921136,0.9993303802855232,Not significant
GENE3142,1,Plasma cells,19q,protein_coding,45,43,8.7298,8.578008837209302,-0.15179116279069937,0.9001322189331693,-1.3337266108328574,-6.177290735177389,0.18545566120806614,0.9993303802855232,Not significant
GENE3474,1,Plasma cells,10q,protein_coding,45,43,6.028996,6.180647906976744,0.15165190697674014,1.1108406730164848,1.2100319340404053,-6.332465948536637,0.22924379609055742,0.9993303802855232,Not significant
GENE2785,1,Plasma cells,2p,protein_coding,45,43,6.443032,6.5945983720930235,0.15156637209302204,1.1107748151542876,1.2804181183210213,-6.245954527601275,0.20348952040636267,0.9993303802855232,Not significant
PCOTH089,1,Plasma cells,9p,protein_coding,45,43,9.302247555555555,9.15173441860465,-0.15051313695090762,0.9009299633601885,-1.3141315625618188,-6.202844010748326,0.19193974010433396,0.9993303802855232,Not significant
GEP1Q45,1,Plasma cells,1q,protein_coding,45,43,7.927064888888889,8.077571395348837,0.15050650645995045,1.1099590920195137,0.7712219648706424,-6.763866900657294,0.44247335861373227,0.9993303802855232,Not significant
PCADV017,1,Plasma cells,13q,protein_coding,45,43,8.140599111111111,8.29020534883721,0.14960623772609694,1.1092666728151819,0.8210578237876798,-6.7243292293838115,0.41365176605546106,0.9993303802855232,Not significant
GENE2514,1,Plasma cells,10q,protein_coding,45,43,8.35962511111111,8.210647906976744,-0.14897720413436844,0.9018896289284744,-1.2957184620818754,-6.226523489456412,0.19818564607837938,0.9993303802855232,Not significant
PCOTH219,1,Plasma cells,4q,protein_coding,45,43,7.798519333333333,7.947027906976744,0.1485085736434133,1.1084230162793811,1.2439807664169118,-6.29133047912473,0.2165417398101642,0.9993303802855232,Not significant
PCFAV052,1,Plasma cells,16q,protein_coding,45,43,7.394334,7.542771395348837,0.14843739534883849,1.1083683313241248,0.9212388700205844,-6.637476782474207,0.35923977073225033,0.9993303802855232,Not significant
PCOTH154,1,Plasma cells,19q,protein_coding,45,43,8.947746666666667,8.799381395348837,-0.14836527131782695,0.9022722551299119,-1.2858451557754154,-6.239087842011642,0.20159634804583795,0.9993303802855232,Not significant
PCOTH009,1,Plasma cells,18q,protein_coding,45,43,6.655251777777778,6.803549069767442,0.14829729198966657,1.1082607004096425,1.2465281892542726,-6.28819933943477,0.2156097823856243,0.9993303802855232,Not significant
GENE1555,1,Plasma cells,12p,protein_coding,45,43,7.029025111111111,6.880966976744186,-0.14805813436692095,0.9024643613213666,-1.3410563927653008,-6.16763856756346,0.1830729577974285,0.9993303802855232,Not significant
GENE1894,1,Plasma cells,19q,protein_coding,45,43,8.105268666666667,8.252084418604651,0.14681575193798402,1.1071231836189923,1.3520054461582633,-6.153125536427881,0.17955675661255407,0.9993303802855232,Not significant
PCFAV010,1,Plasma cells,11q,protein_coding,45,43,8.241711111111112,8.096017674418604,-0.14569343669250046,0.903944788729367,-0.46048521127229497,-6.955028069528119,0.6462115099110763,0.9993303802855232,Not significant
GENE2461,1,Plasma cells,2p,protein_coding,45,43,5.795406222222223,5.650410697674419,-0.14499552454780495,0.9043821830832766,-1.3446552194605528,-6.162880835808836,0.18191154945681964,0.9993303802855232,Not significant
GENE2291,1,Plasma cells,20q,protein_coding,45,43,8.025908,8.16957023255814,0.14366223255813715,1.1047058179781069,1.2770439767069783,-6.250209593396691,0.20467316788926662,0.9993303802855232,Not significant
PCOTH016,1,Plasma cells,7q,protein_coding,45,43,7.131112222222222,6.987983255813954,-0.14312896640826622,0.9055530295671851,-1.3577774811921532,-6.145428960206299,0.1777237590671528,0.9993303802855232,Not significant
PCADV055,1,Plasma cells,1p,protein_coding,45,43,8.673770888888889,8.81680976744186,0.14303887855297148,1.1042286041322409,0.5983594093742652,-6.882023022885581,0.5510121812472104,0.9993303802855232,Not significant
PCFAV005,1,Plasma cells,6p,protein_coding,45,43,7.775134666666666,7.632108372093024,-0.1430262945736489,0.9056174770745837,-0.673566983778939,-6.834246837615436,0.5022084291263762,0.9993303802855232,Not significant
GENE2272,1,Plasma cells,7q,protein_coding,45,43,7.798809777777778,7.655922093023256,-0.14288768475452418,0.9057044902696669,-1.3364667413034659,-6.173688378242659,0.18456221065456532,0.9993303802855232,Not significant
GENE3487,1,Plasma cells,12p,protein_coding,45,43,8.928083555555556,8.785269302325581,-0.14281425322997165,0.9057505907636938,-1.1857851485611224,-6.361169827341791,0.2386398396098733,0.9993303802855232,Not significant
GENE1087,1,Plasma cells,12p,protein_coding,45,43,7.922379777777778,7.7799476744186045,-0.1424321033591731,0.9059905432888732,-1.2213448975264236,-6.31888065884143,0.224952497514212,0.9993303802855232,Not significant
PCFAV061,1,Plasma cells,6p,protein_coding,45,43,7.671041111111111,7.812986279069768,0.1419451679586583,1.1033918029915206,0.6011392780815173,-6.880356843062976,0.5491669288321143,0.9993303802855232,Not significant
GENE2307,1,Plasma cells,4q,protein_coding,45,43,8.368407777777778,8.227127674418604,-0.14128010335917374,0.9067142706794681,-1.2901248162957561,-6.2336531210860135,0.20011265180565113,0.9993303802855232,Not significant
GENE3800,1,Plasma cells,15q,protein_coding,45,43,8.776086222222222,8.916919767441861,0.14083354521963543,1.1025419470183353,1.2363900302279258,-6.300623787908309,0.2193362131067441,0.9993303802855232,Not significant
PCOTH205,1,Plasma cells,2p,protein_coding,45,43,6.966759333333333,7.10745488372093,0.1406955503876013,1.10243649312107,1.2371598581873235,-6.299683800050508,0.2190516140384252,0.9993303802855232,Not significant
GENE2338,1,Plasma cells,19q,protein_coding,45,43,8.945961333333333,8.805438604651163,-0.14052272868216775,0.9071903953593461,-1.187843313352938,-6.358755226578193,0.23783170019768882,0.9993303802855232,Not significant
PCADV034,1,Plasma cells,17p,protein_coding,45,43,5.661513333333334,5.521144651162791,-0.14036868217054455,0.9072872675139582,-0.615726300992988,-6.871488160140698,0.5395352348800283,0.9993303802855232,Not significant
GENE1749,1,Plasma cells,18q,protein_coding,45,43,9.48608311111111,9.345802093023256,-0.14028101808785287,0.9073423996938865,-1.3357072749000432,-6.174687536407118,0.18480951851948094,0.9993303802855232,Not significant
PCOTH184,1,Plasma cells,7q,protein_coding,45,43,8.019699777777777,7.881207674418604,-0.1384921033591766,0.9084681850439614,-1.3294708929601589,-6.1828714624819305,0.18684972177112294,0.9993303802855232,Not significant
GENE2841,1,Plasma cells,18q,protein_coding,45,43,7.960205333333334,7.82197511627907,-0.13823021705425997,0.9086331103847732,-1.2252256198022349,-6.314192229709127,0.2234939498346384,0.9993303802855232,Not significant
GENE2878,1,Plasma cells,19q,protein_coding,45,43,5.4783273333333335,5.616079534883721,0.13775220155038603,1.1001896236901538,1.305896998914311,-6.213473609506839,0.19471457273597784,0.9993303802855232,Not significant
GENE2429,1,Plasma cells,9p,protein_coding,45,43,9.411963333333333,9.274716046511628,-0.1372472868217045,0.9092523869799374,-1.198082942102417,-6.346681878589499,0.23384028194944237,0.9993303802855232,Not significant
GENE2927,1,Plasma cells,20q,protein_coding,45,43,5.692341555555555,5.82863976744186,0.13629821188630586,1.0990813794161622,1.1559412883175502,-6.395724906922938,0.2505797486032913,0.9993303802855232,Not significant
PCOTH183,1,Plasma cells,4q,protein_coding,45,43,7.767757555555556,7.63205488372093,-0.13570267183461926,0.9102263952934313,-1.3400973757255354,-6.1689043384769775,0.18338339030535702,0.9993303802855232,Not significant
GENE1757,1,Plasma cells,9p,protein_coding,45,43,7.272502888888889,7.137182325581396,-0.1353205633074932,0.9104675074625816,-1.277173971973424,-6.250045859768525,0.20462747160706024,0.9993303802855232,Not significant
GENE3053,1,Plasma cells,9p,protein_coding,45,43,7.900471777777778,7.765970697674418,-0.13450108010335615,0.9109848203760393,-1.290368608829657,-6.233343005113204,0.2000283769124994,0.9993303802855232,Not significant
PCOTH133,1,Plasma cells,2p,protein_coding,45,43,7.489681333333333,7.623818372093023,0.1341370387596923,1.0974361759287683,1.2514060146836483,-6.28218650954638,0.21383345859428055,0.9993303802855232,Not significant
GENE1875,1,Plasma cells,4q,protein_coding,45,43,8.809596222222222,8.676161162790697,-0.13343505943152323,0.9116582042160458,-1.1085628031703971,-6.4488224026035255,0.2703940303241338,0.9993303802855232,Not significant
GENE1903,1,Plasma cells,12p,protein_coding,45,43,6.7630593333333335,6.629860930232558,-0.13319840310077424,0.9118077627685444,-1.281972157778706,-6.243991109561379,0.20294606959661368,0.9993303802855232,Not significant
GENE3835,1,Plasma cells,12p,protein_coding,45,43,7.977199111111111,7.844501627906976,-0.1326974832041321,0.9121244076169699,-1.0998846776769513,-6.458313527909743,0.2741384776159258,0.9993303802855232,Not significant
GENE1072,1,Plasma cells,7q,protein_coding,45,43,9.007057777777778,8.874933023255814,-0.13212475452196237,0.9124865794560478,-1.2096158263741195,-6.332963298651587,0.22940275715922,0.9993303802855232,Not significant
GENE1915,1,Plasma cells,12p,protein_coding,45,43,5.860764666666666,5.728789302325581,-0.13197536434108414,0.9125810717702794,-1.3061349653380634,-6.213167334593542,0.19463396704272326,0.9993303802855232,Not significant
PCOTH162,1,Plasma cells,10q,protein_coding,45,43,8.761160666666667,8.629405581395348,-0.1317550852713154,0.9127204205940462,-1.2042516301514359,-6.339359966753579,0.23145911888999152,0.9993303802855232,Not significant
GENE3105,1,Plasma cells,18q,protein_coding,45,43,6.705704666666667,6.574235813953488,-0.1314688527131782,0.9129015234684293,-1.2069007202384765,-6.336204439922463,0.23044193552347605,0.9993303802855232,Not significant
PCOTH036,1,Plasma cells,21q,protein_coding,45,43,8.198162666666667,8.067146976744185,-0.13101568992247792,0.9131883186464347,-1.1365187907132381,-6.4177534206878395,0.25857436398439476,0.9993303802855232,Not significant
PCOTH042,1,Plasma cells,10q,protein_coding,45,43,7.210726222222222,7.079981860465116,-0.13074436175710602,0.9133600784466832,-1.1076693642106108,-6.449802899229586,0.270777879640414,0.9993303802855232,Not significant
GENE1562,1,Plasma cells,3q,protein_coding,45,43,7.012098222222222,7.142813488372093,0.13071526614986873,1.094836369863973,1.259106349523639,-6.272648168521686,0.21105114606039807,0.9993303802855232,Not significant
GENE3328,1,Plasma cells,7q,protein_coding,45,43,8.51404311111111,8.383423255813954,-0.13061985529715692,0.9134389060117631,-1.1290792907336467,-6.42609490261407,0.26168364963743324,0.9993303802855232,Not significant
GENE2894,1,Plasma cells,3q,protein_coding,45,43,8.317111777777777,8.186997441860465,-0.1301143359173107,0.9137590304774612,-1.1817171179529489,-6.365930405810375,0.2402429397281686,0.9993303802855232,Not significant
GENE1127,1,Plasma cells,20q,protein_coding,45,43,7.459686222222222,7.329744418604651,-0.12994180361756857,0.9138683137076142,-1.1455282532852404,-6.407580262666373,0.2548438618294296,0.9993303802855232,Not significant
GEP1Q67,1,Plasma cells,1q,protein_coding,45,43,7.135525555555556,7.005671162790698,-0.12985439276485966,0.9139236853740569,-0.597299284892456,-6.882656414582954,0.5517166975783824,0.9993303802855232,Not significant
PCOTH233,1,Plasma cells,9p,protein_coding,45,43,8.423639111111111,8.55312069767442,0.12948158656330477,1.093900551891477,1.3101506297178978,-6.207990850886351,0.19327750038632024,0.9993303802855232,Not significant
PCFAV053,1,Plasma cells,6p,protein_coding,45,43,9.154032222222222,9.283091627906977,0.1290594056847496,1.093580486793182,0.516596176310606,-6.92759820846597,0.6066285388112256,0.9993303802855232,Not significant
GENE1139,1,Plasma cells,20q,protein_coding,45,43,7.593557777777778,7.722608837209302,0.1290510594315224,1.0935741602494515,1.1462076516945188,-6.406809941930628,0.25456409619016956,0.9993303802855232,Not significant
GENE1271,1,Plasma cells,20q,protein_coding,45,43,9.258140222222222,9.387133488372093,0.12899326614987494,1.0935303533659633,1.1412657972795976,-6.412403014543104,0.2566040303759724,0.9993303802855232,Not significant
GENE3454,1,Plasma cells,19q,protein_coding,45,43,7.124354888888889,7.253343953488372,0.128989064599482,1.0935271686900163,1.1064405519202407,-6.451150189840007,0.27130643522080206,0.9993303802855232,Not significant
PCOTH020,1,Plasma cells,15q,protein_coding,45,43,5.7848675555555555,5.655956976744186,-0.1289105788113698,0.9145217716726501,-1.145126404499999,-6.408035680835514,0.25500943906036067,0.9993303802855232,Not significant
GENE1712,1,Plasma cells,15q,protein_coding,45,43,9.188324666666666,9.059572325581396,-0.12875234108527422,0.9146220837815489,-1.0909895308092183,-6.467966530471743,0.27801375485235025,0.9993303802855232,Not significant
GENE2113,1,Plasma cells,2p,protein_coding,45,43,7.628780444444445,7.500266511627907,-0.12851393281654033,0.9147732394168286,-1.130342783083592,-6.424681980820297,0.2611537398342733,0.9993303802855232,Not significant
GENE2679,1,Plasma cells,4q,protein_coding,45,43,6.650170222222222,6.77857,0.12839977777778078,1.0930805950604643,1.2050142037225613,-6.338452298382197,0.23116597854529777,0.9993303802855232,Not significant
GENE1845,1,Plasma cells,18q,protein_coding,45,43,7.780290444444445,7.652083488372093,-0.12820695607235422,0.9149679056357359,-1.1174638812506539,-6.439011932589112,0.2665905380485495,0.9993303802855232,Not significant
GENE3951,1,Plasma cells,4q,protein_coding,45,43,8.244098444444445,8.11612,-0.12797844444444628,0.9151128408846498,-1.1986361263231609,-6.346026766730732,0.2336260312913682,0.9993303802855232,Not significant
PCOTH039,1,Plasma cells,4q,protein_coding,45,43,7.182129333333333,7.3100858139534886,0.1279564806201563,1.092744775591073,1.1984607279096966,-6.346234515161655,0.23369394855267706,0.9993303802855232,Not significant
GENE2333,1,Plasma cells,9p,protein_coding,45,43,8.491099111111112,8.363190697674419,-0.1279084134366908,0.9151572631832627,-1.1792863295760974,-6.368767432835071,0.24120451857239483,0.9993303802855232,Not significant
GENE1877,1,Plasma cells,9p,protein_coding,45,43,7.526060888888889,7.398284186046512,-0.12777670284237708,0.9152408161212904,-1.1249899671057004,-6.430657310186805,0.2634038885627955,0.9993303802855232,Not significant
GENE2160,1,Plasma cells,21q,protein_coding,45,43,7.3800942222222226,7.252569302325582,-0.12752491989663994,0.915400560302878,-1.1587954578092572,-6.392457189079576,0.2494198577022754,0.9993303802855232,Not significant
GENE2800,1,Plasma cells,7q,protein_coding,45,43,8.776728222222221,8.904194186046512,0.1274659638242852,1.0923733051559277,1.0857397006609613,-6.473627766127805,0.28031860059495817,0.9993303802855232,Not significant
GENE2766,1,Plasma cells,10q,protein_coding,45,43,7.625339555555556,7.498225813953488,-0.12711374160206645,0.9156614931216478,-1.0283611269325719,-6.533764040161018,0.30636934819805045,0.9993303802855232,Not significant
PCADV065,1,Plasma cells,13q,protein_coding,45,43,5.8815917777777775,5.7546890697674415,-0.12690270801033865,0.9157954434450963,-0.7479573741850084,-6.781487245591564,0.4563179857404609,0.9993303802855232,Not significant
PCOTH067,1,Plasma cells,12p,protein_coding,45,43,6.463058888888889,6.589783488372093,0.12672459948320647,1.0918121064628734,1.2087546768593347,-6.333992055414191,0.2297319857066108,0.9993303802855232,Not significant
GENE3254,1,Plasma cells,3q,protein_coding,45,43,9.124718444444444,8.99823023255814,-0.12648821188630954,0.9160585955223531,-1.168546001396043,-6.381234778543204,0.24548615341429167,0.9993303802855232,Not significant
GENE2485,1,Plasma cells,2p,protein_coding,45,43,10.087951111111112,9.961739534883721,-0.12621157622739076,0.9162342658917418,-1.083683504847177,-6.475837836772214,0.28122492058726567,0.9993303802855232,Not significant
GENE3394,1,Plasma cells,19q,protein_coding,45,43,9.410454222222222,9.28442488372093,-0.12602933850129006,0.9163500096842134,-1.0752968599604682,-6.484809753911824,0.28494245544779234,0.9993303802855232,Not significant
GENE2663,1,Plasma cells,20q,protein_coding,45,43,5.5894639999999995,5.463447674418605,-0.12601632558139286,0.9163582750782948,-1.0632643513475224,-6.497563127240346,0.29033482159225643,0.9993303802855232,Not significant
GENE2430,1,Plasma cells,10q,protein_coding,45,43,8.191434666666666,8.317434186046512,0.12599951937984777,1.0912635135107982,1.1210930884863337,-6.43499000925253,0.2650505330198586,0.9993303802855232,Not significant
PCOTH046,1,Plasma cells,19q,protein_coding,45,43,7.584018222222222,7.458088837209302,-0.1259293850129204,0.916413498883515,-1.1096286591759164,-6.44765168072194,0.26993660113549767,0.9993303802855232,Not significant
GENE1463,1,Plasma cells,20q,protein_coding,45,43,9.244369777777777,9.118787441860466,-0.12558233591731494,0.9166339742600355,-1.109692529141288,-6.44758149199573,0.2699092074471581,0.9993303802855232,Not significant
GENE1914,1,Plasma cells,10q,protein_coding,45,43,9.029232,8.903925581395349,-0.12530641860464797,0.9168092984709254,-1.044129585514573,-6.517555537256135,0.2990529130822973,0.9993303802855232,Not significant
PCOTH075,1,Plasma cells,4q,protein_coding,45,43,9.943359555555556,9.818054883720931,-0.12530467183462335,0.916810408515616,-1.0591715240179869,-6.501869214908584,0.29218481886774356,0.9993303802855232,Not significant
PCOTH129,1,Plasma cells,18q,protein_coding,45,43,6.012200666666667,6.136877674418605,0.12467700775193702,1.0902636158500394,1.2265835164371426,-6.312548306232982,0.22298521817132394,0.9993303802855232,Not significant
GENE1341,1,Plasma cells,18q,protein_coding,45,43,6.851528444444444,6.7273948837209305,-0.12413356072351522,0.9175549336769369,-1.10617386492643,-6.451442397500332,0.27142124146260177,0.9993303802855232,Not significant
GENE3862,1,Plasma cells,19q,protein_coding,45,43,8.002268888888889,8.126339302325581,0.12407041343669079,1.0898053009065525,1.1222270139705526,-6.433730777717989,0.26457064603070796,0.9993303802855232,Not significant
GENE1674,1,Plasma cells,10q,protein_coding,45,43,7.904092222222222,8.02796,0.1238677777777788,1.0896522415967356,1.208388710757104,-6.334429035103997,0.22987200257993864,0.9993303802855232,Not significant
PCFAV035,1,Plasma cells,5q,protein_coding,45,43,7.021494,6.897838372093023,-0.12365562790697826,0.9178589495964,-0.7766428516739765,-6.759684611357791,0.4392828240795874,0.9993303802855232,Not significant
PCFAV041,1,Plasma cells,6p,protein_coding,45,43,8.967625111111111,9.090997209302326,0.1233720981912203,1.0892779243770272,0.6577611786451053,-6.844752417288792,0.5122689603961883,0.9993303802855232,Not significant
GENE1030,1,Plasma cells,19q,protein_coding,45,43,8.747605333333333,8.62438534883721,-0.12321998449612437,0.9181361527266321,-1.0737228460472683,-6.48648603075798,0.2856439119820976,0.9993303802855232,Not significant
GENE1350,1,Plasma cells,10q,protein_coding,45,43,7.758098444444444,7.881256744186047,0.1231582997416032,1.089116512110705,1.1469902123121616,-6.405922102432298,0.25424211898281135,0.9993303802855232,Not significant
GENE1140,1,Plasma cells,21q,protein_coding,45,43,8.874158444444445,8.751331162790697,-0.12282728165375012,0.9183861042012977,-1.1777803917992973,-6.370522200037104,0.24180162122389195,0.9993303802855232,Not significant
GEP1Q113,1,Plasma cells,1q,protein_coding,45,43,7.407162222222222,7.529914651162791,0.12275242894057126,1.0888101560165555,0.6747109821968355,-6.8334768711400615,0.5014844060308679,0.9993303802855232,Not significant
PCOTH148,1,Plasma cells,7q,protein_coding,45,43,9.756021777777777,9.878592790697674,0.12257101291989692,1.0886732489216076,1.0516991892717742,-6.5096890576700766,0.2955830945382163,0.9993303802855232,Not significant
GENE3641,1,Plasma cells,9p,protein_coding,45,43,9.376998444444444,9.25475534883721,-0.12224309560723867,0.9187580587517554,-1.116003399698866,-6.44062686815787,0.2672120347712281,0.9993303802855232,Not significant
PCOTH213,1,Plasma cells,18q,protein_coding,45,43,5.8367642222222225,5.95899511627907,0.12223089405684728,1.0884166218080549,1.0893704390477346,-6.469715343676821,0.27872318696961973,0.9993303802855232,Not significant
PCOTH126,1,Plasma cells,10q,protein_coding,45,43,8.280135333333334,8.402078604651162,0.12194327131783034,1.088199651376167,1.2605541082284186,-6.270848520970964,0.21053101990098436,0.9993303802855232,Not significant
GENE1701,1,Plasma cells,18q,protein_coding,45,43,9.028348888888889,9.150163023255814,0.12181413436692878,1.0881022499906936,1.0469524945580593,-6.5146284078285674,0.29775570924237627,0.9993303802855232,Not significant
PCOTH077,1,Plasma cells,9p,protein_coding,45,43,6.126864666666667,6.005089534883721,-0.12177513178294497,0.9190561226255274,-0.9907585796273234,-6.5714418539092545,0.3242992225886995,0.9993303802855232,Not significant
GENE1708,1,Plasma cells,7q,protein_coding,45,43,7.801898666666666,7.6806983720930235,-0.12120029457364545,0.9194223905525452,-1.2299020124664448,-6.3085233799458384,0.2217454974182852,0.9993303802855232,Not significant
GENE3636,1,Plasma cells,21q,protein_coding,45,43,8.093362888888889,7.972199767441861,-0.121163121447033,0.9194460811068825,-1.187686328172586,-6.35893954188562,0.23789327126415874,0.9993303802855232,Not significant
GENE1927,1,Plasma cells,12p,protein_coding,45,43,8.652549555555556,8.531785813953489,-0.12076374160206349,0.9197006456922997,-1.0832438955215473,-6.476309813811383,0.28141895128219285,0.9993303802855232,Not significant
GEP1Q98,1,Plasma cells,1q,protein_coding,45,43,10.155984444444444,10.035426744186047,-0.12055770025839685,0.919832003937619,-0.7167427028171848,-6.804290740802471,0.47527657873567564,0.9993303802855232,Not significant
GENE1689,1,Plasma cells,18q,protein_coding,45,43,6.823096666666666,6.702582325581395,-0.12051434108527115,0.9198596492495601,-1.1527936368441158,-6.399319544711881,0.25186333539054157,0.9993303802855232,Not significant
GENE3061,1,Plasma cells,2p,protein_coding,45,43,9.18775311111111,9.067268139534884,-0.12048497157623039,0.9198783753839869,-1.0945796081549102,-6.464079781781303,0.276445159129153,0.9993303802855232,Not significant
PCFAV007,1,Plasma cells,5q,protein_coding,45,43,7.330597555555555,7.21041,-0.12018755555555494,0.9200680306891286,-0.5636874506483983,-6.902160222150314,0.5742839577760106,0.9993303802855232,Not significant
GENE2389,1,Plasma cells,2p,protein_coding,45,43,9.743107333333333,9.623095348837209,-0.12001198449612183,0.9201800066396856,-1.0958425310506763,-6.4627095348703305,0.27589481608535155,0.9993303802855232,Not significant
PCOTH027,1,Plasma cells,4q,protein_coding,45,43,8.216641777777777,8.336640930232559,0.11999915245478299,1.086734224098228,1.0254311261381697,-6.536749235081854,0.30774200933425233,0.9993303802855232,Not significant
PCADV026,1,Plasma cells,17p,protein_coding,45,43,8.413928222222221,8.533856744186046,0.11992852196382486,1.0866810217992349,0.5543911399284519,-6.907356535425505,0.580603064127132,0.9993303802855232,Not significant
GENE3247,1,Plasma cells,12p,protein_coding,45,43,6.844658666666667,6.725414186046511,-0.11924448062015536,0.9206696663341164,-1.0152218223005514,-6.547085755505219,0.31255717156244883,0.9993303802855232,Not significant
GENE2765,1,Plasma cells,9p,protein_coding,45,43,8.823531333333333,8.704357441860465,-0.11917389147286706,0.920714714577012,-1.1665702612695361,-6.383516143909062,0.24627964342954423,0.9993303802855232,Not significant
GENE3492,1,Plasma cells,21q,protein_coding,45,43,8.653107555555556,8.534198372093023,-0.11890918346253265,0.9208836642952555,-1.0793253464437964,-6.480508623479004,0.283152561233176,0.9993303802855232,Not significant
GENE1730,1,Plasma cells,3q,protein_coding,45,43,8.740854222222222,8.859645813953488,0.11879159173127185,1.0858249893160676,1.0390618765993245,-6.522790962548127,0.30139126282774753,0.9993303802855232,Not significant
GENE3912,1,Plasma cells,21q,protein_coding,45,43,7.440968,7.5597244186046515,0.11875641860465169,1.0857985170588018,1.1115428261183875,-6.445546433234966,0.26911645981419474,0.9993303802855232,Not significant
PCADV045,1,Plasma cells,13q,protein_coding,45,43,8.582732,8.700812790697675,0.11808079069767174,1.0852901462593314,0.41236992291016283,-6.976050887745585,0.6809896115048779,0.9993303802855232,Not significant
GENE1270,1,Plasma cells,19q,protein_coding,45,43,9.70237,9.584389534883721,-0.11798046511628257,0.9214766634146694,-1.0676142376975046,-6.492968810154397,0.2883774251258511,0.9993303802855232,Not significant
PCOTH021,1,Plasma cells,18q,protein_coding,45,43,8.187013333333333,8.304939069767443,0.1179257364341062,1.0851735105067872,1.1159736033689183,-6.440659794199416,0.26722472489565274,0.9993303802855232,Not significant
PCOTH171,1,Plasma cells,4q,protein_coding,45,43,8.824892,8.942726279069767,0.11783427906976485,1.08510471983338,1.1065203692774728,-6.451062720996643,0.27127208117005086,0.9993303802855232,Not significant
GENE2833,1,Plasma cells,2p,protein_coding,45,43,9.462064,9.344594186046512,-0.11746981395348399,0.9218028837202787,-1.2644276507753889,-6.266023650361214,0.20914403241225177,0.9993303802855232,Not significant
GENE1223,1,Plasma cells,20q,protein_coding,45,43,7.215088888888888,7.33234976744186,0.11726087855297251,1.0846735296241106,1.0556246582359157,-6.5055877738472025,0.29379452841453174,0.9993303802855232,Not significant
PCOTH212,1,Plasma cells,15q,protein_coding,45,43,8.335324444444444,8.218858604651162,-0.11646583979328007,0.9224445913170882,-1.142376514607452,-6.4111479795772155,0.25614453904300466,0.9993303802855232,Not significant
GENE2836,1,Plasma cells,7q,protein_coding,45,43,8.97199111111111,9.088398372093023,0.11640726098191578,1.0840319369845481,1.0673326495679498,-6.493266775810703,0.28850386218485635,0.9993303802855232,Not significant
GENE1963,1,Plasma cells,12p,protein_coding,45,43,9.473925333333334,9.59028511627907,0.11635978294573945,1.083996262875198,1.052814415806198,-6.5085254000985096,0.29507421106571824,0.9993303802855232,Not significant
GENE3962,1,Plasma cells,3q,protein_coding,45,43,7.908633555555555,7.792358372093023,-0.11627518346253396,0.9225665030984992,-1.0595307980646982,-6.50149186996059,0.2920221022264802,0.9993303802855232,Not significant
GENE3592,1,Plasma cells,7q,protein_coding,45,43,6.525415555555555,6.4096311627906974,-0.11578439276485764,0.9228804045610154,-1.0926852034280854,-6.46613228520798,0.2772721071886641,0.9993303802855232,Not significant
PCOTH056,1,Plasma cells,15q,protein_coding,45,43,5.549283333333333,5.433639302325581,-0.11564403100775333,0.922970197215135,-1.068802887706109,-6.491710181096436,0.287844122624711,0.9993303802855232,Not significant
GENE3469,1,Plasma cells,2p,protein_coding,45,43,6.222397333333333,6.106872558139535,-0.11552477519380044,0.9230464947751906,-0.991303326614803,-6.5709058258788104,0.32403461450096005,0.9993303802855232,Not significant
GENE3396,1,Plasma cells,21q,protein_coding,45,43,6.422160444444445,6.306773023255814,-0.11538742118863077,0.9231343790230411,-1.1170701813259902,-6.439447471009515,0.266757974494929,0.9993303802855232,Not significant
PCOTH019,1,Plasma cells,12p,protein_coding,45,43,5.719496444444444,5.6041211627906975,-0.11537528165374411,0.9231421467555347,-0.9288378775389843,-6.630488122788678,0.35530748091521847,0.9993303802855232,Not significant
GENE3155,1,Plasma cells,20q,protein_coding,45,43,8.413192888888888,8.528477209302325,0.1152843204134335,1.0831884948322266,1.0580657371915265,-6.503029836626942,0.29268602227746965,0.9993303802855232,Not significant
GENE3461,1,Plasma cells,9p,protein_coding,45,43,7.203876666666667,7.08873488372093,-0.11514178294573352,0.9232915684537343,-0.9530203990912965,-6.607872892865645,0.34297808065548174,0.9993303802855232,Not significant
GEP1Q97,1,Plasma cells,1q,protein_coding,45,43,6.542889111111111,6.6578348837209305,0.11494577260981842,1.0829343398986098,0.8383789332426772,-6.7100158872790825,0.40390480133872897,0.9993303802855232,Not significant
GENE3241,1,Plasma cells,2p,protein_coding,45,43,8.500036,8.61495,0.11491400000000418,1.0829104905954776,1.0046814239352369,-6.557651298692972,0.31758110984413723,0.9993303802855232,Not significant
GENE2393,1,Plasma cells,9p,protein_coding,45,43,7.036206888888889,6.9214762790697675,-0.11473060981911853,0.9235547472778636,-1.0616172589370592,-6.499297992961585,0.29107835830169204,0.9993303802855232,Not significant
GENE2783,1,Plasma cells,20q,protein_coding,45,43,7.776434,7.890322790697675,0.11388879069767643,1.0821412250879987,1.0158655751884718,-6.546436970221517,0.3122520678694408,0.9993303802855232,Not significant
GENE1450,1,Plasma cells,19q,protein_coding,45,43,7.474473777777778,7.360669302325581,-0.11380447545219674,0.9241478112075221,-0.9432850283333437,-6.6170459079407395,0.34790785742870833,0.9993303802855232,Not significant
PCADV057,1,Plasma cells,13q,protein_coding,45,43,5.749285777777778,5.863072790697674,0.11378701291989923,1.0820648859857274,0.601096054429823,-6.880382808837731,0.5491955965985824,0.9993303802855232,Not significant
PCOTH196,1,Plasma cells,7q,protein_coding,45,43,7.9010182222222225,7.787401860465116,-0.11361636175710643,0.9242683191381645,-1.0814871830544641,-6.478194005029238,0.28219523376361483,0.9993303802855232,Not significant
PCOTH079,1,Plasma cells,12p,protein_coding,45,43,7.361035333333334,7.474617674418605,0.11358234108527299,1.0819113868121164,1.0483290208564726,-6.513198259707617,0.2971245449829041,0.9993303802855232,Not significant
GENE3847,1,Plasma cells,12p,protein_coding,45,43,8.854036222222222,8.96740511627907,0.11336889405684936,1.0817513296401549,0.9656712459709507,-6.595814776794938,0.33664005900801297,0.9993303802855232,Not significant
GENE2336,1,Plasma cells,15q,protein_coding,45,43,6.685049333333334,6.571746279069767,-0.11330305426356357,0.92446906262747,-0.9933230692073058,-6.568915891581161,0.323054781702959,0.9993303802855232,Not significant
PCFAV031,1,Plasma cells,5q,protein_coding,45,43,6.237590444444445,6.350781162790698,0.11319071834625216,1.0816177394461937,0.4777822391065596,-6.946906664782193,0.6338935318897331,0.9993303802855232,Not significant
PCOTH228,1,Plasma cells,21q,protein_coding,45,43,5.921833555555556,6.034902558139535,0.11306900258397778,1.0815264905192752,1.1184310967351934,-6.437941296335493,0.26617950335118545,0.9993303802855232,Not significant
GENE3456,1,Plasma cells,21q,protein_coding,45,43,7.934107333333333,7.821098372093023,-0.11300896124030668,0.9246575346240024,-1.0570771906471512,-6.504066401761115,0.2931345820596794,0.9993303802855232,Not significant
GENE2941,1,Plasma cells,2p,protein_coding,45,43,8.742184444444444,8.855024651162791,0.1128402067183476,1.0813549856881979,0.9519212478235964,-6.608913180520934,0.34353238518433526,0.9993303802855232,Not significant
GENE2195,1,Plasma cells,20q,protein_coding,45,43,10.863067555555556,10.750287441860465,-0.11278011369509322,0.924804220087544,-1.0353684518737318,-6.526590934186373,0.3031032591091249,0.9993303802855232,Not significant
GENE1336,1,Plasma cells,7q,protein_coding,45,43,8.070655333333333,7.958059069767442,-0.11259626356589081,0.924922080206696,-1.0334544400893226,-6.528554956462569,0.30399303052953386,0.9993303802855232,Not significant
GENE3260,1,Plasma cells,15q,protein_coding,45,43,6.606113111111111,6.718670697674419,0.11255758656330705,1.0811431718449114,0.8907584847214826,-6.6649419413992685,0.37529030388505524,0.9993303802855232,Not significant
GENE1233,1,Plasma cells,18q,protein_coding,45,43,9.194535555555555,9.081993023255814,-0.11254253229973976,0.9249565283461276,-1.033850859752285,-6.528148470656641,0.3038086013903406,0.9993303802855232,Not significant
GENE3536,1,Plasma cells,15q,protein_coding,45,43,7.783099777777778,7.6709181395348836,-0.11218163824289729,0.9251879376598341,-0.9437825281941781,-6.616579386757145,0.34765483019340593,0.9993303802855232,Not significant
GENE2604,1,Plasma cells,21q,protein_coding,45,43,7.361460444444445,7.472706976744186,0.11124653229973447,1.0801611254184353,1.0269500947850656,-6.535202692665952,0.3070298801886483,0.9993303802855232,Not significant
GENE3868,1,Plasma cells,7q,protein_coding,45,43,7.364084888888889,7.474920697674419,0.11083580878552901,1.0798536561228897,1.0386941887322898,-6.523169850272071,0.30156140179387725,0.9993303802855232,Not significant
PCOTH158,1,Plasma cells,3q,protein_coding,45,43,6.675218444444445,6.564388372093023,-0.11083007235142261,0.9260550913828917,-0.9877271588929204,-6.574419482901224,0.3257743296613156,0.9993303802855232,Not significant
GENE1006,1,Plasma cells,19q,protein_coding,45,43,9.020898888888889,8.91009,-0.11080888888888651,0.9260686889879298,-1.0865852508530998,-6.472717753573718,0.27994648850077775,0.9993303802855232,Not significant
GENE1989,1,Plasma cells,18q,protein_coding,45,43,8.294694222222223,8.183948837209302,-0.11074538501291897,0.9261094531437822,-0.9895259243507828,-6.572653714419129,0.3248985060811135,0.9993303802855232,Not significant
PCOTH132,1,Plasma cells,21q,protein_coding,45,43,7.6295895555555555,7.7401216279069764,0.11053207235141826,1.0796263340864418,0.8545681203977551,-6.69637175887735,0.3949222083245352,0.9993303802855232,Not significant
PCFAV020,1,Plasma cells,16q,protein_coding,45,43,7.24901,7.359461627906977,0.11045162790697916,1.0795661359732844,0.4086882488402089,-6.977564405494984,0.6836805619115106,0.9993303802855232,Not significant
GENE2004,1,Plasma cells,21q,protein_coding,45,43,7.282711777777778,7.393031627906977,0.11031985012919865,1.0794675313996986,0.9047583582692516,-6.65243975936615,0.36786303769441286,0.9993303802855232,Not significant
GENE3814,1,Plasma cells,19q,protein_coding,45,43,8.962790666666667,9.07263534883721,0.109844682170543,1.0791120550802544,0.9924205117907595,-6.569805618946686,0.323492394440144,0.9993303802855232,Not significant
PCFAV017,1,Plasma cells,6p,protein_coding,45,43,6.421695111111111,6.311978139534884,-0.1097169715762254,0.9267698580961644,-0.5382388414282466,-6.916180903730428,0.5916604726372158,0.9993303802855232,Not significant
GENE1634,1,Plasma cells,3q,protein_coding,45,43,7.9835928888888885,7.873920697674419,-0.10967219121446714,0.9267986249057997,-1.022235915953298,-6.539995138415434,0.30924362267807937,0.9993303802855232,Not significant
PCOTH235,1,Plasma cells,12p,protein_coding,45,43,8.433062444444445,8.542534418604651,0.10947197416020593,1.0788333116532713,0.8490665735646211,-6.701037254635413,0.39796089719628736,0.9993303802855232,Not significant
GENE2337,1,Plasma cells,18q,protein_coding,45,43,8.294551555555556,8.403651860465116,0.10910030490956046,1.0785554168020048,0.9114229558962864,-6.646420805001143,0.36436020067706354,0.9993303802855232,Not significant
PCADV039,1,Plasma cells,1p,protein_coding,45,43,8.035398666666667,7.92642488372093,-0.10897378294573556,0.9272473964791247,-0.521656653991721,-6.924970344016287,0.6031133338349893,0.9993303802855232,Not significant
GENE3687,1,Plasma cells,4q,protein_coding,45,43,9.399573333333333,9.508541162790697,0.10896782945736838,1.07845638301272,1.0017746301411763,-6.560546037534526,0.31897600086358274,0.9993303802855232,Not significant
GENE2132,1,Plasma cells,15q,protein_coding,45,43,6.130646666666666,6.239232093023256,0.10858542635659152,1.0781705634862928,0.9086088789008907,-6.648967559419098,0.3658366570687799,0.9993303802855232,Not significant
GENE1898,1,Plasma cells,3q,protein_coding,45,43,7.790917777777778,7.682819767441861,-0.10809801033591615,0.9278104429821963,-0.8285029936081094,-6.718212984092396,0.40944498930240314,0.9993303802855232,Not significant
GENE1840,1,Plasma cells,7q,protein_coding,45,43,6.401175333333334,6.293372558139535,-0.10780277519379755,0.9280003308448822,-0.9519737549976481,-6.608863512088741,0.343505892483736,0.9993303802855232,Not significant
GENE3531,1,Plasma cells,4q,protein_coding,45,43,5.963692666666667,5.85595,-0.10774266666666943,0.9280389959081994,-0.982565942336152,-6.579468547191662,0.3282959871422555,0.9993303802855232,Not significant
PCADV073,1,Plasma cells,13q,protein_coding,45,43,8.455247555555555,8.56237023255814,0.10712267700258415,1.0770779597046196,0.6005533388371116,-6.880708677063191,0.5495556124903447,0.9993303802855232,Not significant
GENE2481,1,Plasma cells,18q,protein_coding,45,43,7.639094888888889,7.532073953488372,-0.10702093540051383,0.9285033784050416,-1.0140559905130868,-6.548259676542338,0.313110219680279,0.9993303802855232,Not significant
GENE1392,1,Plasma cells,21q,protein_coding,45,43,7.577149555555556,7.684054186046511,0.10690463049095644,1.0769151842472626,0.9396100350179142,-6.6204845851017895,0.34978063311881036,0.9993303802855232,Not significant
GENE1647,1,Plasma cells,4q,protein_coding,45,43,7.414686666666666,7.521544186046512,0.10685751937984467,1.0768800182273448,0.9612191120110892,-6.600076099383946,0.33886178020292956,0.9993303802855232,Not significant
GENE2250,1,Plasma cells,10q,protein_coding,45,43,8.857960666666667,8.96467,0.10670933333333821,1.0767694124564202,0.9261636834661641,-6.6329539570767455,0.3566881502045297,0.9993303802855232,Not significant
GENE3506,1,Plasma cells,3q,protein_coding,45,43,8.713207333333333,8.819840465116279,0.10663313178294231,1.0767125401934496,0.8852268970021211,-6.669828921486299,0.37825070126770155,0.9993303802855232,Not significant
GENE2523,1,Plasma cells,4q,protein_coding,45,43,8.756565555555555,8.863116744186046,0.1065511886304904,1.076651386095235,0.9179289697626666,-6.640503202029781,0.36096121052491215,0.9993303802855232,Not significant
GENE2908,1,Plasma cells,7q,protein_coding,45,43,7.562602444444444,7.456176511627907,-0.10642593281653756,0.9288863947971131,-0.9299154939772496,-6.629492495237387,0.35475208396683255,0.9993303802855232,Not significant
PCOTH076,1,Plasma cells,7q,protein_coding,45,43,8.136236444444444,8.24262023255814,0.10638378811369442,1.0765264660412452,0.9844791509302593,-6.577599935338915,0.3273597393412614,0.9993303802855232,Not significant
GENE3873,1,Plasma cells,18q,protein_coding,45,43,8.205106444444445,8.311306511627906,0.10620006718346353,1.0763893838128813,1.0913387994505275,-6.467588946312352,0.2778608808274849,0.9993303802855232,Not significant
GENE3441,1,Plasma cells,18q,protein_coding,45,43,8.146542,8.252672558139535,0.1061305581395331,1.0763375246240094,0.8714420836380656,-6.681877041641198,0.3856913936449927,0.9993303802855232,Not significant
GENE1838,1,Plasma cells,3q,protein_coding,45,43,8.196951555555556,8.090915581395349,-0.1060359741602035,0.9291375055581098,-0.9199557629952385,-6.638651266236105,0.35990647655885866,0.9993303802855232,Not significant
PCOTH188,1,Plasma cells,15q,protein_coding,45,43,7.263192888888889,7.369163023255814,0.10597013436692482,1.0762178454669198,0.933635371065361,-6.62604692939256,0.35283916284419226,0.9993303802855232,Not significant
GENE3452,1,Plasma cells,15q,protein_coding,45,43,9.520688222222223,9.626532790697674,0.10584456847544921,1.0761241802301973,0.9504332616577541,-6.610319602958919,0.3442837054419925,0.9993303802855232,Not significant
GENE1675,1,Plasma cells,12p,protein_coding,45,43,8.067052888888888,8.17279488372093,0.10574199483204261,1.0760476719932621,0.9850343600731444,-6.577057001317611,0.32708837210145125,0.9993303802855232,Not significant
PCOTH090,1,Plasma cells,10q,protein_coding,45,43,6.741824444444444,6.8473704651162794,0.10554602067183616,1.0759015127490401,1.0145368280885267,-6.5477756625590064,0.31288204036381584,0.9993303802855232,Not significant
GENE1268,1,Plasma cells,15q,protein_coding,45,43,7.620582222222223,7.515113953488372,-0.1054682687338504,0.9295031962857261,-0.9027288413999682,-6.654264039430996,0.36893394586828954,0.9993303802855232,Not significant
GENE3620,1,Plasma cells,15q,protein_coding,45,43,8.592503777777777,8.487491860465116,-0.10501191731266246,0.9297972620360917,-0.8828211092674706,-6.671945013833325,0.3795427774026773,0.9993303802855232,Not significant
PCADV061,1,Plasma cells,13q,protein_coding,45,43,7.642175777777778,7.746908372093023,0.10473259431524617,1.0752950644359391,0.5096191299053001,-6.9311795577901965,0.6114902575513174,0.9993303802855232,Not significant
PCFAV004,1,Plasma cells,16q,protein_coding,45,43,7.001861555555555,6.897181162790698,-0.10468039276486163,0.9300109496333253,-0.5825646298685105,-6.891344470261157,0.5615550470332558,0.9993303802855232,Not significant
GENE1644,1,Plasma cells,21q,protein_coding,45,43,8.976646888888888,9.081212093023256,0.10456520413437076,1.0751703094540144,1.0174496508037563,-6.544838797986987,0.3115021515687571,0.9993303802855232,Not significant
PCOTH109,1,Plasma cells,2p,protein_coding,45,43,8.462283777777778,8.566763488372093,0.10447971059432071,1.0751065971726343,0.9251569450434018,-6.633880446386313,0.3572088112713786,0.9993303802855232,Not significant
GENE2794,1,Plasma cells,19q,protein_coding,45,43,7.388829333333334,7.2844,-0.10442933333332949,0.9301728052790573,-1.0758410070696816,-6.4842296963648085,0.28470023274582645,0.9993303802855232,Not significant
GENE1806,1,Plasma cells,10q,protein_coding,45,43,7.284208888888889,7.388153720930233,0.10394483204134009,1.0747080757541536,1.05493337072862,-6.506311105756017,0.29410896453764696,0.9993303802855232,Not significant
PCFAV019,1,Plasma cells,5q,protein_coding,45,43,7.706018888888889,7.6021983720930235,-0.10382051679586635,0.9305654205424536,-0.45795568180683877,-6.956190765676101,0.6480212931218512,0.9993303802855232,Not significant
GENE2028,1,Plasma cells,21q,protein_coding,45,43,9.825768,9.722674186046511,-0.10309381395348538,0.9310342756100957,-0.9362465836540542,-6.623620205296574,0.3515003315738753,0.9993303802855232,Not significant
GENE0995,1,Plasma cells,20q,protein_coding,45,43,8.933702444444444,8.830740930232558,-0.10296151421188249,0.9311196583407253,-0.93250473954597,-6.627095614589587,0.35341987995951385,0.9993303802855232,Not significant
GENE2207,1,Plasma cells,20q,protein_coding,45,43,8.089206888888889,8.191897441860466,0.1026905529715787,1.0737741305969775,0.9786717440988145,-6.583260967956817,0.3302070960928548,0.9993303802855232,Not significant
GENE3120,1,Plasma cells,21q,protein_coding,45,43,9.952218,10.054814418604652,0.10259641860464797,1.0737040702255438,1.020514965601942,-6.5417392861716115,0.31005443093985274,0.9993303802855232,Not significant
GENE1093,1,Plasma cells,2p,protein_coding,45,43,6.321804222222222,6.219401395348838,-0.10240282687338365,0.931480306632506,-0.8736277222641643,-6.6799791743816535,0.38450561987258713,0.9993303802855232,Not significant
PCFAV006,1,Plasma cells,11q,protein_coding,45,43,6.708154666666666,6.605781395348838,-0.10237327131782958,0.9314993894595559,-0.4300960979964789,-6.968574449324453,0.6680916534395842,0.9993303802855232,Not significant
GENE3019,1,Plasma cells,12p,protein_coding,45,43,8.049127777777779,8.15147465116279,0.10234687338501125,1.0735183660129632,0.8767001356091224,-6.677303378994604,0.382842578976506,0.9993303802855232,Not significant
GENE3851,1,Plasma cells,20q,protein_coding,45,43,9.107066444444444,9.004771860465116,-0.10229458397932767,0.931550196598013,-1.0081864030718646,-6.554149936070759,0.3159045749016917,0.9993303802855232,Not significant
GENE3867,1,Plasma cells,4q,protein_coding,45,43,6.397181333333333,6.499452325581395,0.10227099224806313,1.0734619038711977,0.8277394215185767,-6.718842767084713,0.4098752405871767,0.9993303802855232,Not significant
GENE2555,1,Plasma cells,20q,protein_coding,45,43,8.286440888888889,8.388638604651163,0.10219771576227465,1.0734073826341137,1.0276248176627973,-6.534515003409176,0.30671390966722106,0.9993303802855232,Not significant
GENE1321,1,Plasma cells,2p,protein_coding,45,43,9.967519777777778,9.865326279069768,-0.10219349870800798,0.931615469785168,-0.8832816654923582,-6.671540354392295,0.3792952133800258,0.9993303802855232,Not significant
PCADV046,1,Plasma cells,17p,protein_coding,45,43,8.23614911111111,8.338229767441861,0.10208065633075059,1.0733202905204664,0.4346019678648799,-6.966624031946179,0.664828698953291,0.9993303802855232,Not significant
PCOTH152,1,Plasma cells,15q,protein_coding,45,43,6.2439015555555555,6.142063488372093,-0.10183806718346222,0.9318450167717264,-0.9496648365805376,-6.611045061666887,0.34467211863786495,0.9993303802855232,Not significant
PCOTH163,1,Plasma cells,12p,protein_coding,45,43,7.183102444444445,7.28492976744186,0.10182732299741204,1.0731318349373442,0.8883610419539386,-6.6670636814102195,0.37657157888648296,0.9993303802855232,Not significant
PCADV027,1,Plasma cells,1p,protein_coding,45,43,9.378505777777777,9.480319302325581,0.10181352454780068,1.0731215711710465,0.6404930007286909,-6.855947396689289,0.523381144427737,0.9993303802855232,Not significant
GENE2946,1,Plasma cells,10q,protein_coding,45,43,5.989138888888889,6.090883255813954,0.10174436692506372,1.073070130807071,0.8719074845256404,-6.681473309653977,0.3854387099107198,0.9993303802855232,Not significant
GENE2743,1,Plasma cells,12p,protein_coding,45,43,6.819731777777778,6.921241395348837,0.10150961757106458,1.072895539490328,0.9157953095070239,-6.6424484492256015,0.36207368323196665,0.9993303802855232,Not significant
PCOTH108,1,Plasma cells,21q,protein_coding,45,43,4.035369111111111,4.136809302325581,0.10144019121447023,1.0728439101203167,0.9636572455530799,-6.597744852337511,0.3376439120291268,0.9993303802855232,Not significant
GENE1693,1,Plasma cells,2p,protein_coding,45,43,6.82655,6.725318372093024,-0.10123162790697737,0.9322368017230264,-0.8901614216118063,-6.665470868924184,0.3756091386471181,0.9993303802855232,Not significant
GENE3224,1,Plasma cells,15q,protein_coding,45,43,8.257068666666667,8.155953488372093,-0.10111517829457206,0.932312051857337,-0.9091930552969045,-6.648439513289832,0.3655298468379703,0.9993303802855232,Not significant
PCOTH208,1,Plasma cells,7q,protein_coding,45,43,6.922380666666666,7.023254651162791,0.10087398449612373,1.0724229394879665,0.8916033772908448,-6.664192870207649,0.374839417221578,0.9993303802855232,Not significant
PCOTH223,1,Plasma cells,12p,protein_coding,45,43,6.2791091111111115,6.3798132558139535,0.10070414470284561,1.0722966970289016,0.9717718305502406,-6.589944298752322,0.3336112110144358,0.9993303802855232,Not significant
GENE2342,1,Plasma cells,3q,protein_coding,45,43,8.40162288888889,8.300943255813953,-0.10067963307493599,0.9325935565044053,-0.973269125418471,-6.588497940614305,0.33287056439862484,0.9993303802855232,Not significant
PCOTH114,1,Plasma cells,10q,protein_coding,45,43,6.114714,6.014051162790698,-0.10066283720930258,0.9326044138282337,-0.9499018919035441,-6.610821322665616,0.34455226481900003,0.9993303802855232,Not significant
GENE3648,1,Plasma cells,21q,protein_coding,45,43,8.889946,8.99046930232558,0.10052330232558404,1.072162292650244,0.8484789839724736,-6.701533796121337,0.3982862864269593,0.9993303802855232,Not significant
GENE3758,1,Plasma cells,3q,protein_coding,45,43,7.072349555555555,7.1728093023255814,0.10045974677002789,1.072115061345424,0.8659662805921878,-6.68661132871573,0.3886721277939492,0.9993303802855232,Not significant
PCOTH191,1,Plasma cells,20q,protein_coding,45,43,7.105230888888888,7.205572093023256,0.10034120413436831,1.0720269719569846,0.8516350498797164,-6.69886279405155,0.39654046434838675,0.9993303802855232,Not significant
GENE2381,1,Plasma cells,9p,protein_coding,45,43,8.255560888888889,8.155435581395349,-0.10012530749353843,0.932951955042655,-0.873697495500434,-6.679918510755152,0.38446780316539164,0.9993303802855232,Not significant
GENE3865,1,Plasma cells,2p,protein_coding,45,43,8.794102444444444,8.695023720930232,-0.09907872351420899,0.9336289982086586,-0.8602603502162628,-6.69151332532687,0.3917932431595632,0.9993303802855232,Not significant
GENE3473,1,Plasma cells,9p,protein_coding,45,43,7.0358748888888885,6.936803953488372,-0.09907093540051459,0.933634038240132,-0.9831994303440336,-6.578850220163927,0.32798578828015235,0.9993303802855232,Not significant
PCADV004,1,Plasma cells,8q,protein_coding,45,43,8.337394666666667,8.238511627906977,-0.09888303875968596,0.9337556426810301,-0.4260255701730295,-6.970319015549528,0.6710448417642667,0.9993303802855232,Not significant
GENE3905,1,Plasma cells,9p,protein_coding,45,43,7.013136666666667,7.111891860465116,0.09875519379845166,1.0708490988936028,0.9667898913601968,-6.594741039333641,0.3360833274864137,0.9993303802855232,Not significant
GENE3751,1,Plasma cells,12p,protein_coding,45,43,6.9045908888888885,6.80589976744186,-0.09869112144702719,0.9338798656030921,-0.9365260736361012,-6.623360067740335,0.3513572242714993,0.9993303802855232,Not significant
GENE3582,1,Plasma cells,10q,protein_coding,45,43,6.987262444444444,6.8887306976744185,-0.09853174677002396,0.9339830371112995,-0.9452495936858145,-6.615202267950477,0.346909376568186,0.9993303802855232,Not significant
GENE2747,1,Plasma cells,20q,protein_coding,45,43,10.20418711111111,10.302680697674418,0.09849358656331297,1.0706549369493104,0.8792278070525688,-6.675095074622186,0.38147775882952784,0.9993303802855232,Not significant
GENE2380,1,Plasma cells,7q,protein_coding,45,43,9.029924,9.128116976744186,0.09819297674418515,1.070431871194746,0.7651543007879205,-6.7685138721925675,0.4460604813989265,0.9993303802855232,Not significant
GENE3047,1,Plasma cells,20q,protein_coding,45,43,7.422110222222222,7.32395,-0.09816022222222376,0.9342235885092989,-0.8862842744203856,-6.668897077279416,0.37768368711365785,0.9993303802855232,Not significant
GENE2154,1,Plasma cells,10q,protein_coding,45,43,6.615462444444445,6.517476976744186,-0.09798546770025851,0.934336758431056,-0.8242284394960924,-6.721731206046867,0.41185709095835976,0.9993303802855232,Not significant
GENE0985,1,Plasma cells,2p,protein_coding,45,43,7.448224222222223,7.54600465116279,0.09778042894056593,1.0701258181682154,1.022952579865093,-6.539267966407449,0.30890639388596175,0.9993303802855232,Not significant
GENE1185,1,Plasma cells,18q,protein_coding,45,43,7.153021777777778,7.0553076744186045,-0.09771410335917441,0.9345125194328632,-0.8955187341131707,-6.66071244707894,0.3727543847094511,0.9993303802855232,Not significant
PCFAV066,1,Plasma cells,11q,protein_coding,45,43,8.519571555555556,8.421918604651163,-0.09765295090439352,0.9345521320635046,-0.5104088685460139,-6.930776612083875,0.6109390757889892,0.9993303802855232,Not significant
GENE2948,1,Plasma cells,15q,protein_coding,45,43,8.480793333333333,8.578290232558139,0.09749689922480798,1.0699155293352265,0.9114740248894604,-6.646374515795745,0.3643334414018493,0.9993303802855232,Not significant
GENE3992,1,Plasma cells,15q,protein_coding,45,43,7.606746,7.704241627906977,0.09749562790697652,1.069914586514982,0.8480116145608853,-6.701928504009712,0.398545217581585,0.9993303802855232,Not significant
GENE1655,1,Plasma cells,20q,protein_coding,45,43,6.8092442222222225,6.906613023255814,0.09736880103359535,1.0698205347897618,0.9496024655484179,-6.611103919970098,0.34470365756442556,0.9993303802855232,Not significant
PCOTH195,1,Plasma cells,4q,protein_coding,45,43,8.410667333333333,8.313306511627907,-0.09736082170542915,0.9347413873118772,-0.9414808509826672,-6.618735716129537,0.34882645514522537,0.9993303802855232,Not significant
GENE1784,1,Plasma cells,15q,protein_coding,45,43,7.283699555555556,7.381034651162791,0.09733509560723608,1.0697955410558007,0.8859664341094585,-6.669177298197979,0.3778540716829395,0.9993303802855232,Not significant
GENE1721,1,Plasma cells,9p,protein_coding,45,43,8.483575333333333,8.580774186046511,0.09719885271317885,1.0696945182100144,0.7955688847765026,-6.744856194175271,0.42824940988921256,0.9993303802855232,Not significant
GENE2751,1,Plasma cells,4q,protein_coding,45,43,7.2347428888888885,7.1375920930232555,-0.0971507958656348,0.9348774757643881,-0.905152391253158,-6.652085106532021,0.3676553478167305,0.9993303802855232,Not significant
GENE2061,1,Plasma cells,18q,protein_coding,45,43,8.27677511111111,8.179691395348836,-0.09708371576227215,0.9349209451975559,-0.9655550762658347,-6.595926213010239,0.33669790928475585,0.9993303802855232,Not significant
PCOTH008,1,Plasma cells,15q,protein_coding,45,43,8.490016444444445,8.586846046511628,0.09682960206718327,1.069420770232993,0.9278966341923239,-6.631356825435834,0.35579304771821696,0.9993303802855232,Not significant
GENE1179,1,Plasma cells,4q,protein_coding,45,43,8.58373711111111,8.680442790697674,0.09670567958656129,1.069328914657592,0.9430777143509768,-6.617240241484265,0.3480133319213239,0.9993303802855232,Not significant
GENE2029,1,Plasma cells,2p,protein_coding,45,43,8.925474888888889,9.021527209302326,0.09605232041344003,1.068844752961601,0.8835560566110144,-6.6712991668783275,0.3791477671587379,0.9993303802855232,Not significant
GENE2253,1,Plasma cells,18q,protein_coding,45,43,8.734924888888889,8.638928604651163,-0.09599628423772444,0.9356259075984513,-0.8328552170613217,-6.714612406364746,0.4069978489822099,0.9993303802855232,Not significant
GENE1909,1,Plasma cells,2p,protein_coding,45,43,6.914131555555556,7.0100955813953485,0.09596402583979113,1.0687793404514927,0.807899280924514,-6.735005899931539,0.4211500431036733,0.9993303802855232,Not significant
PCOTH082,1,Plasma cells,19q,protein_coding,45,43,7.0395813333333335,6.943823023255814,-0.09575831007751567,0.9357802528674841,-0.9147546181774141,-6.643395628478391,0.3626170818641209,0.9993303802855232,Not significant
GENE1584,1,Plasma cells,21q,protein_coding,45,43,7.440779777777778,7.536503488372093,0.09572371059431717,1.0686013246049524,0.8500917607998372,-6.700170111402683,0.3973935694580115,0.9993303802855232,Not significant
GEP1Q104,1,Plasma cells,1q,protein_coding,45,43,6.612637777777778,6.708223488372093,0.09558571059431209,1.0684991131701584,0.465329292727948,-6.952783695736743,0.6427516882243947,0.9993303802855232,Not significant
GENE1482,1,Plasma cells,10q,protein_coding,45,43,8.552032888888888,8.456559069767442,-0.09547381912144814,0.9359648014114206,-0.9517262835065566,-6.609097580790131,0.3436307667933093,0.9993303802855232,Not significant
PCOTH149,1,Plasma cells,9p,protein_coding,45,43,6.981447333333334,7.076905581395349,0.0954582480620152,1.0684047151285303,0.8051011625796239,-6.737254321770501,0.4227549099751453,0.9993303802855232,Not significant
GENE3358,1,Plasma cells,19q,protein_coding,45,43,9.654504,9.559126976744187,-0.09537702325581066,0.9360276009358691,-0.8131941291047576,-6.7307301816362655,0.41812312720619194,0.9993303802855232,Not significant
PCOTH018,1,Plasma cells,10q,protein_coding,45,43,6.883673111111111,6.788306046511628,-0.09536706459948174,0.9360340621831186,-0.9466924966736254,-6.61384578264708,0.34617720929459284,0.9993303802855232,Not significant
GENE1796,1,Plasma cells,15q,protein_coding,45,43,6.853936222222222,6.7588211627906976,-0.09511505943152265,0.9361975797785975,-0.7776751520962447,-6.758884898629329,0.43867677449687115,0.9993303802855232,Not significant
GENE1256,1,Plasma cells,15q,protein_coding,45,43,7.635602444444444,7.540645813953488,-0.09495663049095704,0.9363003935616291,-0.7751991921341878,-6.7608012407312215,0.4401311955468976,0.9993303802855232,Not significant
PCOTH229,1,Plasma cells,2p,protein_coding,45,43,8.398335777777778,8.493082093023256,0.09474631524548194,1.0678776150061087,0.8059726157998933,-6.736554892523512,0.4222546963765158,0.9993303802855232,Not significant
GENE2048,1,Plasma cells,15q,protein_coding,45,43,8.984130666666667,8.889465813953489,-0.09466485271317815,0.9364897747323552,-0.8419177265403622,-6.707055372923275,0.4019307584419425,0.9993303802855232,Not significant
PCADV009,1,Plasma cells,13q,protein_coding,45,43,8.230727333333334,8.325323488372094,0.09459615503876506,1.0677664727520935,0.5102370455767049,-6.930864333561423,0.6110589770355099,0.9993303802855232,Not significant
GENE3882,1,Plasma cells,10q,protein_coding,45,43,7.287857111111111,7.382344418604651,0.09448730749354084,1.0676859156198792,0.790838609916094,-6.748595360818022,0.43099158558340966,0.9993303802855232,Not significant
GENE3995,1,Plasma cells,20q,protein_coding,45,43,5.120723777777778,5.026259069767442,-0.09446470801033513,0.9366197027242493,-0.8410590239958746,-6.707774882661916,0.4024092269720042,0.9993303802855232,Not significant
GENE1403,1,Plasma cells,20q,protein_coding,45,43,8.2235,8.31793441860465,0.09443441860465462,1.067646775202048,0.8279760917494284,-6.7186476261813874,0.4097418544145859,0.9993303802855232,Not significant
GENE1763,1,Plasma cells,20q,protein_coding,45,43,6.711084,6.616666511627907,-0.0944174883720974,0.9366503589378351,-0.9600420445271995,-6.60119949173485,0.3394507588934398,0.9993303802855232,Not significant
PCFAV027,1,Plasma cells,5q,protein_coding,45,43,6.314966888888889,6.409290697674418,0.0943238087855276,1.067564923052795,0.4612505770417071,-6.9546750133102355,0.645664337645486,0.9993303802855232,Not significant
PCOTH044,1,Plasma cells,15q,protein_coding,45,43,5.668505555555556,5.76249,0.09398444444444554,1.067313829891244,0.8929343755676051,-6.663011407088906,0.3741298048712697,0.9993303802855232,Not significant
GENE3165,1,Plasma cells,18q,protein_coding,45,43,7.929884666666666,8.023793488372092,0.0939088217054298,1.0672578852338106,0.9139510206362932,-6.644126294148219,0.36303703631645157,0.9993303802855232,Not significant
GENE2918,1,Plasma cells,3q,protein_coding,45,43,9.463071777777778,9.369613953488372,-0.09345782428940552,0.937273615209745,-0.750428452216776,-6.779640989824238,0.4548358165689048,0.9993303802855232,Not significant
GENE3898,1,Plasma cells,19q,protein_coding,45,43,9.814437555555555,9.907596279069768,0.09315872351421284,1.0667031317282099,0.7972561704439634,-6.743517111870429,0.42727377840946523,0.9993303802855232,Not significant
PCFAV001,1,Plasma cells,6p,protein_coding,45,43,8.600434666666667,8.507281162790697,-0.09315350387596766,0.9374713434692282,-0.43171086813124704,-6.967877805420928,0.6669215706005003,0.9993303802855232,Not significant
GENE0980,1,Plasma cells,15q,protein_coding,45,43,9.15315111111111,9.06026,-0.09289111111110948,0.9376418632684363,-0.8285893852934949,-6.718141693461921,0.40939632721891694,0.9993303802855232,Not significant
GENE3333,1,Plasma cells,18q,protein_coding,45,43,9.55980711111111,9.652597209302325,0.09279009819121598,1.066430611518278,0.8721801607257502,-6.681236666416822,0.3852907114386188,0.9993303802855232,Not significant
GENE3118,1,Plasma cells,19q,protein_coding,45,43,8.434008444444444,8.341230930232559,-0.09277751421188718,0.9377156955051398,-0.7667155735381673,-6.767321622348465,0.4451358735978598,0.9993303802855232,Not significant
GENE3630,1,Plasma cells,10q,protein_coding,45,43,8.51803,8.42539511627907,-0.0926348837209332,0.9378084063399464,-0.755604520795636,-6.775754208074688,0.4517401206956817,0.9993303802855232,Not significant
PCOTH069,1,Plasma cells,18q,protein_coding,45,43,8.653028444444445,8.745608372093024,0.09257992764858436,1.0662752661618133,0.8095233667247571,-6.733697340272925,0.42022021296475665,0.9993303802855232,Not significant
GENE1108,1,Plasma cells,7q,protein_coding,45,43,7.792850888888889,7.700411627906977,-0.09243926098191135,0.9379355774207517,-0.8242006358260087,-6.721754031459623,0.4118728083540034,0.9993303802855232,Not significant
PCOTH125,1,Plasma cells,9p,protein_coding,45,43,8.800598888888889,8.708240930232558,-0.09235795865633811,0.9379884357797635,-0.7865117093653082,-6.751996397093496,0.43350895787386856,0.9993303802855232,Not significant
GENE2620,1,Plasma cells,7q,protein_coding,45,43,8.193770222222222,8.285989302325582,0.09221908010336399,1.0660086022537065,0.7821666271061569,-6.7553931897464965,0.4360455781585114,0.9993303802855232,Not significant
GENE2687,1,Plasma cells,20q,protein_coding,45,43,6.641259111111111,6.5494041860465115,-0.09185492506460058,0.9383155471565323,-0.7661587220875357,-6.767747131618578,0.4454655215010116,0.9993303802855232,Not significant
PCOTH165,1,Plasma cells,18q,protein_coding,45,43,8.00829911111111,8.100082790697675,0.09178367958656075,1.0656869329804515,0.8920368957591763,-6.663808247043507,0.37460819716925053,0.9993303802855232,Not significant
GENE3596,1,Plasma cells,15q,protein_coding,45,43,8.036915111111112,7.945134186046512,-0.09178092506459823,0.9383636773083137,-0.8344309428352762,-6.713304230407364,0.40611404935985274,0.9993303802855232,Not significant
GENE3906,1,Plasma cells,10q,protein_coding,45,43,8.003791333333334,7.912176046511628,-0.09161528682170239,0.9384714186044089,-0.9479125090575806,-6.612697254514703,0.3455589232494134,0.9993303802855232,Not significant
GEP1Q110,1,Plasma cells,1q,protein_coding,45,43,7.859327111111111,7.950632325581395,0.09130521447028883,1.0653335599772535,0.7576044305652948,-6.7742453777771034,0.4505472663628215,0.9993303802855232,Not significant
GENE2118,1,Plasma cells,10q,protein_coding,45,43,7.60426,7.695413953488372,0.09115395348837652,1.0652218697388842,0.901505042878609,-6.655362133834639,0.36958065440377774,0.9993303802855232,Not significant
GENE1893,1,Plasma cells,18q,protein_coding,45,43,7.799950888888889,7.8911006976744185,0.0911498087855307,1.06521880947899,0.8204830767407223,-6.724799123915298,0.4139775949330273,0.9993303802855232,Not significant
GENE2001,1,Plasma cells,18q,protein_coding,45,43,8.184302888888888,8.093177674418605,-0.09112521447028854,0.9387902642412933,-0.8995856561323283,-6.657081418617083,0.3705963826673552,0.9993303802855232,Not significant
GENE3130,1,Plasma cells,19q,protein_coding,45,43,9.672225555555556,9.763147674418605,0.09092211886305179,1.065050707112815,0.8243576426284354,-6.721625126823405,0.4117840572578365,0.9993303802855232,Not significant
GENE2764,1,Plasma cells,7q,protein_coding,45,43,7.919151777777778,7.828457209302326,-0.09069456847545165,0.9390705359562231,-0.7986824113066102,-6.742383019662757,0.42645011636229413,0.9993303802855232,Not significant
GENE2551,1,Plasma cells,12p,protein_coding,45,43,7.957865777777778,8.048303255813954,0.09043747803618096,1.0646929874609823,0.8567817482044776,-6.694486156592303,0.393703578454208,0.9993303802855232,Not significant
PCOTH117,1,Plasma cells,18q,protein_coding,45,43,7.478215111111111,7.38821023255814,-0.09000487855297568,0.9395195721713074,-0.746625968004836,-6.782479505342885,0.4571177142210401,0.9993303802855232,Not significant
PCFAV058,1,Plasma cells,11q,protein_coding,45,43,6.5745877777777775,6.664576279069768,0.08998850129198921,1.0643616991406548,0.2931731539120326,-7.0181760031222735,0.7700238995350488,0.9993303802855232,Not significant
PCOTH130,1,Plasma cells,19q,protein_coding,45,43,8.358599111111111,8.448553488372093,0.08995437726098565,1.0643365241167915,0.7936168851941794,-6.7464018688611445,0.4293797469040833,0.9993303802855232,Not significant
GENE2936,1,Plasma cells,15q,protein_coding,45,43,8.445868444444445,8.535769069767442,0.08990062532300058,1.0642968698007624,0.725052802393085,-6.798313779578848,0.4701868734034774,0.9993303802855232,Not significant
GENE3174,1,Plasma cells,10q,protein_coding,45,43,7.389626444444445,7.299738837209302,-0.08988760723514133,0.9395959453294362,-0.7043548189037709,-6.8130740614693375,0.4829204945274488,0.9993303802855232,Not significant
GENE3513,1,Plasma cells,18q,protein_coding,45,43,7.85238,7.942051395348837,0.08967139534883373,1.0641277769876782,0.698404858837633,-6.817238859949766,0.4866158791313828,0.9993303802855232,Not significant
GENE3136,1,Plasma cells,7q,protein_coding,45,43,5.9045646666666665,5.814920465116279,-0.08964420155038866,0.9397544835388218,-0.7808024733521653,-6.756455793019699,0.4368437481619021,0.9993303802855232,Not significant
GENE2570,1,Plasma cells,3q,protein_coding,45,43,8.047185777777777,7.957894651162791,-0.08929112661498095,0.9399845005203241,-0.810909556751074,-6.732578407957742,0.4194275539412291,0.9993303802855232,Not significant
GENE3659,1,Plasma cells,20q,protein_coding,45,43,9.490156666666667,9.579331627906976,0.08917496124031032,1.0637616715873417,0.8563706247386036,-6.694836721111597,0.3939297320424473,0.9993303802855232,Not significant
GENE3478,1,Plasma cells,19q,protein_coding,45,43,7.537805333333333,7.448787441860465,-0.0890178914728681,0.9401625430825277,-0.678119746348383,-6.831174934393507,0.4993303723717121,0.9993303802855232,Not significant
GENE2222,1,Plasma cells,3q,protein_coding,45,43,7.125496444444445,7.036864883720931,-0.08863156072351064,0.9404143373462174,-0.7776006312783746,-6.758942664280199,0.4387205083080258,0.9993303802855232,Not significant
GENE1436,1,Plasma cells,15q,protein_coding,45,43,8.573403555555556,8.484879069767441,-0.08852448578811156,0.9404841362561577,-0.8234003208945907,-6.72241072432084,0.4123253807320537,0.9993303802855232,Not significant
GENE2159,1,Plasma cells,20q,protein_coding,45,43,9.285608666666667,9.197092093023256,-0.08851657364341037,0.9404892941493849,-0.7241337373862203,-6.798978160089061,0.47074826706526807,0.9993303802855232,Not significant
GENE2667,1,Plasma cells,4q,protein_coding,45,43,9.117392444444445,9.028885348837209,-0.08850709560723047,0.940495472877796,-0.7803264122275831,-6.756826188292499,0.4371224938557451,0.9993303802855232,Not significant
GENE1913,1,Plasma cells,9p,protein_coding,45,43,7.936916888888889,8.025251395348837,0.08833450645994301,1.063142148271061,0.7626013104176794,-6.770458264798611,0.44757478944503626,0.9993303802855232,Not significant
GENE3595,1,Plasma cells,12p,protein_coding,45,43,8.054571777777777,7.966238372093023,-0.08833340568475467,0.9406087084645872,-0.7718263071279782,-6.763402074991437,0.4421169995158518,0.9993303802855232,Not significant
GENE3649,1,Plasma cells,2p,protein_coding,45,43,7.232179333333334,7.3202481395348835,0.088068806201556,1.0629463680643862,0.8603612831703841,-6.691426890451439,0.39173789947449644,0.9993303802855232,Not significant
GENE2012,1,Plasma cells,15q,protein_coding,45,43,7.515446444444445,7.427503720930233,-0.08794272351421295,0.94086346002513,-0.8396280486733264,-6.708972294479545,0.403207335839763,0.9993303802855232,Not significant
GENE3163,1,Plasma cells,12p,protein_coding,45,43,8.345570888888888,8.433513255813953,0.08794236692506274,1.0628532144340657,0.7395332184089933,-6.787736082836542,0.4613915288827781,0.9993303802855232,Not significant
GENE1337,1,Plasma cells,9p,protein_coding,45,43,7.126705111111111,7.038911627906977,-0.0877934832041305,0.9409607931505842,-0.7862669631159204,-6.75218822253375,0.43365160780975576,0.9993303802855232,Not significant
GENE1151,1,Plasma cells,20q,protein_coding,45,43,9.487854222222222,9.575508837209302,0.08765461498708227,1.062641244776431,0.7898721889629998,-6.749356585627374,0.43155309702996647,0.9993303802855232,Not significant
GENE1335,1,Plasma cells,4q,protein_coding,45,43,8.562072444444444,8.64972023255814,0.08764778811369389,1.0626362163401604,0.7910881449592505,-6.7483986592911105,0.4308466702809346,0.9993303802855232,Not significant
GENE3355,1,Plasma cells,12p,protein_coding,45,43,7.851009777777778,7.7634076744186045,-0.08760210335917051,0.941085624019475,-0.7473559073728901,-6.781935718335458,0.4566791665386678,0.9993303802855232,Not significant
GENE2879,1,Plasma cells,20q,protein_coding,45,43,9.138581555555556,9.05111,-0.08747155555555253,0.9411707856208504,-0.8542960539974154,-6.696603177753794,0.3950721439931284,0.9993303802855232,Not significant
PCFAV011,1,Plasma cells,5q,protein_coding,45,43,7.169141111111111,7.256555348837209,0.08741423772609291,1.062464205619915,0.26976701458160546,-7.024779392629194,0.7879197119225118,0.9993303802855232,Not significant
GENE2308,1,Plasma cells,7q,protein_coding,45,43,8.781156888888889,8.693763488372094,-0.08739340051679534,0.9412217729948862,-0.75675022916899,-6.774890311424427,0.45105653645545984,0.9993303802855232,Not significant
PCADV077,1,Plasma cells,13q,protein_coding,45,43,7.702067777777778,7.789351162790697,0.08728338501291777,1.0623678442855022,0.470290538197801,-6.950460803213972,0.6392163248808891,0.9993303802855232,Not significant
GENE3315,1,Plasma cells,4q,protein_coding,45,43,6.570260444444444,6.657341395348837,0.08708095090439194,1.0622187868659618,0.7238983696851164,-6.799148170382331,0.47089209744018934,0.9993303802855232,Not significant
GENE2689,1,Plasma cells,2p,protein_coding,45,43,7.464748444444444,7.377696744186046,-0.08705170025839948,0.941444726428594,-0.8573621104320721,-6.693991000351414,0.39338446480944267,0.9993303802855232,Not significant
PCFAV030,1,Plasma cells,11q,protein_coding,45,43,9.09316,9.180176744186046,0.087016744186041,1.0621715141832955,0.43453612534415326,-6.96665267840293,0.6648763330208887,0.9993303802855232,Not significant
GENE3262,1,Plasma cells,19q,protein_coding,45,43,7.621988,7.70877488372093,0.0867868837209329,1.062002294921823,0.7260253867545572,-6.797609802969437,0.4695931977262231,0.9993303802855232,Not significant
GENE3414,1,Plasma cells,10q,protein_coding,45,43,5.827237333333334,5.913953255813953,0.08671592248061977,1.0619500599417457,0.7644793792109377,-6.769028525939294,0.4464605231792491,0.9993303802855232,Not significant
PCOTH057,1,Plasma cells,18q,protein_coding,45,43,5.811852444444445,5.8980769767441865,0.0862245322997417,1.0615884152712598,0.8192637734753415,-6.725794912510963,0.4146693386335597,0.9993303802855232,Not significant
GENE2904,1,Plasma cells,21q,protein_coding,45,43,7.864971111111111,7.951004186046512,0.08603307493539702,1.0614475432030466,0.7394653264452314,-6.787786159269553,0.4614325472014117,0.9993303802855232,Not significant
PCADV054,1,Plasma cells,17p,protein_coding,45,43,7.916496666666666,8.002518604651163,0.08602193798449598,1.0614393493414125,0.4087800647215289,-6.977526824895411,0.6836134034938695,0.9993303802855232,Not significant
PCOTH001,1,Plasma cells,2p,protein_coding,45,43,5.318038888888889,5.403704186046512,0.08566529715762172,1.0611769890986835,0.8638116727028099,-6.688466113219668,0.38984887638679677,0.9993303802855232,Not significant
PCOTH123,1,Plasma cells,4q,protein_coding,45,43,6.6797144444444445,6.5941851162790694,-0.08552932816537506,0.9424386895294423,-0.7900538401642114,-6.749213573779344,0.43144752090140315,0.9993303802855232,Not significant
PCADV019,1,Plasma cells,1p,protein_coding,45,43,6.329583111111111,6.415020697674419,0.08543758656330969,1.0610095093700824,0.5069992763376989,-6.9325118329673785,0.6133203299339334,0.9993303802855232,Not significant
GENE2241,1,Plasma cells,18q,protein_coding,45,43,8.980058,9.06536534883721,0.0853073488372118,1.06091373221347,0.8723283925588746,-6.681107992216395,0.3852102715302742,0.9993303802855232,Not significant
GENE1102,1,Plasma cells,19q,protein_coding,45,43,7.063343555555556,6.9781360465116276,-0.08520750904392571,0.9426489409080681,-0.7161772339015189,-6.804694972393869,0.4756240251213054,0.9993303802855232,Not significant
GENE0991,1,Plasma cells,12p,protein_coding,45,43,8.18418088888889,8.269254186046512,0.08507329715761713,1.060741631739603,0.762429407645212,-6.770588957644508,0.4476768602462158,0.9993303802855232,Not significant
GENE2886,1,Plasma cells,10q,protein_coding,45,43,7.0544986666666665,6.969538139534884,-0.08496052713177793,0.9428103313343188,-0.8105585685496425,-6.732861904077526,0.4196281735276889,0.9993303802855232,Not significant
PCOTH049,1,Plasma cells,2p,protein_coding,45,43,7.695605777777778,7.780275348837209,0.08466957105943163,1.0604448336272763,0.6688603095665173,-6.837401041257207,0.505193127149461,0.9993303802855232,Not significant
PCOTH115,1,Plasma cells,12p,protein_coding,45,43,6.298133111111111,6.382692790697674,0.0845596795865644,1.06036406159769,0.7945483780481386,-6.745664741372328,0.4288401313312251,0.9993303802855232,Not significant
GENE1218,1,Plasma cells,10q,protein_coding,45,43,6.9019346666666666,6.986462093023256,0.08452742635659227,1.0603403561140827,0.8978694909503103,-6.658615617643459,0.3715060566086945,0.9993303802855232,Not significant
GENE3054,1,Plasma cells,10q,protein_coding,45,43,8.419372444444445,8.503873255813954,0.08450081136950871,1.060320795026138,0.7802525119943589,-6.756883665737124,0.43716577361514875,0.9993303802855232,Not significant
GENE2266,1,Plasma cells,19q,protein_coding,45,43,9.259804,9.175367674418604,-0.08443632558139491,0.9431529626055689,-0.7646378339433892,-6.768907738389051,0.44636658473030866,0.9993303802855232,Not significant
PCOTH041,1,Plasma cells,9p,protein_coding,45,43,7.351383555555556,7.266971162790698,-0.08441239276486279,0.9431686086661726,-0.8073050828817155,-6.735484009975483,0.4214905426713448,0.9993303802855232,Not significant
GENE2729,1,Plasma cells,9p,protein_coding,45,43,8.014969555555556,8.099365348837209,0.08439579328165792,1.0602436139126727,0.8382604782700922,-6.710114772845317,0.4039709808077806,0.9993303802855232,Not significant
GENE2038,1,Plasma cells,19q,protein_coding,45,43,7.988586,8.07295976744186,0.08437376744186054,1.0602274271392658,0.6681812420031424,-6.837854313503575,0.505624534314697,0.9993303802855232,Not significant
GENE1769,1,Plasma cells,9p,protein_coding,45,43,8.82641,8.910777906976744,0.0843679069767429,1.0602231203294012,0.7372637629963208,-6.7894075471156246,0.462763787687405,0.9993303802855232,Not significant
GENE2709,1,Plasma cells,18q,protein_coding,45,43,7.5314937777777775,7.615617441860465,0.08412366408268834,1.060043643698963,0.7673515261571007,-6.766835295669848,0.4447595718137889,0.9993303802855232,Not significant
GENE2503,1,Plasma cells,12p,protein_coding,45,43,7.034903777777778,7.118848139534884,0.08394436175710673,1.0599119065857712,0.7201609382984232,-6.801840457956875,0.47317929504237954,0.9993303802855232,Not significant
GENE3613,1,Plasma cells,2p,protein_coding,45,43,9.078712222222222,9.162500930232557,0.08378870801033855,1.0597975578459031,0.7844996449133071,-6.753571649154375,0.43468250413679954,0.9993303802855232,Not significant
PCFAV064,1,Plasma cells,16q,protein_coding,45,43,8.390297111111112,8.473856511627908,0.08355940051679767,1.0596291229358508,0.41659245016274793,-6.97429837709714,0.6779084205275483,0.9993303802855232,Not significant
GENE2569,1,Plasma cells,2p,protein_coding,45,43,7.7611,7.677652558139535,-0.08344744186046604,0.9437996608354586,-0.8077871223600397,-6.735096172732514,0.42121430195236387,0.9993303802855232,Not significant
PCOTH174,1,Plasma cells,10q,protein_coding,45,43,9.789277333333333,9.872688604651163,0.08341127131783566,1.059520330744195,0.7917035481752963,-6.747913292302583,0.4304894029641221,0.9993303802855232,Not significant
PCADV051,1,Plasma cells,1p,protein_coding,45,43,7.2747631111111115,7.191620232558139,-0.08314287855296953,0.9439989247695155,-0.33228178492470023,-7.0059197509222875,0.7404024101794504,0.9993303802855232,Not significant
GENE2796,1,Plasma cells,21q,protein_coding,45,43,7.232647333333333,7.149593720930232,-0.08305361240310116,0.9440573361136712,-0.8112492515233707,-6.732303918367997,0.41923344406840246,0.9993303802855232,Not significant
GENE2873,1,Plasma cells,9p,protein_coding,45,43,6.439700444444444,6.356992093023256,-0.0827083514211866,0.9442832918138704,-0.7898840675511644,-6.749347234746839,0.43154619270031913,0.9993303802855232,Not significant
PCOTH030,1,Plasma cells,10q,protein_coding,45,43,7.4090153333333335,7.326323488372093,-0.08269184496124282,0.9442940958043589,-0.7474223946572767,-6.781886160835405,0.45663923290594965,0.9993303802855232,Not significant
GENE3323,1,Plasma cells,20q,protein_coding,45,43,8.201987555555556,8.119321395348837,-0.08266616020671691,0.9443109075194236,-0.8263002555971134,-6.720028213787077,0.4106869117638805,0.9993303802855232,Not significant
GENE3824,1,Plasma cells,15q,protein_coding,45,43,7.005174888888889,7.087710232558139,0.08253534366924686,1.0588772416315426,0.7154812892584176,-6.805192042713354,0.47605183509948734,0.9993303802855232,Not significant
GENE2930,1,Plasma cells,3q,protein_coding,45,43,7.808576444444444,7.7260893023255814,-0.0824871421188611,0.9444280904423065,-0.7304910801413556,-6.794365462224385,0.46687270157531024,0.9993303802855232,Not significant
GENE2996,1,Plasma cells,15q,protein_coding,45,43,8.368815111111111,8.286362790697675,-0.08245232041343797,0.9444508859692298,-0.6717592720332788,-6.835460877022689,0.5033536525645314,0.9993303802855232,Not significant
GENE3704,1,Plasma cells,15q,protein_coding,45,43,6.127465777777778,6.045027209302326,-0.08243856847545494,0.9444598886285206,-0.7692004019178774,-6.765419158606913,0.44366661436745813,0.9993303802855232,Not significant
GENE2471,1,Plasma cells,20q,protein_coding,45,43,8.228094444444444,8.145802790697674,-0.08229165374677017,0.9445560712101181,-0.7513087643239738,-6.778981814467208,0.45430846563050953,0.9993303802855232,Not significant
GEP1Q66,1,Plasma cells,1q,protein_coding,45,43,7.868105333333333,7.786001627906977,-0.08210370542635115,0.9446791320694012,-0.5445662252729915,-6.912754999531895,0.5873172230178872,0.9993303802855232,Not significant
GENE1813,1,Plasma cells,2p,protein_coding,45,43,6.0816653333333335,6.163499069767441,0.0818337364341053,1.058362416740812,0.7580542347797622,-6.773905480563444,0.4502792286053855,0.9993303802855232,Not significant
PCOTH081,1,Plasma cells,18q,protein_coding,45,43,7.682143555555555,7.7639655813953485,0.08182202583979326,1.0583538258728573,0.6519528990702793,-6.8485508758806946,0.5159926287456009,0.9993303802855232,Not significant
GENE3349,1,Plasma cells,2p,protein_coding,45,43,6.989166666666667,7.070915813953488,0.08174914728682392,1.0583003638832889,0.7084803994423531,-6.810165749075027,0.48036730696409335,0.9993303802855232,Not significant
GENE1923,1,Plasma cells,4q,protein_coding,45,43,7.3356782222222225,7.417069534883721,0.08139131266150024,1.058037904012767,0.7147327344853999,-6.805726155533352,0.47651222454016706,0.9993303802855232,Not significant
PCFAV013,1,Plasma cells,6p,protein_coding,45,43,6.461602,6.5429697674418605,0.0813677674418587,1.058020636654905,0.371826502206989,-6.99197220786581,0.7108431666038679,0.9993303802855232,Not significant
GENE3729,1,Plasma cells,18q,protein_coding,45,43,5.970669111111111,6.05203488372093,0.0813657726098187,1.05801917371787,0.7636097768473397,-6.769690969910627,0.44697626248983635,0.9993303802855232,Not significant
PCOTH104,1,Plasma cells,15q,protein_coding,45,43,4.932640666666667,5.013981162790698,0.08134049612403338,1.0580006370406265,0.8279603281835405,-6.718660625370275,0.4097507378673907,0.9993303802855232,Not significant
PCOTH017,1,Plasma cells,9p,protein_coding,45,43,8.628022,8.546701627906977,-0.0813203720930229,0.9451921993259094,-0.6771296567404251,-6.831844725335621,0.4999555055638484,0.9993303802855232,Not significant
GENE2823,1,Plasma cells,4q,protein_coding,45,43,9.295402888888889,9.376061627906976,0.08065873901808729,1.0575007884718832,0.7047403060806875,-6.812803025627975,0.4826816123862582,0.9993303802855232,Not significant
GENE3901,1,Plasma cells,2p,protein_coding,45,43,6.688366888888889,6.607776279069768,-0.0805906098191187,0.9456704293547844,-0.6810504331258567,-6.829186658319058,0.49748243862586006,0.9993303802855232,Not significant
PCADV043,1,Plasma cells,1p,protein_coding,45,43,7.865206888888888,7.945792325581396,0.08058543669250717,1.0574470589617406,0.3923133883470106,-6.984132146928237,0.6956981016179051,0.9993303802855232,Not significant
GENE1458,1,Plasma cells,10q,protein_coding,45,43,6.540652888888889,6.460234651162791,-0.08041823772609558,0.945783424079915,-0.7927612743445769,-6.747078196017539,0.4298757568615095,0.9993303802855232,Not significant
GENE3937,1,Plasma cells,2p,protein_coding,45,43,6.946410888888889,6.86616,-0.08025088888888465,0.9458931388373156,-0.7121472790188136,-6.8075666889699535,0.4781042812078167,0.9993303802855232,Not significant
GENE2076,1,Plasma cells,21q,protein_coding,45,43,7.990660444444445,7.910434186046512,-0.0802262583979303,0.9459092877881454,-0.7734211533515516,-6.762173683581885,0.44117737694500203,0.9993303802855232,Not significant
GENE1826,1,Plasma cells,3q,protein_coding,45,43,7.433165777777778,7.353003953488372,-0.08016182428940777,0.945951535235494,-0.7081702280146132,-6.810384987553549,0.4805590018330018,0.9993303802855232,Not significant
GENE2080,1,Plasma cells,7q,protein_coding,45,43,9.448147777777777,9.368055581395348,-0.08009219638242904,0.9459971902166595,-0.7024271640436047,-6.814427192784186,0.4841160189252084,0.9993303802855232,Not significant
GENE3532,1,Plasma cells,7q,protein_coding,45,43,9.367694444444444,9.287690930232559,-0.08000351421188334,0.9460553422586913,-0.7892346758566362,-6.7498582353358305,0.43192374156708035,0.9993303802855232,Not significant
GENE2605,1,Plasma cells,2p,protein_coding,45,43,9.383406666666668,9.463169069767442,0.07976240310077998,1.0568439749948866,0.7548500711063687,-6.77632237834405,0.45219058610251583,0.9993303802855232,Not significant
PCOTH173,1,Plasma cells,9p,protein_coding,45,43,7.869066666666667,7.948657441860465,0.07959077519379587,1.0567182567206148,0.7348187790342561,-6.7912026056097945,0.46424476589210406,0.9993303802855232,Not significant
PCADV036,1,Plasma cells,8q,protein_coding,45,43,7.284807333333333,7.364021860465116,0.07921452713178123,1.0564427055161931,0.45082617616000764,-6.959433522610213,0.6531335375070687,0.9993303802855232,Not significant
GENE3341,1,Plasma cells,9p,protein_coding,45,43,7.42075,7.341602790697674,-0.07914720930232644,0.9466170356713285,-0.7475382100207749,-6.781799825354129,0.45656967657342906,0.9993303802855232,Not significant
PCADV059,1,Plasma cells,1p,protein_coding,45,43,7.349795333333334,7.428707441860465,0.07891210852713382,1.0562212765679042,0.4757170629459866,-6.9478919864253115,0.6353589187044285,0.9993303802855232,Not significant
PCADV069,1,Plasma cells,13q,protein_coding,45,43,9.397353777777777,9.476208837209303,0.07885505943152538,1.0561795107923766,0.39759454498710195,-6.9820431829809175,0.6918135832272257,0.9993303802855232,Not significant
GENE1581,1,Plasma cells,18q,protein_coding,45,43,7.1298902222222225,7.208583488372093,0.07869326614986871,1.05606107053811,0.6904781402824057,-6.8227330001030975,0.49156300520453344,0.9993303802855232,Not significant
GENE1715,1,Plasma cells,20q,protein_coding,45,43,9.481150666666666,9.402471395348837,-0.07867927131783503,0.9469241206058916,-0.6279167426349456,-6.863914772249739,0.5315524145628167,0.9993303802855232,Not significant
GENE2031,1,Plasma cells,4q,protein_coding,45,43,6.677476666666666,6.598947906976744,-0.07852875968992024,0.9470229152378864,-0.7197745772281516,-6.802117989985675,0.4734160901837592,0.9993303802855232,Not significant
GENE1616,1,Plasma cells,15q,protein_coding,45,43,8.389136666666667,8.31076,-0.07837666666666543,0.9471227583556452,-0.6346565685548891,-6.859664404753071,0.5271651388701335,0.9993303802855232,Not significant
GENE1543,1,Plasma cells,12p,protein_coding,45,43,7.5159402222222225,7.43784488372093,-0.07809533850128858,0.9473074670303646,-0.7399324091195433,-6.787441551840482,0.4611503915015871,0.9993303802855232,Not significant
GENE2483,1,Plasma cells,20q,protein_coding,45,43,3.6131088888888887,3.6911030232558137,0.07799413436692726,1.0555494260323022,0.71458414137835,-6.805832114688034,0.47660364437122527,0.9993303802855232,Not significant
PCOTH175,1,Plasma cells,12p,protein_coding,45,43,7.727017333333333,7.804944418604651,0.07792708527131964,1.0555003706271016,0.6109836935921683,-6.874394736904099,0.5426572925657189,0.9993303802855232,Not significant
GENE1793,1,Plasma cells,9p,protein_coding,45,43,8.694494,8.616651860465117,-0.07784213953488184,0.9474737380120534,-0.7304697385086946,-6.7943810137741,0.4668856817250293,0.9993303802855232,Not significant
GENE3200,1,Plasma cells,15q,protein_coding,45,43,9.57994711111111,9.50219,-0.07775711111110972,0.9475295811184117,-0.7094374647923014,-6.809488667775005,0.4797760799423797,0.9993303802855232,Not significant
GENE2421,1,Plasma cells,18q,protein_coding,45,43,9.115014222222221,9.037487674418605,-0.07752654780360935,0.9476810220022266,-0.7309263048971718,-6.794048217938432,0.46660803879717727,0.9993303802855232,Not significant
GENE2553,1,Plasma cells,18q,protein_coding,45,43,8.439549555555555,8.362119767441861,-0.07742978811369383,0.9477445838737988,-0.726600239490592,-6.797193273880276,0.4692424995903005,0.9993303802855232,Not significant
GENE1883,1,Plasma cells,20q,protein_coding,45,43,8.770677555555556,8.693278604651162,-0.07739895090438687,0.9477648418698569,-0.7955252613673033,-6.744890777943256,0.42827465150337085,0.9993303802855232,Not significant
GENE2578,1,Plasma cells,19q,protein_coding,45,43,7.454758666666667,7.532152790697674,0.07739412403100765,1.055110519080891,0.6694552564557501,-6.837003544039939,0.5048153232197141,0.9993303802855232,Not significant
GENE1269,1,Plasma cells,18q,protein_coding,45,43,7.052345555555555,7.129614186046512,0.07726863049095734,1.0550187437633478,0.6523521317008137,-6.848290857113807,0.5157362263942666,0.9993303802855232,Not significant
GENE0989,1,Plasma cells,9p,protein_coding,45,43,8.811964,8.888976046511628,0.07701204651162818,1.0548311248770577,0.6151801981182372,-6.871823983224214,0.5398942683645389,0.9993303802855232,Not significant
PCOTH053,1,Plasma cells,9p,protein_coding,45,43,6.743648888888889,6.820565581395349,0.07691669250645905,1.054761408793067,0.6994020209255597,-6.816543314696181,0.4859954836275828,0.9993303802855232,Not significant
GENE1196,1,Plasma cells,15q,protein_coding,45,43,8.164436,8.240975813953488,0.0765398139534863,1.0544859070240873,0.7218386707178448,-6.8006335954680806,0.4721518051487442,0.9993303802855232,Not significant
PCOTH119,1,Plasma cells,20q,protein_coding,45,43,7.954505111111111,7.878010465116279,-0.07649464599483036,0.9483591026413334,-0.7425834578494103,-6.785481567964005,0.45955080031414586,0.9993303802855232,Not significant
GENE2185,1,Plasma cells,2p,protein_coding,45,43,8.204598666666667,8.280967674418605,0.07636900775193567,1.0543610697815897,0.7220995068108945,-6.80044571575566,0.4719921741069678,0.9993303802855232,Not significant
GEP1Q99,1,Plasma cells,1q,protein_coding,45,43,6.663881333333333,6.740218837209302,0.07633750387597349,1.0543380461371243,0.2808568427463135,-7.021719044315386,0.7794258484437364,0.9993303802855232,Not significant
GENE1736,1,Plasma cells,15q,protein_coding,45,43,7.408931777777778,7.485191860465116,0.0762600826873383,1.054281467364602,0.683149584424551,-6.827757304716689,0.4961611034304656,0.9993303802855232,Not significant
GENE3703,1,Plasma cells,12p,protein_coding,45,43,7.153126888888889,7.229199302325582,0.07607241343669191,1.054144332808029,0.6434226076721703,-6.8540689222177935,0.5214871120925081,0.9993303802855232,Not significant
GENE3082,1,Plasma cells,19q,protein_coding,45,43,6.997641111111111,6.921575813953488,-0.076065297157621,0.9486413781470767,-0.6820722030269283,-6.828491459117608,0.49683903604365365,0.9993303802855232,Not significant
GENE1978,1,Plasma cells,19q,protein_coding,45,43,8.184098444444444,8.259917209302326,0.07581876485788364,1.0539590138732111,0.6568016834979011,-6.845382203440343,0.5128831065467025,0.9993303802855232,Not significant
GENE1860,1,Plasma cells,21q,protein_coding,45,43,8.585603555555556,8.509835348837209,-0.07576820671834739,0.9488367495154152,-0.7304920519592564,-6.794364754054443,0.46687211051281996,0.9993303802855232,Not significant
PCFAV015,1,Plasma cells,5q,protein_coding,45,43,7.243806444444444,7.168380697674419,-0.07542574677002367,0.949062006513062,-0.4223953976458663,-6.971860910766243,0.6736829121823605,0.9993303802855232,Not significant
GENE3653,1,Plasma cells,9p,protein_coding,45,43,7.20886,7.284242790697674,0.07538279069767295,1.053640561628643,0.7280843388850736,-6.796116411866786,0.468337781500207,0.9993303802855232,Not significant
GENE3023,1,Plasma cells,20q,protein_coding,45,43,8.582145555555556,8.506927906976744,-0.07521764857881053,0.9491989116287085,-0.6975234175296452,-6.817852869214596,0.48716463946937716,0.9993303802855232,Not significant
GENE3040,1,Plasma cells,7q,protein_coding,45,43,8.07942711111111,8.004288604651164,-0.07513850645994857,0.9492509833912602,-0.6600455987870755,-6.843249320405396,0.5108083358560074,0.9993303802855232,Not significant
GENE3690,1,Plasma cells,10q,protein_coding,45,43,8.176307111111111,8.251432325581396,0.07512521447028497,1.0534524632934816,0.7075398538428374,-6.810830262225339,0.48094872163562163,0.9993303802855232,Not significant
GENE3235,1,Plasma cells,12p,protein_coding,45,43,7.564734,7.639835813953488,0.0751018139534887,1.0534353764307411,0.6519220149095301,-6.848570984048627,0.5160124665243861,0.9993303802855232,Not significant
GENE2183,1,Plasma cells,20q,protein_coding,45,43,8.237145111111111,8.312089534883722,0.07494442377260846,1.0533204586302969,0.6481057331151429,-6.851048435744937,0.518466862367969,0.9993303802855232,Not significant
GENE3784,1,Plasma cells,7q,protein_coding,45,43,10.392836444444445,10.467719302325582,0.07488285788113558,1.053275509956085,0.649989532908732,-6.849827313429833,0.5172545536400279,0.9993303802855232,Not significant
PCOTH215,1,Plasma cells,20q,protein_coding,45,43,6.099014888888889,6.024173953488372,-0.07484093540051528,0.9494467966060843,-0.7057090298889384,-6.812121268630892,0.4820815929071637,0.9993303802855232,Not significant
GENE1216,1,Plasma cells,7q,protein_coding,45,43,8.840932888888888,8.766113023255814,-0.07481986563307785,0.9494606628555069,-0.7296256505387588,-6.794995736505303,0.4673992257332369,0.9993303802855232,Not significant
GENE2775,1,Plasma cells,4q,protein_coding,45,43,8.242617777777777,8.317418372093023,0.07480059431524211,1.053215453099582,0.5975347378405289,-6.882515835005887,0.5515601861407593,0.9993303802855232,Not significant
GENE2983,1,Plasma cells,12p,protein_coding,45,43,8.241918666666667,8.316575581395348,0.07465691472868308,1.053110567436652,0.6821970524341361,-6.828406442415344,0.49676044999097013,0.9993303802855232,Not significant
GENE1782,1,Plasma cells,10q,protein_coding,45,43,6.399499777777778,6.3249676744186045,-0.07453210335917237,0.9496500626952105,-0.6493113363626496,-6.850267340711895,0.5176908314008113,0.9993303802855232,Not significant
GENE1204,1,Plasma cells,7q,protein_coding,45,43,7.816905111111111,7.891289302325581,0.07438419121447115,1.052911508826323,0.6881863369609741,-6.824309916794631,0.49299843173503477,0.9993303802855232,Not significant
PCOTH177,1,Plasma cells,18q,protein_coding,45,43,9.40628711111111,9.33210488372093,-0.07418222739018177,0.9498803955228707,-0.6758118525699689,-6.832734710038805,0.5007882085851159,0.9993303802855232,Not significant
GENE2316,1,Plasma cells,21q,protein_coding,45,43,10.489744444444444,10.563921162790697,0.07417671834625317,1.0527601013162995,0.6604915911554198,-6.8429552650180305,0.5105234330510684,0.9993303802855232,Not significant
GENE3798,1,Plasma cells,10q,protein_coding,45,43,8.282203777777777,8.35608953488372,0.07388575710594303,1.052547803159141,0.6788369165672534,-6.830689166834457,0.4988778213753283,0.9993303802855232,Not significant
PCOTH121,1,Plasma cells,2p,protein_coding,45,43,7.239737555555555,7.313552093023256,0.07381453746770639,1.0524958446915536,0.7053692088830059,-6.812360529370597,0.4822920282936288,0.9993303802855232,Not significant
PCOTH052,1,Plasma cells,7q,protein_coding,45,43,8.621637111111111,8.695339302325582,0.07370219121447086,1.0524138874119555,0.632149596833338,-6.861250643940242,0.5287948523424866,0.9993303802855232,Not significant
GENE3740,1,Plasma cells,15q,protein_coding,45,43,7.711386,7.637771395348837,-0.07361460465116298,0.9502541957913766,-0.7219632711438844,-6.800543854407745,0.47207554622837444,0.9993303802855232,Not significant
GENE1843,1,Plasma cells,12p,protein_coding,45,43,8.860512,8.786963488372093,-0.07354851162790688,0.9502977300169232,-0.6386308900244745,-6.8571369708847065,0.5245868864116408,0.9993303802855232,Not significant
PCOTH236,1,Plasma cells,15q,protein_coding,45,43,7.963266,7.889883953488372,-0.07338204651162528,0.9504073862813738,-0.7158698281051369,-6.804914592335764,0.4758129667090464,0.9993303802855232,Not significant
GENE2105,1,Plasma cells,9p,protein_coding,45,43,8.262795555555556,8.18942441860465,-0.07337113695090203,0.950414573223868,-0.7582823562684006,-6.773733023035181,0.4501433263775334,0.9993303802855232,Not significant
GENE3471,1,Plasma cells,4q,protein_coding,45,43,8.704044,8.77739930232558,0.0733553023255844,1.0521608701161969,0.6713460714303932,-6.8357379242426655,0.5036156204200217,0.9993303802855232,Not significant
PCOTH034,1,Plasma cells,19q,protein_coding,45,43,5.821494444444444,5.748285581395349,-0.07320886304909457,0.9505214815799764,-0.6996216021197292,-6.816390019415137,0.48585892714721113,0.9993303802855232,Not significant
PCOTH189,1,Plasma cells,18q,protein_coding,45,43,8.29909511111111,8.225995581395349,-0.07309952971576195,0.950593518716738,-0.6486069654708919,-6.8507238684175205,0.5181441515345613,0.9993303802855232,Not significant
GENE3042,1,Plasma cells,10q,protein_coding,45,43,7.286422666666667,7.359474418604651,0.07305175193798163,1.0519395133961307,0.6739308925008509,-6.834002049741874,0.5019780546921386,0.9993303802855232,Not significant
GENE3947,1,Plasma cells,20q,protein_coding,45,43,8.206978,8.134016976744187,-0.07296102325581622,0.9506847851727726,-0.7039097234475092,-6.813386825311455,0.4831963963733579,0.9993303802855232,Not significant
PCOTH120,1,Plasma cells,21q,protein_coding,45,43,7.814518444444444,7.887446511627907,0.0729280671834669,1.051849332658192,0.6944047708770166,-6.820019146654566,0.4891089428289632,0.9993303802855232,Not significant
GENE1592,1,Plasma cells,15q,protein_coding,45,43,6.164266666666666,6.0914332558139535,-0.07283341085271022,0.950768880932684,-0.6999227987661943,-6.8161796688158915,0.48567164871502455,0.9993303802855232,Not significant
GENE1552,1,Plasma cells,7q,protein_coding,45,43,7.380653333333333,7.307894186046512,-0.07275914728682498,0.9508178235731877,-0.6568953412898687,-6.845320769172979,0.5128231416427278,0.9993303802855232,Not significant
GENE2643,1,Plasma cells,4q,protein_coding,45,43,9.626761555555555,9.699396976744186,0.07263542118863597,1.0516359900822048,0.6397394660608973,-6.856429191680123,0.523868894322874,0.9993303802855232,Not significant
GENE3801,1,Plasma cells,18q,protein_coding,45,43,7.759182666666667,7.686690930232558,-0.07249173643410867,0.9509940788200192,-0.569144811773899,-6.899069763435247,0.5705898225089188,0.9993303802855232,Not significant
GENE3728,1,Plasma cells,15q,protein_coding,45,43,8.035352666666666,7.962878372093023,-0.0724742945736443,0.9510055761952945,-0.6509332069691771,-6.849214281591586,0.5166478184264554,0.9993303802855232,Not significant
GENE3360,1,Plasma cells,21q,protein_coding,45,43,8.011796444444444,8.084260930232558,0.0724644857881156,1.0515113960653837,0.6530743132487318,-6.847820102091117,0.5152725846469426,0.9993303802855232,Not significant
GENE2211,1,Plasma cells,4q,protein_coding,45,43,6.659639333333334,6.732010930232558,0.07237159689922557,1.051443695977603,0.6369036739613285,-6.8582373003692805,0.5257065728202686,0.9993303802855232,Not significant
PCOTH164,1,Plasma cells,15q,protein_coding,45,43,6.895662,6.8232960465116275,-0.07236595348837405,0.9510769958939128,-0.6386743583743796,-6.8571092410955625,0.5245587235993041,0.9993303802855232,Not significant
GENE1045,1,Plasma cells,2p,protein_coding,45,43,6.633349111111111,6.5611072093023255,-0.07224190180878587,0.9511587787849564,-0.6571717330851359,-6.8451394210237755,0.5126462019481176,0.9993303802855232,Not significant
GENE1577,1,Plasma cells,9p,protein_coding,45,43,7.252559333333333,7.180552325581395,-0.07200700775193791,0.9513136554062991,-0.6965779835810292,-6.81851060241693,0.48775361694272623,0.9993303802855232,Not significant
PCFAV047,1,Plasma cells,5q,protein_coding,45,43,6.431228888888889,6.503036279069767,0.071807390180882,1.0510325795631568,0.30976705753775485,-7.013162459154906,0.7574108822198398,0.9993303802855232,Not significant
GENE3723,1,Plasma cells,4q,protein_coding,45,43,8.543634,8.61542953488372,0.07179553488372115,1.051023942774364,0.6402280454430396,-6.856116867894704,0.523552618395916,0.9993303802855232,Not significant
GENE3957,1,Plasma cells,18q,protein_coding,45,43,8.869644000000001,8.941435813953488,0.07179181395348522,1.0510212320270382,0.7044709203142805,-6.812992446069516,0.482848540903939,0.9993303802855232,Not significant
GENE3753,1,Plasma cells,18q,protein_coding,45,43,7.140806,7.069254418604651,-0.07155158139534734,0.9516140111232952,-0.653210048238262,-6.847731565425093,0.5151854671069893,0.9993303802855232,Not significant
GENE2664,1,Plasma cells,21q,protein_coding,45,43,7.518315777777778,7.446776046511628,-0.07153973126614943,0.9516218276021572,-0.5932772195816102,-6.8850493362231635,0.5543936823905963,0.9993303802855232,Not significant
GENE2968,1,Plasma cells,7q,protein_coding,45,43,8.75806,8.68661046511628,-0.07144953488371542,0.9516813242573933,-0.7172114437028534,-6.803955417045111,0.47498867312485504,0.9993303802855232,Not significant
PCOTH012,1,Plasma cells,21q,protein_coding,45,43,7.035699777777777,6.9644427906976745,-0.07125698708010475,0.9518083478987858,-0.661045698483165,-6.842589652220077,0.510169583290718,0.9993303802855232,Not significant
GENE1101,1,Plasma cells,18q,protein_coding,45,43,7.228062888888889,7.299153488372093,0.07109059948320695,1.0505105127140908,0.69651855132188,-6.818551919613079,0.48779065452213854,0.9993303802855232,Not significant
PCOTH239,1,Plasma cells,20q,protein_coding,45,43,5.230299555555556,5.159497906976744,-0.07080164857881233,0.9521088018234797,-0.5885534490046761,-6.887839243017027,0.5575459239138146,0.9993303802855232,Not significant
GENE2919,1,Plasma cells,4q,protein_coding,45,43,8.238716666666667,8.168467906976744,-0.07024875968992106,0.9524737516184958,-0.5891967952786831,-6.887460578500695,0.5571160887340075,0.9993303802855232,Not significant
PCFAV046,1,Plasma cells,11q,protein_coding,45,43,6.389587555555556,6.319396976744186,-0.0701905788113697,0.9525121636706008,-0.34799553204603073,-7.000564563930183,0.7286070023076379,0.9993303802855232,Not significant
GENE1031,1,Plasma cells,20q,protein_coding,45,43,8.255802,8.185760930232558,-0.07004106976744495,0.9526108793091755,-0.6001877926387498,-6.880928001026688,0.5497981678564487,0.9993303802855232,Not significant
GENE3495,1,Plasma cells,4q,protein_coding,45,43,6.023956888888889,5.9539281395348835,-0.07002874935400971,0.9526190145072997,-0.6801226415224532,-6.829817021808294,0.4980670537772556,0.9993303802855232,Not significant
PCADV035,1,Plasma cells,1p,protein_coding,45,43,5.185164222222222,5.254703720930233,0.06953949870801246,1.049381672595288,0.34482402043888416,-7.001665281671811,0.7309825284264011,0.9993303802855232,Not significant
GENE1994,1,Plasma cells,3q,protein_coding,45,43,8.286787555555556,8.356286279069767,0.06949872351421682,1.0493520141191826,0.5529545275269881,-6.90815189306664,0.5815825353030288,0.9993303802855232,Not significant
PCOTH141,1,Plasma cells,18q,protein_coding,45,43,7.012252,7.081647674418605,0.06939567441861172,1.0492770634808855,0.648163950898072,-6.851010750245937,0.5184293743181378,0.9993303802855232,Not significant
GENE1678,1,Plasma cells,19q,protein_coding,45,43,7.344924444444445,7.414213488372093,0.06928904392764945,1.0491995136241086,0.6462138776467636,-6.8522712442956015,0.5196858547919512,0.9993303802855232,Not significant
GENE1054,1,Plasma cells,19q,protein_coding,45,43,11.051125777777777,10.982038372093024,-0.0690874056847548,0.9532407914415507,-0.6001954076120488,-6.880923433472613,0.5497931144530482,0.9993303802855232,Not significant
GENE2040,1,Plasma cells,21q,protein_coding,45,43,8.777536222222222,8.846551860465116,0.0690156382428917,1.0490006982654516,0.6462441290277389,-6.852251719068034,0.5196663508993984,0.9993303802855232,Not significant
PCADV076,1,Plasma cells,8q,protein_coding,45,43,5.819383333333334,5.750526511627907,-0.06885682170542395,0.9533931587922299,-0.4257864005017793,-6.97042100599624,0.6712185217432562,0.9993303802855232,Not significant
GENE3274,1,Plasma cells,19q,protein_coding,45,43,7.644954222222222,7.57624976744186,-0.06870445478036213,0.9534938545394797,-0.5928948829840123,-6.885275971521231,0.5546484915010591,0.9993303802855232,Not significant
GENE1605,1,Plasma cells,18q,protein_coding,45,43,7.590355777777778,7.521693255813953,-0.06866252196382394,0.9535215688261485,-0.6426880870425158,-6.854540697743301,0.5219616533654383,0.9993303802855232,Not significant
GENE3029,1,Plasma cells,9p,protein_coding,45,43,8.012417333333334,8.081049302325582,0.06863196899224455,1.0487217648880054,0.6038355950386386,-6.878733419783181,0.5473801002697103,0.9993303802855232,Not significant
GENE1551,1,Plasma cells,4q,protein_coding,45,43,8.882011111111112,8.950546976744185,0.06853586563307346,1.0486519079017385,0.6542065036264905,-6.847081043262304,0.5145461592573828,0.9993303802855232,Not significant
GEP1Q83,1,Plasma cells,1q,protein_coding,45,43,7.094084666666666,7.162409302325582,0.06832463565891267,1.0484983823858522,0.2667937717906335,-7.025578965205464,0.7902013711017319,0.9993303802855232,Not significant
GENE1425,1,Plasma cells,18q,protein_coding,45,43,8.156662444444445,8.088456046511627,-0.06820639793281558,0.9538230829019456,-0.6162009338068585,-6.871196047079618,0.5392232878182341,0.9993303802855232,Not significant
GENE1228,1,Plasma cells,7q,protein_coding,45,43,7.852868666666667,7.92102511627907,0.06815644961240253,1.048376157997267,0.6045333028221755,-6.878312163263733,0.5469182108785307,0.9993303802855232,Not significant
GENE3226,1,Plasma cells,19q,protein_coding,45,43,9.351277555555555,9.28320511627907,-0.06807243927648265,0.9539116524105236,-0.5829804906881897,-6.891102218890016,0.5612761984798654,0.9993303802855232,Not significant
PCOTH065,1,Plasma cells,9p,protein_coding,45,43,7.372725333333333,7.440737674418605,0.06801234108527243,1.0482714425900546,0.5597171663334277,-6.904389974719184,0.5769786849655814,0.9993303802855232,Not significant
GENE1779,1,Plasma cells,4q,protein_coding,45,43,6.408590444444444,6.34059976744186,-0.0679906770025811,0.9539657152538281,-0.5726275874069355,-6.897082037210599,0.568238327251871,0.9993303802855232,Not significant
GENE2112,1,Plasma cells,21q,protein_coding,45,43,8.611103555555555,8.543216046511628,-0.06788750904392415,0.954033936334344,-0.667469431315854,-6.838328951883779,0.5060769543584653,0.9993303802855232,Not significant
PCOTH234,1,Plasma cells,10q,protein_coding,45,43,6.472933777777778,6.405136046511628,-0.06779773126614863,0.9540933069631691,-0.5578891175837847,-6.905411361580405,0.5782214572731461,0.9993303802855232,Not significant
PCOTH151,1,Plasma cells,12p,protein_coding,45,43,6.913370666666666,6.845682558139535,-0.06768810852712992,0.9541658062040735,-0.5937043939428766,-6.884795951189044,0.5541090598662806,0.9993303802855232,Not significant
PCOTH201,1,Plasma cells,18q,protein_coding,45,43,7.5025055555555555,7.434917674418605,-0.06758788113695235,0.9542320966312683,-0.6052244544181494,-6.8778943892328,0.5464608550554916,0.9993303802855232,Not significant
PCADV038,1,Plasma cells,17p,protein_coding,45,43,7.077779777777778,7.010585581395349,-0.06719419638243007,0.9544925244271406,-0.41242572843861214,-6.976027842314017,0.6809488546223827,0.9993303802855232,Not significant
PCOTH110,1,Plasma cells,3q,protein_coding,45,43,7.414401555555555,7.481164186046511,0.06676263049095876,1.047363788057541,0.6282795418554549,-6.863687124501975,0.5313157732762097,0.9993303802855232,Not significant
GENE2632,1,Plasma cells,7q,protein_coding,45,43,6.983012666666666,6.916500930232558,-0.06651173643410857,0.9549441493348535,-0.5581349826043852,-6.905274182463617,0.5780542351225137,0.9993303802855232,Not significant
GENE3205,1,Plasma cells,2p,protein_coding,45,43,8.811544,8.74531046511628,-0.06623353488372352,0.9551283133833075,-0.6333336113145834,-6.860502256852508,0.5280248325532533,0.9993303802855232,Not significant
GENE3554,1,Plasma cells,3q,protein_coding,45,43,9.518457111111111,9.452571162790697,-0.06588594832040862,0.9553584588781613,-0.5529509096777337,-6.908153893443051,0.5815850029148105,0.9993303802855232,Not significant
GENE2784,1,Plasma cells,21q,protein_coding,45,43,5.301631777777778,5.235798604651163,-0.06583317312661574,0.9553934074629858,-0.6084445929984638,-6.875941697182368,0.5443325327749108,0.9993303802855232,Not significant
GENE1681,1,Plasma cells,2p,protein_coding,45,43,8.106783111111111,8.04099976744186,-0.06578334366924565,0.9554264065070506,-0.6354071253048542,-6.859188293199665,0.5266777293504263,0.9993303802855232,Not significant
GENE3752,1,Plasma cells,15q,protein_coding,45,43,7.122537777777778,7.0568732558139535,-0.06566452196382322,0.9555050995551072,-0.5643162112195078,-6.9018056677279,0.5738577586187066,0.9993303802855232,Not significant
GENE2075,1,Plasma cells,20q,protein_coding,45,43,6.132878666666667,6.067214186046511,-0.0656644806201534,0.9555051269372543,-0.5903208012449297,-6.88679801894989,0.5563655068586603,0.9993303802855232,Not significant
GENE2851,1,Plasma cells,12p,protein_coding,45,43,7.876035333333333,7.810383953488372,-0.06565137984495806,0.9555138036945365,-0.5451715124596576,-6.912425187017784,0.5869025278699045,0.9993303802855232,Not significant
GENE3108,1,Plasma cells,21q,protein_coding,45,43,8.476052222222222,8.54158046511628,0.0655282428940609,1.0464680339999584,0.537928140097026,-6.916348105121219,0.5918741300560131,0.9993303802855232,Not significant
PCADV008,1,Plasma cells,8q,protein_coding,45,43,8.204763333333334,8.27018,0.06541666666666224,1.0463871046025033,0.35626904031422935,-6.997645814736099,0.7224224778953527,0.9993303802855232,Not significant
GENE3435,1,Plasma cells,4q,protein_coding,45,43,7.536577555555556,7.601975348837209,0.0653977932816554,1.0463734158207758,0.6138883650746766,-6.872617212357411,0.5407440628284965,0.9993303802855232,Not significant
GENE3836,1,Plasma cells,15q,protein_coding,45,43,7.989210666666667,8.054565581395348,0.06535491472867871,1.0463423168636645,0.5956928466633684,-6.883614087328951,0.55278512815281,0.9993303802855232,Not significant
PCOTH186,1,Plasma cells,10q,protein_coding,45,43,8.311939777777777,8.246632790697674,-0.06530698708010618,0.9557419262787985,-0.6120742267469003,-6.873728361722497,0.5419385858457522,0.9993303802855232,Not significant
GENE2967,1,Plasma cells,4q,protein_coding,45,43,6.995356444444444,7.060577209302326,0.06522076485788375,1.0462450266139596,0.5491017193758433,-6.910274815193708,0.5842132168602163,0.9993303802855232,Not significant
GENE2725,1,Plasma cells,2p,protein_coding,45,43,9.676956666666667,9.61184465116279,-0.06511201550387469,0.9558710977922913,-0.6716111611751703,-6.835560203411869,0.5034475459669194,0.9993303802855232,Not significant
GENE3782,1,Plasma cells,3q,protein_coding,45,43,7.092936,7.027839302325582,-0.06509669767441917,0.9558812468173956,-0.6466844229587061,-6.851967436453846,0.5193825247886397,0.9993303802855232,Not significant
GENE2975,1,Plasma cells,20q,protein_coding,45,43,8.115848222222223,8.050760465116278,-0.0650877571059425,0.9558871705559414,-0.5377334610940329,-6.916452821140678,0.5920080216927499,0.9993303802855232,Not significant
GENE1766,1,Plasma cells,3q,protein_coding,45,43,7.585489333333333,7.520651860465116,-0.0648374728682155,0.9560530158930993,-0.5146221208249839,-6.928616412664888,0.6080023122037761,0.9993303802855232,Not significant
GENE1665,1,Plasma cells,18q,protein_coding,45,43,8.074724666666667,8.010172558139535,-0.06455210852713122,0.9562421413944259,-0.6120151264922561,-6.87376450541509,0.5419775230066932,0.9993303802855232,Not significant
GENE2019,1,Plasma cells,4q,protein_coding,45,43,8.017699111111112,7.953257906976744,-0.06444120413436583,0.9563156534862935,-0.5484215774591971,-6.910648046074185,0.5846781985136349,0.9993303802855232,Not significant
PCFAV012,1,Plasma cells,16q,protein_coding,45,43,7.6685155555555555,7.604161627906977,-0.064353927648575393,0.9563735079820949,-0.27231425477610754,-7.02408734482167,0.7859664343970225,0.9993303802855232,Not significant
GENE1217,1,Plasma cells,9p,protein_coding,45,43,7.2154446666666665,7.2796853488372095,0.0642406821705439,1.0455345102633533,0.633216223613085,-6.8605765168103,0.528101149319312,0.9993303802855232,Not significant
PCOTH199,1,Plasma cells,12p,protein_coding,45,43,7.325431555555555,7.389574186046512,0.0641426304909567,1.045463453714155,0.5584109145630949,-6.90512015614275,0.5778665908261587,0.9993303802855232,Not significant
GENE3134,1,Plasma cells,3q,protein_coding,45,43,8.635322222222221,8.699448139534883,0.06412591731266204,1.0454513424117673,0.5200117838987794,-6.92582730563527,0.604254903589903,0.9993303802855232,Not significant
PCOTH105,1,Plasma cells,18q,protein_coding,45,43,6.096276666666666,6.1603676744186044,0.06409100775193455,1.0454260454470337,0.5964607682858064,-6.883156612807748,0.5522742603923505,0.9993303802855232,Not significant
GENE2417,1,Plasma cells,9p,protein_coding,45,43,8.417732222222222,8.353724651162791,-0.06400757105942745,0.956603137960797,-0.5442541499436986,-6.912924902752073,0.5875310862875331,0.9993303802855232,Not significant
GENE2137,1,Plasma cells,2p,protein_coding,45,43,8.04779711111111,8.111799069767441,0.06400195865633229,1.0453615194257984,0.5291411843834801,-6.921036997713797,0.5979314242495146,0.9993303802855232,Not significant
GENE3121,1,Plasma cells,2p,protein_coding,45,43,6.340680666666667,6.276804186046512,-0.06387648062015572,0.9566900636238687,-0.5515727432755972,-6.908914961364703,0.5825253647849729,0.9993303802855232,Not significant
GENE3635,1,Plasma cells,20q,protein_coding,45,43,9.27498688888889,9.338749069767442,0.0637621808785589,1.0451877934292428,0.5944340525323376,-6.884362724291087,0.5536230628321315,0.9993303802855232,Not significant
GENE2395,1,Plasma cells,12p,protein_coding,45,43,8.293676666666666,8.230028139534884,-0.06364852713177882,0.9568412376842145,-0.5832138135930901,-6.890966226152191,0.5611197774910045,0.9993303802855232,Not significant
GENE3091,1,Plasma cells,12p,protein_coding,45,43,7.757907333333334,7.694343255813954,-0.06356407751938065,0.9568972489924968,-0.5365950476393486,-6.91706440881886,0.5927912548881995,0.9993303802855232,Not significant
GENE3982,1,Plasma cells,19q,protein_coding,45,43,9.112244666666667,9.048713488372092,-0.06353117829456956,0.9569190703308772,-0.5482039455795117,-6.910767375454511,0.5848270202987453,0.9993303802855232,Not significant
PCOTH187,1,Plasma cells,12p,protein_coding,45,43,8.776599333333333,8.840113720930233,0.06351438759690176,1.0450082903010898,0.5469746195729689,-6.911440541395192,0.5856679979771284,0.9993303802855232,Not significant
PCOTH011,1,Plasma cells,20q,protein_coding,45,43,8.016329777777777,7.952836046511628,-0.06349373126615365,0.956943908733771,-0.5828284943263307,-6.8911907812211535,0.5613781092211851,0.9993303802855232,Not significant
GENE2858,1,Plasma cells,3q,protein_coding,45,43,7.772632888888889,7.836008604651163,0.06337571576227141,1.0449078489407138,0.5308767346895531,-6.920116957564078,0.5967327567894403,0.9993303802855232,Not significant
GENE3902,1,Plasma cells,3q,protein_coding,45,43,9.477606,9.414245581395349,-0.06336041860464903,0.9570323395040641,-0.5429750691337044,-6.913620261576723,0.5884080145560833,0.9993303802855232,Not significant
GENE2532,1,Plasma cells,21q,protein_coding,45,43,9.581437333333334,9.518154186046512,-0.06328314728682294,0.9570835999079897,-0.5298235477947931,-6.920675624350461,0.5974600136621417,0.9993303802855232,Not significant
GENE3381,1,Plasma cells,18q,protein_coding,45,43,8.285098,8.221918604651163,-0.06317939534883799,0.957152431397769,-0.5532267590982094,-6.908001333842618,0.5813968696832545,0.9993303802855232,Not significant
GENE3406,1,Plasma cells,19q,protein_coding,45,43,7.527274222222222,7.590194418604651,0.06292019638243129,1.0445779797535368,0.6274865846337222,-6.864184517032163,0.5318330619319811,0.9993303802855232,Not significant
GENE2507,1,Plasma cells,20q,protein_coding,45,43,5.747668,5.810526976744186,0.06285897674418539,1.0445336548425608,0.5698157672437413,-6.89868776531189,0.5701364418020981,0.9993303802855232,Not significant
GENE1849,1,Plasma cells,2p,protein_coding,45,43,8.682170888888889,8.744937441860465,0.06276655297157241,1.0444667407366648,0.6179153820637074,-6.8701390288076,0.5380972511252851,0.9993303802855232,Not significant
GENE2350,1,Plasma cells,19q,protein_coding,45,43,7.282099333333333,7.344687674418605,0.06258834108527456,1.0443377287924913,0.4851346803388687,-6.943364242665685,0.6286883199882364,0.9993303802855232,Not significant
GENE3339,1,Plasma cells,4q,protein_coding,45,43,7.319638888888889,7.257147441860465,-0.062491447028424574,0.9576089578359356,-0.5953571604629833,-6.883813882170505,0.5530085207784768,0.9993303802855232,Not significant
PCOTH102,1,Plasma cells,10q,protein_coding,45,43,9.205364888888889,9.143057441860465,-0.06230744702842195,0.9577310981912595,-0.556585420893262,-6.906137749023751,0.5791085368444773,0.9993303802855232,Not significant
GENE3556,1,Plasma cells,7q,protein_coding,45,43,9.423039333333334,9.360817674418605,-0.06222165891472997,0.9577880502046011,-0.5733576734780521,-6.896663827922767,0.5677459863302625,0.9993303802855232,Not significant
PCOTH127,1,Plasma cells,12p,protein_coding,45,43,7.3493377777777775,7.411107906976744,0.06177012919896985,1.0437456096983893,0.5158726225848043,-6.927971862525226,0.6071319065861851,0.9993303802855232,Not significant
GENE2372,1,Plasma cells,15q,protein_coding,45,43,6.25298,6.191257441860465,-0.06172255813953331,0.95811945458467,-0.5250932327268361,-6.923171235360169,0.6007314720026053,0.9993303802855232,Not significant
GENE2797,1,Plasma cells,2p,protein_coding,45,43,8.098792444444445,8.16019465116279,0.06140220671834662,1.0434794630074942,0.6029180447837897,-6.879286676177571,0.5479878257565738,0.9993303802855232,Not significant
GENE3598,1,Plasma cells,19q,protein_coding,45,43,8.962971111111111,9.024101395348838,0.06113028423773059,1.0432828041314413,0.4946145577277052,-6.938717374936117,0.6220045759490005,0.9993303802855232,Not significant
PCOTH059,1,Plasma cells,20q,protein_coding,45,43,7.702306666666667,7.641218372093023,-0.06108829457364351,0.9585407729147598,-0.534511890075036,-6.91818020384578,0.5942257238005904,0.9993303802855232,Not significant
GENE3153,1,Plasma cells,18q,protein_coding,45,43,8.26783111111111,8.206821395348838,-0.061009715762272876,0.9585929828716326,-0.5253725547979585,-6.923024489289487,0.6005380662347899,0.9993303802855232,Not significant
GENE1638,1,Plasma cells,10q,protein_coding,45,43,6.132073777777777,6.071246279069768,-0.060827498708008854,0.9587140639150337,-0.5525223251923843,-6.908390773789889,0.5818773609749415,0.9993303802855232,Not significant
GENE1116,1,Plasma cells,21q,protein_coding,45,43,6.733157333333334,6.793938139534884,0.06078080620154935,1.0430301102093258,0.5314456693783869,-6.919814705303263,0.5963400608039295,0.9993303802855232,Not significant
GENE1455,1,Plasma cells,4q,protein_coding,45,43,9.002846222222223,8.942373255813953,-0.06047296640827149,0.9589496901971578,-0.5592153280807697,-6.904670697680183,0.5773197250460276,0.9993303802855232,Not significant
GENE1026,1,Plasma cells,10q,protein_coding,45,43,8.543313333333334,8.603661627906977,0.0603482945736431,1.042717462683054,0.5107214433936729,-6.930616956656203,0.6107209824503528,0.9993303802855232,Not significant
GENE3665,1,Plasma cells,9p,protein_coding,45,43,8.434977555555555,8.495274651162791,0.0602970956072344,1.0426804589452228,0.5825294793514745,-6.891364938622158,0.5615786197460815,0.9993303802855232,Not significant
GENE1360,1,Plasma cells,7q,protein_coding,45,43,7.480513111111111,7.540523255813953,0.06001014470284005,1.0424730912486206,0.5300081978352512,-6.92057775580127,0.5973324777360155,0.9993303802855232,Not significant
PCFAV028,1,Plasma cells,16q,protein_coding,45,43,7.198916666666666,7.1389430232558135,-0.05997364341085021,0.9592816442771849,-0.34592039248428513,-7.001285907165325,0.7301610259201843,0.9993303802855232,Not significant
PCOTH086,1,Plasma cells,3q,protein_coding,45,43,7.037816222222222,6.977875348837209,-0.05994087338501064,0.9593034340805766,-0.5546645540064129,-6.907204931811678,0.580416741452455,0.9993303802855232,Not significant
GENE0997,1,Plasma cells,2p,protein_coding,45,43,7.8244913333333335,7.884389767441861,0.059898434108527354,1.0423923737187768,0.6027388414382284,-6.8793946331802935,0.5481065578967099,0.9993303802855232,Not significant
GENE3959,1,Plasma cells,20q,protein_coding,45,43,5.607114666666667,5.667006046511628,0.05989137984496029,1.0423872768047662,0.5424205504401307,-6.913921214566868,0.5887883792036649,0.9993303802855232,Not significant
GENE3984,1,Plasma cells,21q,protein_coding,45,43,8.719839333333333,8.779596279069768,0.05975694573643686,1.0422901489492096,0.5432980493934637,-6.913444830208608,0.5881865237387155,0.9993303802855232,Not significant
GENE1998,1,Plasma cells,10q,protein_coding,45,43,7.774549111111111,7.834196046511628,0.059646935400519574,1.0422106738594898,0.5108184669130355,-6.930567379695254,0.6106532932119344,0.9993303802855232,Not significant
GENE0982,1,Plasma cells,19q,protein_coding,45,43,7.127998,7.068388372093024,-0.059609627906976215,0.959523717229889,-0.5865153604765253,-6.889036121699843,0.5589087015224588,0.9993303802855232,Not significant
GENE3734,1,Plasma cells,3q,protein_coding,45,43,8.883850222222222,8.824304186046511,-0.05954603617570697,0.9595660124603063,-0.5129904113378784,-6.929455110652068,0.6091389044541675,0.9993303802855232,Not significant
GENE2920,1,Plasma cells,7q,protein_coding,45,43,7.995296222222223,7.935918372093023,-0.059377850129198606,0.9596778829643084,-0.5562382630427571,-6.906330892102707,0.5793448642393917,0.9993303802855232,Not significant
GENE3927,1,Plasma cells,4q,protein_coding,45,43,8.566290666666667,8.625664186046512,0.05937351937984836,1.0420131753677133,0.5165076913315988,-6.927643931393689,0.6066900865962094,0.9993303802855232,Not significant
GENE3892,1,Plasma cells,7q,protein_coding,45,43,9.426922,9.367620697674418,-0.05930130232558106,0.9597288037625087,-0.543843926576374,-6.913148093486073,0.5878122654571671,0.9993303802855232,Not significant
GENE3501,1,Plasma cells,18q,protein_coding,45,43,10.007984444444444,10.067223488372093,0.059239043927656,1.0419160525118392,0.5200149512596842,-6.925825658056411,0.6042527044372761,0.9993303802855232,Not significant
GENE1569,1,Plasma cells,18q,protein_coding,45,43,8.600596444444445,8.659728372093022,0.05913192764858266,1.0418386958811165,0.5153547052617881,-6.928239003035821,0.6074923318390166,0.9993303802855232,Not significant
PCOTH202,1,Plasma cells,19q,protein_coding,45,43,8.283227333333333,8.224193488372093,-0.05903384496123465,0.9599067418046802,-0.5335830421440076,-6.918676329036213,0.5948658506860054,0.9993303802855232,Not significant
PCOTH147,1,Plasma cells,4q,protein_coding,45,43,8.415810888888888,8.357022093023255,-0.058788795865631016,0.9600698006982282,-0.5148402954445073,-6.928504070247568,0.6078504121414741,0.9993303802855232,Not significant
GENE3472,1,Plasma cells,7q,protein_coding,45,43,7.8363993333333335,7.895079534883721,0.05868020155038778,1.0415125340493003,0.5378320750114609,-6.916399782342981,0.5919401976222411,0.9993303802855232,Not significant
PCFAV049,1,Plasma cells,6p,protein_coding,45,43,3.8035448888888888,3.862153488372093,0.058608599483201296,1.0414608442619497,0.2697650002055779,-7.024779937335897,0.7879212571265712,0.9993303802855232,Not significant
PCOTH098,1,Plasma cells,3q,protein_coding,45,43,5.642847333333333,5.701431860465116,0.05858452713178419,1.0414434669219281,0.524186930375011,-6.923646840695002,0.6013592027935906,0.9993303802855232,Not significant
GENE3701,1,Plasma cells,9p,protein_coding,45,43,7.246205111111111,7.187632790697674,-0.05857232041343696,0.9602138693555863,-0.5650881883244063,-6.901369817381666,0.5733346898007952,0.9993303802855232,Not significant
GENE2531,1,Plasma cells,20q,protein_coding,45,43,5.433857111111111,5.375323023255814,-0.05853408785529535,0.9602393161187575,-0.5416312800901951,-6.9143490468569695,0.5893299673641528,0.9993303802855232,Not significant
GENE2386,1,Plasma cells,19q,protein_coding,45,43,8.162299333333333,8.220683255813954,0.0583839224806173,1.041298665787077,0.5652132749613374,-6.90129913903198,0.5732499564248978,0.9993303802855232,Not significant
GENE1276,1,Plasma cells,7q,protein_coding,45,43,8.187216444444445,8.128864186046512,-0.058352258397928125,0.9603603471004352,-0.4912597294801777,-6.940372081035675,0.6243663030387355,0.9993303802855232,Not significant
GENE1521,1,Plasma cells,18q,protein_coding,45,43,6.162447555555556,6.220708139534883,0.05826058397932332,1.0412096471633154,0.5003918256010753,-6.935841587465199,0.617946764323445,0.9993303802855232,Not significant
GENE3305,1,Plasma cells,9p,protein_coding,45,43,8.288376,8.346529069767442,0.05815306976744594,1.0411320558080375,0.5118971930236188,-6.930015542590967,0.609900939105216,0.9993303802855232,Not significant
GENE2724,1,Plasma cells,21q,protein_coding,45,43,8.85268,8.910828604651163,0.05814860465116567,1.0411288335272597,0.5123864405235428,-6.9297648797272755,0.6095598529022657,0.9993303802855232,Not significant
GENE3608,1,Plasma cells,15q,protein_coding,45,43,6.2626277777777775,6.320700697674418,0.05807291989664076,1.041074216639345,0.5334051963359457,-6.918771223911947,0.5949884517732806,0.9993303802855232,Not significant
GENE2030,1,Plasma cells,3q,protein_coding,45,43,8.273833333333334,8.215828372093023,-0.05800496124031085,0.9605915605985527,-0.4885268677700112,-6.941711732479063,0.6262930818936756,0.9993303802855232,Not significant
PCOTH200,1,Plasma cells,15q,protein_coding,45,43,6.809185555555556,6.867180465116279,0.05799490956072528,1.041017924525386,0.5295671565227695,-6.920811461099095,0.5976371213810396,0.9993303802855232,Not significant
GENE2874,1,Plasma cells,10q,protein_coding,45,43,9.572407777777778,9.51444534883721,-0.05796242894056647,0.9606198803537875,-0.5365677643601994,-6.917079050354821,0.5928100318167178,0.9993303802855232,Not significant
GENE2859,1,Plasma cells,4q,protein_coding,45,43,8.61784711111111,8.560037441860466,-0.0578096692506449,0.960721600925468,-0.4689456017151972,-6.951092935330583,0.6401739033605256,0.9993303802855232,Not significant
GENE2710,1,Plasma cells,19q,protein_coding,45,43,8.78321911111111,8.72568930232558,-0.057529808785529823,0.9609079840946458,-0.5414851793709565,-6.914428174374534,0.5894302455779022,0.9993303802855232,Not significant
PCOTH037,1,Plasma cells,2p,protein_coding,45,43,6.805600888888889,6.863022093023256,0.05742120413437046,1.0406040332444129,0.5357072570428081,-6.917540460756621,0.5934023931626464,0.9993303802855232,Not significant
PCOTH022,1,Plasma cells,19q,protein_coding,45,43,7.907958444444445,7.850725813953488,-0.05723263049096072,0.9611059402814962,-0.4861523657536358,-6.9428696784347235,0.6279693094602292,0.9993303802855232,Not significant
GENE1846,1,Plasma cells,19q,protein_coding,45,43,8.628447333333334,8.685636976744187,0.05718964341085275,1.0404370238078553,0.5114650571524594,-6.930236746606786,0.6102022806873224,0.9993303802855232,Not significant
GENE3960,1,Plasma cells,21q,protein_coding,45,43,7.448651111111111,7.505809534883721,0.05715842377260483,1.0404145091979535,0.5267029995905974,-6.922324455104499,0.5996172438234298,0.9993303802855232,Not significant
GENE3907,1,Plasma cells,12p,protein_coding,45,43,8.187678,8.130596511627907,-0.05708148837209315,0.9612066346026082,-0.49444829711469707,-6.938799643733529,0.6221215270738899,0.9993303802855232,Not significant
GENE3408,1,Plasma cells,21q,protein_coding,45,43,9.101177555555555,9.044230697674418,-0.056946857881136737,0.9612963373850606,-0.520984844283459,-6.925320675555768,0.6035794629363133,0.9993303802855232,Not significant
PCOTH068,1,Plasma cells,15q,protein_coding,45,43,6.269558222222222,6.32645465116279,0.056896428940569344,1.0402255860591976,0.49437011691119903,-6.938838319218846,0.6221765239821446,0.9993303802855232,Not significant
GENE3044,1,Plasma cells,15q,protein_coding,45,43,9.046426,9.103301627906976,0.05687562790698131,1.0402105880098844,0.4858470416069575,-6.943018164990268,0.6281849880901071,0.9993303802855232,Not significant
PCOTH179,1,Plasma cells,20q,protein_coding,45,43,7.916563333333333,7.973411395348837,0.05684806201550252,1.0401907126672585,0.5501243568696084,-6.909712773210458,0.5835144159838065,0.9993303802855232,Not significant
PCADV022,1,Plasma cells,17p,protein_coding,45,43,10.227629777777778,10.170784186046511,-0.0568455917312658,0.961363815398634,-0.20188478123261544,-7.040828674636035,0.8404348644561421,0.9993303802855232,Not significant
PCOTH159,1,Plasma cells,4q,protein_coding,45,43,6.849380888888889,6.792540465116279,-0.056840423772610116,0.9613672591599342,-0.512978730121916,-6.929461105243194,0.6091470446443975,0.9993303802855232,Not significant
GENE3896,1,Plasma cells,15q,protein_coding,45,43,8.096364,8.15319023255814,0.056826232558142564,1.040174973632759,0.4973479980363318,-6.937360873667774,0.6200832094037129,0.9993303802855232,Not significant
GENE3283,1,Plasma cells,12p,protein_coding,45,43,9.9778284444444445,9.921033255813953,-0.056795188630495375,0.9613974029291544,-0.4705127398219195,-6.950356193025593,0.6390581787341252,0.9993303802855232,Not significant
GENE1664,1,Plasma cells,15q,protein_coding,45,43,10.574029333333334,10.517273255813954,-0.05675607751937939,0.9614234665318374,-0.5441318935632303,-6.912991436426331,0.5876148777963778,0.9993303802855232,Not significant
GENE2596,1,Plasma cells,7q,protein_coding,45,43,9.664122666666668,9.720721395348837,0.05659872868216809,1.040010957556007,0.5517362534240755,-6.9088247644536676,0.5824137595087875,0.9993303802855232,Not significant
PCFAV057,1,Plasma cells,6p,protein_coding,45,43,6.949086666666667,7.005435813953488,0.056349147286820056,1.0398310547160028,0.2416685792699188,-7.031982349546364,0.8095534988490687,0.9993303802855232,Not significant
GENE3115,1,Plasma cells,12p,protein_coding,45,43,6.419503333333333,6.475707906976744,0.05620457364340936,1.0397268576212262,0.4633240858880153,-6.953715589955548,0.6441829319571963,0.9993303802855232,Not significant
GENE2762,1,Plasma cells,3q,protein_coding,45,43,8.442462666666668,8.386361395348837,-0.056101271317828605,0.9618599336438957,-0.46229830648240205,-6.9541907588788385,0.6449156148312707,0.9993303802855232,Not significant
GENE3972,1,Plasma cells,21q,protein_coding,45,43,7.051175111111111,7.107199302325581,0.05602419121446811,1.0395968670643536,0.42936152575577835,-6.968890497816305,0.668624205212667,0.9993303802855232,Not significant
GENE3920,1,Plasma cells,15q,protein_coding,45,43,7.709049555555556,7.764811162790697,0.05576160723513901,1.0394076679381126,0.4890112473057427,-6.941474831327354,0.6259513850946072,0.9993303802855232,Not significant
GENE1816,1,Plasma cells,7q,protein_coding,45,43,9.128871777777778,9.073151860465117,-0.05571991731265591,0.9621142199706183,-0.5485278611565554,-6.910589752728951,0.5846055257296295,0.9993303802855232,Not significant
GENE2770,1,Plasma cells,19q,protein_coding,45,43,8.313675777777778,8.258006046511628,-0.0556697312661516,0.9621476889626441,-0.5256798326929776,-6.922862966578855,0.6003253365676626,0.9993303802855232,Not significant
GENE1159,1,Plasma cells,12p,protein_coding,45,43,9.551892,9.607535581395348,0.05564358139535308,1.0393226382253238,0.5752025540943119,-6.895604681763825,0.5665027974437755,0.9993303802855232,Not significant
PCOTH093,1,Plasma cells,18q,protein_coding,45,43,7.266747333333333,7.322365813953488,0.0556184806201534,1.0393045556949074,0.5089932261587363,-6.9314984697662885,0.6119272529696771,0.9993303802855232,Not significant
GENE2984,1,Plasma cells,15q,protein_coding,45,43,8.246895333333333,8.302379069767442,0.05548373643410898,1.039207491725783,0.5284374690214327,-6.921409193932374,0.5984177654765611,0.9993303802855232,Not significant
GENE2608,1,Plasma cells,7q,protein_coding,45,43,6.865567555555556,6.810192325581395,-0.055375229974160334,0.9623441148546793,-0.47087767192765845,-6.950184280105081,0.638798484098347,0.9993303802855232,Not significant
GENE3509,1,Plasma cells,9p,protein_coding,45,43,7.931382666666667,7.876154418604651,-0.05522824806201321,0.9624421635619298,-0.5017271186609894,-6.9351721837120115,0.6170105630118173,0.9993303802855232,Not significant
PCADV056,1,Plasma cells,8q,protein_coding,45,43,5.776202888888889,5.831335581395349,0.0551326925064588,1.0389546572116337,0.30937844935689074,-7.013283019479796,0.7577055289659735,0.9993303802855232,Not significant
GENE3415,1,Plasma cells,12p,protein_coding,45,43,9.290110222222223,9.235051860465116,-0.05505836175710499,0.9625555037797218,-0.5460526390664896,-6.9119444226696825,0.5862990956302998,0.9993303802855232,Not significant
GENE1684,1,Plasma cells,7q,protein_coding,45,43,7.0919566666666665,7.146897441860465,0.054940775193797364,1.038816457440802,0.4994820373028692,-6.936296662446347,0.6185849968246524,0.9993303802855232,Not significant
PCOTH222,1,Plasma cells,10q,protein_coding,45,43,7.127251111111111,7.181995581395348,0.054744470284239455,1.038675117177103,0.4896398318055928,-6.941167053908404,0.6255080831244144,0.9993303802855232,Not significant
GENE1090,1,Plasma cells,19q,protein_coding,45,43,8.213209555555556,8.158497441860465,-0.05471211369509099,0.9627865456601049,-0.5406942523814465,-6.914856168699721,0.5899732477644519,0.9993303802855232,Not significant
GENE1079,1,Plasma cells,20q,protein_coding,45,43,7.355976666666667,7.410636046511628,0.054659379844963496,1.0386138577195196,0.5096667361031422,-6.931155285415118,0.6114570254541195,0.9993303802855232,Not significant
GENE1083,1,Plasma cells,4q,protein_coding,45,43,8.727376666666666,8.672729534883722,-0.054647131782946445,0.9628299124964564,-0.4389338687188312,-6.964729830513402,0.6616977939106414,0.9993303802855232,Not significant
GENE1285,1,Plasma cells,2p,protein_coding,45,43,8.05098688888889,7.996413953488372,-0.05457293540051822,0.9628794311621574,-0.48542699564380093,-6.9432222918624955,0.628481758030244,0.9993303802855232,Not significant
PCADV002,1,Plasma cells,17p,protein_coding,45,43,8.901087777777779,8.846636046511628,-0.05445173126614833,0.9629603282797828,-0.29200851708591175,-7.018517532150916,0.7709115087214286,0.9993303802855232,Not significant
PCFAV029,1,Plasma cells,6p,protein_coding,45,43,6.427514222222222,6.373067674418604,-0.05444654780361713,0.9629637881085104,-0.2402539732759395,-7.032324080891126,0.8106467159817251,0.9993303802855232,Not significant
PCOTH182,1,Plasma cells,3q,protein_coding,45,43,8.433404222222222,8.378981162790698,-0.0544230594315227,0.9629794661522084,-0.4963125159501801,-6.937875618649863,0.6208107526993762,0.9993303802855232,Not significant
PCOTH136,1,Plasma cells,7q,protein_coding,45,43,8.187567333333334,8.24173534883721,0.05416801550387973,1.038260178735518,0.4785732797426638,-6.94652812415762,0.6333326188863126,0.9993303802855232,Not significant
GENE3075,1,Plasma cells,4q,protein_coding,45,43,8.261464444444444,8.207456046511627,-0.054008397932816976,0.9632562868856547,-0.49653223357600584,-6.9377664847721405,0.6206563446888134,0.9993303802855232,Not significant
GENE1540,1,Plasma cells,7q,protein_coding,45,43,7.301645111111111,7.24777534883721,-0.053869762273898836,0.9633488553653388,-0.4912866858357503,-6.940358829971411,0.624347310668393,0.9993303802855232,Not significant
PCOTH230,1,Plasma cells,3q,protein_coding,45,43,5.902000666666667,5.848166976744186,-0.05383368992247739,0.9633729427101407,-0.42951418964521026,-6.9688248587299455,0.668513512661697,0.9993303802855232,Not significant
GENE1418,1,Plasma cells,3q,protein_coding,45,43,11.871703333333333,11.925536046511628,0.053832713178291414,1.038018900717279,0.5023265051148382,-6.934871124657502,0.6165905262989255,0.9993303802855232,Not significant
GENE1891,1,Plasma cells,12p,protein_coding,45,43,10.404643555555555,10.350826744186046,-0.05381681136951144,0.9633842135857564,-0.5414913553206325,-6.914424829936359,0.5894260064691438,0.9993303802855232,Not significant
GENE1805,1,Plasma cells,9p,protein_coding,45,43,7.988058888888889,7.934317441860465,-0.0537414470284201,0.9634345407240886,-0.46044600459846446,-6.955046139491084,0.646239544629168,0.9993303802855232,Not significant
GENE1153,1,Plasma cells,2p,protein_coding,45,43,7.047819333333333,6.9941406976744185,-0.053678635658916285,0.9634764871913343,-0.5036029846355803,-6.934228784669305,0.6156964226178586,0.9993303802855232,Not significant
GENE3971,1,Plasma cells,20q,protein_coding,45,43,6.486649333333333,6.43325488372093,-0.05339444961240325,0.963666294139719,-0.4796754783157566,-6.945999644453687,0.632551426158369,0.9993303802855232,Not significant
GENE3382,1,Plasma cells,19q,protein_coding,45,43,7.300642,7.247390697674419,-0.05325130232558006,0.9637619159138187,-0.49644628783283945,-6.937809179796841,0.6207167416054014,0.9993303802855232,Not significant
PCOTH062,1,Plasma cells,3q,protein_coding,45,43,8.383837111111111,8.33069441860465,-0.05314269250645687,0.9638344731380154,-0.43793326075106387,-6.965169026184185,0.662420457854854,0.9993303802855232,Not significant
GENE3390,1,Plasma cells,10q,protein_coding,45,43,6.580558666666667,6.6335320930232555,0.05297342635658886,1.0374008280410874,0.5267094681718087,-6.922321047260166,0.5996127684000991,0.9993303802855232,Not significant
GENE1528,1,Plasma cells,7q,protein_coding,45,43,9.388057555555555,9.335124418604652,-0.05293313695090163,0.9639744830031112,-0.4850289118567339,-6.943415583779404,0.628763067602251,0.9993303802855232,Not significant
GENE2296,1,Plasma cells,7q,protein_coding,45,43,7.356649555555555,7.303932558139535,-0.052716997416021094,0.9641189131138596,-0.44198904423146806,-6.963382648601128,0.6594932528223187,0.9993303802855232,Not significant
PCOTH064,1,Plasma cells,7q,protein_coding,45,43,6.591756666666667,6.539152093023255,-0.05260457364340976,0.9641940461847462,-0.5202462710935752,-6.92570530451305,0.6040921050039377,0.9993303802855232,Not significant
GENE2345,1,Plasma cells,9p,protein_coding,45,43,10.288013777777778,10.34046,0.052446222222222616,1.0370217998533269,0.4255644950734147,-6.970515583330009,0.6713796807462757,0.9993303802855232,Not significant
PCOTH135,1,Plasma cells,4q,protein_coding,45,43,8.11030911111111,8.16252953488372,0.05222042377261005,1.0368595066557131,0.43267178678480905,-6.967462011882137,0.6662256669126,0.9993303802855232,Not significant
GENE2339,1,Plasma cells,20q,protein_coding,45,43,8.09303888888889,8.040836744186047,-0.05220214470284468,0.9644630383834527,-0.4771497241717433,-6.947208896921512,0.634342190899609,0.9993303802855232,Not significant
PCOTH066,1,Plasma cells,10q,protein_coding,45,43,6.154057111111111,6.102111162790698,-0.051945948320414104,0.9646343246742022,-0.4674211043897758,-6.951807283679762,0.6412600633560805,0.9993303802855232,Not significant
PCOTH144,1,Plasma cells,21q,protein_coding,45,43,8.212971777777778,8.16108511627907,-0.05188666149870613,0.9646739666475331,-0.5182420374084571,-6.92674632136201,0.6054842389792656,0.9993303802855232,Not significant
GENE2538,1,Plasma cells,10q,protein_coding,45,43,7.7319495555555555,7.680136511627907,-0.05181304392765007,0.9647231931051167,-0.46615209879885255,-6.952400147950631,0.6421647883053774,0.9993303802855232,Not significant
GENE1293,1,Plasma cells,18q,protein_coding,45,43,7.9355226666666665,7.987298837209303,0.051776170542638944,1.0365402726819324,0.452960567754242,-6.9584680370894185,0.6516013125350435,0.9993303802855232,Not significant
GENE2992,1,Plasma cells,7q,protein_coding,45,43,8.591504444444444,8.540113488372093,-0.051390956072348004,0.9650054825041607,-0.504307016445636,-6.93387381351317,0.615203534751757,0.9993303802855232,Not significant
PCFAV032,1,Plasma cells,16q,protein_coding,45,43,5.723124222222222,5.671814883720931,-0.05130933850129171,0.9650600772932407,-0.251190734194959,-7.029629912449461,0.8022046344863312,0.9993303802855232,Not significant
GENE1372,1,Plasma cells,7q,protein_coding,45,43,8.01772688888889,8.068925581395348,0.051198692506460475,1.0361254521957755,0.47874283161962167,-6.946446906546898,0.6332124204743542,0.9993303802855232,Not significant
GENE2292,1,Plasma cells,21q,protein_coding,45,43,6.737628444444445,6.6866111627906974,-0.051017281653747304,0.9652554622683557,-0.44098049721316374,-6.963828397153981,0.6602206651932792,0.9993303802855232,Not significant
GENE2572,1,Plasma cells,7q,protein_coding,45,43,8.76512088888889,8.714161860465117,-0.05095902842377065,0.9652944382002507,-0.5029557089277711,-6.934554704315315,0.6161497313447394,0.9993303802855232,Not significant
GENE1128,1,Plasma cells,21q,protein_coding,45,43,8.625020888888889,8.675966046511627,0.05094515762274021,1.0359433826263738,0.4466553692022905,-6.961307068067781,0.6561319405633104,0.9993303802855232,Not significant
GENE3999,1,Plasma cells,4q,protein_coding,45,43,7.750307777777778,7.699988837209302,-0.050318940568473636,0.965722810321122,-0.46846458666481533,-6.951318579193204,0.640516528183269,0.9993303802855232,Not significant
PCOTH095,1,Plasma cells,20q,protein_coding,45,43,6.705723555555555,6.6554490697674416,-0.05027448578811278,0.9657525682780316,-0.4469528561569909,-6.961174009873912,0.6559178892740831,0.9993303802855232,Not significant
GENE2290,1,Plasma cells,19q,protein_coding,45,43,8.512494888888888,8.46223069767442,-0.05026419121446324,0.9657594595794716,-0.47169944988040724,-6.949796669627778,0.6382138514965627,0.9993303802855232,Not significant
GENE1205,1,Plasma cells,9p,protein_coding,45,43,7.68877,7.638556511627907,-0.05021348837209416,0.9657934013403598,-0.4468095853689044,-6.961238102191605,0.6560209735641538,0.9993303802855232,Not significant
GENE3466,1,Plasma cells,19q,protein_coding,45,43,7.749999111111111,7.699880930232558,-0.0501181808785498,0.9658572058078619,-0.4497284414588066,-6.959928311333849,0.6539221526195493,0.9993303802855232,Not significant
GENE1245,1,Plasma cells,18q,protein_coding,45,43,8.261913333333334,8.211837209302326,-0.05007612403100836,0.9658853624869853,-0.43314032445290174,-6.967258939707214,0.6658864545788259,0.9993303802855232,Not significant
GENE1646,1,Plasma cells,3q,protein_coding,45,43,8.792304444444444,8.842175813953489,0.04987136950904336,1.035172623878276,0.4123976038354333,-6.976039457028737,0.6809693949627325,0.9993303802855232,Not significant
GENE3099,1,Plasma cells,4q,protein_coding,45,43,9.209342,9.159521860465116,-0.04982013953488185,0.966056759495822,-0.4527113735158089,-6.958580993458982,0.6517801258190565,0.9993303802855232,Not significant
GENE3640,1,Plasma cells,7q,protein_coding,45,43,10.118700666666667,10.16842,0.049719333333337445,1.0350635395673555,0.4171503850229855,-6.974065482206215,0.677501701304685,0.9993303802855232,Not significant
PCFAV021,1,Plasma cells,6p,protein_coding,45,43,7.966793333333333,7.917081395348838,-0.049711937984498356,0.9661292160830298,-0.23331922584670983,-7.033970342628084,0.8160113257708075,0.9993303802855232,Not significant
PCOTH087,1,Plasma cells,4q,protein_coding,45,43,6.960057555555555,6.910346976744186,-0.04971057881136787,0.9661301262805785,-0.4522448831640999,-6.958792280832428,0.6521149180532095,0.9993303802855232,Not significant
PCOTH157,1,Plasma cells,2p,protein_coding,45,43,5.802634,5.852334418604651,0.049700418604649244,1.035049969258225,0.45844644699294307,-6.955965684392602,0.6476700034396631,0.9993303802855232,Not significant
GENE1568,1,Plasma cells,15q,protein_coding,45,43,7.579873777777778,7.629303720930233,0.04942994315245386,1.0348559370066084,0.440168407737296,-6.964186580110522,0.6608066201642008,0.9993303802855232,Not significant
GENE3680,1,Plasma cells,15q,protein_coding,45,43,6.980683333333333,7.0301102325581395,0.049426899224805254,1.034853753576856,0.48580421912322747,-6.943038983182909,0.6282152401425776,0.9993303802855232,Not significant
PCOTH143,1,Plasma cells,20q,protein_coding,45,43,9.025144444444445,8.97583976744186,-0.049304677002584896,0.966401984938184,-0.4337819751203014,-6.966980482229626,0.6654220243734745,0.9993303802855232,Not significant
GEP1Q63,1,Plasma cells,1q,protein_coding,45,43,6.492514444444445,6.44331488372093,-0.04919956072351539,0.9664724005691611,-0.38096060492758677,-6.988528481091856,0.7040759586472344,0.9993303802855232,Not significant
GENE1327,1,Plasma cells,12p,protein_coding,45,43,7.965420444444445,7.916221627906976,-0.04919881653746483,0.9664728991051953,-0.4117760530724381,-6.9762959395410915,0.6814233956300657,0.9993303802855232,Not significant
GENE2162,1,Plasma cells,3q,protein_coding,45,43,7.174085111111111,7.125023953488372,-0.04906115762273977,0.9665651223084386,-0.4637108790983491,-6.9535361446180275,0.6439067484832051,0.9993303802855232,Not significant
PCOTH073,1,Plasma cells,2p,protein_coding,45,43,7.0332128888888885,7.082052325581396,0.04883943669250712,1.0344324489832464,0.4352023274221815,-6.966362630891986,0.6643944295609043,0.9993303802855232,Not significant
PCOTH128,1,Plasma cells,15q,protein_coding,45,43,5.599632222222223,5.550802558139535,-0.04882966408268885,0.9667202289166403,-0.39986701860792245,-6.981135737813432,0.6901446049025051,0.9993303802855232,Not significant
GENE2803,1,Plasma cells,12p,protein_coding,45,43,8.690621333333333,8.739410930232559,0.04878959689922624,1.0343967137741854,0.4621930255314806,-6.954239468553457,0.6449908336326451,0.9993303802855232,Not significant
GENE2867,1,Plasma cells,20q,protein_coding,45,43,7.758000666666667,7.70927488372093,-0.04872578294573415,0.966789840032814,-0.4511443281677294,-6.959289895493909,0.6529050498801923,0.9993303802855232,Not significant
GENE3450,1,Plasma cells,10q,protein_coding,45,43,8.971852222222223,9.020531395348836,0.04867917312661696,1.0343175441554422,0.45688162921837605,-6.956682524570881,0.6487903775578323,0.9993303802855232,Not significant
GENE3132,1,Plasma cells,21q,protein_coding,45,43,9.15343888888889,9.202020465116279,0.048581576227396894,1.0342475759585055,0.41927595906791104,-6.973175373233418,0.675953091604754,0.9993303802855232,Not significant
PCOTH033,1,Plasma cells,18q,protein_coding,45,43,4.9495202222222225,4.900943720930233,-0.04857650129199076,0.966889882972736,-0.43663876191139184,-6.965735737817382,0.6633558509119929,0.9993303802855232,Not significant
GENE2513,1,Plasma cells,9p,protein_coding,45,43,9.934112444444445,9.982662093023256,0.048549648578813276,1.0342246877341525,0.40963945696340426,-6.977174664425649,0.6829849272613224,0.9993303802855232,Not significant
PCFAV008,1,Plasma cells,16q,protein_coding,45,43,6.661670444444445,6.613185581395349,-0.048484863049095495,0.966951300598436,-0.274325348138461,-7.0235363729041165,0.7844252510270656,0.9993303802855232,Not significant
PCOTH226,1,Plasma cells,19q,protein_coding,45,43,8.014406,7.966136046511628,-0.04826995348837215,0.9670953522185035,-0.4768372890641336,-6.947358039544346,0.6345638594870502,0.9993303802855232,Not significant
GENE3779,1,Plasma cells,20q,protein_coding,45,43,8.522636,8.474371860465116,-0.04826413953488107,0.9670992495485486,-0.41496856781676833,-6.974974455665704,0.679092728550079,0.9993303802855232,Not significant
PCOTH214,1,Plasma cells,19q,protein_coding,45,43,7.737738666666667,7.689481627906977,-0.04825703875968834,0.9671040095089457,-0.3853389580094794,-6.986848220428138,0.7008405350051481,0.9993303802855232,Not significant
GENE3031,1,Plasma cells,12p,protein_coding,45,43,9.930380222222222,9.978496279069768,0.04811605684754561,1.033913905565709,0.4063576756066626,-6.978515501383255,0.6853861017413587,0.9993303802855232,Not significant
PCFAV036,1,Plasma cells,16q,protein_coding,45,43,5.139756888888889,5.187863720930233,0.04810683204134225,1.0339072945878884,0.20407951080368633,-7.040381972671993,0.8387242606637163,0.9993303802855232,Not significant
GENE2055,1,Plasma cells,4q,protein_coding,45,43,7.081432,7.033351162790698,-0.04808083720929979,0.9672221326240593,-0.4083652979365992,-6.977696523730717,0.6839168034559433,0.9993303802855232,Not significant
PCOTH060,1,Plasma cells,21q,protein_coding,45,43,7.041692666666667,6.993675581395348,-0.04801708527131776,0.9672648746077068,-0.4674598388830288,-6.951789162153611,0.6412324564838312,0.9993303802855232,Not significant
GENE3761,1,Plasma cells,9p,protein_coding,45,43,9.461685333333334,9.509576046511627,0.04789071317829752,1.0337524246208551,0.37465323089139535,-6.990915381511517,0.7087464154437423,0.9993303802855232,Not significant
PCOTH099,1,Plasma cells,4q,protein_coding,45,43,8.697113111111111,8.649226511627907,-0.04788659948320273,0.9673523636638517,-0.4709303276816242,-6.950159463978834,0.6387610166854623,0.9993303802855232,Not significant
GENE3770,1,Plasma cells,3q,protein_coding,45,43,7.270177111111111,7.222521395348838,-0.04765571576227323,0.9675071876422625,-0.42999362883869746,-6.968618568809095,0.6681659315744233,0.9993303802855232,Not significant
PCOTH116,1,Plasma cells,15q,protein_coding,45,43,8.103486222222223,8.150942325581395,0.0474561033591705,1.0334410550825754,0.419788567757116,-6.9729600377842385,0.6755798330747442,0.9993303802855232,Not significant
GENE2439,1,Plasma cells,4q,protein_coding,45,43,8.251481111111111,8.204171395348837,-0.0473097157622675,0.9677392516772209,-0.43264189228686006,-6.967474961235091,0.6662473123132275,0.9993303802855232,Not significant
GENE1438,1,Plasma cells,19q,protein_coding,45,43,8.350203777777777,8.397289302325582,0.04708552454780701,1.0331756336559605,0.4365316501999011,-6.965782554824208,0.663433272765542,0.9993303802855232,Not significant
PCOTH024,1,Plasma cells,21q,protein_coding,45,43,8.949002444444444,8.996057906976745,0.047055462532298975,1.033154105184977,0.4909186716216133,-6.940539673995756,0.6246066206592078,0.9993303802855232,Not significant
PCOTH227,1,Plasma cells,20q,protein_coding,45,43,7.860169111111111,7.907092558139535,0.046923447028426324,1.0330595695307137,0.42357931322815745,-6.971359493764696,0.6728221028464361,0.9993303802855232,Not significant
GENE3073,1,Plasma cells,2p,protein_coding,45,43,6.693329777777778,6.646415813953488,-0.04691396382428703,0.9680047528450727,-0.4163596423115888,-6.974395464637117,0.6780781592737603,0.9993303802855232,Not significant
GENE2727,1,Plasma cells,4q,protein_coding,45,43,7.289646666666667,7.2428074418604655,-0.04683922480620062,0.9680549017654643,-0.4592047228526274,-6.9556174418784495,0.6471273863236517,0.9993303802855232,Not significant
PCOTH043,1,Plasma cells,12p,protein_coding,45,43,6.876816444444445,6.830137906976744,-0.04667853746769968,0.96816272970166,-0.43287693928662824,-6.967373122249655,0.6660771318757178,0.9993303802855232,Not significant
GENE2646,1,Plasma cells,10q,protein_coding,45,43,8.543414666666667,8.590043023255815,0.04662835658914943,1.0328482879924197,0.4136884387250851,-6.9755055633136305,0.6800269027803807,0.9993303802855232,Not significant
PCOTH206,1,Plasma cells,3q,protein_coding,45,43,7.292684666666666,7.339296744186047,0.04661207751938168,1.0328366336136343,0.40051908617132576,-6.980874402198643,0.6896659873595312,0.9993303802855232,Not significant
GENE2716,1,Plasma cells,7q,protein_coding,45,43,8.372479333333333,8.419088837209301,0.04660950387596685,1.032834791123881,0.40175211694714974,-6.980379068199888,0.6887612876071059,0.9993303802855232,Not significant
GENE1366,1,Plasma cells,19q,protein_coding,45,43,9.20702,9.25353023255814,0.04651023255814124,1.0327637245849175,0.3802289879866364,-6.988807383852905,0.7046171264115307,0.9993303802855232,Not significant
PCFAV070,1,Plasma cells,11q,protein_coding,45,43,8.071303555555556,8.024870697674418,-0.046432857881132605,0.9683276142172546,-0.2220177468442177,-7.036550038759926,0.8247726565078486,0.9993303802855232,Not significant
GENE1744,1,Plasma cells,7q,protein_coding,45,43,8.719550444444444,8.673190697674418,-0.0463597467700243,0.9683766871672956,-0.4555651649804181,-6.957283704398389,0.6497335619850687,0.9993303802855232,Not significant
GENE1015,1,Plasma cells,12p,protein_coding,45,43,8.720501333333333,8.766729999999999,0.046228666666667806,1.0325621832639524,0.41409987080628574,-6.975335044201056,0.6797266057202577,0.9993303802855232,Not significant
PCOTH185,1,Plasma cells,9p,protein_coding,45,43,7.789348666666666,7.8355658139534885,0.04621714728682402,1.032553938674363,0.4064150084850532,-6.97849216913773,0.6853441253045403,0.9993303802855232,Not significant
PCOTH231,1,Plasma cells,4q,protein_coding,45,43,7.454670222222222,7.500885116279069,0.046214894056848976,1.0325523260122251,0.3937614682018988,-6.983562128690957,0.6946321638109576,0.9993303802855232,Not significant
GENE1538,1,Plasma cells,3q,protein_coding,45,43,6.218715555555556,6.172539534883721,-0.046176020671834905,0.9685000170426233,-0.4361935232079789,-6.965930270268173,0.6636776996658549,0.9993303802855232,Not significant
PCADV024,1,Plasma cells,8q,protein_coding,45,43,8.077297111111111,8.12346,0.046162888888886755,1.032515106026157,0.19395734503544457,-7.04240197981243,0.8466199421256082,0.9993303802855232,Not significant
GENE3910,1,Plasma cells,19q,protein_coding,45,43,9.430546444444444,9.38439558139535,-0.0461508630490961,0.9685169058304829,-0.39940859591820826,-6.981319210387707,0.6904811625039062,0.9993303802855232,Not significant
GENE2816,1,Plasma cells,15q,protein_coding,45,43,7.5381920000000004,7.584326046511628,0.04613404651163311,1.0324944641776146,0.37529065767560305,-6.990675964686967,0.7082739073458117,0.9993303802855232,Not significant
GENE3230,1,Plasma cells,3q,protein_coding,45,43,8.295168222222221,8.341288604651163,0.046120382428938456,1.0324846852412972,0.449064607717299,-6.960226942398328,0.6543992428652855,0.9993303802855232,Not significant
PCOTH055,1,Plasma cells,12p,protein_coding,45,43,6.040089555555555,5.994190930232558,-0.04589862532299804,0.9686862540658855,-0.4382431279049703,-6.965033123268985,0.6621966299261479,0.9993303802855232,Not significant
GENE2963,1,Plasma cells,20q,protein_coding,45,43,9.304176222222223,9.258323488372094,-0.045852733850127336,0.9687170680249926,-0.4478605417717221,-6.960767480421299,0.6552649581345666,0.9993303802855232,Not significant
GENE3652,1,Plasma cells,7q,protein_coding,45,43,6.767730888888889,6.813521627906977,0.045790739018091386,1.0322487983193354,0.37741643690947635,-6.989874591107218,0.7066989470136621,0.9993303802855232,Not significant
GENE3129,1,Plasma cells,18q,protein_coding,45,43,8.073928222222222,8.119683720930233,0.04575549870800799,1.032223584173292,0.42391441073355135,-6.9712173179602175,0.6725785368798864,0.9993303802855232,Not significant
PCOTH040,1,Plasma cells,7q,protein_coding,45,43,8.891745333333333,8.846046046511628,-0.045699286821706764,0.9688201075840626,-0.43906498073226297,-6.964672207697745,0.6616031252549984,0.9993303802855232,Not significant
GENE3371,1,Plasma cells,20q,protein_coding,45,43,7.736288222222222,7.781918139534883,0.04562991731266308,1.032133736747003,0.38316940238242914,-6.987683213438646,0.702443063332627,0.9993303802855232,Not significant
PCOTH142,1,Plasma cells,19q,protein_coding,45,43,8.367678222222223,8.322167906976745,-0.045510315245477884,0.9689470169089642,-0.42704903425560775,-6.969881929631852,0.670301825387473,0.9993303802855232,Not significant
GENE2808,1,Plasma cells,21q,protein_coding,45,43,9.125949111111112,9.171171860465117,0.04522274935400716,1.0318424815079867,0.4448867159042667,-6.962096319348889,0.657405134278793,0.9993303802855232,Not significant
GENE2749,1,Plasma cells,2p,protein_coding,45,43,8.802691777777778,8.757571627906977,-0.04512014987079738,0.9692090963436595,-0.41176111864484827,-6.976302097480468,0.681434305658944,0.9993303802855232,Not significant
GENE1667,1,Plasma cells,20q,protein_coding,45,43,8.047022,8.001936046511627,-0.045085953488372965,0.9692320699013228,-0.46426511886847205,-6.953278755807529,0.6435110895364318,0.9993303802855232,Not significant
GENE1357,1,Plasma cells,2p,protein_coding,45,43,9.329886,9.374925813953489,0.04503981395348866,1.0317116509822992,0.36449655602032827,-6.994675467684523,0.7162905477314435,0.9993303802855232,Not significant
PCOTH007,1,Plasma cells,12p,protein_coding,45,43,6.776167555555555,6.731139302325581,-0.04502825322997417,0.9692708348916113,-0.4319256653461332,-6.967784941676748,0.6667659877376897,0.9993303802855232,Not significant
PCOTH023,1,Plasma cells,20q,protein_coding,45,43,7.643671777777778,7.688650697674419,0.04497891989663749,1.0316681048548857,0.40081412091393775,-6.980756018737207,0.6894494732973115,0.9993303802855232,Not significant
GENE1012,1,Plasma cells,7q,protein_coding,45,43,8.958759333333333,9.00366465116279,0.04490531782945695,1.0316154735183207,0.37995960052300826,-6.988909943538787,0.7048164271762374,0.9993303802855232,Not significant
GENE1609,1,Plasma cells,2p,protein_coding,45,43,8.349809777777779,8.394601395348838,0.04479161757105743,1.0315341740609592,0.3968865160682162,-6.9823248602097765,0.6923338939211421,0.9993303802855232,Not significant
GENE2033,1,Plasma cells,9p,protein_coding,45,43,6.0351975555555555,5.990667209302326,-0.04453034625323049,0.9696054101041416,-0.41789698383057083,-6.973753348785136,0.6769576005967661,0.9993303802855232,Not significant
PCOTH181,1,Plasma cells,2p,protein_coding,45,43,7.028527777777778,7.072983255813954,0.044455478036174334,1.0312938606082445,0.4327674810806514,-6.967420554141017,0.6661563804298725,0.9993303802855232,Not significant
GENE3321,1,Plasma cells,18q,protein_coding,45,43,6.432599555555555,6.476996046511628,0.04439649095607212,1.031251695238415,0.417414264039384,-6.973955224836296,0.6773093739793243,0.9993303802855232,Not significant
PCFAV072,1,Plasma cells,16q,protein_coding,45,43,7.907024222222222,7.862649069767442,-0.04437515245478085,0.9697097182470059,-0.26332130690382455,-7.026501588562581,0.7928684451296688,0.9993303802855232,Not significant
GENE1065,1,Plasma cells,18q,protein_coding,45,43,7.988027777777778,8.032347441860464,0.044319664082685506,1.031196780144318,0.3591673164440867,-6.996607177269939,0.7202603147805007,0.9993303802855232,Not significant
GENE2140,1,Plasma cells,7q,protein_coding,45,43,7.530884666666667,7.486602325581395,-0.04428234108527285,0.9697721035602059,-0.3998085478983182,-6.981159150968913,0.6901875285526029,0.9993303802855232,Not significant
GENE1871,1,Plasma cells,20q,protein_coding,45,43,8.905868666666667,8.950149534883721,0.04428086821705435,1.03116905035203,0.42490001085324336,-6.970798496474905,0.6718623547410126,0.9993303802855232,Not significant
GENE2560,1,Plasma cells,7q,protein_coding,45,43,7.342699777777778,7.298465813953489,-0.04423396382428901,0.9698046230486748,-0.36648368370039386,-6.993947924117894,0.7148123145281708,0.9993303802855232,Not significant
GENE2840,1,Plasma cells,15q,protein_coding,45,43,7.408777111111111,7.364752558139535,-0.04402455297157548,0.969945402872114,-0.39607231177743885,-6.982648158920621,0.6929324122754086,0.9993303802855232,Not significant
GENE1885,1,Plasma cells,2p,protein_coding,45,43,9.606855555555555,9.650792558139536,0.043937002583982476,1.0309233010188714,0.42450468415092923,-6.97096660321292,0.67214958091781285,0.9993303802855232,Not significant
GENE2580,1,Plasma cells,21q,protein_coding,45,43,6.8743417777777776,6.917991860465117,0.04365008268734272,1.030718293732314,0.386263262409339,-6.986491057383276,0.7001582135326041,0.9993303802855232,Not significant
GENE3060,1,Plasma cells,21q,protein_coding,45,43,8.293821777777778,8.33725511627907,0.04343333850129483,1.030563454760359,0.3661723350360326,-6.994062178254289,0.7150438565891184,0.9993303802855232,Not significant
GENE2960,1,Plasma cells,15q,protein_coding,45,43,8.159623555555555,8.203046744186047,0.04342318863048966,1.030556204406798,0.3910083667136919,-6.984644058748449,0.6966592572096585,0.9993303802855232,Not significant
PCOTH006,1,Plasma cells,10q,protein_coding,45,43,7.998991111111111,8.042408604651163,0.043417493540049534,1.0305521362572325,0.4501772347177259,-6.959726169132478,0.6535996910253057,0.9993303802855232,Not significant
GENE2517,1,Plasma cells,18q,protein_coding,45,43,7.745957777777778,7.7025523255813955,-0.04340545219638603,0.9703617228819498,-0.3887266238855964,-6.9855350170144455,0.698340961617467,0.9993303802855232,Not significant
GENE3548,1,Plasma cells,15q,protein_coding,45,43,8.160101555555556,8.11697,-0.04313155555555781,0.9705459642077282,-0.39293058728598834,-6.983889450375499,0.6952437039939521,0.9993303802855232,Not significant
PCOTH112,1,Plasma cells,7q,protein_coding,45,43,6.860604222222222,6.817517441860465,-0.043086780361755395,0.9705760863449565,-0.42362230607797646,-6.9713412589403685,0.6727908514989371,0.9993303802855232,Not significant
GENE1979,1,Plasma cells,20q,protein_coding,45,43,8.310332888888889,8.267443720930233,-0.042889167958655605,0.9707090396051288,-0.39441516712545693,-6.983304122640108,0.6941511739214454,0.9993303802855232,Not significant
GENE1917,1,Plasma cells,18q,protein_coding,45,43,8.641487777777778,8.684301395348838,0.04281361757106161,1.0301208632401009,0.37188540351073207,-6.99195026790538,0.7107994532911742,0.9993303802855232,Not significant
PCOTH237,1,Plasma cells,18q,protein_coding,45,43,6.2573157777777775,6.214534418604651,-0.042781359173125644,0.9707815808352148,-0.38791564621436203,-6.9858504296269,0.6989390364846243,0.9993303802855232,Not significant
GENE3325,1,Plasma cells,2p,protein_coding,45,43,7.6758968888888885,7.63324023255814,-0.04265665633074356,0.9708654963206123,-0.3815112649735528,-6.988318209121422,0.7036687427462893,0.9993303802855232,Not significant
GENE2086,1,Plasma cells,19q,protein_coding,45,43,7.368648666666667,7.4112034883720925,0.04255482170542635,1.0299360929987442,0.36921738840834434,-6.9929405919844685,0.7127804747673838,0.9993303802855232,Not significant
GENE3858,1,Plasma cells,10q,protein_coding,45,43,7.776683333333334,7.734164651162791,-0.04251868217054344,0.9709583508417589,-0.3381932315088426,-7.003934110541215,0.7359575735508151,0.9993303802855232,Not significant
PCFAV034,1,Plasma cells,11q,protein_coding,45,43,8.0942,8.136572093023256,0.04237209302325695,1.0298056517469703,0.1317845252238709,-7.052557115660419,0.8954310945863015,0.9993303802855232,Not significant
GENE1731,1,Plasma cells,4q,protein_coding,45,43,5.988666444444444,6.030960465116279,0.042294020671834964,1.0297499246729391,0.36625103116888275,-6.994033308653773,0.714985329765925,0.9993303802855232,Not significant
GENE2759,1,Plasma cells,20q,protein_coding,45,43,9.32992288888889,9.287643720930232,-0.04227916795865916,0.9711195613700789,-0.3855073714051002,-6.986783206890471,0.7007161939583588,0.9993303802855232,Not significant
PCOTH101,1,Plasma cells,9p,protein_coding,45,43,7.449581111111111,7.4074216279069764,-0.042159483204140535,0.9712001279654068,-0.3670769381399357,-6.99372995232418,0.7143712001358472,0.9993303802855232,Not significant
GENE2876,1,Plasma cells,15q,protein_coding,45,43,6.809656444444444,6.767576046511628,-0.04208039793281593,0.9712533684138052,-0.36952554317099656,-6.9928265730922465,0.712551566656054,0.9993303802855232,Not significant
PCOTH218,1,Plasma cells,3q,protein_coding,45,43,8.353128,8.395191395348837,0.04206339534883696,1.0295853247947258,0.3591819643538507,-6.996601906673258,0.7202493929434122,0.9993303802855232,Not significant
PCFAV071,1,Plasma cells,5q,protein_coding,45,43,5.948494222222222,5.990498139534884,0.04200391731265807,1.0295428789214438,0.1457579829602001,-7.0506122824970845,0.8844186877157154,0.9993303802855232,Not significant
GENE3431,1,Plasma cells,20q,protein_coding,45,43,9.509845111111112,9.468152790697674,-0.0416923204134374,0.971514665698918,-0.4300464950519676,-6.9685958078521155,0.6681276093510273,0.9993303802855232,Not significant
GENE1029,1,Plasma cells,18q,protein_coding,45,43,8.584763555555556,8.626155813953488,0.041392258397930703,1.0291064765023625,0.36572728434029206,-6.99422532825184,0.715374875687522,0.9993303802855232,Not significant
PCOTH074,1,Plasma cells,3q,protein_coding,45,43,6.224512,6.183120465116279,-0.04139153488371772,0.9717172365882656,-0.3892855725544443,-6.98531724351037,0.6979288622516056,0.9993303802855232,Not significant
GENE3326,1,Plasma cells,3q,protein_coding,45,43,6.730386222222222,6.771762093023256,0.041375870801037884,1.0290947869312221,0.3350221297244837,-7.005003619079984,0.7383408305384656,0.9993303802855232,Not significant
GENE2448,1,Plasma cells,21q,protein_coding,45,43,9.273452666666667,9.232092093023256,-0.041360573643407506,0.9717380905406628,-0.38970191759274947,-6.985154827494068,0.6976219598758217,0.9993303802855232,Not significant
GENE2101,1,Plasma cells,2p,protein_coding,45,43,7.272306222222222,7.230999069767442,-0.04130715245477834,0.9717740734500655,-0.36235580862323163,-6.995454841993846,0.7178842684988946,0.9993303802855232,Not significant
GENE3001,1,Plasma cells,2p,protein_coding,45,43,5.537346444444444,5.578633488372093,0.041287043927647815,1.0290314274160703,0.3860529320376889,-6.986572406698764,0.700313457827084,0.9993303802855232,Not significant
GENE1659,1,Plasma cells,4q,protein_coding,45,43,8.864226,8.823021162790697,-0.04120483720930146,0.9718429936485876,-0.36688676158004857,-6.993799864720066,0.7145125953862339,0.9993303802855232,Not significant
GENE1853,1,Plasma cells,9p,protein_coding,45,43,6.298371333333334,6.339267906976744,0.04089657364341015,1.0287529542721487,0.37489483872944696,-6.990824681618684,0.7085673043517553,0.9993303802855232,Not significant
GENE1053,1,Plasma cells,18q,protein_coding,45,43,9.42556488888889,9.384750697674418,-0.040814191214469275,0.9721061802309112,-0.3944034835017345,-6.9833087377510354,0.6941597696026367,0.9993303802855232,Not significant
GENE1025,1,Plasma cells,9p,protein_coding,45,43,9.907930666666667,9.948584186046512,0.04065351937984474,1.0285796524147666,0.4086948732611273,-6.977561694375142,0.6836757164160158,0.9993303802855232,Not significant
GENE1527,1,Plasma cells,4q,protein_coding,45,43,8.552949111111111,8.512326046511628,-0.04062306459948317,0.972234972294301,-0.3287955895394685,-7.007074380125221,0.7430278359107765,0.9993303802855232,Not significant
GENE2246,1,Plasma cells,3q,protein_coding,45,43,6.927918222222222,6.887371627906977,-0.0405465943152441,0.972286507132223,-0.3529373728515365,-6.9988293947818745,0.7249107421660349,0.9993303802855232,Not significant
GENE2424,1,Plasma cells,21q,protein_coding,45,43,9.655871777777778,9.615425813953488,-0.040445963824286224,0.9723543281742201,-0.3956539399231205,-6.982814025802144,0.6932400315337777,0.9993303802855232,Not significant
GENE3601,1,Plasma cells,2p,protein_coding,45,43,6.518519111111111,6.558823953488372,0.04030484237726295,1.0283310907129952,0.40707003987593826,-6.978225364078733,0.6848646121854889,0.9993303802855232,Not significant
GENE1597,1,Plasma cells,2p,protein_coding,45,43,7.5420535555555555,7.582318604651163,0.04026504909560913,1.0283027270580145,0.3773597571295475,-6.989896016739634,0.7067409237668172,0.9993303802855232,Not significant
GENE2427,1,Plasma cells,4q,protein_coding,45,43,8.25648,8.216301395348838,-0.040178604651162075,0.9725345408538287,-0.3397214173437468,-7.003415114535606,0.7348099773071817,0.9993303802855232,Not significant
GENE3204,1,Plasma cells,21q,protein_coding,45,43,8.365052888888888,8.405120697674418,0.04006780878553151,1.0281621506513536,0.3207839472083029,-7.009681791352039,0.7490728096591618,0.9993303802855232,Not significant
GENE3311,1,Plasma cells,20q,protein_coding,45,43,8.896659777777778,8.936647906976745,0.03998812919896544,1.0281053671520684,0.3755182861360098,-6.990590369349841,0.7081051998395202,0.9993303802855232,Not significant
GENE3988,1,Plasma cells,7q,protein_coding,45,43,9.517204444444445,9.556974186046512,0.03976974160207192,1.027949749740739,0.3415540859577925,-7.002789633230961,0.7334345216213883,0.9993303802855232,Not significant
GENE2902,1,Plasma cells,19q,protein_coding,45,43,7.824178444444445,7.863936511627907,0.03975806718346142,1.0279414315121504,0.3669261736333196,-6.993785379093219,0.7144832919185006,0.9993303802855232,Not significant
GENE3976,1,Plasma cells,7q,protein_coding,45,43,7.0588473333333335,7.019431860465116,-0.039415472868219226,0.973049111377984,-0.3293786662886045,-7.006882111015498,0.7425885130769363,0.9993303802855232,Not significant
GENE1007,1,Plasma cells,20q,protein_coding,45,43,6.747432444444445,6.786832093023256,0.03939964857881151,1.0276860847058709,0.33088447420592376,-7.0063839997228445,0.7414543468812529,0.9993303802855232,Not significant
GENE1815,1,Plasma cells,4q,protein_coding,45,43,7.816875777777778,7.77763511627907,-0.03924066149870864,0.9731670228900279,-0.3885733406823714,-6.985594683600001,0.6984539894136312,0.9993303802855232,Not significant
GENE3689,1,Plasma cells,9p,protein_coding,45,43,7.546986444444444,7.507813255813954,-0.0391731886304898,0.9732125376411864,-0.38021946126264083,-6.988811012049963,0.7046241742107824,0.9993303802855232,Not significant
GENE2543,1,Plasma cells,20q,protein_coding,45,43,7.002918222222222,7.042027209302326,0.0391089870801018,1.0274790564146994,0.3308772470262527,-7.00638639583971,0.7414597889930741,0.9993303802855232,Not significant
GENE3626,1,Plasma cells,3q,protein_coding,45,43,8.769054,8.729998837209303,-0.03905516279069943,0.9732921587131399,-0.3452191664798861,-7.001528688867506,0.7306864125885135,0.9993303802855232,Not significant
GENE1440,1,Plasma cells,21q,protein_coding,45,43,8.092036,8.053106279069768,-0.0389297209302395,0.9733767898262752,-0.3444712029783485,-7.001787110601558,0.731246958346325,0.9993303802855232,Not significant
PCOTH078,1,Plasma cells,10q,protein_coding,45,43,9.375482,9.336556279069768,-0.03892572093023183,0.9733794886035316,-0.35076027447279756,-6.999596820530693,0.7265383111313597,0.9993303802855232,Not significant
GENE2464,1,Plasma cells,7q,protein_coding,45,43,8.663668444444445,8.62475976744186,-0.03890867700258127,0.9733909881284544,-0.33659737939517537,-7.004473595473086,0.7371566230634998,0.9993303802855232,Not significant
GENE1008,1,Plasma cells,21q,protein_coding,45,43,9.730343777777778,9.76922465116279,0.03888087338501656,1.0273166080048155,0.34813317144476075,-7.000516566652531,0.7285039673422902,0.9993303802855232,Not significant
GENE3292,1,Plasma cells,7q,protein_coding,45,43,8.511355111111111,8.472559069767442,-0.038796041343671206,0.9734669867367801,-0.3373476853999618,-7.004220268247493,0.7365927966600114,0.9993303802855232,Not significant
GENE1021,1,Plasma cells,2p,protein_coding,45,43,7.6987297777777774,7.737471627906976,0.038741850129201616,1.0272176168705809,0.4051892630269041,-6.978990285112998,0.6862417732151604,0.9993303802855232,Not significant
GENE3502,1,Plasma cells,19q,protein_coding,45,43,7.0018344444444445,7.040458837209302,0.038624392764858406,1.027133989105149,0.34847152220904726,-7.00039849732231,0.7282507037835906,0.9993303802855232,Not significant
GENE3490,1,Plasma cells,19q,protein_coding,45,43,7.012111555555555,7.0506425581395344,0.0385310025839809,1.027067501648245,0.32693564605240333,-7.0076854236935935,0.7444297894667602,0.9993303802855232,Not significant
GENE2714,1,Plasma cells,3q,protein_coding,45,43,8.735134888888888,8.77359511627907,0.03846022739018551,1.0270171173907148,0.3403984400816854,-7.003184440812766,0.7343017568315455,0.9993303802855232,Not significant
GENE2678,1,Plasma cells,3q,protein_coding,45,43,7.349022222222223,7.387450465116279,0.03842824289405833,1.0269943487112925,0.3409555171055165,-7.002994291163474,0.733883664598713,0.9993303802855232,Not significant
GENE2540,1,Plasma cells,15q,protein_coding,45,43,8.947123333333334,8.908759767441861,-0.03836356589147627,0.9737588458415445,-0.37775853090638756,-6.989745207381449,0.706445613200718,0.9993303802855232,Not significant
GENE3288,1,Plasma cells,21q,protein_coding,45,43,8.05990911111111,8.021553720930232,-0.03835539018087886,0.973764364120077,-0.3180639124571258,-7.010552440883896,0.7511287280936686,0.9993303802855232,Not significant
GENE1650,1,Plasma cells,10q,protein_coding,45,43,6.475900888888889,6.514255116279069,0.0383542273901778,1.0269416615167042,0.3535718570353766,-6.998604848256753,0.7244366475666955,0.9993303802855232,Not significant
GENE1330,1,Plasma cells,19q,protein_coding,45,43,8.166305333333334,8.12808534883721,-0.03821998449612174,0.9738557621041174,-0.32565530327399467,-7.008104042317756,0.7453953628330341,0.9993303802855232,Not significant
GEP1Q65,1,Plasma cells,1q,protein_coding,45,43,7.329390222222222,7.29119,-0.038200222222218194,0.9738691022318527,-0.19452170506761665,-7.042292056775437,0.8461792996068804,0.9993303802855232,Not significant
GENE1076,1,Plasma cells,15q,protein_coding,45,43,7.153422666666667,7.115230232558139,-0.03819243410852469,0.9738743594924295,-0.38052080059028415,-6.98869620482619,0.7044012581075163,0.9993303802855232,Not significant
GENE3610,1,Plasma cells,19q,protein_coding,45,43,9.433593555555555,9.395671395348838,-0.03792216020671901,0.9740568218092596,-0.3460630383954825,-7.001236459489841,0.7300541656110222,0.9993303802855232,Not significant
GENE3335,1,Plasma cells,20q,protein_coding,45,43,8.843128666666667,8.880940232558139,0.03781156589147194,1.0265554559158625,0.3458330981062162,-7.001316157407398,0.7302264233688271,0.9993303802855232,Not significant
PCOTH192,1,Plasma cells,21q,protein_coding,45,43,9.177669555555555,9.21543046511628,0.03776090956072409,1.0265194118328815,0.3531788561417177,-6.998743980280669,0.7247302901616635,0.9993303802855232,Not significant
GENE3144,1,Plasma cells,21q,protein_coding,45,43,8.159818444444443,8.122059069767442,-0.03775937467699997,0.9741667350599436,-0.34961453451796565,-6.999998790965073,0.7273953549934438,0.9993303802855232,Not significant
GENE2635,1,Plasma cells,12p,protein_coding,45,43,6.910406222222222,6.948162790697674,0.03775656847545683,1.0265163230293128,0.33942105718500665,-7.003517305888275,0.7350354863807369,0.9993303802855232,Not significant
GENE1532,1,Plasma cells,15q,protein_coding,45,43,10.177538,10.215262558139536,0.03772455813954245,1.0264935470670644,0.32975190515194064,-7.0067588573687285,0.7423073386038344,0.9993303802855232,Not significant
GENE3436,1,Plasma cells,7q,protein_coding,45,43,6.335368444444445,6.297863255813954,-0.03750518863049379,0.9743383870024038,-0.30238424093010946,-7.015427053190893,0.7630146847388486,0.9993303802855232,Not significant
GENE3789,1,Plasma cells,18q,protein_coding,45,43,7.901513777777778,7.938918139534883,0.03740436175710826,1.0262657490642633,0.31998002249329766,-7.009939887872535,0.7496802625013043,0.9993303802855232,Not significant
GEP1Q77,1,Plasma cells,1q,protein_coding,45,43,6.015717111111111,6.05304488372093,0.03732777260982001,1.0262112685745832,0.2755505422695319,-7.023198726848651,0.7834867548029388,0.9993303802855232,Not significant
GENE1180,1,Plasma cells,7q,protein_coding,45,43,7.6493984444444445,7.612116511627907,-0.037281932816535246,0.9744891766948885,-0.3188413483561084,-7.010304348327222,0.7505409249184236,0.9993303802855232,Not significant
GENE1491,1,Plasma cells,4q,protein_coding,45,43,8.197441333333334,8.160266976744186,-0.03717435658914603,0.9745618433187011,-0.32803024614076665,-7.0073262356543795,0.743604617705784,0.9993303802855232,Not significant
GENE3475,1,Plasma cells,12p,protein_coding,45,43,8.085658222222222,8.122786046511628,0.037127824289402866,1.02606905210095,0.33693362438802166,-7.004360138027499,0.7369039299601201,0.9993303802855232,Not significant
GENE1750,1,Plasma cells,19q,protein_coding,45,43,7.435983555555556,7.399006279069767,-0.036977276485786525,0.9746949829377154,-0.32916338540685447,-7.006953139299841,0.7427507078992654,0.9993303802855232,Not significant
GENE3296,1,Plasma cells,15q,protein_coding,45,43,7.361716222222222,7.398668604651163,0.03695238242894039,1.0259442824765785,0.3017593857777793,-7.015616217947419,0.7634895547351757,0.9993303802855232,Not significant
GENE1192,1,Plasma cells,7q,protein_coding,45,43,7.711335777777777,7.674606744186047,-0.03672903359172963,0.9748627120243961,-0.3603926631694956,-6.996165533126085,0.7193468671685949,0.9993303802855232,Not significant
GENE1304,1,Plasma cells,15q,protein_coding,45,43,7.361118,7.324501162790698,-0.03661683720930231,0.9749385286867362,-0.32465473886515944,-7.008430044227038,0.7461502237069901,0.9993303802855232,Not significant
GENE2499,1,Plasma cells,4q,protein_coding,45,43,7.229661777777777,7.266263953488372,0.03660217571059299,1.0256952700619535,0.3231896958072708,-7.0089055758490435,0.7472559499421574,0.9993303802855232,Not significant
GENE2317,1,Plasma cells,2p,protein_coding,45,43,6.937993111111111,6.901398372093023,-0.03659473901808763,0.9749534622259948,-0.2885908731010023,-7.019511920130839,0.7735179664267994,0.9993303802855232,Not significant
PCOTH167,1,Plasma cells,20q,protein_coding,45,43,8.398895111111111,8.435468837209303,0.03657372609819198,1.025675043787979,0.3227226914198607,-7.009056707597703,0.7476085279174038,0.9993303802855232,Not significant
GENE1962,1,Plasma cells,10q,protein_coding,45,43,8.940042,8.903797906976743,-0.03624409302325304,0.9751904527646726,-0.32858656859346885,-7.007143221860784,0.7431853447612221,0.9993303802855232,Not significant
PCOTH029,1,Plasma cells,9p,protein_coding,45,43,6.859301333333334,6.823149302325581,-0.036152031007754104,0.9752526841168113,-0.3274469289456039,-7.007517797623409,0.7440443182062981,0.9993303802855232,Not significant
GEP1Q96,1,Plasma cells,1q,protein_coding,45,43,6.856039333333333,6.892129767441861,0.03609043410852575,1.0253315079055425,0.16297196122677066,-7.047947339154378,0.8708837863638368,0.9993303802855232,Not significant
GENE2693,1,Plasma cells,9p,protein_coding,45,43,8.895477777777778,8.931477441860466,0.03599966408268962,1.0252669991652579,0.31402901530131827,-7.011830334363428,0.7541817799403379,0.9993303802855232,Not significant
GENE3462,1,Plasma cells,10q,protein_coding,45,43,8.166234888888889,8.202217441860466,0.03598255297157671,1.0252548390392375,0.33061928727401546,-7.006471886254889,0.7416540429107406,0.9993303802855232,Not significant
GENE3281,1,Plasma cells,9p,protein_coding,45,43,8.878727777777778,8.84275,-0.035977777777778996,0.9753704853075307,-0.3272462400554234,-7.007583625410028,0.7441956157226061,0.9993303802855232,Not significant
GENE1395,1,Plasma cells,4q,protein_coding,45,43,7.622290222222222,7.586822325581395,-0.03546789664082972,0.9757152642738859,-0.28023638245231786,-7.021893516782122,0.7799003728944014,0.9993303802855232,Not significant
GENE2400,1,Plasma cells,21q,protein_coding,45,43,9.06042688888889,9.025067441860465,-0.035359447028422863,0.9757886130527368,-0.3241524441661037,-7.008593323517289,0.7465292658071468,0.9993303802855232,Not significant
PCOTH211,1,Plasma cells,12p,protein_coding,45,43,7.805529555555555,7.7703139534883725,-0.03521560206718366,0.975885909618496,-0.3325759833107525,-7.00582175638826,0.7401809917050448,0.9993303802855232,Not significant
GENE1854,1,Plasma cells,10q,protein_coding,45,43,7.309608666666667,7.274483488372093,-0.03512517829457362,0.9759470771199795,-0.30921756918556204,-7.013332886126086,0.7578275204466219,0.9993303802855232,Not significant
PCOTH063,1,Plasma cells,4q,protein_coding,45,43,6.892943333333333,6.9280055813953485,0.03506224806201175,1.024601030610117,0.30136060991518476,-7.015736736712244,0.7637926589428805,0.9993303802855232,Not significant
GENE2585,1,Plasma cells,9p,protein_coding,45,43,7.4974124444444445,7.532456744186047,0.03504429974160317,1.024588283804538,0.31170207697903285,-7.012559897694987,0.755944264205171,0.9993303802855232,Not significant
PCOTH207,1,Plasma cells,4q,protein_coding,45,43,7.9218837777777775,7.886843720930233,-0.035040056847543966,0.9760046613466362,-0.2919724779459494,-7.018528078960964,0.77093898023859,0.9993303802855232,Not significant
PCOTH050,1,Plasma cells,3q,protein_coding,45,43,5.855089333333334,5.82020511627907,-0.034884217054259814,0.9761100949799318,-0.30127242925426045,-7.015763365355472,0.7638596888520536,0.9993303802855232,Not significant
GENE2196,1,Plasma cells,21q,protein_coding,45,43,8.984644666666666,8.949867441860466,-0.03477722480620038,0.9761824873311341,-0.3300004197656651,-7.006676713833253,0.7421201428319256,0.9993303802855232,Not significant
GENE1694,1,Plasma cells,3q,protein_coding,45,43,6.237538222222223,6.272240930232558,0.03470270801033504,1.0243457173266635,0.3063091847899361,-7.014229909109808,0.7600339304592234,0.9993303802855232,Not significant
GENE1595,1,Plasma cells,20q,protein_coding,45,43,8.989780666666666,9.024373023255814,0.03459235658914572,1.024267368348205,0.30608473352761306,-7.014298784194871,0.7602042903729955,0.9993303802855232,Not significant
PCOTH180,1,Plasma cells,21q,protein_coding,45,43,7.969304666666667,8.003886976744186,0.03458231007751866,1.0242602356708863,0.27900983233880616,-7.022237287270519,0.7808386763012707,0.9993303802855232,Not significant
GENE1761,1,Plasma cells,18q,protein_coding,45,43,7.200148,7.165711860465116,-0.03443613953488267,0.9764133059185474,-0.29772137187709113,-7.016829243952605,0.7665604887636867,0.9993303802855232,Not significant
GENE2563,1,Plasma cells,12p,protein_coding,45,43,9.67749,9.711692093023256,0.03420209302325539,1.0239903311621945,0.28523609467699823,-7.02047665101766,0.7760790054489204,0.9993303802855232,Not significant
PCOTH166,1,Plasma cells,19q,protein_coding,45,43,7.445317111111111,7.411188372093023,-0.034128739018085774,0.9766213761798681,-0.36281798062845444,-6.995286968174516,0.717540089771412,0.9993303802855232,Not significant
PCOTH178,1,Plasma cells,19q,protein_coding,45,43,5.469694666666666,5.503737441860465,0.03404277519379928,1.0238772574322481,0.30648148857984303,-7.014177001803643,0.7599031588248087,0.9993303802855232,Not significant
PCADV068,1,Plasma cells,8q,protein_coding,45,43,7.337361555555556,7.371388837209302,0.0340272816537448,1.0238662617625687,0.14273950974196228,-7.051048970703073,0.8867956864611786,0.9993303802855232,Not significant
GENE2438,1,Plasma cells,3q,protein_coding,45,43,9.094178444444445,9.060397209302325,-0.03378123514212206,0.9768566446050414,-0.30158714609774134,-7.015668292050778,0.7636204673015321,0.9993303802855232,Not significant
GENE3116,1,Plasma cells,15q,protein_coding,45,43,7.891772,7.858090930232558,-0.03368106976744034,0.9769244694785293,-0.3545468560251675,-6.998259008163901,0.7237083252192322,0.9993303802855232,Not significant
GENE3717,1,Plasma cells,18q,protein_coding,45,43,8.891621777777777,8.925236976744186,0.033615198966408855,1.023573852557983,0.3080356442788502,-7.013698443590049,0.7587239326979165,0.9993303802855232,Not significant
GENE1402,1,Plasma cells,19q,protein_coding,45,43,8.95620488888889,8.989783953488372,0.03357906459948801,1.0235482160035285,0.2888858384190106,-7.01942655863103,0.7732929090757407,0.9993303802855232,Not significant
GENE3621,1,Plasma cells,18q,protein_coding,45,43,7.152082888888889,7.185492790697674,0.03340990180879011,1.0234282071887655,0.3006456622399276,-7.015952411255187,0.7643361731591388,0.9993303802855232,Not significant
GENE2579,1,Plasma cells,20q,protein_coding,45,43,9.730935777777777,9.764336279069768,0.03340050129198957,1.023421538611943,0.28074826613296744,-7.021749603697445,0.7795088811896641,0.9993303802855232,Not significant
GENE1510,1,Plasma cells,19q,protein_coding,45,43,7.919884888888889,7.953225813953488,0.033340925064600846,1.023379277195861,0.3127779055515958,-7.012223266952451,0.7551292423920004,0.9993303802855232,Not significant
GENE3380,1,Plasma cells,15q,protein_coding,45,43,8.593515777777778,8.560263953488372,-0.0332518242894011,0.9772151773471002,-0.2977414900231936,-7.016823240858014,0.7665451795099814,0.9993303802855232,Not significant
GEP1Q46,1,Plasma cells,1q,protein_coding,45,43,8.565804222222223,8.599037906976744,0.03323368475452071,1.0233032088452683,0.19964108863640032,-7.041280353727062,0.842184422182328,0.9993303802855232,Not significant
GENE3673,1,Plasma cells,2p,protein_coding,45,43,7.704039333333333,7.670819069767441,-0.03322026356589003,0.977236555361511,-0.3017415345470175,-7.015621616379693,0.7635031224304356,0.9993303802855232,Not significant
GENE1660,1,Plasma cells,7q,protein_coding,45,43,7.1822246666666665,7.215352325581395,0.03312765891473202,1.0232280075086655,0.3048522953343883,-7.014676072075419,0.7611399290181354,0.9993303802855232,Not significant
GENE3366,1,Plasma cells,10q,protein_coding,45,43,8.564209333333334,8.59733023255814,0.03312089922480155,1.02322321322598,0.3106971545988118,-7.012873296043562,0.7567058184597865,0.9993303802855232,Not significant
PCOTH107,1,Plasma cells,20q,protein_coding,45,43,7.675645777777778,7.64275976744186,-0.03288601033592009,0.9774629942888834,-0.2951531075739952,-7.017592268518106,0.7685156124411003,0.9993303802855232,Not significant
PCOTH204,1,Plasma cells,21q,protein_coding,45,43,7.604198888888889,7.637012093023256,0.03281320413437161,1.023005005511746,0.27770734819503357,-7.022600691961131,0.7818354237338689,0.9993303802855232,Not significant
GENE2465,1,Plasma cells,9p,protein_coding,45,43,6.904829333333334,6.872101395348837,-0.03272793798449758,0.9775700982398144,-0.30202540227912344,-7.015535733510253,0.7632873796142505,0.9993303802855232,Not significant
PCOTH224,1,Plasma cells,15q,protein_coding,45,43,9.975191333333333,10.007850930232559,0.03265959689922582,1.0228960894895165,0.3129071138121646,-7.012182759353724,0.7550313759263818,0.9993303802855232,Not significant
GENE2358,1,Plasma cells,10q,protein_coding,45,43,7.6308533333333335,7.663455581395349,0.03260224806202228,1.0228554289661729,0.31182169297080475,-7.0125225266019156,0.7558536323613271,0.9993303802855232,Not significant
GENE3663,1,Plasma cells,4q,protein_coding,45,43,6.742074888888889,6.774591627906977,0.03251673901808694,1.0227948057607175,0.3048021731240011,-7.0146913839026706,0.7611779881634877,0.9993303802855232,Not significant
GENE1162,1,Plasma cells,19q,protein_coding,45,43,9.572089555555555,9.604600930232559,0.03251137467700538,1.0227910027324691,0.282415110957906,-7.021279163091734,0.7782344623825148,0.9993303802855232,Not significant
GENE2403,1,Plasma cells,4q,protein_coding,45,43,7.810108,7.842540697674418,0.03243269767442136,1.0227352266093697,0.32913171811253644,-7.00696358347875,0.7427745673421993,0.9993303802855232,Not significant
PCOTH168,1,Plasma cells,21q,protein_coding,45,43,7.43369,7.465993953488372,0.032303953488370674,1.0226439631505955,0.2871891001487749,-7.019916396420344,0.7745877776149928,0.9993303802855232,Not significant
GENE3888,1,Plasma cells,21q,protein_coding,45,43,7.314898222222222,7.347200697674419,0.03230247545219722,1.0226429154558623,0.26127937914715005,-7.027038487191061,0.7944379277697629,0.9993303802855232,Not significant
PCOTH137,1,Plasma cells,9p,protein_coding,45,43,6.6447608888888885,6.612698837209303,-0.03206205167958931,0.9780214069160258,-0.26952445609244163,-7.024844953584854,0.7881057817683554,0.9993303802855232,Not significant
GENE2857,1,Plasma cells,2p,protein_coding,45,43,8.857424,8.825441162790698,-0.03198283720930739,0.9780751088921501,-0.2798341825973038,-7.022006408959195,0.7802080175366013,0.9993303802855232,Not significant
PCADV040,1,Plasma cells,8q,protein_coding,45,43,8.094881777777777,8.062956744186046,-0.03192503359172605,0.9781142976399977,-0.19139180767600797,-7.042897658646064,0.8486236812952189,0.9993303802855232,Not significant
GENE2413,1,Plasma cells,2p,protein_coding,45,43,8.051253333333333,8.019362325581396,-0.031891007751935874,0.9781373666545257,-0.2982268208108885,-7.016678299318056,0.7661758866607683,0.9993303802855232,Not significant
GENE3550,1,Plasma cells,19q,protein_coding,45,43,10.240014,10.271793023255814,0.03177902325581172,1.0222719378308986,0.2787365709624701,-7.022313670353433,0.7810477638117617,0.9993303802855232,Not significant
GENE1464,1,Plasma cells,21q,protein_coding,45,43,9.539261333333334,9.57098441860465,0.03172308527131307,1.022232301787519,0.2905853290982178,-7.018933038819045,0.7719965821982488,0.9993303802855232,Not significant
GENE2328,1,Plasma cells,21q,protein_coding,45,43,8.316674222222222,8.284996976744186,-0.03167724547803452,0.9782823067511762,-0.273180627111949,-7.0238504842215566,0.7853023928734784,0.9993303802855232,Not significant
GENE2309,1,Plasma cells,9p,protein_coding,45,43,8.923486222222222,8.955123720930233,0.031637498708009915,1.022171660590269,0.25686130034386423,-7.028185879361422,0.7978366727386182,0.9993303802855232,Not significant
GENE3202,1,Plasma cells,19q,protein_coding,45,43,6.743330444444444,6.711724651162791,-0.031605793281652694,0.9783307592297121,-0.27031022966951923,-7.024632353818813,0.7875030490045234,0.9993303802855232,Not significant
GENE1772,1,Plasma cells,15q,protein_coding,45,43,8.536493777777778,8.504914186046511,-0.03157959173126734,0.9783485273752528,-0.28886331056722503,-7.019433081149888,0.7733100970534186,0.9993303802855232,Not significant
GENE3066,1,Plasma cells,10q,protein_coding,45,43,7.283649111111111,7.252123720930233,-0.031525390180878965,0.9783852842792661,-0.29406125216983986,-7.017914656942145,0.7693472552749486,0.9993303802855232,Not significant
GENE1009,1,Plasma cells,2p,protein_coding,45,43,7.417698666666666,7.44919023255814,0.03149156589147584,1.0220682701709296,0.2996447918555245,-7.016253479700445,0.7650972482919504,0.9993303802855232,Not significant
GENE1319,1,Plasma cells,20q,protein_coding,45,43,8.348317777777778,8.379782325581395,0.03146454780361729,1.0220491295549532,0.2969907741606869,-7.017046974159521,0.7671165124970551,0.9993303802855232,Not significant
GENE3013,1,Plasma cells,2p,protein_coding,45,43,8.209972222222222,8.17854,-0.03143222222221986,0.978448469568274,-0.27403845451728714,-7.0236152196296064,0.7846450570345638,0.9993303802855232,Not significant
GENE2554,1,Plasma cells,19q,protein_coding,45,43,8.589226222222223,8.557867209302326,-0.03135901291989285,0.9784981220209997,-0.31856145034091743,-7.010393738004671,0.7507525330844157,0.9993303802855232,Not significant
PCOTH145,1,Plasma cells,2p,protein_coding,45,43,7.019713333333334,7.0510581395348835,0.03134480620154978,1.0219643044754454,0.26311489576201896,-7.026556051336318,0.793027059891388,0.9993303802855232,Not significant
GENE1052,1,Plasma cells,15q,protein_coding,45,43,7.589348222222222,7.558067906976744,-0.031280315245477475,0.9785514996405025,-0.28989421767100515,-7.01913408120857,0.7725236660955468,0.9993303802855232,Not significant
GENE1950,1,Plasma cells,10q,protein_coding,45,43,7.811364444444444,7.842608604651163,0.03124416020671905,1.0218930121901688,0.28034464172402307,-7.021863102187565,0.7798175708238513,0.9993303802855232,Not significant
GENE1275,1,Plasma cells,4q,protein_coding,45,43,6.768118888888889,6.799270465116279,0.03115157622739062,1.0218274350008778,0.31127471220650293,-7.012693300482648,0.7562681020866702,0.9993303802855232,Not significant
GEP1Q64,1,Plasma cells,1q,protein_coding,45,43,6.362332888888889,6.393405813953488,0.03107292506459647,1.0217717297249895,0.20333553290357415,-7.040533938088943,0.8393040414583286,0.9993303802855232,Not significant
GENE2205,1,Plasma cells,18q,protein_coding,45,43,9.034372888888889,9.003396976744186,-0.030975912144707962,0.9787579920243159,-0.2662640184232462,-7.0257204992410545,0.7906080949558538,0.9993303802855232,Not significant
PCADV048,1,Plasma cells,8q,protein_coding,45,43,6.628081777777778,6.597247674418605,-0.03083410335917236,0.9788542031430398,-0.22441882781589984,-7.0360126652879025,0.8229093524217762,0.9993303802855232,Not significant
PCFAV018,1,Plasma cells,11q,protein_coding,45,43,7.687306444444444,7.718062558139535,0.030756113695090903,1.0215473764474725,0.11252189128440707,-7.0549171542036175,0.9106450477447726,0.9993303802855232,Not significant
PCOTH025,1,Plasma cells,2p,protein_coding,45,43,8.595722888888888,8.62644976744186,0.03072687855297218,1.0215266757593227,0.2805494833464065,-7.021805521448455,0.7796609047149776,0.9993303802855232,Not significant
PCOTH170,1,Plasma cells,3q,protein_coding,45,43,8.282610666666667,8.31306511627907,0.030454449612404844,1.0213337956645938,0.2894086931689779,-7.019275033149482,0.7728940205903339,0.9993303802855232,Not significant
GENE1155,1,Plasma cells,4q,protein_coding,45,43,7.631342888888889,7.661620697674419,0.03027780878552644,1.0212087531593927,0.2567579347122064,-7.0282124898911364,0.7979162368708987,0.9993303802855232,Not significant
GENE3337,1,Plasma cells,2p,protein_coding,45,43,7.420124444444444,7.389851860465116,-0.03027258397932986,0.9792352625968522,-0.24494178913578502,-7.031183946672147,0.8070253901773833,0.9993303802855232,Not significant
GENE2136,1,Plasma cells,21q,protein_coding,45,43,7.1985777777777775,7.1683944186046515,-0.030183359173124202,0.9792958261781481,-0.27597449128933726,-7.0230815426945314,0.7831620851293711,0.9993303802855232,Not significant
GENE3561,1,Plasma cells,18q,protein_coding,45,43,7.541365555555555,7.571214418604651,0.029848863049092955,1.020905169924773,0.28426576586510927,-7.020753588100419,0.7768202175044057,0.9993303802855232,Not significant
GENE3273,1,Plasma cells,18q,protein_coding,45,43,7.428724444444445,7.399303023255814,-0.029421421188629004,0.9798131633415395,-0.2365350938164014,-7.033212905483231,0.8135224759559838,0.9993303802855232,Not significant
GENE2026,1,Plasma cells,19q,protein_coding,45,43,8.792276666666666,8.82158511627907,0.029308449612406307,1.0205228247048344,0.2893302431358491,-7.019297785736098,0.7729538666274072,0.9993303802855232,Not significant
GENE2124,1,Plasma cells,21q,protein_coding,45,43,9.287065555555555,9.257847674418604,-0.029217881136951007,0.9799514082825068,-0.25282746780475635,-7.029216416327651,0.8009432290463157,0.9993303802855232,Not significant
GENE2628,1,Plasma cells,21q,protein_coding,45,43,7.475744,7.504882093023256,0.029138093023258094,1.020402326249802,0.24820328983537962,-7.0303777300312635,0.8045083601911462,0.9993303802855232,Not significant
GENE3354,1,Plasma cells,10q,protein_coding,45,43,7.207744666666667,7.178656511627907,-0.029088155038757613,0.9800395287686042,-0.253681535403046,-7.028999584132966,0.8002852213054442,0.9993303802855232,Not significant
GENE2903,1,Plasma cells,20q,protein_coding,45,43,9.032650444444444,9.003689302325581,-0.02896114211886136,0.9801258139211962,-0.25749553599703506,-7.02802236707915,0.7973485261597739,0.9993303802855232,Not significant
GENE2668,1,Plasma cells,7q,protein_coding,45,43,9.156712666666667,9.127919302325582,-0.02879336434108204,0.9802398039805345,-0.2527373524023158,-7.02923925239491,0.8010126659229941,0.9993303802855232,Not significant
PCOTH134,1,Plasma cells,3q,protein_coding,45,43,7.622662222222222,7.651076744186047,0.02841452196382921,1.0198906807184147,0.23482915773468718,-7.0336159963422045,0.8148425109735492,0.9993303802855232,Not significant
GENE3529,1,Plasma cells,2p,protein_coding,45,43,8.421158,8.392807906976744,-0.028350093023252754,0.9805410311537391,-0.25840686215910946,-7.027786713098703,0.7966472547323536,0.9993303802855232,Not significant
GENE3051,1,Plasma cells,4q,protein_coding,45,43,8.371518,8.399788837209302,0.02827083720930368,1.0197891100879266,0.2866469549413387,-7.020072303143274,0.7750016510858759,0.9993303802855232,Not significant
GENE1333,1,Plasma cells,2p,protein_coding,45,43,8.971087777777777,8.99922023255814,0.028132454780365634,1.0196912972292418,0.266792860435293,-7.025579208933175,0.7902020707548062,0.9993303802855232,Not significant
PCADV052,1,Plasma cells,8q,protein_coding,45,43,9.428629333333333,9.400531860465117,-0.028097472868218176,0.9807127418122222,-0.10780628057684287,-7.055438216489346,0.9143748144578073,0.9993303802855232,Not significant
GENE3602,1,Plasma cells,3q,protein_coding,45,43,8.298296444444444,8.326391162790697,0.02809471834625299,1.0196646256118074,0.256237208446001,-7.028346383407083,0.7983170904527873,0.9993303802855232,Not significant
GENE2352,1,Plasma cells,21q,protein_coding,45,43,8.327927333333333,8.355729302325582,0.027801968992248405,1.0194577378996827,0.24346767434280497,-7.031544841173562,0.8081636913311736,0.9993303802855232,Not significant
GENE2452,1,Plasma cells,7q,protein_coding,45,43,9.997583777777777,10.025361860465116,0.02777808268733395,1.0194408591580923,0.27993177025702226,-7.021979032267718,0.7801333690430018,0.9993303802855232,Not significant
PCOTH058,1,Plasma cells,19q,protein_coding,45,43,8.064088666666667,8.03632511627907,-0.027763550387597036,0.9809397613307195,-0.24544609577047355,-7.031059982239296,0.8066360632606357,0.9993303802855232,Not significant
GENE1177,1,Plasma cells,2p,protein_coding,45,43,8.426754,8.454443023255815,0.027689023255819123,1.0193779296972245,0.2701041547951621,-7.0246881694456125,0.7876611075963024,0.9993303802855232,Not significant
GENE1479,1,Plasma cells,4q,protein_coding,45,43,8.468200444444445,8.495820930232558,0.027620485788112603,1.0193295037163714,0.24929311114007063,-7.030105961036054,0.8036677588687187,0.9993303802855232,Not significant
GENE1553,1,Plasma cells,9p,protein_coding,45,43,7.839385777777777,7.811821627906976,-0.027564149870801913,0.981075350216621,-0.22047345150138142,-7.036892608227957,0.8259716025297585,0.9993303802855232,Not significant
GENE1419,1,Plasma cells,4q,protein_coding,45,43,9.73969511111111,9.712142558139535,-0.027552552971576105,0.9810832364832088,-0.25279784010389156,-7.029223925155126,0.800966057986471,0.9993303802855232,Not significant
GENE2327,1,Plasma cells,20q,protein_coding,45,43,9.093368444444444,9.120884186046512,0.027515741602067934,1.0192554998830112,0.2677771898493348,-7.025315481010796,0.7894464952449766,0.9993303802855232,Not significant
PCFAV037,1,Plasma cells,6p,protein_coding,45,43,7.119539111111111,7.092384418604651,-0.027154692506456968,0.9813538328664019,-0.15670609376110178,-7.048951757060418,0.8758062480655375,0.9993303802855232,Not significant
GENE3681,1,Plasma cells,18q,protein_coding,45,43,6.755307111111111,6.728226976744186,-0.027080134366922692,0.9814045503116086,-0.23854859201776307,-7.032733391917332,0.8119651449208066,0.9993303802855232,Not significant
PCADV044,1,Plasma cells,8q,protein_coding,45,43,7.015440222222222,6.988402558139535,-0.027037664082683932,0.9814334414788537,-0.09032054985380542,-7.057175693319314,0.928221056602668,0.9993303802855232,Not significant
PCOTH080,1,Plasma cells,15q,protein_coding,45,43,5.606609333333333,5.633583720930233,0.02697438759689863,1.0188731082337585,0.2644513298274841,-7.026202669654745,0.7920002437459986,0.9993303802855232,Not significant
PCOTH118,1,Plasma cells,19q,protein_coding,45,43,8.442335777777778,8.41557976744186,-0.026756010335919456,0.9816250629807901,-0.25521274796039556,-7.028609008954369,0.7991058747458549,0.9993303802855232,Not significant
PCOTH197,1,Plasma cells,9p,protein_coding,45,43,8.016248222222222,7.9897125581395345,-0.02653566408268926,0.9817750003668794,-0.26184470777948965,-7.026890259093097,0.7940033154907029,0.9993303802855232,Not significant
GENE3570,1,Plasma cells,10q,protein_coding,45,43,11.475892,11.449481395348837,-0.026410604651166736,0.9818601088213201,-0.22886028665965738,-7.035003426434934,0.8194653391792792,0.9993303802855232,Not significant
GENE3297,1,Plasma cells,18q,protein_coding,45,43,7.249736222222222,7.223386744186047,-0.02634947803617571,0.9819017108609979,-0.20835910542272032,-7.039497050851173,0.8353909154554657,0.9993303802855232,Not significant
PCFAV055,1,Plasma cells,5q,protein_coding,45,43,6.527358222222222,6.501116744186047,-0.026241478036174826,0.9819752186718245,-0.14552176955190815,-7.050646785357821,0.8846046641297434,0.9993303802855232,Not significant
GENE1310,1,Plasma cells,3q,protein_coding,45,43,8.27727488888889,8.251067906976743,-0.02620698191214288,0.9819986988550687,-0.23902747618362027,-7.032618748304436,0.8115948650792215,0.9993303802855232,Not significant
GENE1198,1,Plasma cells,19q,protein_coding,45,43,8.822898888888888,8.848937674418604,0.026038785529712172,1.0182125731055147,0.2171423195919022,-7.037623416300929,0.8285591969158186,0.9993303802855232,Not significant
GENE3114,1,Plasma cells,10q,protein_coding,45,43,8.587102444444444,8.561249302325582,-0.025853142118862138,0.98223957639401,-0.2316561541095367,-7.03435798506764,0.8172991649610931,0.9993303802855232,Not significant
GENE1171,1,Plasma cells,12p,protein_coding,45,43,8.062417111111111,8.03658511627907,-0.025831994832042682,0.9822539743462433,-0.24637006759591887,-7.030832198557329,0.8059228793064204,0.9993303802855232,Not significant
GENE1878,1,Plasma cells,10q,protein_coding,45,43,7.636573555555556,7.610794418604651,-0.02577913695090217,0.9822899631127486,-0.2567631481446606,-7.0282111479971,0.797912223859018,0.9993303802855232,Not significant
PCOTH172,1,Plasma cells,7q,protein_coding,45,43,5.513543555555556,5.487786976744186,-0.02575657881136806,0.9823053224275456,-0.2327130385692558,-7.034111958541967,0.8164806830622864,0.9993303802855232,Not significant
PCOTH103,1,Plasma cells,12p,protein_coding,45,43,8.29273688888889,8.31836976744186,0.02563287855297247,1.0179261359588059,0.20936901466236307,-7.039285549075865,0.8346047398842781,0.9993303802855232,Not significant
PCOTH113,1,Plasma cells,9p,protein_coding,45,43,6.459264888888889,6.484810930232558,0.025546041343663006,1.0178648678444628,0.22588259495005839,-7.035682234115734,0.8217739260530953,0.9993303802855232,Not significant
GENE1604,1,Plasma cells,15q,protein_coding,45,43,7.104098444444444,7.078556744186047,-0.02554170025840019,0.9824516402980373,-0.20108184613137314,-7.040990893481963,0.8410608753486081,0.9993303802855232,Not significant
PCOTH072,1,Plasma cells,21q,protein_coding,45,43,6.675305333333333,6.700559069767442,0.02525373643410589,1.0176586588046244,0.21467554473352501,-7.0381574324811735,0.8304765864130472,0.9993303802855232,Not significant
GENE2895,1,Plasma cells,4q,protein_coding,45,43,8.575736222222222,8.600913720930233,0.025177498708011115,1.0176048831070565,0.2624203393034895,-7.026739000886306,0.7935608493164128,0.9993303802855232,Not significant
PCOTH153,1,Plasma cells,18q,protein_coding,45,43,7.094187111111111,7.119354186046512,0.025167074935400713,1.0175975307260694,0.19630313274207112,-7.041942986291519,0.8447887129455439,0.9993303802855232,Not significant
PCFAV025,1,Plasma cells,6p,protein_coding,45,43,9.31310888888889,9.288013255813954,-0.025095633074933232,0.9827554516929008,-0.07115270159993708,-7.058728011951677,0.9434245469060405,0.9993303802855232,Not significant
GENE2034,1,Plasma cells,10q,protein_coding,45,43,9.046733777777778,9.021935581395349,-0.02479819638242553,0.9829580847213811,-0.2240221051595178,-7.036101851939815,0.8232171503511967,0.9993303802855232,Not significant
GENE2343,1,Plasma cells,4q,protein_coding,45,43,8.159744666666667,8.184537674418605,0.024793007751940266,1.0173337185637208,0.21660376101346127,-7.0377405254731755,0.8289777228496682,0.9993303802855232,Not significant
GENE2988,1,Plasma cells,21q,protein_coding,45,43,7.294650666666667,7.270156279069767,-0.02449438759690281,0.9831651019628624,-0.22661714602387173,-7.035515607731378,0.8212042864133412,0.9993303802855232,Not significant
GENE2419,1,Plasma cells,12p,protein_coding,45,43,7.253850666666667,7.229403720930232,-0.024446945736430692,0.9831974330842612,-0.23851650201138208,-7.032741065971002,0.8119899588843946,0.9993303802855232,Not significant
GENE3507,1,Plasma cells,4q,protein_coding,45,43,10.031071333333333,10.055296279069767,0.02422494573643874,1.0169332216705953,0.19147864351057353,-7.042880989220449,0.8485558443389044,0.9993303802855232,Not significant
PCOTH169,1,Plasma cells,2p,protein_coding,45,43,7.721955777777778,7.746066511627907,0.02411073385012852,1.0168527186807415,0.2344128604832517,-7.0337139196939455,0.8151647185308585,0.9993303802855232,Not significant
GENE1435,1,Plasma cells,12p,protein_coding,45,43,7.526493777777778,7.550517441860465,0.024023664082690743,1.016791351270738,0.23683654281333888,-7.033141373960932,0.8132892737669639,0.9993303802855232,Not significant
GENE1301,1,Plasma cells,9p,protein_coding,45,43,9.023635111111112,8.999665581395348,-0.023969529715769156,0.983522846194554,-0.21874403501165257,-7.037273407548984,0.8273147605398558,0.9993303802855232,Not significant
GENE2942,1,Plasma cells,3q,protein_coding,45,43,8.060937333333333,8.08479534883721,0.023858015503877894,1.0166746111639156,0.21192530963332123,-7.038745626964036,0.8326155143941162,0.9993303802855232,Not significant
GENE1432,1,Plasma cells,7q,protein_coding,45,43,9.157659333333333,9.133923488372092,-0.02373584496124259,0.983682168091016,-0.20809421396432612,-7.039552357004936,0.8355971509800991,0.9993303802855232,Not significant
GENE1810,1,Plasma cells,19q,protein_coding,45,43,7.9327206666666665,7.909151162790698,-0.023569503875969566,0.983795592056662,-0.2055997546217454,-7.0400697224274795,0.8375398138438722,0.9993303802855232,Not significant
GENE1624,1,Plasma cells,7q,protein_coding,45,43,5.705224222222222,5.6816676744186045,-0.023556547803616823,0.9838044270382368,-0.2547563865618064,-7.028725661207859,0.7994573177239344,0.9993303802855232,Not significant
GENE1468,1,Plasma cells,7q,protein_coding,45,43,6.479716666666667,6.503248837209302,0.023532170542639008,1.0164450124741835,0.2000881183494151,-7.04119076424599,0.8418357796799086,0.9993303802855232,Not significant
GENE2863,1,Plasma cells,12p,protein_coding,45,43,11.063512666666666,11.087033023255813,0.023520356589141755,1.0164366890346461,0.21753595115841126,-7.037537637627492,0.82825332826811,0.9993303802855232,Not significant
GENE1519,1,Plasma cells,12p,protein_coding,45,43,9.311182,9.334578372093024,0.023396372093021256,1.0163493407232145,0.2172435217908834,-7.0376013775297,0.8284805559334876,0.9993303802855232,Not significant
GENE3096,1,Plasma cells,21q,protein_coding,45,43,6.712416,6.689227906976744,-0.023188093023250644,0.984055716275534,-0.1867182942591208,-7.0437836626522,0.8522763401637448,0.9993303802855232,Not significant
GENE1375,1,Plasma cells,12p,protein_coding,45,43,5.840354444444444,5.817248837209302,-0.023105607235142323,0.984111981064349,-0.24162819075891548,-7.031992134128769,0.809584706141994,0.9993303802855232,Not significant
GENE2978,1,Plasma cells,3q,protein_coding,45,43,6.416552666666667,6.439645348837209,0.023092682170545054,1.0161354198599681,0.19265630164402497,-7.042654174233468,0.8476359596242445,0.9993303802855232,Not significant
PCOTH071,1,Plasma cells,20q,protein_coding,45,43,5.937137555555555,5.914226046511628,-0.022911509043924916,0.9842443910332236,-0.1962683248681499,-7.041949837346246,0.844815879364354,0.9993303802855232,Not significant
GENE3081,1,Plasma cells,18q,protein_coding,45,43,7.9493773333333335,7.972278372093023,0.02290103875969063,1.0160004483526526,0.20213552285614492,-7.04077788437579,0.8402393939365594,0.9993303802855232,Not significant
PCOTH232,1,Plasma cells,7q,protein_coding,45,43,8.537491555555556,8.56014441860465,0.02265286304909786,1.0158256886564525,0.22090936036202252,-7.036796152973915,0.8256331336722524,0.9993303802855232,Not significant
GENE2107,1,Plasma cells,12p,protein_coding,45,43,9.167656666666666,9.190277906976744,0.02262124031008028,1.0158034228014559,0.21725018557802234,-7.037599925998865,0.8284753777795367,0.9993303802855232,Not significant
GENE3519,1,Plasma cells,4q,protein_coding,45,43,6.701079333333333,6.678467209302325,-0.022612124031010872,0.9844486605343473,-0.18048391918180456,-7.044931502733682,0.8571539160099695,0.9993303802855232,Not significant
PCOTH083,1,Plasma cells,20q,protein_coding,45,43,6.739617777777778,6.717061395348837,-0.022556382428942534,0.984486697544285,-0.18204499933775073,-7.044647740261064,0.8559320489720332,0.9993303802855232,Not significant
GENE1133,1,Plasma cells,9p,protein_coding,45,43,7.938792,7.916240232558139,-0.02255176744186027,0.9844898467896417,-0.18742048657927157,-7.043651938277274,0.8517273230511193,0.9993303802855232,Not significant
PCOTH190,1,Plasma cells,19q,protein_coding,45,43,8.452624444444444,8.430072790697674,-0.022551653746768707,0.9844899243747616,-0.22229661263483907,-7.036487923629227,0.8245561973773714,0.9993303802855232,Not significant
GENE3539,1,Plasma cells,20q,protein_coding,45,43,6.828188,6.805667441860465,-0.02252055813953202,0.9845111441343564,-0.19535620953202007,-7.0421289316261575,0.8455278225773305,0.9993303802855232,Not significant
GENE2645,1,Plasma cells,9p,protein_coding,45,43,6.263638444444444,6.241154651162791,-0.022483793281651288,0.9845362332020153,-0.2033886175705324,-7.040523113351533,0.8392626697230048,0.9993303802855232,Not significant
PCOTH038,1,Plasma cells,3q,protein_coding,45,43,8.075062888888889,8.052819302325581,-0.022243586563304163,0.9847001707632279,-0.20141125081690897,-7.040924421224612,0.8408040415704788,0.9993303802855232,Not significant
GENE2466,1,Plasma cells,10q,protein_coding,45,43,7.917874666666666,7.895640232558139,-0.022234434108526102,0.9847064177191783,-0.19756881585362637,-7.041693043804228,0.843801015860265,0.9993303802855232,Not significant
GENE3016,1,Plasma cells,7q,protein_coding,45,43,8.107100222222222,8.129208139534883,0.02210791731266326,1.0154420557152146,0.21330743025825838,-7.038450979041163,0.831540445530313,0.9993303802855232,Not significant
PCOTH210,1,Plasma cells,10q,protein_coding,45,43,6.245175333333333,6.223071395348837,-0.022103937984494948,0.9847954914173456,-0.18785169358897502,-7.0435708032179685,0.8513902150587185,0.9993303802855232,Not significant
GENE3764,1,Plasma cells,15q,protein_coding,45,43,7.962854222222222,7.98491511627907,0.02206089405684697,1.015408958898469,0.16352565290110635,-7.047856690066465,0.8704490477916716,0.9993303802855232,Not significant
GEP1Q117,1,Plasma cells,1q,protein_coding,45,43,8.48572,8.507718139534884,0.021998139534884942,1.0153647914783677,0.14194369362366666,-7.051162581386531,0.8874225520169883,0.9993303802855232,Not significant
GENE2200,1,Plasma cells,7q,protein_coding,45,43,8.500913111111112,8.522909302325582,0.02199619121446794,1.0153634202567567,0.19524343080537104,-7.04215101787736,0.8456158598856336,0.9993303802855232,Not significant
GENE1922,1,Plasma cells,3q,protein_coding,45,43,6.361528,6.339671860465116,-0.021856139534882857,0.9849646552029712,-0.19104769703998525,-7.042963641488807,0.8488925148965052,0.9993303802855232,Not significant
GENE3838,1,Plasma cells,19q,protein_coding,45,43,8.950966,8.929209534883721,-0.0217564651162796,0.9850327078184463,-0.19830060389706392,-7.0415478007022205,0.8432300664618795,0.9993303802855232,Not significant
GENE3803,1,Plasma cells,20q,protein_coding,45,43,8.247106,8.225457209302325,-0.02164879069767167,0.9851062277094659,-0.18620062112920963,-7.0438804566483775,0.8526811354100037,0.9993303802855232,Not significant
GENE1148,1,Plasma cells,15q,protein_coding,45,43,6.769080222222223,6.790616046511627,0.02153582428940748,1.0150394674116974,0.18061480741096544,-7.044907804562421,0.8570514555902462,0.9993303802855232,Not significant
GENE2910,1,Plasma cells,10q,protein_coding,45,43,9.907981777777778,9.929499069767441,0.021517291989660237,1.0150264286929707,0.19432723230076535,-7.042329971180698,0.8463311350579885,0.9993303802855232,Not significant
PCADV016,1,Plasma cells,8q,protein_coding,45,43,8.00696288888889,7.985644418604651,-0.021318470284234614,0.9853318041078146,-0.10557696271104516,-7.055676787367915,0.9161387440055884,0.9993303802855232,Not significant
GENE3243,1,Plasma cells,4q,protein_coding,45,43,5.568004666666667,5.546803953488372,-0.02120071317829275,0.985412233133933,-0.2140968603579394,-7.038281825462907,0.8309265386165373,0.9993303802855232,Not significant
GENE3634,1,Plasma cells,19q,protein_coding,45,43,8.529005777777778,8.550195581395348,0.021189803617568614,1.014796046236438,0.1802920689123206,-7.044966207457226,0.8573041024513904,0.9993303802855232,Not significant
GENE3385,1,Plasma cells,2p,protein_coding,45,43,9.579074,9.600155348837209,0.021081348837212133,1.0147197616839734,0.1821926666978851,-7.044620771869056,0.855816486931241,0.9993303802855232,Not significant
GENE2654,1,Plasma cells,3q,protein_coding,45,43,8.09704,8.11809418604651,0.02105418604651277,1.0147006569111325,0.17206923751183792,-7.046419004403412,0.8637460555735872,0.9993303802855232,Not significant
GENE2249,1,Plasma cells,9p,protein_coding,45,43,8.085957111111112,8.106976511627908,0.021019400516797404,1.0146761912594695,0.21288506838867072,-7.03854122345244,0.8318689416674129,0.9993303802855232,Not significant
PCOTH146,1,Plasma cells,3q,protein_coding,45,43,6.713452444444444,6.6924830232558135,-0.020969421188631543,0.9855702264869204,-0.19353222477626034,-7.042484571732228,0.8469519008262488,0.9993303802855232,Not significant
PCADV066,1,Plasma cells,17p,protein_coding,45,43,9.148733555555555,9.127841162790698,-0.02089239276485344,0.9856228494915282,-0.12708886444645823,-7.053166715310671,0.8991364289361214,0.9993303802855232,Not significant
PCADV078,1,Plasma cells,17p,protein_coding,45,43,9.76602688888889,9.745293720930233,-0.020733167958658427,0.9857316349681934,-0.1154272622239629,-7.054585017131577,0.9083480625869321,0.9993303802855232,Not significant
PCOTH010,1,Plasma cells,19q,protein_coding,45,43,9.039842,9.019132790697673,-0.020709209302324894,0.9857480050262526,-0.21524326486287185,-7.038035070384301,0.8300352142415601,0.9993303802855232,Not significant
GENE1717,1,Plasma cells,2p,protein_coding,45,43,8.886992,8.90761976744186,0.020627767441865785,1.0144007852907106,0.21483991226905771,-7.038122039152596,0.8303487938121688,0.9993303802855232,Not significant
GENE3903,1,Plasma cells,4q,protein_coding,45,43,6.434323111111111,6.41376488372093,-0.020558227390183426,0.9858511716016394,-0.21285694322625925,-7.038547226500154,0.8318908173517217,0.9993303802855232,Not significant
GENE3738,1,Plasma cells,10q,protein_coding,45,43,6.592464888888889,6.571933255813954,-0.020531633074934774,0.985869344727458,-0.20727301022378908,-7.0397233677297155,0.8362365853321655,0.9993303802855232,Not significant
GENE2582,1,Plasma cells,3q,protein_coding,45,43,4.974048,4.953653953488372,-0.02039404651162613,0.9859633693406484,-0.18284476343142278,-7.044501418565568,0.8553062043692924,0.9993303802855232,Not significant
GENE3440,1,Plasma cells,15q,protein_coding,45,43,6.850716666666667,6.870786744186047,0.020070077519380725,1.0140087330894743,0.20042072418525841,-7.041123976619355,0.8415763978214668,0.9993303802855232,Not significant
GENE2820,1,Plasma cells,21q,protein_coding,45,43,8.983984666666666,8.964041627906976,-0.019943038759690168,0.9862716442176321,-0.15734163556720282,-7.048851673138527,0.8753067410098596,0.9993303802855232,Not significant
GENE2228,1,Plasma cells,15q,protein_coding,45,43,7.839883777777778,7.8201441860465115,-0.019739591731263495,0.9864107368035248,-0.1637858987070181,-7.047813977083879,0.8702447259745898,0.9993303802855232,Not significant
GENE3319,1,Plasma cells,12p,protein_coding,45,43,7.6920108888888885,7.71168465116279,0.019673762273900053,1.013730218284732,0.19301209202387412,-7.042585376267399,0.8473580883434491,0.9993303802855232,Not significant
GENE1221,1,Plasma cells,18q,protein_coding,45,43,8.658487333333333,8.638833488372093,-0.019653844961238676,0.986469365998059,-0.16673765613767594,-7.047324766903977,0.8679278881026744,0.9993303802855232,Not significant
GENE1175,1,Plasma cells,20q,protein_coding,45,43,8.432402222222223,8.45180465116279,0.019402428940567873,1.01353957998117,0.18492097056881096,-7.044118572069263,0.8536819289088069,0.9993303802855232,Not significant
PCADV049,1,Plasma cells,13q,protein_coding,45,43,7.994365111111111,8.013533720930232,0.019168609819120164,1.0133753278528512,0.0592161383585371,-7.059508507876213,0.9529033004033751,0.9993303802855232,Not significant
GENE3541,1,Plasma cells,2p,protein_coding,45,43,8.61246911111111,8.631438604651162,0.01896949354005173,1.0132354745955703,0.16648064254937014,-7.047367710192803,0.8681295728863946,0.9993303802855232,Not significant
GENE3827,1,Plasma cells,20q,protein_coding,45,43,8.788404222222223,8.769504418604651,-0.01889980361757182,0.9869850904491574,-0.17585294780799463,-7.045758920825064,0.8607806407144324,0.9993303802855232,Not significant
GENE1046,1,Plasma cells,3q,protein_coding,45,43,9.359711555555556,9.378586744186046,0.018875188630488537,1.0131692444123783,0.15651742039234626,-7.048981391047389,0.8759545464657372,0.9993303802855232,Not significant
GENE3986,1,Plasma cells,3q,protein_coding,45,43,8.30599088888889,8.287126976744187,-0.018863912144698958,0.9870096450419467,-0.1909484974319533,-7.042982640874464,0.848970017089845,0.9993303802855232,Not significant
GENE2731,1,Plasma cells,12p,protein_coding,45,43,6.554202888888889,6.535345348837209,-0.018857540051678612,0.9870140044741075,-0.18687104827629716,-7.043755049550911,0.8521569014873467,0.9993303802855232,Not significant
GENE3597,1,Plasma cells,18q,protein_coding,45,43,7.918246444444445,7.899485813953488,-0.018760630490954888,0.9870803069867858,-0.1768716026636691,-7.045578761040791,0.8599826269766496,0.9993303802855232,Not significant
GENE3391,1,Plasma cells,12p,protein_coding,45,43,7.3225357777777775,7.341287674418605,0.018751896640827326,1.0130826631800285,0.15604074185213843,-7.049056101616481,0.8763292383553457,0.9993303802855232,Not significant
GENE3476,1,Plasma cells,15q,protein_coding,45,43,7.773002,7.75428488372093,-0.018717116279072243,0.9871100795084669,-0.16755559023141509,-7.047187661217174,0.8672860935879012,0.9993303802855232,Not significant
PCOTH047,1,Plasma cells,20q,protein_coding,45,43,5.7088833333333335,5.69023,-0.01865333333333119,0.9871537215663215,-0.16244164397850508,-7.048033873337608,0.8713002093435003,0.9993303802855232,Not significant
PCOTH156,1,Plasma cells,21q,protein_coding,45,43,5.831552444444444,5.850200465116279,0.018648020671835575,1.0130097225017238,0.17624599906993002,-7.045689528805056,0.8604727073848335,0.9993303802855232,Not significant
PCOTH028,1,Plasma cells,7q,protein_coding,45,43,8.57991111111111,8.561286744186047,-0.018624366925060087,0.9871735418221446,-0.1533858628313337,-7.049468038047163,0.8784166116437634,0.9993303802855232,Not significant
GENE2377,1,Plasma cells,2p,protein_coding,45,43,8.141881333333334,8.123347441860465,-0.01853389147286677,0.9872354521848428,-0.14697803014965438,-7.050433183945982,0.8834582188636991,0.9993303802855232,Not significant
GENE1348,1,Plasma cells,7q,protein_coding,45,43,8.903765333333334,8.922281627906976,0.01851629457364723,1.012917233290438,0.1805237264274716,-7.044924297187792,0.8571227543004846,0.9993303802855232,Not significant
PCOTH013,1,Plasma cells,2p,protein_coding,45,43,7.7403113333333335,7.758478139534883,0.018166806201550756,1.0126718869696112,0.16131566759676574,-7.04821666918763,0.8721844839658046,0.9993303802855232,Not significant
PCOTH240,1,Plasma cells,21q,protein_coding,45,43,7.616494888888889,7.634601860465116,0.01810697157623231,1.0126298880823152,0.14363399073052469,-7.050920516760545,0.8860911883200021,0.9993303802855232,Not significant
GENE3370,1,Plasma cells,19q,protein_coding,45,43,9.595965111111111,9.614061627906977,0.01809651679586821,1.012622549882342,0.16261401988288604,-7.0480057769295685,0.8711648499919871,0.9993303802855232,Not significant
GENE1620,1,Plasma cells,21q,protein_coding,45,43,8.75336711111111,8.77120511627907,0.01783800516795786,1.0124411177400316,0.16519254634690728,-7.047581935222118,0.8691405042175822,0.9993303802855232,Not significant
PCFAV022,1,Plasma cells,11q,protein_coding,45,43,6.001098444444445,5.983266279069768,-0.017832165374679576,0.9877157597832897,-0.07983460761309791,-7.058070556219982,0.9365353272203207,0.9993303802855232,Not significant
GENE0999,1,Plasma cells,4q,protein_coding,45,43,7.2621548888888885,7.244494883720931,-0.017660005167954296,0.9878336332707077,-0.13386981088733252,-7.052279311330143,0.8937863385256188,0.9993303802855232,Not significant
GENE2356,1,Plasma cells,7q,protein_coding,45,43,7.201762444444444,7.21930976744186,0.01754732299741324,1.0122371460572768,0.17625829316571692,-7.045687355822264,0.8604630760066366,0.9993303802855232,Not significant
PCOTH216,1,Plasma cells,21q,protein_coding,45,43,8.071728888888888,8.089172558139534,0.01744366925064078,1.0121644221615538,0.1593432116281819,-7.048533823286656,0.8737339235472653,0.9993303802855232,Not significant
PCOTH014,1,Plasma cells,3q,protein_coding,45,43,9.103409555555556,9.085971627906977,-0.017437927648579432,0.9879857045830714,-0.1658169582818685,-7.0474782961042255,0.8686504222838081,0.9993303802855232,Not significant
PCOTH221,1,Plasma cells,9p,protein_coding,45,43,7.043714444444444,7.026385348837209,-0.017329095607237832,0.9880602376990406,-0.14484477052654207,-7.050745362331468,0.8851377172496395,0.9993303802855232,Not significant
GENE2024,1,Plasma cells,15q,protein_coding,45,43,7.816930666666667,7.8341809302325585,0.017250263565891544,1.012028741905755,0.15568376036289147,-7.049111902725479,0.8766098611409966,0.9993303802855232,Not significant
GENE3885,1,Plasma cells,18q,protein_coding,45,43,9.334030888888888,9.351163720930233,0.017132832041342638,1.011946368820649,0.15088402259882183,-7.04984976248978,0.8803844459249639,0.9993303802855232,Not significant
GENE2410,1,Plasma cells,19q,protein_coding,45,43,10.202896888888889,10.185907674418605,-0.01698921447028745,0.9882930399118662,-0.14816306989878125,-7.0502577957802695,0.8825254757824544,0.9993303802855232,Not significant
GENE2706,1,Plasma cells,10q,protein_coding,45,43,8.733338444444444,8.750254418604651,0.016915974160207625,1.011794270111753,0.13964878835562658,-7.051486646595217,0.8892306515783033,0.9993303802855232,Not significant
GENE1542,1,Plasma cells,10q,protein_coding,45,43,7.824571333333333,7.841469534883721,0.0168982015503909,1.0117818058601222,0.1655466430656203,-7.047523210656569,0.8688625781938664,0.9993303802855232,Not significant
GENE1547,1,Plasma cells,20q,protein_coding,45,43,7.716158888888889,7.732965813953489,0.016806925064596356,1.0117177944345523,0.1509257272692459,-7.04984345072081,0.8803516367337995,0.9993303802855232,Not significant
GENE1331,1,Plasma cells,20q,protein_coding,45,43,7.684298222222222,7.701032093023255,0.016733870801036055,1.0116665650166718,0.13787771937835866,-7.051733130822117,0.8906264341405026,0.9993303802855232,Not significant
GENE1789,1,Plasma cells,2p,protein_coding,45,43,7.921500222222222,7.90481,-0.016690222222218942,0.9884978805546927,-0.1541172099830318,-7.049355265806356,0.8778415106024537,0.9993303802855232,Not significant
GENE2777,1,Plasma cells,9p,protein_coding,45,43,7.2124442222222225,7.195898604651163,-0.016545617571062543,0.9885969649426243,-0.13762273593972266,-7.05176835856056,0.8908274154955648,0.9993303802855232,Not significant
GENE3914,1,Plasma cells,3q,protein_coding,45,43,8.677057333333334,8.660576279069767,-0.016481054263564943,0.9886412074999507,-0.14225008958580335,-7.051118915475367,0.8871811949648961,0.9993303802855232,Not significant
GENE3676,1,Plasma cells,7q,protein_coding,45,43,8.276987555555555,8.29334953488372,0.016361979328166854,1.01140581574468,0.1524647079306025,-7.049609315317231,0.87914106232489,0.9993303802855232,Not significant
GENE3332,1,Plasma cells,15q,protein_coding,45,43,7.044363111111111,7.060556279069767,0.01619316795865622,1.011287476936141,0.13852023886194634,-7.051644073212291,0.8901200233783917,0.9993303802855232,Not significant
PCOTH217,1,Plasma cells,2p,protein_coding,45,43,6.248905333333333,6.265028372093023,0.016123038759691788,1.0112383195917447,0.13813004329148038,-7.05169820634946,0.8904275560856898,0.9993303802855232,Not significant
GENE3749,1,Plasma cells,9p,protein_coding,45,43,7.891914222222223,7.875797209302325,-0.01611701291988954,0.9888907069960641,-0.13332095962963078,-7.052352852702661,0.8942191968512041,0.9993303802855232,Not significant
GENE1740,1,Plasma cells,21q,protein_coding,45,43,8.152142666666666,8.168228837209302,0.016086170542635614,1.0112124776248494,0.14473012014693815,-7.050762010934205,0.8852279954991066,0.9993303802855232,Not significant
PCOTH096,1,Plasma cells,21q,protein_coding,45,43,8.107748666666666,8.12381976744186,0.016071100775196356,1.0112019149925195,0.1463365199321762,-7.050527541372831,0.8839632191909834,0.9993303802855232,Not significant
GENE1334,1,Plasma cells,3q,protein_coding,45,43,8.222243777777777,8.206293953488371,-0.015949824289409165,0.9890053125492122,-0.1581446515477133,-7.048724636739386,0.8746756790185815,0.9993303802855232,Not significant
GENE3299,1,Plasma cells,20q,protein_coding,45,43,9.019699333333334,9.003753255813953,-0.01594607751937538,0.9890078810617356,-0.14658892701288323,-7.0504904649522455,0.88376451723991,0.9993303802855232,Not significant
PCFAV026,1,Plasma cells,11q,protein_coding,45,43,5.964060222222222,5.97997976744186,0.015919545219636788,1.011095693501285,0.09739579553707756,-7.056509591782388,0.9226155534326321,0.9993303802855232,Not significant
GENE3566,1,Plasma cells,3q,protein_coding,45,43,8.740476444444445,8.75630046511628,0.015824020671834305,1.0110287484722336,0.14884891687957466,-7.050155645956591,0.8819857221041317,0.9993303802855232,Not significant
GENE2518,1,Plasma cells,19q,protein_coding,45,43,6.529346444444444,6.545167674418605,0.015821229974156026,1.011026792776281,0.1399302679789504,-7.0514471827425895,0.8890088489965707,0.9993303802855232,Not significant
GEP1Q62,1,Plasma cells,1q,protein_coding,45,43,6.867525555555556,6.8832993023255815,0.015773746770029184,1.0109935175516445,0.051882159450776365,-7.059917175289831,0.958730614537933,0.9993303802855232,Not significant
GENE2440,1,Plasma cells,7q,protein_coding,45,43,8.517516444444444,8.501759069767441,-0.015757374677001224,0.9891372506089592,-0.14298796363812605,-7.051013371380747,0.8865999936684821,0.9993303802855232,Not significant
GENE1827,1,Plasma cells,4q,protein_coding,45,43,7.239853555555555,7.2241351162790695,-0.015718439276485974,0.9891639457687931,-0.1474625014485032,-7.050361651381338,0.8830768722936692,0.9993303802855232,Not significant
GENE1641,1,Plasma cells,18q,protein_coding,45,43,7.2157391111111115,7.20009465116279,-0.015644459948322087,0.9892146699747639,-0.14002117668664119,-7.0514344202399615,0.8889372159051594,0.9993303802855232,Not significant
GENE1022,1,Plasma cells,3q,protein_coding,45,43,6.847479333333333,6.832199069767442,-0.015280263565890628,0.9894644205258166,-0.12023408203385948,-7.05401692355816,0.9045495105478296,0.9993303802855232,Not significant
GENE1449,1,Plasma cells,18q,protein_coding,45,43,7.590621555555556,7.575409302325581,-0.015212253229972106,0.989511066138293,-0.12585928110766295,-7.053322689787531,0.9001070626005689,0.9993303802855232,Not significant
GENE2750,1,Plasma cells,3q,protein_coding,45,43,9.061282,9.046171162790698,-0.015110837209299177,0.9895806274795128,-0.12804334299851378,-7.053044593210939,0.8983830686795029,0.9993303802855232,Not significant
GENE3722,1,Plasma cells,3q,protein_coding,45,43,6.5225277777777775,6.537564418604651,0.015036640826872727,1.0104771097389578,0.1275822301984367,-7.053103704984881,0.8987470087726053,0.9993303802855232,Not significant
PCFAV078,1,Plasma cells,11q,protein_coding,45,43,6.146206444444444,6.161196511627907,0.014990067183462408,1.0104444896497309,0.06256629691410358,-7.059303877467189,0.9502422173229929,0.9993303802855232,Not significant
GENE1554,1,Plasma cells,10q,protein_coding,45,43,8.051070444444445,8.036104186046511,-0.014966258397931753,0.9896798026731706,-0.13059073721838294,-7.052714191221952,0.8963728934455707,0.9993303802855232,Not significant
GEP1Q39,1,Plasma cells,1q,protein_coding,45,43,8.502800666666667,8.487938604651163,-0.01486206201550111,0.9897512833230988,-0.08980638856635219,-7.0572221425050685,0.9286285555352723,0.9993303802855232,Not significant
GENE2626,1,Plasma cells,19q,protein_coding,45,43,8.957790888888889,8.97244976744186,0.014658878552976873,1.0102125561441142,0.1170618997105153,-7.054394427369564,0.9070560596242343,0.9993303802855232,Not significant
GENE1668,1,Plasma cells,21q,protein_coding,45,43,10.517624222222222,10.532262558139536,0.01463833591731678,1.0101981717592339,0.1262797423246731,-7.053269524208817,0.8997751331700777,0.9993303802855232,Not significant
GENE1368,1,Plasma cells,21q,protein_coding,45,43,8.773395333333333,8.758782093023255,-0.014613240310069386,0.989922000511243,-0.11577054537894757,-7.054545214453655,0.9080767140807096,0.9993303802855232,Not significant
GENE2268,1,Plasma cells,21q,protein_coding,45,43,9.006027555555555,8.991483488372094,-0.014544067183461351,0.9899694655953901,-0.13027554351846754,-7.052755425168273,0.8966215797127517,0.9993303802855232,Not significant
GENE2680,1,Plasma cells,7q,protein_coding,45,43,9.146892888888889,9.13235,-0.014542888888890104,0.9899702741350263,-0.12546793115350058,-7.053372015095314,0.9004160263461625,0.9993303802855232,Not significant
GENE2818,1,Plasma cells,19q,protein_coding,45,43,8.22762088888889,8.242042093023256,0.014421204134368537,1.010046144048241,0.15141249504427973,-7.0497696522020306,0.8799687104857719,0.9993303802855232,Not significant
GENE2998,1,Plasma cells,19q,protein_coding,45,43,9.216177777777778,9.201806511627908,-0.014371266149868944,0.9900880478233679,-0.12875843114278035,-7.052952501736799,0.897818717755106,0.9993303802855232,Not significant
GENE3125,1,Plasma cells,9p,protein_coding,45,43,9.359783111111112,9.374128139534884,0.014345028423774053,1.009992814030925,0.12185797187367632,-7.053819768783196,0.9032667409133988,0.9993303802855232,Not significant
GENE2804,1,Plasma cells,15q,protein_coding,45,43,8.176192888888888,8.16194046511628,-0.014252423772607159,0.990169609941777,-0.13495034947754542,-7.052133645819772,0.8929342524285426,0.9993303802855232,Not significant
GENE3991,1,Plasma cells,12p,protein_coding,45,43,7.154898222222222,7.1406983720930235,-0.014199850129200442,0.9902056936400152,-0.12567580937571973,-7.053345833478621,0.9002519083195529,0.9993303802855232,Not significant
GENE3340,1,Plasma cells,7q,protein_coding,45,43,9.193331555555556,9.207512790697674,0.014181235142121551,1.0098781531758927,0.11082541379912053,-7.05510717843052,0.9119866343259998,0.9993303802855232,Not significant
GENE1809,1,Plasma cells,18q,protein_coding,45,43,7.624922222222223,7.61077976744186,-0.014142454780357916,0.9902450881968178,-0.1266746179969777,-7.0532194324115345,0.8994634182353887,0.9993303802855232,Not significant
GENE2156,1,Plasma cells,15q,protein_coding,45,43,7.803213555555556,7.789390930232559,-0.013822625322997162,0.9904646388629827,-0.12009610732981085,-7.054033553049798,0.904658513495133,0.9993303802855232,Not significant
GENE2473,1,Plasma cells,2p,protein_coding,45,43,8.810850666666667,8.824630232558139,0.01377956589147189,1.009597026169227,0.12485693801546516,-7.053448716957288,0.9008984250589556,0.9993303802855232,Not significant
GENE1388,1,Plasma cells,15q,protein_coding,45,43,7.540878,7.527237906976744,-0.013640093023252753,0.990589962109235,-0.12231578918058601,-7.053763707859788,0.9029051405662764,0.9993303802855232,Not significant
GENE3455,1,Plasma cells,20q,protein_coding,45,43,8.26273511111111,8.276284186046512,0.013549074935397698,1.009435741636177,0.11133094584307765,-7.055050855115857,0.911586829122804,0.9993303802855232,Not significant
PCOTH045,1,Plasma cells,18q,protein_coding,45,43,7.940036444444445,7.953569534883721,0.01353309043927986,1.0094245575453955,0.11461805966132443,-7.054678374230916,0.9089877404721517,0.9993303802855232,Not significant
GENE2931,1,Plasma cells,4q,protein_coding,45,43,8.913472666666667,8.89996488372093,-0.013507782945739066,0.9906808136344364,-0.12098864847470933,-7.053925641295316,0.9039534193990073,0.9993303802855232,Not significant
GENE2326,1,Plasma cells,19q,protein_coding,45,43,8.00749688888889,8.020796976744187,0.013300087855302678,1.0092615435114412,0.11644450046004533,-7.054466727611358,0.9075440173473028,0.9993303802855232,Not significant
GENE1263,1,Plasma cells,4q,protein_coding,45,43,8.328170222222223,8.341429302325581,0.013259080103365406,1.0092328562576276,0.11423149676406541,-7.054722739953925,0.9092933411826287,0.9993303802855232,Not significant
GENE2244,1,Plasma cells,21q,protein_coding,45,43,6.719395555555556,6.706277209302326,-0.013118346253231827,0.9909482710838525,-0.12028305699241351,-7.05401101622891,0.9045108197293662,0.9993303802855232,Not significant
PCOTH124,1,Plasma cells,7q,protein_coding,45,43,4.907078888888889,4.919793255813953,0.012714366925064446,1.0088518757647842,0.1075040961110785,-7.055470846805382,0.9146138905509251,0.9993303802855232,Not significant
PCOTH160,1,Plasma cells,7q,protein_coding,45,43,5.104624888888889,5.117207209302325,0.012582320413436321,1.0087595421316125,0.10156957614005567,-7.0560931071255295,0.919310604846967,0.9993303802855232,Not significant
GENE3743,1,Plasma cells,20q,protein_coding,45,43,7.167684888888889,7.155353488372093,-0.0123314005167936,0.9914889503113525,-0.11448233481810546,-7.054693968404899,0.9090950373889891,0.9993303802855232,Not significant
GENE2157,1,Plasma cells,18q,protein_coding,45,43,8.352378444444444,8.340055813953489,-0.012322630490958275,0.9914949775103742,-0.10287831600829753,-7.055958915517734,0.9182745866098837,0.9993303802855232,Not significant
PCOTH003,1,Plasma cells,4q,protein_coding,45,43,6.2895344444444445,6.277283023255814,-0.012251421188627987,0.9915439174499223,-0.11219928119545802,-7.054953512321634,0.9109001503170561,0.9993303802855232,Not significant
GENE2624,1,Plasma cells,15q,protein_coding,45,43,7.427259333333334,7.415098139534884,-0.01216119379845182,0.9916059313995307,-0.10543207167485819,-7.055692120428289,0.9162534024670839,0.9993303802855232,Not significant
GENE2670,1,Plasma cells,10q,protein_coding,45,43,7.701486666666667,7.689348139534884,-0.012138527131780208,0.9916215109759814,-0.10990169878107432,-7.055209431222331,0.9127172222066491,0.9993303802855232,Not significant
GENE3569,1,Plasma cells,9p,protein_coding,45,43,8.513392444444445,8.501429069767442,-0.011963374677003813,0.9917419075120439,-0.10289558267584283,-7.055957133600292,0.9182609189931675,0.9993303802855232,Not significant
GENE2497,1,Plasma cells,2p,protein_coding,45,43,8.917075555555556,8.928986046511628,0.011910490956076103,1.0082898956829935,0.10394038257996666,-7.0558487540242965,0.9174339421792405,0.9993303802855232,Not significant
PCADV063,1,Plasma cells,1p,protein_coding,45,43,7.489693777777778,7.501597906976745,0.011904129198966551,1.0082854495033868,0.042342652233747315,-7.060368010761353,0.9663136671699191,0.9993303802855232,Not significant
GENE1798,1,Plasma cells,19q,protein_coding,45,43,7.317750222222222,7.306013488372093,-0.011736733850126413,0.9918977178916675,-0.10643349243547442,-7.055585715234489,0.9154609717555755,0.9993303802855232,Not significant
GENE3364,1,Plasma cells,7q,protein_coding,45,43,7.472922444444444,7.461210930232558,-0.01171151421188732,0.9919150573290072,-0.11014195663519234,-7.055182917648144,0.9125271893969248,0.9993303802855232,Not significant
GENE3092,1,Plasma cells,15q,protein_coding,45,43,9.068984,9.057275581395348,-0.011708418604646553,0.9919171856947678,-0.10708811108741009,-7.05551561568013,0.9149430138613359,0.9993303802855232,Not significant
PCOTH097,1,Plasma cells,2p,protein_coding,45,43,7.760014222222222,7.771706046511627,0.011691824289408181,1.0081370825961737,0.10613457934017557,-7.055617581303937,0.915697494719619,0.9993303802855232,Not significant
PCOTH048,1,Plasma cells,21q,protein_coding,45,43,9.777674888888889,9.765987209302326,-0.01168767958655792,0.9919314447971651,-0.1048909544785479,-7.05574919790485,0.9166816272278566,0.9993303802855232,Not significant
GENE1682,1,Plasma cells,3q,protein_coding,45,43,7.519519111111111,7.507871395348837,-0.011647715762273414,0.9919589224843358,-0.10057149253112868,-7.056194291147588,0.920100796517253,0.9993303802855232,Not significant
GENE1096,1,Plasma cells,7q,protein_coding,45,43,8.134021777777777,8.145470930232559,0.011449152454781952,1.0079675208426864,0.10215208194244811,-7.0560335920232555,0.9188494671707865,0.9993303802855232,Not significant
PCFAV080,1,Plasma cells,16q,protein_coding,45,43,8.999148,8.987721860465117,-0.011426139534883362,0.9921112841331721,-0.05118072129765133,-7.059953434357679,0.9592880742970498,0.9993303802855232,Not significant
GENE2401,1,Plasma cells,2p,protein_coding,45,43,8.887963777777777,8.899348372093023,0.011384594315243746,1.0079224170264978,0.10036246042332805,-7.056215355947692,0.920266299272243,0.9993303802855232,Not significant
PCFAV077,1,Plasma cells,6p,protein_coding,45,43,6.441627555555556,6.430373488372093,-0.011254067183463334,0.9922296217567215,-0.036139959990518604,-7.060612175927986,0.9712459554599704,0.9993303802855232,Not significant
GENE2958,1,Plasma cells,10q,protein_coding,45,43,9.070100888888888,9.081026744186046,0.010925855297157838,1.0076019751983145,0.09968023571686756,-7.056283800921863,0.9208064802222067,0.9993303802855232,Not significant
GENE3079,1,Plasma cells,12p,protein_coding,45,43,9.354269333333333,9.343384418604652,-0.010884914728679362,0.992483542963919,-0.10418635004899775,-7.055823080044527,0.9172392679235477,0.9993303802855232,Not significant
GENE3496,1,Plasma cells,7q,protein_coding,45,43,7.394044,7.4049046511627905,0.010860651162789559,1.0075564365861653,0.10253106676413194,-7.055994688119289,0.9185494606917766,0.9993303802855232,Not significant
GENE1727,1,Plasma cells,20q,protein_coding,45,43,8.704523555555555,8.693683720930233,-0.01083983462532423,0.9925145557271522,-0.10183771130338898,-7.056065753798854,0.9190983336118462,0.9993303802855232,Not significant
PCOTH150,1,Plasma cells,10q,protein_coding,45,43,8.364372666666666,8.375206046511629,0.010833379844962465,1.0075373908895138,0.10275291040885817,-7.055971848385262,0.9183738534989416,0.9993303802855232,Not significant
GENE3861,1,Plasma cells,18q,protein_coding,45,43,9.167226444444445,9.177989534883721,0.010763090439272816,1.0074883039534333,0.09449250793670139,-7.056788996427922,0.9249152843720826,0.9993303802855232,Not significant
GENE3443,1,Plasma cells,20q,protein_coding,45,43,8.09283711111111,8.10349488372093,0.010657772609814486,1.0074147592294704,0.09289269936820614,-7.056939345356735,0.9261827867105642,0.9993303802855232,Not significant
GENE2844,1,Plasma cells,21q,protein_coding,45,43,7.407696444444444,7.397137674418604,-0.010558770025840047,0.9927079353904816,-0.09227502969131393,-7.056996706730402,0.9266722074662029,0.9993303802855232,Not significant
GENE1832,1,Plasma cells,15q,protein_coding,45,43,7.066444222222223,7.076601395348837,0.010157173126615682,1.0070652579084034,0.10056900464325545,-7.056194542117254,0.9201027663006693,0.9993303802855232,Not significant
PCOTH094,1,Plasma cells,19q,protein_coding,45,43,7.5794093333333334,7.589458139534884,0.010048806201548466,1.0069896158193639,0.09421263428412215,-7.056815484003134,0.9251370098419317,0.9993303802855232,Not significant
GENE3041,1,Plasma cells,9p,protein_coding,45,43,8.218892222222223,8.208869767441861,-0.010022454780360235,0.9930770386012597,-0.09519148513206589,-7.056722501316269,0.9243615566682952,0.9993303802855232,Not significant
GENE1117,1,Plasma cells,2p,protein_coding,45,43,9.00259311111111,9.012538139534884,0.009945028423775426,1.0069171823645642,0.08824750416202187,-7.057361351178076,0.9298641663497577,0.9993303802855232,Not significant
GENE1041,1,Plasma cells,18q,protein_coding,45,43,8.624530444444444,8.634393488372092,0.00986304392765014,1.006859963583084,0.0788306462149953,-7.058150448939961,0.9373317486084165,0.9993303802855232,Not significant
GENE3090,1,Plasma cells,10q,protein_coding,45,43,6.131286666666667,6.121556976744186,-0.009729689922478357,0.9932785833154495,-0.08729515165007933,-7.057445197172503,0.9306191095046945,0.9993303802855232,Not significant
GENE3607,1,Plasma cells,12p,protein_coding,45,43,8.13926,8.148867906976744,0.009607906976745184,1.0066819187016411,0.08009629025725302,-7.058049566086646,0.936327750464883,0.9993303802855232,Not significant
GENE2636,1,Plasma cells,15q,protein_coding,45,43,8.959770222222222,8.969335813953489,0.009565591731268697,1.0066523924562523,0.10200660444892169,-7.056048487458426,0.9189646310776658,0.9993303802855232,Not significant
GENE1166,1,Plasma cells,3q,protein_coding,45,43,8.522564,8.513020697674419,-0.009543302325580427,0.9934069172755856,-0.08578281533562895,-7.057576475510148,0.931818089685629,0.9993303802855232,Not significant
GENE1728,1,Plasma cells,21q,protein_coding,45,43,8.011009333333334,8.001467906976744,-0.00954142635658961,0.9934082090259077,-0.09261793954955871,-7.056964908829931,0.9264004936923383,0.9993303802855232,Not significant
GENE2977,1,Plasma cells,2p,protein_coding,45,43,7.975031111111111,7.965567441860465,-0.00946366925064801,0.99346175230902,-0.10002245215934978,-7.056249526008976,0.9205355108816364,0.9993303802855232,Not significant
GENE0973,1,Plasma cells,2p,protein_coding,45,43,10.332531333333334,10.323090697674418,-0.009440635658910068,0.9934776137173105,-0.09059376319402282,-7.057150903431163,0.9280045289273218,0.9993303802855232,Not significant
PCOTH031,1,Plasma cells,12p,protein_coding,45,43,9.505049111111111,9.495631627906977,-0.009417483204138932,0.9934935572323508,-0.09364235018110638,-7.056869213256564,0.925588826655233,0.9993303802855232,Not significant
GENE3718,1,Plasma cells,19q,protein_coding,45,43,10.764382222222222,10.773794186046512,0.009411963824293323,1.0065452030212494,0.08895032749794851,-7.057298890623784,0.9293070695327337,0.9993303802855232,Not significant
GENE2987,1,Plasma cells,20q,protein_coding,45,43,7.529704222222223,7.520296511627907,-0.009407710594313556,0.9935002870383787,-0.08289868787257527,-7.057820473654489,0.9341050592083439,0.9993303802855232,Not significant
GENE2167,1,Plasma cells,12p,protein_coding,45,43,9.339488,9.33008930232558,-0.009398697674420475,0.9935064937322517,-0.0803496624451574,-7.058029177110311,0.9361267700720393,0.9993303802855232,Not significant
GENE1911,1,Plasma cells,4q,protein_coding,45,43,9.004747555555555,9.014143488372094,0.009395932816538277,1.006534018506263,0.08319850772676712,-7.057795497343338,0.9338672909266867,0.9993303802855232,Not significant
GENE1142,1,Plasma cells,3q,protein_coding,45,43,6.243385333333333,6.252745348837209,0.009360015503872887,1.0065089601633628,0.08088391079767841,-7.057985974887218,0.9357030060910086,0.9993303802855232,Not significant
PCADV075,1,Plasma cells,1p,protein_coding,45,43,6.198418444444444,6.207777209302326,0.009358764857880786,1.006508087639499,0.046986662577282005,-7.060159938040692,0.9626216657111427,0.9993303802855232,Not significant
GENE2032,1,Plasma cells,7q,protein_coding,45,43,5.829505111111112,5.820186279069768,-0.009318832041345537,0.9935614944213436,-0.08548690539503238,-7.057601893649741,0.9320527055478229,0.9993303802855232,Not significant
GENE2809,1,Plasma cells,2p,protein_coding,45,43,8.802127777777777,8.793010697674418,-0.009117080103361985,0.9937004475389654,-0.08395558223222835,-7.0577320284633975,0.9332669294395763,0.9993303802855232,Not significant
GENE1106,1,Plasma cells,3q,protein_coding,45,43,8.771088444444445,8.761976976744187,-0.009111467700257947,0.9937043132612186,-0.0986269414583258,-7.05638855727219,0.9216405443537935,0.9993303802855232,Not significant
GENE3691,1,Plasma cells,12p,protein_coding,45,43,8.049001555555556,8.058071627906976,0.009070072351422098,1.0063066990828713,0.0769709546045538,-7.058295767884232,0.938807170356937,0.9993303802855232,Not significant
PCADV032,1,Plasma cells,8q,protein_coding,45,43,7.1793848888888885,7.188368372093023,0.008983483204135112,1.0062463033501075,0.04023658058129797,-7.060455242252251,0.9679882467507785,0.9993303802855232,Not significant
GENE1560,1,Plasma cells,21q,protein_coding,45,43,7.7325275555555555,7.7235679069767444,-0.008959648578810153,0.9938088892455534,-0.09421815997797645,-7.056814961805068,0.9251326321412495,0.9993303802855232,Not significant
GENE3313,1,Plasma cells,2p,protein_coding,45,43,7.171016444444445,7.179907674418605,0.008891229974160808,1.006181960920784,0.08070977232581172,-7.058000088116627,0.9358411301096838,0.9993303802855232,Not significant
GENE1781,1,Plasma cells,9p,protein_coding,45,43,7.384394666666666,7.393276511627907,0.008881844961240226,1.0061754155319653,0.06972163123692086,-7.05882912502317,0.9445605491003336,0.9993303802855232,Not significant
PCOTH035,1,Plasma cells,20q,protein_coding,45,43,5.986489555555556,5.995362093023256,0.008872537467704333,1.0061689242495377,0.087791924568636,-7.057401574315092,0.9302253027092061,0.9993303802855232,Not significant
PCOTH198,1,Plasma cells,10q,protein_coding,45,43,7.025771777777778,7.01690976744186,-0.008862010335916715,0.9938761501943687,-0.07786005854729822,-7.058226724793326,0.9381017558760226,0.9993303802855232,Not significant
GENE3430,1,Plasma cells,19q,protein_coding,45,43,8.259177333333334,8.268039302325581,0.00886196899225844,1.006161553577067,0.08425695614745368,-7.057706603003024,0.9330279500748712,0.9993303802855232,Not significant
GENE1430,1,Plasma cells,3q,protein_coding,45,43,7.784115555555555,7.775273720930232,-0.008841834625322065,0.9938900493880428,-0.08406411067471062,-7.057722882938598,0.9331808693348154,0.9993303802855232,Not significant
GENE2524,1,Plasma cells,7q,protein_coding,45,43,6.975741111111111,6.984255581395349,0.00851447028423813,1.0059192308928409,0.07683108693789058,-7.058306557091284,0.9389181457258513,0.9993303802855232,Not significant
GENE3447,1,Plasma cells,4q,protein_coding,45,43,8.484598,8.476152093023256,-0.008445906976746187,0.9941628461610719,-0.0713099847562285,-7.0587167737382295,0.9432997005846835,0.9993303802855232,Not significant
GENE2622,1,Plasma cells,10q,protein_coding,45,43,8.41828711111111,8.426450232558139,0.008163121447031685,1.005674282716541,0.07510184156342779,-7.058438327920117,0.9402902817943752,0.9993303802855232,Not significant
GENE1993,1,Plasma cells,2p,protein_coding,45,43,7.325704222222222,7.317675116279069,-0.008029105943151649,0.9944501057358653,-0.07480680900099547,-7.058460510297664,0.940524404791965,0.9993303802855232,Not significant
GENE1095,1,Plasma cells,4q,protein_coding,45,43,8.276664,8.284452558139535,0.007788558139537827,1.0054132159076994,0.0684764011146784,-7.058915436147402,0.9455491221720296,0.9993303802855232,Not significant
GENE3811,1,Plasma cells,12p,protein_coding,45,43,8.086641555555556,8.078955348837209,-0.007686206718346966,0.9946864943612025,-0.06420860674499282,-7.059199451830615,0.9489379090344182,0.9993303802855232,Not significant
PCOTH131,1,Plasma cells,20q,protein_coding,45,43,6.079723777777778,6.087405116279069,0.007681338501293489,1.0053384973895478,0.06901194747214379,-7.058878506217247,0.9451239478940613,0.9993303802855232,Not significant
GENE2106,1,Plasma cells,10q,protein_coding,45,43,8.385021555555555,8.392663488372094,0.007641932816538244,1.0053110380098818,0.06634594374109486,-7.059059498688182,0.9472406630815698,0.9993303802855232,Not significant
PCOTH026,1,Plasma cells,3q,protein_coding,45,43,7.377144222222222,7.384554651162791,0.007410428940569425,1.0051497324509608,0.06645511877980805,-7.059052226889087,0.9471539743268242,0.9993303802855232,Not significant
GENE3604,1,Plasma cells,7q,protein_coding,45,43,9.533173777777778,9.525768372093022,-0.007405405684753674,0.994880115446338,-0.06442484021285842,-7.059185501161709,0.9487661885574596,0.9993303802855232,Not significant
PCOTH032,1,Plasma cells,15q,protein_coding,45,43,6.1108693333333335,6.118226744186046,0.00735741085271524,1.0051127945423128,0.06155223234391651,-7.059367005425328,0.9510476464996334,0.9993303802855232,Not significant
GENE1342,1,Plasma cells,19q,protein_coding,45,43,7.867294222222222,7.859956046511628,-0.007338175710595252,0.9949264782056377,-0.06765005773474618,-7.0589718543238735,0.9462051932566427,0.9993303802855232,Not significant
PCADV042,1,Plasma cells,17p,protein_coding,45,43,7.575032,7.582360697674418,0.0073286976744180166,1.0050927905256148,0.03921999788019605,-7.060495756004211,0.9687966037077229,0.9993303802855232,Not significant
GENE2943,1,Plasma cells,4q,protein_coding,45,43,8.931849111111111,8.924871162790698,-0.006977948320416871,0.9951749330119241,-0.06336514292917496,-7.059253421069937,0.9496077635803836,0.9993303802855232,Not significant
GENE1879,1,Plasma cells,12p,protein_coding,45,43,7.2906815555555555,7.283710697674419,-0.00697085788113494,0.9951798240280967,-0.05551928997316884,-7.059721248896107,0.9558403825293272,0.9993303802855232,Not significant
GENE2870,1,Plasma cells,3q,protein_coding,45,43,8.710572666666668,8.704016279069767,-0.006556387596900137,0.9954657692264194,-0.05644831595336839,-7.059669076229056,0.9551022285572668,0.9993303802855232,Not significant
GENE2692,1,Plasma cells,7q,protein_coding,45,43,8.586563111111111,8.580106046511627,-0.006457064599484141,0.9955343048800166,-0.05779918432928252,-7.05959166892566,0.9540289713102104,0.9993303802855232,Not significant
GENE2115,1,Plasma cells,4q,protein_coding,45,43,7.645452888888889,7.63906,-0.0063928888888895585,0.9955785904293836,-0.057826427085945556,-7.059590089035359,0.954007327959203,0.9993303802855232,Not significant
GENE3229,1,Plasma cells,2p,protein_coding,45,43,8.069887111111111,8.063655116279069,-0.006231994832038623,0.9956896267926948,-0.05207942874556847,-7.0599068890378724,0.9585738407567788,0.9993303802855232,Not significant
GENE1869,1,Plasma cells,18q,protein_coding,45,43,8.23670688888889,8.242933953488372,0.006227064599483967,1.0043256007901007,0.05588450208120924,-7.059700842417283,0.9555502000475764,0.9993303802855232,Not significant
GENE3477,1,Plasma cells,18q,protein_coding,45,43,6.377668444444445,6.371456976744186,-0.006211467700258488,0.9957037938876155,-0.04984568159881588,-7.060021082288281,0.9603491371060726,0.9993303802855232,Not significant
GENE3540,1,Plasma cells,21q,protein_coding,45,43,8.476398666666666,8.470190930232558,-0.006207736434106437,0.9957063690962096,-0.05467065714637937,-7.059768150213269,0.956514694071637,0.9993303802855232,Not significant
GENE1161,1,Plasma cells,18q,protein_coding,45,43,8.478194,8.472388139534884,-0.005805860465109447,0.9959837708953043,-0.05156054574762039,-7.0599338615610465,0.9589862107348505,0.9993303802855232,Not significant
GENE3750,1,Plasma cells,10q,protein_coding,45,43,6.587864222222223,6.582058604651163,-0.0058056175710587965,0.9959839385804672,-0.0537784498656202,-7.0598166807858505,0.9572236633322182,0.9993303802855232,Not significant
PCOTH238,1,Plasma cells,19q,protein_coding,45,43,7.463732666666667,7.4579272093023254,-0.005805457364338906,0.9959840491813385,-0.053413275176542256,-7.059836313751669,0.9575138498262525,0.9993303802855232,Not significant
PCOTH161,1,Plasma cells,9p,protein_coding,45,43,7.064464444444445,7.058740697674419,-0.005723746770027738,0.9960404607936113,-0.05341533774015857,-7.059836203237234,0.9575122107915643,0.9993303802855232,Not significant
GENE3195,1,Plasma cells,4q,protein_coding,45,43,7.413170888888889,7.418891860465116,0.005720971576226752,1.003973348218532,0.05609654817515022,-7.059688932805709,0.9553817197082844,0.9993303802855232,Not significant
PCOTH088,1,Plasma cells,7q,protein_coding,45,43,6.6215602222222225,6.615852093023256,-0.005708129198962908,0.9960512432642215,-0.054348214938557175,-7.059785781219634,0.9567709103655209,0.9993303802855232,Not significant
PCFAV048,1,Plasma cells,16q,protein_coding,45,43,7.624136666666667,7.6298,0.005663333333334464,1.0039332384918558,0.03754671132602949,-7.060560183850376,0.970127222964658,0.9993303802855232,Not significant
GENE3796,1,Plasma cells,7q,protein_coding,45,43,6.369120888888889,6.363668139534884,-0.00545274935400375,0.9962275756976717,-0.05609559036979141,-7.0596889867024375,0.9553824807239895,0.9993303802855232,Not significant
GENE1386,1,Plasma cells,10q,protein_coding,45,43,7.879956222222222,7.874506511627907,-0.005449710594315427,0.9962296740617056,-0.05044593737938287,-7.059990887874013,0.9598720568942732,0.9993303802855232,Not significant
GENE1999,1,Plasma cells,12p,protein_coding,45,43,8.372448444444444,8.37778023255814,0.005331788113695168,1.003702551469601,0.042038335612596886,-7.060380890268627,0.9665556262365058,0.9993303802855232,Not significant
GENE3547,1,Plasma cells,12p,protein_coding,45,43,6.749752222222222,6.744469302325581,-0.005282919896641758,0.996344855332222,-0.04760683524148377,-7.060130514103279,0.9621286865249252,0.9993303802855232,Not significant
GENE2041,1,Plasma cells,2p,protein_coding,45,43,8.289116444444444,8.283902558139536,-0.005213886304913373,0.9963925320120797,-0.04610901815986277,-7.060200918359318,0.9633193355879018,0.9993303802855232,Not significant
GENE3562,1,Plasma cells,19q,protein_coding,45,43,8.179390444444444,8.17419046511628,-0.005199979328166293,0.9964021368656129,-0.051364967891726586,-7.059943957988498,0.9591416445042709,0.9993303802855232,Not significant
GENE3188,1,Plasma cells,15q,protein_coding,45,43,7.789659555555556,7.794789534883721,0.005129979328168055,1.0035621601736076,0.04729057653016139,-7.060145567124809,0.9623800807559065,0.9993303802855232,Not significant
GENE3708,1,Plasma cells,21q,protein_coding,45,43,8.189320222222221,8.184451627906977,-0.0048685943152442235,0.996631035316739,-0.04537515750367837,-7.0602345917716205,0.9639027287066012,0.9993303802855232,Not significant
GENE1383,1,Plasma cells,4q,protein_coding,45,43,9.260020444444445,9.264799534883721,0.004779090439278377,1.0033181058297431,0.03980555961388725,-7.060472546266897,0.96833097804026,0.9993303802855232,Not significant
GENE2176,1,Plasma cells,7q,protein_coding,45,43,8.444582,8.44004976744186,-0.004532232558139171,0.9968634251418431,-0.04232911823779588,-7.060368585530692,0.9663244278464027,0.9993303802855232,Not significant
GENE1967,1,Plasma cells,20q,protein_coding,45,43,8.319115111111111,8.314692790697675,-0.004422320413436154,0.9969393743672483,-0.03884336319602859,-7.060510502801133,0.96909610095213,0.9993303802855232,Not significant
GENE2144,1,Plasma cells,15q,protein_coding,45,43,9.840485555555556,9.836069767441861,-0.004415788113691477,0.9969438883645794,-0.04504768127612096,-7.060249443796949,0.9641630670122303,0.9993303802855232,Not significant
GENE3413,1,Plasma cells,9p,protein_coding,45,43,7.271480222222222,7.267386976744186,-0.004093245478035357,0.9971667995468323,-0.039279606918494844,-7.060493409022805,0.9687492034295175,0.9993303802855232,Not significant
GENE2860,1,Plasma cells,7q,protein_coding,45,43,8.404558666666667,8.400486279069767,-0.004072387596897542,0.9971812162713242,-0.035743695322407634,-7.060626463114151,0.9715610992099155,0.9993303802855232,Not significant
PCOTH176,1,Plasma cells,15q,protein_coding,45,43,6.317443777777778,6.31346488372093,-0.003978894056849924,0.9972458404782952,-0.03597712672666348,-7.060618065889582,0.9713754539288793,0.9993303802855232,Not significant
GENE3512,1,Plasma cells,15q,protein_coding,45,43,5.2868435555555555,5.282911860465116,-0.0039316950904391135,0.9972784667378668,-0.0351640561199372,-7.06064707808961,0.9720220862731052,0.9993303802855232,Not significant
GENE3070,1,Plasma cells,19q,protein_coding,45,43,4.959508444444444,4.963343488372093,0.003835043927646886,1.002661786164743,0.035573258697988684,-7.060632559704333,0.9716966464643043,0.9993303802855232,Not significant
GENE1486,1,Plasma cells,19q,protein_coding,45,43,10.09416,10.090526744186047,-0.003633255813948466,0.9974847874374433,-0.03617239888340829,-7.0606109993798905,0.9712201574632735,0.9993303802855232,Not significant
GENE1125,1,Plasma cells,18q,protein_coding,45,43,6.234090222222222,6.237657441860465,0.0035672196382448007,1.0024756676514885,0.032301421303287156,-7.060743945890411,0.9742988759861966,0.9993303802855232,Not significant
PCFAV038,1,Plasma cells,11q,protein_coding,45,43,7.858305111111111,7.854750697674419,-0.0035544134366904956,0.9975393008437107,-0.025284600745869572,-7.060946616468319,0.9798805485953374,0.9993303802855232,Not significant
GENE1013,1,Plasma cells,9p,protein_coding,45,43,8.076241555555555,8.072711162790698,-0.003530392764854895,0.9975559098726384,-0.0341738755016748,-7.060681514423676,0.972809598804824,0.9993303802855232,Not significant
GENE3926,1,Plasma cells,3q,protein_coding,45,43,7.688330666666666,7.6849,-0.003430666666666582,0.9976248681723678,-0.030094927228351748,-7.060813000804452,0.9760539519021957,0.9993303802855232,Not significant
GENE3503,1,Plasma cells,20q,protein_coding,45,43,7.877282222222222,7.880707674418605,0.0034254521963834605,1.0023771635155143,0.030334711842866693,-7.060805732983106,0.9758632180443341,0.9993303802855232,Not significant
PCADV033,1,Plasma cells,13q,protein_coding,45,43,8.828017333333333,8.82468488372093,-0.003332449612404531,0.9976927876622265,-0.020059154518072806,-7.061065460010385,0.9840379015066001,0.9993303802855232,Not significant
GENE3057,1,Plasma cells,18q,protein_coding,45,43,7.503673777777778,7.500392558139535,-0.003281219638243904,0.9977282162744984,-0.029961045146697965,-7.060817033650467,0.9761604474387555,0.9993303802855232,Not significant
PCFAV051,1,Plasma cells,5q,protein_coding,45,43,8.016315111111112,8.019548837209303,0.0032337260981947225,1.0022439620504462,0.016540245466973497,-7.061130057785839,0.9868377925362013,0.9993303802855232,Not significant
GENE2257,1,Plasma cells,2p,protein_coding,45,43,7.646369333333333,7.649484186046512,0.0031148527131747983,1.0021613838057286,0.02570171257045694,-7.060935949518729,0.9795487177970194,0.9993303802855232,Not significant
PCOTH138,1,Plasma cells,10q,protein_coding,45,43,8.305116666666667,8.308210465116279,0.0030937984496084425,1.0021467586664221,0.02581734396855844,-7.060932961538317,0.9794567285689756,0.9993303802855232,Not significant
GENE2571,1,Plasma cells,4q,protein_coding,45,43,6.632249333333333,6.629236744186047,-0.003012589147290967,0.9979140110317218,-0.028684037569051007,-7.06085459647553,0.9771762553269688,0.9993303802855232,Not significant
GENE1742,1,Plasma cells,3q,protein_coding,45,43,6.732232444444445,6.735086511627907,0.002854067183461595,1.0019802467252985,0.0298607396324213,-7.060820043308749,0.9762402350198219,0.9993303802855232,Not significant
GENE2862,1,Plasma cells,10q,protein_coding,45,43,9.865517333333333,9.86824046511628,0.0027231317829539137,1.0018893136258444,0.026260122480744778,-7.0609213958792445,0.9791044837956407,0.9993303802855232,Not significant
GENE1590,1,Plasma cells,10q,protein_coding,45,43,7.184466,7.18714488372093,0.0026788837209297256,1.001858585731587,0.022801261133129358,-7.061006511110149,0.9818562256640011,0.9993303802855232,Not significant
GENE1485,1,Plasma cells,18q,protein_coding,45,43,9.78589911111111,9.783285581395349,-0.0026135297157630077,0.9981900791319912,-0.02318588188281644,-7.060997639471928,0.9815502242081278,0.9993303802855232,Not significant
PCOTH194,1,Plasma cells,3q,protein_coding,45,43,6.847138444444444,6.849657441860465,0.0025189974160229056,1.0017475611650957,0.02308050221153363,-7.061000084912162,0.9816340632316949,0.9993303802855232,Not significant
GENE1621,1,Plasma cells,2p,protein_coding,45,43,8.293720666666667,8.29615953488372,0.002438868217055301,1.0016919243199687,0.02146669328021112,-7.061036143383562,0.9829180188245152,0.9993303802855232,Not significant
GENE3316,1,Plasma cells,7q,protein_coding,45,43,8.126789333333333,8.124367906976744,-0.0024214263565909278,0.9983230028817266,-0.02327848698788287,-7.060995481282284,0.9814765486738519,0.9993303802855232,Not significant
PCOTH015,1,Plasma cells,4q,protein_coding,45,43,5.666967111111111,5.669351627906977,0.0023845167958675972,1.0016541877556833,0.021372872332029825,-7.061038159334133,0.9829926647211914,0.9993303802855232,Not significant
GENE2826,1,Plasma cells,10q,protein_coding,45,43,6.593946222222222,6.596243953488372,0.0022977312661502935,1.001593934914819,0.020325884556062167,-7.061060057101169,0.9838256800688185,0.9993303802855232,Not significant
GENE3615,1,Plasma cells,4q,protein_coding,45,43,7.609536888888889,7.607275581395349,-0.0022613074935398103,0.9984338088459441,-0.019269105679714318,-7.061081044550998,0.9846665036756233,0.9993303802855232,Not significant
GENE3530,1,Plasma cells,3q,protein_coding,45,43,8.875981333333334,8.878132093023256,0.0021507596899255077,1.0014919047994524,0.021603375981634847,-7.061033190651066,0.9828092714980081,0.9993303802855232,Not significant
PCOTH209,1,Plasma cells,9p,protein_coding,45,43,7.939277777777778,7.941423488372093,0.0021457105943172294,1.001488399817882,0.017584165971219406,-7.061112190097652,0.9860071573527531,0.9993303802855232,Not significant
PCADV060,1,Plasma cells,8q,protein_coding,45,43,8.951147555555556,8.953207674418605,0.0020601188630511302,1.0014289856098573,0.008440132608877916,-7.0612315485184665,0.9932833788868088,0.9993303802855232,Not significant
GENE2715,1,Plasma cells,4q,protein_coding,45,43,6.656233555555556,6.658292093023256,0.002058537467701349,1.001427887904363,0.017202623652410234,-7.061118847315709,0.9863107443195456,0.9993303802855232,Not significant
GENE3694,1,Plasma cells,19q,protein_coding,45,43,8.791002,8.793016511627908,0.002014511627907112,1.0013973284099433,0.01800261164322729,-7.061104721081543,0.9856742093608475,0.9993303802855232,Not significant
GEP1Q111,1,Plasma cells,1q,protein_coding,45,43,7.857950222222223,7.856198604651163,-0.0017516175710587945,0.998786607975347,-0.014203111877380473,-7.061166096629093,0.9886974732303733,0.9993303802855232,Not significant
PCOTH193,1,Plasma cells,2p,protein_coding,45,43,7.606554,7.604866046511628,-0.0016879534883713632,0.9988306839819971,-0.015609800021897473,-7.061145061833073,0.9875781492015084,0.9993303802855232,Not significant
PCADV071,1,Plasma cells,1p,protein_coding,45,43,7.016057777777777,7.0176686046511625,0.0016108268733869835,1.0011171636686182,0.006649512320892638,-7.061245101016589,0.9947083227074125,0.9993303802855232,Not significant
GENE2567,1,Plasma cells,20q,protein_coding,45,43,7.430874222222222,7.4294739534883725,-0.0014002687338505737,0.9990298785474818,-0.011889260493622595,-7.061196378684076,0.9905386895204104,0.9993303802855232,Not significant
GENE2807,1,Plasma cells,20q,protein_coding,45,43,6.945378666666667,6.944194651162791,-0.001184015503877589,0.9991796396714273,-0.010024903212745715,-7.061216870978658,0.9920222645924084,0.9993303802855232,Not significant
GENE1982,1,Plasma cells,3q,protein_coding,45,43,7.505603777777778,7.506771395348837,0.0011676175710597647,1.0008096584239183,0.010568872773694095,-7.061211252131793,0.9915893939629878,0.9993303802855232,Not significant
GENE2949,1,Plasma cells,18q,protein_coding,45,43,8.155287111111111,8.156425348837208,0.001138237726095781,1.0007892775864056,0.010799370207042207,-7.061208781707867,0.9914059734782943,0.9993303802855232,Not significant
GENE3787,1,Plasma cells,12p,protein_coding,45,43,8.86686711111111,8.867983720930232,0.001116609819121095,1.0007742745438075,0.00931239213642714,-7.061223781710176,0.9925892578434538,0.9993303802855232,Not significant
PCOTH085,1,Plasma cells,2p,protein_coding,45,43,7.646072888888889,7.647183720930233,0.0011108320413466544,1.0007702666006053,0.010471664011709843,-7.0612122780171225,0.9916667488788807,0.9993303802855232,Not significant
GENE2226,1,Plasma cells,10q,protein_coding,45,43,7.531042666666667,7.532143255813954,0.0011005891472821716,1.0007631613239225,0.00930491491210186,-7.0612238515324375,0.9925952079972034,0.9993303802855232,Not significant
GENE3739,1,Plasma cells,12p,protein_coding,45,43,8.768466888888888,8.769465813953488,9.989250645965342e-4,1.0006926418577793,0.008747495615241449,-7.061228898772085,0.9930387869256136,0.9993303802855232,Not significant
GENE3422,1,Plasma cells,3q,protein_coding,45,43,8.104456,8.103464186046512,-9.91813953488574e-4,0.9993127632099507,-0.008763109460771558,-7.061228761637251,0.9930263618268528,0.9993303802855232,Not significant
GENE2913,1,Plasma cells,18q,protein_coding,45,43,7.9849206666666666,7.98588,9.593333333342002e-4,1.0006651803295958,0.008769739384554404,-7.061228703333334,0.9930210859036659,0.9993303802855232,Not significant
GENE1855,1,Plasma cells,12p,protein_coding,45,43,7.618675333333333,7.6177579069767445,-9.174263565885354e-4,0.9993642906564205,-0.008224907274384427,-7.0612333475406945,0.9934546503258135,0.9993303802855232,Not significant
GENE2684,1,Plasma cells,15q,protein_coding,45,43,8.260398666666667,8.261152790697675,7.541240310100505e-4,1.0005228555872425,0.007053282176398237,-7.061242325908379,0.9943870081663706,0.9993303802855232,Not significant
GENE1443,1,Plasma cells,4q,protein_coding,45,43,7.304954666666666,7.3054951162790696,5.404496124041813e-4,1.0003746813005827,0.0046927808573342476,-7.0612562329101145,0.9962654742908438,0.9993303802855232,Not significant
GENE3140,1,Plasma cells,15q,protein_coding,45,43,8.27865688888889,8.278129767441861,-5.271214470301544e-4,0.9996346939956711,-0.004225414218509805,-7.061258323513662,0.9966374033676536,0.9993303802855232,Not significant
PCOTH106,1,Plasma cells,19q,protein_coding,45,43,7.692918,7.693363953488372,4.459534883753946e-4,1.000309159182981,0.004407642842142056,-7.061257534438774,0.9964923862408517,0.9993303802855232,Not significant
PCOTH092,1,Plasma cells,15q,protein_coding,45,43,5.520545111111111,5.520943023255814,3.97912144702417e-4,1.00027584972075,0.003563795466807869,-7.061260908380821,0.9971639189874267,0.9993303802855232,Not significant
GENE3005,1,Plasma cells,9p,protein_coding,45,43,7.403977555555556,7.403588837209302,-3.88718346253647e-4,0.9997305972696968,-0.004031654917364883,-7.061259125977555,0.99679159670520745,0.9993303802855232,Not significant
GENE3735,1,Plasma cells,4q,protein_coding,45,43,6.789130444444444,6.789511395348837,3.8095090439593804e-4,1.000264089910916,0.0034247746053081268,-7.061261395690839,0.9972745518338204,0.9993303802855232,Not significant
GENE1929,1,Plasma cells,18q,protein_coding,45,43,7.927723555555556,7.927823023255814,9.946770025504037e-5,1.0000689481328018,8.556651929608412e-4,-7.061266911485158,0.9993190572464871,0.999818966729852,Not significant
