"Sample_ID","PATID","sample_group","RNBX_Group","RNAS_Group","Match_Status","Match_Type","PCBmBx_All","Row_PolyIG","Is_RNAS_NDMM","Is_RNAS_MGUS","Is_RNBX_NDMM","Is_RNBX_MGUS","Is_RNBX_Target","Is_Strict_Match","Disease_Type_Consistent","Source_RNAS_Group","Paired_RNAS_PolyIG","Source_RNAS_Found","Source_Group_Matches_Target","Pairing_Integrity","MGUS_Selected","GEP70_Selected","Analysis_Group","Mean_GEP70_ME_High_Genes","Mean_MGUS_ME_Low_Genes","Supervised_ME_HighMinusLow","Column_Split"
"CHIPID4000056","M200057","RNBX_WB_MGUS","MGUS",NA,"matched_one_to_one","MGUS",1.17,10.572464516129,FALSE,FALSE,FALSE,TRUE,TRUE,TRUE,TRUE,"MGUS",11.8754558064516,TRUE,TRUE,"Complete",TRUE,FALSE,"MGUS",9.12411434343434,10.654398245614,-1.53028390217969,"MGUS
(n = 45)"
"CHIPID4000028","M200029","RNBX_WB_MGUS","MGUS",NA,"matched_one_to_one","MGUS",8.92,11.1526648387097,FALSE,FALSE,FALSE,TRUE,TRUE,TRUE,TRUE,"MGUS",12.556815483871,TRUE,TRUE,"Complete",TRUE,FALSE,"MGUS",9.04920505050505,10.5468694736842,-1.49766442317916,"MGUS
(n = 45)"
"CHIPID4000048","M200049","RNBX_WB_MGUS","MGUS",NA,"matched_one_to_one","MGUS",6,10.8978064516129,FALSE,FALSE,FALSE,TRUE,TRUE,TRUE,TRUE,"MGUS",12.4921858064516,TRUE,TRUE,"Complete",TRUE,FALSE,"MGUS",8.90472525252525,10.3747750877193,-1.47004983519404,"MGUS
(n = 45)"
"CHIPID4000088","M200089","RNBX_WB_MGUS","MGUS",NA,"matched_one_to_one","MGUS",6.21,9.68403290322581,FALSE,FALSE,FALSE,TRUE,TRUE,TRUE,TRUE,"MGUS",10.6857419354839,TRUE,TRUE,"Complete",TRUE,FALSE,"MGUS",8.70822323232323,10.1743103508772,-1.46608711855396,"MGUS
(n = 45)"
"CHIPID4000007","M200008","RNBX_WB_MGUS","MGUS",NA,"matched_one_to_one","MGUS",2.03,10.8242880645161,FALSE,FALSE,FALSE,TRUE,TRUE,TRUE,TRUE,"MGUS",12.53547,TRUE,TRUE,"Complete",TRUE,FALSE,"MGUS",9.25864191919192,10.7147242105263,-1.4560822913344,"MGUS
(n = 45)"
"CHIPID4000005","M200006","RNBX_WB_MGUS","MGUS",NA,"matched_one_to_one","MGUS",2.93,10.4465496774194,FALSE,FALSE,FALSE,TRUE,TRUE,TRUE,TRUE,"MGUS",11.8674190322581,TRUE,TRUE,"Complete",TRUE,FALSE,"MGUS",8.88580616161616,10.3341580701754,-1.44835190855928,"MGUS
(n = 45)"
"CHIPID4000058","M200059","RNBX_WB_MGUS","MGUS",NA,"matched_one_to_one","MGUS",7.91,11.2207270967742,FALSE,FALSE,FALSE,TRUE,TRUE,TRUE,TRUE,"MGUS",12.7171987096774,TRUE,TRUE,"Complete",TRUE,FALSE,"MGUS",8.67570777777778,10.0882284210526,-1.41252064327485,"MGUS
(n = 45)"
"CHIPID4000074","M200075","RNBX_WB_MGUS","MGUS",NA,"matched_one_to_one","MGUS",3.23,10.0629241935484,FALSE,FALSE,FALSE,TRUE,TRUE,TRUE,TRUE,"MGUS",11.0980632258065,TRUE,TRUE,"Complete",TRUE,FALSE,"MGUS",9.46674717171717,10.8510961403509,-1.38434896863371,"MGUS
(n = 45)"
"CHIPID4000019","M200020","RNBX_WB_MGUS","MGUS",NA,"matched_one_to_one","MGUS",2.68,11.7752693548387,FALSE,FALSE,FALSE,TRUE,TRUE,TRUE,TRUE,"MGUS",13.5484906451613,TRUE,TRUE,"Complete",TRUE,FALSE,"MGUS",8.77106282828283,10.1466222807018,-1.37555945241893,"MGUS
(n = 45)"
"CHIPID4000036","M200037","RNBX_WB_MGUS","MGUS",NA,"matched_one_to_one","MGUS",6.36,11.2300729032258,FALSE,FALSE,FALSE,TRUE,TRUE,TRUE,TRUE,"MGUS",12.9930861290323,TRUE,TRUE,"Complete",TRUE,FALSE,"MGUS",8.7648095959596,10.1330233333333,-1.36821373737374,"MGUS
(n = 45)"
"CHIPID4000003","M200004","RNBX_WB_MGUS","MGUS",NA,"matched_one_to_one","MGUS",3.56,9.94418322580645,FALSE,FALSE,FALSE,TRUE,TRUE,TRUE,TRUE,"MGUS",10.9373458064516,TRUE,TRUE,"Complete",TRUE,FALSE,"MGUS",9.08336313131313,10.4445422807018,-1.36117914938862,"MGUS
(n = 45)"
"CHIPID4000014","M200015","RNBX_WB_MGUS","MGUS",NA,"matched_one_to_one","MGUS",2.79,10.3534909677419,FALSE,FALSE,FALSE,TRUE,TRUE,TRUE,TRUE,"MGUS",11.2260616129032,TRUE,TRUE,"Complete",TRUE,FALSE,"MGUS",9.03097101010101,10.3894394736842,-1.3584684635832,"MGUS
(n = 45)"
"CHIPID4000018","M200019","RNBX_WB_MGUS","MGUS",NA,"matched_one_to_one","MGUS",5.38,9.91103806451613,FALSE,FALSE,FALSE,TRUE,TRUE,TRUE,TRUE,"MGUS",11.0022980645161,TRUE,TRUE,"Complete",TRUE,FALSE,"MGUS",9.21129222222222,10.5686775438596,-1.35738532163743,"MGUS
(n = 45)"
"CHIPID4000000","M200001","RNBX_WB_MGUS","MGUS",NA,"matched_one_to_one","MGUS",3.43,11.0308329032258,FALSE,FALSE,FALSE,TRUE,TRUE,TRUE,TRUE,"MGUS",12.4201764516129,TRUE,TRUE,"Complete",TRUE,FALSE,"MGUS",9.11948535353535,10.4590187719298,-1.33953341839447,"MGUS
(n = 45)"
"CHIPID4000031","M200032","RNBX_WB_MGUS","MGUS",NA,"matched_one_to_one","MGUS",7.83,9.73787612903226,FALSE,FALSE,FALSE,TRUE,TRUE,TRUE,TRUE,"MGUS",11.0173422580645,TRUE,TRUE,"Complete",TRUE,FALSE,"MGUS",8.60247454545454,9.94141385964912,-1.33893931419458,"MGUS
(n = 45)"
"CHIPID4000026","M200027","RNBX_WB_MGUS","MGUS",NA,"matched_one_to_one","MGUS",1.66,11.0310890322581,FALSE,FALSE,FALSE,TRUE,TRUE,TRUE,TRUE,"MGUS",12.707624516129,TRUE,TRUE,"Complete",TRUE,FALSE,"MGUS",8.96259868686869,10.2972998245614,-1.33470113769272,"MGUS
(n = 45)"
"CHIPID4000045","M200046","RNBX_WB_MGUS","MGUS",NA,"matched_one_to_one","MGUS",2.11,10.7463816129032,FALSE,FALSE,FALSE,TRUE,TRUE,TRUE,TRUE,"MGUS",12.2741903225806,TRUE,TRUE,"Complete",TRUE,FALSE,"MGUS",9.20856606060606,10.5376492982456,-1.32908323763955,"MGUS
(n = 45)"
"CHIPID4000023","M200024","RNBX_WB_MGUS","MGUS",NA,"matched_one_to_one","MGUS",4.92,10.5435848387097,FALSE,FALSE,FALSE,TRUE,TRUE,TRUE,TRUE,"MGUS",11.8054125806452,TRUE,TRUE,"Complete",TRUE,FALSE,"MGUS",8.87501181818182,10.1976387719298,-1.32262695374801,"MGUS
(n = 45)"
"CHIPID4000015","M200016","RNBX_WB_MGUS","MGUS",NA,"matched_one_to_one","MGUS",6.94,10.3174916129032,FALSE,FALSE,FALSE,TRUE,TRUE,TRUE,TRUE,"MGUS",11.7323283870968,TRUE,TRUE,"Complete",TRUE,FALSE,"MGUS",9.29729606060606,10.6174954385965,-1.32019937799043,"MGUS
(n = 45)"
"CHIPID4000049","M200050","RNBX_WB_MGUS","MGUS",NA,"matched_one_to_one","MGUS",6.26,11.3278909677419,FALSE,FALSE,FALSE,TRUE,TRUE,TRUE,TRUE,"MGUS",13.0061416129032,TRUE,TRUE,"Complete",TRUE,FALSE,"MGUS",8.84347848484848,10.1629442105263,-1.31946572567783,"MGUS
(n = 45)"
"CHIPID4000060","M200061","RNBX_WB_MGUS","MGUS",NA,"matched_one_to_one","MGUS",4.68,11.3531687096774,FALSE,FALSE,FALSE,TRUE,TRUE,TRUE,TRUE,"MGUS",13.0656861290323,TRUE,TRUE,"Complete",TRUE,FALSE,"MGUS",9.57637575757576,10.8941745614035,-1.31779880382775,"MGUS
(n = 45)"
"CHIPID4000006","M200007","RNBX_WB_MGUS","MGUS",NA,"matched_one_to_one","MGUS",7.47,10.2727722580645,FALSE,FALSE,FALSE,TRUE,TRUE,TRUE,TRUE,"MGUS",11.3824470967742,TRUE,TRUE,"Complete",TRUE,FALSE,"MGUS",9.26733757575758,10.5724370175439,-1.30509944178628,"MGUS
(n = 45)"
"CHIPID4000051","M200052","RNBX_WB_MGUS","MGUS",NA,"matched_one_to_one","MGUS",8.54,10.3380351612903,FALSE,FALSE,FALSE,TRUE,TRUE,TRUE,TRUE,"MGUS",11.5806419354839,TRUE,TRUE,"Complete",TRUE,FALSE,"MGUS",8.78726212121212,10.0819987719298,-1.2947366507177,"MGUS
(n = 45)"
"CHIPID4000057","M200058","RNBX_WB_MGUS","MGUS",NA,"matched_one_to_one","MGUS",4.37,11.84628,FALSE,FALSE,FALSE,TRUE,TRUE,TRUE,TRUE,"MGUS",13.84322,TRUE,TRUE,"Complete",TRUE,FALSE,"MGUS",8.83632515151515,10.1199345614035,-1.28360940988836,"MGUS
(n = 45)"
"CHIPID4000022","M200023","RNBX_WB_MGUS","MGUS",NA,"matched_one_to_one","MGUS",1.58,10.0918803225806,FALSE,FALSE,FALSE,TRUE,TRUE,TRUE,TRUE,"MGUS",11.1869148387097,TRUE,TRUE,"Complete",TRUE,FALSE,"MGUS",8.79860303030303,10.0802468421053,-1.28164381180223,"MGUS
(n = 45)"
"CHIPID4000037","M200038","RNBX_WB_MGUS","MGUS",NA,"matched_one_to_one","MGUS",2.95,10.3092080645161,FALSE,FALSE,FALSE,TRUE,TRUE,TRUE,TRUE,"MGUS",11.341724516129,TRUE,TRUE,"Complete",TRUE,FALSE,"MGUS",8.77318111111111,10.0129257894737,-1.23974467836257,"MGUS
(n = 45)"
"CHIPID4000046","M200047","RNBX_WB_MGUS","MGUS",NA,"matched_one_to_one","MGUS",3.32,10.967044516129,FALSE,FALSE,FALSE,TRUE,TRUE,TRUE,TRUE,"MGUS",12.466014516129,TRUE,TRUE,"Complete",TRUE,FALSE,"MGUS",8.86391525252525,10.0987698245614,-1.23485457203615,"MGUS
(n = 45)"
"CHIPID4000004","M200005","RNBX_WB_MGUS","MGUS",NA,"matched_one_to_one","MGUS",5.67,10.7893661290323,FALSE,FALSE,FALSE,TRUE,TRUE,TRUE,TRUE,"MGUS",12.1093161290323,TRUE,TRUE,"Complete",TRUE,FALSE,"MGUS",8.95889090909091,10.1933952631579,-1.23450435406698,"MGUS
(n = 45)"
"CHIPID4000035","M200036","RNBX_WB_MGUS","MGUS",NA,"matched_one_to_one","MGUS",8.83,9.74283258064516,FALSE,FALSE,FALSE,TRUE,TRUE,TRUE,TRUE,"MGUS",10.9583758064516,TRUE,TRUE,"Complete",TRUE,FALSE,"MGUS",9.53636404040404,10.7665985964912,-1.23023455608719,"MGUS
(n = 45)"
"CHIPID4000039","M200040","RNBX_WB_MGUS","MGUS",NA,"matched_one_to_one","MGUS",7.15,11.7045835483871,FALSE,FALSE,FALSE,TRUE,TRUE,TRUE,TRUE,"MGUS",13.5256564516129,TRUE,TRUE,"Complete",TRUE,FALSE,"MGUS",9.09940818181818,10.3124519298246,-1.21304374800638,"MGUS
(n = 45)"
"CHIPID4000044","M200045","RNBX_WB_MGUS","MGUS",NA,"matched_one_to_one","MGUS",8.89,9.70704419354839,FALSE,FALSE,FALSE,TRUE,TRUE,TRUE,TRUE,"MGUS",10.6886951612903,TRUE,TRUE,"Complete",TRUE,FALSE,"MGUS",8.94747535353535,10.1514401754386,-1.20396482190324,"MGUS
(n = 45)"
"CHIPID4000085","M200086","RNBX_WB_MGUS","MGUS",NA,"matched_one_to_one","MGUS",8.71,11.5813474193548,FALSE,FALSE,FALSE,TRUE,TRUE,TRUE,TRUE,"MGUS",13.2116335483871,TRUE,TRUE,"Complete",TRUE,FALSE,"MGUS",9.37809888888889,10.5780350877193,-1.19993619883041,"MGUS
(n = 45)"
"CHIPID4000082","M200083","RNBX_WB_MGUS","MGUS",NA,"matched_one_to_one","MGUS",4.03,11.5474251612903,FALSE,FALSE,FALSE,TRUE,TRUE,TRUE,TRUE,"MGUS",13.4869822580645,TRUE,TRUE,"Complete",TRUE,FALSE,"MGUS",8.79306696969697,9.98223754385965,-1.18917057416268,"MGUS
(n = 45)"
"CHIPID4000075","M200076","RNBX_WB_MGUS","MGUS",NA,"matched_one_to_one","MGUS",6.47,10.7961551612903,FALSE,FALSE,FALSE,TRUE,TRUE,TRUE,TRUE,"MGUS",12.3352783870968,TRUE,TRUE,"Complete",TRUE,FALSE,"MGUS",8.61243070707071,9.79778070175439,-1.18534999468368,"MGUS
(n = 45)"
"CHIPID4000001","M200002","RNBX_WB_MGUS","MGUS",NA,"matched_one_to_one","MGUS",4.04,10.0859087096774,FALSE,FALSE,FALSE,TRUE,TRUE,TRUE,TRUE,"MGUS",11.2658058064516,TRUE,TRUE,"Complete",TRUE,FALSE,"MGUS",9.1094996969697,10.2851594736842,-1.17565977671451,"MGUS
(n = 45)"
"CHIPID4000073","M200074","RNBX_WB_MGUS","MGUS",NA,"matched_one_to_one","MGUS",3.05,9.92991741935484,FALSE,FALSE,FALSE,TRUE,TRUE,TRUE,TRUE,"MGUS",10.9902396774194,TRUE,TRUE,"Complete",TRUE,FALSE,"MGUS",8.98518484848485,10.1574610526316,-1.17227620414673,"MGUS
(n = 45)"
"CHIPID4000012","M200013","RNBX_WB_MGUS","MGUS",NA,"matched_one_to_one","MGUS",2.16,10.4345235483871,FALSE,FALSE,FALSE,TRUE,TRUE,TRUE,TRUE,"MGUS",11.6291006451613,TRUE,TRUE,"Complete",TRUE,FALSE,"MGUS",9.23667545454546,10.3969973684211,-1.1603219138756,"MGUS
(n = 45)"
"CHIPID4000079","M200080","RNBX_WB_MGUS","MGUS",NA,"matched_one_to_one","MGUS",4.01,10.2145580645161,FALSE,FALSE,FALSE,TRUE,TRUE,TRUE,TRUE,"MGUS",11.3696441935484,TRUE,TRUE,"Complete",TRUE,FALSE,"MGUS",9.13361727272727,10.2775612280702,-1.1439439553429,"MGUS
(n = 45)"
"CHIPID4000020","M200021","RNBX_WB_MGUS","MGUS",NA,"matched_one_to_one","MGUS",6.05,10.7782293548387,FALSE,FALSE,FALSE,TRUE,TRUE,TRUE,TRUE,"MGUS",12.314785483871,TRUE,TRUE,"Complete",TRUE,FALSE,"MGUS",8.82283828282828,9.96182894736842,-1.13899066454014,"MGUS
(n = 45)"
"CHIPID4000047","M200048","RNBX_WB_MGUS","MGUS",NA,"matched_one_to_one","MGUS",3.97,10.6980129032258,FALSE,FALSE,FALSE,TRUE,TRUE,TRUE,TRUE,"MGUS",12.3466651612903,TRUE,TRUE,"Complete",TRUE,FALSE,"MGUS",9.30795545454546,10.425490877193,-1.11753542264753,"MGUS
(n = 45)"
"CHIPID4000040","M200041","RNBX_WB_MGUS","MGUS",NA,"matched_one_to_one","MGUS",8.25,9.95315193548387,FALSE,FALSE,FALSE,TRUE,TRUE,TRUE,TRUE,"MGUS",11.07621,TRUE,TRUE,"Complete",TRUE,FALSE,"MGUS",8.98642898989899,10.0985477192982,-1.11211872939926,"MGUS
(n = 45)"
"CHIPID4000030","M200031","RNBX_WB_MGUS","MGUS",NA,"matched_one_to_one","MGUS",8.61,10.2849019354839,FALSE,FALSE,FALSE,TRUE,TRUE,TRUE,TRUE,"MGUS",11.6063767741935,TRUE,TRUE,"Complete",TRUE,FALSE,"MGUS",9.02417949494949,10.122030877193,-1.09785138224349,"MGUS
(n = 45)"
"CHIPID4000066","M200067","RNBX_WB_MGUS","MGUS",NA,"matched_one_to_one","MGUS",1.98,10.5721422580645,FALSE,FALSE,FALSE,TRUE,TRUE,TRUE,TRUE,"MGUS",12.0622593548387,TRUE,TRUE,"Complete",TRUE,FALSE,"MGUS",8.71688373737374,9.74440298245614,-1.0275192450824,"MGUS
(n = 45)"
"CHIPID4000010","M200011","RNBX_WB_MGUS","MGUS",NA,"matched_one_to_one","MGUS",1.76,10.9163609677419,FALSE,FALSE,FALSE,TRUE,TRUE,TRUE,TRUE,"MGUS",12.2402625806452,TRUE,TRUE,"Complete",TRUE,FALSE,"MGUS",8.63231393939394,9.6332001754386,-1.00088623604466,"MGUS
(n = 45)"
"CHIPID4000029","M200030","RNBX_WB_MGUS","MGUS",NA,"matched_one_to_one","MGUS",7.99,10.1293432258065,FALSE,FALSE,FALSE,TRUE,TRUE,TRUE,TRUE,"MGUS",11.2840196774194,TRUE,TRUE,"Complete",TRUE,FALSE,"MGUS",9.31476838383838,10.2832129824561,-0.968444598617756,"MGUS
(n = 45)"
"CHIPID2000455","P100456","RNBX_WB_NDMM","GEP1q-CN2/PolyIG-high",NA,"matched_one_to_one","NDMM",18.85,11.1587429032258,FALSE,FALSE,TRUE,FALSE,TRUE,TRUE,TRUE,"GEP1q-CN2/PolyIG-high",12.633495483871,TRUE,TRUE,"Complete",FALSE,FALSE,NA,8.12859494949495,11.1395447368421,-3.01094978734715,"CN2/PolyIG-high
(n = 82)"
"CHIPID2000060","P100061","RNBX_WB_NDMM","GEP1q-CN2/PolyIG-high",NA,"matched_one_to_one","NDMM",5.92,11.2641109677419,FALSE,FALSE,TRUE,FALSE,TRUE,TRUE,TRUE,"GEP1q-CN2/PolyIG-high",12.8978967741935,TRUE,TRUE,"Complete",FALSE,FALSE,NA,8.00950606060606,10.6238326315789,-2.61432657097289,"CN2/PolyIG-high
(n = 82)"
"CHIPID2000131","P100132","RNBX_WB_NDMM","GEP1q-CN2/PolyIG-high",NA,"matched_one_to_one","NDMM",57.46,10.6395664516129,FALSE,FALSE,TRUE,FALSE,TRUE,TRUE,TRUE,"GEP1q-CN2/PolyIG-high",12.1032464516129,TRUE,TRUE,"Complete",FALSE,FALSE,NA,8.55211575757576,11.0256147368421,-2.47349897926635,"CN2/PolyIG-high
(n = 82)"
"CHIPID2000285","P100286","RNBX_WB_NDMM","GEP1q-CN2/PolyIG-high",NA,"matched_one_to_one","NDMM",32.84,10.4303832258065,FALSE,FALSE,TRUE,FALSE,TRUE,TRUE,TRUE,"GEP1q-CN2/PolyIG-high",11.7068403225806,TRUE,TRUE,"Complete",FALSE,FALSE,NA,7.90614565656566,10.3517050877193,-2.44555943115364,"CN2/PolyIG-high
(n = 82)"
"CHIPID2000357","P100358","RNBX_WB_NDMM","GEP1q-CN2/PolyIG-high",NA,"matched_one_to_one","NDMM",37.47,10.5114916129032,FALSE,FALSE,TRUE,FALSE,TRUE,TRUE,TRUE,"GEP1q-CN2/PolyIG-high",11.8105003225806,TRUE,TRUE,"Complete",FALSE,FALSE,NA,8.76954232323232,10.9756901754386,-2.20614785220627,"CN2/PolyIG-high
(n = 82)"
"CHIPID2000505","P100506","RNBX_WB_NDMM","GEP1q-CN2/PolyIG-high",NA,"matched_one_to_one","NDMM",13.37,11.3555738709677,FALSE,FALSE,TRUE,FALSE,TRUE,TRUE,TRUE,"GEP1q-CN2/PolyIG-high",13.1442693548387,TRUE,TRUE,"Complete",FALSE,FALSE,NA,8.68338929292929,10.7865489473684,-2.10315965443913,"CN2/PolyIG-high
(n = 82)"
"CHIPID2000179","P100180","RNBX_WB_NDMM","GEP1q-CN2/PolyIG-high",NA,"matched_one_to_one","NDMM",14.45,10.1307132258065,FALSE,FALSE,TRUE,FALSE,TRUE,TRUE,TRUE,"GEP1q-CN2/PolyIG-high",11.3378658064516,TRUE,TRUE,"Complete",FALSE,FALSE,NA,8.73406262626263,10.8058426315789,-2.07178000531632,"CN2/PolyIG-high
(n = 82)"
"CHIPID2000333","P100334","RNBX_WB_NDMM","GEP1q-CN2/PolyIG-high",NA,"matched_one_to_one","NDMM",25.11,10.58014,FALSE,FALSE,TRUE,FALSE,TRUE,TRUE,TRUE,"GEP1q-CN2/PolyIG-high",12.1795009677419,TRUE,TRUE,"Complete",FALSE,FALSE,NA,8.50432353535354,10.472691754386,-1.96836821903243,"CN2/PolyIG-high
(n = 82)"
"CHIPID2000542","P100543","RNBX_WB_NDMM","GEP1q-CN2/PolyIG-high",NA,"matched_one_to_one","NDMM",10.14,11.4204116129032,FALSE,FALSE,TRUE,FALSE,TRUE,TRUE,TRUE,"GEP1q-CN2/PolyIG-high",12.9025587096774,TRUE,TRUE,"Complete",FALSE,FALSE,NA,8.69534777777778,10.6127342105263,-1.91738643274854,"CN2/PolyIG-high
(n = 82)"
"CHIPID2000460","P100461","RNBX_WB_NDMM","GEP1q-CN2/PolyIG-high",NA,"matched_one_to_one","NDMM",43.8,11.0695338709677,FALSE,FALSE,TRUE,FALSE,TRUE,TRUE,TRUE,"GEP1q-CN2/PolyIG-high",12.6596883870968,TRUE,TRUE,"Complete",FALSE,FALSE,NA,8.26635727272727,10.1760768421053,-1.90971956937799,"CN2/PolyIG-high
(n = 82)"
"CHIPID2000330","P100331","RNBX_WB_NDMM","GEP1q-CN2/PolyIG-high",NA,"matched_one_to_one","NDMM",45.18,11.3914761290323,FALSE,FALSE,TRUE,FALSE,TRUE,TRUE,TRUE,"GEP1q-CN2/PolyIG-high",13.2483958064516,TRUE,TRUE,"Complete",FALSE,FALSE,NA,8.5284498989899,10.4175945614035,-1.88914466241361,"CN2/PolyIG-high
(n = 82)"
"CHIPID2000300","P100301","RNBX_WB_NDMM","GEP1q-CN2/PolyIG-high",NA,"matched_one_to_one","NDMM",12.38,10.2480367741935,FALSE,FALSE,TRUE,FALSE,TRUE,TRUE,TRUE,"GEP1q-CN2/PolyIG-high",11.3178938709677,TRUE,TRUE,"Complete",FALSE,FALSE,NA,8.89637797979798,10.7584145614035,-1.86203658160553,"CN2/PolyIG-high
(n = 82)"
"CHIPID2000036","P100037","RNBX_WB_NDMM","GEP1q-CN2/PolyIG-high",NA,"matched_one_to_one","NDMM",37.89,10.9769316129032,FALSE,FALSE,TRUE,FALSE,TRUE,TRUE,TRUE,"GEP1q-CN2/PolyIG-high",12.5600851612903,TRUE,TRUE,"Complete",FALSE,FALSE,NA,8.72966050505051,10.5802256140351,-1.85056510898458,"CN2/PolyIG-high
(n = 82)"
"CHIPID2000346","P100347","RNBX_WB_NDMM","GEP1q-CN2/PolyIG-high",NA,"matched_one_to_one","NDMM",56.06,9.83922032258065,FALSE,FALSE,TRUE,FALSE,TRUE,TRUE,TRUE,"GEP1q-CN2/PolyIG-high",11.1549951612903,TRUE,TRUE,"Complete",FALSE,FALSE,NA,8.62608868686869,10.4367178947368,-1.81062920786816,"CN2/PolyIG-high
(n = 82)"
"CHIPID2000498","P100499","RNBX_WB_NDMM","GEP1q-CN2/PolyIG-high",NA,"matched_one_to_one","NDMM",36.85,11.4595380645161,FALSE,FALSE,TRUE,FALSE,TRUE,TRUE,TRUE,"GEP1q-CN2/PolyIG-high",13.1976525806452,TRUE,TRUE,"Complete",FALSE,FALSE,NA,8.59806636363636,10.3466240350877,-1.74855767145136,"CN2/PolyIG-high
(n = 82)"
"CHIPID2000123","P100124","RNBX_WB_NDMM","GEP1q-CN2/PolyIG-high",NA,"matched_one_to_one","NDMM",23.39,10.7277725806452,FALSE,FALSE,TRUE,FALSE,TRUE,TRUE,TRUE,"GEP1q-CN2/PolyIG-high",12.3100280645161,TRUE,TRUE,"Complete",FALSE,FALSE,NA,8.45140636363636,10.1662071929825,-1.71480082934609,"CN2/PolyIG-high
(n = 82)"
"CHIPID2000093","P100094","RNBX_WB_NDMM","GEP1q-CN2/PolyIG-high",NA,"matched_one_to_one","NDMM",31.67,11.1088096774194,FALSE,FALSE,TRUE,FALSE,TRUE,TRUE,TRUE,"GEP1q-CN2/PolyIG-high",12.7243641935484,TRUE,TRUE,"Complete",FALSE,FALSE,NA,8.65803878787879,10.3592621052632,-1.70122331738437,"CN2/PolyIG-high
(n = 82)"
"CHIPID2000059","P100060","RNBX_WB_NDMM","GEP1q-CN2/PolyIG-high",NA,"matched_one_to_one","NDMM",18.24,9.92668774193548,FALSE,FALSE,TRUE,FALSE,TRUE,TRUE,TRUE,"GEP1q-CN2/PolyIG-high",11.0389996774194,TRUE,TRUE,"Complete",FALSE,FALSE,NA,8.68420808080808,10.3710877192982,-1.68687963849016,"CN2/PolyIG-high
(n = 82)"
"CHIPID2000410","P100411","RNBX_WB_NDMM","GEP1q-CN2/PolyIG-high",NA,"matched_one_to_one","NDMM",8.3,10.5845116129032,FALSE,FALSE,TRUE,FALSE,TRUE,TRUE,TRUE,"GEP1q-CN2/PolyIG-high",11.86137,TRUE,TRUE,"Complete",FALSE,FALSE,NA,8.45861252525252,10.0897484210526,-1.63113589580011,"CN2/PolyIG-high
(n = 82)"
"CHIPID2000132","P100133","RNBX_WB_NDMM","GEP1q-CN2/PolyIG-high",NA,"matched_one_to_one","NDMM",49.07,10.0940129032258,FALSE,FALSE,TRUE,FALSE,TRUE,TRUE,TRUE,"GEP1q-CN2/PolyIG-high",11.1752990322581,TRUE,TRUE,"Complete",FALSE,FALSE,NA,8.61116767676768,10.2051468421053,-1.59397916533759,"CN2/PolyIG-high
(n = 82)"
"CHIPID2000424","P100425","RNBX_WB_NDMM","GEP1q-CN2/PolyIG-high",NA,"matched_one_to_one","NDMM",19.82,10.1598861290323,FALSE,FALSE,TRUE,FALSE,TRUE,TRUE,TRUE,"GEP1q-CN2/PolyIG-high",11.2114529032258,TRUE,TRUE,"Complete",FALSE,FALSE,NA,9.04664696969697,10.6347012280702,-1.58805425837321,"CN2/PolyIG-high
(n = 82)"
"CHIPID2000154","P100155","RNBX_WB_NDMM","GEP1q-CN2/PolyIG-high",NA,"matched_one_to_one","NDMM",6.12,11.1370770967742,FALSE,FALSE,TRUE,FALSE,TRUE,TRUE,TRUE,"GEP1q-CN2/PolyIG-high",12.8127019354839,TRUE,TRUE,"Complete",FALSE,FALSE,NA,8.84202232323232,10.4151042105263,-1.57308188729399,"CN2/PolyIG-high
(n = 82)"
"CHIPID2000309","P100310","RNBX_WB_NDMM","GEP1q-CN2/PolyIG-high",NA,"matched_one_to_one","NDMM",37.03,10.556655483871,FALSE,FALSE,TRUE,FALSE,TRUE,TRUE,TRUE,"GEP1q-CN2/PolyIG-high",12.008515483871,TRUE,TRUE,"Complete",FALSE,FALSE,NA,9.01451161616162,10.5779135087719,-1.56340189261031,"CN2/PolyIG-high
(n = 82)"
"CHIPID2000267","P100268","RNBX_WB_NDMM","GEP1q-CN2/PolyIG-high",NA,"matched_one_to_one","NDMM",29.61,9.96384258064516,FALSE,FALSE,TRUE,FALSE,TRUE,TRUE,TRUE,"GEP1q-CN2/PolyIG-high",11.143375483871,TRUE,TRUE,"Complete",FALSE,FALSE,NA,8.81687727272727,10.3226510526316,-1.50577377990431,"CN2/PolyIG-high
(n = 82)"
"CHIPID2000353","P100354","RNBX_WB_NDMM","GEP1q-CN2/PolyIG-high",NA,"matched_one_to_one","NDMM",27.15,10.5509096774194,FALSE,FALSE,TRUE,FALSE,TRUE,TRUE,TRUE,"GEP1q-CN2/PolyIG-high",11.6633706451613,TRUE,TRUE,"Complete",FALSE,FALSE,NA,8.87682575757576,10.3777568421053,-1.50093108452951,"CN2/PolyIG-high
(n = 82)"
"CHIPID2000095","P100096","RNBX_WB_NDMM","GEP1q-CN2/PolyIG-high",NA,"matched_one_to_one","NDMM",13.09,9.97418741935484,FALSE,FALSE,TRUE,FALSE,TRUE,TRUE,TRUE,"GEP1q-CN2/PolyIG-high",11.1455832258065,TRUE,TRUE,"Complete",FALSE,FALSE,NA,8.95365727272727,10.424929122807,-1.47127185007974,"CN2/PolyIG-high
(n = 82)"
"CHIPID2000127","P100128","RNBX_WB_NDMM","GEP1q-CN2/PolyIG-high",NA,"matched_one_to_one","NDMM",36.84,9.91552258064516,FALSE,FALSE,TRUE,FALSE,TRUE,TRUE,TRUE,"GEP1q-CN2/PolyIG-high",11.0101335483871,TRUE,TRUE,"Complete",FALSE,FALSE,NA,9.01575585858586,10.4444884210526,-1.42873256246677,"CN2/PolyIG-high
(n = 82)"
"CHIPID2000553","P100554","RNBX_WB_NDMM","GEP1q-CN2/PolyIG-high",NA,"matched_one_to_one","NDMM",28.47,10.4127938709677,FALSE,FALSE,TRUE,FALSE,TRUE,TRUE,TRUE,"GEP1q-CN2/PolyIG-high",11.6476080645161,TRUE,TRUE,"Complete",FALSE,FALSE,NA,8.70306525252525,10.1124598245614,-1.40939457203615,"CN2/PolyIG-high
(n = 82)"
"CHIPID2000363","P100364","RNBX_WB_NDMM","GEP1q-CN2/PolyIG-high",NA,"matched_one_to_one","NDMM",24,10.2370425806452,FALSE,FALSE,TRUE,FALSE,TRUE,TRUE,TRUE,"GEP1q-CN2/PolyIG-high",11.24356,TRUE,TRUE,"Complete",FALSE,FALSE,NA,9.09734949494949,10.5061061403509,-1.40875664540138,"CN2/PolyIG-high
(n = 82)"
"CHIPID2000396","P100397","RNBX_WB_NDMM","GEP1q-CN2/PolyIG-high",NA,"matched_one_to_one","NDMM",5.49,9.99424258064516,FALSE,FALSE,TRUE,FALSE,TRUE,TRUE,TRUE,"GEP1q-CN2/PolyIG-high",11.1824048387097,TRUE,TRUE,"Complete",FALSE,FALSE,NA,9.01504858585859,10.4185835087719,-1.40353492291334,"CN2/PolyIG-high
(n = 82)"
"CHIPID2000562","P100563","RNBX_WB_NDMM","GEP1q-CN2/PolyIG-high",NA,"matched_one_to_one","NDMM",31.41,10.7981309677419,FALSE,FALSE,TRUE,FALSE,TRUE,TRUE,TRUE,"GEP1q-CN2/PolyIG-high",12.1455974193548,TRUE,TRUE,"Complete",FALSE,FALSE,NA,9.14081,10.4816577192982,-1.34084771929825,"CN2/PolyIG-high
(n = 82)"
"CHIPID2000520","P100521","RNBX_WB_NDMM","GEP1q-CN2/PolyIG-high",NA,"matched_one_to_one","NDMM",50.35,10.9683296774194,FALSE,FALSE,TRUE,FALSE,TRUE,TRUE,TRUE,"GEP1q-CN2/PolyIG-high",12.6105816129032,TRUE,TRUE,"Complete",FALSE,FALSE,NA,8.85716222222222,10.1883436842105,-1.3311814619883,"CN2/PolyIG-high
(n = 82)"
"CHIPID2000062","P100063","RNBX_WB_NDMM","GEP1q-CN2/PolyIG-high",NA,"matched_one_to_one","NDMM",43.55,10.3136958064516,FALSE,FALSE,TRUE,FALSE,TRUE,TRUE,TRUE,"GEP1q-CN2/PolyIG-high",11.2544183870968,TRUE,TRUE,"Complete",FALSE,FALSE,NA,8.78086383838384,10.0477638596491,-1.26690002126528,"CN2/PolyIG-high
(n = 82)"
"CHIPID2000476","P100477","RNBX_WB_NDMM","GEP1q-CN2/PolyIG-high",NA,"matched_one_to_one","NDMM",41.27,10.0766812903226,FALSE,FALSE,TRUE,FALSE,TRUE,TRUE,TRUE,"GEP1q-CN2/PolyIG-high",11.11743,TRUE,TRUE,"Complete",FALSE,FALSE,NA,8.98156070707071,10.2084115789474,-1.22685087187666,"CN2/PolyIG-high
(n = 82)"
"CHIPID2000091","P100092","RNBX_WB_NDMM","GEP1q-CN2/PolyIG-high",NA,"matched_one_to_one","NDMM",38.76,11.5362916129032,FALSE,FALSE,TRUE,FALSE,TRUE,TRUE,TRUE,"GEP1q-CN2/PolyIG-high",13.2282741935484,TRUE,TRUE,"Complete",FALSE,FALSE,NA,8.79374878787879,9.9988698245614,-1.20512103668262,"CN2/PolyIG-high
(n = 82)"
"CHIPID2000254","P100255","RNBX_WB_NDMM","GEP1q-CN2/PolyIG-high",NA,"matched_one_to_one","NDMM",53.59,10.5114164516129,FALSE,FALSE,TRUE,FALSE,TRUE,TRUE,TRUE,"GEP1q-CN2/PolyIG-high",12.0789693548387,TRUE,TRUE,"Complete",FALSE,FALSE,NA,9.28671686868687,10.4846568421053,-1.19793997341839,"CN2/PolyIG-high
(n = 82)"
"CHIPID2000534","P100535","RNBX_WB_NDMM","GEP1q-CN2/PolyIG-high",NA,"matched_one_to_one","NDMM",19.92,10.3967077419355,FALSE,FALSE,TRUE,FALSE,TRUE,TRUE,TRUE,"GEP1q-CN2/PolyIG-high",11.6734877419355,TRUE,TRUE,"Complete",FALSE,FALSE,NA,8.96266949494949,10.158828245614,-1.19615875066454,"CN2/PolyIG-high
(n = 82)"
"CHIPID2000080","P100081","RNBX_WB_NDMM","GEP1q-CN2/PolyIG-high",NA,"matched_one_to_one","NDMM",52.22,10.3659041935484,FALSE,FALSE,TRUE,FALSE,TRUE,TRUE,TRUE,"GEP1q-CN2/PolyIG-high",11.6772112903226,TRUE,TRUE,"Complete",FALSE,FALSE,NA,8.92039292929293,10.0558352631579,-1.13544233386497,"CN2/PolyIG-high
(n = 82)"
"CHIPID2000510","P100511","RNBX_WB_NDMM","GEP1q-CN2/PolyIG-high",NA,"matched_one_to_one","NDMM",7.06,10.3973796774194,FALSE,FALSE,TRUE,FALSE,TRUE,TRUE,TRUE,"GEP1q-CN2/PolyIG-high",11.5893229032258,TRUE,TRUE,"Complete",FALSE,FALSE,NA,9.29382767676768,10.4097542105263,-1.11592653375864,"CN2/PolyIG-high
(n = 82)"
"CHIPID2000541","P100542","RNBX_WB_NDMM","GEP1q-CN2/PolyIG-high",NA,"matched_one_to_one","NDMM",17.33,10.4316361290323,FALSE,FALSE,TRUE,FALSE,TRUE,TRUE,TRUE,"GEP1q-CN2/PolyIG-high",11.67817,TRUE,TRUE,"Complete",FALSE,FALSE,NA,8.82111474747475,9.93602456140351,-1.11490981392876,"CN2/PolyIG-high
(n = 82)"
"CHIPID2000207","P100208","RNBX_WB_NDMM","GEP1q-CN2/PolyIG-high",NA,"matched_one_to_one","NDMM",24.15,10.0036980645161,FALSE,FALSE,TRUE,FALSE,TRUE,TRUE,TRUE,"GEP1q-CN2/PolyIG-high",11.0155580645161,TRUE,TRUE,"Complete",FALSE,FALSE,NA,9.21661707070707,10.3246377192982,-1.10802064859118,"CN2/PolyIG-high
(n = 82)"
"CHIPID2000504","P100505","RNBX_WB_NDMM","GEP1q-CN2/PolyIG-high",NA,"matched_one_to_one","NDMM",46.32,10.0765977419355,FALSE,FALSE,TRUE,FALSE,TRUE,TRUE,TRUE,"GEP1q-CN2/PolyIG-high",11.312134516129,TRUE,TRUE,"Complete",FALSE,FALSE,NA,8.86016707070707,9.95817105263158,-1.09800398192451,"CN2/PolyIG-high
(n = 82)"
"CHIPID2000172","P100173","RNBX_WB_NDMM","GEP1q-CN2/PolyIG-high",NA,"matched_one_to_one","NDMM",6.46,10.1158603225806,FALSE,FALSE,TRUE,FALSE,TRUE,TRUE,TRUE,"GEP1q-CN2/PolyIG-high",11.0502964516129,TRUE,TRUE,"Complete",FALSE,FALSE,NA,9.08668070707071,10.166700877193,-1.08002017012227,"CN2/PolyIG-high
(n = 82)"
"CHIPID2000269","P100270","RNBX_WB_NDMM","GEP1q-CN2/PolyIG-high",NA,"matched_one_to_one","NDMM",8.63,10.8529803225806,FALSE,FALSE,TRUE,FALSE,TRUE,TRUE,TRUE,"GEP1q-CN2/PolyIG-high",12.21192,TRUE,TRUE,"Complete",FALSE,FALSE,NA,9.3331401010101,10.4095650877193,-1.0764249867092,"CN2/PolyIG-high
(n = 82)"
"CHIPID2000393","P100394","RNBX_WB_NDMM","GEP1q-CN2/PolyIG-high",NA,"matched_one_to_one","NDMM",17.75,10.2500487096774,FALSE,FALSE,TRUE,FALSE,TRUE,TRUE,TRUE,"GEP1q-CN2/PolyIG-high",11.6675732258065,TRUE,TRUE,"Complete",FALSE,FALSE,NA,9.15685676767677,10.2126698245614,-1.05581305688464,"CN2/PolyIG-high
(n = 82)"
"CHIPID2000012","P100013","RNBX_WB_NDMM","GEP1q-CN2/PolyIG-high",NA,"matched_one_to_one","NDMM",42.93,10.1286429032258,FALSE,FALSE,TRUE,FALSE,TRUE,TRUE,TRUE,"GEP1q-CN2/PolyIG-high",11.4858632258065,TRUE,TRUE,"Complete",FALSE,FALSE,NA,9.19356808080808,10.2330928070175,-1.03952472620946,"CN2/PolyIG-high
(n = 82)"
"CHIPID2000222","P100223","RNBX_WB_NDMM","GEP1q-CN2/PolyIG-high",NA,"matched_one_to_one","NDMM",14.55,10.3309051612903,FALSE,FALSE,TRUE,FALSE,TRUE,TRUE,TRUE,"GEP1q-CN2/PolyIG-high",11.7561683870968,TRUE,TRUE,"Complete",FALSE,FALSE,NA,9.43628565656566,10.3958001754386,-0.95951451887294,"CN2/PolyIG-high
(n = 82)"
"CHIPID2000511","P100512","RNBX_WB_NDMM","GEP1q-CN2/PolyIG-high",NA,"matched_one_to_one","NDMM",45.72,9.82893548387097,FALSE,FALSE,TRUE,FALSE,TRUE,TRUE,TRUE,"GEP1q-CN2/PolyIG-high",11.0208058064516,TRUE,TRUE,"Complete",FALSE,FALSE,NA,8.99603343434343,9.93293087719298,-0.936897442849547,"CN2/PolyIG-high
(n = 82)"
"CHIPID2000443","P100444","RNBX_WB_NDMM","GEP1q-CN2/PolyIG-high",NA,"matched_one_to_one","NDMM",36,10.0428270967742,FALSE,FALSE,TRUE,FALSE,TRUE,TRUE,TRUE,"GEP1q-CN2/PolyIG-high",11.2654103225806,TRUE,TRUE,"Complete",FALSE,FALSE,NA,8.96632545454545,9.80204473684211,-0.835719282296651,"CN2/PolyIG-high
(n = 82)"
"CHIPID2000426","P100427","RNBX_WB_NDMM","GEP1q-CN2/PolyIG-high",NA,"matched_one_to_one","NDMM",24.03,10.623075483871,FALSE,FALSE,TRUE,FALSE,TRUE,TRUE,TRUE,"GEP1q-CN2/PolyIG-high",11.9026325806452,TRUE,TRUE,"Complete",FALSE,FALSE,NA,9.01994666666667,9.79701701754386,-0.777070350877194,"CN2/PolyIG-high
(n = 82)"
"CHIPID2000117","P100118","RNBX_WB_NDMM","GEP1q-CN2/PolyIG-high",NA,"matched_one_to_one","NDMM",43.85,10.1595267741935,FALSE,FALSE,TRUE,FALSE,TRUE,TRUE,TRUE,"GEP1q-CN2/PolyIG-high",11.3335880645161,TRUE,TRUE,"Complete",FALSE,FALSE,NA,9.17768282828283,9.93272964912281,-0.755046820839979,"CN2/PolyIG-high
(n = 82)"
"CHIPID2000445","P100446","RNBX_WB_NDMM","GEP1q-CN2/PolyIG-high",NA,"matched_one_to_one","NDMM",22.15,10.2532616129032,FALSE,FALSE,TRUE,FALSE,TRUE,TRUE,TRUE,"GEP1q-CN2/PolyIG-high",11.4960132258065,TRUE,TRUE,"Complete",FALSE,FALSE,NA,9.52501202020202,10.2583896491228,-0.733377628920787,"CN2/PolyIG-high
(n = 82)"
"CHIPID2000469","P100470","RNBX_WB_NDMM","GEP1q-CN2/PolyIG-high",NA,"matched_one_to_one","NDMM",55.29,10.0389758064516,FALSE,FALSE,TRUE,FALSE,TRUE,TRUE,TRUE,"GEP1q-CN2/PolyIG-high",11.0553361290323,TRUE,TRUE,"Complete",FALSE,FALSE,NA,8.90057151515152,9.58863824561404,-0.68806673046252,"CN2/PolyIG-high
(n = 82)"
"CHIPID2000440","P100441","RNBX_WB_NDMM","GEP1q-CN2/PolyIG-high",NA,"matched_one_to_one","NDMM",12.85,9.9537264516129,FALSE,FALSE,TRUE,FALSE,TRUE,TRUE,TRUE,"GEP1q-CN2/PolyIG-high",11.161965483871,TRUE,TRUE,"Complete",FALSE,FALSE,NA,9.28896939393939,9.8568150877193,-0.567845693779903,"CN2/PolyIG-high
(n = 82)"
"CHIPID2000218","P100219","RNBX_WB_NDMM","GEP1q-CN2/PolyIG-high",NA,"matched_one_to_one","NDMM",46.83,10.5489358064516,FALSE,FALSE,TRUE,FALSE,TRUE,TRUE,TRUE,"GEP1q-CN2/PolyIG-high",11.6803303225806,TRUE,TRUE,"Complete",FALSE,FALSE,NA,9.56388939393939,10.1189896491228,-0.555100255183412,"CN2/PolyIG-high
(n = 82)"
"CHIPID2000121","P100122","RNBX_WB_NDMM","GEP1q-CN2/PolyIG-high",NA,"matched_one_to_one","NDMM",5.91,10.5108348387097,FALSE,FALSE,TRUE,FALSE,TRUE,TRUE,TRUE,"GEP1q-CN2/PolyIG-high",11.9657774193548,TRUE,TRUE,"Complete",FALSE,FALSE,NA,9.42103858585859,9.97028280701754,-0.549244221158958,"CN2/PolyIG-high
(n = 82)"
"CHIPID2000539","P100540","RNBX_WB_NDMM","GEP1q-CN2/PolyIG-high",NA,"matched_one_to_one","NDMM",21.36,10.5895512903226,FALSE,FALSE,TRUE,FALSE,TRUE,TRUE,TRUE,"GEP1q-CN2/PolyIG-high",11.7127406451613,TRUE,TRUE,"Complete",FALSE,FALSE,NA,9.58394747474748,10.0993373684211,-0.515389893673577,"CN2/PolyIG-high
(n = 82)"
"CHIPID2000347","P100348","RNBX_WB_NDMM","GEP1q-CN2/PolyIG-high",NA,"matched_one_to_one","NDMM",38.19,10.687825483871,FALSE,FALSE,TRUE,FALSE,TRUE,TRUE,TRUE,"GEP1q-CN2/PolyIG-high",12.0795716129032,TRUE,TRUE,"Complete",FALSE,FALSE,NA,9.61837787878788,10.0829726315789,-0.464594752791069,"CN2/PolyIG-high
(n = 82)"
"CHIPID2000065","P100066","RNBX_WB_NDMM","GEP1q-CN2/PolyIG-high",NA,"matched_one_to_one","NDMM",27.14,10.0003264516129,FALSE,FALSE,TRUE,FALSE,TRUE,TRUE,TRUE,"GEP1q-CN2/PolyIG-high",11.2071212903226,TRUE,TRUE,"Complete",FALSE,FALSE,NA,9.59954343434343,9.93727035087719,-0.337726916533757,"CN2/PolyIG-high
(n = 82)"
"CHIPID2000245","P100246","RNBX_WB_NDMM","GEP1q-CN2/PolyIG-high",NA,"matched_one_to_one","NDMM",26.33,10.3220558064516,FALSE,FALSE,TRUE,FALSE,TRUE,TRUE,TRUE,"GEP1q-CN2/PolyIG-high",11.4409680645161,TRUE,TRUE,"Complete",FALSE,FALSE,NA,9.50528575757576,9.81841631578947,-0.313130558213716,"CN2/PolyIG-high
(n = 82)"
"CHIPID2000186","P100187","RNBX_WB_NDMM","GEP1q-CN2/PolyIG-high",NA,"matched_one_to_one","NDMM",40.44,10.1610103225806,FALSE,FALSE,TRUE,FALSE,TRUE,TRUE,TRUE,"GEP1q-CN2/PolyIG-high",11.2855425806452,TRUE,TRUE,"Complete",FALSE,FALSE,NA,9.53995363636364,9.83786666666667,-0.297913030303031,"CN2/PolyIG-high
(n = 82)"
"CHIPID2000402","P100403","RNBX_WB_NDMM","GEP1q-CN2/PolyIG-high",NA,"matched_one_to_one","NDMM",33.62,10.4423461290323,FALSE,FALSE,TRUE,FALSE,TRUE,TRUE,TRUE,"GEP1q-CN2/PolyIG-high",11.8135341935484,TRUE,TRUE,"Complete",FALSE,FALSE,NA,9.15632121212121,9.44826421052632,-0.291942998405105,"CN2/PolyIG-high
(n = 82)"
"CHIPID2000152","P100153","RNBX_WB_NDMM","GEP1q-CN2/PolyIG-high",NA,"matched_one_to_one","NDMM",43.39,10.1552706451613,FALSE,FALSE,TRUE,FALSE,TRUE,TRUE,TRUE,"GEP1q-CN2/PolyIG-high",11.2704738709677,TRUE,TRUE,"Complete",FALSE,FALSE,NA,9.30776676767677,9.51672105263158,-0.208954284954812,"CN2/PolyIG-high
(n = 82)"
"CHIPID2000043","P100044","RNBX_WB_NDMM","GEP1q-CN2/PolyIG-high",NA,"matched_one_to_one","NDMM",43.07,10.3771812903226,FALSE,FALSE,TRUE,FALSE,TRUE,TRUE,TRUE,"GEP1q-CN2/PolyIG-high",11.6852135483871,TRUE,TRUE,"Complete",FALSE,FALSE,NA,9.84245151515151,10.0245064912281,-0.182054976076556,"CN2/PolyIG-high
(n = 82)"
"CHIPID2000327","P100328","RNBX_WB_NDMM","GEP1q-CN2/PolyIG-high",NA,"matched_one_to_one","NDMM",44.38,10.7745948387097,FALSE,FALSE,TRUE,FALSE,TRUE,TRUE,TRUE,"GEP1q-CN2/PolyIG-high",12.0558838709677,TRUE,TRUE,"Complete",FALSE,FALSE,NA,9.50029202020202,9.62892052631579,-0.12862850611377,"CN2/PolyIG-high
(n = 82)"
"CHIPID2000307","P100308","RNBX_WB_NDMM","GEP1q-CN2/PolyIG-high",NA,"matched_one_to_one","NDMM",23.96,10.1234409677419,FALSE,FALSE,TRUE,FALSE,TRUE,TRUE,TRUE,"GEP1q-CN2/PolyIG-high",11.41266,TRUE,TRUE,"Complete",FALSE,FALSE,NA,9.84124363636364,9.96599947368421,-0.124755837320574,"CN2/PolyIG-high
(n = 82)"
"CHIPID2000138","P100139","RNBX_WB_NDMM","GEP1q-CN2/PolyIG-high",NA,"matched_one_to_one","NDMM",8.28,10.4329022580645,FALSE,FALSE,TRUE,FALSE,TRUE,TRUE,TRUE,"GEP1q-CN2/PolyIG-high",11.5715912903226,TRUE,TRUE,"Complete",FALSE,FALSE,NA,9.40432212121212,9.4937149122807,-0.0893927910685797,"CN2/PolyIG-high
(n = 82)"
"CHIPID2000000","P100001","RNBX_WB_NDMM","GEP1q-CN2/PolyIG-high",NA,"matched_one_to_one","NDMM",36.5,10.2827974193548,FALSE,FALSE,TRUE,FALSE,TRUE,TRUE,TRUE,"GEP1q-CN2/PolyIG-high",11.6351490322581,TRUE,TRUE,"Complete",FALSE,FALSE,NA,9.43211434343434,9.44296263157895,-0.0108482881446044,"CN2/PolyIG-high
(n = 82)"
"CHIPID2000086","P100087","RNBX_WB_NDMM","GEP1q-CN2/PolyIG-high",NA,"matched_one_to_one","NDMM",12.39,11.1746641935484,FALSE,FALSE,TRUE,FALSE,TRUE,TRUE,TRUE,"GEP1q-CN2/PolyIG-high",12.7661764516129,TRUE,TRUE,"Complete",FALSE,FALSE,NA,9.77148777777778,9.72678859649123,0.0446991812865498,"CN2/PolyIG-high
(n = 82)"
"CHIPID2000049","P100050","RNBX_WB_NDMM","GEP1q-CN2/PolyIG-high",NA,"matched_one_to_one","NDMM",53.43,10.2064841935484,FALSE,FALSE,TRUE,FALSE,TRUE,TRUE,TRUE,"GEP1q-CN2/PolyIG-high",11.4500764516129,TRUE,TRUE,"Complete",FALSE,FALSE,NA,9.76633545454546,9.69381877192983,0.07251668261563,"CN2/PolyIG-high
(n = 82)"
"CHIPID2000365","P100366","RNBX_WB_NDMM","GEP1q-CN2/PolyIG-high",NA,"matched_one_to_one","NDMM",33.39,10.1205558064516,FALSE,FALSE,TRUE,FALSE,TRUE,TRUE,TRUE,"GEP1q-CN2/PolyIG-high",11.40807,TRUE,TRUE,"Complete",FALSE,FALSE,NA,9.8860794949495,9.78000912280702,0.106070372142478,"CN2/PolyIG-high
(n = 82)"
"CHIPID2000350","P100351","RNBX_WB_NDMM","GEP1q-CN2/PolyIG-high",NA,"matched_one_to_one","NDMM",25.14,10.0239809677419,FALSE,FALSE,TRUE,FALSE,TRUE,TRUE,TRUE,"GEP1q-CN2/PolyIG-high",11.189505483871,TRUE,TRUE,"Complete",FALSE,FALSE,NA,9.48667434343434,9.3039349122807,0.182739431153641,"CN2/PolyIG-high
(n = 82)"
"CHIPID2000120","P100121","RNBX_WB_NDMM","GEP1q-CN2/PolyIG-high",NA,"matched_one_to_one","NDMM",19.9,10.4911341935484,FALSE,FALSE,TRUE,FALSE,TRUE,TRUE,TRUE,"GEP1q-CN2/PolyIG-high",11.6922151612903,TRUE,TRUE,"Complete",FALSE,FALSE,NA,9.75872787878788,9.54579578947368,0.212932089314194,"CN2/PolyIG-high
(n = 82)"
"CHIPID2000293","P100294","RNBX_WB_NDMM","GEP1q-CN2/PolyIG-high",NA,"matched_one_to_one","NDMM",29.97,9.97144258064516,FALSE,FALSE,TRUE,FALSE,TRUE,TRUE,TRUE,"GEP1q-CN2/PolyIG-high",11.1300490322581,TRUE,TRUE,"Complete",FALSE,FALSE,NA,10.1296849494949,9.85028438596491,0.279400563530038,"CN2/PolyIG-high
(n = 82)"
"CHIPID2000237","P100238","RNBX_WB_NDMM","GEP1q-CN2/PolyIG-high",NA,"matched_one_to_one","NDMM",5.57,10.0776038709677,FALSE,FALSE,TRUE,FALSE,TRUE,TRUE,TRUE,"GEP1q-CN2/PolyIG-high",11.0589819354839,TRUE,TRUE,"Complete",FALSE,FALSE,NA,9.81509737373737,9.3750650877193,0.440032286018075,"CN2/PolyIG-high
(n = 82)"
"CHIPID2000199","P100200","RNBX_WB_NDMM","GEP1q-CN2/PolyIG-high",NA,"matched_one_to_one","NDMM",36.05,10.0116667741935,FALSE,FALSE,TRUE,FALSE,TRUE,TRUE,TRUE,"GEP1q-CN2/PolyIG-high",11.2593609677419,TRUE,TRUE,"Complete",FALSE,FALSE,NA,9.91648101010101,9.44024631578947,0.476234694311538,"CN2/PolyIG-high
(n = 82)"
"CHIPID2000193","P100194","RNBX_WB_NDMM","GEP1q-CN2/PolyIG-high",NA,"matched_one_to_one","NDMM",6.21,9.88085774193548,FALSE,FALSE,TRUE,FALSE,TRUE,TRUE,TRUE,"GEP1q-CN2/PolyIG-high",11.1746390322581,TRUE,TRUE,"Complete",FALSE,FALSE,NA,10.0670608080808,9.56934421052632,0.497716597554492,"CN2/PolyIG-high
(n = 82)"
"CHIPID2000063","P100064","RNBX_WB_NDMM","GEP1q-CN2/PolyIG-high",NA,"matched_one_to_one","NDMM",43.49,9.95044967741936,FALSE,FALSE,TRUE,FALSE,TRUE,TRUE,TRUE,"GEP1q-CN2/PolyIG-high",11.0075983870968,TRUE,TRUE,"Complete",FALSE,FALSE,NA,9.74954606060606,9.17804157894737,0.571504481658692,"CN2/PolyIG-high
(n = 82)"
"CHIPID2000432","P100433","RNBX_WB_NDMM","GEP1q-CN2/PolyIG-high",NA,"matched_one_to_one","NDMM",24.03,10.3392029032258,FALSE,FALSE,TRUE,FALSE,TRUE,TRUE,TRUE,"GEP1q-CN2/PolyIG-high",11.35415,TRUE,TRUE,"Complete",FALSE,FALSE,NA,10.3766917171717,9.79360070175439,0.583091015417331,"CN2/PolyIG-high
(n = 82)"
"CHIPID2000253","P100254","RNBX_WB_NDMM","GEP1q-CN2/PolyIG-high",NA,"matched_one_to_one","NDMM",41.08,9.97177967741935,FALSE,FALSE,TRUE,FALSE,TRUE,TRUE,TRUE,"GEP1q-CN2/PolyIG-high",11.0275961290323,TRUE,TRUE,"Complete",FALSE,FALSE,NA,10.0972081818182,9.35188929824561,0.745318883572567,"CN2/PolyIG-high
(n = 82)"
"CHIPID2000486","P100487","RNBX_WB_NDMM","GEP1q-CN2/PolyIG-high",NA,"matched_one_to_one","NDMM",49.46,10.0926487096774,FALSE,FALSE,TRUE,FALSE,TRUE,TRUE,TRUE,"GEP1q-CN2/PolyIG-high",11.0512141935484,TRUE,TRUE,"Complete",FALSE,FALSE,NA,10.0859631313131,9.29516578947368,0.790797341839447,"CN2/PolyIG-high
(n = 82)"
"CHIPID2000110","P100111","RNBX_WB_NDMM","GEP1q-CN2/PolyIG-high",NA,"matched_one_to_one","NDMM",36.42,10.1109387096774,FALSE,FALSE,TRUE,FALSE,TRUE,TRUE,TRUE,"GEP1q-CN2/PolyIG-high",11.2333674193548,TRUE,TRUE,"Complete",FALSE,FALSE,NA,10.5633625252525,9.47869350877193,1.0846690164806,"CN2/PolyIG-high
(n = 82)"
"CHIPID2000296","P100297","RNBX_WB_NDMM","GEP1q-CN>=3/PolyIG-high",NA,"matched_one_to_one","NDMM",31.47,11.0345012903226,FALSE,FALSE,TRUE,FALSE,TRUE,TRUE,TRUE,"GEP1q-CN>=3/PolyIG-high",12.6106990322581,TRUE,TRUE,"Complete",FALSE,FALSE,NA,8.13196767676768,11.1925264912281,-3.06055881446039,"CN≥3/PolyIG-high
(n = 47)"
"CHIPID2000002","P100003","RNBX_WB_NDMM","GEP1q-CN>=3/PolyIG-high",NA,"matched_one_to_one","NDMM",35.41,10.4394032258065,FALSE,FALSE,TRUE,FALSE,TRUE,TRUE,TRUE,"GEP1q-CN>=3/PolyIG-high",11.6884087096774,TRUE,TRUE,"Complete",FALSE,FALSE,NA,8.56469080808081,10.6418992982456,-2.07720849016481,"CN≥3/PolyIG-high
(n = 47)"
"CHIPID2000535","P100536","RNBX_WB_NDMM","GEP1q-CN>=3/PolyIG-high",NA,"matched_one_to_one","NDMM",14.95,10.769515483871,FALSE,FALSE,TRUE,FALSE,TRUE,TRUE,TRUE,"GEP1q-CN>=3/PolyIG-high",12.1219370967742,TRUE,TRUE,"Complete",FALSE,FALSE,NA,8.76318121212121,10.6214612280702,-1.85828001594896,"CN≥3/PolyIG-high
(n = 47)"
"CHIPID2000149","P100150","RNBX_WB_NDMM","GEP1q-CN>=3/PolyIG-high",NA,"matched_one_to_one","NDMM",57.87,11.0347296774194,FALSE,FALSE,TRUE,FALSE,TRUE,TRUE,TRUE,"GEP1q-CN>=3/PolyIG-high",12.5825158064516,TRUE,TRUE,"Complete",FALSE,FALSE,NA,8.73520191919192,10.5566950877193,-1.82149316852738,"CN≥3/PolyIG-high
(n = 47)"
"CHIPID2000414","P100415","RNBX_WB_NDMM","GEP1q-CN>=3/PolyIG-high",NA,"matched_one_to_one","NDMM",43.7,10.1587229032258,FALSE,FALSE,TRUE,FALSE,TRUE,TRUE,TRUE,"GEP1q-CN>=3/PolyIG-high",11.4241593548387,TRUE,TRUE,"Complete",FALSE,FALSE,NA,8.46503212121212,10.1909112280702,-1.72587910685805,"CN≥3/PolyIG-high
(n = 47)"
"CHIPID2000507","P100508","RNBX_WB_NDMM","GEP1q-CN>=3/PolyIG-high",NA,"matched_one_to_one","NDMM",4.32,10.6589393548387,FALSE,FALSE,TRUE,FALSE,TRUE,TRUE,TRUE,"GEP1q-CN>=3/PolyIG-high",11.9733167741935,TRUE,TRUE,"Complete",FALSE,FALSE,NA,9.1275103030303,10.7151203508772,-1.58761004784689,"CN≥3/PolyIG-high
(n = 47)"
"CHIPID2000099","P100100","RNBX_WB_NDMM","GEP1q-CN>=3/PolyIG-high",NA,"matched_one_to_one","NDMM",23.43,10.2997706451613,FALSE,FALSE,TRUE,FALSE,TRUE,TRUE,TRUE,"GEP1q-CN>=3/PolyIG-high",11.6396396774194,TRUE,TRUE,"Complete",FALSE,FALSE,NA,8.85723404040404,10.267321754386,-1.41008771398192,"CN≥3/PolyIG-high
(n = 47)"
"CHIPID2000075","P100076","RNBX_WB_NDMM","GEP1q-CN>=3/PolyIG-high",NA,"matched_one_to_one","NDMM",47.59,10.40693,FALSE,FALSE,TRUE,FALSE,TRUE,TRUE,TRUE,"GEP1q-CN>=3/PolyIG-high",11.7280535483871,TRUE,TRUE,"Complete",FALSE,FALSE,NA,9.02747858585859,10.4123992982456,-1.38492071238703,"CN≥3/PolyIG-high
(n = 47)"
"CHIPID2000334","P100335","RNBX_WB_NDMM","GEP1q-CN>=3/PolyIG-high",NA,"matched_one_to_one","NDMM",30.34,10.3062374193548,FALSE,FALSE,TRUE,FALSE,TRUE,TRUE,TRUE,"GEP1q-CN>=3/PolyIG-high",11.4615074193548,TRUE,TRUE,"Complete",FALSE,FALSE,NA,8.63548292929293,10.0057154385965,-1.37023250930356,"CN≥3/PolyIG-high
(n = 47)"
"CHIPID2000256","P100257","RNBX_WB_NDMM","GEP1q-CN>=3/PolyIG-high",NA,"matched_one_to_one","NDMM",10.34,10.6091864516129,FALSE,FALSE,TRUE,FALSE,TRUE,TRUE,TRUE,"GEP1q-CN>=3/PolyIG-high",12.0085316129032,TRUE,TRUE,"Complete",FALSE,FALSE,NA,8.8907798989899,10.2409461403509,-1.35016624136098,"CN≥3/PolyIG-high
(n = 47)"
"CHIPID2000031","P100032","RNBX_WB_NDMM","GEP1q-CN>=3/PolyIG-high",NA,"matched_one_to_one","NDMM",29.15,10.4138651612903,FALSE,FALSE,TRUE,FALSE,TRUE,TRUE,TRUE,"GEP1q-CN>=3/PolyIG-high",11.7151683870968,TRUE,TRUE,"Complete",FALSE,FALSE,NA,9.05741474747475,10.3374714035088,-1.28005665603402,"CN≥3/PolyIG-high
(n = 47)"
"CHIPID2000428","P100429","RNBX_WB_NDMM","GEP1q-CN>=3/PolyIG-high",NA,"matched_one_to_one","NDMM",28.93,9.89211516129032,FALSE,FALSE,TRUE,FALSE,TRUE,TRUE,TRUE,"GEP1q-CN>=3/PolyIG-high",11.0961387096774,TRUE,TRUE,"Complete",FALSE,FALSE,NA,8.84836595959596,10.0748845614035,-1.22651860180755,"CN≥3/PolyIG-high
(n = 47)"
"CHIPID2000310","P100311","RNBX_WB_NDMM","GEP1q-CN>=3/PolyIG-high",NA,"matched_one_to_one","NDMM",37.93,10.1241422580645,FALSE,FALSE,TRUE,FALSE,TRUE,TRUE,TRUE,"GEP1q-CN>=3/PolyIG-high",11.3158083870968,TRUE,TRUE,"Complete",FALSE,FALSE,NA,8.86434484848485,10.0508743859649,-1.18652953748006,"CN≥3/PolyIG-high
(n = 47)"
"CHIPID2000328","P100329","RNBX_WB_NDMM","GEP1q-CN>=3/PolyIG-high",NA,"matched_one_to_one","NDMM",55.99,10.1735235483871,FALSE,FALSE,TRUE,FALSE,TRUE,TRUE,TRUE,"GEP1q-CN>=3/PolyIG-high",11.4731832258065,TRUE,TRUE,"Complete",FALSE,FALSE,NA,9.12688585858586,10.2844770175439,-1.157591158958,"CN≥3/PolyIG-high
(n = 47)"
"CHIPID2000495","P100496","RNBX_WB_NDMM","GEP1q-CN>=3/PolyIG-high",NA,"matched_one_to_one","NDMM",54.36,10.2506651612903,FALSE,FALSE,TRUE,FALSE,TRUE,TRUE,TRUE,"GEP1q-CN>=3/PolyIG-high",11.4099674193548,TRUE,TRUE,"Complete",FALSE,FALSE,NA,8.8501798989899,9.96386596491228,-1.11368606592238,"CN≥3/PolyIG-high
(n = 47)"
"CHIPID2000568","P100569","RNBX_WB_NDMM","GEP1q-CN>=3/PolyIG-high",NA,"matched_one_to_one","NDMM",5.62,10.2470083870968,FALSE,FALSE,TRUE,FALSE,TRUE,TRUE,TRUE,"GEP1q-CN>=3/PolyIG-high",11.432544516129,TRUE,TRUE,"Complete",FALSE,FALSE,NA,9.28337868686869,10.3866654385965,-1.1032867517278,"CN≥3/PolyIG-high
(n = 47)"
"CHIPID2000053","P100054","RNBX_WB_NDMM","GEP1q-CN>=3/PolyIG-high",NA,"matched_one_to_one","NDMM",38.17,10.1658783870968,FALSE,FALSE,TRUE,FALSE,TRUE,TRUE,TRUE,"GEP1q-CN>=3/PolyIG-high",11.1560864516129,TRUE,TRUE,"Complete",FALSE,FALSE,NA,9.15077464646465,10.12176,-0.970985353535353,"CN≥3/PolyIG-high
(n = 47)"
"CHIPID2000480","P100481","RNBX_WB_NDMM","GEP1q-CN>=3/PolyIG-high",NA,"matched_one_to_one","NDMM",34.36,10.8201074193548,FALSE,FALSE,TRUE,FALSE,TRUE,TRUE,TRUE,"GEP1q-CN>=3/PolyIG-high",12.4897238709677,TRUE,TRUE,"Complete",FALSE,FALSE,NA,9.34366363636364,10.261780877193,-0.918117240829346,"CN≥3/PolyIG-high
(n = 47)"
"CHIPID2000550","P100551","RNBX_WB_NDMM","GEP1q-CN>=3/PolyIG-high",NA,"matched_one_to_one","NDMM",9.85,10.1937767741935,FALSE,FALSE,TRUE,FALSE,TRUE,TRUE,TRUE,"GEP1q-CN>=3/PolyIG-high",11.1762212903226,TRUE,TRUE,"Complete",FALSE,FALSE,NA,9.00527696969697,9.92121894736842,-0.915941977671451,"CN≥3/PolyIG-high
(n = 47)"
"CHIPID2000493","P100494","RNBX_WB_NDMM","GEP1q-CN>=3/PolyIG-high",NA,"matched_one_to_one","NDMM",45.59,10.2378474193548,FALSE,FALSE,TRUE,FALSE,TRUE,TRUE,TRUE,"GEP1q-CN>=3/PolyIG-high",11.5155593548387,TRUE,TRUE,"Complete",FALSE,FALSE,NA,9.4566803030303,10.3417750877193,-0.885094784688995,"CN≥3/PolyIG-high
(n = 47)"
"CHIPID2000090","P100091","RNBX_WB_NDMM","GEP1q-CN>=3/PolyIG-high",NA,"matched_one_to_one","NDMM",25,10.2603335483871,FALSE,FALSE,TRUE,FALSE,TRUE,TRUE,TRUE,"GEP1q-CN>=3/PolyIG-high",11.3135190322581,TRUE,TRUE,"Complete",FALSE,FALSE,NA,9.04488838383838,9.92704350877193,-0.882155124933547,"CN≥3/PolyIG-high
(n = 47)"
"CHIPID2000434","P100435","RNBX_WB_NDMM","GEP1q-CN>=3/PolyIG-high",NA,"matched_one_to_one","NDMM",6.05,10.782895483871,FALSE,FALSE,TRUE,FALSE,TRUE,TRUE,TRUE,"GEP1q-CN>=3/PolyIG-high",12.3343419354839,TRUE,TRUE,"Complete",FALSE,FALSE,NA,9.68479626262626,10.4996073684211,-0.81481110579479,"CN≥3/PolyIG-high
(n = 47)"
"CHIPID2000170","P100171","RNBX_WB_NDMM","GEP1q-CN>=3/PolyIG-high",NA,"matched_one_to_one","NDMM",49.92,10.1826770967742,FALSE,FALSE,TRUE,FALSE,TRUE,TRUE,TRUE,"GEP1q-CN>=3/PolyIG-high",11.4048880645161,TRUE,TRUE,"Complete",FALSE,FALSE,NA,9.47822272727273,10.2494640350877,-0.771241307814991,"CN≥3/PolyIG-high
(n = 47)"
"CHIPID2000248","P100249","RNBX_WB_NDMM","GEP1q-CN>=3/PolyIG-high",NA,"matched_one_to_one","NDMM",55.08,10.713105483871,FALSE,FALSE,TRUE,FALSE,TRUE,TRUE,TRUE,"GEP1q-CN>=3/PolyIG-high",12.1769283870968,TRUE,TRUE,"Complete",FALSE,FALSE,NA,9.11162535353535,9.80741859649123,-0.695793242955874,"CN≥3/PolyIG-high
(n = 47)"
"CHIPID2000559","P100560","RNBX_WB_NDMM","GEP1q-CN>=3/PolyIG-high",NA,"matched_one_to_one","NDMM",11.34,10.3898696774194,FALSE,FALSE,TRUE,FALSE,TRUE,TRUE,TRUE,"GEP1q-CN>=3/PolyIG-high",11.5819496774194,TRUE,TRUE,"Complete",FALSE,FALSE,NA,9.51687767676768,10.1886042105263,-0.671726533758639,"CN≥3/PolyIG-high
(n = 47)"
"CHIPID2000189","P100190","RNBX_WB_NDMM","GEP1q-CN>=3/PolyIG-high",NA,"matched_one_to_one","NDMM",18.57,10.1550516129032,FALSE,FALSE,TRUE,FALSE,TRUE,TRUE,TRUE,"GEP1q-CN>=3/PolyIG-high",11.5419119354839,TRUE,TRUE,"Complete",FALSE,FALSE,NA,9.10701363636364,9.76891771929825,-0.66190408293461,"CN≥3/PolyIG-high
(n = 47)"
"CHIPID2000411","P100412","RNBX_WB_NDMM","GEP1q-CN>=3/PolyIG-high",NA,"matched_one_to_one","NDMM",50.95,10.4965551612903,FALSE,FALSE,TRUE,FALSE,TRUE,TRUE,TRUE,"GEP1q-CN>=3/PolyIG-high",11.8158777419355,TRUE,TRUE,"Complete",FALSE,FALSE,NA,9.52254383838384,10.1601621052632,-0.63761826687932,"CN≥3/PolyIG-high
(n = 47)"
"CHIPID2000258","P100259","RNBX_WB_NDMM","GEP1q-CN>=3/PolyIG-high",NA,"matched_one_to_one","NDMM",57.36,10.3575029032258,FALSE,FALSE,TRUE,FALSE,TRUE,TRUE,TRUE,"GEP1q-CN>=3/PolyIG-high",11.6086625806452,TRUE,TRUE,"Complete",FALSE,FALSE,NA,9.40556161616162,9.89983052631579,-0.494268910154172,"CN≥3/PolyIG-high
(n = 47)"
"CHIPID2000126","P100127","RNBX_WB_NDMM","GEP1q-CN>=3/PolyIG-high",NA,"matched_one_to_one","NDMM",24.2,10.3514690322581,FALSE,FALSE,TRUE,FALSE,TRUE,TRUE,TRUE,"GEP1q-CN>=3/PolyIG-high",11.5643032258065,TRUE,TRUE,"Complete",FALSE,FALSE,NA,9.27552262626263,9.76152754385965,-0.486004917597024,"CN≥3/PolyIG-high
(n = 47)"
"CHIPID2000555","P100556","RNBX_WB_NDMM","GEP1q-CN>=3/PolyIG-high",NA,"matched_one_to_one","NDMM",46.12,10.1000212903226,FALSE,FALSE,TRUE,FALSE,TRUE,TRUE,TRUE,"GEP1q-CN>=3/PolyIG-high",11.3298,TRUE,TRUE,"Complete",FALSE,FALSE,NA,9.03519545454546,9.51217473684211,-0.47697928229665,"CN≥3/PolyIG-high
(n = 47)"
"CHIPID2000014","P100015","RNBX_WB_NDMM","GEP1q-CN>=3/PolyIG-high",NA,"matched_one_to_one","NDMM",51.72,10.2169664516129,FALSE,FALSE,TRUE,FALSE,TRUE,TRUE,TRUE,"GEP1q-CN>=3/PolyIG-high",11.4921477419355,TRUE,TRUE,"Complete",FALSE,FALSE,NA,9.23321080808081,9.6740050877193,-0.44079427963849,"CN≥3/PolyIG-high
(n = 47)"
"CHIPID2000073","P100074","RNBX_WB_NDMM","GEP1q-CN>=3/PolyIG-high",NA,"matched_one_to_one","NDMM",16.42,10.4041387096774,FALSE,FALSE,TRUE,FALSE,TRUE,TRUE,TRUE,"GEP1q-CN>=3/PolyIG-high",11.8486267741935,TRUE,TRUE,"Complete",FALSE,FALSE,NA,9.38011707070707,9.67740210526316,-0.297285034556086,"CN≥3/PolyIG-high
(n = 47)"
"CHIPID2000255","P100256","RNBX_WB_NDMM","GEP1q-CN>=3/PolyIG-high",NA,"matched_one_to_one","NDMM",36.84,11.041695483871,FALSE,FALSE,TRUE,FALSE,TRUE,TRUE,TRUE,"GEP1q-CN>=3/PolyIG-high",12.7259616129032,TRUE,TRUE,"Complete",FALSE,FALSE,NA,9.3117901010101,9.58085157894737,-0.269061477937267,"CN≥3/PolyIG-high
(n = 47)"
"CHIPID2000525","P100526","RNBX_WB_NDMM","GEP1q-CN>=3/PolyIG-high",NA,"matched_one_to_one","NDMM",48.47,10.9267629032258,FALSE,FALSE,TRUE,FALSE,TRUE,TRUE,TRUE,"GEP1q-CN>=3/PolyIG-high",12.6267787096774,TRUE,TRUE,"Complete",FALSE,FALSE,NA,9.42536787878788,9.3090750877193,0.116292791068581,"CN≥3/PolyIG-high
(n = 47)"
"CHIPID2000103","P100104","RNBX_WB_NDMM","GEP1q-CN>=3/PolyIG-high",NA,"matched_one_to_one","NDMM",19.11,10.3869412903226,FALSE,FALSE,TRUE,FALSE,TRUE,TRUE,TRUE,"GEP1q-CN>=3/PolyIG-high",11.645214516129,TRUE,TRUE,"Complete",FALSE,FALSE,NA,9.97564898989899,9.80605052631579,0.169598463583201,"CN≥3/PolyIG-high
(n = 47)"
"CHIPID2000236","P100237","RNBX_WB_NDMM","GEP1q-CN>=3/PolyIG-high",NA,"matched_one_to_one","NDMM",18.59,10.8787283870968,FALSE,FALSE,TRUE,FALSE,TRUE,TRUE,TRUE,"GEP1q-CN>=3/PolyIG-high",12.2492861290323,TRUE,TRUE,"Complete",FALSE,FALSE,NA,10.2487226262626,10.032158245614,0.216564380648592,"CN≥3/PolyIG-high
(n = 47)"
"CHIPID2000239","P100240","RNBX_WB_NDMM","GEP1q-CN>=3/PolyIG-high",NA,"matched_one_to_one","NDMM",27.83,10.4256048387097,FALSE,FALSE,TRUE,FALSE,TRUE,TRUE,TRUE,"GEP1q-CN>=3/PolyIG-high",11.7477735483871,TRUE,TRUE,"Complete",FALSE,FALSE,NA,10.114101010101,9.89496894736842,0.219132062732589,"CN≥3/PolyIG-high
(n = 47)"
"CHIPID2000064","P100065","RNBX_WB_NDMM","GEP1q-CN>=3/PolyIG-high",NA,"matched_one_to_one","NDMM",27.95,10.0201258064516,FALSE,FALSE,TRUE,FALSE,TRUE,TRUE,TRUE,"GEP1q-CN>=3/PolyIG-high",11.0918287096774,TRUE,TRUE,"Complete",FALSE,FALSE,NA,9.84431868686869,9.48827649122807,0.356042195640617,"CN≥3/PolyIG-high
(n = 47)"
"CHIPID2000457","P100458","RNBX_WB_NDMM","GEP1q-CN>=3/PolyIG-high",NA,"matched_one_to_one","NDMM",30.87,10.4162012903226,FALSE,FALSE,TRUE,FALSE,TRUE,TRUE,TRUE,"GEP1q-CN>=3/PolyIG-high",11.6082796774194,TRUE,TRUE,"Complete",FALSE,FALSE,NA,10.0342123232323,9.51273438596491,0.521477937267411,"CN≥3/PolyIG-high
(n = 47)"
"CHIPID2000297","P100298","RNBX_WB_NDMM","GEP1q-CN>=3/PolyIG-high",NA,"matched_one_to_one","NDMM",20.82,10.1843229032258,FALSE,FALSE,TRUE,FALSE,TRUE,TRUE,TRUE,"GEP1q-CN>=3/PolyIG-high",11.3423703225806,TRUE,TRUE,"Complete",FALSE,FALSE,NA,9.80647828282828,9.27976070175439,0.526717581073898,"CN≥3/PolyIG-high
(n = 47)"
"CHIPID2000118","P100119","RNBX_WB_NDMM","GEP1q-CN>=3/PolyIG-high",NA,"matched_one_to_one","NDMM",39.38,9.90657387096774,FALSE,FALSE,TRUE,FALSE,TRUE,TRUE,TRUE,"GEP1q-CN>=3/PolyIG-high",11.1888780645161,TRUE,TRUE,"Complete",FALSE,FALSE,NA,9.72510404040404,9.18351631578947,0.541587724614567,"CN≥3/PolyIG-high
(n = 47)"
"CHIPID2000277","P100278","RNBX_WB_NDMM","GEP1q-CN>=3/PolyIG-high",NA,"matched_one_to_one","NDMM",48.86,10.3674890322581,FALSE,FALSE,TRUE,FALSE,TRUE,TRUE,TRUE,"GEP1q-CN>=3/PolyIG-high",11.5273235483871,TRUE,TRUE,"Complete",FALSE,FALSE,NA,9.61777333333333,8.98865192982456,0.629121403508773,"CN≥3/PolyIG-high
(n = 47)"
"CHIPID2000069","P100070","RNBX_WB_NDMM","GEP1q-CN>=3/PolyIG-high",NA,"matched_one_to_one","NDMM",48.29,10.1174358064516,FALSE,FALSE,TRUE,FALSE,TRUE,TRUE,TRUE,"GEP1q-CN>=3/PolyIG-high",11.1077180645161,TRUE,TRUE,"Complete",FALSE,FALSE,NA,10.2638009090909,9.58766140350877,0.676139505582137,"CN≥3/PolyIG-high
(n = 47)"
"CHIPID2000401","P100402","RNBX_WB_NDMM","GEP1q-CN>=3/PolyIG-high",NA,"matched_one_to_one","NDMM",47.96,10.0150696774194,FALSE,FALSE,TRUE,FALSE,TRUE,TRUE,TRUE,"GEP1q-CN>=3/PolyIG-high",11.2702303225806,TRUE,TRUE,"Complete",FALSE,FALSE,NA,10.1763453535354,9.25042666666667,0.925918686868688,"CN≥3/PolyIG-high
(n = 47)"
"CHIPID2000111","P100112","RNBX_WB_NDMM","GEP1q-CN>=3/PolyIG-high",NA,"matched_one_to_one","NDMM",27.94,10.1040958064516,FALSE,FALSE,TRUE,FALSE,TRUE,TRUE,TRUE,"GEP1q-CN>=3/PolyIG-high",11.4593916129032,TRUE,TRUE,"Complete",FALSE,FALSE,NA,10.2688809090909,9.30074368421053,0.968137224880381,"CN≥3/PolyIG-high
(n = 47)"
"CHIPID2000472","P100473","RNBX_WB_NDMM","GEP1q-CN>=3/PolyIG-high",NA,"matched_one_to_one","NDMM",51.26,10.1624248387097,FALSE,FALSE,TRUE,FALSE,TRUE,TRUE,TRUE,"GEP1q-CN>=3/PolyIG-high",11.5692248387097,TRUE,TRUE,"Complete",FALSE,FALSE,NA,10.2958522222222,9.26016157894737,1.03569064327485,"CN≥3/PolyIG-high
(n = 47)"
"CHIPID2000557","P100558","RNBX_WB_NDMM","GEP1q-CN>=3/PolyIG-high",NA,"matched_one_to_one","NDMM",46.99,10.2564241935484,FALSE,FALSE,TRUE,FALSE,TRUE,TRUE,TRUE,"GEP1q-CN>=3/PolyIG-high",11.3487138709677,TRUE,TRUE,"Complete",FALSE,FALSE,NA,9.85159585858586,8.68153947368421,1.17005638490165,"CN≥3/PolyIG-high
(n = 47)"
"CHIPID2000368","P100369","RNBX_WB_NDMM","GEP1q-CN2/PolyIG-low",NA,"matched_one_to_one","NDMM",27.48,9.94179290322581,FALSE,FALSE,TRUE,FALSE,TRUE,TRUE,TRUE,"GEP1q-CN2/PolyIG-low",10.9877406451613,TRUE,TRUE,"Complete",FALSE,FALSE,NA,8.27038424242424,10.3028536842105,-2.03246944178628,"CN2/PolyIG-low
(n = 63)"
"CHIPID2000017","P100018","RNBX_WB_NDMM","GEP1q-CN2/PolyIG-low",NA,"matched_one_to_one","NDMM",22.13,9.69160903225806,FALSE,FALSE,TRUE,FALSE,TRUE,TRUE,TRUE,"GEP1q-CN2/PolyIG-low",10.5178851612903,TRUE,TRUE,"Complete",FALSE,FALSE,NA,8.77969242424243,10.6589952631579,-1.87930283891547,"CN2/PolyIG-low
(n = 63)"
"CHIPID2000304","P100305","RNBX_WB_NDMM","GEP1q-CN2/PolyIG-low",NA,"matched_one_to_one","NDMM",20.12,9.35022806451613,FALSE,FALSE,TRUE,FALSE,TRUE,TRUE,TRUE,"GEP1q-CN2/PolyIG-low",10.3867429032258,TRUE,TRUE,"Complete",FALSE,FALSE,NA,9.05685909090909,10.7865003508772,-1.7296412599681,"CN2/PolyIG-low
(n = 63)"
"CHIPID2000030","P100031","RNBX_WB_NDMM","GEP1q-CN2/PolyIG-low",NA,"matched_one_to_one","NDMM",24.74,9.79479161290323,FALSE,FALSE,TRUE,FALSE,TRUE,TRUE,TRUE,"GEP1q-CN2/PolyIG-low",10.6566709677419,TRUE,TRUE,"Complete",FALSE,FALSE,NA,8.83114404040404,10.3153998245614,-1.48425578415736,"CN2/PolyIG-low
(n = 63)"
"CHIPID2000265","P100266","RNBX_WB_NDMM","GEP1q-CN2/PolyIG-low",NA,"matched_one_to_one","NDMM",4.95,9.99495935483871,FALSE,FALSE,TRUE,FALSE,TRUE,TRUE,TRUE,"GEP1q-CN2/PolyIG-low",10.88175,TRUE,TRUE,"Complete",FALSE,FALSE,NA,9.14361212121212,10.5855063157895,-1.44189419457735,"CN2/PolyIG-low
(n = 63)"
"CHIPID2000292","P100293","RNBX_WB_NDMM","GEP1q-CN2/PolyIG-low",NA,"matched_one_to_one","NDMM",32.66,9.43168193548387,FALSE,FALSE,TRUE,FALSE,TRUE,TRUE,TRUE,"GEP1q-CN2/PolyIG-low",10.3668209677419,TRUE,TRUE,"Complete",FALSE,FALSE,NA,8.83187343434343,10.2648028070175,-1.43292937267411,"CN2/PolyIG-low
(n = 63)"
"CHIPID2000501","P100502","RNBX_WB_NDMM","GEP1q-CN2/PolyIG-low",NA,"matched_one_to_one","NDMM",45.32,9.56069225806452,FALSE,FALSE,TRUE,FALSE,TRUE,TRUE,TRUE,"GEP1q-CN2/PolyIG-low",10.5910170967742,TRUE,TRUE,"Complete",FALSE,FALSE,NA,8.89205111111111,10.2338315789474,-1.34178046783626,"CN2/PolyIG-low
(n = 63)"
"CHIPID2000551","P100552","RNBX_WB_NDMM","GEP1q-CN2/PolyIG-low",NA,"matched_one_to_one","NDMM",40.23,9.33590258064516,FALSE,FALSE,TRUE,FALSE,TRUE,TRUE,TRUE,"GEP1q-CN2/PolyIG-low",10.1259058064516,TRUE,TRUE,"Complete",FALSE,FALSE,NA,8.92887636363636,10.1726024561404,-1.24372609250399,"CN2/PolyIG-low
(n = 63)"
"CHIPID2000407","P100408","RNBX_WB_NDMM","GEP1q-CN2/PolyIG-low",NA,"matched_one_to_one","NDMM",6.68,9.84881451612903,FALSE,FALSE,TRUE,FALSE,TRUE,TRUE,TRUE,"GEP1q-CN2/PolyIG-low",10.9412464516129,TRUE,TRUE,"Complete",FALSE,FALSE,NA,9.42332414141414,10.6271084210526,-1.20378427963849,"CN2/PolyIG-low
(n = 63)"
"CHIPID2000533","P100534","RNBX_WB_NDMM","GEP1q-CN2/PolyIG-low",NA,"matched_one_to_one","NDMM",21.84,9.60275129032258,FALSE,FALSE,TRUE,FALSE,TRUE,TRUE,TRUE,"GEP1q-CN2/PolyIG-low",10.5459758064516,TRUE,TRUE,"Complete",FALSE,FALSE,NA,8.92101131313131,10.0763394736842,-1.1553281605529,"CN2/PolyIG-low
(n = 63)"
"CHIPID2000240","P100241","RNBX_WB_NDMM","GEP1q-CN2/PolyIG-low",NA,"matched_one_to_one","NDMM",4.35,9.52521193548387,FALSE,FALSE,TRUE,FALSE,TRUE,TRUE,TRUE,"GEP1q-CN2/PolyIG-low",10.4108135483871,TRUE,TRUE,"Complete",FALSE,FALSE,NA,9.09212787878788,10.2266615789474,-1.13453370015949,"CN2/PolyIG-low
(n = 63)"
"CHIPID2000478","P100479","RNBX_WB_NDMM","GEP1q-CN2/PolyIG-low",NA,"matched_one_to_one","NDMM",19.88,8.54961838709677,FALSE,FALSE,TRUE,FALSE,TRUE,TRUE,TRUE,"GEP1q-CN2/PolyIG-low",9.10047548387097,TRUE,TRUE,"Complete",FALSE,FALSE,NA,8.90415656565657,10.0291421052632,-1.12498553960659,"CN2/PolyIG-low
(n = 63)"
"CHIPID2000290","P100291","RNBX_WB_NDMM","GEP1q-CN2/PolyIG-low",NA,"matched_one_to_one","NDMM",31.14,9.78495387096774,FALSE,FALSE,TRUE,FALSE,TRUE,TRUE,TRUE,"GEP1q-CN2/PolyIG-low",10.9375606451613,TRUE,TRUE,"Complete",FALSE,FALSE,NA,9.1291696969697,10.18025,-1.0510803030303,"CN2/PolyIG-low
(n = 63)"
"CHIPID2000372","P100373","RNBX_WB_NDMM","GEP1q-CN2/PolyIG-low",NA,"matched_one_to_one","NDMM",41.48,9.36648677419355,FALSE,FALSE,TRUE,FALSE,TRUE,TRUE,TRUE,"GEP1q-CN2/PolyIG-low",10.1478367741935,TRUE,TRUE,"Complete",FALSE,FALSE,NA,9.24279848484849,10.2313212280702,-0.98852274322169,"CN2/PolyIG-low
(n = 63)"
"CHIPID2000490","P100491","RNBX_WB_NDMM","GEP1q-CN2/PolyIG-low",NA,"matched_one_to_one","NDMM",53.18,9.62773612903226,FALSE,FALSE,TRUE,FALSE,TRUE,TRUE,TRUE,"GEP1q-CN2/PolyIG-low",10.6706261290323,TRUE,TRUE,"Complete",FALSE,FALSE,NA,8.91629555555556,9.79820701754386,-0.881911461988304,"CN2/PolyIG-low
(n = 63)"
"CHIPID2000058","P100059","RNBX_WB_NDMM","GEP1q-CN2/PolyIG-low",NA,"matched_one_to_one","NDMM",17.84,9.44747064516129,FALSE,FALSE,TRUE,FALSE,TRUE,TRUE,TRUE,"GEP1q-CN2/PolyIG-low",10.3159512903226,TRUE,TRUE,"Complete",FALSE,FALSE,NA,9.41853505050505,10.2587028070175,-0.840167756512493,"CN2/PolyIG-low
(n = 63)"
"CHIPID2000447","P100448","RNBX_WB_NDMM","GEP1q-CN2/PolyIG-low",NA,"matched_one_to_one","NDMM",45.71,9.66244612903226,FALSE,FALSE,TRUE,FALSE,TRUE,TRUE,TRUE,"GEP1q-CN2/PolyIG-low",10.5698161290323,TRUE,TRUE,"Complete",FALSE,FALSE,NA,9.08284444444444,9.90924561403509,-0.826401169590644,"CN2/PolyIG-low
(n = 63)"
"CHIPID2000045","P100046","RNBX_WB_NDMM","GEP1q-CN2/PolyIG-low",NA,"matched_one_to_one","NDMM",13.74,9.67959516129032,FALSE,FALSE,TRUE,FALSE,TRUE,TRUE,TRUE,"GEP1q-CN2/PolyIG-low",10.8502158064516,TRUE,TRUE,"Complete",FALSE,FALSE,NA,9.39608737373737,10.2206464912281,-0.824559117490697,"CN2/PolyIG-low
(n = 63)"
"CHIPID2000208","P100209","RNBX_WB_NDMM","GEP1q-CN2/PolyIG-low",NA,"matched_one_to_one","NDMM",21.58,9.50696258064516,FALSE,FALSE,TRUE,FALSE,TRUE,TRUE,TRUE,"GEP1q-CN2/PolyIG-low",10.3829538709677,TRUE,TRUE,"Complete",FALSE,FALSE,NA,9.13782595959596,9.94727385964912,-0.809447900053163,"CN2/PolyIG-low
(n = 63)"
"CHIPID2000470","P100471","RNBX_WB_NDMM","GEP1q-CN2/PolyIG-low",NA,"matched_one_to_one","NDMM",37.9,8.6424835483871,FALSE,FALSE,TRUE,FALSE,TRUE,TRUE,TRUE,"GEP1q-CN2/PolyIG-low",8.99700161290323,TRUE,TRUE,"Complete",FALSE,FALSE,NA,9.41835212121212,10.1499122807018,-0.731560159489632,"CN2/PolyIG-low
(n = 63)"
"CHIPID2000039","P100040","RNBX_WB_NDMM","GEP1q-CN2/PolyIG-low",NA,"matched_one_to_one","NDMM",24.08,9.06241419354839,FALSE,FALSE,TRUE,FALSE,TRUE,TRUE,TRUE,"GEP1q-CN2/PolyIG-low",9.72922806451613,TRUE,TRUE,"Complete",FALSE,FALSE,NA,9.30914070707071,10.0358503508772,-0.726709643806485,"CN2/PolyIG-low
(n = 63)"
"CHIPID2000567","P100568","RNBX_WB_NDMM","GEP1q-CN2/PolyIG-low",NA,"matched_one_to_one","NDMM",13.63,9.22734451612903,FALSE,FALSE,TRUE,FALSE,TRUE,TRUE,TRUE,"GEP1q-CN2/PolyIG-low",10.0143332258065,TRUE,TRUE,"Complete",FALSE,FALSE,NA,9.17294212121212,9.88583684210526,-0.712894720893141,"CN2/PolyIG-low
(n = 63)"
"CHIPID2000383","P100384","RNBX_WB_NDMM","GEP1q-CN2/PolyIG-low",NA,"matched_one_to_one","NDMM",31.9,8.97791677419355,FALSE,FALSE,TRUE,FALSE,TRUE,TRUE,TRUE,"GEP1q-CN2/PolyIG-low",9.60642516129032,TRUE,TRUE,"Complete",FALSE,FALSE,NA,9.45187080808081,10.1488326315789,-0.696961823498139,"CN2/PolyIG-low
(n = 63)"
"CHIPID2000153","P100154","RNBX_WB_NDMM","GEP1q-CN2/PolyIG-low",NA,"matched_one_to_one","NDMM",11.14,8.58776774193548,FALSE,FALSE,TRUE,FALSE,TRUE,TRUE,TRUE,"GEP1q-CN2/PolyIG-low",8.90583322580645,TRUE,TRUE,"Complete",FALSE,FALSE,NA,9.40399878787879,10.0624485964912,-0.65844980861244,"CN2/PolyIG-low
(n = 63)"
"CHIPID2000294","P100295","RNBX_WB_NDMM","GEP1q-CN2/PolyIG-low",NA,"matched_one_to_one","NDMM",19.83,9.02484870967742,FALSE,FALSE,TRUE,FALSE,TRUE,TRUE,TRUE,"GEP1q-CN2/PolyIG-low",9.81753677419355,TRUE,TRUE,"Complete",FALSE,FALSE,NA,9.17594646464647,9.80626333333333,-0.630316868686869,"CN2/PolyIG-low
(n = 63)"
"CHIPID2000225","P100226","RNBX_WB_NDMM","GEP1q-CN2/PolyIG-low",NA,"matched_one_to_one","NDMM",43.26,9.96558193548387,FALSE,FALSE,TRUE,FALSE,TRUE,TRUE,TRUE,"GEP1q-CN2/PolyIG-low",10.8878512903226,TRUE,TRUE,"Complete",FALSE,FALSE,NA,9.56674444444444,10.1688405263158,-0.602096081871347,"CN2/PolyIG-low
(n = 63)"
"CHIPID2000119","P100120","RNBX_WB_NDMM","GEP1q-CN2/PolyIG-low",NA,"matched_one_to_one","NDMM",3.96,9.36825612903226,FALSE,FALSE,TRUE,FALSE,TRUE,TRUE,TRUE,"GEP1q-CN2/PolyIG-low",10.0060632258065,TRUE,TRUE,"Complete",FALSE,FALSE,NA,9.43297181818182,9.9540749122807,-0.521103094098883,"CN2/PolyIG-low
(n = 63)"
"CHIPID2000431","P100432","RNBX_WB_NDMM","GEP1q-CN2/PolyIG-low",NA,"matched_one_to_one","NDMM",52.33,9.04786032258064,FALSE,FALSE,TRUE,FALSE,TRUE,TRUE,TRUE,"GEP1q-CN2/PolyIG-low",9.74544032258065,TRUE,TRUE,"Complete",FALSE,FALSE,NA,9.45195838383838,9.94482789473684,-0.492869510898458,"CN2/PolyIG-low
(n = 63)"
"CHIPID2000419","P100420","RNBX_WB_NDMM","GEP1q-CN2/PolyIG-low",NA,"matched_one_to_one","NDMM",29.06,9.74126032258065,FALSE,FALSE,TRUE,FALSE,TRUE,TRUE,TRUE,"GEP1q-CN2/PolyIG-low",10.8324112903226,TRUE,TRUE,"Complete",FALSE,FALSE,NA,9.93638737373737,10.3736773684211,-0.437289994683679,"CN2/PolyIG-low
(n = 63)"
"CHIPID2000234","P100235","RNBX_WB_NDMM","GEP1q-CN2/PolyIG-low",NA,"matched_one_to_one","NDMM",51.04,9.53893193548387,FALSE,FALSE,TRUE,FALSE,TRUE,TRUE,TRUE,"GEP1q-CN2/PolyIG-low",10.48969,TRUE,TRUE,"Complete",FALSE,FALSE,NA,9.31543414141414,9.7453050877193,-0.429870946305158,"CN2/PolyIG-low
(n = 63)"
"CHIPID2000175","P100176","RNBX_WB_NDMM","GEP1q-CN2/PolyIG-low",NA,"matched_one_to_one","NDMM",31.93,9.89022387096774,FALSE,FALSE,TRUE,FALSE,TRUE,TRUE,TRUE,"GEP1q-CN2/PolyIG-low",10.9286683870968,TRUE,TRUE,"Complete",FALSE,FALSE,NA,9.5167402020202,9.92258368421053,-0.405843482190324,"CN2/PolyIG-low
(n = 63)"
"CHIPID2000540","P100541","RNBX_WB_NDMM","GEP1q-CN2/PolyIG-low",NA,"matched_one_to_one","NDMM",3.64,9.84747129032258,FALSE,FALSE,TRUE,FALSE,TRUE,TRUE,TRUE,"GEP1q-CN2/PolyIG-low",10.741254516129,TRUE,TRUE,"Complete",FALSE,FALSE,NA,9.45145202020202,9.83806894736842,-0.386616927166402,"CN2/PolyIG-low
(n = 63)"
"CHIPID2000494","P100495","RNBX_WB_NDMM","GEP1q-CN2/PolyIG-low",NA,"matched_one_to_one","NDMM",27.92,9.7687935483871,FALSE,FALSE,TRUE,FALSE,TRUE,TRUE,TRUE,"GEP1q-CN2/PolyIG-low",10.9003161290323,TRUE,TRUE,"Complete",FALSE,FALSE,NA,9.06611353535354,9.40334684210526,-0.337233306751727,"CN2/PolyIG-low
(n = 63)"
"CHIPID2000515","P100516","RNBX_WB_NDMM","GEP1q-CN2/PolyIG-low",NA,"matched_one_to_one","NDMM",14.11,9.37731129032258,FALSE,FALSE,TRUE,FALSE,TRUE,TRUE,TRUE,"GEP1q-CN2/PolyIG-low",10.2669674193548,TRUE,TRUE,"Complete",FALSE,FALSE,NA,9.69196141414141,9.99539122807018,-0.303429813928762,"CN2/PolyIG-low
(n = 63)"
"CHIPID2000229","P100230","RNBX_WB_NDMM","GEP1q-CN2/PolyIG-low",NA,"matched_one_to_one","NDMM",39.82,9.84065290322581,FALSE,FALSE,TRUE,FALSE,TRUE,TRUE,TRUE,"GEP1q-CN2/PolyIG-low",10.8080803225806,TRUE,TRUE,"Complete",FALSE,FALSE,NA,9.68665838383838,9.84542807017544,-0.158769686337054,"CN2/PolyIG-low
(n = 63)"
"CHIPID2000425","P100426","RNBX_WB_NDMM","GEP1q-CN2/PolyIG-low",NA,"matched_one_to_one","NDMM",45.19,8.91619838709677,FALSE,FALSE,TRUE,FALSE,TRUE,TRUE,TRUE,"GEP1q-CN2/PolyIG-low",9.60920161290323,TRUE,TRUE,"Complete",FALSE,FALSE,NA,9.49939878787879,9.63655087719298,-0.137152089314196,"CN2/PolyIG-low
(n = 63)"
"CHIPID2000135","P100136","RNBX_WB_NDMM","GEP1q-CN2/PolyIG-low",NA,"matched_one_to_one","NDMM",41.78,8.92656580645161,FALSE,FALSE,TRUE,FALSE,TRUE,TRUE,TRUE,"GEP1q-CN2/PolyIG-low",9.47093193548387,TRUE,TRUE,"Complete",FALSE,FALSE,NA,9.48294525252525,9.61757456140351,-0.134629308878255,"CN2/PolyIG-low
(n = 63)"
"CHIPID2000010","P100011","RNBX_WB_NDMM","GEP1q-CN2/PolyIG-low",NA,"matched_one_to_one","NDMM",7.93,9.82192741935484,FALSE,FALSE,TRUE,FALSE,TRUE,TRUE,TRUE,"GEP1q-CN2/PolyIG-low",10.8069706451613,TRUE,TRUE,"Complete",FALSE,FALSE,NA,9.77636444444444,9.84358894736842,-0.0672245029239757,"CN2/PolyIG-low
(n = 63)"
"CHIPID2000167","P100168","RNBX_WB_NDMM","GEP1q-CN2/PolyIG-low",NA,"matched_one_to_one","NDMM",23.51,9.88442580645161,FALSE,FALSE,TRUE,FALSE,TRUE,TRUE,TRUE,"GEP1q-CN2/PolyIG-low",10.9621812903226,TRUE,TRUE,"Complete",FALSE,FALSE,NA,10.1895786868687,10.2095115789474,-0.0199328920786819,"CN2/PolyIG-low
(n = 63)"
"CHIPID2000449","P100450","RNBX_WB_NDMM","GEP1q-CN2/PolyIG-low",NA,"matched_one_to_one","NDMM",27.89,9.70045258064516,FALSE,FALSE,TRUE,FALSE,TRUE,TRUE,TRUE,"GEP1q-CN2/PolyIG-low",10.41499,TRUE,TRUE,"Complete",FALSE,FALSE,NA,9.40628353535354,9.40787719298246,-0.00159365762891994,"CN2/PolyIG-low
(n = 63)"
"CHIPID2000339","P100340","RNBX_WB_NDMM","GEP1q-CN2/PolyIG-low",NA,"matched_one_to_one","NDMM",17.65,8.57315161290323,FALSE,FALSE,TRUE,FALSE,TRUE,TRUE,TRUE,"GEP1q-CN2/PolyIG-low",9.07728387096774,TRUE,TRUE,"Complete",FALSE,FALSE,NA,9.56197595959596,9.51148105263158,0.0504949069643814,"CN2/PolyIG-low
(n = 63)"
"CHIPID2000430","P100431","RNBX_WB_NDMM","GEP1q-CN2/PolyIG-low",NA,"matched_one_to_one","NDMM",16.62,9.42567225806452,FALSE,FALSE,TRUE,FALSE,TRUE,TRUE,TRUE,"GEP1q-CN2/PolyIG-low",10.1189738709677,TRUE,TRUE,"Complete",FALSE,FALSE,NA,9.73923686868687,9.61897912280702,0.120257745879851,"CN2/PolyIG-low
(n = 63)"
"CHIPID2000336","P100337","RNBX_WB_NDMM","GEP1q-CN2/PolyIG-low",NA,"matched_one_to_one","NDMM",10.97,9.06433516129032,FALSE,FALSE,TRUE,FALSE,TRUE,TRUE,TRUE,"GEP1q-CN2/PolyIG-low",9.88601451612903,TRUE,TRUE,"Complete",FALSE,FALSE,NA,9.66041434343434,9.52302368421053,0.137390659223817,"CN2/PolyIG-low
(n = 63)"
"CHIPID2000089","P100090","RNBX_WB_NDMM","GEP1q-CN2/PolyIG-low",NA,"matched_one_to_one","NDMM",13.49,9.11693741935484,FALSE,FALSE,TRUE,FALSE,TRUE,TRUE,TRUE,"GEP1q-CN2/PolyIG-low",9.83295161290323,TRUE,TRUE,"Complete",FALSE,FALSE,NA,9.82116474747475,9.63824315789474,0.182921589580012,"CN2/PolyIG-low
(n = 63)"
"CHIPID2000287","P100288","RNBX_WB_NDMM","GEP1q-CN2/PolyIG-low",NA,"matched_one_to_one","NDMM",36.96,8.72730967741935,FALSE,FALSE,TRUE,FALSE,TRUE,TRUE,TRUE,"GEP1q-CN2/PolyIG-low",9.20910967741935,TRUE,TRUE,"Complete",FALSE,FALSE,NA,8.95699808080808,8.76772105263158,0.189277028176502,"CN2/PolyIG-low
(n = 63)"
"CHIPID2000437","P100438","RNBX_WB_NDMM","GEP1q-CN2/PolyIG-low",NA,"matched_one_to_one","NDMM",20.45,9.42746064516129,FALSE,FALSE,TRUE,FALSE,TRUE,TRUE,TRUE,"GEP1q-CN2/PolyIG-low",10.1087329032258,TRUE,TRUE,"Complete",FALSE,FALSE,NA,9.55768525252525,9.34120403508772,0.216481217437535,"CN2/PolyIG-low
(n = 63)"
"CHIPID2000185","P100186","RNBX_WB_NDMM","GEP1q-CN2/PolyIG-low",NA,"matched_one_to_one","NDMM",57.05,9.68406064516129,FALSE,FALSE,TRUE,FALSE,TRUE,TRUE,TRUE,"GEP1q-CN2/PolyIG-low",10.9663370967742,TRUE,TRUE,"Complete",FALSE,FALSE,NA,9.7069598989899,9.46395578947368,0.243004109516214,"CN2/PolyIG-low
(n = 63)"
"CHIPID2000389","P100390","RNBX_WB_NDMM","GEP1q-CN2/PolyIG-low",NA,"matched_one_to_one","NDMM",20.77,9.43183806451613,FALSE,FALSE,TRUE,FALSE,TRUE,TRUE,TRUE,"GEP1q-CN2/PolyIG-low",10.3347435483871,TRUE,TRUE,"Complete",FALSE,FALSE,NA,9.87678101010101,9.58337543859649,0.29340557150452,"CN2/PolyIG-low
(n = 63)"
"CHIPID2000317","P100318","RNBX_WB_NDMM","GEP1q-CN2/PolyIG-low",NA,"matched_one_to_one","NDMM",32.98,9.64425838709677,FALSE,FALSE,TRUE,FALSE,TRUE,TRUE,TRUE,"GEP1q-CN2/PolyIG-low",10.4435112903226,TRUE,TRUE,"Complete",FALSE,FALSE,NA,9.69872696969697,9.36458649122807,0.3341404784689,"CN2/PolyIG-low
(n = 63)"
"CHIPID2000109","P100110","RNBX_WB_NDMM","GEP1q-CN2/PolyIG-low",NA,"matched_one_to_one","NDMM",9.63,9.19595548387097,FALSE,FALSE,TRUE,FALSE,TRUE,TRUE,TRUE,"GEP1q-CN2/PolyIG-low",10.0152370967742,TRUE,TRUE,"Complete",FALSE,FALSE,NA,9.06113454545454,8.68065087719298,0.380483668261562,"CN2/PolyIG-low
(n = 63)"
"CHIPID2000473","P100474","RNBX_WB_NDMM","GEP1q-CN2/PolyIG-low",NA,"matched_one_to_one","NDMM",16.97,9.5262935483871,FALSE,FALSE,TRUE,FALSE,TRUE,TRUE,TRUE,"GEP1q-CN2/PolyIG-low",10.6637903225806,TRUE,TRUE,"Complete",FALSE,FALSE,NA,9.9633901010101,9.55555807017544,0.407832030834662,"CN2/PolyIG-low
(n = 63)"
"CHIPID2000019","P100020","RNBX_WB_NDMM","GEP1q-CN2/PolyIG-low",NA,"matched_one_to_one","NDMM",24.55,9.04083709677419,FALSE,FALSE,TRUE,FALSE,TRUE,TRUE,TRUE,"GEP1q-CN2/PolyIG-low",9.60542903225806,TRUE,TRUE,"Complete",FALSE,FALSE,NA,9.64997323232323,9.17801157894737,0.471961653375864,"CN2/PolyIG-low
(n = 63)"
"CHIPID2000013","P100014","RNBX_WB_NDMM","GEP1q-CN2/PolyIG-low",NA,"matched_one_to_one","NDMM",6.46,8.95240838709677,FALSE,FALSE,TRUE,FALSE,TRUE,TRUE,TRUE,"GEP1q-CN2/PolyIG-low",9.68057806451613,TRUE,TRUE,"Complete",FALSE,FALSE,NA,9.80892202020202,9.29100666666667,0.517915353535354,"CN2/PolyIG-low
(n = 63)"
"CHIPID2000360","P100361","RNBX_WB_NDMM","GEP1q-CN2/PolyIG-low",NA,"matched_one_to_one","NDMM",26.21,8.71881741935484,FALSE,FALSE,TRUE,FALSE,TRUE,TRUE,TRUE,"GEP1q-CN2/PolyIG-low",9.17583451612903,TRUE,TRUE,"Complete",FALSE,FALSE,NA,9.46907535353535,8.88121175438597,0.587863599149388,"CN2/PolyIG-low
(n = 63)"
"CHIPID2000247","P100248","RNBX_WB_NDMM","GEP1q-CN2/PolyIG-low",NA,"matched_one_to_one","NDMM",6.46,9.51582709677419,FALSE,FALSE,TRUE,FALSE,TRUE,TRUE,TRUE,"GEP1q-CN2/PolyIG-low",10.365364516129,TRUE,TRUE,"Complete",FALSE,FALSE,NA,9.94105303030303,9.29832421052632,0.642728819776714,"CN2/PolyIG-low
(n = 63)"
"CHIPID2000233","P100234","RNBX_WB_NDMM","GEP1q-CN2/PolyIG-low",NA,"matched_one_to_one","NDMM",28.91,9.44332806451613,FALSE,FALSE,TRUE,FALSE,TRUE,TRUE,TRUE,"GEP1q-CN2/PolyIG-low",10.0662319354839,TRUE,TRUE,"Complete",FALSE,FALSE,NA,10.3149404040404,9.55754789473684,0.757392509303562,"CN2/PolyIG-low
(n = 63)"
"CHIPID2000238","P100239","RNBX_WB_NDMM","GEP1q-CN2/PolyIG-low",NA,"matched_one_to_one","NDMM",14.66,9.59146322580645,FALSE,FALSE,TRUE,FALSE,TRUE,TRUE,TRUE,"GEP1q-CN2/PolyIG-low",10.5652890322581,TRUE,TRUE,"Complete",FALSE,FALSE,NA,10.2653393939394,9.40293140350877,0.862407990430622,"CN2/PolyIG-low
(n = 63)"
"CHIPID2000527","P100528","RNBX_WB_NDMM","GEP1q-CN2/PolyIG-low",NA,"matched_one_to_one","NDMM",39.53,9.45553290322581,FALSE,FALSE,TRUE,FALSE,TRUE,TRUE,TRUE,"GEP1q-CN2/PolyIG-low",10.2733470967742,TRUE,TRUE,"Complete",FALSE,FALSE,NA,10.2379978787879,9.35594052631579,0.882057352472088,"CN2/PolyIG-low
(n = 63)"
"CHIPID2000319","P100320","RNBX_WB_NDMM","GEP1q-CN2/PolyIG-low",NA,"matched_one_to_one","NDMM",3.9,9.38787193548387,FALSE,FALSE,TRUE,FALSE,TRUE,TRUE,TRUE,"GEP1q-CN2/PolyIG-low",10.1808303225806,TRUE,TRUE,"Complete",FALSE,FALSE,NA,10.3609007070707,9.40040701754386,0.960493689526848,"CN2/PolyIG-low
(n = 63)"
"CHIPID2000187","P100188","RNBX_WB_NDMM","GEP1q-CN2/PolyIG-low",NA,"matched_one_to_one","NDMM",55.01,8.90833419354839,FALSE,FALSE,TRUE,FALSE,TRUE,TRUE,TRUE,"GEP1q-CN2/PolyIG-low",9.65907903225806,TRUE,TRUE,"Complete",FALSE,FALSE,NA,10.4346352525253,9.41934140350877,1.01529384901648,"CN2/PolyIG-low
(n = 63)"
"CHIPID2000388","P100389","RNBX_WB_NDMM","GEP1q-CN2/PolyIG-low",NA,"matched_one_to_one","NDMM",26.49,9.09003225806452,FALSE,FALSE,TRUE,FALSE,TRUE,TRUE,TRUE,"GEP1q-CN2/PolyIG-low",9.85060806451613,TRUE,TRUE,"Complete",FALSE,FALSE,NA,10.5870958585859,9.54629,1.04080585858586,"CN2/PolyIG-low
(n = 63)"
"CHIPID2000066","P100067","RNBX_WB_NDMM","GEP1q-CN2/PolyIG-low",NA,"matched_one_to_one","NDMM",34.74,8.79089419354839,FALSE,FALSE,TRUE,FALSE,TRUE,TRUE,TRUE,"GEP1q-CN2/PolyIG-low",9.33720483870968,TRUE,TRUE,"Complete",FALSE,FALSE,NA,10.5599186868687,9.30694192982456,1.25297675704413,"CN2/PolyIG-low
(n = 63)"
"CHIPID2000524","P100525","RNBX_WB_NDMM","GEP1q-CN2/PolyIG-low",NA,"matched_one_to_one","NDMM",37.1,9.28915677419355,FALSE,FALSE,TRUE,FALSE,TRUE,TRUE,TRUE,"GEP1q-CN2/PolyIG-low",10.2794374193548,TRUE,TRUE,"Complete",FALSE,FALSE,NA,9.80222525252525,8.50262859649123,1.29959665603402,"CN2/PolyIG-low
(n = 63)"
"CHIPID2000371","P100372","RNBX_WB_NDMM","GEP1q-CN>=3/PolyIG-low",NA,"matched_one_to_one","NDMM",52.87,9.0747664516129,FALSE,FALSE,TRUE,FALSE,TRUE,TRUE,TRUE,"GEP1q-CN>=3/PolyIG-low",9.61610064516129,TRUE,TRUE,"Complete",FALSE,FALSE,NA,8.63719222222222,9.93246701754386,-1.29527479532164,"CN≥3/PolyIG-low
(n = 50)"
"CHIPID2000226","P100227","RNBX_WB_NDMM","GEP1q-CN>=3/PolyIG-low",NA,"matched_one_to_one","NDMM",21.27,9.62026838709677,FALSE,FALSE,TRUE,FALSE,TRUE,TRUE,TRUE,"GEP1q-CN>=3/PolyIG-low",10.4079483870968,TRUE,TRUE,"Complete",FALSE,FALSE,NA,9.07402,10.1128933333333,-1.03887333333333,"CN≥3/PolyIG-low
(n = 50)"
"CHIPID2000114","P100115","RNBX_WB_NDMM","GEP1q-CN>=3/PolyIG-low",NA,"matched_one_to_one","NDMM",17.01,9.64859741935484,FALSE,FALSE,TRUE,FALSE,TRUE,TRUE,TRUE,"GEP1q-CN>=3/PolyIG-low",10.5973787096774,TRUE,TRUE,"Complete",FALSE,FALSE,NA,8.73935383838384,9.77621666666667,-1.03686282828283,"CN≥3/PolyIG-low
(n = 50)"
"CHIPID2000521","P100522","RNBX_WB_NDMM","GEP1q-CN>=3/PolyIG-low",NA,"matched_one_to_one","NDMM",14.21,9.71956,FALSE,FALSE,TRUE,FALSE,TRUE,TRUE,TRUE,"GEP1q-CN>=3/PolyIG-low",10.5820612903226,TRUE,TRUE,"Complete",FALSE,FALSE,NA,9.10813858585859,10.1132440350877,-1.00510544922913,"CN≥3/PolyIG-low
(n = 50)"
"CHIPID2000544","P100545","RNBX_WB_NDMM","GEP1q-CN>=3/PolyIG-low",NA,"matched_one_to_one","NDMM",23.76,9.40070483870968,FALSE,FALSE,TRUE,FALSE,TRUE,TRUE,TRUE,"GEP1q-CN>=3/PolyIG-low",10.1906325806452,TRUE,TRUE,"Complete",FALSE,FALSE,NA,8.97751565656566,9.86126789473684,-0.883752238171185,"CN≥3/PolyIG-low
(n = 50)"
"CHIPID2000518","P100519","RNBX_WB_NDMM","GEP1q-CN>=3/PolyIG-low",NA,"matched_one_to_one","NDMM",18.03,9.3694335483871,FALSE,FALSE,TRUE,FALSE,TRUE,TRUE,TRUE,"GEP1q-CN>=3/PolyIG-low",10.3222470967742,TRUE,TRUE,"Complete",FALSE,FALSE,NA,9.76436929292929,10.5154810526316,-0.751111759702285,"CN≥3/PolyIG-low
(n = 50)"
"CHIPID2000453","P100454","RNBX_WB_NDMM","GEP1q-CN>=3/PolyIG-low",NA,"matched_one_to_one","NDMM",51.84,9.95395935483871,FALSE,FALSE,TRUE,FALSE,TRUE,TRUE,TRUE,"GEP1q-CN>=3/PolyIG-low",10.9993316129032,TRUE,TRUE,"Complete",FALSE,FALSE,NA,9.72379595959596,10.4178689473684,-0.694072987772461,"CN≥3/PolyIG-low
(n = 50)"
"CHIPID2000159","P100160","RNBX_WB_NDMM","GEP1q-CN>=3/PolyIG-low",NA,"matched_one_to_one","NDMM",43.59,9.27251935483871,FALSE,FALSE,TRUE,FALSE,TRUE,TRUE,TRUE,"GEP1q-CN>=3/PolyIG-low",10.2685596774194,TRUE,TRUE,"Complete",FALSE,FALSE,NA,9.31803929292929,9.97726614035088,-0.659226847421586,"CN≥3/PolyIG-low
(n = 50)"
"CHIPID2000436","P100437","RNBX_WB_NDMM","GEP1q-CN>=3/PolyIG-low",NA,"matched_one_to_one","NDMM",45.69,9.5869064516129,FALSE,FALSE,TRUE,FALSE,TRUE,TRUE,TRUE,"GEP1q-CN>=3/PolyIG-low",10.2810719354839,TRUE,TRUE,"Complete",FALSE,FALSE,NA,9.61330858585859,10.2470684210526,-0.633759835194045,"CN≥3/PolyIG-low
(n = 50)"
"CHIPID2000451","P100452","RNBX_WB_NDMM","GEP1q-CN>=3/PolyIG-low",NA,"matched_one_to_one","NDMM",24.95,9.99253129032258,FALSE,FALSE,TRUE,FALSE,TRUE,TRUE,TRUE,"GEP1q-CN>=3/PolyIG-low",10.9275516129032,TRUE,TRUE,"Complete",FALSE,FALSE,NA,9.33140131313131,9.84229912280702,-0.510897809675704,"CN≥3/PolyIG-low
(n = 50)"
"CHIPID2000302","P100303","RNBX_WB_NDMM","GEP1q-CN>=3/PolyIG-low",NA,"matched_one_to_one","NDMM",21.83,9.56474483870968,FALSE,FALSE,TRUE,FALSE,TRUE,TRUE,TRUE,"GEP1q-CN>=3/PolyIG-low",10.3971316129032,TRUE,TRUE,"Complete",FALSE,FALSE,NA,9.30362444444444,9.80358421052632,-0.49995976608187,"CN≥3/PolyIG-low
(n = 50)"
"CHIPID2000322","P100323","RNBX_WB_NDMM","GEP1q-CN>=3/PolyIG-low",NA,"matched_one_to_one","NDMM",5.71,9.56120903225806,FALSE,FALSE,TRUE,FALSE,TRUE,TRUE,TRUE,"GEP1q-CN>=3/PolyIG-low",10.5799267741935,TRUE,TRUE,"Complete",FALSE,FALSE,NA,9.48652060606061,9.89477649122807,-0.408255885167463,"CN≥3/PolyIG-low
(n = 50)"
"CHIPID2000094","P100095","RNBX_WB_NDMM","GEP1q-CN>=3/PolyIG-low",NA,"matched_one_to_one","NDMM",18.95,9.65657806451613,FALSE,FALSE,TRUE,FALSE,TRUE,TRUE,TRUE,"GEP1q-CN>=3/PolyIG-low",10.6965980645161,TRUE,TRUE,"Complete",FALSE,FALSE,NA,9.59739454545455,9.96260122807018,-0.36520668261563,"CN≥3/PolyIG-low
(n = 50)"
"CHIPID2000397","P100398","RNBX_WB_NDMM","GEP1q-CN>=3/PolyIG-low",NA,"matched_one_to_one","NDMM",32.26,9.90873225806452,FALSE,FALSE,TRUE,FALSE,TRUE,TRUE,TRUE,"GEP1q-CN>=3/PolyIG-low",10.6983970967742,TRUE,TRUE,"Complete",FALSE,FALSE,NA,9.46493232323232,9.77208561403509,-0.307153290802765,"CN≥3/PolyIG-low
(n = 50)"
"CHIPID2000415","P100416","RNBX_WB_NDMM","GEP1q-CN>=3/PolyIG-low",NA,"matched_one_to_one","NDMM",39.95,9.53711516129032,FALSE,FALSE,TRUE,FALSE,TRUE,TRUE,TRUE,"GEP1q-CN>=3/PolyIG-low",10.6400293548387,TRUE,TRUE,"Complete",FALSE,FALSE,NA,9.32841464646465,9.58650771929825,-0.258093072833599,"CN≥3/PolyIG-low
(n = 50)"
"CHIPID2000210","P100211","RNBX_WB_NDMM","GEP1q-CN>=3/PolyIG-low",NA,"matched_one_to_one","NDMM",45.45,9.93092096774194,FALSE,FALSE,TRUE,FALSE,TRUE,TRUE,TRUE,"GEP1q-CN>=3/PolyIG-low",10.9764751612903,TRUE,TRUE,"Complete",FALSE,FALSE,NA,9.48091757575758,9.67641,-0.195492424242424,"CN≥3/PolyIG-low
(n = 50)"
"CHIPID2000444","P100445","RNBX_WB_NDMM","GEP1q-CN>=3/PolyIG-low",NA,"matched_one_to_one","NDMM",13.68,9.19148903225806,FALSE,FALSE,TRUE,FALSE,TRUE,TRUE,TRUE,"GEP1q-CN>=3/PolyIG-low",9.80855677419355,TRUE,TRUE,"Complete",FALSE,FALSE,NA,9.86948131313131,9.92534649122807,-0.0558651780967576,"CN≥3/PolyIG-low
(n = 50)"
"CHIPID2000288","P100289","RNBX_WB_NDMM","GEP1q-CN>=3/PolyIG-low",NA,"matched_one_to_one","NDMM",4.03,9.17535129032258,FALSE,FALSE,TRUE,FALSE,TRUE,TRUE,TRUE,"GEP1q-CN>=3/PolyIG-low",10.0643874193548,TRUE,TRUE,"Complete",FALSE,FALSE,NA,9.77381292929293,9.80441894736842,-0.0306060180754901,"CN≥3/PolyIG-low
(n = 50)"
"CHIPID2000116","P100117","RNBX_WB_NDMM","GEP1q-CN>=3/PolyIG-low",NA,"matched_one_to_one","NDMM",45.45,9.83642064516129,FALSE,FALSE,TRUE,FALSE,TRUE,TRUE,TRUE,"GEP1q-CN>=3/PolyIG-low",10.9572116129032,TRUE,TRUE,"Complete",FALSE,FALSE,NA,9.83243272727273,9.84618035087719,-0.0137476236044662,"CN≥3/PolyIG-low
(n = 50)"
"CHIPID2000188","P100189","RNBX_WB_NDMM","GEP1q-CN>=3/PolyIG-low",NA,"matched_one_to_one","NDMM",51.65,9.19207903225806,FALSE,FALSE,TRUE,FALSE,TRUE,TRUE,TRUE,"GEP1q-CN>=3/PolyIG-low",10.0448167741935,TRUE,TRUE,"Complete",FALSE,FALSE,NA,9.80598434343434,9.78305666666667,0.0229276767676758,"CN≥3/PolyIG-low
(n = 50)"
"CHIPID2000369","P100370","RNBX_WB_NDMM","GEP1q-CN>=3/PolyIG-low",NA,"matched_one_to_one","NDMM",41.02,10.0062648387097,FALSE,FALSE,TRUE,FALSE,TRUE,TRUE,TRUE,"GEP1q-CN>=3/PolyIG-low",10.9634906451613,TRUE,TRUE,"Complete",FALSE,FALSE,NA,9.33348333333333,9.29906385964912,0.0344194736842116,"CN≥3/PolyIG-low
(n = 50)"
"CHIPID2000250","P100251","RNBX_WB_NDMM","GEP1q-CN>=3/PolyIG-low",NA,"matched_one_to_one","NDMM",54.62,8.91999225806452,FALSE,FALSE,TRUE,FALSE,TRUE,TRUE,TRUE,"GEP1q-CN>=3/PolyIG-low",9.21974516129032,TRUE,TRUE,"Complete",FALSE,FALSE,NA,9.89338565656566,9.80396912280702,0.089416533758639,"CN≥3/PolyIG-low
(n = 50)"
"CHIPID2000370","P100371","RNBX_WB_NDMM","GEP1q-CN>=3/PolyIG-low",NA,"matched_one_to_one","NDMM",35.04,9.64865774193548,FALSE,FALSE,TRUE,FALSE,TRUE,TRUE,TRUE,"GEP1q-CN>=3/PolyIG-low",10.6035787096774,TRUE,TRUE,"Complete",FALSE,FALSE,NA,9.93482313131313,9.84299438596491,0.0918287453482183,"CN≥3/PolyIG-low
(n = 50)"
"CHIPID2000311","P100312","RNBX_WB_NDMM","GEP1q-CN>=3/PolyIG-low",NA,"matched_one_to_one","NDMM",15.25,9.33980064516129,FALSE,FALSE,TRUE,FALSE,TRUE,TRUE,TRUE,"GEP1q-CN>=3/PolyIG-low",10.0789532258065,TRUE,TRUE,"Complete",FALSE,FALSE,NA,9.3172502020202,9.21272771929825,0.104522482721956,"CN≥3/PolyIG-low
(n = 50)"
"CHIPID2000289","P100290","RNBX_WB_NDMM","GEP1q-CN>=3/PolyIG-low",NA,"matched_one_to_one","NDMM",31.01,9.55967322580645,FALSE,FALSE,TRUE,FALSE,TRUE,TRUE,TRUE,"GEP1q-CN>=3/PolyIG-low",10.5183883870968,TRUE,TRUE,"Complete",FALSE,FALSE,NA,9.14943575757576,9.02185087719298,0.127584880382775,"CN≥3/PolyIG-low
(n = 50)"
"CHIPID2000394","P100395","RNBX_WB_NDMM","GEP1q-CN>=3/PolyIG-low",NA,"matched_one_to_one","NDMM",52.82,9.70907838709677,FALSE,FALSE,TRUE,FALSE,TRUE,TRUE,TRUE,"GEP1q-CN>=3/PolyIG-low",10.8375380645161,TRUE,TRUE,"Complete",FALSE,FALSE,NA,9.78785858585859,9.54653315789474,0.241325427963849,"CN≥3/PolyIG-low
(n = 50)"
"CHIPID2000183","P100184","RNBX_WB_NDMM","GEP1q-CN>=3/PolyIG-low",NA,"matched_one_to_one","NDMM",11.67,8.85997032258065,FALSE,FALSE,TRUE,FALSE,TRUE,TRUE,TRUE,"GEP1q-CN>=3/PolyIG-low",9.45322967741935,TRUE,TRUE,"Complete",FALSE,FALSE,NA,9.56150242424243,9.27230649122807,0.289195933014355,"CN≥3/PolyIG-low
(n = 50)"
"CHIPID2000316","P100317","RNBX_WB_NDMM","GEP1q-CN>=3/PolyIG-low",NA,"matched_one_to_one","NDMM",21.1,9.66885451612903,FALSE,FALSE,TRUE,FALSE,TRUE,TRUE,TRUE,"GEP1q-CN>=3/PolyIG-low",10.6721506451613,TRUE,TRUE,"Complete",FALSE,FALSE,NA,9.46934484848485,9.17342807017544,0.29591677830941,"CN≥3/PolyIG-low
(n = 50)"
"CHIPID2000028","P100029","RNBX_WB_NDMM","GEP1q-CN>=3/PolyIG-low",NA,"matched_one_to_one","NDMM",19.66,9.07918387096774,FALSE,FALSE,TRUE,FALSE,TRUE,TRUE,TRUE,"GEP1q-CN>=3/PolyIG-low",9.89126,TRUE,TRUE,"Complete",FALSE,FALSE,NA,9.8907402020202,9.59266438596491,0.29807581605529,"CN≥3/PolyIG-low
(n = 50)"
"CHIPID2000569","P100570","RNBX_WB_NDMM","GEP1q-CN>=3/PolyIG-low",NA,"matched_one_to_one","NDMM",36.02,9.90757870967742,FALSE,FALSE,TRUE,FALSE,TRUE,TRUE,TRUE,"GEP1q-CN>=3/PolyIG-low",10.7539287096774,TRUE,TRUE,"Complete",FALSE,FALSE,NA,9.9201204040404,9.57683105263158,0.343289351408824,"CN≥3/PolyIG-low
(n = 50)"
"CHIPID2000496","P100497","RNBX_WB_NDMM","GEP1q-CN>=3/PolyIG-low",NA,"matched_one_to_one","NDMM",55.6,9.00408838709677,FALSE,FALSE,TRUE,FALSE,TRUE,TRUE,TRUE,"GEP1q-CN>=3/PolyIG-low",9.65366903225807,TRUE,TRUE,"Complete",FALSE,FALSE,NA,10.0442036363636,9.68464385964912,0.359559776714514,"CN≥3/PolyIG-low
(n = 50)"
"CHIPID2000024","P100025","RNBX_WB_NDMM","GEP1q-CN>=3/PolyIG-low",NA,"matched_one_to_one","NDMM",21.45,9.83144064516129,FALSE,FALSE,TRUE,FALSE,TRUE,TRUE,TRUE,"GEP1q-CN>=3/PolyIG-low",10.7707829032258,TRUE,TRUE,"Complete",FALSE,FALSE,NA,9.71917595959596,9.34820561403509,0.370970345560872,"CN≥3/PolyIG-low
(n = 50)"
"CHIPID2000305","P100306","RNBX_WB_NDMM","GEP1q-CN>=3/PolyIG-low",NA,"matched_one_to_one","NDMM",7.05,8.78805870967742,FALSE,FALSE,TRUE,FALSE,TRUE,TRUE,TRUE,"GEP1q-CN>=3/PolyIG-low",9.32157967741935,TRUE,TRUE,"Complete",FALSE,FALSE,NA,9.72318494949495,9.25023385964912,0.472951089845827,"CN≥3/PolyIG-low
(n = 50)"
"CHIPID2000479","P100480","RNBX_WB_NDMM","GEP1q-CN>=3/PolyIG-low",NA,"matched_one_to_one","NDMM",16.67,9.93143322580645,FALSE,FALSE,TRUE,FALSE,TRUE,TRUE,TRUE,"GEP1q-CN>=3/PolyIG-low",10.9257390322581,TRUE,TRUE,"Complete",FALSE,FALSE,NA,10.0728896969697,9.42972315789474,0.64316653907496,"CN≥3/PolyIG-low
(n = 50)"
"CHIPID2000427","P100428","RNBX_WB_NDMM","GEP1q-CN>=3/PolyIG-low",NA,"matched_one_to_one","NDMM",34.44,9.77488903225806,FALSE,FALSE,TRUE,FALSE,TRUE,TRUE,TRUE,"GEP1q-CN>=3/PolyIG-low",10.894175483871,TRUE,TRUE,"Complete",FALSE,FALSE,NA,9.90042777777778,9.23269333333333,0.667734444444443,"CN≥3/PolyIG-low
(n = 50)"
"CHIPID2000526","P100527","RNBX_WB_NDMM","GEP1q-CN>=3/PolyIG-low",NA,"matched_one_to_one","NDMM",31.52,9.66319290322581,FALSE,FALSE,TRUE,FALSE,TRUE,TRUE,TRUE,"GEP1q-CN>=3/PolyIG-low",10.6172483870968,TRUE,TRUE,"Complete",FALSE,FALSE,NA,9.78581161616162,9.07302578947368,0.712785826687933,"CN≥3/PolyIG-low
(n = 50)"
"CHIPID2000461","P100462","RNBX_WB_NDMM","GEP1q-CN>=3/PolyIG-low",NA,"matched_one_to_one","NDMM",29.2,8.53026419354839,FALSE,FALSE,TRUE,FALSE,TRUE,TRUE,TRUE,"GEP1q-CN>=3/PolyIG-low",9.07434064516129,TRUE,TRUE,"Complete",FALSE,FALSE,NA,10.0304973737374,9.28208877192982,0.748408601807549,"CN≥3/PolyIG-low
(n = 50)"
"CHIPID2000563","P100564","RNBX_WB_NDMM","GEP1q-CN>=3/PolyIG-low",NA,"matched_one_to_one","NDMM",56.92,9.57025677419355,FALSE,FALSE,TRUE,FALSE,TRUE,TRUE,TRUE,"GEP1q-CN>=3/PolyIG-low",10.5091183870968,TRUE,TRUE,"Complete",FALSE,FALSE,NA,10.2929253535354,9.52312894736842,0.769796406166932,"CN≥3/PolyIG-low
(n = 50)"
"CHIPID2000107","P100108","RNBX_WB_NDMM","GEP1q-CN>=3/PolyIG-low",NA,"matched_one_to_one","NDMM",42.03,9.59180387096774,FALSE,FALSE,TRUE,FALSE,TRUE,TRUE,TRUE,"GEP1q-CN>=3/PolyIG-low",10.3185612903226,TRUE,TRUE,"Complete",FALSE,FALSE,NA,9.85610686868687,9.01472929824561,0.841377570441255,"CN≥3/PolyIG-low
(n = 50)"
"CHIPID2000068","P100069","RNBX_WB_NDMM","GEP1q-CN>=3/PolyIG-low",NA,"matched_one_to_one","NDMM",9.53,9.57767032258064,FALSE,FALSE,TRUE,FALSE,TRUE,TRUE,TRUE,"GEP1q-CN>=3/PolyIG-low",10.4897012903226,TRUE,TRUE,"Complete",FALSE,FALSE,NA,10.4560863636364,9.57163859649123,0.884447767145135,"CN≥3/PolyIG-low
(n = 50)"
"CHIPID2000280","P100281","RNBX_WB_NDMM","GEP1q-CN>=3/PolyIG-low",NA,"matched_one_to_one","NDMM",13.43,9.75075451612903,FALSE,FALSE,TRUE,FALSE,TRUE,TRUE,TRUE,"GEP1q-CN>=3/PolyIG-low",10.9178835483871,TRUE,TRUE,"Complete",FALSE,FALSE,NA,10.0880642424242,9.1873801754386,0.900684066985646,"CN≥3/PolyIG-low
(n = 50)"
"CHIPID2000376","P100377","RNBX_WB_NDMM","GEP1q-CN>=3/PolyIG-low",NA,"matched_one_to_one","NDMM",16.71,9.48918580645161,FALSE,FALSE,TRUE,FALSE,TRUE,TRUE,TRUE,"GEP1q-CN>=3/PolyIG-low",10.3917348387097,TRUE,TRUE,"Complete",FALSE,FALSE,NA,10.3257564646465,9.37759719298246,0.948159271664009,"CN≥3/PolyIG-low
(n = 50)"
"CHIPID2000468","P100469","RNBX_WB_NDMM","GEP1q-CN>=3/PolyIG-low",NA,"matched_one_to_one","NDMM",42.07,9.14806548387097,FALSE,FALSE,TRUE,FALSE,TRUE,TRUE,TRUE,"GEP1q-CN>=3/PolyIG-low",9.93478322580645,TRUE,TRUE,"Complete",FALSE,FALSE,NA,10.0118567676768,9.01118052631579,1.00067624136098,"CN≥3/PolyIG-low
(n = 50)"
"CHIPID2000345","P100346","RNBX_WB_NDMM","GEP1q-CN>=3/PolyIG-low",NA,"matched_one_to_one","NDMM",53.87,9.66701677419355,FALSE,FALSE,TRUE,FALSE,TRUE,TRUE,TRUE,"GEP1q-CN>=3/PolyIG-low",10.6278548387097,TRUE,TRUE,"Complete",FALSE,FALSE,NA,9.96349828282828,8.90958929824561,1.05390898458267,"CN≥3/PolyIG-low
(n = 50)"
"CHIPID2000286","P100287","RNBX_WB_NDMM","GEP1q-CN>=3/PolyIG-low",NA,"matched_one_to_one","NDMM",38.22,9.59245483870968,FALSE,FALSE,TRUE,FALSE,TRUE,TRUE,TRUE,"GEP1q-CN>=3/PolyIG-low",10.2707835483871,TRUE,TRUE,"Complete",FALSE,FALSE,NA,10.2153686868687,8.9441649122807,1.27120377458798,"CN≥3/PolyIG-low
(n = 50)"
"CHIPID2000465","P100466","RNBX_WB_NDMM","GEP1q-CN>=3/PolyIG-low",NA,"matched_one_to_one","NDMM",32.12,8.93555677419355,FALSE,FALSE,TRUE,FALSE,TRUE,TRUE,TRUE,"GEP1q-CN>=3/PolyIG-low",9.68797935483871,TRUE,TRUE,"Complete",FALSE,FALSE,NA,10.3870271717172,9.06197842105263,1.32504875066454,"CN≥3/PolyIG-low
(n = 50)"
"CHIPID2000263","P100264","RNBX_WB_NDMM","GEP1q-CN>=3/PolyIG-low",NA,"matched_one_to_one","NDMM",13.87,9.01167806451613,FALSE,FALSE,TRUE,FALSE,TRUE,TRUE,TRUE,"GEP1q-CN>=3/PolyIG-low",9.72350096774194,TRUE,TRUE,"Complete",FALSE,FALSE,NA,10.2912271717172,8.78240403508772,1.50882313662945,"CN≥3/PolyIG-low
(n = 50)"
"CHIPID2000056","P100057","RNBX_WB_NDMM","GEP1q-CN>=3/PolyIG-low",NA,"matched_one_to_one","NDMM",4.37,8.63720387096774,FALSE,FALSE,TRUE,FALSE,TRUE,TRUE,TRUE,"GEP1q-CN>=3/PolyIG-low",9.07475129032258,TRUE,TRUE,"Complete",FALSE,FALSE,NA,10.3476375757576,8.74407526315789,1.60356231259968,"CN≥3/PolyIG-low
(n = 50)"
"CHIPID2000035","P100036","RNBX_WB_NDMM","GEP1q-CN>=3/PolyIG-low",NA,"matched_one_to_one","NDMM",5.27,8.57859967741935,FALSE,FALSE,TRUE,FALSE,TRUE,TRUE,TRUE,"GEP1q-CN>=3/PolyIG-low",9.05964032258064,TRUE,TRUE,"Complete",FALSE,FALSE,NA,10.9275212121212,9.29805877192982,1.62946244019139,"CN≥3/PolyIG-low
(n = 50)"
"CHIPID2000081","P100082","RNBX_WB_NDMM","GEP1q-CN>=3/PolyIG-low",NA,"matched_one_to_one","NDMM",26.01,8.87451419354839,FALSE,FALSE,TRUE,FALSE,TRUE,TRUE,TRUE,"GEP1q-CN>=3/PolyIG-low",9.44600677419355,TRUE,TRUE,"Complete",FALSE,FALSE,NA,10.772704040404,9.06704824561404,1.70565579479,"CN≥3/PolyIG-low
(n = 50)"
"CHIPID2000512","P100513","RNBX_WB_NDMM","GEP70>0.66",NA,"matched_one_to_one","NDMM",46.72,10.2322667741935,FALSE,FALSE,TRUE,FALSE,TRUE,TRUE,TRUE,"GEP70>0.66",11.5557512903226,TRUE,TRUE,"Complete",FALSE,TRUE,"GEP70>0.66",9.6599701010101,9.37162473684211,0.288345364167995,"GEP70>0.66
(n = 43)"
"CHIPID2000381","P100382","RNBX_WB_NDMM","GEP70>0.66",NA,"matched_one_to_one","NDMM",32.72,10.521215483871,FALSE,FALSE,TRUE,FALSE,TRUE,TRUE,TRUE,"GEP70>0.66",11.9446025806452,TRUE,TRUE,"Complete",FALSE,TRUE,"GEP70>0.66",10.0166472727273,9.51157842105263,0.505068851674642,"GEP70>0.66
(n = 43)"
"CHIPID2000522","P100523","RNBX_WB_NDMM","GEP70>0.66",NA,"matched_one_to_one","NDMM",18.42,10.6112116129032,FALSE,FALSE,TRUE,FALSE,TRUE,TRUE,TRUE,"GEP70>0.66",12.0237870967742,TRUE,TRUE,"Complete",FALSE,TRUE,"GEP70>0.66",10.2183331313131,9.63470052631579,0.583632604997341,"GEP70>0.66
(n = 43)"
"CHIPID2000417","P100418","RNBX_WB_NDMM","GEP70>0.66",NA,"matched_one_to_one","NDMM",15.44,10.4820829032258,FALSE,FALSE,TRUE,FALSE,TRUE,TRUE,TRUE,"GEP70>0.66",11.9689835483871,TRUE,TRUE,"Complete",FALSE,TRUE,"GEP70>0.66",10.008341010101,9.41311087719298,0.595230132908027,"GEP70>0.66
(n = 43)"
"CHIPID2000408","P100409","RNBX_WB_NDMM","GEP70>0.66",NA,"matched_one_to_one","NDMM",17.12,10.8313909677419,FALSE,FALSE,TRUE,FALSE,TRUE,TRUE,TRUE,"GEP70>0.66",12.3603541935484,TRUE,TRUE,"Complete",FALSE,TRUE,"GEP70>0.66",10.6343993939394,9.81537087719298,0.81902851674641,"GEP70>0.66
(n = 43)"
"CHIPID2000139","P100140","RNBX_WB_NDMM","GEP70>0.66",NA,"matched_one_to_one","NDMM",47.38,9.91601548387097,FALSE,FALSE,TRUE,FALSE,TRUE,TRUE,TRUE,"GEP70>0.66",10.9459490322581,TRUE,TRUE,"Complete",FALSE,TRUE,"GEP70>0.66",10.1834406060606,9.31467070175439,0.86876990430622,"GEP70>0.66
(n = 43)"
"CHIPID2000219","P100220","RNBX_WB_NDMM","GEP70>0.66",NA,"matched_one_to_one","NDMM",8.99,9.87256064516129,FALSE,FALSE,TRUE,FALSE,TRUE,TRUE,TRUE,"GEP70>0.66",10.7683641935484,TRUE,TRUE,"Complete",FALSE,TRUE,"GEP70>0.66",10.2382118181818,9.17833859649123,1.05987322169059,"GEP70>0.66
(n = 43)"
"CHIPID2000452","P100453","RNBX_WB_NDMM","GEP70>0.66",NA,"matched_one_to_one","NDMM",44.22,9.88469903225806,FALSE,FALSE,TRUE,FALSE,TRUE,TRUE,TRUE,"GEP70>0.66",11.1572438709677,TRUE,TRUE,"Complete",FALSE,TRUE,"GEP70>0.66",10.3518621212121,9.22215614035088,1.12970598086124,"GEP70>0.66
(n = 43)"
"CHIPID2000134","P100135","RNBX_WB_NDMM","GEP70>0.66",NA,"matched_one_to_one","NDMM",48.33,9.94739741935484,FALSE,FALSE,TRUE,FALSE,TRUE,TRUE,TRUE,"GEP70>0.66",11.0719938709677,TRUE,TRUE,"Complete",FALSE,TRUE,"GEP70>0.66",10.5782818181818,9.31780333333333,1.26047848484848,"GEP70>0.66
(n = 43)"
"CHIPID2000418","P100419","RNBX_WB_NDMM","GEP70>0.66",NA,"matched_one_to_one","NDMM",29.55,10.6847341935484,FALSE,FALSE,TRUE,FALSE,TRUE,TRUE,TRUE,"GEP70>0.66",12.1224180645161,TRUE,TRUE,"Complete",FALSE,TRUE,"GEP70>0.66",10.3716103030303,9.07560578947368,1.29600451355662,"GEP70>0.66
(n = 43)"
"CHIPID2000531","P100532","RNBX_WB_NDMM","GEP70>0.66",NA,"matched_one_to_one","NDMM",26.9,10.5293251612903,FALSE,FALSE,TRUE,FALSE,TRUE,TRUE,TRUE,"GEP70>0.66",11.9346309677419,TRUE,TRUE,"Complete",FALSE,TRUE,"GEP70>0.66",10.1696494949495,8.87163824561403,1.29801124933546,"GEP70>0.66
(n = 43)"
"CHIPID2000456","P100457","RNBX_WB_NDMM","GEP70>0.66",NA,"matched_one_to_one","NDMM",25.88,11.0831232258065,FALSE,FALSE,TRUE,FALSE,TRUE,TRUE,TRUE,"GEP70>0.66",12.6419096774194,TRUE,TRUE,"Complete",FALSE,TRUE,"GEP70>0.66",10.2240004040404,8.82994280701754,1.39405759702286,"GEP70>0.66
(n = 43)"
"CHIPID2000405","P100406","RNBX_WB_NDMM","GEP70>0.66",NA,"matched_one_to_one","NDMM",33.29,11.0945693548387,FALSE,FALSE,TRUE,FALSE,TRUE,TRUE,TRUE,"GEP70>0.66",12.4782758064516,TRUE,TRUE,"Complete",FALSE,TRUE,"GEP70>0.66",10.3762018181818,8.9670449122807,1.40915690590112,"GEP70>0.66
(n = 43)"
"CHIPID2000011","P100012","RNBX_WB_NDMM","GEP70>0.66",NA,"matched_one_to_one","NDMM",21.84,9.89606451612903,FALSE,FALSE,TRUE,FALSE,TRUE,TRUE,TRUE,"GEP70>0.66",10.9158522580645,TRUE,TRUE,"Complete",FALSE,TRUE,"GEP70>0.66",10.1684032323232,8.7153098245614,1.45309340776183,"GEP70>0.66
(n = 43)"
"CHIPID2000377","P100378","RNBX_WB_NDMM","GEP70>0.66",NA,"matched_one_to_one","NDMM",14.39,9.25705935483871,FALSE,FALSE,TRUE,FALSE,TRUE,TRUE,TRUE,"GEP70>0.66",10.0362780645161,TRUE,TRUE,"Complete",FALSE,TRUE,"GEP70>0.66",10.0943271717172,8.60947614035088,1.4848510313663,"GEP70>0.66
(n = 43)"
"CHIPID2000301","P100302","RNBX_WB_NDMM","GEP70>0.66",NA,"matched_one_to_one","NDMM",5.68,9.02980129032258,FALSE,FALSE,TRUE,FALSE,TRUE,TRUE,TRUE,"GEP70>0.66",9.81123709677419,TRUE,TRUE,"Complete",FALSE,TRUE,"GEP70>0.66",10.3550444444444,8.8672901754386,1.48775426900585,"GEP70>0.66
(n = 43)"
"CHIPID2000070","P100071","RNBX_WB_NDMM","GEP70>0.66",NA,"matched_one_to_one","NDMM",29.08,9.61778387096774,FALSE,FALSE,TRUE,FALSE,TRUE,TRUE,TRUE,"GEP70>0.66",10.56308,TRUE,TRUE,"Complete",FALSE,TRUE,"GEP70>0.66",10.5133409090909,9.01318947368421,1.5001514354067,"GEP70>0.66
(n = 43)"
"CHIPID2000325","P100326","RNBX_WB_NDMM","GEP70>0.66",NA,"matched_one_to_one","NDMM",18.64,9.90251,FALSE,FALSE,TRUE,FALSE,TRUE,TRUE,TRUE,"GEP70>0.66",10.9523019354839,TRUE,TRUE,"Complete",FALSE,TRUE,"GEP70>0.66",10.310824040404,8.78049929824561,1.53032474215843,"GEP70>0.66
(n = 43)"
"CHIPID2000331","P100332","RNBX_WB_NDMM","GEP70>0.66",NA,"matched_one_to_one","NDMM",32.66,9.28004935483871,FALSE,FALSE,TRUE,FALSE,TRUE,TRUE,TRUE,"GEP70>0.66",9.99752419354839,TRUE,TRUE,"Complete",FALSE,TRUE,"GEP70>0.66",10.6655201010101,9.06587596491228,1.59964413609782,"GEP70>0.66
(n = 43)"
"CHIPID2000018","P100019","RNBX_WB_NDMM","GEP70>0.66",NA,"matched_one_to_one","NDMM",36.23,10.4470858064516,FALSE,FALSE,TRUE,FALSE,TRUE,TRUE,TRUE,"GEP70>0.66",11.86009,TRUE,TRUE,"Complete",FALSE,TRUE,"GEP70>0.66",10.711573030303,9.04635403508772,1.66521899521531,"GEP70>0.66
(n = 43)"
"CHIPID2000025","P100026","RNBX_WB_NDMM","GEP70>0.66",NA,"matched_one_to_one","NDMM",33.62,10.5081570967742,FALSE,FALSE,TRUE,FALSE,TRUE,TRUE,TRUE,"GEP70>0.66",12.0206106451613,TRUE,TRUE,"Complete",FALSE,TRUE,"GEP70>0.66",10.3699522222222,8.6876250877193,1.68232713450292,"GEP70>0.66
(n = 43)"
"CHIPID2000079","P100080","RNBX_WB_NDMM","GEP70>0.66",NA,"matched_one_to_one","NDMM",50.19,10.6800229032258,FALSE,FALSE,TRUE,FALSE,TRUE,TRUE,TRUE,"GEP70>0.66",12.1054729032258,TRUE,TRUE,"Complete",FALSE,TRUE,"GEP70>0.66",10.320276969697,8.58027947368421,1.73999749601276,"GEP70>0.66
(n = 43)"
"CHIPID2000224","P100225","RNBX_WB_NDMM","GEP70>0.66",NA,"matched_one_to_one","NDMM",52.65,10.2123880645161,FALSE,FALSE,TRUE,FALSE,TRUE,TRUE,TRUE,"GEP70>0.66",11.4825574193548,TRUE,TRUE,"Complete",FALSE,TRUE,"GEP70>0.66",10.5853523232323,8.76895701754386,1.81639530568846,"GEP70>0.66
(n = 43)"
"CHIPID2000205","P100206","RNBX_WB_NDMM","GEP70>0.66",NA,"matched_one_to_one","NDMM",55.9,10.1696180645161,FALSE,FALSE,TRUE,FALSE,TRUE,TRUE,TRUE,"GEP70>0.66",11.4771983870968,TRUE,TRUE,"Complete",FALSE,TRUE,"GEP70>0.66",10.675332020202,8.82576421052632,1.8495678096757,"GEP70>0.66
(n = 43)"
"CHIPID2000514","P100515","RNBX_WB_NDMM","GEP70>0.66",NA,"matched_one_to_one","NDMM",28.07,10.5249619354839,FALSE,FALSE,TRUE,FALSE,TRUE,TRUE,TRUE,"GEP70>0.66",11.6500977419355,TRUE,TRUE,"Complete",FALSE,TRUE,"GEP70>0.66",10.9389868686869,9.06376719298246,1.87521967570441,"GEP70>0.66
(n = 43)"
"CHIPID2000545","P100546","RNBX_WB_NDMM","GEP70>0.66",NA,"matched_one_to_one","NDMM",48.4,9.38683774193548,FALSE,FALSE,TRUE,FALSE,TRUE,TRUE,TRUE,"GEP70>0.66",10.4660822580645,TRUE,TRUE,"Complete",FALSE,TRUE,"GEP70>0.66",10.6399458585859,8.75210122807018,1.88784463051568,"GEP70>0.66
(n = 43)"
"CHIPID2000421","P100422","RNBX_WB_NDMM","GEP70>0.66",NA,"matched_one_to_one","NDMM",21.75,9.90613741935484,FALSE,FALSE,TRUE,FALSE,TRUE,TRUE,TRUE,"GEP70>0.66",10.9962870967742,TRUE,TRUE,"Complete",FALSE,TRUE,"GEP70>0.66",10.6965782828283,8.76535192982456,1.93122635300372,"GEP70>0.66
(n = 43)"
"CHIPID2000506","P100507","RNBX_WB_NDMM","GEP70>0.66",NA,"matched_one_to_one","NDMM",6.35,9.47056709677419,FALSE,FALSE,TRUE,FALSE,TRUE,TRUE,TRUE,"GEP70>0.66",10.2422093548387,TRUE,TRUE,"Complete",FALSE,TRUE,"GEP70>0.66",11.0861362626263,9.15412824561404,1.93200801701223,"GEP70>0.66
(n = 43)"
"CHIPID2000429","P100430","RNBX_WB_NDMM","GEP70>0.66",NA,"matched_one_to_one","NDMM",49.06,9.44144290322581,FALSE,FALSE,TRUE,FALSE,TRUE,TRUE,TRUE,"GEP70>0.66",10.2983374193548,TRUE,TRUE,"Complete",FALSE,TRUE,"GEP70>0.66",10.8125733333333,8.86000964912281,1.95256368421053,"GEP70>0.66
(n = 43)"
"CHIPID2000101","P100102","RNBX_WB_NDMM","GEP70>0.66",NA,"matched_one_to_one","NDMM",42.81,9.33871322580645,FALSE,FALSE,TRUE,FALSE,TRUE,TRUE,TRUE,"GEP70>0.66",10.3153216129032,TRUE,TRUE,"Complete",FALSE,TRUE,"GEP70>0.66",10.8086476767677,8.85113754385965,1.95751013290803,"GEP70>0.66
(n = 43)"
"CHIPID2000243","P100244","RNBX_WB_NDMM","GEP70>0.66",NA,"matched_one_to_one","NDMM",42.73,9.87467774193548,FALSE,FALSE,TRUE,FALSE,TRUE,TRUE,TRUE,"GEP70>0.66",10.98445,TRUE,TRUE,"Complete",FALSE,TRUE,"GEP70>0.66",10.5090819191919,8.46531122807018,2.04377069112174,"GEP70>0.66
(n = 43)"
"CHIPID2000299","P100300","RNBX_WB_NDMM","GEP70>0.66",NA,"matched_one_to_one","NDMM",34.88,9.78450612903226,FALSE,FALSE,TRUE,FALSE,TRUE,TRUE,TRUE,"GEP70>0.66",10.73551,TRUE,TRUE,"Complete",FALSE,TRUE,"GEP70>0.66",10.5803280808081,8.53347736842105,2.04685071238703,"GEP70>0.66
(n = 43)"
"CHIPID2000146","P100147","RNBX_WB_NDMM","GEP70>0.66",NA,"matched_one_to_one","NDMM",7.84,8.57472838709677,FALSE,FALSE,TRUE,FALSE,TRUE,TRUE,TRUE,"GEP70>0.66",9.10392483870968,TRUE,TRUE,"Complete",FALSE,TRUE,"GEP70>0.66",10.2462351515152,8.06864105263158,2.17759409888357,"GEP70>0.66
(n = 43)"
"CHIPID2000454","P100455","RNBX_WB_NDMM","GEP70>0.66",NA,"matched_one_to_one","NDMM",3.87,9.77202548387097,FALSE,FALSE,TRUE,FALSE,TRUE,TRUE,TRUE,"GEP70>0.66",10.9624916129032,TRUE,TRUE,"Complete",FALSE,TRUE,"GEP70>0.66",10.8653722222222,8.54443421052632,2.32093801169591,"GEP70>0.66
(n = 43)"
"CHIPID2000530","P100531","RNBX_WB_NDMM","GEP70>0.66",NA,"matched_one_to_one","NDMM",33.93,9.62113903225806,FALSE,FALSE,TRUE,FALSE,TRUE,TRUE,TRUE,"GEP70>0.66",10.4845970967742,TRUE,TRUE,"Complete",FALSE,TRUE,"GEP70>0.66",10.7445960606061,8.41555473684211,2.32904132376395,"GEP70>0.66
(n = 43)"
"CHIPID2000367","P100368","RNBX_WB_NDMM","GEP70>0.66",NA,"matched_one_to_one","NDMM",7.18,9.57889483870968,FALSE,FALSE,TRUE,FALSE,TRUE,TRUE,TRUE,"GEP70>0.66",10.5767374193548,TRUE,TRUE,"Complete",FALSE,TRUE,"GEP70>0.66",10.9708351515152,8.62685771929825,2.34397743221691,"GEP70>0.66
(n = 43)"
"CHIPID2000001","P100002","RNBX_WB_NDMM","GEP70>0.66",NA,"matched_one_to_one","NDMM",7.43,9.18187193548387,FALSE,FALSE,TRUE,FALSE,TRUE,TRUE,TRUE,"GEP70>0.66",10.0252764516129,TRUE,TRUE,"Complete",FALSE,TRUE,"GEP70>0.66",10.7878641414141,8.40524105263158,2.38262308878256,"GEP70>0.66
(n = 43)"
"CHIPID2000161","P100162","RNBX_WB_NDMM","GEP70>0.66",NA,"matched_one_to_one","NDMM",10.37,9.88925741935484,FALSE,FALSE,TRUE,FALSE,TRUE,TRUE,TRUE,"GEP70>0.66",10.8516122580645,TRUE,TRUE,"Complete",FALSE,TRUE,"GEP70>0.66",10.5554817171717,8.03320105263158,2.52228066454014,"GEP70>0.66
(n = 43)"
"CHIPID2000076","P100077","RNBX_WB_NDMM","GEP70>0.66",NA,"matched_one_to_one","NDMM",7.92,9.43328096774194,FALSE,FALSE,TRUE,FALSE,TRUE,TRUE,TRUE,"GEP70>0.66",10.2522558064516,TRUE,TRUE,"Complete",FALSE,TRUE,"GEP70>0.66",10.8418601010101,8.25910298245614,2.58275711855396,"GEP70>0.66
(n = 43)"
"CHIPID2000177","P100178","RNBX_WB_NDMM","GEP70>0.66",NA,"matched_one_to_one","NDMM",43.17,8.75675548387097,FALSE,FALSE,TRUE,FALSE,TRUE,TRUE,TRUE,"GEP70>0.66",9.2915564516129,TRUE,TRUE,"Complete",FALSE,TRUE,"GEP70>0.66",11.2788164646465,8.61597263157895,2.66284383306752,"GEP70>0.66
(n = 43)"
"CHIPID2000015","P100016","RNBX_WB_NDMM","GEP70>0.66",NA,"matched_one_to_one","NDMM",6.77,9.45282032258065,FALSE,FALSE,TRUE,FALSE,TRUE,TRUE,TRUE,"GEP70>0.66",10.2940183870968,TRUE,TRUE,"Complete",FALSE,TRUE,"GEP70>0.66",11.2729102020202,8.25163105263158,3.02127914938862,"GEP70>0.66
(n = 43)"
"CHIPID2000335","P100336","RNBX_WB_NDMM","GEP70>0.66",NA,"matched_one_to_one","NDMM",33.75,8.50346129032258,FALSE,FALSE,TRUE,FALSE,TRUE,TRUE,TRUE,"GEP70>0.66",9.01145677419355,TRUE,TRUE,"Complete",FALSE,TRUE,"GEP70>0.66",10.8240377777778,7.78986087719298,3.03417690058479,"GEP70>0.66
(n = 43)"
"CHIPID2000422","P100423","RNBX_WB_NDMM","GEP70>0.66",NA,"matched_one_to_one","NDMM",48.53,9.45114612903226,FALSE,FALSE,TRUE,FALSE,TRUE,TRUE,TRUE,"GEP70>0.66",10.0032209677419,TRUE,TRUE,"Complete",FALSE,TRUE,"GEP70>0.66",11.0521615151515,7.9756101754386,3.07655133971292,"GEP70>0.66
(n = 43)"
