"Gene","Log2FC_RNBX_vs_RNAS","PValue","FDR","PC_ME_Other","PlasmaCellGenes","MicroenvironmentGenes","PC_ME_Label"
"GENE0972",-0.0239582105263168,0.537755468898344,0.589967601643822,0,0,0,"Other"
"GENE0973",-0.133931403508774,0.000504943760752783,0.00082845571903656,1,1,0,"Plasma cells"
"GENE0974",-0.537633333333335,6.53062293977443e-38,2.41427835111809e-37,1,1,0,"Plasma cells"
"GENE0975",0.0144876842105248,0.707425688132176,0.748400622197488,0,0,0,"Other"
"GENE0976",0.915889438596489,1.15617235419682e-72,8.80893222245198e-72,2,0,1,"Microenvironment"
"GENE0977",0.10111796491228,0.00820419847761393,0.0121453715434699,2,0,1,"Microenvironment"
"GENE0978",0.922497543859647,9.61822318617366e-70,6.83355110918199e-69,2,0,1,"Microenvironment"
"GENE0979",-0.0675822807017558,0.0847303349102211,0.110469797796898,0,0,0,"Other"
"GENE0980",-0.106554280701756,0.00324382048334756,0.00500203621179269,1,1,0,"Plasma cells"
"GENE0981",0.0505976842105251,0.169934797174121,0.208884089556,0,0,0,"Other"
"GENE0982",-0.772280350877194,8.58835515720752e-56,4.54410325778175e-55,1,1,0,"Plasma cells"
"GENE0983",0.487481473684209,1.17185459798132e-30,3.79240970220494e-30,2,0,1,"Microenvironment"
"GENE0984",0.0491823508771918,0.214650958174931,0.25822671660142,0,0,0,"Other"
"GENE0985",-0.544629929824562,4.43893265238934e-39,1.68780709216325e-38,1,1,0,"Plasma cells"
"GENE0986",-0.557860350877194,4.29886245262096e-39,1.63610369271968e-38,1,1,0,"Plasma cells"
"GENE0987",0.424056912280701,4.81124733781726e-25,1.38055877699204e-24,2,0,1,"Microenvironment"
"GENE0988",0.188457789473683,8.05377853504127e-07,1.51600537130189e-06,2,0,1,"Microenvironment"
"GENE0989",-1.03341329824562,9.24182083756065e-82,8.90777912054039e-81,1,1,0,"Plasma cells"
"GENE0990",0.439178140350876,3.89377664254113e-25,1.1197057203569e-24,2,0,1,"Microenvironment"
"GENE0991",-0.133161684210528,0.000446656299430992,0.00073584233843656,1,1,0,"Plasma cells"
"GENE0992",-0.00341628070175565,0.922492788358493,0.934879947665054,0,0,0,"Other"
"GENE0993",0.167676631578946,2.06745144768571e-05,3.6787392307575e-05,2,0,1,"Microenvironment"
"GENE0994",0.0725003157894722,0.0613053377306641,0.0815364250328001,0,0,0,"Other"
"GENE0995",-0.596521543859651,4.8371563918051e-44,2.01968951641132e-43,1,1,0,"Plasma cells"
"GENE0996",0.104099087719297,0.00847073940655265,0.0125306795954921,2,0,1,"Microenvironment"
"GENE0997",-0.319851333333335,1.37819297998547e-17,3.38622353804783e-17,1,1,0,"Plasma cells"
"GENE0998",-0.0168524912280713,0.657480145718011,0.701312155432545,0,0,0,"Other"
"GENE0999",-0.452927824561405,1.35271002503633e-27,4.08982622837892e-27,1,1,0,"Plasma cells"
"GENE1000",-0.0138933684210539,0.719225108324778,0.759076631477338,0,0,0,"Other"
"GENE1001",-0.057891719298247,0.113723972830714,0.144634832475639,0,0,0,"Other"
"GENE1002",0.105971824561402,0.00506248368094198,0.0076733363864221,2,0,1,"Microenvironment"
"GENE1003",-0.0319444210526328,0.414382066234762,0.469820936774106,0,0,0,"Other"
"GENE1004",0.901600385964912,2.16461543762093e-74,1.73169235009674e-73,2,0,1,"Microenvironment"
"GENE1005",0.0239252280701742,0.515171968723832,0.569093585997053,0,0,0,"Other"
"GENE1006",-0.253310842105264,3.75582646908088e-12,8.21843866319668e-12,1,1,0,"Plasma cells"
"GENE1007",-1.28397368421053,1.46291081105616e-107,2.82688079431142e-106,1,1,0,"Plasma cells"
"GENE1008",-0.580743614035089,1.38899764619309e-42,5.65783155272133e-42,1,1,0,"Plasma cells"
"GENE1009",-0.42734207017544,1.6944802501467e-23,4.70362317875558e-23,1,1,0,"Plasma cells"
"GENE1010",1.24638571929824,1.51926969672734e-95,2.07408832317726e-94,2,0,1,"Microenvironment"
"GENE1011",0.116706491228069,0.00111325460518493,0.00178120736829589,2,0,1,"Microenvironment"
"GENE1012",-1.0400652631579,1.27490891237487e-85,1.38577055692921e-84,1,1,0,"Plasma cells"
"GENE1013",-0.105419719298247,0.00503692493592204,0.00764038670598717,1,1,0,"Plasma cells"
"GENE1014",0.202277403508771,1.81515491318066e-07,3.48398255888802e-07,2,0,1,"Microenvironment"
"GENE1015",-0.235683754385966,2.48609741143323e-09,5.07108090042473e-09,1,1,0,"Plasma cells"
"GENE1016",0.527147859649121,8.2708608744789e-34,2.84222023177969e-33,2,0,1,"Microenvironment"
"GENE1017",0.0522256140350864,0.168843380154406,0.207679434384263,0,0,0,"Other"
"GENE1018",-0.0249172982456152,0.511756783653622,0.565633361319284,0,0,0,"Other"
"GENE1019",0.17991694736842,2.1961294631101e-06,4.0706755572013e-06,2,0,1,"Microenvironment"
"GENE1020",0.579503157894735,9.3976694049274e-40,3.62844378568626e-39,2,0,1,"Microenvironment"
"GENE1021",-0.164247333333335,4.21662747413469e-05,7.33007818189429e-05,1,1,0,"Plasma cells"
"GENE1022",-0.954626456140352,1.65753630005104e-75,1.36422740744942e-74,1,1,0,"Plasma cells"
"GENE1023",0.103178877192981,0.0031307170322328,0.00483695176860996,2,0,1,"Microenvironment"
"GENE1024",0.89348192982456,2.17837755815133e-74,1.73922359932242e-73,2,0,1,"Microenvironment"
"GENE1025",-0.0752171929824576,0.0499075224387515,0.0670124504045001,1,1,0,"Plasma cells"
"GENE1026",-1.02599515789474,2.10701063088733e-78,1.8646111777764e-77,1,1,0,"Plasma cells"
"GENE1027",-0.900184842105265,3.67720758773227e-71,2.71380633780979e-70,1,1,0,"Plasma cells"
"GENE1028",0.101191859649122,0.0201163315999614,0.0284430280664,2,0,1,"Microenvironment"
"GENE1029",-0.164305403508773,3.4602083183039e-05,6.04931524179004e-05,1,1,0,"Plasma cells"
"GENE1030",-0.104995017543861,0.00910276235246431,0.0134259031747261,1,1,0,"Plasma cells"
"GENE1031",-0.451655157894738,1.15450175483027e-28,3.55778660964643e-28,1,1,0,"Plasma cells"
"GENE1032",0.286065087719297,3.33323479021443e-12,7.30171914614332e-12,2,0,1,"Microenvironment"
"GENE1033",-0.00585333333333491,0.877545253002027,0.896619845287654,0,0,0,"Other"
"GENE1034",0.872539052631577,2.66090697127545e-68,1.81942357010288e-67,2,0,1,"Microenvironment"
"GENE1035",-0.0607240701754398,0.125146823695891,0.157864173693965,0,0,0,"Other"
"GENE1036",-0.00407298245614165,0.915010275743658,0.928237662433333,0,0,0,"Other"
"GENE1037",-0.0495307719298259,0.212527242281419,0.256056918411349,0,0,0,"Other"
"GENE1038",0.102199052631578,0.00793589383008669,0.0117612357615216,2,0,1,"Microenvironment"
"GENE1039",0.166403964912279,1.13921599896411e-05,2.05356646951619e-05,2,0,1,"Microenvironment"
"GENE1040",0.138980315789472,0.000382283186157665,0.000633181260716629,2,0,1,"Microenvironment"
"GENE1041",-0.527329368421054,6.39521356722618e-33,2.15690170901389e-32,1,1,0,"Plasma cells"
"GENE1042",0.276508701754385,1.46216093021818e-13,3.29501054697055e-13,2,0,1,"Microenvironment"
"GENE1043",0.213954596491227,3.26075842745596e-08,6.4251397585339e-08,2,0,1,"Microenvironment"
"GENE1044",0.0913415789473672,0.0125515285728457,0.0181972143136582,2,0,1,"Microenvironment"
"GENE1045",-0.090556350877194,0.0158264091305343,0.0226010840850186,1,1,0,"Plasma cells"
"GENE1046",-0.120902035087721,0.000819522025419901,0.00132394511376398,1,1,0,"Plasma cells"
"GENE1047",0.806824666666665,1.83718200022166e-68,1.26702206911839e-67,2,0,1,"Microenvironment"
"GENE1048",0.0708429824561389,0.0680937733292081,0.0899818610230698,0,0,0,"Other"
"GENE1049",0.823239999999999,1.94348116071585e-64,1.2165766264262e-63,2,0,1,"Microenvironment"
"GENE1050",0.16501894736842,1.48783286410049e-05,2.66756228435767e-05,2,0,1,"Microenvironment"
"GENE1051",0.200001298245612,1.55088870018982e-07,2.98822485585708e-07,2,0,1,"Microenvironment"
"GENE1052",-1.04984887719298,3.00382576300398e-85,3.23862615957302e-84,1,1,0,"Plasma cells"
"GENE1053",-0.112276877192984,0.00314489713400587,0.00485510943111675,1,1,0,"Plasma cells"
"GENE1054",-0.132713052631581,0.000914115010826367,0.00147200484835164,1,1,0,"Plasma cells"
"GENE1055",-0.062109157894738,0.0869842697094673,0.11315026954077,0,0,0,"Other"
"GENE1056",-0.0455925263157906,0.249196658636624,0.295694640921535,0,0,0,"Other"
"GENE1057",-0.0186856140350889,0.635124421927958,0.680551215567059,0,0,0,"Other"
"GENE1058",0.653598491228069,6.93408011604076e-48,3.11294281303738e-47,2,0,1,"Microenvironment"
"GENE1059",-0.0595826666666678,0.124882589670791,0.157609957580955,0,0,0,"Other"
"GENE1060",-0.675908245614036,8.9986626542759e-47,3.95545611176963e-46,1,1,0,"Plasma cells"
"GENE1061",0.617926666666665,7.58416910456101e-41,2.97710269070109e-40,2,0,1,"Microenvironment"
"GENE1062",0.0557655438596478,0.138127451034,0.173092043902256,0,0,0,"Other"
"GENE1063",-0.0186217894736855,0.612371378016712,0.659705228135429,0,0,0,"Other"
"GENE1064",0.11571743859649,0.0044335680280066,0.00674820095587002,2,0,1,"Microenvironment"
"GENE1065",-0.32194407017544,8.98751137099674e-16,2.12470717990467e-15,1,1,0,"Plasma cells"
"GENE1066",-0.197833649122808,1.22059139788217e-07,2.36205398719336e-07,1,1,0,"Plasma cells"
"GENE1067",0.0114913333333323,0.765698148421418,0.800730089852464,0,0,0,"Other"
"GENE1068",0.439161192982455,1.17269182881588e-24,3.33387868888664e-24,2,0,1,"Microenvironment"
"GENE1069",-0.0213752982456153,0.561616012329415,0.611782148506988,0,0,0,"Other"
"GENE1070",0.0949049473684197,0.0136549969598216,0.0196828785006437,2,0,1,"Microenvironment"
"GENE1071",-0.0121658596491241,0.766157690760592,0.801001244914367,0,0,0,"Other"
"GENE1072",-0.0948980350877206,0.0084191163549441,0.0124589217239276,1,1,0,"Plasma cells"
"GENE1073",0.0405359298245601,0.298700730920892,0.349357580024435,0,0,0,"Other"
"GENE1074",-0.00391810526315935,0.907817235039029,0.922217265115386,0,0,0,"Other"
"GENE1075",0.418438631578946,1.74635657817804e-24,4.950691929633e-24,2,0,1,"Microenvironment"
"GENE1076",-0.479394807017545,8.35884051630724e-30,2.64729707563175e-29,1,1,0,"Plasma cells"
"GENE1077",0.399923719298244,6.56563765222751e-24,1.83269718136148e-23,2,0,1,"Microenvironment"
"GENE1078",0.0367120350877182,0.327889911944246,0.380824520260448,0,0,0,"Other"
"GENE1079",-0.356644315789475,2.47281140832725e-17,6.03861149774664e-17,1,1,0,"Plasma cells"
"GENE1080",0.899362982456139,7.91000392348471e-68,5.33558443405377e-67,2,0,1,"Microenvironment"
"GENE1081",0.0483416140350866,0.194612937150477,0.236539577211154,0,0,0,"Other"
"GENE1082",0.0140183859649107,0.716330027756544,0.756620045161388,0,0,0,"Other"
"GENE1083",-0.174650140350879,2.36978819287432e-05,4.19803045681898e-05,1,1,0,"Plasma cells"
"GENE1084",-0.0735164210526328,0.0464935815567529,0.0627020654844947,1,1,0,"Plasma cells"
"GENE1085",0.318727368421051,2.57579992506038e-15,6.01471085828459e-15,2,0,1,"Microenvironment"
"GENE1086",-0.123075298245615,0.00165269647924458,0.00261502607475409,1,1,0,"Plasma cells"
"GENE1087",-0.221063508771931,1.52873103424953e-08,3.04225081442692e-08,1,1,0,"Plasma cells"
"GENE1088",0.523364315789472,2.36653759692429e-30,7.60333364473668e-30,2,0,1,"Microenvironment"
"GENE1089",0.310201368421051,2.13130108549905e-15,4.98549961520247e-15,2,0,1,"Microenvironment"
"GENE1090",-0.111102210526317,0.00305019549749359,0.00471983829399395,1,1,0,"Plasma cells"
"GENE1091",-0.0164773684210538,0.640415442255469,0.685445394803207,0,0,0,"Other"
"GENE1092",0.613633052631578,1.43456239858903e-42,5.83748687116596e-42,2,0,1,"Microenvironment"
"GENE1093",-1.50914438596491,8.25018573818185e-120,2.22977992923834e-118,1,1,0,"Plasma cells"
"GENE1094",-0.0533783508771943,0.149250435676408,0.185346706831925,0,0,0,"Other"
"GENE1095",-0.12781357894737,0.00124700885789033,0.00198726511217582,1,1,0,"Plasma cells"
"GENE1096",-0.0946022456140364,0.0175277618054098,0.0249416745719101,1,1,0,"Plasma cells"
"GENE1097",0.115267403508771,0.0026319744290603,0.00409486492269203,2,0,1,"Microenvironment"
"GENE1098",-0.025171157894738,0.504103690145518,0.558374342567949,0,0,0,"Other"
"GENE1099",0.253778105263157,1.95039619391995e-11,4.1876461490498e-11,2,0,1,"Microenvironment"
"GENE1100",-0.0292449122807031,0.470649894131869,0.526012734430701,0,0,0,"Other"
"GENE1101",-0.699945508771931,2.39214721607195e-48,1.09105916354479e-47,1,1,0,"Plasma cells"
"GENE1102",-1.03363529824561,6.13517791893657e-90,7.30378323682925e-89,1,1,0,"Plasma cells"
"GENE1103",0.00588063157894586,0.867567110575528,0.887990901305555,0,0,0,"Other"
"GENE1104",-0.127936842105264,0.000788508801862764,0.00127487275968111,1,1,0,"Plasma cells"
"GENE1105",0.0193879999999988,0.607940765969163,0.655815281520132,0,0,0,"Other"
"GENE1106",-0.343087368421054,2.72941997211596e-19,6.91868180511017e-19,1,1,0,"Plasma cells"
"GENE1107",-0.0984180000000011,0.010493826346353,0.0153812038788611,1,1,0,"Plasma cells"
"GENE1108",-0.0855851929824573,0.0180967544809779,0.0257147488184411,1,1,0,"Plasma cells"
"GENE1109",0.0653136140350862,0.0790778131106954,0.103538871503365,0,0,0,"Other"
"GENE1110",-0.00202049122807132,0.958525718647475,0.9662557647656,0,0,0,"Other"
"GENE1111",0.550544175438595,2.73836643377536e-36,9.85910507209851e-36,2,0,1,"Microenvironment"
"GENE1112",-0.0100085964912292,0.783530240160184,0.81596484265575,0,0,0,"Other"
"GENE1113",0.0652629473684198,0.0971342312239226,0.125213317723394,0,0,0,"Other"
"GENE1114",-0.0367138947368434,0.347703225804536,0.402550767935787,0,0,0,"Other"
"GENE1115",-0.0572213333333347,0.102931980251267,0.132048723863075,0,0,0,"Other"
"GENE1116",-1.56098789473684,1.86249121397666e-112,4.28158899764749e-111,1,1,0,"Plasma cells"
"GENE1117",-0.0796984561403521,0.0328543572718112,0.0451606285523178,1,1,0,"Plasma cells"
"GENE1118",0.0425471578947357,0.255421798522375,0.302632462704235,0,0,0,"Other"
"GENE1119",0.0299115438596481,0.386674161734908,0.441157058453974,0,0,0,"Other"
"GENE1120",-0.0106356140350886,0.76758036630047,0.802278930024009,0,0,0,"Other"
"GENE1121",0.229424842105262,1.54066203692857e-08,3.06446949165306e-08,2,0,1,"Microenvironment"
"GENE1122",0.331927228070174,1.78361097019572e-15,4.18933874385373e-15,2,0,1,"Microenvironment"
"GENE1123",0.0311964912280692,0.403112309589594,0.458342591915399,0,0,0,"Other"
"GENE1124",0.345028385964911,2.15215120337729e-18,5.3669606069259e-18,2,0,1,"Microenvironment"
"GENE1125",-0.733288701754387,1.0020320463667e-52,5.02901905328329e-52,1,1,0,"Plasma cells"
"GENE1126",-0.187675684210528,1.51803602796382e-06,2.82556729262694e-06,1,1,0,"Plasma cells"
"GENE1127",-0.13592256140351,0.000343559077876003,0.000570933241173249,1,1,0,"Plasma cells"
"GENE1128",-0.406261859649124,8.7425888999919e-24,2.43526153203117e-23,1,1,0,"Plasma cells"
"GENE1129",0.121665017543858,0.00237583960184519,0.0037079041776749,2,0,1,"Microenvironment"
"GENE1130",0.784237438596491,6.30259253468279e-60,3.64838931095964e-59,2,0,1,"Microenvironment"
"GENE1131",0.446721052631577,9.04416492543281e-25,2.58036089170694e-24,2,0,1,"Microenvironment"
"GENE1132",-0.0129712280701765,0.747421077252243,0.784488141959846,0,0,0,"Other"
"GENE1133",-0.154489263157896,1.58148081893137e-05,2.82786020372172e-05,1,1,0,"Plasma cells"
"GENE1134",0.494273157894735,2.60752646146996e-29,8.12946675438802e-29,2,0,1,"Microenvironment"
"GENE1135",0.00524410526315692,0.886679761508605,0.90385296789868,0,0,0,"Other"
"GENE1136",0.0947519649122793,0.00756032792765391,0.0112129446461311,2,0,1,"Microenvironment"
"GENE1137",-0.118824350877195,0.00111245905570183,0.00178064674782206,1,1,0,"Plasma cells"
"GENE1138",-0.118898315789475,0.0021137302466431,0.00331695605593269,1,1,0,"Plasma cells"
"GENE1139",-0.992538245614036,5.28365499841615e-73,4.0565489431218e-72,1,1,0,"Plasma cells"
"GENE1140",-0.103122140350879,0.00551486354982442,0.00830239149390202,1,1,0,"Plasma cells"
"GENE1141",0.0775679298245602,0.0303459085002623,0.0418853119396305,2,0,1,"Microenvironment"
"GENE1142",-0.330390210526317,1.27908581318479e-15,3.01315857051776e-15,1,1,0,"Plasma cells"
"GENE1143",0.0449226666666652,0.259953571920471,0.307207648451039,0,0,0,"Other"
"GENE1144",-0.023676210526317,0.537687905006019,0.589967601643822,0,0,0,"Other"
"GENE1145",0.521220736842103,1.08878678709033e-32,3.66286555791531e-32,2,0,1,"Microenvironment"
"GENE1146",0.41778238596491,1.78673737299462e-24,5.05799680960969e-24,2,0,1,"Microenvironment"
"GENE1147",0.144830596491227,0.000247601613283955,0.000413876495251073,2,0,1,"Microenvironment"
"GENE1148",-0.348686596491229,3.19635887617795e-17,7.78650152540304e-17,1,1,0,"Plasma cells"
"GENE1149",0.137548280701753,0.000164585071047152,0.000278367984857762,2,0,1,"Microenvironment"
"GENE1150",0.0585557543859636,0.157227724427085,0.194528579557173,0,0,0,"Other"
"GENE1151",-0.104396105263159,0.00516305690768177,0.00781689160890503,1,1,0,"Plasma cells"
"GENE1152",0.0401970175438582,0.311519805849068,0.362865236865542,0,0,0,"Other"
"GENE1153",-1.05774210526316,8.22141346529121e-83,8.34661265511798e-82,1,1,0,"Plasma cells"
"GENE1154",0.00019463157894603,0.995690975429485,0.996687663092578,0,0,0,"Other"
"GENE1155",-1.20055059649123,1.05762749936825e-98,1.63340154342586e-97,1,1,0,"Plasma cells"
"GENE1156",0.0225832631578935,0.532266582179391,0.58506906532497,0,0,0,"Other"
"GENE1157",0.044588842105262,0.241132445823967,0.286977025675652,0,0,0,"Other"
"GENE1158",-0.0044142456140361,0.902560857150796,0.918403314322865,0,0,0,"Other"
"GENE1159",-0.678187333333335,3.88303683427225e-49,1.79148181511984e-48,1,1,0,"Plasma cells"
"GENE1160",-0.114444140350878,0.00165545826625771,0.00261732532214657,1,1,0,"Plasma cells"
"GENE1161",-1.11606578947369,2.36828915737227e-91,2.88815750899057e-90,1,1,0,"Plasma cells"
"GENE1162",-0.0930137543859665,0.012871002987672,0.0186064372788897,1,1,0,"Plasma cells"
"GENE1163",-0.0513474035087733,0.142171020600511,0.177325875398205,0,0,0,"Other"
"GENE1164",-0.0190814385964927,0.600871537194991,0.649239910529434,0,0,0,"Other"
"GENE1165",0.492404035087718,1.89339756035204e-33,6.46210771451209e-33,2,0,1,"Microenvironment"
"GENE1166",-0.0879938596491243,0.0211519845655769,0.0298546006571305,1,1,0,"Plasma cells"
"GENE1167",0.0226942807017532,0.519565865982225,0.57299792223019,0,0,0,"Other"
"GENE1168",1.02243729824561,4.10857048629187e-76,3.4525802405814e-75,2,0,1,"Microenvironment"
"GENE1169",0.16041494736842,3.94432892908922e-05,6.87464737096161e-05,2,0,1,"Microenvironment"
"GENE1170",0.0844268421052619,0.0306323898646888,0.0422370077417288,2,0,1,"Microenvironment"
"GENE1171",-0.153633122807019,7.58650339422393e-05,0.000130464374793189,1,1,0,"Plasma cells"
"GENE1172",0.0675113333333319,0.072572537383555,0.0954901807678356,0,0,0,"Other"
"GENE1173",-0.0621680350877205,0.0900404606439132,0.116821875632713,0,0,0,"Other"
"GENE1174",-0.0576633333333345,0.125769340781359,0.158499484286527,0,0,0,"Other"
"GENE1175",-0.217322877192984,3.91950786740818e-08,7.70040838390605e-08,1,1,0,"Plasma cells"
"GENE1176",0.425389789473683,1.10257580701002e-24,3.1390058562563e-24,2,0,1,"Microenvironment"
"GENE1177",-0.0857242807017555,0.0217335931882493,0.0306430640652088,1,1,0,"Plasma cells"
"GENE1178",0.586106561403507,1.39475407821094e-39,5.35928560311601e-39,2,0,1,"Microenvironment"
"GENE1179",-0.0903411578947382,0.0177925674868548,0.0252914960722882,1,1,0,"Plasma cells"
"GENE1180",-0.396491157894738,5.08522092244541e-20,1.30557661680242e-19,1,1,0,"Plasma cells"
"GENE1181",0.0776142456140337,0.0375844703222334,0.0512748571926786,2,0,1,"Microenvironment"
"GENE1182",-0.0727643508771944,0.0589479013957837,0.0786234096642664,0,0,0,"Other"
"GENE1183",0.0124204561403496,0.742479115448598,0.779710281384719,0,0,0,"Other"
"GENE1184",0.138703614035086,0.000297270622682079,0.000495451037803464,2,0,1,"Microenvironment"
"GENE1185",-0.128051157894738,0.000740979774860855,0.00120142646917042,1,1,0,"Plasma cells"
"GENE1186",0.172015333333332,2.01573461057001e-05,3.59150932840983e-05,2,0,1,"Microenvironment"
"GENE1187",0.140066631578946,0.000208358826004666,0.00035077243435129,2,0,1,"Microenvironment"
"GENE1188",0.168651543859648,4.85262458333562e-05,8.41009459850193e-05,2,0,1,"Microenvironment"
"GENE1189",0.0660025614035075,0.0977823526883641,0.125967604107393,0,0,0,"Other"
"GENE1190",0.350164561403507,3.11075297843343e-19,7.88031153498019e-19,2,0,1,"Microenvironment"
"GENE1191",-0.0291689473684224,0.442301651536072,0.498079082114981,0,0,0,"Other"
"GENE1192",-0.194638807017545,5.12124861898137e-06,9.35387875613035e-06,1,1,0,"Plasma cells"
"GENE1193",0.0273521403508758,0.453318776367203,0.50906095044043,0,0,0,"Other"
"GENE1194",-0.0625897192982468,0.118969329800089,0.150880570450335,0,0,0,"Other"
"GENE1195",0.975953684210525,1.29652796735664e-79,1.17852455355634e-78,2,0,1,"Microenvironment"
"GENE1196",-0.207581192982458,1.3287502496684e-07,2.56763333269256e-07,1,1,0,"Plasma cells"
"GENE1197",0.174231017543858,6.11787095985509e-07,1.15377104381991e-06,2,0,1,"Microenvironment"
"GENE1198",-0.125740596491229,0.000342888876649364,0.00057005632028157,1,1,0,"Plasma cells"
"GENE1199",0.0591075789473672,0.104654096917119,0.134043031594133,0,0,0,"Other"
"GENE1200",0.000759929824559835,0.983085914613253,0.985796855967163,0,0,0,"Other"
"GENE1201",-0.147264456140352,0.000157701359653236,0.000266838172002091,1,1,0,"Plasma cells"
"GENE1202",0.004173122807016,0.913295005189037,0.9269677799432,0,0,0,"Other"
"GENE1203",0.79124898245614,1.27844942337532e-61,7.68992134361096e-61,2,0,1,"Microenvironment"
"GENE1204",-0.219014701754387,4.7475880280158e-09,9.60564092668851e-09,1,1,0,"Plasma cells"
"GENE1205",-0.175127087719299,4.07691354180902e-06,7.48400833741904e-06,1,1,0,"Plasma cells"
"GENE1206",0.25988694736842,8.19649060367750e-11,1.73287327773309e-10,2,0,1,"Microenvironment"
"GENE1207",0.0302685964912268,0.398845311725815,0.453619916662855,0,0,0,"Other"
"GENE1208",0.365492070175437,1.54566697186725e-22,4.21449753747035e-22,2,0,1,"Microenvironment"
"GENE1209",0.0331158596491216,0.380831663324361,0.435360575392239,0,0,0,"Other"
"GENE1210",0.154955684210525,0.000114961289418328,0.000195845467492893,2,0,1,"Microenvironment"
"GENE1211",0.0904908421052615,0.0166118012823723,0.0236719647771603,2,0,1,"Microenvironment"
"GENE1212",-0.0676822456140364,0.0804817866341632,0.105157647646774,0,0,0,"Other"
"GENE1213",0.027328842105262,0.473337199884675,0.528425565040107,0,0,0,"Other"
"GENE1214",-0.0684962807017559,0.0666550634477727,0.0881389268730879,0,0,0,"Other"
"GENE1215",0.00471214035087628,0.908384006138655,0.922217265115386,0,0,0,"Other"
"GENE1216",-0.174565614035089,1.41993354292376e-05,2.54696599627581e-05,1,1,0,"Plasma cells"
"GENE1217",-0.166052736842106,6.98565075986933e-06,1.2706959090258e-05,1,1,0,"Plasma cells"
"GENE1218",-0.452467473684212,7.275178376546e-29,2.25237720636099e-28,1,1,0,"Plasma cells"
"GENE1219",0.0583437543859638,0.0953771965451163,0.123136476838661,0,0,0,"Other"
"GENE1220",0.0663649473684199,0.0698200397873636,0.0921716696862886,0,0,0,"Other"
"GENE1221",-0.164465122807019,4.32117510307938e-05,7.50529761715915e-05,1,1,0,"Plasma cells"
"GENE1222",0.636687824561402,9.11544571948044e-44,3.7862702884654e-43,2,0,1,"Microenvironment"
"GENE1223",-0.818004631578949,1.47855959813472e-62,9.05702663482216e-62,1,1,0,"Plasma cells"
"GENE1224",0.0803968421052618,0.0269298497758692,0.0374285611895333,2,0,1,"Microenvironment"
"GENE1225",0.372252035087717,5.85992806473147e-19,1.47791376159684e-18,2,0,1,"Microenvironment"
"GENE1226",0.108125508771928,0.00348902872568687,0.00537393719782344,2,0,1,"Microenvironment"
"GENE1227",-0.0449760350877205,0.205644199163546,0.248813308122863,0,0,0,"Other"
"GENE1228",-0.510963122807019,2.84096986082083e-31,9.31465528137978e-31,1,1,0,"Plasma cells"
"GENE1229",0.0188704561403499,0.602124759666583,0.65006721691399,0,0,0,"Other"
"GENE1230",0.332273192982455,1.10656676238716e-17,2.72553389750532e-17,2,0,1,"Microenvironment"
"GENE1231",0.224389614035086,2.33912786498245e-08,4.62964446310233e-08,2,0,1,"Microenvironment"
"GENE1232",0.0981948421052619,0.0104644416364092,0.0153437560651161,2,0,1,"Microenvironment"
"GENE1233",-0.64576007017544,6.70019068556908e-45,2.83006998334491e-44,1,1,0,"Plasma cells"
"GENE1234",-0.0955816842105278,0.0105175777613914,0.0154047275890025,1,1,0,"Plasma cells"
"GENE1235",0.0714819298245604,0.0655213649762922,0.0867258305443973,0,0,0,"Other"
"GENE1236",-0.0541298947368434,0.12703931043788,0.160049524961108,0,0,0,"Other"
"GENE1237",-0.00283873684210653,0.939728328389914,0.950180311819933,0,0,0,"Other"
"GENE1238",0.428412140350875,8.77543530203609e-26,2.55843594811548e-25,2,0,1,"Microenvironment"
"GENE1239",0.274349859649121,1.89724933010969e-12,4.17666335742365e-12,2,0,1,"Microenvironment"
"GENE1240",2.22335961403509,2.42630761417101e-171,8.82293677880366e-169,2,0,1,"Microenvironment"
"GENE1241",-0.0131612982456149,0.739293945213346,0.776569270182086,0,0,0,"Other"
"GENE1242",-0.0223938947368435,0.582514699223775,0.631966042011148,0,0,0,"Other"
"GENE1243",0.583684385964911,6.48051188121886e-40,2.51670364319179e-39,2,0,1,"Microenvironment"
"GENE1244",0.0351069122807006,0.349392645167573,0.404155749181692,0,0,0,"Other"
"GENE1245",-0.210438491228071,2.05944322961723e-08,4.08417100568613e-08,1,1,0,"Plasma cells"
"GENE1246",0.180886877192981,3.85674255096628e-06,7.08960027751155e-06,2,0,1,"Microenvironment"
"GENE1247",-0.0276290877192994,0.483112164824248,0.538136635838761,0,0,0,"Other"
"GENE1248",0.510344245614034,7.9977496278804e-35,2.80131335477422e-34,2,0,1,"Microenvironment"
"GENE1249",-0.054047017543861,0.167524135041939,0.206247011439753,0,0,0,"Other"
"GENE1250",0.0127657192982446,0.724373803937393,0.763905936132237,0,0,0,"Other"
"GENE1251",0.00370736842105141,0.916873081153959,0.929655849078793,0,0,0,"Other"
"GENE1252",1.73014421052631,2.72073884338753e-135,1.12195416222166e-133,2,0,1,"Microenvironment"
"GENE1253",0.6888869122807,3.13294536672622e-46,1.36215015944618e-45,2,0,1,"Microenvironment"
"GENE1254",-0.0355094736842119,0.352227666618552,0.406964375064763,0,0,0,"Other"
"GENE1255",-0.0313254736842119,0.385971293714165,0.440606499673705,0,0,0,"Other"
"GENE1256",-0.0847735438596501,0.0278316477248325,0.0386014531551075,1,1,0,"Plasma cells"
"GENE1257",-0.0156288421052641,0.692600402766643,0.734270238819659,0,0,0,"Other"
"GENE1258",0.0297059298245598,0.457501114797591,0.513037414967862,0,0,0,"Other"
"GENE1259",0.293683649122806,3.32327787848387e-13,7.42217281626772e-13,2,0,1,"Microenvironment"
"GENE1260",0.098029333333332,0.00648768205380707,0.0096903391393683,2,0,1,"Microenvironment"
"GENE1261",0.237532561403507,2.0922481993106e-09,4.28081473004726e-09,2,0,1,"Microenvironment"
"GENE1262",-0.0474073684210537,0.208281459323923,0.2516236295064,0,0,0,"Other"
"GENE1263",-0.313672596491229,1.50447878540069e-13,3.38846573288444e-13,1,1,0,"Plasma cells"
"GENE1264",0.281320982456139,8.6010484336697e-12,1.85968614782048e-11,2,0,1,"Microenvironment"
"GENE1265",0.182050315789473,1.67981214924456e-06,3.12232741495271e-06,2,0,1,"Microenvironment"
"GENE1266",0.0416370175438582,0.27587774063024,0.324466616442506,0,0,0,"Other"
"GENE1267",0.138538701754385,0.000225011964073042,0.000377695281700449,2,0,1,"Microenvironment"
"GENE1268",-1.79186207017544,2.85224585729015e-131,1.02783634496942e-129,1,1,0,"Plasma cells"
"GENE1269",-0.93639259649123,4.71650991207061e-74,3.72846633365265e-73,1,1,0,"Plasma cells"
"GENE1270",-0.0905501403508787,0.0215363612619589,0.0303756858419731,1,1,0,"Plasma cells"
"GENE1271",-0.456621929824563,9.89785366663724e-28,3.00162355318794e-27,1,1,0,"Plasma cells"
"GENE1272",-0.00508185964912408,0.895842963106548,0.912031522633289,0,0,0,"Other"
"GENE1273",-0.593592807017545,1.88010894116549e-41,7.47558227103574e-41,1,1,0,"Plasma cells"
"GENE1274",0.0782218596491214,0.0248519604220073,0.034757986604206,2,0,1,"Microenvironment"
"GENE1275",-0.568140421052632,6.55876898559213e-43,2.68802007606235e-42,1,1,0,"Plasma cells"
"GENE1276",-0.0732168771929838,0.0492361440482683,0.0661873950382807,1,1,0,"Plasma cells"
"GENE1277",0.049993578947367,0.191912906424634,0.233612789317874,0,0,0,"Other"
"GENE1278",2.20352052631579,3.46486593454699e-165,5.1331347178474e-163,2,0,1,"Microenvironment"
"GENE1279",0.960578736842104,8.42374311449532e-75,6.80706514302652e-74,2,0,1,"Microenvironment"
"GENE1280",0.326113228070174,4.06602829358033e-18,1.00894002322093e-17,2,0,1,"Microenvironment"
"GENE1281",0.0756724210526305,0.036549421843146,0.0498968216288683,2,0,1,"Microenvironment"
"GENE1282",-0.00105964912280827,0.976656448794964,0.980332696406488,0,0,0,"Other"
"GENE1283",-0.0604116491228085,0.120984902389324,0.15333954675453,0,0,0,"Other"
"GENE1284",0.328521614035086,5.64455417176039e-15,1.30888212678502e-14,2,0,1,"Microenvironment"
"GENE1285",-0.869945508771931,1.40488643284094e-66,9.22749709583543e-66,1,1,0,"Plasma cells"
"GENE1286",1.15141477192982,1.0388555895292e-87,1.17717347255433e-86,2,0,1,"Microenvironment"
"GENE1287",1.56804905263158,1.06416802291451e-137,4.62681749093267e-136,2,0,1,"Microenvironment"
"GENE1288",0.0079141052631565,0.830634863558497,0.857429536576513,0,0,0,"Other"
"GENE1289",0.042885473684209,0.262665673307099,0.310204515272629,0,0,0,"Other"
"GENE1290",0.0104741403508759,0.777351060305858,0.810585047242813,0,0,0,"Other"
"GENE1291",0.185550456140349,8.31319216220257e-06,1.5053313104939e-05,2,0,1,"Microenvironment"
"GENE1292",-0.0314482456140361,0.41341415050153,0.468856422457079,0,0,0,"Other"
"GENE1293",-0.0813793684210537,0.0343896577360908,0.0470929924492856,1,1,0,"Plasma cells"
"GENE1294",0.233931543859648,3.4153256531087e-10,7.13383948430016e-10,2,0,1,"Microenvironment"
"GENE1295",0.0805389824561393,0.0328009962361785,0.0451027792865982,2,0,1,"Microenvironment"
"GENE1296",0.049930385964911,0.189996606688224,0.231491448904325,0,0,0,"Other"
"GENE1297",0.618604807017543,1.50588245757575e-43,6.23553812660764e-43,2,0,1,"Microenvironment"
"GENE1298",-0.0187538947368435,0.621472445624996,0.667711464544718,0,0,0,"Other"
"GENE1299",0.154755333333332,2.63397364972976e-05,4.64750533697354e-05,2,0,1,"Microenvironment"
"GENE1300",2.18110954385965,1.51642797082566e-165,2.33296610896255e-163,2,0,1,"Microenvironment"
"GENE1301",-0.1916210877193,1.57781016565063e-07,3.03863296225446e-07,1,1,0,"Plasma cells"
"GENE1302",-0.0624416140350889,0.0759092578843363,0.0995531250942116,0,0,0,"Other"
"GENE1303",0.0563787368421038,0.141756248802545,0.176949985330143,0,0,0,"Other"
"GENE1304",-0.15114105263158,2.15367790752602e-05,3.82705980902002e-05,1,1,0,"Plasma cells"
"GENE1305",0.373606280701753,5.6676954488612e-19,1.4312362244599e-18,2,0,1,"Microenvironment"
"GENE1306",-0.0401882105263171,0.30337139375723,0.354302357672678,0,0,0,"Other"
"GENE1307",0.134895824561402,0.000771971802431583,0.00125015676507139,2,0,1,"Microenvironment"
"GENE1308",0.429154105263156,6.54488037682129e-25,1.87264102341096e-24,2,0,1,"Microenvironment"
"GENE1309",-0.0540065964912292,0.147312246670481,0.183224187401095,0,0,0,"Other"
"GENE1310",-0.349607649122808,7.90342402099867e-19,1.98578492989916e-18,1,1,0,"Plasma cells"
"GENE1311",0.531274736842104,1.19209966266104e-35,4.2423475539539e-35,2,0,1,"Microenvironment"
"GENE1312",0.419328771929823,2.7299144048438e-26,8.00561409045101e-26,2,0,1,"Microenvironment"
"GENE1313",0.478128596491227,8.80082293516578e-31,2.85741004388499e-30,2,0,1,"Microenvironment"
"GENE1314",0.352900491228069,5.08572384731562e-16,1.2094468126791e-15,2,0,1,"Microenvironment"
"GENE1315",0.0102014736842091,0.77277792498013,0.806657541732912,0,0,0,"Other"
"GENE1316",0.0569341403508759,0.133034407659697,0.167023738430254,0,0,0,"Other"
"GENE1317",-0.0308447719298258,0.415567229087753,0.47103114659989,0,0,0,"Other"
"GENE1318",0.132701649122806,0.000503335105766729,0.000826155282341779,2,0,1,"Microenvironment"
"GENE1319",-0.718692456140352,1.00772330455451e-53,5.20115253963618e-53,1,1,0,"Plasma cells"
"GENE1320",0.0388059298245605,0.269773505049354,0.317848017731198,0,0,0,"Other"
"GENE1321",-0.118056350877195,0.00310062957286881,0.00479231773240928,1,1,0,"Plasma cells"
"GENE1322",-0.0681597543859662,0.0732131005413604,0.0962064396075695,0,0,0,"Other"
"GENE1323",0.0319870175438586,0.394957430453535,0.449581594141759,0,0,0,"Other"
"GENE1324",-0.0599389473684222,0.112659665083098,0.143332907230404,0,0,0,"Other"
"GENE1325",0.120745859649122,0.00206830431518413,0.00325077299046621,2,0,1,"Microenvironment"
"GENE1326",0.179391473684209,7.66670177437627e-06,1.39204753052679e-05,2,0,1,"Microenvironment"
"GENE1327",-0.149613298245615,4.74260109470263e-05,8.22654136114941e-05,1,1,0,"Plasma cells"
"GENE1328",0.887626421052631,2.7751616126992e-73,2.1554653302518e-72,2,0,1,"Microenvironment"
"GENE1329",0.260004596491227,1.18562865129318e-10,2.49737472626262e-10,2,0,1,"Microenvironment"
"GENE1330",-0.100083719298247,0.00953352481364475,0.0140405372807728,1,1,0,"Plasma cells"
"GENE1331",-1.02071396491228,4.60978427821806e-85,4.9302505649391e-84,1,1,0,"Plasma cells"
"GENE1332",-0.00355371929824689,0.926986532373984,0.938720539112895,0,0,0,"Other"
"GENE1333",-0.553700596491229,1.74402002772176e-33,5.95736986412214e-33,1,1,0,"Plasma cells"
"GENE1334",-1.06159719298246,1.40833103074275e-83,1.45941039455207e-82,1,1,0,"Plasma cells"
"GENE1335",-0.146460877192984,4.19244415828962e-05,7.29120723180803e-05,1,1,0,"Plasma cells"
"GENE1336",-0.127580877192984,0.000479228638954584,0.000788204998280565,1,1,0,"Plasma cells"
"GENE1337",-1.78173087719298,1.66709560756862e-136,7.01934992660473e-135,1,1,0,"Plasma cells"
"GENE1338",0.919139192982454,1.37419431195225e-73,1.07779946035471e-72,2,0,1,"Microenvironment"
"GENE1339",-0.0130253333333344,0.737878469042085,0.775889787843193,0,0,0,"Other"
"GENE1340",0.219361649122806,5.9411218796383e-08,1.16094223344178e-07,2,0,1,"Microenvironment"
"GENE1341",-0.116808105263159,0.00306546635161296,0.0047416339545444,1,1,0,"Plasma cells"
"GENE1342",-1.77972687719298,1.83132147062662e-141,9.51335828896946e-140,1,1,0,"Plasma cells"
"GENE1343",0.0328738596491217,0.368840539638205,0.423832852212818,0,0,0,"Other"
"GENE1344",-0.0299647719298256,0.416462493912662,0.471778526097607,0,0,0,"Other"
"GENE1345",0.993458666666666,4.03746734990379e-81,3.82698327005099e-80,2,0,1,"Microenvironment"
"GENE1346",1.44346694736842,1.18597346784988e-106,2.21677283710259e-105,2,0,1,"Microenvironment"
"GENE1347",1.54341122807017,6.2792629276042e-118,1.57968878681867e-116,2,0,1,"Microenvironment"
"GENE1348",-0.122933719298247,0.00146041415102333,0.00231719817695095,1,1,0,"Plasma cells"
"GENE1349",-1.40652694736842,1.4274332256717e-113,3.33902508929052e-112,1,1,0,"Plasma cells"
"GENE1350",-0.531191964912282,7.87770348750475e-35,2.76168395705688e-34,1,1,0,"Plasma cells"
"GENE1351",0.0884773684210515,0.0185439217360631,0.026322103244944,2,0,1,"Microenvironment"
"GENE1352",0.409483017543859,1.65798450119991e-24,4.70350213106358e-24,2,0,1,"Microenvironment"
"GENE1353",0.110719192982455,0.0063501646804264,0.00949202493337279,2,0,1,"Microenvironment"
"GENE1354",-0.00199449122807124,0.959205778176743,0.966697685237333,0,0,0,"Other"
"GENE1355",0.0172374035087706,0.659440301989213,0.703215464664583,0,0,0,"Other"
"GENE1356",-0.0669326315789491,0.0982389344320319,0.126477888771981,0,0,0,"Other"
"GENE1357",-0.244973684210528,8.11436781523748e-10,1.68173426222538e-09,1,1,0,"Plasma cells"
"GENE1358",0.104806736842104,0.0111671707976354,0.0162786746321216,2,0,1,"Microenvironment"
"GENE1359",0.458916877192981,1.06557982394176e-28,3.28629089881808e-28,2,0,1,"Microenvironment"
"GENE1360",-0.188791824561405,2.21934465686157e-07,4.24754958251018e-07,1,1,0,"Plasma cells"
"GENE1361",0.0943942807017531,0.0186155685974693,0.026405061840382,2,0,1,"Microenvironment"
"GENE1362",-0.00717357894736942,0.843557334135107,0.868527499753005,0,0,0,"Other"
"GENE1363",-0.406869754385966,5.92671640286694e-26,1.73295801253419e-25,1,1,0,"Plasma cells"
"GENE1364",1.08108326315789,1.25109313881316e-93,1.63008878021259e-92,2,0,1,"Microenvironment"
"GENE1365",1.09805357894737,2.01609192895755e-86,2.2463419821254e-85,2,0,1,"Microenvironment"
"GENE1366",-0.323327894736843,4.93645527405201e-15,1.14601399281532e-14,1,1,0,"Plasma cells"
"GENE1367",-0.491253754385966,7.39331696560323e-33,2.48933231165092e-32,1,1,0,"Plasma cells"
"GENE1368",-0.609296982456142,4.02005104564584e-47,1.77681814172192e-46,1,1,0,"Plasma cells"
"GENE1369",-0.0619961403508787,0.114307402698513,0.145290629422958,0,0,0,"Other"
"GENE1370",0.0350604210526305,0.364624300949598,0.419732277411653,0,0,0,"Other"
"GENE1371",-0.105516842105264,0.00711460210725511,0.0105793339884834,1,1,0,"Plasma cells"
"GENE1372",-0.0844295789473697,0.0329206325612529,0.0452361835262836,1,1,0,"Plasma cells"
"GENE1373",0.485217298245613,7.28951618025437e-29,2.25507074408488e-28,2,0,1,"Microenvironment"
"GENE1374",2.06073607017544,2.84898287860132e-164,4.06997554085903e-162,2,0,1,"Microenvironment"
"GENE1375",-2.23216642105263,2.54578825184692e-169,5.9900900043457e-167,1,1,0,"Plasma cells"
"GENE1376",0.340515368421051,2.80693453081033e-18,6.98676921172454e-18,2,0,1,"Microenvironment"
"GENE1377",0.280448315789473,3.5434946739204e-13,7.90517495576219e-13,2,0,1,"Microenvironment"
"GENE1378",-0.0150004210526329,0.686888023290494,0.729761512128015,0,0,0,"Other"
"GENE1379",1.81252814035088,3.75651845683752e-141,1.90203466168988e-139,2,0,1,"Microenvironment"
"GENE1380",1.09936101754386,1.96072872504053e-81,1.87181739860671e-80,2,0,1,"Microenvironment"
"GENE1381",0.0892100701754374,0.0301107109681417,0.0415750237737545,2,0,1,"Microenvironment"
"GENE1382",-0.199975824561405,3.99776416966596e-07,7.59670151005408e-07,1,1,0,"Plasma cells"
"GENE1383",-0.280035263157896,9.6498003232514e-13,2.13845990542967e-12,1,1,0,"Plasma cells"
"GENE1384",0.0900429824561389,0.0188935670794218,0.0267803927419161,2,0,1,"Microenvironment"
"GENE1385",0.0254980350877181,0.521476418923944,0.574471406140395,0,0,0,"Other"
"GENE1386",-0.636711508771931,3.2242629461584e-48,1.46391053174048e-47,1,1,0,"Plasma cells"
"GENE1387",0.386328491228069,8.50653332609576e-23,2.33215444169863e-22,2,0,1,"Microenvironment"
"GENE1388",-0.473182526315791,3.03304523215021e-31,9.92001711251092e-31,1,1,0,"Plasma cells"
"GENE1389",-2.24544747368421,8.89849893080008e-163,1.18646652410668e-160,1,1,0,"Plasma cells"
"GENE1390",-0.0227317894736853,0.55332840110477,0.604070306882936,0,0,0,"Other"
"GENE1391",0.747813859649122,1.89806062491431e-53,9.72118117753808e-53,2,0,1,"Microenvironment"
"GENE1392",-0.0822828771929837,0.0284566353814397,0.0394136224119664,1,1,0,"Plasma cells"
"GENE1393",-0.00675775438596608,0.852285310168382,0.875485680707121,0,0,0,"Other"
"GENE1394",0.0200082456140336,0.588920171858638,0.637927483912044,0,0,0,"Other"
"GENE1395",-0.89878961403509,5.97046522762069e-68,4.04092401192602e-67,1,1,0,"Plasma cells"
"GENE1396",0.29483442105263,1.9628091054353e-15,4.59674263567986e-15,2,0,1,"Microenvironment"
"GENE1397",-0.00135347368421163,0.973566053693777,0.97796690476522,0,0,0,"Other"
"GENE1398",0.336919473684209,1.5926389357459e-17,3.90592013671589e-17,2,0,1,"Microenvironment"
"GENE1399",0.110865578947367,0.00685537578684375,0.0102242741041667,2,0,1,"Microenvironment"
"GENE1400",0.01289343859649,0.738289778682685,0.775889787843193,0,0,0,"Other"
"GENE1401",0.187954736842104,3.62269373519389e-06,6.66855726680882e-06,2,0,1,"Microenvironment"
"GENE1402",-0.145644947368422,2.75731118226248e-05,4.85655866536765e-05,1,1,0,"Plasma cells"
"GENE1403",-0.836288421052632,5.51599418809945e-61,3.28332987386872e-60,1,1,0,"Plasma cells"
"GENE1404",-0.0505254385964924,0.178164690272744,0.218005127283871,0,0,0,"Other"
"GENE1405",0.261094526315788,1.77736379033456e-10,3.73591968541159e-10,2,0,1,"Microenvironment"
"GENE1406",0.0739858947368412,0.0474821389734561,0.0639705476233831,2,0,1,"Microenvironment"
"GENE1407",0.107130736842104,0.00586979147466762,0.00881019358299079,2,0,1,"Microenvironment"
"GENE1408",0.097468140350876,0.010728042865546,0.0156842731952427,2,0,1,"Microenvironment"
"GENE1409",-0.00438477192982578,0.90735997790875,0.922113798687754,0,0,0,"Other"
"GENE1410",1.13645964912281,5.77893808357771e-96,7.99853021948472e-95,2,0,1,"Microenvironment"
"GENE1411",0.0224672631578932,0.540116300967101,0.591898953670774,0,0,0,"Other"
"GENE1412",-0.723047543859651,4.89234856217096e-55,2.55809075146194e-54,1,1,0,"Plasma cells"
"GENE1413",0.0784215087719286,0.0470381219225302,0.0634150615740212,2,0,1,"Microenvironment"
"GENE1414",1.08077021052631,3.88003299414359e-86,4.29227321274404e-85,2,0,1,"Microenvironment"
"GENE1415",-0.0158581052631589,0.685679835159173,0.728865091851367,0,0,0,"Other"
"GENE1416",-0.140517824561404,0.000389016530745853,0.000643268343523527,1,1,0,"Plasma cells"
"GENE1417",0.0578400350877179,0.11375529574209,0.144634832475639,0,0,0,"Other"
"GENE1418",-0.163354350877195,8.67232276841011e-06,1.56894125163457e-05,1,1,0,"Plasma cells"
"GENE1419",-0.603061192982458,1.34507026433351e-42,5.48448629697659e-42,1,1,0,"Plasma cells"
"GENE1420",-0.0649898596491243,0.081201204931807,0.106041403763378,0,0,0,"Other"
"GENE1421",0.0794556842105252,0.0439291731591093,0.0595044675368903,2,0,1,"Microenvironment"
"GENE1422",-0.0222838245614051,0.558448671690083,0.608663402387011,0,0,0,"Other"
"GENE1423",0.137485052631578,0.000270676961581577,0.000451881404977591,2,0,1,"Microenvironment"
"GENE1424",0.107623052631578,0.00401334457413131,0.00614163052083474,2,0,1,"Microenvironment"
"GENE1425",-0.439949263157896,1.30795517178777e-26,3.86682977616486e-26,1,1,0,"Plasma cells"
"GENE1426",0.0751309122807005,0.0432852112579897,0.058671923087753,2,0,1,"Microenvironment"
"GENE1427",0.158874245614034,2.88084525053257e-05,5.06299692536479e-05,2,0,1,"Microenvironment"
"GENE1428",0.723732807017543,2.59012630048704e-55,1.36322436867739e-54,2,0,1,"Microenvironment"
"GENE1429",0.0659229824561392,0.0598129557062608,0.0796709366716761,0,0,0,"Other"
"GENE1430",-0.107248631578949,0.00522983587286902,0.00791499942923802,1,1,0,"Plasma cells"
"GENE1431",0.147713333333332,5.0204835908529e-05,8.69347807939896e-05,2,0,1,"Microenvironment"
"GENE1432",-0.137713438596493,0.000234467079793402,0.000392906711006958,1,1,0,"Plasma cells"
"GENE1433",-0.033217122807019,0.378766073058436,0.433246866523805,0,0,0,"Other"
"GENE1434",0.27194992982456,9.13081459352913e-12,1.97316360746172e-11,2,0,1,"Microenvironment"
"GENE1435",-1.06312414035088,3.29527224658256e-75,2.69551922010843e-74,1,1,0,"Plasma cells"
"GENE1436",-0.166564631578949,1.49679447716055e-05,2.68242737842392e-05,1,1,0,"Plasma cells"
"GENE1437",0.349671824561402,3.3708878111546e-18,8.37487654945243e-18,2,0,1,"Microenvironment"
"GENE1438",-0.274275684210528,3.67344974005961e-11,7.84925158132395e-11,1,1,0,"Plasma cells"
"GENE1439",-0.0596914736842116,0.112315640938416,0.142986175605877,0,0,0,"Other"
"GENE1440",-1.37668621052632,2.19326942380611e-108,4.38653884761222e-107,1,1,0,"Plasma cells"
"GENE1441",0.0537329122807007,0.154023332284039,0.19091829226407,0,0,0,"Other"
"GENE1442",0.0882045614035076,0.0323209536365051,0.0444579829938172,2,0,1,"Microenvironment"
"GENE1443",-0.975025017543859,2.56652035479351e-79,2.31218049981398e-78,1,1,0,"Plasma cells"
"GENE1444",0.0766541052631567,0.0400181380219962,0.0544649717890388,2,0,1,"Microenvironment"
"GENE1445",0.0670371228070165,0.0892239474382995,0.115875256413376,0,0,0,"Other"
"GENE1446",-0.00270256140351008,0.942729338189762,0.95273303505787,0,0,0,"Other"
"GENE1447",0.127171684210525,0.000281118560507966,0.0004687262367786,2,0,1,"Microenvironment"
"GENE1448",0.206027824561402,8.96018329816505e-08,1.74407460791534e-07,2,0,1,"Microenvironment"
"GENE1449",-1.57702561403509,2.17080576196317e-124,6.73118065725015e-123,1,1,0,"Plasma cells"
"GENE1450",-0.676856210526317,6.69376220694371e-48,3.00843245255897e-47,1,1,0,"Plasma cells"
"GENE1451",0.0141384210526303,0.696088589599407,0.737577313482816,0,0,0,"Other"
"GENE1452",-0.0709351929824576,0.0511798002138031,0.0686977184077894,0,0,0,"Other"
"GENE1453",0.00637884210526174,0.865259422141708,0.88585556400482,0,0,0,"Other"
"GENE1454",-0.0210872982456154,0.585247611056822,0.634242872995743,0,0,0,"Other"
"GENE1455",-0.0957929122807033,0.0108667556534528,0.0158696687162509,1,1,0,"Plasma cells"
"GENE1456",0.0945424210526302,0.0165369252358419,0.0235736639142436,2,0,1,"Microenvironment"
"GENE1457",-0.185029684210527,5.50952893893425e-06,1.00447200345201e-05,1,1,0,"Plasma cells"
"GENE1458",-0.491170526315791,3.88826675826003e-32,1.29393236547755e-31,1,1,0,"Plasma cells"
"GENE1459",-1.62618512280702,4.08765537853904e-134,1.61887341724318e-132,1,1,0,"Plasma cells"
"GENE1460",0.167990842105262,2.41037576377159e-05,4.266151794286e-05,2,0,1,"Microenvironment"
"GENE1461",-0.0206669473684224,0.576894108890266,0.627058814011159,0,0,0,"Other"
"GENE1462",0.0532524912280691,0.170308868990279,0.209160416322112,0,0,0,"Other"
"GENE1463",-0.991824666666668,9.89631828231965e-80,9.05841490372508e-79,1,1,0,"Plasma cells"
"GENE1464",-0.233495298245616,1.90226229798537e-10,3.99425154432623e-10,1,1,0,"Plasma cells"
"GENE1465",0.747448315789472,6.24910140087487e-58,3.44778008324131e-57,2,0,1,"Microenvironment"
"GENE1466",-0.0520582105263169,0.171185437849012,0.210172422159622,0,0,0,"Other"
"GENE1467",-0.0129232280701768,0.717500465291415,0.757656246347851,0,0,0,"Other"
"GENE1468",-0.0925790877192993,0.0174641590712679,0.0248600129128369,1,1,0,"Plasma cells"
"GENE1469",0.047170736842104,0.202412970524554,0.245423425916403,0,0,0,"Other"
"GENE1470",-0.162149263157896,1.0118053559926e-05,1.8255396589853e-05,1,1,0,"Plasma cells"
"GENE1471",0.0763350175438585,0.0410516938058705,0.0557957102356378,2,0,1,"Microenvironment"
"GENE1472",-0.0427130877192995,0.289815061638295,0.339560704907199,0,0,0,"Other"
"GENE1473",-0.0377055087719311,0.307095268906699,0.358233034595158,0,0,0,"Other"
"GENE1474",0.286234245614034,3.65004690913903e-13,8.1338092682764e-13,2,0,1,"Microenvironment"
"GENE1475",0.0176872631578937,0.635537465293319,0.680811425059796,0,0,0,"Other"
"GENE1476",0.489829087719297,4.37028070170537e-33,1.4801966813566e-32,2,0,1,"Microenvironment"
"GENE1477",0.13533894736842,0.000596103750544225,0.000971644255165811,2,0,1,"Microenvironment"
"GENE1478",1.09116333333333,1.10524670992683e-88,1.27774186118708e-87,2,0,1,"Microenvironment"
"GENE1479",-0.998398736842106,2.76194720706268e-73,2.14937525841453e-72,1,1,0,"Plasma cells"
"GENE1480",-0.102352526315791,0.0100640095437627,0.014778281268374,1,1,0,"Plasma cells"
"GENE1481",0.699477824561402,3.70619147464183e-53,1.88610253162434e-52,2,0,1,"Microenvironment"
"GENE1482",-0.230372245614036,4.67816457326996e-10,9.7411027033211e-10,1,1,0,"Plasma cells"
"GENE1483",0.261040807017543,6.35982830690533e-11,1.35099910927357e-10,2,0,1,"Microenvironment"
"GENE1484",0.0321726666666654,0.393361254049457,0.447892119612248,0,0,0,"Other"
"GENE1485",-0.500423614035089,1.73868166235407e-28,5.33163018329696e-28,1,1,0,"Plasma cells"
"GENE1486",-0.138206596491229,0.000684895549571424,0.0011127466280608,1,1,0,"Plasma cells"
"GENE1487",0.00536638596491054,0.885692740953339,0.903076972677379,0,0,0,"Other"
"GENE1488",0.0479595438596479,0.202994549552008,0.245830517168645,0,0,0,"Other"
"GENE1489",-0.0285730175438609,0.475381863089841,0.530560115055626,0,0,0,"Other"
"GENE1490",-0.0256408421052645,0.504849815452299,0.558771240124293,0,0,0,"Other"
"GENE1491",-0.0975155438596504,0.00972798562388631,0.0143006036367311,1,1,0,"Plasma cells"
"GENE1492",-0.0229141754385978,0.567716601470299,0.617754735005766,0,0,0,"Other"
"GENE1493",2.27078536842105,2.15651419837823e-168,4.5400298913226e-166,2,0,1,"Microenvironment"
"GENE1494",0.0622315438596479,0.112424617086219,0.143079372683702,0,0,0,"Other"
"GENE1495",-0.00168400000000129,0.964352497927318,0.971150551789847,0,0,0,"Other"
"GENE1496",-0.0349498596491242,0.357876340564351,0.412775479312977,0,0,0,"Other"
"GENE1497",-0.0677154385964923,0.0735675167890418,0.0966086891517292,0,0,0,"Other"
"GENE1498",0.156968385964911,1.1448836850317e-05,2.0628534865436e-05,2,0,1,"Microenvironment"
"GENE1499",0.0958985263157881,0.022877564356402,0.0321314106129242,2,0,1,"Microenvironment"
"GENE1500",-0.0130489824561416,0.727543662792777,0.767046560667134,0,0,0,"Other"
"GENE1501",0.0927825263157882,0.0155015108996646,0.0221846309834198,2,0,1,"Microenvironment"
"GENE1502",-0.0575345614035101,0.131893280646315,0.165747132449029,0,0,0,"Other"
"GENE1503",0.0396961403508759,0.273363792320873,0.321888480801735,0,0,0,"Other"
"GENE1504",0.690049824561403,1.06675355452566e-46,4.68387949297765e-46,2,0,1,"Microenvironment"
"GENE1505",0.019386631578946,0.624499013414004,0.670602967424434,0,0,0,"Other"
"GENE1506",0.0531901403508757,0.152380541377162,0.188940534875588,0,0,0,"Other"
"GENE1507",-0.00655287719298354,0.858259005935744,0.880667874974018,0,0,0,"Other"
"GENE1508",-0.00152164912280818,0.966955390969081,0.973036871415427,0,0,0,"Other"
"GENE1509",0.475997122807016,2.3508434595817e-27,7.0808537939208e-27,2,0,1,"Microenvironment"
"GENE1510",-0.228598000000001,2.53313001701457e-09,5.16175245443622e-09,1,1,0,"Plasma cells"
"GENE1511",0.0361117192982445,0.364642416001374,0.419732277411653,0,0,0,"Other"
"GENE1512",-0.0437617192982468,0.241838705613084,0.28773195194894,0,0,0,"Other"
"GENE1513",0.145709754385964,0.000218901318011708,0.000367901374809594,2,0,1,"Microenvironment"
"GENE1514",0.196994035087718,1.54640608675156e-07,2.98102378168975e-07,2,0,1,"Microenvironment"
"GENE1515",0.771090175438595,3.79164460726776e-58,2.11528290503083e-57,2,0,1,"Microenvironment"
"GENE1516",0.18547143859649,3.54672400787218e-06,6.53472871095749e-06,2,0,1,"Microenvironment"
"GENE1517",0.317838666666665,2.336688372533e-17,5.71317450497066e-17,2,0,1,"Microenvironment"
"GENE1518",0.55516140350877,2.10671649333533e-36,7.61234505270219e-36,2,0,1,"Microenvironment"
"GENE1519",-0.0811261052631593,0.0425898164425839,0.0577684861886523,1,1,0,"Plasma cells"
"GENE1520",0.595165859649122,1.92568267699225e-42,7.81210010950203e-42,2,0,1,"Microenvironment"
"GENE1521",-0.127089508771931,0.000332306961272344,0.000552923396459808,1,1,0,"Plasma cells"
"GENE1522",-0.0642186666666679,0.0964391547059463,0.124357388402252,0,0,0,"Other"
"GENE1523",0.456553754385963,3.04667157006799e-28,9.31703844057489e-28,2,0,1,"Microenvironment"
"GENE1524",0.616786982456139,1.29605838633373e-41,5.18423354533493e-41,2,0,1,"Microenvironment"
"GENE1525",0.485744666666666,1.99237275437416e-30,6.40634326165325e-30,2,0,1,"Microenvironment"
"GENE1526",0.00149894736842006,0.966228246334438,0.972794609951611,0,0,0,"Other"
"GENE1527",-0.305363859649124,2.48257804403612e-16,5.93208612672907e-16,1,1,0,"Plasma cells"
"GENE1528",-0.715179719298247,2.77530437067078e-53,1.41778001055978e-52,1,1,0,"Plasma cells"
"GENE1529",-0.0643494385964928,0.0951991856375182,0.122956649192791,0,0,0,"Other"
"GENE1530",-0.0757987017543874,0.0532096183777398,0.0713026711929512,0,0,0,"Other"
"GENE1531",0.0215450877192972,0.55948267576837,0.609624272152951,0,0,0,"Other"
"GENE1532",-0.140764701754388,0.00017013294525808,0.0002876296623129,1,1,0,"Plasma cells"
"GENE1533",1.31732894736842,3.15793269166704e-104,5.61410256296364e-103,2,0,1,"Microenvironment"
"GENE1534",0.0350928070175428,0.34873535069568,0.40362887812,0,0,0,"Other"
"GENE1535",0.348891228070174,2.95096312325291e-17,7.19308500488217e-17,2,0,1,"Microenvironment"
"GENE1536",0.00238052631578838,0.95027303212204,0.958903160567144,0,0,0,"Other"
"GENE1537",0.218933228070174,6.29020737976931e-09,1.26818697172768e-08,2,0,1,"Microenvironment"
"GENE1538",-0.326632175438598,9.11521160177351e-17,2.19511417261253e-16,1,1,0,"Plasma cells"
"GENE1539",0.719776596491226,5.85185331610994e-54,3.02421360005681e-53,2,0,1,"Microenvironment"
"GENE1540",-0.0776873333333344,0.0454408050140366,0.0613650304038306,1,1,0,"Plasma cells"
"GENE1541",0.0805051578947357,0.0227301396709543,0.0319355668014812,2,0,1,"Microenvironment"
"GENE1542",-0.359131403508773,1.66520375116148e-19,4.22908889183868e-19,1,1,0,"Plasma cells"
"GENE1543",-0.198309438596492,1.04075197036758e-07,2.01793886644223e-07,1,1,0,"Plasma cells"
"GENE1544",-0.049334526315791,0.160991437776739,0.198877625419072,0,0,0,"Other"
"GENE1545",0.247670105263156,8.68810504109175e-11,1.83583836050539e-10,2,0,1,"Microenvironment"
"GENE1546",0.187945403508771,6.04089818548566e-07,1.13979211046899e-06,2,0,1,"Microenvironment"
"GENE1547",-0.183654385964913,4.36795138568784e-06,8.00724360346076e-06,1,1,0,"Plasma cells"
"GENE1548",0.0792518947368408,0.0256118883515219,0.0357209042559581,2,0,1,"Microenvironment"
"GENE1549",0.0174480701754372,0.651081239819554,0.695228232588953,0,0,0,"Other"
"GENE1550",0.0128891578947357,0.735956176440021,0.774486899700101,0,0,0,"Other"
"GENE1551",-0.4760710877193,6.56212173737192e-29,2.03476643019284e-28,1,1,0,"Plasma cells"
"GENE1552",-0.0891755087719309,0.015793966869557,0.0225628098136528,1,1,0,"Plasma cells"
"GENE1553",-0.312512666666668,1.36054184737253e-15,3.19939293914762e-15,1,1,0,"Plasma cells"
"GENE1554",-0.382626771929826,8.57610690467658e-21,2.23481613151181e-20,1,1,0,"Plasma cells"
"GENE1555",-0.156103789473685,1.89669880582893e-05,3.38243211026112e-05,1,1,0,"Plasma cells"
"GENE1556",-0.241059122807019,9.34640901416586e-10,1.93407325694068e-09,1,1,0,"Plasma cells"
"GENE1557",2.23635821052632,1.76939856651006e-167,3.21708830274556e-165,2,0,1,"Microenvironment"
"GENE1558",0.0843437543859635,0.0304594444998381,0.0420130268963284,2,0,1,"Microenvironment"
"GENE1559",0.113087333333332,0.0028738506968874,0.00445040758325576,2,0,1,"Microenvironment"
"GENE1560",-0.211644947368422,1.95070687357702e-08,3.87045014598616e-08,1,1,0,"Plasma cells"
"GENE1561",0.15951192982456,1.86367489931419e-05,3.3250221218808e-05,2,0,1,"Microenvironment"
"GENE1562",-0.110203754385966,0.00268949372768484,0.00417785433426771,1,1,0,"Plasma cells"
"GENE1563",0.311081052631578,1.8489886919429e-15,4.33526070795522e-15,2,0,1,"Microenvironment"
"GENE1564",-0.06338407017544,0.0974671943543078,0.125602054580294,0,0,0,"Other"
"GENE1565",0.201592175438595,3.5490471728142e-08,6.98631333231142e-08,2,0,1,"Microenvironment"
"GENE1566",0.0853496842105251,0.0261967289499396,0.0364856949163505,2,0,1,"Microenvironment"
"GENE1567",-0.0482528771929836,0.212411417728878,0.255994477528024,0,0,0,"Other"
"GENE1568",-0.439421614035089,8.07219864209169e-28,2.45169282979247e-27,1,1,0,"Plasma cells"
"GENE1569",-0.0768453684210539,0.0387518849508267,0.0528314723255987,1,1,0,"Plasma cells"
"GENE1570",0.0186004912280691,0.613844673407558,0.661114349388861,0,0,0,"Other"
"GENE1571",0.00606129824561271,0.862828183984927,0.884045270476359,0,0,0,"Other"
"GENE1572",0.0489039649122794,0.245832563402158,0.292049377371141,0,0,0,"Other"
"GENE1573",0.0245572982456129,0.515377284186966,0.569163207274397,0,0,0,"Other"
"GENE1574",0.0812247017543846,0.0334665754537166,0.0459232596277414,2,0,1,"Microenvironment"
"GENE1575",0.12938445614035,0.000346792589477478,0.000576067424381192,2,0,1,"Microenvironment"
"GENE1576",0.21658340350877,7.33288276596282e-09,1.47246641886804e-08,2,0,1,"Microenvironment"
"GENE1577",-0.249459438596492,2.81012090528002e-12,6.1659262869556e-12,1,1,0,"Plasma cells"
"GENE1578",0.0590894035087706,0.129120253609812,0.162568780119372,0,0,0,"Other"
"GENE1579",0.534763263157894,1.74935581733692e-37,6.40789676680191e-37,2,0,1,"Microenvironment"
"GENE1580",-0.0773753684210541,0.0348835744763967,0.0477203481209257,1,1,0,"Plasma cells"
"GENE1581",-1.1335670877193,1.45027263198977e-91,1.79046003949355e-90,1,1,0,"Plasma cells"
"GENE1582",0.0436262456140339,0.263607066603283,0.311132566070561,0,0,0,"Other"
"GENE1583",0.117842385964911,0.00237958631717207,0.0037108558552391,2,0,1,"Microenvironment"
"GENE1584",-0.488394456140352,2.28560179266398e-35,8.09062581473974e-35,1,1,0,"Plasma cells"
"GENE1585",0.156025192982455,1.76417815470969e-05,3.15031813341016e-05,2,0,1,"Microenvironment"
"GENE1586",0.618614350877192,3.7773299948334e-45,1.60396178124561e-44,2,0,1,"Microenvironment"
"GENE1587",-0.00927614035087847,0.811374328235044,0.839714699337691,0,0,0,"Other"
"GENE1588",0.43829743859649,3.57510014550405e-28,1.09080095972664e-27,2,0,1,"Microenvironment"
"GENE1589",0.66359494736842,1.55426790158546e-44,6.55118188234126e-44,2,0,1,"Microenvironment"
"GENE1590",-0.673005017543861,2.86334956821692e-50,1.34587523770478e-49,1,1,0,"Plasma cells"
"GENE1591",0.106788280701753,0.00416104960330922,0.00635760061620965,2,0,1,"Microenvironment"
"GENE1592",-1.27260992982456,9.90976863478152e-107,1.86976766693991e-105,1,1,0,"Plasma cells"
"GENE1593",0.702721719298244,1.6414714221105e-51,7.96830787432281e-51,2,0,1,"Microenvironment"
"GENE1594",0.0847728771929812,0.0240367260190695,0.0336648823796492,2,0,1,"Microenvironment"
"GENE1595",-0.10106157894737,0.00526865915254047,0.00796772650667746,1,1,0,"Plasma cells"
"GENE1596",0.341294245614034,4.87565378781382e-18,1.20759226942757e-17,2,0,1,"Microenvironment"
"GENE1597",-0.282447473684212,2.90876677656644e-12,6.37537923631e-12,1,1,0,"Plasma cells"
"GENE1598",-0.0146397543859658,0.689512226710111,0.731577959374123,0,0,0,"Other"
"GENE1599",0.237882631578946,1.58555050456056e-09,3.26077224588289e-09,2,0,1,"Microenvironment"
"GENE1600",0.0137665964912271,0.702447281509269,0.743527156929631,0,0,0,"Other"
"GENE1601",-0.045191719298247,0.185012509628938,0.225831565003282,0,0,0,"Other"
"GENE1602",0.717804385964911,2.37434687030278e-58,1.33016631389512e-57,2,0,1,"Microenvironment"
"GENE1603",0.250348631578947,2.48700458582401e-11,5.32834405104233e-11,2,0,1,"Microenvironment"
"GENE1604",-0.717965964912282,4.15460358234057e-52,2.04912630448364e-51,1,1,0,"Plasma cells"
"GENE1605",-0.112449333333334,0.00333760438093684,0.00514268779805369,1,1,0,"Plasma cells"
"GENE1606",0.325827508771928,6.78535083587618e-17,1.64393721038793e-16,2,0,1,"Microenvironment"
"GENE1607",-0.0280891929824576,0.482529929880979,0.537637804881313,0,0,0,"Other"
"GENE1608",0.791867964912279,3.36829292563639e-60,1.95830984048627e-59,2,0,1,"Microenvironment"
"GENE1609",-0.137507017543861,0.000374256414285301,0.000620400189449317,1,1,0,"Plasma cells"
"GENE1610",0.107150315789473,0.00539496762251613,0.00813720606714348,2,0,1,"Microenvironment"
"GENE1611",0.267913719298244,2.34687481884632e-11,5.03081418830936e-11,2,0,1,"Microenvironment"
"GENE1612",0.0598140701754376,0.13640942818566,0.171046304934997,0,0,0,"Other"
"GENE1613",0.0322623508771919,0.398021353112328,0.452940373385295,0,0,0,"Other"
"GENE1614",0.136834385964911,0.000330391304191069,0.000549964717754589,2,0,1,"Microenvironment"
"GENE1615",-0.00823091228070276,0.83394440371448,0.860401757765778,0,0,0,"Other"
"GENE1616",-1.09904736842105,2.31370284078207e-91,2.83021754224107e-90,1,1,0,"Plasma cells"
"GENE1617",0.625659789473683,5.22895247091118e-39,1.98254122119855e-38,2,0,1,"Microenvironment"
"GENE1618",0.1008829122807,0.00852940673217338,0.0126128010826963,2,0,1,"Microenvironment"
"GENE1619",0.0326987017543848,0.37753683437505,0.432583024205157,0,0,0,"Other"
"GENE1620",-0.0901275087719311,0.0182636087968625,0.0259334168219559,1,1,0,"Plasma cells"
"GENE1621",-0.826821719298246,1.8303382895028e-64,1.14934900439736e-63,1,1,0,"Plasma cells"
"GENE1622",0.60661196491228,5.45620074283317e-45,2.31194946730219e-44,2,0,1,"Microenvironment"
"GENE1623",0.0263688771929812,0.464087550346085,0.519258797590026,0,0,0,"Other"
"GENE1624",-0.694176105263159,1.06613606325392e-49,4.98194422081272e-49,1,1,0,"Plasma cells"
"GENE1625",-0.177861473684212,1.34369640874636e-05,2.41346458688165e-05,1,1,0,"Plasma cells"
"GENE1626",0.0438982456140339,0.277525224601408,0.32630831816744,0,0,0,"Other"
"GENE1627",-0.0756233684210539,0.059607393293682,0.0794235753413484,0,0,0,"Other"
"GENE1628",0.0260250526315781,0.44661242437125,0.502093787938448,0,0,0,"Other"
"GENE1629",-0.0757195087719311,0.0565760975760655,0.0756364940856491,0,0,0,"Other"
"GENE1630",-0.136554315789475,0.000337809346698437,0.000561845067273907,1,1,0,"Plasma cells"
"GENE1631",0.081720736842104,0.0245079400631925,0.0343052304920495,2,0,1,"Microenvironment"
"GENE1632",0.00645663157894636,0.864472195930406,0.885276186308659,0,0,0,"Other"
"GENE1633",0.265484666666665,6.31294421367106e-12,1.3740722731689e-11,2,0,1,"Microenvironment"
"GENE1634",-0.0789393333333344,0.0311690733524489,0.0429326079234833,1,1,0,"Plasma cells"
"GENE1635",0.045146842105262,0.236782508931128,0.282472423419181,0,0,0,"Other"
"GENE1636",0.0159536842105249,0.670563417874181,0.714695889021243,0,0,0,"Other"
"GENE1637",0.103872491228069,0.00597436420406683,0.00895706777221413,2,0,1,"Microenvironment"
"GENE1638",-0.118466385964913,0.00281969361990626,0.00436992424627084,1,1,0,"Plasma cells"
"GENE1639",0.00229705263157743,0.952633362847073,0.961042484587212,0,0,0,"Other"
"GENE1640",0.0286313684210515,0.462635426228115,0.518068786369669,0,0,0,"Other"
"GENE1641",-0.312396175438598,1.15987505157346e-14,2.67560565530211e-14,1,1,0,"Plasma cells"
"GENE1642",0.366411508771928,1.20041777738334e-20,3.11999422321856e-20,2,0,1,"Microenvironment"
"GENE1643",0.0961969122807003,0.0102681674623151,0.015072539394224,2,0,1,"Microenvironment"
"GENE1644",-0.143669368421054,0.000179538831750329,0.000303147035458555,1,1,0,"Plasma cells"
"GENE1645",-0.0355680350877209,0.365728490220211,0.420619310201507,0,0,0,"Other"
"GENE1646",-0.100416842105264,0.0053910959341952,0.00813443369927604,1,1,0,"Plasma cells"
"GENE1647",-0.263037789473685,6.96006019162368e-11,1.47537046987253e-10,1,1,0,"Plasma cells"
"GENE1648",0.192260526315789,2.39372628034023e-07,4.57254303789919e-07,2,0,1,"Microenvironment"
"GENE1649",0.212571719298244,2.61060939125489e-07,4.97970317835935e-07,2,0,1,"Microenvironment"
"GENE1650",-0.830445333333335,6.36615114066729e-62,3.84661700342435e-61,1,1,0,"Plasma cells"
"GENE1651",0.113785368421051,0.00290676605637625,0.00449963785816757,2,0,1,"Microenvironment"
"GENE1652",-0.11616154385965,0.00246509191631779,0.00384120283025756,1,1,0,"Plasma cells"
"GENE1653",0.0149686315789462,0.690494074543452,0.732425430435908,0,0,0,"Other"
"GENE1654",0.0370443508771917,0.299484417722972,0.350069453796577,0,0,0,"Other"
"GENE1655",-0.838469684210527,6.88685159147675e-65,4.38652967609984e-64,1,1,0,"Plasma cells"
"GENE1656",0.259231999999999,7.94594528994906e-12,1.72176495990229e-11,2,0,1,"Microenvironment"
"GENE1657",0.126278807017543,0.00120188813227743,0.00191841681129677,2,0,1,"Microenvironment"
"GENE1658",0.0788676491228055,0.0345901494871799,0.0473513340002462,2,0,1,"Microenvironment"
"GENE1659",-0.570544771929826,4.51828083828147e-39,1.71634599744785e-38,1,1,0,"Plasma cells"
"GENE1660",-0.279430456140352,1.58597923044394e-12,3.4971978620594e-12,1,1,0,"Plasma cells"
"GENE1661",0.0579728771929814,0.139623649754587,0.17474799718972,0,0,0,"Other"
"GENE1662",0.107999508771929,0.00556253561812806,0.00836925204048027,2,0,1,"Microenvironment"
"GENE1663",0.0245163508771917,0.520162801090578,0.573498126891486,0,0,0,"Other"
"GENE1664",-0.108946982456142,0.00532683655157996,0.00804962078062707,1,1,0,"Plasma cells"
"GENE1665",-0.452081929824562,4.43615005649128e-28,1.35248477332051e-27,1,1,0,"Plasma cells"
"GENE1666",0.228988456140349,6.57012724044505e-09,1.32328846736053e-08,2,0,1,"Microenvironment"
"GENE1667",-0.0781680350877204,0.0395871290212636,0.0538967039091404,1,1,0,"Plasma cells"
"GENE1668",-0.15948010526316,1.33419637266774e-05,2.39747775861229e-05,1,1,0,"Plasma cells"
"GENE1669",-0.141415368421054,0.000150169791615822,0.000254417266608762,1,1,0,"Plasma cells"
"GENE1670",0.0693248070175426,0.0654895694030355,0.0867124387991201,0,0,0,"Other"
"GENE1671",-0.0118498947368432,0.753971206622652,0.790533375226896,0,0,0,"Other"
"GENE1672",-0.0438512631578958,0.256762466746803,0.304040813199293,0,0,0,"Other"
"GENE1673",-0.200626105263159,2.79066838981504e-07,5.31302882401721e-07,1,1,0,"Plasma cells"
"GENE1674",-0.649633298245615,2.22550787204753e-48,1.01621364020435e-47,1,1,0,"Plasma cells"
"GENE1675",-0.415505333333335,1.81943222187294e-23,5.04347116250296e-23,1,1,0,"Plasma cells"
"GENE1676",0.0202572280701741,0.594864139899977,0.643444175121662,0,0,0,"Other"
"GENE1677",-0.0237062105263172,0.546244602882548,0.598132606496083,0,0,0,"Other"
"GENE1678",-2.19548915789474,4.80569456581246e-162,6.00711820726557e-160,1,1,0,"Plasma cells"
"GENE1679",0.596029964912279,2.8826711810426e-40,1.12494485113858e-39,2,0,1,"Microenvironment"
"GENE1680",2.01928178947368,4.69305746047797e-156,3.5419301588513e-154,2,0,1,"Microenvironment"
"GENE1681",-0.43762603508772,7.11902337758366e-25,2.03400667930962e-24,1,1,0,"Plasma cells"
"GENE1682",-0.11497003508772,0.00170287026433171,0.00268909635109626,1,1,0,"Plasma cells"
"GENE1683",0.419223438596489,1.28025204363586e-22,3.50274156945515e-22,2,0,1,"Microenvironment"
"GENE1684",-0.323696175438598,7.14732830958336e-17,1.7274509509567e-16,1,1,0,"Plasma cells"
"GENE1685",0.0227959298245598,0.546525034536235,0.598275899875462,0,0,0,"Other"
"GENE1686",0.145868210526314,0.000118717988525909,0.000202073171958994,2,0,1,"Microenvironment"
"GENE1687",0.331186526315788,6.34084694899511e-16,1.50346104303381e-15,2,0,1,"Microenvironment"
"GENE1688",0.140813228070174,0.000357673337314304,0.000593648692637849,2,0,1,"Microenvironment"
"GENE1689",-0.0967996842105273,0.00759632238200123,0.0112621532720552,1,1,0,"Plasma cells"
"GENE1690",0.0656643508771919,0.0982417001036362,0.126477888771981,0,0,0,"Other"
"GENE1691",0.0962289122807005,0.0119848320716455,0.0174324830133025,2,0,1,"Microenvironment"
"GENE1692",0.344276105263157,3.3181884968271e-19,8.40047720715721e-19,2,0,1,"Microenvironment"
"GENE1693",-0.827808947368423,4.3305835128552e-55,2.26732121091895e-54,1,1,0,"Plasma cells"
"GENE1694",-1.8688249122807,1.53556175563617e-150,9.59726097272609e-149,1,1,0,"Plasma cells"
"GENE1695",0.665735999999998,3.70745567579623e-45,1.57596415549255e-44,2,0,1,"Microenvironment"
"GENE1696",-0.000829122807018574,0.981608365995678,0.984862773063427,0,0,0,"Other"
"GENE1697",0.0560950526315781,0.139843797787334,0.174968780465854,0,0,0,"Other"
"GENE1698",0.02431992982456,0.516286544841873,0.569852698500964,0,0,0,"Other"
"GENE1699",0.329599684210525,2.31173412098313e-17,5.65561864460704e-17,2,0,1,"Microenvironment"
"GENE1700",0.0893193684210515,0.0198985082587905,0.0281748789504998,2,0,1,"Microenvironment"
"GENE1701",-0.115116491228071,0.00238708222457321,0.00372109466028559,1,1,0,"Plasma cells"
"GENE1702",0.12619340350877,0.000842146410887852,0.00135939695058572,2,0,1,"Microenvironment"
"GENE1703",-0.0688370526315799,0.0730543830877112,0.0960294223959398,0,0,0,"Other"
"GENE1704",0.0611770175438584,0.118744631804834,0.150643364167249,0,0,0,"Other"
"GENE1705",-0.369021017543861,2.05952732086215e-20,5.33210956857514e-20,1,1,0,"Plasma cells"
"GENE1706",-0.0381034035087734,0.30492594255514,0.355910058424441,0,0,0,"Other"
"GENE1707",0.358409719298244,1.95795326203575e-18,4.89182576398689e-18,2,0,1,"Microenvironment"
"GENE1708",-1.20954873684211,2.56104909133048e-103,4.47344819446372e-102,1,1,0,"Plasma cells"
"GENE1709",0.0891541052631568,0.0172538847765978,0.024578183442447,2,0,1,"Microenvironment"
"GENE1710",-0.0274943508771947,0.465456602069121,0.520644968757406,0,0,0,"Other"
"GENE1711",0.00263326315789372,0.944185477649157,0.953481926431867,0,0,0,"Other"
"GENE1712",-0.680099789473686,1.51768188750755e-53,7.80299170955041e-53,1,1,0,"Plasma cells"
"GENE1713",-0.0604611228070187,0.120357950507451,0.152593281150493,0,0,0,"Other"
"GENE1714",0.0706892280701744,0.0457149359557591,0.0617143921103734,2,0,1,"Microenvironment"
"GENE1715",-0.245519263157896,2.51853482746968e-10,5.26890131269807e-10,1,1,0,"Plasma cells"
"GENE1716",0.480267228070174,1.98395962440754e-25,5.73813340392635e-25,2,0,1,"Microenvironment"
"GENE1717",-0.385965754385966,2.6471852300661e-24,7.47264708557827e-24,1,1,0,"Plasma cells"
"GENE1718",-1.2646069122807,2.46046599017018e-106,4.57761114450266e-105,1,1,0,"Plasma cells"
"GENE1719",0.0113178245614024,0.770796180688723,0.804807007372742,0,0,0,"Other"
"GENE1720",0.150053684210525,5.04169145115805e-05,8.7226495694776e-05,2,0,1,"Microenvironment"
"GENE1721",-0.340732280701756,5.02912664977266e-16,1.19669878638255e-15,1,1,0,"Plasma cells"
"GENE1722",0.214691684210525,6.52392485607782e-08,1.27172024484948e-07,2,0,1,"Microenvironment"
"GENE1723",0.00580140350877043,0.880172341446089,0.898868592233626,0,0,0,"Other"
"GENE1724",0.187264771929823,9.75483825859751e-07,1.82846077949344e-06,2,0,1,"Microenvironment"
"GENE1725",0.0922273333333324,0.0161683974036361,0.0230729895164269,2,0,1,"Microenvironment"
"GENE1726",0.174663684210525,7.54272149604207e-06,1.37064394717853e-05,2,0,1,"Microenvironment"
"GENE1727",-0.260073649122808,2.32871131472128e-11,4.99455509859792e-11,1,1,0,"Plasma cells"
"GENE1728",-0.904788912280704,8.88797725167223e-69,6.2153687074631e-68,1,1,0,"Plasma cells"
"GENE1729",0.0367520701754375,0.337129986537339,0.390875346709958,0,0,0,"Other"
"GENE1730",-1.18206375438597,1.7431763559402e-96,2.46385350662925e-95,1,1,0,"Plasma cells"
"GENE1731",-1.53598582456141,3.39347681101077e-125,1.0772942257177e-123,1,1,0,"Plasma cells"
"GENE1732",0.0926065263157884,0.0174612800713613,0.0248600129128369,2,0,1,"Microenvironment"
"GENE1733",-0.0582000701754398,0.143168721591764,0.178458986091323,0,0,0,"Other"
"GENE1734",1.44766147368421,8.26301672413666e-118,2.06575418103416e-116,2,0,1,"Microenvironment"
"GENE1735",-0.00790350877193085,0.82808596630102,0.855239830933147,0,0,0,"Other"
"GENE1736",-0.0794297192982467,0.022417997786045,0.0315302359859986,1,1,0,"Plasma cells"
"GENE1737",1.33766126315789,3.0437783069159e-111,6.80173923333162e-110,2,0,1,"Microenvironment"
"GENE1738",0.146311964912279,0.000214775065715915,0.000361118227349164,2,0,1,"Microenvironment"
"GENE1739",1.30735185964912,1.36772960375546e-108,2.77711594671159e-107,2,0,1,"Microenvironment"
"GENE1740",-0.97551712280702,2.1246875564278e-82,2.1193890837185e-81,1,1,0,"Plasma cells"
"GENE1741",0.974612666666665,1.02761183865042e-72,7.84436518053754e-72,2,0,1,"Microenvironment"
"GENE1742",-0.505828000000001,1.17704255043143e-35,4.19249350109148e-35,1,1,0,"Plasma cells"
"GENE1743",0.0239390175438585,0.563880967499047,0.614082186222757,0,0,0,"Other"
"GENE1744",-0.0866630175438609,0.0300792669721356,0.0415459488565409,1,1,0,"Plasma cells"
"GENE1745",0.34734642105263,2.5201044423896e-18,6.28063412433545e-18,2,0,1,"Microenvironment"
"GENE1746",0.0867072982456127,0.0200501703703904,0.0283595054743853,2,0,1,"Microenvironment"
"GENE1747",0.146010666666665,0.000210702849060282,0.000354569371578094,2,0,1,"Microenvironment"
"GENE1748",-1.25194856140351,1.3021519265435e-101,2.18849063284622e-100,1,1,0,"Plasma cells"
"GENE1749",-0.296227719298247,2.04566464238683e-13,4.58926448095755e-13,1,1,0,"Plasma cells"
"GENE1750",-0.655820350877194,6.03584671332983e-48,2.71579154705504e-47,1,1,0,"Plasma cells"
"GENE1751",0.0451867017543846,0.223859484454169,0.268336211512339,0,0,0,"Other"
"GENE1752",0.0160841754385953,0.64990260859509,0.694525897510115,0,0,0,"Other"
"GENE1753",0.108838771929823,0.00588908358380522,0.0088358343342914,2,0,1,"Microenvironment"
"GENE1754",-0.0407232631578958,0.257218355301009,0.304490506423213,0,0,0,"Other"
"GENE1755",0.13837694736842,0.000106590893837309,0.000181818155799248,2,0,1,"Microenvironment"
"GENE1756",0.635450561403508,1.55539926197019e-46,6.80699895829406e-46,2,0,1,"Microenvironment"
"GENE1757",-0.219276245614036,6.3358390999061e-09,1.27674339544707e-08,1,1,0,"Plasma cells"
"GENE1758",0.0786377192982443,0.022946448419169,0.0322055416409389,2,0,1,"Microenvironment"
"GENE1759",0.406948035087718,1.033326780671e-24,2.94395094208262e-24,2,0,1,"Microenvironment"
"GENE1760",-0.0452254736842115,0.239268148647599,0.284927834054896,0,0,0,"Other"
"GENE1761",-0.0968488771929835,0.0177020875425957,0.0251807788657122,1,1,0,"Plasma cells"
"GENE1762",-0.0422898596491242,0.2575044360522,0.304738977576568,0,0,0,"Other"
"GENE1763",-0.11210301754386,0.00121510194315456,0.00193796163182545,1,1,0,"Plasma cells"
"GENE1764",0.0174558947368409,0.650437767404567,0.694726587348002,0,0,0,"Other"
"GENE1765",-0.0511192982456155,0.15627206207853,0.193406017423923,0,0,0,"Other"
"GENE1766",-0.98180550877193,9.28614459245001e-70,6.62113696431373e-69,1,1,0,"Plasma cells"
"GENE1767",-0.60241052631579,1.10674677357938e-39,4.26492012940031e-39,1,1,0,"Plasma cells"
"GENE1768",0.98406989473684,4.18349366047457e-80,3.83806757841704e-79,2,0,1,"Microenvironment"
"GENE1769",-0.364699368421054,1.3827322097235e-19,3.51616582256454e-19,1,1,0,"Plasma cells"
"GENE1770",0.0890456491228057,0.0140203670695841,0.0201586873753906,2,0,1,"Microenvironment"
"GENE1771",0.139490561403507,0.000491930193637174,0.000808430885188453,2,0,1,"Microenvironment"
"GENE1772",-0.289195438596493,1.97478890729024e-13,4.43523617583433e-13,1,1,0,"Plasma cells"
"GENE1773",0.688585614035086,4.30644359117393e-53,2.18878962702614e-52,2,0,1,"Microenvironment"
"GENE1774",-0.0300261403508782,0.425101634795318,0.481020237392156,0,0,0,"Other"
"GENE1775",0.0933717894736829,0.0147487120154672,0.0211451068322111,2,0,1,"Microenvironment"
"GENE1776",0.108023333333332,0.00505180217911603,0.00766004879320096,2,0,1,"Microenvironment"
"GENE1777",0.141640631578946,9.15746881260367e-05,0.00015673887569711,2,0,1,"Microenvironment"
"GENE1778",0.0972111578947356,0.0128362958434035,0.0185696865727356,2,0,1,"Microenvironment"
"GENE1779",-0.126311929824562,0.00210339852217319,0.00330333493863084,1,1,0,"Plasma cells"
"GENE1780",-0.052589228070177,0.188733854437469,0.230022979204715,0,0,0,"Other"
"GENE1781",-0.104979789473685,0.00437344290672765,0.00666175614124547,1,1,0,"Plasma cells"
"GENE1782",-1.54416263157895,6.38402591844038e-121,1.78574151564766e-119,1,1,0,"Plasma cells"
"GENE1783",0.0277025614035076,0.477726030247328,0.5328790075263,0,0,0,"Other"
"GENE1784",-1.32516722807018,7.66700830789834e-107,1.46038253483778e-105,1,1,0,"Plasma cells"
"GENE1785",0.421487017543859,6.46114614780648e-26,1.88784401689013e-25,2,0,1,"Microenvironment"
"GENE1786",0.192373789473683,4.93522788574846e-07,9.34702251088724e-07,2,0,1,"Microenvironment"
"GENE1787",0.432765368421052,7.90109021854883e-25,2.25584303170559e-24,2,0,1,"Microenvironment"
"GENE1788",0.0621638596491215,0.079784073251973,0.104395254500455,0,0,0,"Other"
"GENE1789",-0.352780245614036,1.06634008036698e-19,2.71679001367383e-19,1,1,0,"Plasma cells"
"GENE1790",0.0266623859649108,0.499488167426141,0.553602845581758,0,0,0,"Other"
"GENE1791",-0.044844947368422,0.257829148936544,0.305033006727648,0,0,0,"Other"
"GENE1792",-0.0389244912280714,0.273605930169184,0.322078787721229,0,0,0,"Other"
"GENE1793",-0.102821894736843,0.00619077159663809,0.00926069049609288,1,1,0,"Plasma cells"
"GENE1794",-0.0665327017543875,0.0883139140921969,0.114805218189401,0,0,0,"Other"
"GENE1795",-0.0166971228070186,0.641045052208925,0.685791401919032,0,0,0,"Other"
"GENE1796",-0.832336491228071,1.39286247270639e-61,8.35299833706983e-61,1,1,0,"Plasma cells"
"GENE1797",-0.0710636842105274,0.048785690199684,0.0656383319201938,1,1,0,"Plasma cells"
"GENE1798",-1.07765996491228,3.23413067395829e-81,3.07280824129053e-80,1,1,0,"Plasma cells"
"GENE1799",0.606502736842104,6.50684026960542e-45,2.75130666790927e-44,2,0,1,"Microenvironment"
"GENE1800",-0.0476032982456152,0.230679907086831,0.27568557763589,0,0,0,"Other"
"GENE1801",0.128593157894736,0.000495867176341293,0.000814231816652369,2,0,1,"Microenvironment"
"GENE1802",0.00993049122806879,0.781016907295891,0.813771198016037,0,0,0,"Other"
"GENE1803",-0.043733964912282,0.28740174694739,0.337029313336136,0,0,0,"Other"
"GENE1804",0.033265754385964,0.377906521612463,0.432714716176516,0,0,0,"Other"
"GENE1805",-0.493507017543861,1.35193807909465e-29,4.24470354503815e-29,1,1,0,"Plasma cells"
"GENE1806",-0.0803635789473693,0.0331159320361637,0.0454889176320931,1,1,0,"Plasma cells"
"GENE1807",-0.0105420701754397,0.779899378077661,0.812818528481147,0,0,0,"Other"
"GENE1808",-0.00113547368421179,0.976592056987935,0.980332696406488,0,0,0,"Other"
"GENE1809",-0.257289087719299,6.5995842656278e-11,1.39969973820314e-10,1,1,0,"Plasma cells"
"GENE1810",-0.142257403508773,0.000118265389335612,0.000201388487587249,1,1,0,"Plasma cells"
"GENE1811",0.173942210526314,1.38815967898033e-05,2.49108959888799e-05,2,0,1,"Microenvironment"
"GENE1812",0.100978596491227,0.00959742210358499,0.0141190468607356,2,0,1,"Microenvironment"
"GENE1813",-2.13828814035088,1.27131239890962e-161,1.4125693321218e-159,1,1,0,"Plasma cells"
"GENE1814",0.17008645614035,1.50020316212164e-05,2.68733213098369e-05,2,0,1,"Microenvironment"
"GENE1815",-0.18572207017544,1.56343090837679e-06,2.90735640795312e-06,1,1,0,"Plasma cells"
"GENE1816",-0.182428877192984,2.24357998624567e-06,4.1547777523068e-06,1,1,0,"Plasma cells"
"GENE1817",-0.0678627017543875,0.0720196299402011,0.0948875229778671,0,0,0,"Other"
"GENE1818",0.0145941403508763,0.687405974237149,0.729924050158905,0,0,0,"Other"
"GENE1819",-0.0470198596491241,0.210656448336499,0.254339207167521,0,0,0,"Other"
"GENE1820",-0.0463423508771942,0.216057361518441,0.259840482884476,0,0,0,"Other"
"GENE1821",0.094388771929823,0.0139372425991652,0.0200608025896584,2,0,1,"Microenvironment"
"GENE1822",0.472137298245613,2.79000829657562e-29,8.69161463107669e-29,2,0,1,"Microenvironment"
"GENE1823",0.0946480350877176,0.0148196539020418,0.0212392030126002,2,0,1,"Microenvironment"
"GENE1824",-0.0757307368421064,0.0479660810114673,0.0646007825070266,1,1,0,"Plasma cells"
"GENE1825",-0.0297494035087732,0.441291395267954,0.497314509469814,0,0,0,"Other"
"GENE1826",-0.200293157894738,4.33558462037833e-07,8.23082035192849e-07,1,1,0,"Plasma cells"
"GENE1827",-0.484175368421053,6.75390386923539e-31,2.19639150219037e-30,1,1,0,"Plasma cells"
"GENE1828",0.434985999999998,1.13890173536424e-26,3.37702516045734e-26,2,0,1,"Microenvironment"
"GENE1829",-0.439204491228071,4.951337076313e-22,1.33369348856916e-21,1,1,0,"Plasma cells"
"GENE1830",0.0287262807017531,0.455210461185899,0.511022910083609,0,0,0,"Other"
"GENE1831",0.641027789473683,3.35158641041546e-44,1.40087206286958e-43,2,0,1,"Microenvironment"
"GENE1832",-0.534063789473685,9.26018767510358e-35,3.23782785842782e-34,1,1,0,"Plasma cells"
"GENE1833",0.00609698245613903,0.876268992577961,0.89598056500814,0,0,0,"Other"
"GENE1834",-0.00318442105263307,0.930149351948195,0.94108787810913,0,0,0,"Other"
"GENE1835",-0.0359636842105278,0.352658382365362,0.407344363113326,0,0,0,"Other"
"GENE1836",0.0534763508771918,0.123057739843592,0.155572363898347,0,0,0,"Other"
"GENE1837",0.401435122807016,7.95951199585583e-22,2.12537035937405e-21,2,0,1,"Microenvironment"
"GENE1838",-0.434558421052632,2.27529484998325e-26,6.6871266715158e-26,1,1,0,"Plasma cells"
"GENE1839",1.02673950877193,9.68436837944011e-77,8.25958923619625e-76,2,0,1,"Microenvironment"
"GENE1840",-0.472057192982457,3.55562751601676e-30,1.138711774545e-29,1,1,0,"Plasma cells"
"GENE1841",-0.0626009824561418,0.0801671663435352,0.104862218892786,0,0,0,"Other"
"GENE1842",0.973735999999999,1.10707913911017e-77,9.66881344201018e-77,2,0,1,"Microenvironment"
"GENE1843",-0.105913754385966,0.00538257658343213,0.0081246438995202,1,1,0,"Plasma cells"
"GENE1844",0.00256515789473554,0.943521976268775,0.953052501281591,0,0,0,"Other"
"GENE1845",-0.160063614035089,2.50658366915865e-05,4.42859305505062e-05,1,1,0,"Plasma cells"
"GENE1846",-0.184251333333335,1.4943965685097e-06,2.78286139387282e-06,1,1,0,"Plasma cells"
"GENE1847",0.220544175438595,5.53534333463249e-08,1.0827077427154e-07,2,0,1,"Microenvironment"
"GENE1848",0.345547684210525,8.29139759760314e-20,2.11515244836815e-19,2,0,1,"Microenvironment"
"GENE1849",-0.402554385964914,6.86404604686882e-22,1.83653405936289e-21,1,1,0,"Plasma cells"
"GENE1850",0.0360360701754375,0.374474995892944,0.429566958294172,0,0,0,"Other"
"GENE1851",-0.0684239649122819,0.0726183284373661,0.095519011426986,0,0,0,"Other"
"GENE1852",0.0807433684210512,0.0335244309655779,0.0459711086260924,2,0,1,"Microenvironment"
"GENE1853",-1.42104203508772,2.45407302381316e-120,6.72348773647441e-119,1,1,0,"Plasma cells"
"GENE1854",-0.806018807017545,1.90135105436521e-61,1.13683172159355e-60,1,1,0,"Plasma cells"
"GENE1855",-0.73642603508772,6.83685612309643e-51,3.23638159673204e-50,1,1,0,"Plasma cells"
"GENE1856",0.0813414035087708,0.0286164561259916,0.0396075517314762,2,0,1,"Microenvironment"
"GENE1857",-0.057581017543861,0.109205695595867,0.139470875601363,0,0,0,"Other"
"GENE1858",1.09261603508772,2.82318447054062e-84,2.95621410527813e-83,2,0,1,"Microenvironment"
"GENE1859",0.0344354736842093,0.359224704152545,0.414091877985642,0,0,0,"Other"
"GENE1860",-0.27317557894737,7.60944722070919e-13,1.69098827126871e-12,1,1,0,"Plasma cells"
"GENE1861",0.12524842105263,0.00117114739362989,0.00187233795944027,2,0,1,"Microenvironment"
"GENE1862",0.151229263157894,0.000148565240007727,0.00025180549153852,2,0,1,"Microenvironment"
"GENE1863",-0.390919333333335,1.45369831977367e-21,3.8559637129275e-21,1,1,0,"Plasma cells"
"GENE1864",0.806724701754384,5.2812399239171e-62,3.20075146904067e-61,2,0,1,"Microenvironment"
"GENE1865",0.384844982456139,2.35998731551224e-20,6.09815843801611e-20,2,0,1,"Microenvironment"
"GENE1866",0.112459578947367,0.00376436999115103,0.00578244238272048,2,0,1,"Microenvironment"
"GENE1867",0.896200526315789,1.45700268394098e-72,1.10588439008803e-71,2,0,1,"Microenvironment"
"GENE1868",-0.0665277192982469,0.0738151514687065,0.0968702775179875,0,0,0,"Other"
"GENE1869",-0.675660210526317,1.63636764512533e-49,7.6110123029085e-49,1,1,0,"Plasma cells"
"GENE1870",0.904821719298245,7.42614544433889e-75,6.0130732342825e-74,2,0,1,"Microenvironment"
"GENE1871",-0.190946947368422,4.82634582212646e-07,9.14513656490092e-07,1,1,0,"Plasma cells"
"GENE1872",0.271063473684209,5.49895338361488e-12,1.20064484358403e-11,2,0,1,"Microenvironment"
"GENE1873",-0.0650903508771941,0.0593959515992019,0.0791946021322692,0,0,0,"Other"
"GENE1874",0.352230736842104,7.71504727215844e-18,1.90260105355325e-17,2,0,1,"Microenvironment"
"GENE1875",-0.540657122807019,1.49850115722311e-35,5.31854891649729e-35,1,1,0,"Plasma cells"
"GENE1876",0.0809681754385955,0.0339302658447133,0.0464957394240676,2,0,1,"Microenvironment"
"GENE1877",-0.0763715789473695,0.0445457718928579,0.0602988452018381,1,1,0,"Plasma cells"
"GENE1878",-0.317896912280703,8.21811825050168e-16,1.94511674568087e-15,1,1,0,"Plasma cells"
"GENE1879",-0.215412245614036,2.47545273807993e-07,4.72640140922183e-07,1,1,0,"Plasma cells"
"GENE1880",0.814766526315787,7.64404970041844e-58,4.20002730792222e-57,2,0,1,"Microenvironment"
"GENE1881",1.70799733333333,1.26459030210262e-134,5.1094557660712e-133,2,0,1,"Microenvironment"
"GENE1882",-0.0109202456140363,0.761757102182732,0.797234015889829,0,0,0,"Other"
"GENE1883",-0.192121929824563,9.58312164685959e-07,1.79711610817808e-06,1,1,0,"Plasma cells"
"GENE1884",0.0201894736842094,0.593737403610104,0.642399138339307,0,0,0,"Other"
"GENE1885",-0.128918982456142,0.00054976156055626,0.000899405416042962,1,1,0,"Plasma cells"
"GENE1886",-0.058293263157896,0.141213346783491,0.176461539248349,0,0,0,"Other"
"GENE1887",-0.0208136842105277,0.591375401069639,0.640189879371734,0,0,0,"Other"
"GENE1888",-0.00371540350877316,0.92666496889562,0.938632533700299,0,0,0,"Other"
"GENE1889",0.160319964912279,1.51371639762826e-05,2.71032479432097e-05,2,0,1,"Microenvironment"
"GENE1890",0.657662210526315,6.06756206689642e-51,2.87562183265233e-50,2,0,1,"Microenvironment"
"GENE1891",-0.0835494035087734,0.0428305123152785,0.0580752709359709,1,1,0,"Plasma cells"
"GENE1892",0.821889298245613,4.46043421260255e-58,2.4849215669095e-57,2,0,1,"Microenvironment"
"GENE1893",-0.167008210526317,2.03168716742242e-05,3.61832086807198e-05,1,1,0,"Plasma cells"
"GENE1894",-0.502248000000001,2.41149174938202e-31,7.91951313425952e-31,1,1,0,"Plasma cells"
"GENE1895",0.818287578947367,1.53425665461574e-63,9.55923149293294e-63,2,0,1,"Microenvironment"
"GENE1896",-2.44210526326529e-05,0.999475762748231,0.999502775901078,0,0,0,"Other"
"GENE1897",-0.0451071929824573,0.213971275377211,0.257563978786893,0,0,0,"Other"
"GENE1898",-0.110662280701755,0.00368258223389803,0.00566551112907389,1,1,0,"Plasma cells"
"GENE1899",-0.00320238596491338,0.928285352780751,0.939560073664728,0,0,0,"Other"
"GENE1900",0.0535436491228058,0.182003866892727,0.222430634760437,0,0,0,"Other"
"GENE1901",0.487781789473683,9.53599300373359e-31,3.09108363168025e-30,2,0,1,"Microenvironment"
"GENE1902",-0.0409878947368436,0.267991677300076,0.315934780194607,0,0,0,"Other"
"GENE1903",-0.59273456140351,7.07579117100173e-41,2.78300537699183e-40,1,1,0,"Plasma cells"
"GENE1904",-0.00944540350877309,0.810874476593775,0.839631868075356,0,0,0,"Other"
"GENE1905",0.142673157894735,0.000394502279015694,0.000651800543602964,2,0,1,"Microenvironment"
"GENE1906",0.0491697543859638,0.181087175892834,0.221377965639162,0,0,0,"Other"
"GENE1907",0.0639717543859639,0.0823091463267042,0.107418135499777,0,0,0,"Other"
"GENE1908",-0.00516126315789609,0.892693393056789,0.90928789718033,0,0,0,"Other"
"GENE1909",-0.141112175438597,0.000229133730099793,0.00038429137123655,1,1,0,"Plasma cells"
"GENE1910",-0.208183614035089,1.18297252156444e-07,2.291472196735e-07,1,1,0,"Plasma cells"
"GENE1911",-0.175384385964914,1.29194876490044e-06,2.41260273557505e-06,1,1,0,"Plasma cells"
"GENE1912",0.265967122807016,6.78564554087673e-12,1.47433906374291e-11,2,0,1,"Microenvironment"
"GENE1913",-0.472869403508773,2.10429944478981e-29,6.57080232565123e-29,1,1,0,"Plasma cells"
"GENE1914",-0.141645157894738,0.000195226971089703,0.000329219175530697,1,1,0,"Plasma cells"
"GENE1915",-0.652629228070176,1.35078840816598e-45,5.79737514234324e-45,1,1,0,"Plasma cells"
"GENE1916",0.137300701754385,0.000537867406207613,0.00088066705887452,2,0,1,"Microenvironment"
"GENE1917",-0.13283705263158,0.00105481314172861,0.00169243985836922,1,1,0,"Plasma cells"
"GENE1918",0.0286208070175429,0.431920395591592,0.487907817669124,0,0,0,"Other"
"GENE1919",0.112131263157893,0.00516166597273883,0.00781689160890503,2,0,1,"Microenvironment"
"GENE1920",0.054037087719297,0.177243714176321,0.217077420914049,0,0,0,"Other"
"GENE1921",-0.0383829473684222,0.293234625546421,0.343366072068409,0,0,0,"Other"
"GENE1922",-0.57975354385965,1.36323017720744e-36,4.94371777772417e-36,1,1,0,"Plasma cells"
"GENE1923",-0.0861826666666678,0.0292410812458261,0.0404301157909797,1,1,0,"Plasma cells"
"GENE1924",-0.0331690877192992,0.375528370355705,0.430651800866634,0,0,0,"Other"
"GENE1925",1.25438480701754,9.43371203361846e-89,1.09376371404272e-87,2,0,1,"Microenvironment"
"GENE1926",0.088640491228069,0.0134647533826392,0.0194156501552115,2,0,1,"Microenvironment"
"GENE1927",-0.151768140350879,8.67624637069571e-05,0.000148693168306696,1,1,0,"Plasma cells"
"GENE1928",0.133779228070174,0.000245221475113212,0.000410069356376609,2,0,1,"Microenvironment"
"GENE1929",-0.120987649122808,0.000895278076339847,0.00144283332206261,1,1,0,"Plasma cells"
"GENE1930",0.824804842105262,8.75258625922065e-66,5.6651043749001e-65,2,0,1,"Microenvironment"
"GENE1931",0.384522526315788,7.45036129216962e-22,1.99207521181006e-21,2,0,1,"Microenvironment"
"GENE1932",0.0246606666666651,0.50062746994043,0.554711878050338,0,0,0,"Other"
"GENE1933",0.150122807017543,7.61950511071205e-05,0.000130975592792644,2,0,1,"Microenvironment"
"GENE1934",0.114541052631578,0.00212688487061989,0.00333628999312924,2,0,1,"Microenvironment"
"GENE1935",0.0667529122807007,0.0712140082936556,0.0938879476514906,0,0,0,"Other"
"GENE1936",-0.122712631578949,0.000907353079557116,0.00146170451801388,1,1,0,"Plasma cells"
"GENE1937",0.206707192982455,6.14573338099201e-08,1.19975273421025e-07,2,0,1,"Microenvironment"
"GENE1938",-0.0623434035087727,0.0901812209892422,0.116966564188382,0,0,0,"Other"
"GENE1939",1.21243024561403,4.7724374983405e-96,6.65148083392404e-95,2,0,1,"Microenvironment"
"GENE1940",0.00962596491227953,0.80148560304404,0.832063953328876,0,0,0,"Other"
"GENE1941",-0.0175835087719311,0.633930329167759,0.679635093161125,0,0,0,"Other"
"GENE1942",-0.416972736842107,1.67346288611501e-22,4.55364050643539e-22,1,1,0,"Plasma cells"
"GENE1943",0.36700642105263,1.29888760508597e-21,3.44990067751918e-21,2,0,1,"Microenvironment"
"GENE1944",0.112683087719297,0.00232163904952357,0.00362614455216489,2,0,1,"Microenvironment"
"GENE1945",0.0873325964912268,0.0206966573933489,0.0292428928199913,2,0,1,"Microenvironment"
"GENE1946",-0.638574245614036,1.04284719499661e-42,4.26086698670731e-42,1,1,0,"Plasma cells"
"GENE1947",0.448105298245613,4.66509502289495e-27,1.39778128026815e-26,2,0,1,"Microenvironment"
"GENE1948",0.0307229473684197,0.391461464855986,0.445982870812857,0,0,0,"Other"
"GENE1949",-0.770292526315791,2.4261088507045e-51,1.16639848591562e-50,1,1,0,"Plasma cells"
"GENE1950",-0.804602842105264,4.94669167752872e-60,2.86764734929201e-59,1,1,0,"Plasma cells"
"GENE1951",-0.0459472631578959,0.224680110775032,0.269158563372306,0,0,0,"Other"
"GENE1952",-0.0464993333333344,0.225324706763598,0.269802066351509,0,0,0,"Other"
"GENE1953",-0.0395005964912292,0.283959479768969,0.333090298849231,0,0,0,"Other"
"GENE1954",0.439059508771929,2.98900750045501e-24,8.42567301044399e-24,2,0,1,"Microenvironment"
"GENE1955",0.778753649122806,2.19613620561047e-56,1.175976549189e-55,2,0,1,"Microenvironment"
"GENE1956",0.119852210526314,0.00277807952944674,0.00431044147315243,2,0,1,"Microenvironment"
"GENE1957",0.0641593684210518,0.103245259357548,0.132365717125061,0,0,0,"Other"
"GENE1958",0.334015508771929,4.20896977442887e-16,1.00452739246512e-15,2,0,1,"Microenvironment"
"GENE1959",-0.0180604561403522,0.6317953278006,0.677528501662842,0,0,0,"Other"
"GENE1960",-0.0677136491228079,0.0585995850337188,0.0782109910359944,0,0,0,"Other"
"GENE1961",0.0204270526315775,0.564596522698315,0.614694091125003,0,0,0,"Other"
"GENE1962",-0.0829268771929837,0.0333909795244181,0.0458352498619329,1,1,0,"Plasma cells"
"GENE1963",-0.193576947368422,1.31246259373866e-07,2.53738539147155e-07,1,1,0,"Plasma cells"
"GENE1964",-0.0496718947368435,0.22182725570841,0.266059677011586,0,0,0,"Other"
"GENE1965",-0.0381256842105277,0.337336337224276,0.391001260184615,0,0,0,"Other"
"GENE1966",0.0291683157894724,0.442418744688632,0.498079082114981,0,0,0,"Other"
"GENE1967",-0.59325659649123,5.49855656071742e-38,2.03650242989534e-37,1,1,0,"Plasma cells"
"GENE1968",0.0262162456140339,0.446459757634084,0.502063264137288,0,0,0,"Other"
"GENE1969",0.052199333333332,0.175566606526427,0.215247345798838,0,0,0,"Other"
"GENE1970",-0.0362521052631593,0.358674270967839,0.41357655920189,0,0,0,"Other"
"GENE1971",-0.019437368421054,0.60175940006431,0.649848164216318,0,0,0,"Other"
"GENE1972",0.0914592631578934,0.0106961715777933,0.0156491171584394,2,0,1,"Microenvironment"
"GENE1973",0.0665899649122794,0.0896195372816008,0.116351233082247,0,0,0,"Other"
"GENE1974",1.09263042105263,3.66786097336798e-83,3.77157940706219e-82,2,0,1,"Microenvironment"
"GENE1975",0.127838877192981,0.00113997750117258,0.00182323470799293,2,0,1,"Microenvironment"
"GENE1976",0.512310070175437,1.18779134015377e-31,3.91364527233534e-31,2,0,1,"Microenvironment"
"GENE1977",0.0351295789473673,0.370028250622327,0.424831516213923,0,0,0,"Other"
"GENE1978",-0.272795228070177,4.89993337606917e-14,1.11552268094916e-13,1,1,0,"Plasma cells"
"GENE1979",-1.33859764912281,3.88539514281344e-104,6.87680556250166e-103,1,1,0,"Plasma cells"
"GENE1980",2.20279607017544,1.28236418418176e-169,3.20591046045441e-167,2,0,1,"Microenvironment"
"GENE1981",0.0235006666666654,0.557258748829459,0.607532023798811,0,0,0,"Other"
"GENE1982",-0.874884491228071,4.71612739882555e-68,3.20824993117384e-67,1,1,0,"Plasma cells"
"GENE1983",0.252415228070174,4.18862584964638e-11,8.94050341439997e-11,2,0,1,"Microenvironment"
"GENE1984",0.174589333333332,2.80837519243408e-06,5.18628844401492e-06,2,0,1,"Microenvironment"
"GENE1985",0.213485789473683,1.77680562494496e-07,3.41201272192984e-07,2,0,1,"Microenvironment"
"GENE1986",-0.0644148421052644,0.10904708328482,0.139312786055343,0,0,0,"Other"
"GENE1987",0.157214210526314,3.2526525523368e-05,5.69890942152747e-05,2,0,1,"Microenvironment"
"GENE1988",-0.00473936842105404,0.908218123141042,0.922217265115386,0,0,0,"Other"
"GENE1989",-0.229663894736843,2.41927257784182e-09,4.9372909751874e-09,1,1,0,"Plasma cells"
"GENE1990",-0.0675900701754397,0.0772840453022805,0.101223373021978,0,0,0,"Other"
"GENE1991",-0.0286452280701768,0.463371704493045,0.518602914933458,0,0,0,"Other"
"GENE1992",-0.0207340000000011,0.58406684885722,0.633134795509182,0,0,0,"Other"
"GENE1993",-0.0913198245614046,0.013037154992286,0.0188398193530144,1,1,0,"Plasma cells"
"GENE1994",-0.143818596491229,0.000102217176717169,0.000174655577474873,1,1,0,"Plasma cells"
"GENE1995",0.0230208421052618,0.532104013900755,0.58506906532497,0,0,0,"Other"
"GENE1996",0.0941502807017529,0.00808554214145505,0.0119741460813848,2,0,1,"Microenvironment"
"GENE1997",-0.0214866666666679,0.540255769962999,0.591898953670774,0,0,0,"Other"
"GENE1998",-0.248733333333334,4.82432497916655e-10,1.00402184790147e-09,1,1,0,"Plasma cells"
"GENE1999",-0.209781263157896,1.67179213611863e-07,3.2149848771512e-07,1,1,0,"Plasma cells"
"GENE2000",-0.0283090877192994,0.433768520843963,0.489857166396344,0,0,0,"Other"
"GENE2001",-0.631939859649124,8.8199214618872e-45,3.72148584889755e-44,1,1,0,"Plasma cells"
"GENE2002",-0.011575614035089,0.749946267743378,0.786519420811094,0,0,0,"Other"
"GENE2003",0.388071052631578,1.48869874996007e-19,3.78322426927591e-19,2,0,1,"Microenvironment"
"GENE2004",-0.216758947368422,3.568471061448e-08,7.02109407072897e-08,1,1,0,"Plasma cells"
"GENE2005",0.117829263157893,0.00153808331999874,0.00243656763564157,2,0,1,"Microenvironment"
"GENE2006",-0.099439403508773,0.0106489836296941,0.0155914840844716,1,1,0,"Plasma cells"
"GENE2007",0.274299298245612,1.64803476213524e-12,3.63203253363137e-12,2,0,1,"Microenvironment"
"GENE2008",2.09758154385965,1.07139849853868e-152,7.14265665692451e-151,2,0,1,"Microenvironment"
"GENE2009",0.223294912280701,4.67813609142291e-09,9.47950575769586e-09,2,0,1,"Microenvironment"
"GENE2010",0.942961087719297,2.06648755179361e-76,1.75497881256358e-75,2,0,1,"Microenvironment"
"GENE2011",0.0426627719298232,0.244802452489793,0.290912005335464,0,0,0,"Other"
"GENE2012",-0.197108000000001,1.00789104969297e-07,1.95706999940382e-07,1,1,0,"Plasma cells"
"GENE2013",0.0704540701754374,0.0636423823888495,0.0844343381609944,0,0,0,"Other"
"GENE2014",0.185951228070174,4.67054359456979e-07,8.85411107975315e-07,2,0,1,"Microenvironment"
"GENE2015",-0.0253416491228084,0.487530089102574,0.541850613062044,0,0,0,"Other"
"GENE2016",-0.236212105263159,1.45486746402488e-09,2.99509513952625e-09,1,1,0,"Plasma cells"
"GENE2017",0.105464596491227,0.00931745594208334,0.0137324332234095,2,0,1,"Microenvironment"
"GENE2018",-0.00656701754386098,0.862627043625146,0.884045270476359,0,0,0,"Other"
"GENE2019",-0.107341403508773,0.00379029985889353,0.00582003817104573,1,1,0,"Plasma cells"
"GENE2020",0.0360571228070163,0.321576300902404,0.373925931281865,0,0,0,"Other"
"GENE2021",0.104560842105262,0.00270980497962971,0.00420613888960762,2,0,1,"Microenvironment"
"GENE2022",0.232403192982455,1.98949985950813e-09,4.07475649668844e-09,2,0,1,"Microenvironment"
"GENE2023",1.72720614035087,6.48070137946147e-134,2.54145152135744e-132,2,0,1,"Microenvironment"
"GENE2024",-0.143715649122808,7.14990902459527e-05,0.000123168114118782,1,1,0,"Plasma cells"
"GENE2025",0.0739532982456128,0.0580169785734223,0.0774592504318054,0,0,0,"Other"
"GENE2026",-1.27865396491228,7.97950085441484e-98,1.19097027677834e-96,1,1,0,"Plasma cells"
"GENE2027",-0.00147480701754521,0.97133597837863,0.975971844640673,0,0,0,"Other"
"GENE2028",-0.123612877192984,0.00126978075302481,0.00202194387424333,1,1,0,"Plasma cells"
"GENE2029",-0.297925368421054,8.35788867534992e-13,1.8542182308042e-12,1,1,0,"Plasma cells"
"GENE2030",-0.91913105263158,2.10785350580462e-73,1.64676055140986e-72,1,1,0,"Plasma cells"
"GENE2031",-0.472558175438597,1.33493916222288e-28,4.11066716619824e-28,1,1,0,"Plasma cells"
"GENE2032",-0.669538105263159,1.48686480078129e-46,6.5141940888556e-46,1,1,0,"Plasma cells"
"GENE2033",-1.15109757894737,1.45930143624308e-101,2.44234549998842e-100,1,1,0,"Plasma cells"
"GENE2034",-0.571204947368423,3.48861618890789e-43,1.43860461398263e-42,1,1,0,"Plasma cells"
"GENE2035",0.210480105263157,9.02189382306088e-08,1.75523226129589e-07,2,0,1,"Microenvironment"
"GENE2036",-0.442510807017545,1.7677066481419e-24,5.00766755847564e-24,1,1,0,"Plasma cells"
"GENE2037",-0.0201523157894749,0.582961263765491,0.632279027945218,0,0,0,"Other"
"GENE2038",-0.266459964912282,4.43954979397545e-12,9.70393397590263e-12,1,1,0,"Plasma cells"
"GENE2039",0.112219333333332,0.00383871057183697,0.00588759290159045,2,0,1,"Microenvironment"
"GENE2040",-0.549292456140352,5.51454865514502e-35,1.94003470717503e-34,1,1,0,"Plasma cells"
"GENE2041",-0.180334035087721,5.28082653596351e-06,9.63215054439308e-06,1,1,0,"Plasma cells"
"GENE2042",0.137183087719297,0.000608319572629966,0.000991152053164914,2,0,1,"Microenvironment"
"GENE2043",0.124609859649122,0.0014872672158605,0.00235793454753944,2,0,1,"Microenvironment"
"GENE2044",-0.0696669473684222,0.066137984958501,0.0875130465874972,0,0,0,"Other"
"GENE2045",0.148604491228069,8.15330844660762e-05,0.0001399109128547,2,0,1,"Microenvironment"
"GENE2046",0.0449532631578933,0.255861793582624,0.303064013719424,0,0,0,"Other"
"GENE2047",0.0536580701754376,0.146216013778985,0.181973881492203,0,0,0,"Other"
"GENE2048",-0.0857455789473697,0.0254895970158724,0.0355751528483913,1,1,0,"Plasma cells"
"GENE2049",-0.0546129473684221,0.141100666494316,0.176430967795331,0,0,0,"Other"
"GENE2050",0.0449502807017532,0.212788289779756,0.256294236410426,0,0,0,"Other"
"GENE2051",-0.00779315789473822,0.82702822067895,0.854588706462361,0,0,0,"Other"
"GENE2052",0.0298750526315774,0.456792210243479,0.512386102348266,0,0,0,"Other"
"GENE2053",1.12394512280702,1.38315592812585e-94,1.83808096760911e-93,2,0,1,"Microenvironment"
"GENE2054",-0.0203377192982466,0.615435033752588,0.662470434609891,0,0,0,"Other"
"GENE2055",-0.61940007017544,1.05683879343127e-45,4.5553396268589e-45,1,1,0,"Plasma cells"
"GENE2056",1.01206192982456,4.0909458254602e-79,3.66900970893291e-78,2,0,1,"Microenvironment"
"GENE2057",0.236158526315788,1.95065618826273e-10,4.09371707925023e-10,2,0,1,"Microenvironment"
"GENE2058",-0.0546107368421065,0.149351433511333,0.185414566742809,0,0,0,"Other"
"GENE2059",-0.0325438947368434,0.389091943469674,0.443662421288112,0,0,0,"Other"
"GENE2060",0.73022796491228,1.82288660607855e-52,9.10305421262696e-52,2,0,1,"Microenvironment"
"GENE2061",-0.599594245614036,2.05893725348076e-43,8.49922498856868e-43,1,1,0,"Plasma cells"
"GENE2062",0.317884280701753,5.44223377677585e-17,1.32012947890257e-16,2,0,1,"Microenvironment"
"GENE2063",-0.0130075087719312,0.713858397571282,0.754407817776784,0,0,0,"Other"
"GENE2064",-0.00186919298245738,0.960359089364009,0.967616210946105,0,0,0,"Other"
"GENE2065",-0.0200382807017555,0.581433481459216,0.63096416870235,0,0,0,"Other"
"GENE2066",0.0878611929824553,0.0222643787404551,0.0313362121610909,2,0,1,"Microenvironment"
"GENE2067",0.13231442105263,0.000480832232565702,0.000790517439483276,2,0,1,"Microenvironment"
"GENE2068",0.0334505614035076,0.392028485200023,0.44650169157178,0,0,0,"Other"
"GENE2069",0.00592256140350758,0.874750690920125,0.894656804827538,0,0,0,"Other"
"GENE2070",0.022760631578946,0.569275421173826,0.619282481559778,0,0,0,"Other"
"GENE2071",0.147283824561402,0.000137074138535653,0.000233218440724207,2,0,1,"Microenvironment"
"GENE2072",0.391483684210525,3.64395139104855e-22,9.82859444652339e-22,2,0,1,"Microenvironment"
"GENE2073",0.246761543859648,4.25984155470265e-10,8.87929453820251e-10,2,0,1,"Microenvironment"
"GENE2074",0.019835192982455,0.598639547749769,0.647003023777107,0,0,0,"Other"
"GENE2075",-0.264976666666668,4.54664556218414e-11,9.67886229310087e-11,1,1,0,"Plasma cells"
"GENE2076",-0.0833375438596502,0.0228977698999687,0.0321485010880571,1,1,0,"Plasma cells"
"GENE2077",1.01088431578947,1.14138823099865e-84,1.20463137836269e-83,2,0,1,"Microenvironment"
"GENE2078",0.0413002807017529,0.259974472501692,0.307207648451039,0,0,0,"Other"
"GENE2079",-0.023561368421054,0.527336789631901,0.58060753056086,0,0,0,"Other"
"GENE2080",-0.369011438596493,9.75497832783935e-19,2.44638954930141e-18,1,1,0,"Plasma cells"
"GENE2081",0.0651562807017532,0.0701033329375136,0.092515120999688,0,0,0,"Other"
"GENE2082",0.114241017543858,0.00210557010348628,0.00330544757219196,2,0,1,"Microenvironment"
"GENE2083",-0.0671117192982468,0.0766370853551522,0.100441789456294,0,0,0,"Other"
"GENE2084",0.0977701052631564,0.00959739244948834,0.0141190468607356,2,0,1,"Microenvironment"
"GENE2085",0.290767508771928,5.57283294694698e-12,1.21611193604953e-11,2,0,1,"Microenvironment"
"GENE2086",-0.271917754385966,1.0117402038213e-11,2.18400475730449e-11,1,1,0,"Plasma cells"
"GENE2087",2.2343438245614,5.24367887670537e-168,1.04873577534107e-165,2,0,1,"Microenvironment"
"GENE2088",0.0951077192982446,0.0152883538638616,0.0218952436288745,2,0,1,"Microenvironment"
"GENE2089",-0.0620531228070186,0.125535739035772,0.158254949934789,0,0,0,"Other"
"GENE2090",0.409099298245613,2.2090472277459e-22,5.99470075372021e-22,2,0,1,"Microenvironment"
"GENE2091",-0.0700181754385979,0.0722716946433646,0.0951882708506613,0,0,0,"Other"
"GENE2092",0.315529859649121,7.96809265373313e-16,1.88705569064136e-15,2,0,1,"Microenvironment"
"GENE2093",0.216926175438595,1.38792103325789e-08,2.76478293477668e-08,2,0,1,"Microenvironment"
"GENE2094",-0.802269789473685,4.69736477894414e-60,2.72706228095451e-59,1,1,0,"Plasma cells"
"GENE2095",0.0739527719298235,0.0339119603363838,0.0464865803103274,2,0,1,"Microenvironment"
"GENE2096",0.0973461403508757,0.00634206700706618,0.00948346468346344,2,0,1,"Microenvironment"
"GENE2097",0.206576210526315,2.82777392955294e-07,5.38111118849276e-07,2,0,1,"Microenvironment"
"GENE2098",-0.071294596491229,0.0555144797209472,0.0742917092284339,0,0,0,"Other"
"GENE2099",0.0587730175438581,0.108540049408332,0.138753658559709,0,0,0,"Other"
"GENE2100",-0.0347764561403522,0.37396689637524,0.429230297130836,0,0,0,"Other"
"GENE2101",-0.427573894736843,4.43222200415287e-24,1.24326002921539e-23,1,1,0,"Plasma cells"
"GENE2102",0.892631017543857,9.10470039929468e-71,6.65791619692481e-70,2,0,1,"Microenvironment"
"GENE2103",-0.00577894736842214,0.877566673575291,0.896619845287654,0,0,0,"Other"
"GENE2104",0.0270331929824546,0.461513704121511,0.516957383502112,0,0,0,"Other"
"GENE2105",-0.915905719298247,6.49454500196996e-71,4.77540073674262e-70,1,1,0,"Plasma cells"
"GENE2106",-1.01838343859649,1.48262303508992e-77,1.28365630743716e-76,1,1,0,"Plasma cells"
"GENE2107",-0.1279030877193,0.00097621251161463,0.00157010456230741,1,1,0,"Plasma cells"
"GENE2108",0.290085719298244,2.68932063225412e-15,6.26881266259702e-15,2,0,1,"Microenvironment"
"GENE2109",-0.01191207017544,0.732249905228902,0.771398372640402,0,0,0,"Other"
"GENE2110",0.0413100350877179,0.259276016891043,0.306563425233275,0,0,0,"Other"
"GENE2111",-0.0602005614035098,0.0927613773867421,0.120079452927822,0,0,0,"Other"
"GENE2112",-1.27270778947369,9.86505429750019e-106,1.82686190694448e-104,1,1,0,"Plasma cells"
"GENE2113",-0.485340421052633,7.62219264731433e-34,2.62381846723385e-33,1,1,0,"Plasma cells"
"GENE2114",0.0579460701754374,0.127079812147496,0.160050141243698,0,0,0,"Other"
"GENE2115",-0.562563789473685,5.73893034290036e-35,2.01719871455197e-34,1,1,0,"Plasma cells"
"GENE2116",-0.0591095438596503,0.139224104719073,0.174302478521532,0,0,0,"Other"
"GENE2117",-0.0933348070175452,0.0124200044579003,0.0180195929748282,1,1,0,"Plasma cells"
"GENE2118",-0.347699894736843,6.81299471479759e-19,1.71396093454027e-18,1,1,0,"Plasma cells"
"GENE2119",0.0299119999999986,0.444793283065138,0.50047064198609,0,0,0,"Other"
"GENE2120",0.0691795789473674,0.0713521539093946,0.0940390825823982,0,0,0,"Other"
"GENE2121",0.00211863157894622,0.954448878139164,0.962631243710705,0,0,0,"Other"
"GENE2122",-0.0631142105263169,0.0958745129232519,0.12366915565721,0,0,0,"Other"
"GENE2123",0.389683508771929,1.43851593544771e-22,3.92768856094937e-22,2,0,1,"Microenvironment"
"GENE2124",-0.192076807017545,2.77041588448005e-07,5.27698263710487e-07,1,1,0,"Plasma cells"
"GENE2125",0.145020631578946,7.74464677487307e-05,0.000133069532214314,2,0,1,"Microenvironment"
"GENE2126",0.0866049473684198,0.0224394848882133,0.0315493636389643,2,0,1,"Microenvironment"
"GENE2127",0.0558678245614021,0.124002873293087,0.156668191147298,0,0,0,"Other"
"GENE2128",1.05042424561403,7.44133649988133e-84,7.77163080927555e-83,2,0,1,"Microenvironment"
"GENE2129",0.314465192982455,6.25121687966146e-15,1.44787883721169e-14,2,0,1,"Microenvironment"
"GENE2130",-0.0462993333333347,0.191218607912511,0.232838487564701,0,0,0,"Other"
"GENE2131",-0.0794111929824573,0.0392339561913241,0.0534704684038488,1,1,0,"Plasma cells"
"GENE2132",-0.600054421052632,3.80591920954649e-43,1.5678348957967e-42,1,1,0,"Plasma cells"
"GENE2133",0.0579155087719285,0.148760204758097,0.184795285413785,0,0,0,"Other"
"GENE2134",0.844704175438596,1.5744989966312e-64,9.9181039157871e-64,2,0,1,"Microenvironment"
"GENE2135",0.0336245614035077,0.377906673314833,0.432714716176516,0,0,0,"Other"
"GENE2136",-0.236904912280703,7.00122191813271e-09,1.40728078756436e-08,1,1,0,"Plasma cells"
"GENE2137",-0.332683017543861,5.16167867998211e-16,1.22678043493336e-15,1,1,0,"Plasma cells"
"GENE2138",0.982278912280701,7.11677698279043e-81,6.7139405498023e-80,2,0,1,"Microenvironment"
"GENE2139",0.34617094736842,1.73232714140043e-17,4.24070291652492e-17,2,0,1,"Microenvironment"
"GENE2140",-0.168326140350878,7.54539492921779e-06,1.37064394717853e-05,1,1,0,"Plasma cells"
"GENE2141",-0.749417473684212,3.56430977436826e-55,1.86857655274876e-54,1,1,0,"Plasma cells"
"GENE2142",0.083921894736841,0.0262559848996779,0.0365554958575397,2,0,1,"Microenvironment"
"GENE2143",0.184905157894736,5.29142480064907e-07,1.00121566710484e-06,2,0,1,"Microenvironment"
"GENE2144",-0.491830035087721,1.60128836439656e-30,5.16961538142552e-30,1,1,0,"Plasma cells"
"GENE2145",0.410246315789472,1.78602764812664e-25,5.17314307929513e-25,2,0,1,"Microenvironment"
"GENE2146",0.0796908771929812,0.0352357537847586,0.0481856462013792,2,0,1,"Microenvironment"
"GENE2147",0.1593789122807,4.82171774526733e-05,8.36015213743793e-05,2,0,1,"Microenvironment"
"GENE2148",0.163355684210525,9.98694754849416e-06,1.8026981134466e-05,2,0,1,"Microenvironment"
"GENE2149",0.0169023859649112,0.630768598087866,0.676608847506426,0,0,0,"Other"
"GENE2150",0.0692364912280691,0.0666105196161318,0.0881091529313913,0,0,0,"Other"
"GENE2151",0.586724385964911,5.33152530383768e-39,2.01951716054458e-38,2,0,1,"Microenvironment"
"GENE2152",0.604790771929824,1.19626820229656e-43,4.96376847425958e-43,2,0,1,"Microenvironment"
"GENE2153",0.428401192982454,3.12984684557468e-24,8.81026557515745e-24,2,0,1,"Microenvironment"
"GENE2154",-0.121521368421054,0.00234939113931726,0.00366805798488254,1,1,0,"Plasma cells"
"GENE2155",-0.023514456140352,0.552663564734637,0.603728557491795,0,0,0,"Other"
"GENE2156",-0.080652350877194,0.0260527554606185,0.0363104605722906,1,1,0,"Plasma cells"
"GENE2157",-0.15759154385965,7.36974990442699e-05,0.000126845953604595,1,1,0,"Plasma cells"
"GENE2158",0.0685860350877179,0.063935637905223,0.08479527573637,0,0,0,"Other"
"GENE2159",-0.176633649122808,8.32105315761525e-06,1.50607296970412e-05,1,1,0,"Plasma cells"
"GENE2160",-0.771157789473685,4.83427883294903e-58,2.68198548291208e-57,1,1,0,"Plasma cells"
"GENE2161",0.0955068070175427,0.0115964592925836,0.0168798534098742,2,0,1,"Microenvironment"
"GENE2162",-0.0936159298245624,0.0144823247467933,0.0207780842852128,1,1,0,"Plasma cells"
"GENE2163",0.0842599999999987,0.0287798251268657,0.0398061205074214,2,0,1,"Microenvironment"
"GENE2164",0.162977228070174,8.11447073900917e-06,1.47134555557736e-05,2,0,1,"Microenvironment"
"GENE2165",0.0423374035087706,0.233940484625241,0.27924856416024,0,0,0,"Other"
"GENE2166",1.10629771929824,7.08232343724119e-96,9.73515249105318e-95,2,0,1,"Microenvironment"
"GENE2167",-0.0753452280701768,0.0490320676814373,0.06594763642426,1,1,0,"Plasma cells"
"GENE2168",0.00749438596491102,0.852187329272815,0.875485680707121,0,0,0,"Other"
"GENE2169",0.188479157894736,1.85229607200842e-06,3.44133037066125e-06,2,0,1,"Microenvironment"
"GENE2170",-0.0080667017543872,0.827566451963946,0.854924020623911,0,0,0,"Other"
"GENE2171",0.0553672982456129,0.138685197290361,0.173736545305808,0,0,0,"Other"
"GENE2172",0.253605157894735,1.15025125736028e-11,2.48032616142379e-11,2,0,1,"Microenvironment"
"GENE2173",0.745762315789472,1.398359459143e-57,7.66224361174247e-57,2,0,1,"Microenvironment"
"GENE2174",0.178832070175438,4.76836013399792e-06,8.71729457769273e-06,2,0,1,"Microenvironment"
"GENE2175",0.176720596491227,4.51489467345288e-06,8.26903786346681e-06,2,0,1,"Microenvironment"
"GENE2176",-1.33462101754386,1.39500215366611e-107,2.70874204595361e-106,1,1,0,"Plasma cells"
"GENE2177",0.201436666666665,5.63756956966573e-08,1.10216413874208e-07,2,0,1,"Microenvironment"
"GENE2178",0.0790103157894725,0.0528115172867009,0.0707929186148805,0,0,0,"Other"
"GENE2179",0.145591543859648,7.01641218675797e-05,0.000120920503003153,2,0,1,"Microenvironment"
"GENE2180",0.118897684210525,0.00180142094272203,0.00284135795382024,2,0,1,"Microenvironment"
"GENE2181",0.0492504561403496,0.216352284037317,0.260116963074622,0,0,0,"Other"
"GENE2182",-0.0364517894736857,0.310776619400123,0.362210512121355,0,0,0,"Other"
"GENE2183",-0.125086315789475,0.000864362205579348,0.00139413258964411,1,1,0,"Plasma cells"
"GENE2184",0.0825047368421039,0.0265955427841399,0.0369948065642949,2,0,1,"Microenvironment"
"GENE2185",-0.944941719298247,1.16358505468314e-77,1.01401747684805e-76,1,1,0,"Plasma cells"
"GENE2186",0.0263282456140339,0.49252254881208,0.546639898792541,0,0,0,"Other"
"GENE2187",0.0705921754385955,0.0616057251632909,0.0818952810412641,0,0,0,"Other"
"GENE2188",0.101580421052631,0.00565732396639057,0.00850086245888891,2,0,1,"Microenvironment"
"GENE2189",0.0727147719298232,0.0589230761541894,0.0786165125472841,0,0,0,"Other"
"GENE2190",-0.0034147368421065,0.928125221284005,0.939560073664728,0,0,0,"Other"
"GENE2191",0.631855263157894,2.29249264651246e-39,8.76670228111838e-39,2,0,1,"Microenvironment"
"GENE2192",0.674540245614034,1.6581381466747e-49,7.70331310882554e-49,2,0,1,"Microenvironment"
"GENE2193",0.128557368421051,0.000554121028260786,0.000906166849159094,2,0,1,"Microenvironment"
"GENE2194",0.0573487719298234,0.11077115759093,0.141244702060478,0,0,0,"Other"
"GENE2195",-0.0955155438596507,0.0105005956912636,0.0153854881923276,1,1,0,"Plasma cells"
"GENE2196",-0.446475859649124,6.14161790514539e-27,1.83743243235464e-26,1,1,0,"Plasma cells"
"GENE2197",0.132414140350876,0.000555893591110496,0.00090832286129166,2,0,1,"Microenvironment"
"GENE2198",0.85469792982456,7.78184026294065e-64,4.85606256657763e-63,2,0,1,"Microenvironment"
"GENE2199",0.945343298245612,8.65655107463736e-77,7.39876160225415e-76,2,0,1,"Microenvironment"
"GENE2200",-0.126846947368422,0.000447025962982467,0.000736148148180267,1,1,0,"Plasma cells"
"GENE2201",0.089079192982455,0.014056718189945,0.0202036912539634,2,0,1,"Microenvironment"
"GENE2202",1.35254778947368,3.85001841167593e-111,8.55559647039095e-110,2,0,1,"Microenvironment"
"GENE2203",0.315317333333332,1.23079362337119e-15,2.90110459250723e-15,2,0,1,"Microenvironment"
"GENE2204",0.0126570175438584,0.738188144962431,0.775889787843193,0,0,0,"Other"
"GENE2205",-0.0968524561403523,0.00686140775679812,0.0102294562158749,1,1,0,"Plasma cells"
"GENE2206",-0.0102082456140363,0.778537821522932,0.811610968488853,0,0,0,"Other"
"GENE2207",-0.915125859649124,9.38436861123695e-73,7.19108705841912e-72,1,1,0,"Plasma cells"
"GENE2208",-0.0170916491228082,0.65256422021011,0.696254169335941,0,0,0,"Other"
"GENE2209",0.57941943859649,2.70283664715678e-41,1.0714912377232e-40,2,0,1,"Microenvironment"
"GENE2210",0.0373365263157883,0.313067776260886,0.364456084122103,0,0,0,"Other"
"GENE2211",-0.084863894736843,0.0266085146213691,0.0369948065642949,1,1,0,"Plasma cells"
"GENE2212",0.0504898596491216,0.175882074167417,0.215541757558109,0,0,0,"Other"
"GENE2213",-0.0164337543859664,0.678621976756022,0.722322487233659,0,0,0,"Other"
"GENE2214",0.338810982456139,2.66786499520412e-17,6.51095788945484e-17,2,0,1,"Microenvironment"
"GENE2215",0.0594707017543851,0.130722008480132,0.164378507991363,0,0,0,"Other"
"GENE2216",-0.0225118947368432,0.533478905331614,0.586240555309466,0,0,0,"Other"
"GENE2217",0.664685789473682,1.77131383978573e-46,7.72655982458335e-46,2,0,1,"Microenvironment"
"GENE2218",0.00981449122806901,0.820693032177934,0.848919609183278,0,0,0,"Other"
"GENE2219",0.0750744561403493,0.0518770115312588,0.0695868699279126,0,0,0,"Other"
"GENE2220",0.473403789473683,3.54606500507933e-30,1.13655929649979e-29,2,0,1,"Microenvironment"
"GENE2221",0.0177551929824547,0.648765185355508,0.69349565511011,0,0,0,"Other"
"GENE2222",-0.39086056140351,1.5818621280277e-22,4.31025103004824e-22,1,1,0,"Plasma cells"
"GENE2223",-0.310938526315791,1.13753439085139e-14,2.62558428355774e-14,1,1,0,"Plasma cells"
"GENE2224",-0.200372736842107,1.14374960874546e-08,2.28521400348743e-08,1,1,0,"Plasma cells"
"GENE2225",-0.00141315789473823,0.970987956347667,0.975971844640673,0,0,0,"Other"
"GENE2226",-0.0858529473684222,0.0279302483080008,0.0387247810162922,1,1,0,"Plasma cells"
"GENE2227",0.307596070175438,3.64851428224276e-13,8.1338092682764e-13,2,0,1,"Microenvironment"
"GENE2228",-0.07880305263158,0.0276799101476571,0.0384043151545711,1,1,0,"Plasma cells"
"GENE2229",0.0366885614035074,0.339683667054722,0.393607957189713,0,0,0,"Other"
"GENE2230",0.0549481754385956,0.134526933085987,0.168791634988692,0,0,0,"Other"
"GENE2231",0.791300140350876,1.07892356327017e-55,5.69352803836502e-55,2,0,1,"Microenvironment"
"GENE2232",0.0947432280701739,0.0124139436393307,0.0180173347450372,2,0,1,"Microenvironment"
"GENE2233",0.0870583508771915,0.0239546268631854,0.0335616488450934,2,0,1,"Microenvironment"
"GENE2234",0.126632035087718,0.00102257853574363,0.00164203699035509,2,0,1,"Microenvironment"
"GENE2235",-0.0421129122807031,0.275729228727026,0.324387327914148,0,0,0,"Other"
"GENE2236",-0.0268099649122822,0.505185490641809,0.558988094762721,0,0,0,"Other"
"GENE2237",0.19131196491228,1.08718163597447e-06,2.03496796626012e-06,2,0,1,"Microenvironment"
"GENE2238",-0.00885789473684307,0.810061846919316,0.839442328413799,0,0,0,"Other"
"GENE2239",-0.0598837894736853,0.112069222922748,0.142717889745619,0,0,0,"Other"
"GENE2240",0.0533408070175428,0.196502878926513,0.238546742247664,0,0,0,"Other"
"GENE2241",-0.208135438596493,1.26736690517217e-08,2.52715235328448e-08,1,1,0,"Plasma cells"
"GENE2242",1.7275329122807,9.5118964692504e-129,3.27996429974152e-127,2,0,1,"Microenvironment"
"GENE2243",0.121904631578946,0.00185748104089409,0.0029274720896676,2,0,1,"Microenvironment"
"GENE2244",-1.57726385964912,8.28814691383016e-128,2.78593173574123e-126,1,1,0,"Plasma cells"
"GENE2245",0.0623837894736833,0.107523720997822,0.137498364447343,0,0,0,"Other"
"GENE2246",-0.270470631578948,1.003902029743e-14,2.31848043820555e-14,1,1,0,"Plasma cells"
"GENE2247",0.351572140350876,1.09738381588054e-18,2.74861318943154e-18,2,0,1,"Microenvironment"
"GENE2248",0.0991624561403496,0.00956331682476,0.0140792297751343,2,0,1,"Microenvironment"
"GENE2249",-0.0692395087719311,0.0473224364067672,0.0637768684727321,1,1,0,"Plasma cells"
"GENE2250",-0.0936765964912292,0.0149246852353182,0.0213820705377052,1,1,0,"Plasma cells"
"GENE2251",0.122563719298244,0.00120098848678491,0.00191774608668249,2,0,1,"Microenvironment"
"GENE2252",0.121428736842104,0.00231691055129407,0.00362158741898253,2,0,1,"Microenvironment"
"GENE2253",-0.131829017543861,0.000238900741611362,0.000400168746417691,1,1,0,"Plasma cells"
"GENE2254",0.118568771929823,0.00195161311534083,0.00307461695996979,2,0,1,"Microenvironment"
"GENE2255",-0.0392120000000013,0.294644873720276,0.34481553390319,0,0,0,"Other"
"GENE2256",0.619732596491227,2.47920481246957e-41,9.83811433519669e-41,2,0,1,"Microenvironment"
"GENE2257",-0.0770702105263169,0.0493163663267637,0.0662631727601797,1,1,0,"Plasma cells"
"GENE2258",0.0182327017543849,0.627522622248676,0.67348819130526,0,0,0,"Other"
"GENE2259",-0.0682703157894747,0.0734504238470004,0.0964865994706081,0,0,0,"Other"
"GENE2260",0.0583861403508758,0.114580714585651,0.14559175932103,0,0,0,"Other"
"GENE2261",0.35920494736842,5.06949790450088e-18,1.25482621398537e-17,2,0,1,"Microenvironment"
"GENE2262",0.258131157894736,7.77794857449392e-11,1.64612668243258e-10,2,0,1,"Microenvironment"
"GENE2263",0.481897228070174,4.67853897275487e-32,1.55433188463617e-31,2,0,1,"Microenvironment"
"GENE2264",0.05088792982456,0.150552877142453,0.186790170151927,0,0,0,"Other"
"GENE2265",-0.00704978947368566,0.846800367715106,0.870828577224137,0,0,0,"Other"
"GENE2266",-0.126034736842107,0.00119309062418786,0.00190589556579531,1,1,0,"Plasma cells"
"GENE2267",0.474132561403508,9.35068502891667e-30,2.95207104306761e-29,2,0,1,"Microenvironment"
"GENE2268",-0.680379298245615,3.78492128628892e-50,1.77695835037039e-49,1,1,0,"Plasma cells"
"GENE2269",0.0258334035087707,0.483795914054355,0.538598290068861,0,0,0,"Other"
"GENE2270",0.111967157894736,0.00436073028290528,0.00664492233585567,2,0,1,"Microenvironment"
"GENE2271",-0.0229366315789489,0.529078491705905,0.582364878047227,0,0,0,"Other"
"GENE2272",-0.518358350877194,1.92446200757808e-36,6.96637830797497e-36,1,1,0,"Plasma cells"
"GENE2273",0.128796105263157,0.000397003882652114,0.00065566289455345,2,0,1,"Microenvironment"
"GENE2274",-0.0214621754385979,0.565099502114157,0.615074288015409,0,0,0,"Other"
"GENE2275",0.0390957192982442,0.279495293452617,0.328335146493529,0,0,0,"Other"
"GENE2276",0.0262168771929813,0.48230050219627,0.537531905484837,0,0,0,"Other"
"GENE2277",-0.0112933684210538,0.754997058523643,0.791387109571036,0,0,0,"Other"
"GENE2278",0.0367211578947356,0.332884936402645,0.386177420420702,0,0,0,"Other"
"GENE2279",0.334441298245613,2.1438194100539e-16,5.1318238421398e-16,2,0,1,"Microenvironment"
"GENE2280",0.00471456140350759,0.899311836067005,0.915330113045297,0,0,0,"Other"
"GENE2281",-0.01294256140351,0.737179042604222,0.77556974498077,0,0,0,"Other"
"GENE2282",0.430594526315788,5.7116380241868e-24,1.59877901306838e-23,2,0,1,"Microenvironment"
"GENE2283",0.0452314736842093,0.202377771235473,0.245423425916403,0,0,0,"Other"
"GENE2284",1.21205407017544,1.93325286950455e-100,3.1056270996057e-99,2,0,1,"Microenvironment"
"GENE2285",-0.30597803508772,2.64155722315267e-15,6.1646609641836e-15,1,1,0,"Plasma cells"
"GENE2286",0.35599894736842,6.27180269466935e-20,1.60712432919138e-19,2,0,1,"Microenvironment"
"GENE2287",-0.018249368421054,0.62238536469994,0.668512744038604,0,0,0,"Other"
"GENE2288",0.209865614035087,1.88526956586565e-07,3.61682410717632e-07,2,0,1,"Microenvironment"
"GENE2289",0.515382736842104,8.05157206171309e-32,2.6572845088162e-31,2,0,1,"Microenvironment"
"GENE2290",-0.470287824561405,3.40412491833342e-30,1.09194063138201e-29,1,1,0,"Plasma cells"
"GENE2291",-0.121327333333335,0.000806964274104422,0.00130418468542129,1,1,0,"Plasma cells"
"GENE2292",-0.91610856140351,1.14225908595392e-70,8.33765756170748e-70,1,1,0,"Plasma cells"
"GENE2293",0.542226666666666,9.67662126853334e-38,3.55758134872549e-37,2,0,1,"Microenvironment"
"GENE2294",0.0654511228070164,0.102283687687409,0.131343419181263,0,0,0,"Other"
"GENE2295",0.108880385964911,0.00327718713158601,0.00505154085793604,2,0,1,"Microenvironment"
"GENE2296",-0.16293407017544,2.35898964839412e-05,4.18075258909015e-05,1,1,0,"Plasma cells"
"GENE2297",0.853748771929823,8.37660867844817e-68,5.64081392488093e-67,2,0,1,"Microenvironment"
"GENE2298",0.0299843157894725,0.45077355979789,0.506629457485687,0,0,0,"Other"
"GENE2299",0.0579010526315779,0.146645620307246,0.182451782652872,0,0,0,"Other"
"GENE2300",0.0462783508771921,0.224551447332758,0.269085017774426,0,0,0,"Other"
"GENE2301",-0.0193313333333346,0.598601051323763,0.647003023777107,0,0,0,"Other"
"GENE2302",0.0276580701754375,0.451669497923195,0.50749381789123,0,0,0,"Other"
"GENE2303",0.157562701754385,3.36532882968451e-05,5.89374576126885e-05,2,0,1,"Microenvironment"
"GENE2304",0.0427501403508762,0.262812301265473,0.310286069971042,0,0,0,"Other"
"GENE2305",0.170291614035087,8.61390515795588e-07,1.61915510487892e-06,2,0,1,"Microenvironment"
"GENE2306",0.135426035087718,0.00052569538435938,0.000861089900670565,2,0,1,"Microenvironment"
"GENE2307",-0.0897274736842117,0.0111100347315803,0.016213111611208,1,1,0,"Plasma cells"
"GENE2308",-0.128360771929826,0.0010151476429679,0.00163141445233894,1,1,0,"Plasma cells"
"GENE2309",-0.332569263157896,2.54857647133441e-16,6.08615276736575e-16,1,1,0,"Plasma cells"
"GENE2310",0.746081789473683,2.37283865265751e-58,1.33016631389512e-57,2,0,1,"Microenvironment"
"GENE2311",-0.0540194385964929,0.13333997779195,0.167354851323438,0,0,0,"Other"
"GENE2312",0.0323615789473672,0.385111382446661,0.439750365340178,0,0,0,"Other"
"GENE2313",-0.0580056842105275,0.132911291560217,0.166921559259299,0,0,0,"Other"
"GENE2314",0.473845298245613,1.40664233866779e-26,4.15244970824439e-26,2,0,1,"Microenvironment"
"GENE2315",0.00653207017543717,0.857810864860417,0.880483310095373,0,0,0,"Other"
"GENE2316",-0.1143550877193,0.00248039560156152,0.00386354455071888,1,1,0,"Plasma cells"
"GENE2317",-0.75550256140351,7.87989583541423e-56,4.18031609305795e-55,1,1,0,"Plasma cells"
"GENE2318",0.519565824561402,3.63197913630439e-33,1.23222362554856e-32,2,0,1,"Microenvironment"
"GENE2319",0.75325747368421,2.99616180401217e-57,1.63501326276244e-56,2,0,1,"Microenvironment"
"GENE2320",-0.0117702105263172,0.758485467920232,0.794225620858882,0,0,0,"Other"
"GENE2321",0.273100421052631,4.39048631926962e-11,9.35639066439982e-11,2,0,1,"Microenvironment"
"GENE2322",0.0641635789473671,0.10462078482877,0.134043031594133,0,0,0,"Other"
"GENE2323",0.692039403508771,3.09040032292571e-49,1.42908685453212e-48,2,0,1,"Microenvironment"
"GENE2324",-0.045320456140352,0.219077064844096,0.262918769689884,0,0,0,"Other"
"GENE2325",-0.0125177894736856,0.734551173351002,0.773211761422108,0,0,0,"Other"
"GENE2326",-0.0962375789473696,0.0103683073367948,0.0152083715977921,1,1,0,"Plasma cells"
"GENE2327",-0.360459789473685,5.19193533990507e-21,1.36003545249642e-20,1,1,0,"Plasma cells"
"GENE2328",-0.232515298245615,4.36187479227266e-10,9.08723915056803e-10,1,1,0,"Plasma cells"
"GENE2329",-0.987050736842107,1.86496751449076e-74,1.49496393947155e-73,1,1,0,"Plasma cells"
"GENE2330",0.0629095087719285,0.0729835832696256,0.0959678938456615,0,0,0,"Other"
"GENE2331",0.203083824561402,9.13909570426586e-08,1.77716980151013e-07,2,0,1,"Microenvironment"
"GENE2332",0.0142406666666653,0.688779240973975,0.731188153900186,0,0,0,"Other"
"GENE2333",-0.31432607017544,3.46716834122399e-14,7.91139381910779e-14,1,1,0,"Plasma cells"
"GENE2334",0.834532701754386,1.68239369044492e-64,1.05810923927353e-63,2,0,1,"Microenvironment"
"GENE2335",-0.0065271578947383,0.859406461120652,0.88121657125932,0,0,0,"Other"
"GENE2336",-0.617934807017545,2.59401609265423e-45,1.10855388574967e-44,1,1,0,"Plasma cells"
"GENE2337",-0.120846596491229,0.00132491311300523,0.00210805586794786,1,1,0,"Plasma cells"
"GENE2338",-1.78487203508772,3.11105378624701e-139,1.48145418392715e-137,1,1,0,"Plasma cells"
"GENE2339",-1.18976498245614,2.58099830122725e-96,3.62245375610843e-95,1,1,0,"Plasma cells"
"GENE2340",-0.0592995789473691,0.122914607772247,0.155440540970278,0,0,0,"Other"
"GENE2341",-0.0191840350877207,0.608640768364921,0.65639338729029,0,0,0,"Other"
"GENE2342",-0.0767920350877205,0.0454046872312552,0.0613369635005136,1,1,0,"Plasma cells"
"GENE2343",-0.361746456140352,3.3049353374705e-18,8.2161226537489e-18,1,1,0,"Plasma cells"
"GENE2344",-0.0487957543859659,0.154411867190234,0.191286894393371,0,0,0,"Other"
"GENE2345",-0.141611403508773,0.000144252239719494,0.000244910423971977,1,1,0,"Plasma cells"
"GENE2346",-0.0217585614035098,0.554094121002422,0.604625924521712,0,0,0,"Other"
"GENE2347",-0.0207690877192996,0.591806100398065,0.640482792638599,0,0,0,"Other"
"GENE2348",-0.149508666666668,9.3346105159365e-05,0.000159702489579752,1,1,0,"Plasma cells"
"GENE2349",-0.0488614385964923,0.180189519051316,0.22034792913643,0,0,0,"Other"
"GENE2350",-0.46172007017544,4.91136372500358e-30,1.56662319776829e-29,1,1,0,"Plasma cells"
"GENE2351",0.160733052631577,4.22125479343477e-05,7.33493448033844e-05,2,0,1,"Microenvironment"
"GENE2352",-0.996864947368422,4.61751376366591e-83,4.73591155247786e-82,1,1,0,"Plasma cells"
"GENE2353",0.812208701754385,6.14646672271096e-61,3.65089462135194e-60,2,0,1,"Microenvironment"
"GENE2354",0.0541100701754373,0.141749874915781,0.176949985330143,0,0,0,"Other"
"GENE2355",-0.0084311228070189,0.831785563827839,0.858395834703652,0,0,0,"Other"
"GENE2356",-0.562854947368422,2.01899946250539e-40,7.90215053818155e-40,1,1,0,"Plasma cells"
"GENE2357",1.5961221754386,2.13888424377347e-119,5.66591852655225e-118,2,0,1,"Microenvironment"
"GENE2358",-0.311466912280703,4.68644283028703e-16,1.11648429548232e-15,1,1,0,"Plasma cells"
"GENE2359",0.103222070175437,0.0106907021744615,0.0156468381624025,2,0,1,"Microenvironment"
"GENE2360",0.00144049122806905,0.96966364701656,0.975271457899483,0,0,0,"Other"
"GENE2361",-0.0303025964912296,0.445401284925602,0.50101381881395,0,0,0,"Other"
"GENE2362",0.0148474385964898,0.687200276494449,0.729899390859744,0,0,0,"Other"
"GENE2363",0.0894541754385952,0.0198830022216934,0.028162892665288,2,0,1,"Microenvironment"
"GENE2364",-0.0599961754385978,0.107232947447615,0.137170383687387,0,0,0,"Other"
"GENE2365",0.640276350877192,1.83099521938831e-49,8.4964975377648e-49,2,0,1,"Microenvironment"
"GENE2366",-0.049147649122808,0.176346507178214,0.216044725486326,0,0,0,"Other"
"GENE2367",0.0866821052631565,0.023591506372782,0.0330644798497294,2,0,1,"Microenvironment"
"GENE2368",0.144979999999999,2.27841592129523e-05,4.04153600229753e-05,2,0,1,"Microenvironment"
"GENE2369",0.114193157894736,0.00313640741191797,0.00484387245083856,2,0,1,"Microenvironment"
"GENE2370",0.0505131228070162,0.18523550805398,0.226034787131153,0,0,0,"Other"
"GENE2371",0.133407017543858,0.000644294515595191,0.00104763335869137,2,0,1,"Microenvironment"
"GENE2372",-0.587666666666668,2.11285305905995e-38,7.89114121030792e-38,1,1,0,"Plasma cells"
"GENE2373",0.29451845614035,1.82984676304644e-15,4.29289563178051e-15,2,0,1,"Microenvironment"
"GENE2374",0.528116526315788,2.35129556992547e-35,8.31581103421917e-35,2,0,1,"Microenvironment"
"GENE2375",0.449266807017543,1.68521454235401e-29,5.27866732139078e-29,2,0,1,"Microenvironment"
"GENE2376",-0.0214782807017553,0.579521281705787,0.6295722777901,0,0,0,"Other"
"GENE2377",-0.242727719298247,2.04948527587473e-09,4.19546627609974e-09,1,1,0,"Plasma cells"
"GENE2378",0.0740224210526305,0.0578282686347899,0.077233079979686,0,0,0,"Other"
"GENE2379",-0.00132087719298358,0.974149810330359,0.978307617705608,0,0,0,"Other"
"GENE2380",-0.118587508771931,0.00268432928580066,0.00417145188158611,1,1,0,"Plasma cells"
"GENE2381",-1.01517312280702,1.49480354068067e-82,1.50231511626198e-81,1,1,0,"Plasma cells"
"GENE2382",0.0325150526315774,0.350468260392281,0.405282752694167,0,0,0,"Other"
"GENE2383",0.666044105263157,5.41706337887549e-47,2.39163946087218e-46,2,0,1,"Microenvironment"
"GENE2384",0.0596103508771916,0.11196344137044,0.142628587733045,0,0,0,"Other"
"GENE2385",0.85778940350877,2.55052479688263e-72,1.91408990385188e-71,2,0,1,"Microenvironment"
"GENE2386",-0.0991314385964925,0.00556346029390926,0.00836925204048027,1,1,0,"Plasma cells"
"GENE2387",0.0059972280701741,0.880217068944778,0.898868592233626,0,0,0,"Other"
"GENE2388",0.988783017543858,2.48792161970378e-80,2.29831096508432e-79,2,0,1,"Microenvironment"
"GENE2389",-0.142522666666668,0.000147303196021184,0.000249772269641686,1,1,0,"Plasma cells"
"GENE2390",0.292773824561402,5.5973826977382e-13,1.24455424074223e-12,2,0,1,"Microenvironment"
"GENE2391",-0.00235954385965031,0.950004810450443,0.958874398637843,0,0,0,"Other"
"GENE2392",0.800434561403508,1.38132678776554e-59,7.95008223174411e-59,2,0,1,"Microenvironment"
"GENE2393",-0.314243649122808,1.04815540695807e-15,2.47644514343313e-15,1,1,0,"Plasma cells"
"GENE2394",0.13948094736842,0.000185737832812488,0.000313349359447469,2,0,1,"Microenvironment"
"GENE2395",-1.04763782456141,1.02511947642118e-79,9.36182170247655e-79,1,1,0,"Plasma cells"
"GENE2396",0.222881578947367,8.6683335603355e-10,1.79561544491673e-09,2,0,1,"Microenvironment"
"GENE2397",0.186317789473683,6.73593144399907e-06,1.22582919817999e-05,2,0,1,"Microenvironment"
"GENE2398",0.382294912280701,1.26698493682519e-18,3.17142662534467e-18,2,0,1,"Microenvironment"
"GENE2399",-0.0515704912280713,0.177872904402386,0.217714693270974,0,0,0,"Other"
"GENE2400",-0.707061333333335,1.10044801865059e-54,5.7240469110564e-54,1,1,0,"Plasma cells"
"GENE2401",-0.327856140350878,9.84538098749145e-17,2.36525669369164e-16,1,1,0,"Plasma cells"
"GENE2402",0.449166210526314,2.81026463967484e-27,8.44557367295218e-27,2,0,1,"Microenvironment"
"GENE2403",-0.685363438596493,4.58966010885093e-58,2.54981117158385e-57,1,1,0,"Plasma cells"
"GENE2404",0.158792385964911,6.61171058844362e-05,0.000114093366496007,2,0,1,"Microenvironment"
"GENE2405",-0.00750508771929947,0.855398123501439,0.878232159652401,0,0,0,"Other"
"GENE2406",0.0475322807017534,0.226391563184254,0.270803305244323,0,0,0,"Other"
"GENE2407",-0.0149734736842118,0.691436353406932,0.733230491417743,0,0,0,"Other"
"GENE2408",0.236442736842104,4.47319867774275e-11,9.52757971830192e-11,2,0,1,"Microenvironment"
"GENE2409",-0.0312664561403521,0.416170436796865,0.471581231497864,0,0,0,"Other"
"GENE2410",-0.468491403508774,1.41650078592032e-29,4.44392403425983e-29,1,1,0,"Plasma cells"
"GENE2411",0.273676982456139,6.31386209521111e-12,1.3740722731689e-11,2,0,1,"Microenvironment"
"GENE2412",0.103392280701753,0.012065742598385,0.017543791491654,2,0,1,"Microenvironment"
"GENE2413",-0.128028421052633,0.000541476641366796,0.000886213815657604,1,1,0,"Plasma cells"
"GENE2414",-0.073503964912282,0.053485366865975,0.0716481806644006,0,0,0,"Other"
"GENE2415",-0.064881508771931,0.0946241367169885,0.122292906904024,0,0,0,"Other"
"GENE2416",-0.04951407017544,0.214170175130034,0.257725842515083,0,0,0,"Other"
"GENE2417",-0.179160982456142,3.68115500614506e-06,6.77305428913535e-06,1,1,0,"Plasma cells"
"GENE2418",0.1044309122807,0.00752995187096017,0.0111720354168549,2,0,1,"Microenvironment"
"GENE2419",-0.165013929824562,2.056082819325e-05,3.66013853017356e-05,1,1,0,"Plasma cells"
"GENE2420",1.98055961403509,6.41114597773125e-162,7.77108603361364e-160,2,0,1,"Microenvironment"
"GENE2421",-0.11655557894737,0.00144015490863277,0.00228686765959947,1,1,0,"Plasma cells"
"GENE2422",-0.0337128771929835,0.387180395869117,0.441608663665944,0,0,0,"Other"
"GENE2423",0.716587578947367,2.04770184696562e-52,1.01875713779384e-51,2,0,1,"Microenvironment"
"GENE2424",-0.0952750526315805,0.0154780713638711,0.0221590141215048,1,1,0,"Plasma cells"
"GENE2425",0.680549543859648,2.54607969827387e-51,1.22114134209778e-50,2,0,1,"Microenvironment"
"GENE2426",0.0563367719298229,0.144577436576493,0.18010269271441,0,0,0,"Other"
"GENE2427",-0.606278175438598,5.82953963429259e-43,2.39406145145486e-42,1,1,0,"Plasma cells"
"GENE2428",0.160463052631578,3.43087015049136e-05,6.00327235431558e-05,2,0,1,"Microenvironment"
"GENE2429",-0.0966660350877205,0.0121782056865784,0.0176944506888172,1,1,0,"Plasma cells"
"GENE2430",-1.11410554385965,6.09743179250846e-86,6.70047449726204e-85,1,1,0,"Plasma cells"
"GENE2431",0.0429918245614019,0.265193132446236,0.312819973395737,0,0,0,"Other"
"GENE2432",0.226910807017542,4.72850742004328e-09,9.5726269085542e-09,2,0,1,"Microenvironment"
"GENE2433",0.028713228070174,0.483402861866953,0.538310536600171,0,0,0,"Other"
"GENE2434",-0.0462184561403521,0.216880596719326,0.260595490200451,0,0,0,"Other"
"GENE2435",-0.0776465964912292,0.0419268332881208,0.0569271327740948,1,1,0,"Plasma cells"
"GENE2436",0.096505578947367,0.0128171439132994,0.0185486887312582,2,0,1,"Microenvironment"
"GENE2437",0.0141267719298231,0.704165402528061,0.745148574103769,0,0,0,"Other"
"GENE2438",-0.177422000000001,8.21354732667562e-06,1.48863567316278e-05,1,1,0,"Plasma cells"
"GENE2439",-0.158582421052633,2.49603833148245e-05,4.41191044009272e-05,1,1,0,"Plasma cells"
"GENE2440",-0.133112140350879,0.000403143016951514,0.00066525250322032,1,1,0,"Plasma cells"
"GENE2441",-0.0117940350877202,0.75829038743305,0.794225620858882,0,0,0,"Other"
"GENE2442",0.912943228070174,2.6717580001936e-70,1.93957023607521e-69,2,0,1,"Microenvironment"
"GENE2443",-0.0607761052631592,0.0992728446123089,0.127723183804836,0,0,0,"Other"
"GENE2444",1.16107414035088,4.54002647062445e-94,5.99343428465274e-93,2,0,1,"Microenvironment"
"GENE2445",0.451599543859648,1.00709723114511e-27,3.05180979134881e-27,2,0,1,"Microenvironment"
"GENE2446",0.519419157894736,1.57369939918349e-33,5.38016888609739e-33,2,0,1,"Microenvironment"
"GENE2447",1.50307596491228,4.23263716840598e-123,1.29240829569648e-121,2,0,1,"Microenvironment"
"GENE2448",-0.42274157894737,1.67750877297686e-23,4.65974659160239e-23,1,1,0,"Plasma cells"
"GENE2449",0.129101649122806,0.000744618529803742,0.00120683716337722,2,0,1,"Microenvironment"
"GENE2450",0.131404315789472,0.000724245253144423,0.0011752458468875,2,0,1,"Microenvironment"
"GENE2451",-0.00664277192982585,0.867906279074361,0.888110799769108,0,0,0,"Other"
"GENE2452",-0.525272526315791,2.03648436494461e-35,7.22157576221491e-35,1,1,0,"Plasma cells"
"GENE2453",-0.143365122807019,4.48867327188402e-05,7.78945470175102e-05,1,1,0,"Plasma cells"
"GENE2454",0.436594982456139,3.0652773280535e-22,8.27893944106281e-22,2,0,1,"Microenvironment"
"GENE2455",0.102999052631578,0.00550193634239062,0.00828604870841961,2,0,1,"Microenvironment"
"GENE2456",-0.344606315789475,9.76485458540752e-17,2.34732081379988e-16,1,1,0,"Plasma cells"
"GENE2457",0.204761824561402,5.93519180019485e-07,1.12037598871069e-06,2,0,1,"Microenvironment"
"GENE2458",0.481764701754385,3.82773615212106e-32,1.27484967597704e-31,2,0,1,"Microenvironment"
"GENE2459",0.489689789473683,1.27566060930132e-30,4.12501409636642e-30,2,0,1,"Microenvironment"
"GENE2460",-0.0484559649122821,0.231079268004073,0.27608036798575,0,0,0,"Other"
"GENE2461",-1.20575515789474,7.94364491242487e-97,1.13887382256987e-95,1,1,0,"Plasma cells"
"GENE2462",0.122220280701753,0.000384992848596198,0.000637141660895652,2,0,1,"Microenvironment"
"GENE2463",-0.0648957894736853,0.0941018935182324,0.121696596855134,0,0,0,"Other"
"GENE2464",-0.358877789473685,3.88306485516497e-20,1.00014548748615e-19,1,1,0,"Plasma cells"
"GENE2465",-1.68118249122807,9.68833557496344e-130,3.3698558521612e-128,1,1,0,"Plasma cells"
"GENE2466",-0.445853403508773,1.13477477595805e-27,3.43610832992598e-27,1,1,0,"Plasma cells"
"GENE2467",0.893982596491226,1.02355515013376e-66,6.73391546140634e-66,2,0,1,"Microenvironment"
"GENE2468",-0.140758315789475,0.000775030010663268,0.00125460139322261,1,1,0,"Plasma cells"
"GENE2469",0.0477365964912267,0.211479695875368,0.255102166315282,0,0,0,"Other"
"GENE2470",0.669479368421051,3.40154076982809e-46,1.47732498146714e-45,2,0,1,"Microenvironment"
"GENE2471",-0.0780841403508784,0.0340561108450418,0.0466522066370436,1,1,0,"Plasma cells"
"GENE2472",0.703079754385964,1.96943168190381e-51,9.52566714342834e-51,2,0,1,"Microenvironment"
"GENE2473",-0.109671192982457,0.00256036441332031,0.00398500297793045,1,1,0,"Plasma cells"
"GENE2474",0.212035614035086,3.88991302509617e-08,7.64602068814971e-08,2,0,1,"Microenvironment"
"GENE2475",0.019068982456139,0.60687079731323,0.655014352199925,0,0,0,"Other"
"GENE2476",-0.0292381754385977,0.405563446792959,0.460605845307166,0,0,0,"Other"
"GENE2477",-0.0137459649122819,0.707845587790799,0.748646840603701,0,0,0,"Other"
"GENE2478",-0.134731684210528,0.00032356324450003,0.000538823054954255,1,1,0,"Plasma cells"
"GENE2479",0.00471656140350776,0.907320987879195,0.922113798687754,0,0,0,"Other"
"GENE2480",0.225220175438595,6.32652294981559e-08,1.23444350240304e-07,2,0,1,"Microenvironment"
"GENE2481",-0.104192666666668,0.00408632569290043,0.00624581687871674,1,1,0,"Plasma cells"
"GENE2482",0.141793543859648,0.000112789699624081,0.000192227864719354,2,0,1,"Microenvironment"
"GENE2483",-2.21198515789474,3.04396426465012e-161,3.20417291015802e-159,1,1,0,"Plasma cells"
"GENE2484",0.03839792982456,0.28779029570268,0.337386044200093,0,0,0,"Other"
"GENE2485",-0.0963575438596505,0.0073493507899421,0.0109121763770484,1,1,0,"Plasma cells"
"GENE2486",0.200738526315788,9.64643966967295e-08,1.87400479255424e-07,2,0,1,"Microenvironment"
"GENE2487",-0.0287076842105277,0.455449168612017,0.511022910083609,0,0,0,"Other"
"GENE2488",0.0150073684210517,0.686499004086129,0.729541980962942,0,0,0,"Other"
"GENE2489",0.442442842105262,1.87851304221582e-27,5.67098276895342e-27,2,0,1,"Microenvironment"
"GENE2490",0.00775385964912139,0.842770450638273,0.868117928415252,0,0,0,"Other"
"GENE2491",0.127756280701753,0.0017100363994312,0.00269934711828129,2,0,1,"Microenvironment"
"GENE2492",0.225485263157893,6.12981492676618e-09,1.23647300590342e-08,2,0,1,"Microenvironment"
"GENE2493",0.606431859649121,1.01155649222305e-45,4.36957448044513e-45,2,0,1,"Microenvironment"
"GENE2494",-0.0546827368421069,0.190264010228031,0.231746662884325,0,0,0,"Other"
"GENE2495",0.222055999999999,2.34481151431882e-08,4.63859844573455e-08,2,0,1,"Microenvironment"
"GENE2496",0.0347789122807003,0.332292757093479,0.385602271068731,0,0,0,"Other"
"GENE2497",-0.174363122807019,4.41754304682681e-06,8.0944444284504e-06,1,1,0,"Plasma cells"
"GENE2498",-0.407501333333334,2.45842124907367e-23,6.79591222964387e-23,1,1,0,"Plasma cells"
"GENE2499",-1.74864456140351,1.32542154868459e-138,6.09389217786018e-137,1,1,0,"Plasma cells"
"GENE2500",2.16995596491228,7.18222410227743e-160,7.00704790466091e-158,2,0,1,"Microenvironment"
"GENE2501",0.0952547719298233,0.00617144002043641,0.00923522636803054,2,0,1,"Microenvironment"
"GENE2502",0.0660977192982442,0.088560237354146,0.115050649372064,0,0,0,"Other"
"GENE2503",-1.06036849122807,3.74156978095598e-87,4.20401098983818e-86,1,1,0,"Plasma cells"
"GENE2504",0.607173368421051,1.91848777120853e-44,8.06087298827112e-44,2,0,1,"Microenvironment"
"GENE2505",0.181841368421051,3.74099782782195e-06,6.8799960051898e-06,2,0,1,"Microenvironment"
"GENE2506",-0.0211904561403521,0.615021375791152,0.662203365589397,0,0,0,"Other"
"GENE2507",-1.05806259649123,2.54412912209642e-85,2.75040986172586e-84,1,1,0,"Plasma cells"
"GENE2508",0.473428771929823,9.57839297729936e-30,3.02157507170327e-29,2,0,1,"Microenvironment"
"GENE2509",0.103202982456139,0.0055850789366956,0.0083986149423994,2,0,1,"Microenvironment"
"GENE2510",-7.73684210543174e-05,0.9983753056621,0.998874743033617,0,0,0,"Other"
"GENE2511",0.0239546666666653,0.530111579292385,0.583341490280478,0,0,0,"Other"
"GENE2512",0.0249828421052618,0.490682968209548,0.545041844135453,0,0,0,"Other"
"GENE2513",-0.16002656140351,2.45135350230891e-05,4.33484262123591e-05,1,1,0,"Plasma cells"
"GENE2514",-0.375776666666668,9.15928157117851e-21,2.38367770232362e-20,1,1,0,"Plasma cells"
"GENE2515",0.0108492280701744,0.77330900265105,0.807001307227811,0,0,0,"Other"
"GENE2516",0.0602526666666653,0.129680860516482,0.163223235388901,0,0,0,"Other"
"GENE2517",-1.26203038596491,7.80732019930308e-108,1.53838821661144e-106,1,1,0,"Plasma cells"
"GENE2518",-0.134870736842106,0.000372113284892777,0.000617103291696147,1,1,0,"Plasma cells"
"GENE2519",0.0266908070175427,0.507925242949564,0.561553612990121,0,0,0,"Other"
"GENE2520",0.378768315789472,9.55607720915745e-22,2.54658952942237e-21,2,0,1,"Microenvironment"
"GENE2521",0.162138771929823,2.11800426195144e-05,3.76701513908661e-05,2,0,1,"Microenvironment"
"GENE2522",0.0119707017543848,0.762431869212396,0.797731487535858,0,0,0,"Other"
"GENE2523",-0.568097333333335,2.83020231161837e-36,1.01805838547423e-35,1,1,0,"Plasma cells"
"GENE2524",-0.568315228070176,1.01243253470536e-37,3.71876045805458e-37,1,1,0,"Plasma cells"
"GENE2525",0.0108972280701743,0.770641995483204,0.804807007372742,0,0,0,"Other"
"GENE2526",-0.0141638245614047,0.694336093267736,0.735915308179901,0,0,0,"Other"
"GENE2527",-0.0267605964912292,0.468011172711331,0.523356077955081,0,0,0,"Other"
"GENE2528",1.31810070175438,8.89341185010698e-105,1.5952308251313e-103,2,0,1,"Microenvironment"
"GENE2529",0.187398491228069,2.20184756097275e-06,4.07938408702686e-06,2,0,1,"Microenvironment"
"GENE2530",0.332793122807016,4.49214250108581e-16,1.07083253899542e-15,2,0,1,"Microenvironment"
"GENE2531",-2.19112428070175,1.34705030258514e-166,2.34269617840893e-164,1,1,0,"Plasma cells"
"GENE2532",-0.102763298245615,0.00609098273712888,0.00911823763043246,1,1,0,"Plasma cells"
"GENE2533",0.107509403508771,0.0111804431990997,0.0162920848074313,2,0,1,"Microenvironment"
"GENE2534",0.179402140350876,2.05915839173558e-06,3.82033096796953e-06,2,0,1,"Microenvironment"
"GENE2535",-0.000758877192983862,0.984297369985038,0.986517033309985,0,0,0,"Other"
"GENE2536",0.0468586315789459,0.225680162725931,0.270033099283197,0,0,0,"Other"
"GENE2537",0.0762392982456129,0.0482940581491448,0.0650206100964588,2,0,1,"Microenvironment"
"GENE2538",-0.32251754385965,1.49480321376383e-16,3.58251219595884e-16,1,1,0,"Plasma cells"
"GENE2539",-0.0805911929824573,0.025913625988076,0.0361291404504371,1,1,0,"Plasma cells"
"GENE2540",-0.406387192982458,1.94482293639803e-24,5.50162075360121e-24,1,1,0,"Plasma cells"
"GENE2541",0.00725270175438484,0.842942508491209,0.868117928415252,0,0,0,"Other"
"GENE2542",0.0775594035087708,0.0361312550497913,0.049359638046163,2,0,1,"Microenvironment"
"GENE2543",-0.223407438596492,5.30331651371185e-09,1.07137707347714e-08,1,1,0,"Plasma cells"
"GENE2544",-0.0165789122807027,0.676689731389299,0.720457526099865,0,0,0,"Other"
"GENE2545",0.375519684210525,1.28145942003002e-20,3.328466026052e-20,2,0,1,"Microenvironment"
"GENE2546",-0.058869122807019,0.121246062410762,0.153621871917342,0,0,0,"Other"
"GENE2547",-0.201631368421054,1.94486112473351e-07,3.72783316415206e-07,1,1,0,"Plasma cells"
"GENE2548",0.0162106315789461,0.675340277531871,0.719403757690409,0,0,0,"Other"
"GENE2549",0.0408994736842092,0.308229918950755,0.359347034626354,0,0,0,"Other"
"GENE2550",0.0704638596491215,0.0803052444848425,0.105008492297931,0,0,0,"Other"
"GENE2551",-0.147231754385966,1.58449397634525e-05,2.83198208462065e-05,1,1,0,"Plasma cells"
"GENE2552",0.246101157894735,1.16585910416619e-09,2.40259475356247e-09,2,0,1,"Microenvironment"
"GENE2553",-0.102458631578949,0.0096983073335153,0.0142622166669343,1,1,0,"Plasma cells"
"GENE2554",-0.0803024210526329,0.0247223739326067,0.034588840759156,1,1,0,"Plasma cells"
"GENE2555",-0.359859192982457,1.32683932268806e-21,3.5218031126425e-21,1,1,0,"Plasma cells"
"GENE2556",0.0125879999999986,0.738392100857347,0.775889787843193,0,0,0,"Other"
"GENE2557",-0.034926666666668,0.346693569420758,0.401614328897489,0,0,0,"Other"
"GENE2558",-0.052921719298247,0.159294286625673,0.19690270287475,0,0,0,"Other"
"GENE2559",0.433047017543859,2.48061794093317e-23,6.85253574843418e-23,2,0,1,"Microenvironment"
"GENE2560",-0.881776175438597,2.13853223379555e-72,1.61398659154381e-71,1,1,0,"Plasma cells"
"GENE2561",-0.0201812280701764,0.609146812735465,0.656585085136584,0,0,0,"Other"
"GENE2562",1.53676017543859,9.02963581745136e-128,3.00987860581712e-126,2,0,1,"Microenvironment"
"GENE2563",-0.159388315789475,2.69173679575945e-05,4.7452389524186e-05,1,1,0,"Plasma cells"
"GENE2564",0.435883508771929,5.40949792473223e-29,1.67866498827998e-28,2,0,1,"Microenvironment"
"GENE2565",0.639113087719297,7.9930159897236e-47,3.52115241838044e-46,2,0,1,"Microenvironment"
"GENE2566",-0.0223633684210537,0.548393052245539,0.600156555125077,0,0,0,"Other"
"GENE2567",-0.096870000000001,0.0142231933004504,0.0204209523337406,1,1,0,"Plasma cells"
"GENE2568",0.131739614035086,0.000397324426892494,0.000655921464122977,2,0,1,"Microenvironment"
"GENE2569",-0.284058982456142,4.72922206584377e-14,1.07727154119448e-13,1,1,0,"Plasma cells"
"GENE2570",-0.132129508771931,0.000569240593015938,0.000928993215856285,1,1,0,"Plasma cells"
"GENE2571",-0.361660947368422,8.55682694081867e-19,2.14725895629076e-18,1,1,0,"Plasma cells"
"GENE2572",-0.354037649122808,3.78662937896509e-20,9.75935406949765e-20,1,1,0,"Plasma cells"
"GENE2573",0.0544251578947357,0.101489959098178,0.130366036092715,0,0,0,"Other"
"GENE2574",0.0631856140350863,0.115659680714117,0.146869435827451,0,0,0,"Other"
"GENE2575",-0.0369824912280713,0.379403538703516,0.433851959638097,0,0,0,"Other"
"GENE2576",0.00888940350877088,0.809930842541747,0.839442328413799,0,0,0,"Other"
"GENE2577",-0.0367691228070184,0.318524166103183,0.370592398025809,0,0,0,"Other"
"GENE2578",-0.400775964912282,5.15498671616502e-22,1.38574911724866e-21,1,1,0,"Plasma cells"
"GENE2579",-0.154725649122808,0.000228727763364337,0.000383771415040835,1,1,0,"Plasma cells"
"GENE2580",-1.1492629122807,4.5483769239181e-93,5.81262226698799e-92,1,1,0,"Plasma cells"
"GENE2581",0.394883999999999,2.30899662157807e-25,6.66377091364524e-25,2,0,1,"Microenvironment"
"GENE2582",-1.26176771929825,2.66617847309497e-104,4.76103298766958e-103,1,1,0,"Plasma cells"
"GENE2583",-0.050307614035089,0.169256184524313,0.208123190315787,0,0,0,"Other"
"GENE2584",0.021764385964911,0.550756946542014,0.602084664161809,0,0,0,"Other"
"GENE2585",-0.920769824561405,2.59818901346244e-68,1.77958151607017e-67,1,1,0,"Plasma cells"
"GENE2586",0.290442385964911,3.02377606979956e-13,6.76459970872384e-13,2,0,1,"Microenvironment"
"GENE2587",0.0138558245614021,0.711544847441794,0.752161572348619,0,0,0,"Other"
"GENE2588",0.957005087719297,1.85221111278673e-75,1.52132329592339e-74,2,0,1,"Microenvironment"
"GENE2589",-0.0666420000000011,0.0912805410708357,0.118277345086927,0,0,0,"Other"
"GENE2590",0.619108421052631,1.13221562751157e-47,5.07151456892082e-47,2,0,1,"Microenvironment"
"GENE2591",-0.0406011578947381,0.270938340859949,0.319126432108302,0,0,0,"Other"
"GENE2592",0.0233970175438586,0.549310079673466,0.600831369618229,0,0,0,"Other"
"GENE2593",0.0216577543859635,0.549799921747369,0.601202757514893,0,0,0,"Other"
"GENE2594",-2.16548122807018,3.95062289160575e-160,3.95062289160575e-158,1,1,0,"Plasma cells"
"GENE2595",0.413058491228069,6.27205250596209e-21,1.64082472360029e-20,2,0,1,"Microenvironment"
"GENE2596",-0.0797744912280715,0.0312897392420984,0.043083978302373,1,1,0,"Plasma cells"
"GENE2597",-0.0188903508771942,0.61787735292306,0.664741638432555,0,0,0,"Other"
"GENE2598",0.0838957192982446,0.0266000849922219,0.0369948065642949,2,0,1,"Microenvironment"
"GENE2599",0.216731508771929,6.43374516754364e-08,1.25475283618598e-07,2,0,1,"Microenvironment"
"GENE2600",0.355695508771928,7.76366530571854e-20,1.98305627221419e-19,2,0,1,"Microenvironment"
"GENE2601",0.101666245614034,0.00564093684359945,0.00847942404148734,2,0,1,"Microenvironment"
"GENE2602",-0.028843859649124,0.471887266449826,0.527101107455823,0,0,0,"Other"
"GENE2603",0.714446842105262,7.22427984387407e-52,3.5456588190793e-51,2,0,1,"Microenvironment"
"GENE2604",-0.0919209824561415,0.0199418984469382,0.0282190673646564,1,1,0,"Plasma cells"
"GENE2605",-0.279855192982458,4.5690883189501e-12,9.98162385352288e-12,1,1,0,"Plasma cells"
"GENE2606",0.178256912280701,7.13484941556132e-06,1.29724534828388e-05,2,0,1,"Microenvironment"
"GENE2607",0.15765045614035,2.40503769090415e-05,4.25858820877229e-05,2,0,1,"Microenvironment"
"GENE2608",-0.768550280701755,6.24306718358821e-58,3.44778008324131e-57,1,1,0,"Plasma cells"
"GENE2609",0.0522117894736828,0.166295357587496,0.20492342278188,0,0,0,"Other"
"GENE2610",0.586644280701753,5.07172871423777e-39,1.92475473026101e-38,2,0,1,"Microenvironment"
"GENE2611",0.0138956491228058,0.697543083370818,0.738809379864982,0,0,0,"Other"
"GENE2612",0.320706140350876,1.26529546919417e-14,2.91542734837366e-14,2,0,1,"Microenvironment"
"GENE2613",-0.0360912631578965,0.325190069873072,0.377908274111647,0,0,0,"Other"
"GENE2614",0.0105243157894725,0.759640816807598,0.795227235600731,0,0,0,"Other"
"GENE2615",0.0405331929824548,0.275150106651093,0.323801243484663,0,0,0,"Other"
"GENE2616",0.0738254385964901,0.0400588571350041,0.0545018464421825,2,0,1,"Microenvironment"
"GENE2617",0.0165903157894725,0.662502041791492,0.70629215542803,0,0,0,"Other"
"GENE2618",-0.0109991578947379,0.770803911311244,0.804807007372742,0,0,0,"Other"
"GENE2619",-0.0101197192982468,0.79354225662248,0.824888000647069,0,0,0,"Other"
"GENE2620",-0.224329263157896,2.82708538375466e-08,5.58712526433728e-08,1,1,0,"Plasma cells"
"GENE2621",0.0835362105263143,0.0211467836484016,0.0298546006571305,2,0,1,"Microenvironment"
"GENE2622",-0.126988596491229,0.000457155470448211,0.000752519292918866,1,1,0,"Plasma cells"
"GENE2623",0.408002280701753,2.30359536947636e-22,6.24703829010538e-22,2,0,1,"Microenvironment"
"GENE2624",-0.121972140350878,0.00118107311324224,0.0018874520387411,1,1,0,"Plasma cells"
"GENE2625",0.514132807017543,2.53814859956596e-36,9.14648143987733e-36,2,0,1,"Microenvironment"
"GENE2626",-0.201949122807019,1.46309193287086e-07,2.82313928195053e-07,1,1,0,"Plasma cells"
"GENE2627",0.303341578947367,1.48029418534758e-14,3.40493199619916e-14,2,0,1,"Microenvironment"
"GENE2628",-0.180000807017545,8.81906103158992e-06,1.59476691348823e-05,1,1,0,"Plasma cells"
"GENE2629",0.198208526315788,5.67650138402149e-07,1.07357000170619e-06,2,0,1,"Microenvironment"
"GENE2630",-0.0431930175438607,0.220930049305502,0.265063046557291,0,0,0,"Other"
"GENE2631",0.028440140350876,0.429561895719286,0.485655054515869,0,0,0,"Other"
"GENE2632",-0.200295087719299,1.4377652646709e-07,2.77560861905579e-07,1,1,0,"Plasma cells"
"GENE2633",1.41474638596491,1.45195268669527e-114,3.4570302064173e-113,2,0,1,"Microenvironment"
"GENE2634",1.03287589473684,8.24363684982486e-81,7.75871703512928e-80,2,0,1,"Microenvironment"
"GENE2635",-0.832504280701755,2.28490997185879e-59,1.30566284106217e-58,1,1,0,"Plasma cells"
"GENE2636",-0.338035473684212,1.20693309078936e-15,2.84654030846547e-15,1,1,0,"Plasma cells"
"GENE2637",0.0202672280701739,0.580398671069547,0.630270095226777,0,0,0,"Other"
"GENE2638",0.0539195438596478,0.177744427658351,0.217624031415184,0,0,0,"Other"
"GENE2639",-0.0319331228070189,0.413400030986105,0.468856422457079,0,0,0,"Other"
"GENE2640",0.698383999999998,3.87558038936879e-49,1.79010641541283e-48,2,0,1,"Microenvironment"
"GENE2641",-0.0573571228070186,0.125290405699613,0.157995467464834,0,0,0,"Other"
"GENE2642",-0.0559165614035095,0.12414584791489,0.156799302702735,0,0,0,"Other"
"GENE2643",-0.122810912280703,0.0013594208940205,0.00216210082547992,1,1,0,"Plasma cells"
"GENE2644",0.093219087719297,0.0138374979339718,0.0199315778667221,2,0,1,"Microenvironment"
"GENE2645",-0.906762982456141,6.06479066346668e-67,4.00977895105235e-66,1,1,0,"Plasma cells"
"GENE2646",-0.413813508771931,2.90360510460407e-22,7.84758136379479e-22,1,1,0,"Plasma cells"
"GENE2647",-0.0456762807017555,0.218322196504514,0.262248884690107,0,0,0,"Other"
"GENE2648",0.0296156140350865,0.418351263210861,0.473783990046275,0,0,0,"Other"
"GENE2649",0.178814771929823,3.5769287458913e-06,6.58734575670589e-06,2,0,1,"Microenvironment"
"GENE2650",-0.107655122807019,0.00373695630853446,0.00574474451734737,1,1,0,"Plasma cells"
"GENE2651",0.11886445614035,0.00226956127794582,0.00355035006327073,2,0,1,"Microenvironment"
"GENE2652",1.17250887719298,8.01420969993307e-90,9.51241507410453e-89,2,0,1,"Microenvironment"
"GENE2653",0.102988070175437,0.00407306213359955,0.00622792375168127,2,0,1,"Microenvironment"
"GENE2654",-0.211228947368422,2.87678890307156e-08,5.68254598137593e-08,1,1,0,"Plasma cells"
"GENE2655",1.44832035087719,4.23526145375355e-115,1.01443388113858e-113,2,0,1,"Microenvironment"
"GENE2656",0.0674171228070164,0.0836949039455576,0.109155401298412,0,0,0,"Other"
"GENE2657",0.0259750175438584,0.491910233918812,0.546111833381972,0,0,0,"Other"
"GENE2658",0.19021645614035,4.45795034604962e-07,8.45910881603343e-07,2,0,1,"Microenvironment"
"GENE2659",0.45040792982456,2.06821304798423e-26,6.08297955289479e-26,2,0,1,"Microenvironment"
"GENE2660",-0.0458219649122819,0.244218709442354,0.290304558029544,0,0,0,"Other"
"GENE2661",1.40667501754386,2.58685285449653e-116,6.30939720608911e-115,2,0,1,"Microenvironment"
"GENE2662",0.0975547017543847,0.0060136412252687,0.00901257583404825,2,0,1,"Microenvironment"
"GENE2663",-1.7218910877193,1.58401087461692e-133,6.15149854220162e-132,1,1,0,"Plasma cells"
"GENE2664",-0.439101473684211,1.08667305478106e-26,3.22694299860747e-26,1,1,0,"Plasma cells"
"GENE2665",0.0906788070175425,0.0223420100466137,0.0314344144166214,2,0,1,"Microenvironment"
"GENE2666",0.00182343859648995,0.961627735460164,0.968650451231593,0,0,0,"Other"
"GENE2667",-0.489964666666668,3.08511353999927e-33,1.04935834693853e-32,1,1,0,"Plasma cells"
"GENE2668",-0.772279894736843,3.51670124794688e-55,1.84603740049705e-54,1,1,0,"Plasma cells"
"GENE2669",-0.0289577894736853,0.431558778712326,0.487637038093024,0,0,0,"Other"
"GENE2670",-0.183485754385966,1.37411263032758e-06,2.56125373779605e-06,1,1,0,"Plasma cells"
"GENE2671",0.0560012982456127,0.141781175745777,0.176949985330143,0,0,0,"Other"
"GENE2672",0.00989424561403372,0.79741840102628,0.828271514958484,0,0,0,"Other"
"GENE2673",-0.0614854035087733,0.117166734652812,0.148688749559407,0,0,0,"Other"
"GENE2674",-0.028800596491229,0.43015296340381,0.486185886865002,0,0,0,"Other"
"GENE2675",0.491801578947368,2.87947835684731e-31,9.42546106987663e-31,2,0,1,"Microenvironment"
"GENE2676",1.03140789473684,3.69600185602502e-82,3.6503722034815e-81,2,0,1,"Microenvironment"
"GENE2677",-0.0538922807017558,0.14119699326286,0.176461539248349,0,0,0,"Other"
"GENE2678",-0.127333087719299,0.000917889122962916,0.0014774875218719,1,1,0,"Plasma cells"
"GENE2679",-1.86524287719298,6.6710609804662e-152,4.30391030997819e-150,1,1,0,"Plasma cells"
"GENE2680",-0.133733614035089,0.000572755236462658,0.000934347857198463,1,1,0,"Plasma cells"
"GENE2681",0.0580397894736832,0.102802215146474,0.131924562266891,0,0,0,"Other"
"GENE2682",-0.0229372631578958,0.571721128398373,0.621604923510054,0,0,0,"Other"
"GENE2683",0.281034315789472,1.31220468824584e-11,2.82650444425598e-11,2,0,1,"Microenvironment"
"GENE2684",-0.106069368421054,0.00471846187236133,0.00717091469963728,1,1,0,"Plasma cells"
"GENE2685",-0.0639197543859661,0.0941709751076196,0.121746574153354,0,0,0,"Other"
"GENE2686",-0.0444915789473696,0.233109313741284,0.278339479094071,0,0,0,"Other"
"GENE2687",-0.884356280701755,1.12195530899179e-71,8.32619895355688e-71,1,1,0,"Plasma cells"
"GENE2688",-0.0156595789473698,0.681634457084906,0.725143039452028,0,0,0,"Other"
"GENE2689",-0.451189438596492,8.96073634447465e-27,2.66887158435582e-26,1,1,0,"Plasma cells"
"GENE2690",0.224259017543858,2.18875115618462e-09,4.47368657370388e-09,2,0,1,"Microenvironment"
"GENE2691",1.04096077192982,2.91459880163144e-88,3.340514385824e-87,2,0,1,"Microenvironment"
"GENE2692",-0.135564000000001,0.000220579060704529,0.000370565410675394,1,1,0,"Plasma cells"
"GENE2693",-0.304545754385967,1.5362990624057e-13,3.45624086030529e-13,1,1,0,"Plasma cells"
"GENE2694",-0.0792249473684224,0.0527103746570719,0.0706810253530968,0,0,0,"Other"
"GENE2695",0.582980877192981,1.13744002106611e-40,4.46054910222005e-40,2,0,1,"Microenvironment"
"GENE2696",0.0284308421052621,0.472160609205788,0.527259195093007,0,0,0,"Other"
"GENE2697",-0.0264955438596504,0.494875944083968,0.548795058590482,0,0,0,"Other"
"GENE2698",0.135771368421052,0.00038474932631729,0.000637002195889553,2,0,1,"Microenvironment"
"GENE2699",0.244458385964911,1.89929673686988e-09,3.89799227679812e-09,2,0,1,"Microenvironment"
"GENE2700",-0.0073231578947383,0.845026098667337,0.869815850403847,0,0,0,"Other"
"GENE2701",0.0242881754385952,0.53221363691415,0.58506906532497,0,0,0,"Other"
"GENE2702",0.000861333333332004,0.981661969050971,0.984862773063427,0,0,0,"Other"
"GENE2703",0.0586981052631566,0.129752419243426,0.163261930473012,0,0,0,"Other"
"GENE2704",0.543996210526314,3.91369220966292e-39,1.49093036558588e-38,2,0,1,"Microenvironment"
"GENE2705",0.50494442105263,3.11051793461361e-33,1.05710040258746e-32,2,0,1,"Microenvironment"
"GENE2706",-0.653218596491229,5.40606173183259e-46,2.34282198562626e-45,1,1,0,"Plasma cells"
"GENE2707",2.05701649122807,4.05612008129573e-162,5.23370333070417e-160,2,0,1,"Microenvironment"
"GENE2708",0.11369642105263,0.00400604615068514,0.00613718291947167,2,0,1,"Microenvironment"
"GENE2709",-0.498895859649124,1.3467153582987e-31,4.43363080921383e-31,1,1,0,"Plasma cells"
"GENE2710",-0.47772505263158,4.07012788763645e-26,1.19183832727275e-25,1,1,0,"Plasma cells"
"GENE2711",0.00871947368420894,0.810833893259795,0.839631868075356,0,0,0,"Other"
"GENE2712",0.304205964912279,2.68161902684345e-14,6.12941491849931e-14,2,0,1,"Microenvironment"
"GENE2713",0.0401928070175425,0.312945900438779,0.364420262519684,0,0,0,"Other"
"GENE2714",-0.247962842105264,6.56457038437462e-11,1.39375167396489e-10,1,1,0,"Plasma cells"
"GENE2715",-0.894585754385966,2.19309431227216e-72,1.65204844615605e-71,1,1,0,"Plasma cells"
"GENE2716",-0.746971263157897,6.20954381936655e-59,3.498334546122e-58,1,1,0,"Plasma cells"
"GENE2717",0.351436070175437,4.08702011902997e-17,9.9440878808515e-17,2,0,1,"Microenvironment"
"GENE2718",0.276177719298244,9.27023930937549e-13,2.05548543445133e-12,2,0,1,"Microenvironment"
"GENE2719",0.098866842105262,0.00883187737639065,0.0130407934682771,2,0,1,"Microenvironment"
"GENE2720",0.0757142105263146,0.0515821953271222,0.0692146196942263,0,0,0,"Other"
"GENE2721",-0.0474375087719312,0.222196097488952,0.266422179243347,0,0,0,"Other"
"GENE2722",0.107194245614034,0.00578441518101596,0.00868530807960354,2,0,1,"Microenvironment"
"GENE2723",-0.0381117894736854,0.303025266222076,0.354028762628106,0,0,0,"Other"
"GENE2724",-0.0987564210526329,0.00535407337952669,0.00808467101476283,1,1,0,"Plasma cells"
"GENE2725",-0.828823649122809,6.15175743697802e-61,3.65089462135194e-60,1,1,0,"Plasma cells"
"GENE2726",-0.0592193684210538,0.102978915869846,0.132066580147285,0,0,0,"Other"
"GENE2727",-0.860404666666668,7.94120774153679e-66,5.14827082109354e-65,1,1,0,"Plasma cells"
"GENE2728",-0.865179649122808,9.51408066243135e-65,6.03111293973461e-64,1,1,0,"Plasma cells"
"GENE2729",-0.0761489473684224,0.0458522220847809,0.0618788422196773,1,1,0,"Plasma cells"
"GENE2730",0.128582701754385,0.000200117031797612,0.00033703921144861,2,0,1,"Microenvironment"
"GENE2731",-0.115655122807019,0.00572462111129757,0.0085987549550095,1,1,0,"Plasma cells"
"GENE2732",-0.0171952631578961,0.652204471098164,0.696055999037528,0,0,0,"Other"
"GENE2733",0.0785047368421039,0.0335022936607069,0.045956507079159,2,0,1,"Microenvironment"
"GENE2734",2.22280796491228,3.37037577672435e-163,4.64879417479221e-161,2,0,1,"Microenvironment"
"GENE2735",0.101835964912279,0.00737239616099489,0.0109423319643709,2,0,1,"Microenvironment"
"GENE2736",0.0968442105263148,0.0156839894253696,0.022421714689592,2,0,1,"Microenvironment"
"GENE2737",0.331923578947367,8.19627292690483e-17,1.97619600407591e-16,2,0,1,"Microenvironment"
"GENE2738",0.00217431578947227,0.955736987518012,0.963687408639286,0,0,0,"Other"
"GENE2739",0.16387596491228,1.85892348144478e-05,3.31802495572472e-05,2,0,1,"Microenvironment"
"GENE2740",-0.0257094385964927,0.48556837039149,0.54042111340177,0,0,0,"Other"
"GENE2741",0.0776075438596478,0.040993327913771,0.0557542712190017,2,0,1,"Microenvironment"
"GENE2742",0.116906385964911,0.00219996364162438,0.00344417008473484,2,0,1,"Microenvironment"
"GENE2743",-0.0987521052631589,0.00644019786104513,0.00962300763697442,1,1,0,"Plasma cells"
"GENE2744",0.140864035087718,0.000249067985054228,0.000416153692655351,2,0,1,"Microenvironment"
"GENE2745",0.0370602105263146,0.331585862894836,0.384893630754308,0,0,0,"Other"
"GENE2746",0.605418701754385,1.37482596893355e-41,5.49381006566851e-41,2,0,1,"Microenvironment"
"GENE2747",-0.150634421052633,7.21959346177399e-05,0.000124314997189393,1,1,0,"Plasma cells"
"GENE2748",0.0502950877192968,0.195775217847174,0.237879973082836,0,0,0,"Other"
"GENE2749",-0.100882526315791,0.00802388775070815,0.0118872411121602,1,1,0,"Plasma cells"
"GENE2750",-0.41741905263158,2.56609144846934e-21,6.77068983764998e-21,1,1,0,"Plasma cells"
"GENE2751",-0.227401894736843,5.41550515471217e-09,1.09348917813471e-08,1,1,0,"Plasma cells"
"GENE2752",0.0232116491228055,0.552912227262557,0.603780755951468,0,0,0,"Other"
"GENE2753",0.119284877192981,0.00165428572048381,0.00261650568680713,2,0,1,"Microenvironment"
"GENE2754",-0.0673651578947379,0.0884403821185409,0.114932270459442,0,0,0,"Other"
"GENE2755",0.00152154385964802,0.96693587383608,0.973036871415427,0,0,0,"Other"
"GENE2756",0.732066350877192,2.81423315615282e-52,1.39664176484011e-51,2,0,1,"Microenvironment"
"GENE2757",0.140571789473683,0.000279490563687786,0.00046620611123901,2,0,1,"Microenvironment"
"GENE2758",0.0319347017543848,0.405505289097478,0.460605845307166,0,0,0,"Other"
"GENE2759",-0.131154210526317,0.000784822157251699,0.00126945142233756,1,1,0,"Plasma cells"
"GENE2760",0.000506771929823053,0.989083156534234,0.990569010049308,0,0,0,"Other"
"GENE2761",0.281174877192981,1.96573755388401e-13,4.41738776153709e-13,2,0,1,"Microenvironment"
"GENE2762",-0.451936701754387,9.25660256222927e-29,2.85918225860364e-28,1,1,0,"Plasma cells"
"GENE2763",0.00958094736841996,0.809028824137888,0.838806453227463,0,0,0,"Other"
"GENE2764",-1.11887712280702,2.04287297382225e-91,2.51430519855046e-90,1,1,0,"Plasma cells"
"GENE2765",-0.225728280701756,2.15730378428118e-09,4.41166418053411e-09,1,1,0,"Plasma cells"
"GENE2766",-0.118575192982457,0.0019638498486746,0.00309267692704662,1,1,0,"Plasma cells"
"GENE2767",0.167734070175438,1.31039971294073e-05,2.3578942203162e-05,2,0,1,"Microenvironment"
"GENE2768",0.39408792982456,2.1964610729487e-21,5.81074357922938e-21,2,0,1,"Microenvironment"
"GENE2769",-0.0429631228070188,0.293778530654492,0.343902289323374,0,0,0,"Other"
"GENE2770",-0.427153719298247,6.87159464141319e-23,1.88780072566296e-22,1,1,0,"Plasma cells"
"GENE2771",1.47105056140351,1.48285653812785e-120,4.09063872586992e-119,2,0,1,"Microenvironment"
"GENE2772",0.185701964912279,1.30625700926419e-06,2.43818387170171e-06,2,0,1,"Microenvironment"
"GENE2773",-0.0655153333333345,0.079283657044393,0.103774420215174,0,0,0,"Other"
"GENE2774",0.121349578947367,0.00218463459352235,0.00342285091033662,2,0,1,"Microenvironment"
"GENE2775",-0.56235459649123,3.77940154864896e-35,1.3354775790279e-34,1,1,0,"Plasma cells"
"GENE2776",-0.0565484912280714,0.150169764186728,0.186372651798608,0,0,0,"Other"
"GENE2777",-0.360072877192983,2.6506328746544e-18,6.60182534160497e-18,1,1,0,"Plasma cells"
"GENE2778",1.53622270175438,4.37628867857007e-128,1.48348768765087e-126,2,0,1,"Microenvironment"
"GENE2779",0.804094701754385,1.19356730458001e-62,7.33374687913987e-62,2,0,1,"Microenvironment"
"GENE2780",-0.0589974385964923,0.103733470431157,0.132949016893505,0,0,0,"Other"
"GENE2781",0.102547017543858,0.00267148059904868,0.0041530984827807,2,0,1,"Microenvironment"
"GENE2782",-0.226969719298247,1.36100972795685e-08,2.7125256162568e-08,1,1,0,"Plasma cells"
"GENE2783",-1.39248873684211,1.24993721281019e-108,2.56397376986705e-107,1,1,0,"Plasma cells"
"GENE2784",-1.13220522807018,4.63188977340258e-92,5.77182526280695e-91,1,1,0,"Plasma cells"
"GENE2785",-0.549355824561404,1.54545096237352e-39,5.9326332528734e-39,1,1,0,"Plasma cells"
"GENE2786",0.0105983508771917,0.794946710687085,0.826133240516587,0,0,0,"Other"
"GENE2787",-0.0661333684210539,0.109514544040997,0.139820675443341,0,0,0,"Other"
"GENE2788",-0.591376807017545,6.94406702215364e-42,2.78598476315091e-41,1,1,0,"Plasma cells"
"GENE2789",0.36110842105263,1.98176475157183e-18,4.94822659568496e-18,2,0,1,"Microenvironment"
"GENE2790",-0.0141442807017558,0.715821491159439,0.756282610839344,0,0,0,"Other"
"GENE2791",0.129275684210525,0.00109841930254314,0.00176028734381913,2,0,1,"Microenvironment"
"GENE2792",0.0260892982456127,0.485947068751866,0.540692148819879,0,0,0,"Other"
"GENE2793",0.871431649122805,4.36545767013782e-65,2.78942982117433e-64,2,0,1,"Microenvironment"
"GENE2794",-0.681425649122809,3.23762640261767e-48,1.46831129370416e-47,1,1,0,"Plasma cells"
"GENE2795",0.0269609824561391,0.476044324941504,0.531151269111859,0,0,0,"Other"
"GENE2796",-1.97747154385965,6.66952858282418e-151,4.23462132242805e-149,1,1,0,"Plasma cells"
"GENE2797",-0.315461824561405,4.80872320517644e-16,1.14493409647058e-15,1,1,0,"Plasma cells"
"GENE2798",0.195469614035086,3.17773960591348e-08,6.2677309781331e-08,2,0,1,"Microenvironment"
"GENE2799",-0.0202462105263172,0.588966549521795,0.637927483912044,0,0,0,"Other"
"GENE2800",-0.275454982456142,1.01459856389595e-12,2.24717289899435e-12,1,1,0,"Plasma cells"
"GENE2801",0.329841649122806,6.08528909100535e-16,1.44457901270157e-15,2,0,1,"Microenvironment"
"GENE2802",0.152520035087718,3.3934414706558e-05,5.94037894206704e-05,2,0,1,"Microenvironment"
"GENE2803",-0.0839073684210539,0.0235294799995085,0.0329891062033067,1,1,0,"Plasma cells"
"GENE2804",-0.0856352280701766,0.0296912756275411,0.0410242150294177,1,1,0,"Plasma cells"
"GENE2805",0.0290445263157881,0.441490955781827,0.497314509469814,0,0,0,"Other"
"GENE2806",0.0486436140350866,0.208505198012073,0.251817871995257,0,0,0,"Other"
"GENE2807",-0.718442526315791,4.73158793638619e-52,2.33083149575674e-51,1,1,0,"Plasma cells"
"GENE2808",-0.488320350877195,6.39600833734893e-34,2.20362044353107e-33,1,1,0,"Plasma cells"
"GENE2809",-0.120453263157896,0.00120461347214858,0.00192199995556215,1,1,0,"Plasma cells"
"GENE2810",0.0963262105263142,0.0186152648605756,0.026405061840382,2,0,1,"Microenvironment"
"GENE2811",-0.0295884210526329,0.455385985886558,0.511022910083609,0,0,0,"Other"
"GENE2812",0.000790280701752963,0.983706780452114,0.986172210979563,0,0,0,"Other"
"GENE2813",0.126469087719297,0.000846479055597941,0.00136583954110196,2,0,1,"Microenvironment"
"GENE2814",-0.0442142105263172,0.237972685786542,0.283638481271206,0,0,0,"Other"
"GENE2815",-0.0187878245614046,0.637619585826206,0.682858994191385,0,0,0,"Other"
"GENE2816",-0.335667929824562,2.74414294876269e-17,6.69303158234803e-17,1,1,0,"Plasma cells"
"GENE2817",0.0128053684210515,0.738453105579759,0.775889787843193,0,0,0,"Other"
"GENE2818",-0.487087122807019,3.28007990515513e-31,1.07192153763239e-30,1,1,0,"Plasma cells"
"GENE2819",0.0506870877192969,0.164103042150302,0.202533837889913,0,0,0,"Other"
"GENE2820",-0.158177473684212,2.44807733959495e-05,4.33096389136657e-05,1,1,0,"Plasma cells"
"GENE2821",-0.035543017543861,0.365138904412101,0.420182858932222,0,0,0,"Other"
"GENE2822",1.4418378245614,3.96782693619007e-118,1.01091132132231e-116,2,0,1,"Microenvironment"
"GENE2823",-0.0767812631578961,0.0444162777829921,0.0601439103358052,1,1,0,"Plasma cells"
"GENE2824",-0.0123256491228083,0.756632208821736,0.792700061625705,0,0,0,"Other"
"GENE2825",0.0514179649122791,0.141838117041629,0.176965835360735,0,0,0,"Other"
"GENE2826",-0.610223964912281,2.53694444104148e-42,1.0271030125674e-41,1,1,0,"Plasma cells"
"GENE2827",0.299154175438595,4.59778703035258e-15,1.06863150037248e-14,2,0,1,"Microenvironment"
"GENE2828",0.204028842105262,1.2857046358254e-07,2.48685616213811e-07,2,0,1,"Microenvironment"
"GENE2829",0.0487473684210512,0.186301955628786,0.227266795521544,0,0,0,"Other"
"GENE2830",0.56295894736842,1.06803020996722e-34,3.71812083539503e-34,2,0,1,"Microenvironment"
"GENE2831",0.0253506666666653,0.486547503570564,0.541209681391061,0,0,0,"Other"
"GENE2832",0.0490556842105251,0.192155343415519,0.233836742823875,0,0,0,"Other"
"GENE2833",-0.101927614035089,0.00422981825706565,0.00645035189792703,1,1,0,"Plasma cells"
"GENE2834",-0.0102930526315802,0.791957545450413,0.82366879402019,0,0,0,"Other"
"GENE2835",0.222592035087718,3.84060421210576e-08,7.55281064327584e-08,2,0,1,"Microenvironment"
"GENE2836",-0.11134207017544,0.00309730756451257,0.00478903372943575,1,1,0,"Plasma cells"
"GENE2837",0.571235754385964,6.11453843557963e-37,2.22751855576671e-36,2,0,1,"Microenvironment"
"GENE2838",-0.0101463157894749,0.790162264913699,0.822015360118283,0,0,0,"Other"
"GENE2839",0.829033999999999,2.96054365659646e-70,2.14532149028729e-69,2,0,1,"Microenvironment"
"GENE2840",-0.530341333333335,8.89384923185898e-31,2.88527144585855e-30,1,1,0,"Plasma cells"
"GENE2841",-0.25979056140351,2.65708171530681e-11,5.68663823500655e-11,1,1,0,"Plasma cells"
"GENE2842",-0.0055486666666679,0.881528383995309,0.899977931592965,0,0,0,"Other"
"GENE2843",-0.0330160350877208,0.41087001079732,0.466367776160408,0,0,0,"Other"
"GENE2844",-0.433977754385966,5.50651567400589e-25,1.57779818739424e-24,1,1,0,"Plasma cells"
"GENE2845",0.0365689473684199,0.337124381065975,0.390875346709958,0,0,0,"Other"
"GENE2846",-0.0070907017543871,0.838321156219146,0.864248614658914,0,0,0,"Other"
"GENE2847",-0.042346105263159,0.264508124116551,0.312103981258468,0,0,0,"Other"
"GENE2848",0.159499508771929,5.45571835473777e-05,9.42672717881257e-05,2,0,1,"Microenvironment"
"GENE2849",0.0452665614035077,0.233004918433172,0.278297901980498,0,0,0,"Other"
"GENE2850",-0.0772560701754398,0.0451689157076017,0.0610803457844513,1,1,0,"Plasma cells"
"GENE2851",-1.00224824561404,1.9114481788011e-80,1.7739658271936e-79,1,1,0,"Plasma cells"
"GENE2852",-0.0496600701754399,0.166347296453241,0.204924294983974,0,0,0,"Other"
"GENE2853",0.263673614035086,2.749949230651e-12,6.03721016608342e-12,2,0,1,"Microenvironment"
"GENE2854",0.0579755789473669,0.124905891382907,0.157609957580955,0,0,0,"Other"
"GENE2855",0.022743789473683,0.51318070304178,0.567050500598652,0,0,0,"Other"
"GENE2856",0.769656210526314,5.41196347141336e-59,3.0576064810245e-58,2,0,1,"Microenvironment"
"GENE2857",-0.0727397543859662,0.0453959227056534,0.0613369635005136,1,1,0,"Plasma cells"
"GENE2858",-0.231213473684211,3.32067763951656e-09,6.74934479576538e-09,1,1,0,"Plasma cells"
"GENE2859",-0.102559368421054,0.0085344384241497,0.012615577862749,1,1,0,"Plasma cells"
"GENE2860",-0.531877263157896,2.31136161369276e-34,8.0047155452563e-34,1,1,0,"Plasma cells"
"GENE2861",0.024910701754385,0.534400986782507,0.586931341880842,0,0,0,"Other"
"GENE2862",-0.160798982456142,3.65316523082904e-05,6.37550651104544e-05,1,1,0,"Plasma cells"
"GENE2863",-0.0938513333333348,0.00948715760731192,0.0139773961065369,1,1,0,"Plasma cells"
"GENE2864",0.087518385964911,0.0119633440373673,0.0174075577117021,2,0,1,"Microenvironment"
"GENE2865",-0.00413357894736953,0.915585570820378,0.928585771623102,0,0,0,"Other"
"GENE2866",0.0539160350877183,0.155397883893458,0.19244319986806,0,0,0,"Other"
"GENE2867",-1.23489052631579,1.06492818151076e-100,1.73159053904189e-99,1,1,0,"Plasma cells"
"GENE2868",0.0808965964912268,0.0314462129643925,0.0432845326419718,2,0,1,"Microenvironment"
"GENE2869",0.631805684210525,1.63415470341137e-46,7.14384569797319e-46,2,0,1,"Microenvironment"
"GENE2870",-0.098291017543861,0.00703038713355781,0.0104618856154134,1,1,0,"Plasma cells"
"GENE2871",-0.0605341754385979,0.106631254826734,0.136444343988143,0,0,0,"Other"
"GENE2872",0.0156163157894725,0.67950512264613,0.72307009592565,0,0,0,"Other"
"GENE2873",-0.0820421754385975,0.037177378557136,0.050736784110728,1,1,0,"Plasma cells"
"GENE2874",-0.145580771929826,7.94236771587829e-05,0.000136408204652268,1,1,0,"Plasma cells"
"GENE2875",0.01984943859649,0.608892485775917,0.656487855284007,0,0,0,"Other"
"GENE2876",-1.95785063157895,1.39870802575203e-152,9.1718559065707e-151,1,1,0,"Plasma cells"
"GENE2877",0.0693334385964895,0.0619802810700584,0.0823384670475701,0,0,0,"Other"
"GENE2878",-0.133112701754387,0.000637623866333945,0.00103720840395924,1,1,0,"Plasma cells"
"GENE2879",-0.208387157894738,4.26397921237807e-08,8.36894840506e-08,1,1,0,"Plasma cells"
"GENE2880",0.261414771929823,4.98223746510599e-11,1.06005052449064e-10,2,0,1,"Microenvironment"
"GENE2881",1.24564438596491,3.52587995659011e-97,5.16612447852031e-96,2,0,1,"Microenvironment"
"GENE2882",-0.0334436842105274,0.357555978228475,0.412643944868407,0,0,0,"Other"
"GENE2883",0.0328458245614023,0.38223848536902,0.436594500707048,0,0,0,"Other"
"GENE2884",0.0867709473684198,0.0210496537155354,0.029731149315728,2,0,1,"Microenvironment"
"GENE2885",0.178154210526314,5.1980417485615e-06,9.4854776433604e-06,2,0,1,"Microenvironment"
"GENE2886",-0.0898836842105275,0.0274121161918589,0.0380591686107031,1,1,0,"Plasma cells"
"GENE2887",0.414440491228069,3.78304785897613e-25,1.08864686589241e-24,2,0,1,"Microenvironment"
"GENE2888",-0.0358538245614049,0.351434725564566,0.406282919727822,0,0,0,"Other"
"GENE2889",-0.630008175438598,1.96206333992719e-47,8.70094607506516e-47,1,1,0,"Plasma cells"
"GENE2890",-0.0449077894736855,0.242686610386277,0.288654903819539,0,0,0,"Other"
"GENE2891",0.0766078947368409,0.0630043763105874,0.0836433804322435,0,0,0,"Other"
"GENE2892",-0.0319221754385979,0.389232292273825,0.443695972953918,0,0,0,"Other"
"GENE2893",0.629566736842104,1.92397223234065e-44,8.07543434350747e-44,2,0,1,"Microenvironment"
"GENE2894",-0.785207157894738,3.91325857590982e-65,2.50849908712168e-64,1,1,0,"Plasma cells"
"GENE2895",-0.39527656140351,9.80802717683515e-23,2.68713073337949e-22,1,1,0,"Plasma cells"
"GENE2896",1.15869557894737,1.6258570709255e-99,2.56040483610315e-98,2,0,1,"Microenvironment"
"GENE2897",0.0982795789473671,0.0155137162636301,0.0221941577448213,2,0,1,"Microenvironment"
"GENE2898",0.0627145263157881,0.124690572187882,0.157437591146315,0,0,0,"Other"
"GENE2899",0.0445259999999988,0.258177546607555,0.305354874757605,0,0,0,"Other"
"GENE2900",0.0472353333333323,0.213262923002687,0.256788588805162,0,0,0,"Other"
"GENE2901",0.112263578947367,0.00320811344876676,0.0049488830679009,2,0,1,"Microenvironment"
"GENE2902",-0.228421824561405,2.91038902065439e-09,5.92144256491228e-09,1,1,0,"Plasma cells"
"GENE2903",-0.903339649122809,3.01711928432166e-68,2.05946708827417e-67,1,1,0,"Plasma cells"
"GENE2904",-1.08222136842105,6.27276966318112e-83,6.40078537059298e-82,1,1,0,"Plasma cells"
"GENE2905",0.12745392982456,0.000513420450035267,0.000841328062327352,2,0,1,"Microenvironment"
"GENE2906",0.700268877192981,1.02133486508197e-55,5.39674961734199e-55,2,0,1,"Microenvironment"
"GENE2907",0.181882771929824,9.24287817967718e-07,1.73412348586814e-06,2,0,1,"Microenvironment"
"GENE2908",-0.232832526315791,2.37551308122531e-09,4.85046060485005e-09,1,1,0,"Plasma cells"
"GENE2909",1.46360259649123,1.5728083160129e-119,4.22230420406147e-118,2,0,1,"Microenvironment"
"GENE2910",-0.142416912280703,0.000254216507418356,0.000424578718026482,1,1,0,"Plasma cells"
"GENE2911",0.0446761754385955,0.237783335852951,0.283497270763579,0,0,0,"Other"
"GENE2912",-0.0523554385964923,0.168538050872778,0.207367641799788,0,0,0,"Other"
"GENE2913",-0.190214315789475,1.01534199905909e-06,1.9013895113466e-06,1,1,0,"Plasma cells"
"GENE2914",-0.0339614385964926,0.377976304580187,0.432714716176516,0,0,0,"Other"
"GENE2915",0.972081894736841,6.62929654397222e-82,6.46760638436314e-81,2,0,1,"Microenvironment"
"GENE2916",-0.00333014035087842,0.931716602182764,0.942317676038193,0,0,0,"Other"
"GENE2917",-0.0597767368421067,0.122807690645529,0.155354447369423,0,0,0,"Other"
"GENE2918",-0.153189754385966,2.64052495712524e-05,4.65701050639371e-05,1,1,0,"Plasma cells"
"GENE2919",-0.409000491228071,2.19694591934991e-22,5.96590881018306e-22,1,1,0,"Plasma cells"
"GENE2920",-0.449057789473685,7.51649789915652e-26,2.19459792676103e-25,1,1,0,"Plasma cells"
"GENE2921",-0.00663884210526433,0.85339335516026,0.876398824298085,0,0,0,"Other"
"GENE2922",-0.0275707719298258,0.434487761104617,0.490530918548819,0,0,0,"Other"
"GENE2923",0.140733824561402,0.000152160145002221,0.000257680177819171,2,0,1,"Microenvironment"
"GENE2924",0.00960680701754256,0.78831815467542,0.820310254605015,0,0,0,"Other"
"GENE2925",-0.0850148421052643,0.0331779823930351,0.0455585065472504,1,1,0,"Plasma cells"
"GENE2926",-0.559707964912282,8.41370966559133e-43,3.44119004727662e-42,1,1,0,"Plasma cells"
"GENE2927",-0.908820666666668,6.79061266373538e-70,4.8678226980182e-69,1,1,0,"Plasma cells"
"GENE2928",0.072570736842104,0.0603237928251035,0.080324624267781,0,0,0,"Other"
"GENE2929",0.0503462105263147,0.20264750976564,0.245633345170473,0,0,0,"Other"
"GENE2930",-0.0828277192982469,0.0358133770500009,0.0489420936795366,1,1,0,"Plasma cells"
"GENE2931",-0.116155894736843,0.00231850848675872,0.0036226695105605,1,1,0,"Plasma cells"
"GENE2932",-0.0510895087719311,0.194405183165037,0.236358885307036,0,0,0,"Other"
"GENE2933",0.0879110526315778,0.00855532681916898,0.0126417832569915,2,0,1,"Microenvironment"
"GENE2934",0.00552947368420897,0.884198846766269,0.901783627502569,0,0,0,"Other"
"GENE2935",0.0942596140350865,0.00456860944064805,0.00695109842624275,2,0,1,"Microenvironment"
"GENE2936",-0.105264877192984,0.00548673603691489,0.00826626898216932,1,1,0,"Plasma cells"
"GENE2937",1.86667670175438,2.12567396469342e-145,1.19756279701038e-143,2,0,1,"Microenvironment"
"GENE2938",-0.0735468771929837,0.0611124495909766,0.0813476866435628,0,0,0,"Other"
"GENE2939",0.024726280701753,0.494316757179992,0.54832696303937,0,0,0,"Other"
"GENE2940",-0.0223871228070186,0.552713494383738,0.603728557491795,0,0,0,"Other"
"GENE2941",-0.0768497894736855,0.046245337221562,0.0623883132837261,1,1,0,"Plasma cells"
"GENE2942",-0.12859505263158,0.00123705475241424,0.00197218772804184,1,1,0,"Plasma cells"
"GENE2943",-0.101330982456142,0.0125000825690996,0.0181291987949233,1,1,0,"Plasma cells"
"GENE2944",0.0983424561403496,0.0108633627044981,0.0158696687162509,2,0,1,"Microenvironment"
"GENE2945",0.168844350877192,2.98549516226974e-05,5.24044935849437e-05,2,0,1,"Microenvironment"
"GENE2946",-0.116619368421053,0.00317193513865614,0.00489496163372861,1,1,0,"Plasma cells"
"GENE2947",0.00545550877192874,0.884103346550333,0.901783627502569,0,0,0,"Other"
"GENE2948",-0.0786907368421066,0.0394237566273031,0.0536949269968444,1,1,0,"Plasma cells"
"GENE2949",-0.156410350877194,5.02554830038026e-05,8.69848256231978e-05,1,1,0,"Plasma cells"
"GENE2950",0.0997184561403497,0.00546928958597322,0.00824308905195662,2,0,1,"Microenvironment"
"GENE2951",-0.0665903508771941,0.0897697143158946,0.116508389767546,0,0,0,"Other"
"GENE2952",-0.0373655789473696,0.326185125851245,0.378954546443502,0,0,0,"Other"
"GENE2953",-0.0166650877192996,0.644730485733487,0.689366998913111,0,0,0,"Other"
"GENE2954",-0.0561661754385979,0.154416345499049,0.191286894393371,0,0,0,"Other"
"GENE2955",0.0407891578947356,0.278634060463084,0.327515792492605,0,0,0,"Other"
"GENE2956",0.0383066666666657,0.303048620809659,0.354028762628106,0,0,0,"Other"
"GENE2957",0.164883789473683,2.83477641208696e-05,4.98641409338076e-05,2,0,1,"Microenvironment"
"GENE2958",-0.797236315789475,2.52638519965868e-66,1.65123215663966e-65,1,1,0,"Plasma cells"
"GENE2959",0.434880807017542,4.60262987426683e-23,1.26794211412309e-22,2,0,1,"Microenvironment"
"GENE2960",-0.16082003508772,2.76166792515637e-05,4.86209141752882e-05,1,1,0,"Plasma cells"
"GENE2961",0.493472877192981,8.01977569398269e-32,2.64897628207521e-31,2,0,1,"Microenvironment"
"GENE2962",0.0411581403508761,0.281617690833436,0.33063421289514,0,0,0,"Other"
"GENE2963",-0.359163684210527,2.36546903617052e-17,5.78000986235924e-17,1,1,0,"Plasma cells"
"GENE2964",0.135266245614034,0.00013974624669677,0.000237461761591793,2,0,1,"Microenvironment"
"GENE2965",0.491738245614033,1.49051160114938e-29,4.67245016034289e-29,2,0,1,"Microenvironment"
"GENE2966",0.00888340350877076,0.825645126146106,0.853379975344812,0,0,0,"Other"
"GENE2967",-0.674600245614036,1.88510633318802e-47,8.36895153468601e-47,1,1,0,"Plasma cells"
"GENE2968",-0.38058154385965,7.67807356992837e-22,2.05158946424272e-21,1,1,0,"Plasma cells"
"GENE2969",-0.140825719298247,0.000198176177054282,0.000334051710163139,1,1,0,"Plasma cells"
"GENE2970",0.495572526315788,5.35475259170644e-32,1.77603734384957e-31,2,0,1,"Microenvironment"
"GENE2971",0.0908198947368407,0.018263408539306,0.0259334168219559,2,0,1,"Microenvironment"
"GENE2972",-0.0444990877192993,0.237764855427638,0.283497270763579,0,0,0,"Other"
"GENE2973",-0.00739835087719409,0.842002982224315,0.867820646456392,0,0,0,"Other"
"GENE2974",0.700013263157894,1.03436338554792e-48,4.75023368793534e-48,2,0,1,"Microenvironment"
"GENE2975",-0.654103614035089,2.74667065352013e-48,1.24990700956547e-47,1,1,0,"Plasma cells"
"GENE2976",0.0873061052631562,0.0192217235136397,0.0272358817054761,2,0,1,"Microenvironment"
"GENE2977",-0.273629122807018,3.97466002761186e-12,8.69253149833102e-12,1,1,0,"Plasma cells"
"GENE2978",-1.38533957894737,1.5090247541398e-108,3.04853485684807e-107,1,1,0,"Plasma cells"
"GENE2979",-0.464723087719299,4.96900674757626e-30,1.58374717054223e-29,1,1,0,"Plasma cells"
"GENE2980",0.19965396491228,4.67359202986971e-08,9.16840025477138e-08,2,0,1,"Microenvironment"
"GENE2981",0.157304280701753,0.000138036989546486,0.000234756784943004,2,0,1,"Microenvironment"
"GENE2982",1.06975557894737,4.02092616673251e-86,4.43077263551791e-85,2,0,1,"Microenvironment"
"GENE2983",-0.320533298245615,1.33323719279522e-15,3.13702868892993e-15,1,1,0,"Plasma cells"
"GENE2984",-0.692373684210527,8.75180159959809e-53,4.40896806025092e-52,1,1,0,"Plasma cells"
"GENE2985",0.0861002807017532,0.0248719045758796,0.0347737218816912,2,0,1,"Microenvironment"
"GENE2986",0.657127298245614,1.11948211509537e-45,4.8201598066539e-45,2,0,1,"Microenvironment"
"GENE2987",-1.00933568421053,1.18590374504986e-77,1.03122064786945e-76,1,1,0,"Plasma cells"
"GENE2988",-0.838768280701754,9.56393743420567e-69,6.67639611462874e-68,1,1,0,"Plasma cells"
"GENE2989",0.633429719298244,2.36960135540926e-51,1.14197655682374e-50,2,0,1,"Microenvironment"
"GENE2990",-0.102100315789475,0.00711916523471759,0.0105821854102082,1,1,0,"Plasma cells"
"GENE2991",0.0339854035087704,0.382218567419087,0.436594500707048,0,0,0,"Other"
"GENE2992",-0.167463824561405,3.70830648394305e-05,6.46891667499878e-05,1,1,0,"Plasma cells"
"GENE2993",0.659152526315788,2.51782544015039e-48,1.14707309346259e-47,2,0,1,"Microenvironment"
"GENE2994",-0.0624860350877205,0.106461587297017,0.136270831740182,0,0,0,"Other"
"GENE2995",0.169068982456139,1.91161166296828e-05,3.40750742062082e-05,2,0,1,"Microenvironment"
"GENE2996",-0.244150771929826,9.45866335626373e-10,1.95629024948578e-09,1,1,0,"Plasma cells"
"GENE2997",0.872266315789472,4.13671562922437e-70,2.97605440951393e-69,2,0,1,"Microenvironment"
"GENE2998",-0.165322245614037,2.34978148033399e-05,4.16627922045034e-05,1,1,0,"Plasma cells"
"GENE2999",0.430071508771929,2.06801645152551e-26,6.08297955289479e-26,2,0,1,"Microenvironment"
"GENE3000",0.10772340350877,0.00383444706335637,0.00588330964841791,2,0,1,"Microenvironment"
"GENE3001",-1.83956919298246,2.40553382155581e-140,1.17343113246625e-138,1,1,0,"Plasma cells"
"GENE3002",0.159400736842104,4.16477366290749e-05,7.24623516817311e-05,2,0,1,"Microenvironment"
"GENE3003",0.581308982456139,1.37067952682671e-38,5.12403561430544e-38,2,0,1,"Microenvironment"
"GENE3004",1.22857024561403,2.76876259527808e-100,4.41237066976586e-99,2,0,1,"Microenvironment"
"GENE3005",-0.0896383157894749,0.012676039845642,0.0183710722400608,1,1,0,"Plasma cells"
"GENE3006",-0.0376936491228084,0.330717729992615,0.383997364287506,0,0,0,"Other"
"GENE3007",-0.0472549824561414,0.197470148980036,0.239648239053442,0,0,0,"Other"
"GENE3008",0.439293543859648,1.8284726936699e-29,5.71844470264236e-29,2,0,1,"Microenvironment"
"GENE3009",-0.0194307368421065,0.627020103130829,0.673129471960096,0,0,0,"Other"
"GENE3010",0.0388230526315776,0.318133874465377,0.3702459987959,0,0,0,"Other"
"GENE3011",0.0182900701754372,0.619151787868288,0.665754610611062,0,0,0,"Other"
"GENE3012",0.0557261754385951,0.148324026748749,0.184367963640459,0,0,0,"Other"
"GENE3013",-0.167178421052633,5.19609325685564e-06,9.4854776433604e-06,1,1,0,"Plasma cells"
"GENE3014",0.0165011929824546,0.641214960794294,0.685791401919032,0,0,0,"Other"
"GENE3015",0.0719829824561392,0.0570605017630821,0.076258605764226,0,0,0,"Other"
"GENE3016",-0.12503705263158,0.000443974588575893,0.000731725733128789,1,1,0,"Plasma cells"
"GENE3017",0.207208807017543,5.49282097557209e-08,1.07491604218632e-07,2,0,1,"Microenvironment"
"GENE3018",0.211371684210525,1.68355326278599e-07,3.23604663678231e-07,2,0,1,"Microenvironment"
"GENE3019",-0.295622175438598,1.57656795191812e-12,3.47836282828046e-12,1,1,0,"Plasma cells"
"GENE3020",1.25838263157895,7.90014195742625e-101,1.28981909509e-99,2,0,1,"Microenvironment"
"GENE3021",0.421876105263156,4.37524512399169e-24,1.22813898217311e-23,2,0,1,"Microenvironment"
"GENE3022",-0.0300780350877203,0.469513160038957,0.524888943587431,0,0,0,"Other"
"GENE3023",-0.303115789473686,2.37119016762765e-13,5.31359141205076e-13,1,1,0,"Plasma cells"
"GENE3024",0.10072845614035,0.0072835049210745,0.0108184254304857,2,0,1,"Microenvironment"
"GENE3025",0.0284287017543849,0.441184259848495,0.497314509469814,0,0,0,"Other"
"GENE3026",0.0152419298245606,0.689128391926105,0.731364703556492,0,0,0,"Other"
"GENE3027",0.800097543859648,1.18828716895838e-64,7.50892365850474e-64,2,0,1,"Microenvironment"
"GENE3028",0.819403122807016,1.23554046258079e-62,7.58000283791893e-62,2,0,1,"Microenvironment"
"GENE3029",-0.161813929824563,2.75226422553331e-05,4.84980480270187e-05,1,1,0,"Plasma cells"
"GENE3030",1.17738540350877,2.59385438273946e-91,3.15362234983521e-90,2,0,1,"Microenvironment"
"GENE3031",-0.0829715438596506,0.0264847276371474,0.0368611379779365,1,1,0,"Plasma cells"
"GENE3032",0.135661333333332,0.00109383093701973,0.00175363677277712,2,0,1,"Microenvironment"
"GENE3033",-0.048600807017545,0.216829187848832,0.260595490200451,0,0,0,"Other"
"GENE3034",-0.00628978947368557,0.863448481891576,0.884454270823638,0,0,0,"Other"
"GENE3035",-0.0519531929824572,0.170130689785941,0.20900576140779,0,0,0,"Other"
"GENE3036",0.0887050877192969,0.0220147946088611,0.0310067529702269,2,0,1,"Microenvironment"
"GENE3037",-0.274335789473686,1.74247137529342e-12,3.83804267685776e-12,1,1,0,"Plasma cells"
"GENE3038",0.127716982456139,0.00108504275587761,0.00174024499739794,2,0,1,"Microenvironment"
"GENE3039",0.0438489473684195,0.251707342332903,0.298496700068666,0,0,0,"Other"
"GENE3040",-0.294649438596492,5.16834388483938e-15,1.19915171341981e-14,1,1,0,"Plasma cells"
"GENE3041",-0.700593543859651,1.86229521825983e-52,9.28825545266747e-52,1,1,0,"Plasma cells"
"GENE3042",-0.523735789473686,6.06720992548941e-37,2.21229167748019e-36,1,1,0,"Plasma cells"
"GENE3043",0.454320561403507,7.70910454023041e-28,2.34319286937094e-27,2,0,1,"Microenvironment"
"GENE3044",-0.381287368421054,8.22123495703701e-20,2.09859220345552e-19,1,1,0,"Plasma cells"
"GENE3045",-0.00931747368421172,0.810456039459198,0.839631868075356,0,0,0,"Other"
"GENE3046",-0.0458421403508784,0.218916855053086,0.262805348202984,0,0,0,"Other"
"GENE3047",-2.1671929122807,5.35827218194747e-170,1.4992293346877e-167,1,1,0,"Plasma cells"
"GENE3048",0.173323263157894,4.11844771274616e-06,7.55678479402966e-06,2,0,1,"Microenvironment"
"GENE3049",0.261984631578946,9.38125300724595e-12,2.02618855448077e-11,2,0,1,"Microenvironment"
"GENE3050",0.0747925964912268,0.0612504204075183,0.0815042187724794,0,0,0,"Other"
"GENE3051",-0.558801894736844,6.27360970717925e-42,2.51952197075472e-41,1,1,0,"Plasma cells"
"GENE3052",-0.0374183859649136,0.307049743387509,0.358233034595158,0,0,0,"Other"
"GENE3053",-0.286743403508773,6.33246267361608e-14,1.4383788015028e-13,1,1,0,"Plasma cells"
"GENE3054",-0.339882982456142,6.07643133576508e-18,1.50128013236938e-17,1,1,0,"Plasma cells"
"GENE3055",0.0465072631578932,0.211990418853737,0.255564097472859,0,0,0,"Other"
"GENE3056",0.0768930526315775,0.043835229503597,0.0593973299506734,2,0,1,"Microenvironment"
"GENE3057",-0.125995964912282,0.00141812122688532,0.00225277399028645,1,1,0,"Plasma cells"
"GENE3058",-0.00707228070175569,0.847149124469357,0.870880621402577,0,0,0,"Other"
"GENE3059",0.0155694035087706,0.676453153188117,0.720397394236546,0,0,0,"Other"
"GENE3060",-0.262782877192984,5.63226564048014e-12,1.22841126291824e-11,1,1,0,"Plasma cells"
"GENE3061",-0.218503649122808,7.24945869508749e-09,1.45644574486941e-08,1,1,0,"Plasma cells"
"GENE3062",0.226289087719297,4.96068357273501e-09,1.00317160217088e-08,2,0,1,"Microenvironment"
"GENE3063",0.551099473684209,1.4290300245631e-33,4.88975200877024e-33,2,0,1,"Microenvironment"
"GENE3064",0.10361645614035,0.0090382966252937,0.0133357382888878,2,0,1,"Microenvironment"
"GENE3065",0.0209525614035077,0.607122751814666,0.65510952448305,0,0,0,"Other"
"GENE3066",-0.253777368421054,2.6943540577268e-10,5.63377743382499e-10,1,1,0,"Plasma cells"
"GENE3067",-0.00518610526315937,0.888910805783004,0.905896362581405,0,0,0,"Other"
"GENE3068",1.06858828070175,5.86726816276598e-92,7.2885318792124e-91,2,0,1,"Microenvironment"
"GENE3069",0.271784315789472,6.2755501295885e-12,1.36722225045501e-11,2,0,1,"Microenvironment"
"GENE3070",-0.956855263157895,1.39475876413386e-76,1.18702873543308e-75,1,1,0,"Plasma cells"
"GENE3071",0.11382792982456,0.00692456368307248,0.0103159235502011,2,0,1,"Microenvironment"
"GENE3072",0.382157543859648,3.63171409988459e-20,9.36612275921235e-20,2,0,1,"Microenvironment"
"GENE3073",-0.204595614035089,2.73520155144533e-07,5.21487426395678e-07,1,1,0,"Plasma cells"
"GENE3074",-0.0392260701754398,0.281268402122227,0.330321082938611,0,0,0,"Other"
"GENE3075",-0.0832626315789484,0.0296504716622649,0.0409819926223426,1,1,0,"Plasma cells"
"GENE3076",0.031575543859648,0.426919439688167,0.482940542633673,0,0,0,"Other"
"GENE3077",-0.164395122807019,1.05363464173089e-05,1.90015264514138e-05,1,1,0,"Plasma cells"
"GENE3078",0.447249473684209,6.58437366018369e-25,1.88259432742922e-24,2,0,1,"Microenvironment"
"GENE3079",-0.106634456140352,0.00605943742968549,0.00907441022790788,1,1,0,"Plasma cells"
"GENE3080",0.0867584912280689,0.0285891274164797,0.0395834232142328,2,0,1,"Microenvironment"
"GENE3081",-0.851615263157897,2.34905441375722e-67,1.56083349751311e-66,1,1,0,"Plasma cells"
"GENE3082",-0.0719449473684221,0.0356674138563235,0.0487592807331832,1,1,0,"Plasma cells"
"GENE3083",0.547169578947368,5.24681972781084e-37,1.91664647591263e-36,2,0,1,"Microenvironment"
"GENE3084",0.334596140350876,4.72514374784498e-17,1.14827308574605e-16,2,0,1,"Microenvironment"
"GENE3085",0.190795684210525,2.37233486846996e-07,4.53384590247485e-07,2,0,1,"Microenvironment"
"GENE3086",0.0106653684210516,0.785550203412674,0.817642678545589,0,0,0,"Other"
"GENE3087",0.0430637543859636,0.254468374941163,0.301681535199956,0,0,0,"Other"
"GENE3088",0.0342147017543846,0.366296943366031,0.421151990073045,0,0,0,"Other"
"GENE3089",0.43240996491228,5.5224191680637e-24,1.54689612550804e-23,2,0,1,"Microenvironment"
"GENE3090",-0.345747017543861,5.84744656908131e-18,1.44559865737486e-17,1,1,0,"Plasma cells"
"GENE3091",-0.0772964210526326,0.0378128422683433,0.0515688268235162,1,1,0,"Plasma cells"
"GENE3092",-0.395438385964914,4.24354792646022e-22,1.14381345726691e-21,1,1,0,"Plasma cells"
"GENE3093",0.254250807017542,6.37922577395079e-12,1.3875423108104e-11,2,0,1,"Microenvironment"
"GENE3094",0.181186175438595,4.59051609546068e-06,8.40369079260536e-06,2,0,1,"Microenvironment"
"GENE3095",0.0457168070175427,0.240265055504107,0.286029827981079,0,0,0,"Other"
"GENE3096",-1.08468056140351,2.22176841272093e-90,2.67682941291679e-89,1,1,0,"Plasma cells"
"GENE3097",0.0332438947368409,0.374161581546265,0.429330558286019,0,0,0,"Other"
"GENE3098",0.0193516140350863,0.601042993826419,0.649249790792783,0,0,0,"Other"
"GENE3099",-0.103712912280703,0.0111277685747753,0.0162330686721741,1,1,0,"Plasma cells"
"GENE3100",0.162076771929823,3.00526518969086e-05,5.27239506963308e-05,2,0,1,"Microenvironment"
"GENE3101",0.423804315789472,9.15069180307521e-27,2.72342017948667e-26,2,0,1,"Microenvironment"
"GENE3102",-0.0552420000000012,0.165123179234659,0.203667196095786,0,0,0,"Other"
"GENE3103",0.0775790526315777,0.048623664104339,0.0654423473813445,2,0,1,"Microenvironment"
"GENE3104",1.10435550877193,2.02243995905688e-84,2.12717187555043e-83,2,0,1,"Microenvironment"
"GENE3105",-1.21902375438597,3.54804091257825e-97,5.17962177018723e-96,1,1,0,"Plasma cells"
"GENE3106",2.24210526301189e-05,0.999502775901078,0.999502775901078,0,0,0,"Other"
"GENE3107",0.000143684210524956,0.996957890348331,0.997706169975813,0,0,0,"Other"
"GENE3108",-0.189497298245615,6.25848732988177e-07,1.17973370968554e-06,1,1,0,"Plasma cells"
"GENE3109",-0.0690900350877204,0.0704932159249913,0.0929989656002524,0,0,0,"Other"
"GENE3110",0.198507508771929,5.91923135494709e-07,1.11789071859246e-06,2,0,1,"Microenvironment"
"GENE3111",0.113246561403507,0.0037154821951423,0.00571392878914618,2,0,1,"Microenvironment"
"GENE3112",0.338813368421051,8.42926808712017e-17,2.03114893665546e-16,2,0,1,"Microenvironment"
"GENE3113",0.0458896842105251,0.225352175920098,0.269802066351509,0,0,0,"Other"
"GENE3114",-0.100444491228072,0.00900405530840295,0.0132901185363881,1,1,0,"Plasma cells"
"GENE3115",-2.03838621052632,2.18411240386469e-155,1.61786103989977e-153,1,1,0,"Plasma cells"
"GENE3116",-0.198048912280703,8.16635851898503e-07,1.5364738511731e-06,1,1,0,"Plasma cells"
"GENE3117",0.432451894736841,1.37244227376757e-23,3.81764192981244e-23,2,0,1,"Microenvironment"
"GENE3118",-0.65658154385965,1.46250172774249e-50,6.89046750408711e-50,1,1,0,"Plasma cells"
"GENE3119",-0.070497017543861,0.0667343203100503,0.0882145674951095,0,0,0,"Other"
"GENE3120",-0.107967614035089,0.00251028637602233,0.00390858135620448,1,1,0,"Plasma cells"
"GENE3121",-0.220673789473685,4.6327037134501e-09,9.39220215600628e-09,1,1,0,"Plasma cells"
"GENE3122",-0.00998754385965035,0.796085912698044,0.827102246959006,0,0,0,"Other"
"GENE3123",0.0149441052631569,0.697805459282475,0.738809379864982,0,0,0,"Other"
"GENE3124",2.26680614035087,8.7545770474061e-162,1.00052309113213e-159,2,0,1,"Microenvironment"
"GENE3125",-0.124158807017545,0.00103280589690018,0.00165779437704683,1,1,0,"Plasma cells"
"GENE3126",0.22756543859649,3.48955000623621e-09,7.08897918991612e-09,2,0,1,"Microenvironment"
"GENE3127",1.23281456140351,6.61647298004361e-100,1.05023380635613e-98,2,0,1,"Microenvironment"
"GENE3128",-0.182891228070177,7.09767053364759e-07,1.33729072701792e-06,1,1,0,"Plasma cells"
"GENE3129",-0.868582140350878,9.4677928731252e-70,6.73864261432398e-69,1,1,0,"Plasma cells"
"GENE3130",-0.958179438596493,2.1325040766e-76,1.80720684457628e-75,1,1,0,"Plasma cells"
"GENE3131",-0.0166078245614049,0.674524870385529,0.718726553420915,0,0,0,"Other"
"GENE3132",-0.142721333333335,0.000105792267469892,0.000180609931660081,1,1,0,"Plasma cells"
"GENE3133",-0.0710362105263173,0.0613153916246656,0.0815364250328001,0,0,0,"Other"
"GENE3134",-0.0741458596491242,0.030916639492038,0.0426142515396802,1,1,0,"Plasma cells"
"GENE3135",-0.0725247368421066,0.0535743888892082,0.0717434066142727,0,0,0,"Other"
"GENE3136",-1.48592435087719,5.18062720998099e-118,1.31155119240025e-116,1,1,0,"Plasma cells"
"GENE3137",0.157298070175437,6.34378106864187e-05,0.000109517152674007,2,0,1,"Microenvironment"
"GENE3138",0.0037819649122799,0.921612874486806,0.934224910782368,0,0,0,"Other"
"GENE3139",0.10820996491228,0.00417580942402775,0.00637284917821863,2,0,1,"Microenvironment"
"GENE3140",-0.222235298245615,5.02169602125159e-09,1.01499666927773e-08,1,1,0,"Plasma cells"
"GENE3141",1.13861024561403,9.03324681759669e-91,1.09163103535912e-89,2,0,1,"Microenvironment"
"GENE3142",-2.11171877192983,1.30730528528172e-159,1.24505265264926e-157,1,1,0,"Plasma cells"
"GENE3143",0.321205789473683,7.00588870783477e-17,1.69428989306766e-16,2,0,1,"Microenvironment"
"GENE3144",-0.426407719298247,1.99699934620753e-25,5.77167441100443e-25,1,1,0,"Plasma cells"
"GENE3145",0.0922526666666654,0.0131183469773625,0.0189503026036295,2,0,1,"Microenvironment"
"GENE3146",-0.0489342105263174,0.211155914417621,0.254788433686421,0,0,0,"Other"
"GENE3147",0.11105743859649,0.00286907328637971,0.0044447301105805,2,0,1,"Microenvironment"
"GENE3148",0.0675809824561389,0.0688643108656725,0.09093999454034,0,0,0,"Other"
"GENE3149",-0.130500491228072,0.000619311844719752,0.00100824069144445,1,1,0,"Plasma cells"
"GENE3150",0.022166140350876,0.521334636652384,0.574471406140395,0,0,0,"Other"
"GENE3151",0.147672526315788,2.84888260327706e-05,5.00902435741022e-05,2,0,1,"Microenvironment"
"GENE3152",-0.0304670526315801,0.429253333167917,0.485443407597305,0,0,0,"Other"
"GENE3153",-0.144947298245615,0.000214517984759129,0.000360837653085163,1,1,0,"Plasma cells"
"GENE3154",-0.0309098596491241,0.444200691250234,0.499944503376741,0,0,0,"Other"
"GENE3155",-0.0756735087719309,0.0453433132726129,0.0612954555898788,1,1,0,"Plasma cells"
"GENE3156",0.379606350877192,5.35846694904762e-21,1.4027400390177e-20,2,0,1,"Microenvironment"
"GENE3157",0.0668817894736829,0.0853254911546384,0.111209502971181,0,0,0,"Other"
"GENE3158",-0.0285852631578958,0.439841747053772,0.496015502738959,0,0,0,"Other"
"GENE3159",0.53690943859649,6.98009251385734e-38,2.5756798944123e-37,2,0,1,"Microenvironment"
"GENE3160",-0.0957453684210544,0.00981879338160453,0.0144287926254291,1,1,0,"Plasma cells"
"GENE3161",-0.00783161403508882,0.835054944242722,0.861325367965675,0,0,0,"Other"
"GENE3162",-0.0329152982456153,0.40447451604502,0.459630131869341,0,0,0,"Other"
"GENE3163",-0.430988210526317,1.05134451913023e-23,2.92649831351492e-23,1,1,0,"Plasma cells"
"GENE3164",2.18275368421052,3.96146836748864e-169,8.80326303886364e-167,2,0,1,"Microenvironment"
"GENE3165",-0.128382245614036,0.000609130110425173,0.000992068583754353,1,1,0,"Plasma cells"
"GENE3166",0.135606280701753,0.000507640947014914,0.000832539478499245,2,0,1,"Microenvironment"
"GENE3167",0.0335466315789462,0.409545530711333,0.464996344832624,0,0,0,"Other"
"GENE3168",-0.043381403508773,0.269735092148913,0.317848017731198,0,0,0,"Other"
"GENE3169",0.319801192982455,6.21043042638653e-16,1.4734117263076e-15,2,0,1,"Microenvironment"
"GENE3170",-0.0102980701754395,0.781698434813242,0.81426920293046,0,0,0,"Other"
"GENE3171",0.111008175438595,0.00496945432549283,0.00754376368196255,2,0,1,"Microenvironment"
"GENE3172",0.0621750175438583,0.0953999854307525,0.123136476838661,0,0,0,"Other"
"GENE3173",0.255421403508771,2.10849662661551e-10,4.4203283576845e-10,2,0,1,"Microenvironment"
"GENE3174",-0.433694912280703,6.41531880749387e-24,1.79324075681171e-23,1,1,0,"Plasma cells"
"GENE3175",-0.00283038596491366,0.943084205645837,0.952850927654294,0,0,0,"Other"
"GENE3176",0.114735192982455,0.00209046909034944,0.00328431907360477,2,0,1,"Microenvironment"
"GENE3177",0.150484736842104,9.104166687024e-05,0.000155893265188767,2,0,1,"Microenvironment"
"GENE3178",0.0169098245614022,0.650112567418365,0.694564708780304,0,0,0,"Other"
"GENE3179",-0.0225980701754401,0.53736781185836,0.589882657281035,0,0,0,"Other"
"GENE3180",0.0490669473684196,0.201218241613586,0.244122828769895,0,0,0,"Other"
"GENE3181",0.0785623859649109,0.0234029049811896,0.0328231486412196,2,0,1,"Microenvironment"
"GENE3182",-0.136499192982458,0.000457590838338888,0.000752926101750535,1,1,0,"Plasma cells"
"GENE3183",0.0714174385964901,0.0624775720900563,0.0829715432802872,0,0,0,"Other"
"GENE3184",-0.0497119298245628,0.204392117469015,0.247373213275661,0,0,0,"Other"
"GENE3185",0.841829684210525,6.42980712073798e-65,4.10195031626028e-64,2,0,1,"Microenvironment"
"GENE3186",0.0168542456140341,0.640233008901189,0.685445394803207,0,0,0,"Other"
"GENE3187",0.282609052631578,2.17292218532618e-14,4.97805769834177e-14,2,0,1,"Microenvironment"
"GENE3188",-0.104096631578948,0.00416508371409624,0.00635989873991805,1,1,0,"Plasma cells"
"GENE3189",0.0615002807017531,0.0856756945220105,0.111629569409786,0,0,0,"Other"
"GENE3190",0.113283964912279,0.00416573367464632,0.00635989873991805,2,0,1,"Microenvironment"
"GENE3191",-0.040443614035089,0.299039233097426,0.34965125179471,0,0,0,"Other"
"GENE3192",0.624008140350876,1.61633360132638e-45,6.92961886956648e-45,2,0,1,"Microenvironment"
"GENE3193",1.29988754385965,1.37754506516596e-110,2.99466318514339e-109,2,0,1,"Microenvironment"
"GENE3194",-0.0236860350877207,0.551990444011096,0.60326824482087,0,0,0,"Other"
"GENE3195",-0.914808210526317,2.48217091574595e-72,1.8662939216135e-71,1,1,0,"Plasma cells"
"GENE3196",-0.311720596491229,7.05167840108759e-14,1.59992703371244e-13,1,1,0,"Plasma cells"
"GENE3197",0.169800526315788,2.5153085894246e-05,4.44204607403903e-05,2,0,1,"Microenvironment"
"GENE3198",0.0633220701754372,0.0933432851769524,0.120754573320766,0,0,0,"Other"
"GENE3199",0.105500280701753,0.00429739716565677,0.00655091031350118,2,0,1,"Microenvironment"
"GENE3200",-0.359210982456142,6.91390343790607e-21,1.80519672007991e-20,1,1,0,"Plasma cells"
"GENE3201",-0.0317102105263169,0.377134800307439,0.432246189464114,0,0,0,"Other"
"GENE3202",-0.592947754385966,3.17639571635205e-42,1.28339220862709e-41,1,1,0,"Plasma cells"
"GENE3203",0.036174140350876,0.320046778262231,0.372255630430044,0,0,0,"Other"
"GENE3204",-0.108020631578949,0.00534078840208837,0.00806765619650811,1,1,0,"Plasma cells"
"GENE3205",-0.141206456140352,0.000199805878484436,0.000336656914042858,1,1,0,"Plasma cells"
"GENE3206",-0.0675090526315801,0.0635014009624968,0.0842752501161206,0,0,0,"Other"
"GENE3207",-0.06168407017544,0.110506471623726,0.14099709298083,0,0,0,"Other"
"GENE3208",0.484439859649121,9.963921497909e-29,3.07528441293488e-28,2,0,1,"Microenvironment"
"GENE3209",0.306576701754385,1.84878110840611e-14,4.24032364313328e-14,2,0,1,"Microenvironment"
"GENE3210",0.33506347368421,1.59447218678765e-17,3.908020065656e-17,2,0,1,"Microenvironment"
"GENE3211",0.0397364561403497,0.30818853145302,0.359347034626354,0,0,0,"Other"
"GENE3212",0.0420921754385953,0.283430320533083,0.332664695461365,0,0,0,"Other"
"GENE3213",-0.0484996140350891,0.19321222501485,0.23497990272405,0,0,0,"Other"
"GENE3214",0.0204523157894727,0.570296017130278,0.620224053431515,0,0,0,"Other"
"GENE3215",-0.24802557894737,2.91413051625135e-11,6.23343425936117e-11,1,1,0,"Plasma cells"
"GENE3216",-0.050707473684212,0.160155243998518,0.197905769537866,0,0,0,"Other"
"GENE3217",0.0221560350877181,0.525978191294404,0.579271135786789,0,0,0,"Other"
"GENE3218",-0.0494468421052645,0.218441277000922,0.262313151607232,0,0,0,"Other"
"GENE3219",0.0927297543859635,0.0164753562924837,0.0234942692227931,2,0,1,"Microenvironment"
"GENE3220",0.0993595087719284,0.0128567282646996,0.0185925209901658,2,0,1,"Microenvironment"
"GENE3221",1.07015136842105,2.02613121146179e-84,2.12717187555043e-83,2,0,1,"Microenvironment"
"GENE3222",0.0412466666666652,0.266952882054101,0.314802926950591,0,0,0,"Other"
"GENE3223",0.0531855789473673,0.195911434447639,0.237973197021122,0,0,0,"Other"
"GENE3224",-0.497043473684212,7.89180679915763e-32,2.60886175178765e-31,1,1,0,"Plasma cells"
"GENE3225",0.211305192982455,4.71595936338167e-08,9.2424485318602e-08,2,0,1,"Microenvironment"
"GENE3226",-0.217383824561405,1.25929645917643e-08,2.51231213800785e-08,1,1,0,"Plasma cells"
"GENE3227",0.32454143859649,6.00787994597566e-15,1.39232443707431e-14,2,0,1,"Microenvironment"
"GENE3228",0.00450133333333214,0.908254355682046,0.922217265115386,0,0,0,"Other"
"GENE3229",-0.0886204210526327,0.0187621343536065,0.0266035226566558,1,1,0,"Plasma cells"
"GENE3230",-0.269184456140352,9.17411720087928e-11,1.93751155245603e-10,1,1,0,"Plasma cells"
"GENE3231",0.271457368421051,6.55354775117401e-12,1.42468429373348e-11,2,0,1,"Microenvironment"
"GENE3232",0.878649087719297,1.06100701009614e-68,7.38091833110361e-68,2,0,1,"Microenvironment"
"GENE3233",-0.0267608771929837,0.460542922922948,0.51615906183575,0,0,0,"Other"
"GENE3234",0.000581333333332172,0.987715423834438,0.989446956007451,0,0,0,"Other"
"GENE3235",-0.12673905263158,0.00100849551628311,0.00162137542810789,1,1,0,"Plasma cells"
"GENE3236",-0.0330432280701764,0.378525899584741,0.433095994948217,0,0,0,"Other"
"GENE3237",-0.058654350877194,0.0862904485934233,0.112320792181482,0,0,0,"Other"
"GENE3238",-0.0239460000000013,0.533852848503837,0.586490358147582,0,0,0,"Other"
"GENE3239",-0.0701848070175452,0.0743198815266651,0.0975006645151395,0,0,0,"Other"
"GENE3240",0.0544164561403494,0.168096127471404,0.206887541503266,0,0,0,"Other"
"GENE3241",-0.243206350877194,1.87618432730211e-09,3.85253455298174e-09,1,1,0,"Plasma cells"
"GENE3242",0.0139515438596476,0.718023656471384,0.758008610685019,0,0,0,"Other"
"GENE3243",-1.13535214035088,1.15210273428155e-89,1.35144015751501e-88,1,1,0,"Plasma cells"
"GENE3244",-0.0840135789473699,0.0261055943873556,0.0363714307033864,1,1,0,"Plasma cells"
"GENE3245",-0.0026998245614048,0.941500502508202,0.951731617395201,0,0,0,"Other"
"GENE3246",0.257389473684209,8.00245774919694e-11,1.69274621876191e-10,2,0,1,"Microenvironment"
"GENE3247",-0.269555578947369,4.31296704707896e-11,9.19609178481655e-11,1,1,0,"Plasma cells"
"GENE3248",0.0661597894736829,0.0823471338936585,0.107432660004773,0,0,0,"Other"
"GENE3249",0.446008982456138,1.23793420295186e-27,3.74564055356083e-27,2,0,1,"Microenvironment"
"GENE3250",0.884148877192981,2.19084900651261e-67,1.46056600434174e-66,2,0,1,"Microenvironment"
"GENE3251",0.149790245614034,0.000103491257853451,0.000176757058673699,2,0,1,"Microenvironment"
"GENE3252",0.157391122807016,0.000106189186266356,0.000181210215471598,2,0,1,"Microenvironment"
"GENE3253",0.0743598596491215,0.0643288378923205,0.0852884824558443,0,0,0,"Other"
"GENE3254",-0.0872311228070189,0.0273049358670343,0.0379235220375476,1,1,0,"Plasma cells"
"GENE3255",0.947516140350875,2.88315840347887e-78,2.54022766826332e-77,2,0,1,"Microenvironment"
"GENE3256",-0.00449936842105413,0.904247028767777,0.919885075043517,0,0,0,"Other"
"GENE3257",0.059988526315788,0.110357514473122,0.14085196486678,0,0,0,"Other"
"GENE3258",0.440749578947367,1.60697615106725e-28,4.93315779299232e-28,2,0,1,"Microenvironment"
"GENE3259",0.589042701754385,1.0023176774909e-35,3.57651267614952e-35,2,0,1,"Microenvironment"
"GENE3260",-2.187648,3.03575460953292e-159,2.69844854180704e-157,1,1,0,"Plasma cells"
"GENE3261",0.0281352982456127,0.487225391107768,0.541662469269336,0,0,0,"Other"
"GENE3262",-0.104685263157896,0.00490335816444723,0.0074462538564119,1,1,0,"Plasma cells"
"GENE3263",0.125768807017543,0.000829670275673523,0.00133979858808805,2,0,1,"Microenvironment"
"GENE3264",0.88216596491228,7.47690684867319e-69,5.23776311640854e-68,2,0,1,"Microenvironment"
"GENE3265",-0.03395705263158,0.390485977660074,0.444998265139685,0,0,0,"Other"
"GENE3266",0.437305192982455,1.19429301398066e-26,3.53602668832171e-26,2,0,1,"Microenvironment"
"GENE3267",0.0887927017543847,0.0138974288786934,0.0200106967295801,2,0,1,"Microenvironment"
"GENE3268",0.0537935438596483,0.14468570309967,0.180181448442927,0,0,0,"Other"
"GENE3269",0.239485122807016,5.551783975323e-09,1.1204407619219e-08,2,0,1,"Microenvironment"
"GENE3270",0.798008140350876,7.04101710791534e-60,4.06407913876787e-59,2,0,1,"Microenvironment"
"GENE3271",0.11614242105263,0.0020602879211467,0.00324072028493385,2,0,1,"Microenvironment"
"GENE3272",-0.86556305263158,6.58598720721869e-74,5.1858166985974e-73,1,1,0,"Plasma cells"
"GENE3273",-0.124051964912282,0.000919334358444991,0.00147921859765888,1,1,0,"Plasma cells"
"GENE3274",-0.511754912280703,8.18726997696365e-34,2.81591400755414e-33,1,1,0,"Plasma cells"
"GENE3275",0.246421999999998,5.3168524921385e-10,1.10537473849033e-09,2,0,1,"Microenvironment"
"GENE3276",0.139936350877192,0.000420043300327624,0.000692569332774319,2,0,1,"Microenvironment"
"GENE3277",-0.0336955438596501,0.349172053197431,0.404017417642384,0,0,0,"Other"
"GENE3278",0.0498581754385954,0.186481129959708,0.227416012145986,0,0,0,"Other"
"GENE3279",0.121716035087718,0.00185553169388817,0.00292555253273657,2,0,1,"Microenvironment"
"GENE3280",-0.00924175438596593,0.799634116460627,0.830357337965345,0,0,0,"Other"
"GENE3281",-0.434182245614037,5.02323874494721e-26,1.46985771615134e-25,1,1,0,"Plasma cells"
"GENE3282",0.0251872982456127,0.515807841657361,0.569481470226178,0,0,0,"Other"
"GENE3283",-0.123821473684212,0.00139217313621711,0.00221243247710307,1,1,0,"Plasma cells"
"GENE3284",-0.0129347719298258,0.732209864421571,0.771398372640402,0,0,0,"Other"
"GENE3285",0.00674098245613906,0.858680892848782,0.880698351639776,0,0,0,"Other"
"GENE3286",0.00823077192982359,0.824730538665651,0.852654989574206,0,0,0,"Other"
"GENE3287",0.191307192982455,2.08651011073749e-06,3.86928161471949e-06,2,0,1,"Microenvironment"
"GENE3288",-0.229439473684212,1.53210962040664e-09,3.15248893087785e-09,1,1,0,"Plasma cells"
"GENE3289",0.0903335789473673,0.0142231331715233,0.0204209523337406,2,0,1,"Microenvironment"
"GENE3290",-0.00160463157894897,0.967735696655001,0.973577159612677,0,0,0,"Other"
"GENE3291",0.120240280701753,0.00222601116037367,0.00348358554049087,2,0,1,"Microenvironment"
"GENE3292",-0.112099333333335,0.00278557317011494,0.00432039266400145,1,1,0,"Plasma cells"
"GENE3293",0.386245578947367,1.87782467466641e-22,5.10625336415066e-22,2,0,1,"Microenvironment"
"GENE3294",0.0968860701754372,0.0131409360847608,0.0189760809888243,2,0,1,"Microenvironment"
"GENE3295",0.0302705263157882,0.437122784915408,0.4930883078572,0,0,0,"Other"
"GENE3296",-0.106292210526317,0.00466045744143771,0.00708545411088971,1,1,0,"Plasma cells"
"GENE3297",-1.18997435087719,8.94986534752224e-91,1.08483216333603e-89,1,1,0,"Plasma cells"
"GENE3298",0.15399645614035,2.24869142579807e-05,3.99235051184743e-05,2,0,1,"Microenvironment"
"GENE3299",-0.502994982456141,1.09752930608443e-30,3.55475078893742e-30,1,1,0,"Plasma cells"
"GENE3300",-0.0489949824561418,0.202824259293484,0.245698678732264,0,0,0,"Other"
"GENE3301",0.622928245614033,1.81197946552536e-43,7.48751845258413e-43,2,0,1,"Microenvironment"
"GENE3302",0.0489403508771916,0.184385533613837,0.225134961677457,0,0,0,"Other"
"GENE3303",0.213764385964911,2.16254960055334e-08,4.28652051645856e-08,2,0,1,"Microenvironment"
"GENE3304",0.0218428421052619,0.537383100783023,0.589882657281035,0,0,0,"Other"
"GENE3305",-0.312239508771931,1.28577478538661e-14,2.96090912006127e-14,1,1,0,"Plasma cells"
"GENE3306",-0.0517342807017555,0.165825346717614,0.204470217900881,0,0,0,"Other"
"GENE3307",0.00635224561403362,0.876714693989669,0.89620720060278,0,0,0,"Other"
"GENE3308",0.960806385964911,2.95536178689373e-79,2.65650497698313e-78,2,0,1,"Microenvironment"
"GENE3309",-0.0549547368421065,0.130083809169892,0.163627432918103,0,0,0,"Other"
"GENE3310",0.186699157894736,1.18208394104029e-06,2.20950269353326e-06,2,0,1,"Microenvironment"
"GENE3311",-0.687008596491229,1.33220230863266e-47,5.96063672766291e-47,1,1,0,"Plasma cells"
"GENE3312",0.165900105263157,3.97321927577911e-05,6.9219848010089e-05,2,0,1,"Microenvironment"
"GENE3313",-0.297940421052632,2.26525353412363e-14,5.18661370148513e-14,1,1,0,"Plasma cells"
"GENE3314",0.641082280701753,1.61187806691401e-47,7.17187126546833e-47,2,0,1,"Microenvironment"
"GENE3315",-0.192085754385966,3.24392798997483e-07,6.17009603418893e-07,1,1,0,"Plasma cells"
"GENE3316",-0.0928297192982468,0.0157924708435716,0.0225628098136528,1,1,0,"Plasma cells"
"GENE3317",-0.0233378596491242,0.539343202688425,0.591223022952507,0,0,0,"Other"
"GENE3318",0.744500982456139,1.39278415523863e-47,6.2247336546978e-47,2,0,1,"Microenvironment"
"GENE3319",-0.44377052631579,2.17470881609843e-24,6.14758675928885e-24,1,1,0,"Plasma cells"
"GENE3320",-0.0222528421052646,0.583311361663293,0.632487244958843,0,0,0,"Other"
"GENE3321",-0.134074771929826,0.000243726896049863,0.000407911123096004,1,1,0,"Plasma cells"
"GENE3322",-0.0191003859649133,0.619840442774993,0.666315982558445,0,0,0,"Other"
"GENE3323",-0.638754877192984,1.51414894758252e-47,6.75959351599337e-47,1,1,0,"Plasma cells"
"GENE3324",0.124130701754385,0.00166894684168666,0.00263656689050025,2,0,1,"Microenvironment"
"GENE3325",-0.166884140350878,8.22671894814963e-06,1.49034763553435e-05,1,1,0,"Plasma cells"
"GENE3326",-0.0845419649122818,0.0280856033156264,0.0389266851221433,1,1,0,"Plasma cells"
"GENE3327",-0.017389157894738,0.634099541919329,0.679635093161125,0,0,0,"Other"
"GENE3328",-0.10486954385965,0.00695452511333355,0.0103567015835198,1,1,0,"Plasma cells"
"GENE3329",-0.0984321754385976,0.00695896271766738,0.0103594532455041,1,1,0,"Plasma cells"
"GENE3330",-0.0174564561403521,0.629707307391822,0.6756516173732,0,0,0,"Other"
"GENE3331",-0.0332173684210539,0.361784669763443,0.416922696356604,0,0,0,"Other"
"GENE3332",-0.170500385964913,1.27358257897299e-05,2.29371018275189e-05,1,1,0,"Plasma cells"
"GENE3333",-0.149700807017545,8.9204053182147e-05,0.00015281208253901,1,1,0,"Plasma cells"
"GENE3334",-0.502947157894738,1.17606521523856e-32,3.95316038735651e-32,1,1,0,"Plasma cells"
"GENE3335",-0.436581087719299,3.37100637444151e-27,1.01231422655901e-26,1,1,0,"Plasma cells"
"GENE3336",-0.054140666666668,0.16225511791709,0.200376805084397,0,0,0,"Other"
"GENE3337",-0.150896631578948,5.92311606844508e-05,0.000102299068539639,1,1,0,"Plasma cells"
"GENE3338",0.7201789122807,1.55605629151581e-52,7.78028145757906e-52,2,0,1,"Microenvironment"
"GENE3339",-2.16323396491228,1.85306045864964e-166,3.08843409774939e-164,1,1,0,"Plasma cells"
"GENE3340",-0.166852175438598,9.61082163903858e-06,1.7363724731777e-05,1,1,0,"Plasma cells"
"GENE3341",-1.02071375438597,8.89604046243299e-81,8.35308963608732e-80,1,1,0,"Plasma cells"
"GENE3342",0.140270736842104,9.9234547891447e-05,0.00016970422897212,2,0,1,"Microenvironment"
"GENE3343",0.322704631578946,2.00419541084223e-15,4.69091962748328e-15,2,0,1,"Microenvironment"
"GENE3344",0.0316308771929812,0.441424869037914,0.497314509469814,0,0,0,"Other"
"GENE3345",0.523132631578946,1.41392217835333e-33,4.84219924093605e-33,2,0,1,"Microenvironment"
"GENE3346",0.00656607017543712,0.859969982802301,0.88156840881835,0,0,0,"Other"
"GENE3347",0.161921614035086,1.61476854146976e-05,2.88480311115635e-05,2,0,1,"Microenvironment"
"GENE3348",-0.0238952982456153,0.51682648200799,0.570207397571264,0,0,0,"Other"
"GENE3349",-1.49985270175439,8.38187191818343e-125,2.63995965927037e-123,1,1,0,"Plasma cells"
"GENE3350",0.8856429122807,2.00818378032527e-66,1.31468659923095e-65,2,0,1,"Microenvironment"
"GENE3351",0.113523614035086,0.00367179308604262,0.00565108593465583,2,0,1,"Microenvironment"
"GENE3352",-0.0663845964912293,0.0687175291331094,0.0907761283132224,0,0,0,"Other"
"GENE3353",0.0119544912280688,0.745985980524729,0.783187381128325,0,0,0,"Other"
"GENE3354",-0.817186631578949,1.34116114640243e-61,8.05502190031489e-61,1,1,0,"Plasma cells"
"GENE3355",-0.0933283859649134,0.0111631960670027,0.0162786746321216,1,1,0,"Plasma cells"
"GENE3356",0.116060771929823,0.0026625839719234,0.00414087709474868,2,0,1,"Microenvironment"
"GENE3357",0.176601894736841,8.85165626063236e-07,1.66228286584645e-06,2,0,1,"Microenvironment"
"GENE3358",-0.129634491228072,0.000620290138991809,0.00100942252073525,1,1,0,"Plasma cells"
"GENE3359",0.0527409473684198,0.143379236602352,0.178665715392339,0,0,0,"Other"
"GENE3360",-0.386527684210528,5.48089593721686e-23,1.50677551538608e-22,1,1,0,"Plasma cells"
"GENE3361",0.144174035087718,0.00010039568876772,0.000171616561996103,2,0,1,"Microenvironment"
"GENE3362",0.011349789473683,0.755181149308161,0.791387109571036,0,0,0,"Other"
"GENE3363",0.482679614035087,4.73905988600743e-30,1.51286827965121e-29,2,0,1,"Microenvironment"
"GENE3364",-0.0766923859649134,0.0492434219084808,0.0661873950382807,1,1,0,"Plasma cells"
"GENE3365",0.0825189473684198,0.0229728681615475,0.032231312748576,2,0,1,"Microenvironment"
"GENE3366",-0.561461333333335,2.15698461497578e-38,8.04845005587979e-38,1,1,0,"Plasma cells"
"GENE3367",0.0617757894736832,0.114985001633114,0.14605906844473,0,0,0,"Other"
"GENE3368",1.16499235087719,6.51086426418919e-88,7.41978833525834e-87,2,0,1,"Microenvironment"
"GENE3369",-0.0622125964912295,0.095560347908784,0.123303674721012,0,0,0,"Other"
"GENE3370",-0.247986421052633,1.7025145654706e-10,3.58047227228306e-10,1,1,0,"Plasma cells"
"GENE3371",-0.13195203508772,0.000352126178652661,0.000584684397928868,1,1,0,"Plasma cells"
"GENE3372",-0.0269015087719308,0.463352713405762,0.518602914933458,0,0,0,"Other"
"GENE3373",0.492128771929824,1.75161526252951e-30,5.64581873498634e-30,2,0,1,"Microenvironment"
"GENE3374",-0.42699554385965,6.82380867867649e-22,1.82699027541539e-21,1,1,0,"Plasma cells"
"GENE3375",0.0193520701754374,0.61052178676212,0.657889856424698,0,0,0,"Other"
"GENE3376",0.174651333333332,4.94306188055164e-06,9.03254797725289e-06,2,0,1,"Microenvironment"
"GENE3377",0.0260941403508756,0.488970163424349,0.54330018158261,0,0,0,"Other"
"GENE3378",0.0103442105263149,0.774112465156678,0.807629071629294,0,0,0,"Other"
"GENE3379",-0.273890666666668,1.5702119621147e-12,3.46625157199713e-12,1,1,0,"Plasma cells"
"GENE3380",-0.180290315789475,1.08791612964199e-06,2.035390326739e-06,1,1,0,"Plasma cells"
"GENE3381",-0.142354596491229,0.000138151838602397,0.000234852254317717,1,1,0,"Plasma cells"
"GENE3382",-0.120687368421054,0.000765928560096369,0.00124087251534446,1,1,0,"Plasma cells"
"GENE3383",-0.035801964912282,0.365280683029836,0.420225117089256,0,0,0,"Other"
"GENE3384",-0.0325824210526327,0.381575605920315,0.436086406766074,0,0,0,"Other"
"GENE3385",-0.486541333333334,3.41532849033999e-31,1.11520930296816e-30,1,1,0,"Plasma cells"
"GENE3386",0.0179007368421041,0.61901660918682,0.665754610611062,0,0,0,"Other"
"GENE3387",0.0140134736842093,0.722064968753287,0.761671907967602,0,0,0,"Other"
"GENE3388",0.0650306666666653,0.0561250280121635,0.0750716198288091,0,0,0,"Other"
"GENE3389",0.238207999999998,9.96140226169265e-09,1.99427472706559e-08,2,0,1,"Microenvironment"
"GENE3390",-0.381907333333335,2.40556343175444e-22,6.51914209147546e-22,1,1,0,"Plasma cells"
"GENE3391",-0.591873403508773,3.16073328498232e-42,1.27835522142864e-41,1,1,0,"Plasma cells"
"GENE3392",0.024219578947367,0.530271510220219,0.583356996941936,0,0,0,"Other"
"GENE3393",0.374518035087718,7.07121059724658e-21,1.84506473509369e-20,2,0,1,"Microenvironment"
"GENE3394",-0.354266245614037,7.4010552075271e-18,1.82629369710724e-17,1,1,0,"Plasma cells"
"GENE3395",-0.0973982456140365,0.0127986401172493,0.0185286139952939,1,1,0,"Plasma cells"
"GENE3396",-0.236622421052632,1.98578028567648e-10,4.1652444377063e-10,1,1,0,"Plasma cells"
"GENE3397",0.0497821754385948,0.175588022335402,0.215247345798838,0,0,0,"Other"
"GENE3398",-0.0208074736842116,0.577180283260694,0.627199438479429,0,0,0,"Other"
"GENE3399",0.0442669473684198,0.211014960971951,0.254695185240738,0,0,0,"Other"
"GENE3400",0.0111443508771916,0.747862985174673,0.784746049501231,0,0,0,"Other"
"GENE3401",0.156317508771929,2.98574602200217e-05,5.24044935849437e-05,2,0,1,"Microenvironment"
"GENE3402",0.0794392982456128,0.031068401898353,0.0428086832908757,2,0,1,"Microenvironment"
"GENE3403",0.0461787719298235,0.227173946576398,0.271576744263476,0,0,0,"Other"
"GENE3404",0.304312701754385,8.45011092121136e-14,1.91395490854164e-13,2,0,1,"Microenvironment"
"GENE3405",0.796727298245613,2.92916023692413e-61,1.74875238025321e-60,2,0,1,"Microenvironment"
"GENE3406",-0.437421649122808,7.95658391408162e-26,2.32139574444394e-25,1,1,0,"Plasma cells"
"GENE3407",-0.00418063157894852,0.914647694832087,0.928105220529768,0,0,0,"Other"
"GENE3408",-0.563386035087721,1.0503196859795e-34,3.66284110193375e-34,1,1,0,"Plasma cells"
"GENE3409",0.676914035087718,1.81871720151223e-47,8.08318756227659e-47,2,0,1,"Microenvironment"
"GENE3410",0.136368070175438,0.000392937599696097,0.000649483635861318,2,0,1,"Microenvironment"
"GENE3411",0.0471139649122794,0.206565019993695,0.24962540180507,0,0,0,"Other"
"GENE3412",0.412791298245613,6.59324053619547e-21,1.72259713551808e-20,2,0,1,"Microenvironment"
"GENE3413",-1.33308645614035,9.62354380150902e-108,1.87776464419688e-106,1,1,0,"Plasma cells"
"GENE3414",-0.807447789473686,1.20597307653579e-60,7.0835422997697e-60,1,1,0,"Plasma cells"
"GENE3415",-0.0976133684210539,0.0127788284543961,0.0185066306363448,1,1,0,"Plasma cells"
"GENE3416",0.0559916491228054,0.130936501190416,0.164596481697568,0,0,0,"Other"
"GENE3417",0.156429859649121,1.30128042129785e-05,2.34253901223735e-05,2,0,1,"Microenvironment"
"GENE3418",-0.0523077192982469,0.182873879905075,0.223425632138149,0,0,0,"Other"
"GENE3419",0.0720749473684198,0.0707831965852717,0.0933507373363294,0,0,0,"Other"
"GENE3420",-0.12415807017544,0.00051194322161839,0.000839251182980967,1,1,0,"Plasma cells"
"GENE3421",0.325655824561402,6.80357597664988e-17,1.64735495802661e-16,2,0,1,"Microenvironment"
"GENE3422",-0.269725649122808,1.17637997293059e-10,2.4791990999591e-10,1,1,0,"Plasma cells"
"GENE3423",-0.00919677192982561,0.793352855718876,0.824888000647069,0,0,0,"Other"
"GENE3424",-0.0100885263157907,0.803992410255548,0.834233369914965,0,0,0,"Other"
"GENE3425",-0.000267649122808113,0.993957099325042,0.995201100700918,0,0,0,"Other"
"GENE3426",0.314085333333332,1.34756815240756e-14,3.10142267527632e-14,2,0,1,"Microenvironment"
"GENE3427",0.249365719298244,1.18817946578009e-11,2.56073160728469e-11,2,0,1,"Microenvironment"
"GENE3428",-0.048114771929826,0.20571611181373,0.24882505208797,0,0,0,"Other"
"GENE3429",-0.0269397894736855,0.506527736644353,0.560318292748178,0,0,0,"Other"
"GENE3430",-0.574723157894738,5.52431357424498e-37,2.01617283731569e-36,1,1,0,"Plasma cells"
"GENE3431",-0.976102210526317,1.04739974278119e-84,1.10835951617057e-83,1,1,0,"Plasma cells"
"GENE3432",1.54595080701754,7.82457509182282e-126,2.5038640293833e-124,2,0,1,"Microenvironment"
"GENE3433",-0.00933726315789565,0.806289459863226,0.836183002191575,0,0,0,"Other"
"GENE3434",0.143143649122806,0.000153425196738858,0.000259712563248173,2,0,1,"Microenvironment"
"GENE3435",-1.0708189122807,3.77007549316294e-74,2.98619841042609e-73,1,1,0,"Plasma cells"
"GENE3436",-1.24643768421053,2.0910636387384e-102,3.58980882186849e-101,1,1,0,"Plasma cells"
"GENE3437",0.0640275087719287,0.10023426005046,0.128877222822835,0,0,0,"Other"
"GENE3438",0.0721959298245602,0.0595921204357817,0.0794235753413484,0,0,0,"Other"
"GENE3439",-0.0123838245614048,0.733068360012905,0.772057251198425,0,0,0,"Other"
"GENE3440",-0.233975122807019,9.51633277972058e-10,1.96720057461924e-09,1,1,0,"Plasma cells"
"GENE3441",-0.09596305263158,0.00984439464899595,0.0144611012104237,1,1,0,"Plasma cells"
"GENE3442",-0.0546937543859661,0.165918631303208,0.204522195751258,0,0,0,"Other"
"GENE3443",-0.114936877192984,0.00144856758759887,0.00229931363110932,1,1,0,"Plasma cells"
"GENE3444",0.473465298245613,8.11831174613908e-30,2.57519801622175e-29,2,0,1,"Microenvironment"
"GENE3445",0.0053315087719286,0.893261679185389,0.90963511118675,0,0,0,"Other"
"GENE3446",0.0231616491228059,0.554139659824149,0.604625924521712,0,0,0,"Other"
"GENE3447",-0.0764744912280714,0.0362212643204422,0.0494657075048715,1,1,0,"Plasma cells"
"GENE3448",0.00730431578947263,0.842486272518838,0.868095077299164,0,0,0,"Other"
"GENE3449",-0.0246232982456155,0.490810180643976,0.545041844135453,0,0,0,"Other"
"GENE3450",-0.0688074736842117,0.041990316644058,0.056993982550469,1,1,0,"Plasma cells"
"GENE3451",0.480277333333332,5.66724087140732e-30,1.80341793839533e-29,2,0,1,"Microenvironment"
"GENE3452",-0.640242315789475,6.10122905176497e-44,2.54217877156874e-43,1,1,0,"Plasma cells"
"GENE3453",0.211320070175437,4.90698780824014e-08,9.6121210739278e-08,2,0,1,"Microenvironment"
"GENE3454",-0.427220947368422,1.49407106610759e-22,4.07659226768783e-22,1,1,0,"Plasma cells"
"GENE3455",-0.161262912280703,3.55279550891934e-05,6.20575634745736e-05,1,1,0,"Plasma cells"
"GENE3456",-0.362764596491229,2.34440631228197e-20,6.06181334785255e-20,1,1,0,"Plasma cells"
"GENE3457",-0.0219122456140363,0.580478757703861,0.630270095226777,0,0,0,"Other"
"GENE3458",0.00844424561403398,0.823160122188798,0.851251419016337,0,0,0,"Other"
"GENE3459",0.292039789473683,2.86049752039676e-14,6.53454602032384e-14,2,0,1,"Microenvironment"
"GENE3460",-0.0355587368421067,0.357793907813634,0.412775479312977,0,0,0,"Other"
"GENE3461",-0.84639007017544,2.69408112525722e-62,1.64524038183647e-61,1,1,0,"Plasma cells"
"GENE3462",-0.107656315789475,0.00689349343876537,0.0102734626509171,1,1,0,"Plasma cells"
"GENE3463",-0.059795263157896,0.137690537294125,0.172598605194767,0,0,0,"Other"
"GENE3464",-0.0443532631578962,0.238347220815618,0.283915688881022,0,0,0,"Other"
"GENE3465",0.0336947017543848,0.351758584430124,0.406539825981073,0,0,0,"Other"
"GENE3466",-0.301922807017545,1.26343037628631e-13,2.85037873950662e-13,1,1,0,"Plasma cells"
"GENE3467",-0.217216701754388,9.0549994845413e-09,1.8146291552187e-08,1,1,0,"Plasma cells"
"GENE3468",0.0477902456140341,0.192440608726926,0.234112662684824,0,0,0,"Other"
"GENE3469",-0.314051754385966,2.06813070208265e-14,4.74070074975966e-14,1,1,0,"Plasma cells"
"GENE3470",0.0630339999999986,0.0914235171492223,0.118385907606633,0,0,0,"Other"
"GENE3471",-0.134185263157896,0.000564156816283449,0.000921072353115835,1,1,0,"Plasma cells"
"GENE3472",-0.0985493684210538,0.0109832526586994,0.0160339454871524,1,1,0,"Plasma cells"
"GENE3473",-0.900569403508773,5.19796046847174e-68,3.53002408724736e-67,1,1,0,"Plasma cells"
"GENE3474",-0.185638807017545,2.60899798808692e-06,4.82031960847468e-06,1,1,0,"Plasma cells"
"GENE3475",-0.0806609122807028,0.0423346520412191,0.0574418616570137,1,1,0,"Plasma cells"
"GENE3476",-0.185202701754387,1.32064223062173e-06,2.46273609439949e-06,1,1,0,"Plasma cells"
"GENE3477",-1.53128449122807,3.05519968033325e-121,8.72914194380928e-120,1,1,0,"Plasma cells"
"GENE3478",-0.13971856140351,0.000223312372253384,0.000374999785480074,1,1,0,"Plasma cells"
"GENE3479",1.05169252631579,1.77409990521378e-88,2.04507193684586e-87,2,0,1,"Microenvironment"
"GENE3480",-0.0620330877192996,0.105319864978326,0.134852579997857,0,0,0,"Other"
"GENE3481",0.209543894736841,3.2411514549272e-08,6.38965294219261e-08,2,0,1,"Microenvironment"
"GENE3482",0.0135158947368411,0.733752091335337,0.772573931387562,0,0,0,"Other"
"GENE3483",-0.982996736842106,1.85509084910994e-81,1.77520655417219e-80,1,1,0,"Plasma cells"
"GENE3484",0.0304836491228055,0.411468682212821,0.4669148166954,0,0,0,"Other"
"GENE3485",0.547452070175438,4.49638932088104e-36,1.6116090755846e-35,2,0,1,"Microenvironment"
"GENE3486",0.0482934035087709,0.206157946609605,0.24920875987864,0,0,0,"Other"
"GENE3487",-0.098319263157896,0.0144349287388564,0.0207175152333785,1,1,0,"Plasma cells"
"GENE3488",0.473563052631578,8.75660824245147e-27,2.61001735989611e-26,2,0,1,"Microenvironment"
"GENE3489",0.0642277192982447,0.0914105939305309,0.118385907606633,0,0,0,"Other"
"GENE3490",-0.199609719298247,4.18349561017585e-07,7.94586060812127e-07,1,1,0,"Plasma cells"
"GENE3491",0.00966950877192904,0.806099738380244,0.836183002191575,0,0,0,"Other"
"GENE3492",-0.121357754385966,0.0019691708921933,0.00309983611521968,1,1,0,"Plasma cells"
"GENE3493",-0.0576037192982466,0.111207592244574,0.14175601305873,0,0,0,"Other"
"GENE3494",0.748202421052631,2.53712003523215e-56,1.35493726848179e-55,2,0,1,"Microenvironment"
"GENE3495",-0.878833859649124,1.36982328004054e-65,8.83756954864866e-65,1,1,0,"Plasma cells"
"GENE3496",-0.211815368421054,2.32081361686141e-08,4.59567052843843e-08,1,1,0,"Plasma cells"
"GENE3497",0.910888561403508,3.18807757531848e-70,2.30602356261735e-69,2,0,1,"Microenvironment"
"GENE3498",0.107601403508771,0.00401299750927952,0.00614163052083474,2,0,1,"Microenvironment"
"GENE3499",-0.23582007017544,1.93111263044962e-09,3.95922630538108e-09,1,1,0,"Plasma cells"
"GENE3500",0.183067964912279,4.19516662871634e-06,7.69402407834266e-06,2,0,1,"Microenvironment"
"GENE3501",-0.111819894736844,0.00458601594918346,0.00697492920027903,1,1,0,"Plasma cells"
"GENE3502",-1.01247442105263,1.02758621799287e-84,1.0902771543691e-83,1,1,0,"Plasma cells"
"GENE3503",-0.0803807368421064,0.0346748731526576,0.0474510751319297,1,1,0,"Plasma cells"
"GENE3504",0.0306718245614024,0.418569987391977,0.473897523228958,0,0,0,"Other"
"GENE3505",-0.370605228070177,3.3602518288119e-20,8.67721582649941e-20,1,1,0,"Plasma cells"
"GENE3506",-0.281505508771931,3.70717072463178e-13,8.25650495463649e-13,1,1,0,"Plasma cells"
"GENE3507",-0.127665614035089,0.000554552336353493,0.000906501571480985,1,1,0,"Plasma cells"
"GENE3508",-0.177264385964914,1.14666045700764e-06,2.14429257972443e-06,1,1,0,"Plasma cells"
"GENE3509",-0.100081157894738,0.00860226486633446,0.0127064473653389,1,1,0,"Plasma cells"
"GENE3510",0.0532159298245601,0.16392112079658,0.202371754069852,0,0,0,"Other"
"GENE3511",0.126800631578946,0.00156061646385802,0.00247030702628891,2,0,1,"Microenvironment"
"GENE3512",-2.15693547368421,3.77672754699064e-159,3.28411091042664e-157,1,1,0,"Plasma cells"
"GENE3513",-0.477268350877195,1.31453944570443e-29,4.13052457409089e-29,1,1,0,"Plasma cells"
"GENE3514",-0.0530160000000013,0.164506292519867,0.202968898852396,0,0,0,"Other"
"GENE3515",0.0907494035087709,0.0199438258599709,0.0282190673646564,2,0,1,"Microenvironment"
"GENE3516",0.696523614035086,4.44917529921053e-51,2.12371136000503e-50,2,0,1,"Microenvironment"
"GENE3517",-0.0426884912280711,0.290116456158,0.339814297110395,0,0,0,"Other"
"GENE3518",0.234181754385964,6.89313240810097e-09,1.38694817064406e-08,2,0,1,"Microenvironment"
"GENE3519",-0.578990350877194,3.44282983057566e-39,1.31280451118233e-38,1,1,0,"Plasma cells"
"GENE3520",0.201575999999999,1.02435768596101e-07,1.98807896353424e-07,2,0,1,"Microenvironment"
"GENE3521",0.00812807017543748,0.820293369452697,0.848725679723432,0,0,0,"Other"
"GENE3522",-0.0224211929824573,0.581033005887893,0.630700684817252,0,0,0,"Other"
"GENE3523",0.0314875789473671,0.369756397163017,0.424641282989397,0,0,0,"Other"
"GENE3524",0.0927837192982443,0.0131556438451356,0.0189904638688352,2,0,1,"Microenvironment"
"GENE3525",-0.0670139298245628,0.0804981792736057,0.105157647646774,0,0,0,"Other"
"GENE3526",-0.0539954035087731,0.148475676973007,0.18449913261635,0,0,0,"Other"
"GENE3527",0.140515614035086,0.000493162754825236,0.000810123621889504,2,0,1,"Microenvironment"
"GENE3528",0.54559992982456,1.39086001604346e-35,4.9452800570434e-35,2,0,1,"Microenvironment"
"GENE3529",-0.77574856140351,4.46760905844835e-58,2.48545705616042e-57,1,1,0,"Plasma cells"
"GENE3530",-0.923828701754388,5.42251752515929e-76,4.53767156917096e-75,1,1,0,"Plasma cells"
"GENE3531",-0.643320245614036,1.5741476893797e-49,7.33014057918371e-49,1,1,0,"Plasma cells"
"GENE3532",-0.105803122807019,0.00708015023972912,0.010532019694651,1,1,0,"Plasma cells"
"GENE3533",-0.0318113684210543,0.398696633383443,0.453579787694474,0,0,0,"Other"
"GENE3534",-0.00740452631579058,0.85150953230642,0.875138265474224,0,0,0,"Other"
"GENE3535",0.156512982456139,9.2398827940789e-06,1.67010985884842e-05,2,0,1,"Microenvironment"
"GENE3536",-0.81280859649123,7.02609065120293e-59,3.95279361530404e-58,1,1,0,"Plasma cells"
"GENE3537",0.108411122807016,0.0040135555453655,0.00614163052083474,2,0,1,"Microenvironment"
"GENE3538",0.144950596491227,0.000145631306210525,0.000247146892168901,2,0,1,"Microenvironment"
"GENE3539",-0.0942253333333343,0.0177189875021498,0.0251958585170989,1,1,0,"Plasma cells"
"GENE3540",-0.511649122807019,7.55270018734886e-36,2.69739292405316e-35,1,1,0,"Plasma cells"
"GENE3541",-0.168520842105264,3.15529818855449e-05,5.53075931385537e-05,1,1,0,"Plasma cells"
"GENE3542",0.102198701754385,0.00725808150161792,0.0107846679073075,2,0,1,"Microenvironment"
"GENE3543",-0.00335624561403639,0.930265367510875,0.94108787810913,0,0,0,"Other"
"GENE3544",0.180981298245613,1.30910887005453e-06,2.44236729487785e-06,2,0,1,"Microenvironment"
"GENE3545",0.124933578947367,0.000690435754818885,0.00112129233425722,2,0,1,"Microenvironment"
"GENE3546",0.0629354035087707,0.115967984068223,0.147214197484256,0,0,0,"Other"
"GENE3547",-1.66832192982456,4.08640635648833e-138,1.85745743476742e-136,1,1,0,"Plasma cells"
"GENE3548",-0.549787824561405,3.45497780338571e-38,1.28557313614352e-37,1,1,0,"Plasma cells"
"GENE3549",-0.0477819298245626,0.18759908332317,0.22870964135711,0,0,0,"Other"
"GENE3550",-0.0804752982456157,0.039425500147433,0.0536949269968444,1,1,0,"Plasma cells"
"GENE3551",0.823492771929823,3.51304253023743e-62,2.13883867898778e-61,2,0,1,"Microenvironment"
"GENE3552",0.00147424561403388,0.971223883925093,0.975971844640673,0,0,0,"Other"
"GENE3553",0.0683643508771917,0.0618580501046049,0.0822033888433287,0,0,0,"Other"
"GENE3554",-0.0944022456140363,0.0206044766623911,0.0291229352118602,1,1,0,"Plasma cells"
"GENE3555",-0.058664456140352,0.100269130770786,0.128880630810779,0,0,0,"Other"
"GENE3556",-0.249524280701756,3.12777691098429e-10,6.53662886308107e-10,1,1,0,"Plasma cells"
"GENE3557",-0.379282947368422,4.73876534004361e-20,1.21819160412432e-19,1,1,0,"Plasma cells"
"GENE3558",0.703539719298245,2.18317652104905e-52,1.08480820921692e-51,2,0,1,"Microenvironment"
"GENE3559",0.207568491228069,1.07033914916573e-08,2.13960849408441e-08,2,0,1,"Microenvironment"
"GENE3560",0.0676209122807006,0.055348868104929,0.0740948702877229,0,0,0,"Other"
"GENE3561",-0.11703357894737,0.00281209755827722,0.00435984117562359,1,1,0,"Plasma cells"
"GENE3562",-0.12852656140351,0.00111058669931227,0.00177836140802605,1,1,0,"Plasma cells"
"GENE3563",-0.0958216140350891,0.0146125797214994,0.0209574467142337,1,1,0,"Plasma cells"
"GENE3564",-0.00640933333333442,0.871014554229923,0.891063482588156,0,0,0,"Other"
"GENE3565",-0.00970845614035198,0.784003052923313,0.816244719337129,0,0,0,"Other"
"GENE3566",-0.0778772982456153,0.0449299296094631,0.0607982809329677,1,1,0,"Plasma cells"
"GENE3567",-0.0145819298245624,0.69770039379125,0.738809379864982,0,0,0,"Other"
"GENE3568",0.073658140350876,0.0649777888878434,0.0861203298712305,0,0,0,"Other"
"GENE3569",-0.118152350877194,0.00126978028195647,0.00202194387424333,1,1,0,"Plasma cells"
"GENE3570",-0.0854344561403526,0.0304399344014381,0.0420005993810805,1,1,0,"Plasma cells"
"GENE3571",0.000706315789472572,0.984742214470799,0.986715645762323,0,0,0,"Other"
"GENE3572",-0.00661926315789599,0.858431011130925,0.880667874974018,0,0,0,"Other"
"GENE3573",0.0425394736842095,0.249754176244918,0.296268299222915,0,0,0,"Other"
"GENE3574",0.409270140350876,1.39468610963132e-22,3.81061778587793e-22,2,0,1,"Microenvironment"
"GENE3575",-0.0457448070175454,0.225667064519631,0.270033099283197,0,0,0,"Other"
"GENE3576",-0.552679649122809,1.20178220335736e-37,4.41020992057748e-37,1,1,0,"Plasma cells"
"GENE3577",1.15440322807018,5.97216435019959e-93,7.58370076215821e-92,2,0,1,"Microenvironment"
"GENE3578",-0.0518449824561415,0.167515233059839,0.206247011439753,0,0,0,"Other"
"GENE3579",-0.135276315789475,0.000272393838964341,0.000454557929018508,1,1,0,"Plasma cells"
"GENE3580",0.0622130175438589,0.102764371404635,0.131918320159993,0,0,0,"Other"
"GENE3581",0.497606526315788,2.6370077743509e-32,8.81205605463959e-32,2,0,1,"Microenvironment"
"GENE3582",-0.584535192982457,1.95334890728168e-44,8.19014216889595e-44,1,1,0,"Plasma cells"
"GENE3583",-0.0266432982456154,0.504212031338858,0.558374342567949,0,0,0,"Other"
"GENE3584",0.353050350877192,1.37593037677499e-19,3.50109510629767e-19,2,0,1,"Microenvironment"
"GENE3585",0.023674982456139,0.556667919972197,0.607053347843181,0,0,0,"Other"
"GENE3586",0.0395143157894721,0.311114173142223,0.362498308350973,0,0,0,"Other"
"GENE3587",0.235592666666665,4.07681192579245e-10,8.50221465233046e-10,2,0,1,"Microenvironment"
"GENE3588",0.653077508771929,1.30639031629877e-48,5.99261612981086e-48,2,0,1,"Microenvironment"
"GENE3589",-0.0368489473684223,0.322759784735707,0.375193007539328,0,0,0,"Other"
"GENE3590",-0.00256656140351014,0.94493952176556,0.954002545952105,0,0,0,"Other"
"GENE3591",-0.0277553684210537,0.477868908927999,0.532889778564817,0,0,0,"Other"
"GENE3592",-2.06933694736842,7.12141626571249e-157,5.69713301256999e-155,1,1,0,"Plasma cells"
"GENE3593",0.0246345263157881,0.504775441156764,0.558771240124293,0,0,0,"Other"
"GENE3594",0.624071614035086,7.61881042340825e-43,3.1192673176697e-42,2,0,1,"Microenvironment"
"GENE3595",-0.100727403508773,0.00597158620441219,0.00895625977414651,1,1,0,"Plasma cells"
"GENE3596",-0.532960000000001,4.58820331816198e-33,1.55137897486457e-32,1,1,0,"Plasma cells"
"GENE3597",-0.0809318245614047,0.0253775009111864,0.0354310658445883,1,1,0,"Plasma cells"
"GENE3598",-0.290383719298247,7.93513207700603e-12,1.72035383783328e-11,1,1,0,"Plasma cells"
"GENE3599",-0.00344666666666772,0.925205925337013,0.937392021618048,0,0,0,"Other"
"GENE3600",0.68123347368421,3.44856197820263e-54,1.78681967782519e-53,2,0,1,"Microenvironment"
"GENE3601",-0.886028350877194,8.88361092678203e-72,6.61721484304062e-71,1,1,0,"Plasma cells"
"GENE3602",-0.0977135789473697,0.0139439531410849,0.0200632419296185,1,1,0,"Plasma cells"
"GENE3603",0.249094035087718,1.33380891210453e-10,2.80801876232533e-10,2,0,1,"Microenvironment"
"GENE3604",-0.0889740000000015,0.01643271273303,0.0234418155963338,1,1,0,"Plasma cells"
"GENE3605",0.0561363157894726,0.134840104317237,0.169131519996535,0,0,0,"Other"
"GENE3606",-0.0240221754385979,0.507910177987263,0.561553612990121,0,0,0,"Other"
"GENE3607",-0.156903438596493,0.000146637816383455,0.000248749476477446,1,1,0,"Plasma cells"
"GENE3608",-2.26469063157895,2.69257346257902e-170,8.28484142332007e-168,1,1,0,"Plasma cells"
"GENE3609",-0.0291961754385978,0.404415165383067,0.459630131869341,0,0,0,"Other"
"GENE3610",-0.154145368421054,3.08260538514197e-05,5.40570869818846e-05,1,1,0,"Plasma cells"
"GENE3611",0.834693859649121,7.28761426101293e-66,4.73991171447995e-65,2,0,1,"Microenvironment"
"GENE3612",-0.0585198947368434,0.111323535939005,0.141858599476272,0,0,0,"Other"
"GENE3613",-0.170116210526317,7.7314846097262e-07,1.45602346699175e-06,1,1,0,"Plasma cells"
"GENE3614",0.127338877192981,0.00110833012356133,0.00177545874819596,2,0,1,"Microenvironment"
"GENE3615",-0.102926210526317,0.00531720849896229,0.00803810808611079,1,1,0,"Plasma cells"
"GENE3616",0.153913684210525,4.02415793479368e-05,7.0076759857095e-05,2,0,1,"Microenvironment"
"GENE3617",-0.0638628771929837,0.0860468925128783,0.112040224626144,0,0,0,"Other"
"GENE3618",0.466927789473683,8.29695125684017e-30,2.62977852831701e-29,2,0,1,"Microenvironment"
"GENE3619",0.0345151578947355,0.361933446968778,0.416974017245136,0,0,0,"Other"
"GENE3620",-0.0827026315789488,0.02845433927522,0.0394136224119664,1,1,0,"Plasma cells"
"GENE3621",-0.136645859649124,0.000244856515363392,0.000409630305919517,1,1,0,"Plasma cells"
"GENE3622",0.0445501754385953,0.22664862951497,0.271029751288454,0,0,0,"Other"
"GENE3623",-0.0515568070175449,0.157632721527917,0.194969352539168,0,0,0,"Other"
"GENE3624",-0.0657340701754396,0.0725404917519139,0.0954794231680341,0,0,0,"Other"
"GENE3625",0.0114011929824548,0.748820151088695,0.785544349424281,0,0,0,"Other"
"GENE3626",-0.565918666666668,1.25156639871406e-40,4.9032963710639e-40,1,1,0,"Plasma cells"
"GENE3627",0.129522035087718,0.000563738068975606,0.00092076450628927,2,0,1,"Microenvironment"
"GENE3628",0.0272007719298233,0.493486552189589,0.547557894246424,0,0,0,"Other"
"GENE3629",0.159519192982455,1.37876460953806e-05,2.47534041209705e-05,2,0,1,"Microenvironment"
"GENE3630",-0.358209508771931,2.30272533418129e-20,5.95789219710553e-20,1,1,0,"Plasma cells"
"GENE3631",-0.0654338596491241,0.081856441494286,0.106862195162253,0,0,0,"Other"
"GENE3632",0.0236938596491214,0.53828102443278,0.590372168823293,0,0,0,"Other"
"GENE3633",0.0372892982456128,0.288068848943016,0.337613652438342,0,0,0,"Other"
"GENE3634",-0.0890612982456154,0.0156265701751046,0.0223476155525271,1,1,0,"Plasma cells"
"GENE3635",-0.51249610526316,9.70149899791822e-35,3.38916995560462e-34,1,1,0,"Plasma cells"
"GENE3636",-0.454924877192984,3.56969778688352e-30,1.14230329180273e-29,1,1,0,"Plasma cells"
"GENE3637",0.18002845614035,2.26738551268328e-06,4.19691904244939e-06,2,0,1,"Microenvironment"
"GENE3638",-0.0144211228070192,0.683930801192208,0.727199150656255,0,0,0,"Other"
"GENE3639",0.0960077192982443,0.0108061710402909,0.015792723478686,2,0,1,"Microenvironment"
"GENE3640",-0.726432350877194,1.81094168860669e-55,9.54382971597729e-55,1,1,0,"Plasma cells"
"GENE3641",-0.217305263157896,1.6826286682963e-08,3.3418642865865e-08,1,1,0,"Plasma cells"
"GENE3642",0.554643684210526,1.39961750473391e-35,4.97199824061779e-35,2,0,1,"Microenvironment"
"GENE3643",0.043705298245613,0.243191102389662,0.289168968358694,0,0,0,"Other"
"GENE3644",0.0326308070175426,0.37611581277473,0.431201848982206,0,0,0,"Other"
"GENE3645",0.094033473684209,0.0121523828326404,0.0176633471404657,2,0,1,"Microenvironment"
"GENE3646",1.18821828070175,6.86699003060968e-98,1.0287625514022e-96,2,0,1,"Microenvironment"
"GENE3647",-0.0290469122807031,0.452878924698134,0.508709828360724,0,0,0,"Other"
"GENE3648",-0.411228877192984,8.20587125217406e-23,2.25126783324391e-22,1,1,0,"Plasma cells"
"GENE3649",-0.69066354385965,4.61189508311069e-51,2.1987580849157e-50,1,1,0,"Plasma cells"
"GENE3650",0.121586807017543,0.00270955177257955,0.00420613888960762,2,0,1,"Microenvironment"
"GENE3651",-0.0679751228070187,0.100376955406903,0.128977777586769,0,0,0,"Other"
"GENE3652",-0.749735403508775,2.51285892598008e-57,1.37314695408748e-56,1,1,0,"Plasma cells"
"GENE3653",-0.981852245614037,1.1868663191964e-81,1.14121761461192e-80,1,1,0,"Plasma cells"
"GENE3654",0.107469894736841,0.00511052414771029,0.00774321840562165,2,0,1,"Microenvironment"
"GENE3655",0.191543719298245,2.05535263090416e-07,3.93745714732598e-07,2,0,1,"Microenvironment"
"GENE3656",0.0671696140350863,0.0650087601865507,0.0861328389354763,0,0,0,"Other"
"GENE3657",0.0617842456140339,0.0990996101769182,0.12754132583902,0,0,0,"Other"
"GENE3658",-0.00727792982456303,0.846199818965543,0.870575945437801,0,0,0,"Other"
"GENE3659",-0.264214807017545,9.45934217718004e-11,1.99669491866597e-10,1,1,0,"Plasma cells"
"GENE3660",0.0143129122807007,0.71002683540179,0.75075531102489,0,0,0,"Other"
"GENE3661",0.0532645964912268,0.139107388485877,0.174210881009238,0,0,0,"Other"
"GENE3662",-0.000880491228071643,0.982564571698168,0.985521135103479,0,0,0,"Other"
"GENE3663",-0.646942771929826,2.9266934601347e-44,1.22455793311075e-43,1,1,0,"Plasma cells"
"GENE3664",0.125494631578946,0.000377148960370696,0.000624936139802313,2,0,1,"Microenvironment"
"GENE3665",-0.150155298245615,4.33336499109019e-05,7.52320310953157e-05,1,1,0,"Plasma cells"
"GENE3666",-1.23379431578947,2.66698986765068e-93,3.43021204842532e-92,1,1,0,"Plasma cells"
"GENE3667",0.187913368421051,1.55542496975076e-06,2.89381389721072e-06,2,0,1,"Microenvironment"
"GENE3668",-0.0657252280701763,0.0736359113541788,0.0966667690898311,0,0,0,"Other"
"GENE3669",0.384726140350876,5.99354428375568e-22,1.60792603185934e-21,2,0,1,"Microenvironment"
"GENE3670",0.793115578947367,3.78144159022655e-57,2.04956183752116e-56,2,0,1,"Microenvironment"
"GENE3671",0.979162175438596,3.20728158243364e-73,2.48626479258422e-72,2,0,1,"Microenvironment"
"GENE3672",-0.0423578947368433,0.234365461341717,0.279672388235939,0,0,0,"Other"
"GENE3673",-1.01040435087719,1.85034176317176e-81,1.774908166112e-80,1,1,0,"Plasma cells"
"GENE3674",0.287289298245613,9.8720384522363e-14,2.2334928624969e-13,2,0,1,"Microenvironment"
"GENE3675",-0.061711614035089,0.0767672628963751,0.100579446965444,0,0,0,"Other"
"GENE3676",-0.14460256140351,0.000112028403403434,0.000191011770508838,1,1,0,"Plasma cells"
"GENE3677",0.246516842105262,3.47274161443877e-10,7.24998249360912e-10,2,0,1,"Microenvironment"
"GENE3678",0.152065964912279,3.43450116512944e-05,6.00699810254384e-05,2,0,1,"Microenvironment"
"GENE3679",0.0301625964912271,0.423510219236544,0.479355086855172,0,0,0,"Other"
"GENE3680",-1.04056631578948,2.84552538830676e-86,3.1616948758964e-85,1,1,0,"Plasma cells"
"GENE3681",-0.957528912280702,1.76548621964858e-72,1.33496122468702e-71,1,1,0,"Plasma cells"
"GENE3682",-0.0082054736842117,0.811240172108839,0.839714699337691,0,0,0,"Other"
"GENE3683",0.310176491228069,1.85869321710521e-16,4.45195980144961e-16,2,0,1,"Microenvironment"
"GENE3684",0.302393824561402,5.2778687836281e-14,1.20019756307632e-13,2,0,1,"Microenvironment"
"GENE3685",0.108029578947367,0.00540281575075235,0.00814597173125118,2,0,1,"Microenvironment"
"GENE3686",0.867375859649122,8.04281316277283e-71,5.90298213781492e-70,2,0,1,"Microenvironment"
"GENE3687",-0.131229964912282,0.000243420078683424,0.00040756815183495,1,1,0,"Plasma cells"
"GENE3688",0.752538070175437,2.15720597601566e-50,1.01515575341913e-49,2,0,1,"Microenvironment"
"GENE3689",-1.22070115789474,7.7876106514151e-97,1.12051951818922e-95,1,1,0,"Plasma cells"
"GENE3690",-0.0927787719298258,0.0124097786183016,0.0180173347450372,1,1,0,"Plasma cells"
"GENE3691",-0.618157964912282,2.65572092011517e-40,1.03739098441999e-39,1,1,0,"Plasma cells"
"GENE3692",0.00822796491227958,0.829682310128956,0.85666733105726,0,0,0,"Other"
"GENE3693",0.180313614035086,2.9355569189744e-06,5.41615667707453e-06,2,0,1,"Microenvironment"
"GENE3694",-0.503953964912282,4.76679147573073e-29,1.48267230971407e-28,1,1,0,"Plasma cells"
"GENE3695",0.0529155087719287,0.151656262202426,0.18810079032859,0,0,0,"Other"
"GENE3696",-0.172341614035089,4.62513964976159e-06,8.463201554916e-06,1,1,0,"Plasma cells"
"GENE3697",0.0115732631578935,0.768138484320883,0.802652543699982,0,0,0,"Other"
"GENE3698",0.10349042105263,0.00437804505504694,0.00666622771990398,2,0,1,"Microenvironment"
"GENE3699",0.237633368421051,5.75673052868709e-10,1.19620374622069e-09,2,0,1,"Microenvironment"
"GENE3700",-0.0166945614035098,0.652109328496047,0.696055999037528,0,0,0,"Other"
"GENE3701",-0.765954245614036,3.40476627048805e-57,1.8504164513522e-56,1,1,0,"Plasma cells"
"GENE3702",0.0820649473684193,0.0221669692107692,0.0312100939257574,2,0,1,"Microenvironment"
"GENE3703",-0.364170877192984,5.22921723650266e-18,1.29356023166423e-17,1,1,0,"Plasma cells"
"GENE3704",-0.891762491228071,1.06709630064179e-74,8.60561532775638e-74,1,1,0,"Plasma cells"
"GENE3705",0.0316438596491214,0.436917856092838,0.492996170485572,0,0,0,"Other"
"GENE3706",-0.0361111228070187,0.353132459408443,0.407774202550165,0,0,0,"Other"
"GENE3707",0.0883073684210515,0.0213282029767468,0.0300927026126939,2,0,1,"Microenvironment"
"GENE3708",-0.144182421052633,0.000180186937959826,0.000304112975459622,1,1,0,"Plasma cells"
"GENE3709",0.259406771929823,2.38347181637048e-10,4.98895199658918e-10,2,0,1,"Microenvironment"
"GENE3710",2.08300649122807,8.54088615656645e-157,6.69873424044428e-155,2,0,1,"Microenvironment"
"GENE3711",0.745237298245613,3.13109750874702e-57,1.7063201682545e-56,2,0,1,"Microenvironment"
"GENE3712",0.692092842105262,5.18395772061944e-48,2.33791052534995e-47,2,0,1,"Microenvironment"
"GENE3713",0.0296830877192969,0.378214614796823,0.432863650697366,0,0,0,"Other"
"GENE3714",1.42057336842105,6.22726812034158e-111,1.37619184979924e-109,2,0,1,"Microenvironment"
"GENE3715",-0.10614505263158,0.00684464482720454,0.0102120773251839,1,1,0,"Plasma cells"
"GENE3716",-0.388570385964913,1.14975888776571e-21,3.05786938235562e-21,1,1,0,"Plasma cells"
"GENE3717",-0.504031964912282,6.27291662409759e-33,2.11744021066585e-32,1,1,0,"Plasma cells"
"GENE3718",-0.0747407719298262,0.0412765027289983,0.0560822047948347,1,1,0,"Plasma cells"
"GENE3719",-0.0341208070175448,0.36648053787283,0.421241997554977,0,0,0,"Other"
"GENE3720",0.968345649122806,2.19754029144391e-74,1.75102812067244e-73,2,0,1,"Microenvironment"
"GENE3721",0.121459999999999,0.00129072342409654,0.00205447421264869,2,0,1,"Microenvironment"
"GENE3722",-0.0880500350877203,0.0127539226876568,0.0184772512678838,1,1,0,"Plasma cells"
"GENE3723",-0.160803754385966,2.14668697224001e-05,3.81633239509335e-05,1,1,0,"Plasma cells"
"GENE3724",0.104438982456139,0.00660662023788564,0.00986430793264,2,0,1,"Microenvironment"
"GENE3725",-0.0865107368421068,0.0271891760973136,0.0377758611980738,1,1,0,"Plasma cells"
"GENE3726",0.322403578947367,4.47872787461615e-16,1.06827140718334e-15,2,0,1,"Microenvironment"
"GENE3727",0.0648732280701739,0.0869622339293304,0.11315026954077,0,0,0,"Other"
"GENE3728",-0.456622245614037,7.44430442754211e-29,2.30117602087855e-28,1,1,0,"Plasma cells"
"GENE3729",-0.827027578947369,9.16933454095702e-65,5.82179970854414e-64,1,1,0,"Plasma cells"
"GENE3730",-0.225976736842106,1.20798416669856e-08,2.41234980868409e-08,1,1,0,"Plasma cells"
"GENE3731",0.219523052631578,1.70297484473609e-09,3.49866429324312e-09,2,0,1,"Microenvironment"
"GENE3732",0.136077578947368,0.000234189406652509,0.000392605878713342,2,0,1,"Microenvironment"
"GENE3733",-0.0163189473684224,0.683326090678353,0.72674936525217,0,0,0,"Other"
"GENE3734",-0.7238870877193,4.44463491577048e-53,2.25330033752623e-52,1,1,0,"Plasma cells"
"GENE3735",-0.676997543859651,7.28379264367408e-52,3.57048659003632e-51,1,1,0,"Plasma cells"
"GENE3736",0.0219659298245602,0.555587144891206,0.606039972611078,0,0,0,"Other"
"GENE3737",0.0102604561403497,0.77730292509144,0.810585047242813,0,0,0,"Other"
"GENE3738",-0.961011298245615,3.48688587466338e-73,2.69257596499102e-72,1,1,0,"Plasma cells"
"GENE3739",-0.170789368421054,3.38970164095179e-06,6.25117868317527e-06,1,1,0,"Plasma cells"
"GENE3740",-0.602569894736843,8.92330200116853e-39,3.357780621324e-38,1,1,0,"Plasma cells"
"GENE3741",0.116835192982455,0.00237843272495738,0.00371050347107236,2,0,1,"Microenvironment"
"GENE3742",0.652938842105262,6.24203344302557e-44,2.5981408711865e-43,2,0,1,"Microenvironment"
"GENE3743",-0.183352315789475,4.48267828389821e-07,8.50199769350064e-07,1,1,0,"Plasma cells"
"GENE3744",0.0406338245614021,0.255232853206473,0.302498196392857,0,0,0,"Other"
"GENE3745",0.0243642105263145,0.538419417966843,0.590372168823293,0,0,0,"Other"
"GENE3746",-0.0225375438596504,0.545422814314262,0.597396291691415,0,0,0,"Other"
"GENE3747",-0.00710252631579055,0.845945369458477,0.870538069934116,0,0,0,"Other"
"GENE3748",0.111299614035086,0.00175780727858014,0.00277366040012645,2,0,1,"Microenvironment"
"GENE3749",-0.562584842105265,2.12914858050795e-35,7.54348478479346e-35,1,1,0,"Plasma cells"
"GENE3750",-0.0976787719298254,0.013979162555428,0.0201066703422194,1,1,0,"Plasma cells"
"GENE3751",-0.602306070175439,2.30403174495875e-42,9.3375146705522e-42,1,1,0,"Plasma cells"
"GENE3752",-0.459953508771931,1.03648460434318e-25,3.01084852387272e-25,1,1,0,"Plasma cells"
"GENE3753",-0.394395333333334,6.28193016001331e-21,1.64233468235642e-20,1,1,0,"Plasma cells"
"GENE3754",0.267687052631578,2.70839529014635e-12,5.94924830345163e-12,2,0,1,"Microenvironment"
"GENE3755",0.0608025614035076,0.110756638374686,0.141244702060478,0,0,0,"Other"
"GENE3756",-0.282293263157896,3.31229299078987e-13,7.4017720464578e-13,1,1,0,"Plasma cells"
"GENE3757",0.111877473684209,0.00501049299707518,0.00760317601984094,2,0,1,"Microenvironment"
"GENE3758",-0.0951359649122819,0.0112591735551647,0.0164008354772974,1,1,0,"Plasma cells"
"GENE3759",-0.160887824561405,8.09466364376661e-06,1.46841970861979e-05,1,1,0,"Plasma cells"
"GENE3760",-0.0408765263157908,0.279022914574795,0.327876515364037,0,0,0,"Other"
"GENE3761",-0.283179333333335,8.15254204028181e-12,1.76461948923849e-11,1,1,0,"Plasma cells"
"GENE3762",0.717085263157893,2.0392078003529e-51,9.85124541233284e-51,2,0,1,"Microenvironment"
"GENE3763",0.215791578947367,1.42962443113065e-08,2.84643988278875e-08,2,0,1,"Microenvironment"
"GENE3764",-0.268612631578949,8.10800190866756e-13,1.80077776983177e-12,1,1,0,"Plasma cells"
"GENE3765",-0.0600172280701767,0.122478536272262,0.155036121863623,0,0,0,"Other"
"GENE3766",0.673353017543859,8.57721140366644e-46,3.70906439077468e-45,2,0,1,"Microenvironment"
"GENE3767",-0.0127258245614047,0.720269840138017,0.759978728713286,0,0,0,"Other"
"GENE3768",0.613710526315788,5.37604244411831e-44,2.24235346991379e-43,2,0,1,"Microenvironment"
"GENE3769",0.0189675789473672,0.596897305337032,0.645468835184679,0,0,0,"Other"
"GENE3770",-0.0954005263157906,0.0107053365420246,0.0156567993302005,1,1,0,"Plasma cells"
"GENE3771",-0.059107157894738,0.122601097358721,0.155142166856971,0,0,0,"Other"
"GENE3772",-0.0645098245614047,0.0947771086150247,0.122451044722254,0,0,0,"Other"
"GENE3773",0.221202771929823,9.54960023435719e-08,1.85609334001112e-07,2,0,1,"Microenvironment"
"GENE3774",0.0380671228070162,0.296329917927196,0.346686069525822,0,0,0,"Other"
"GENE3775",0.0913873684210515,0.014198746181037,0.0204004973865474,2,0,1,"Microenvironment"
"GENE3776",0.783803894736841,3.10933152042424e-58,1.7394861652723e-57,2,0,1,"Microenvironment"
"GENE3777",0.229119403508771,2.25739322404248e-08,4.47229960186723e-08,2,0,1,"Microenvironment"
"GENE3778",-0.044402947368422,0.246709859650653,0.292830693947363,0,0,0,"Other"
"GENE3779",-0.0882157543859662,0.0255101801185756,0.0355914616234051,1,1,0,"Plasma cells"
"GENE3780",0.0913879999999987,0.0159633391605669,0.0227884927345709,2,0,1,"Microenvironment"
"GENE3781",0.034861543859648,0.347027830909593,0.40188515449866,0,0,0,"Other"
"GENE3782",-1.51163101754386,1.89486736784689e-112,4.33112541222146e-111,1,1,0,"Plasma cells"
"GENE3783",0.383360736842104,2.58451694988052e-21,6.81481067865662e-21,2,0,1,"Microenvironment"
"GENE3784",-0.208766035087721,1.19975481537397e-07,2.32285540246655e-07,1,1,0,"Plasma cells"
"GENE3785",0.437755508771929,1.51827885412586e-24,4.31023095564474e-24,2,0,1,"Microenvironment"
"GENE3786",0.363874035087718,1.63706093272049e-22,4.45761996656361e-22,2,0,1,"Microenvironment"
"GENE3787",-0.0857325964912293,0.0219417175382691,0.0309147129810061,1,1,0,"Plasma cells"
"GENE3788",0.108699403508771,0.0067860422913252,0.0101284213303361,2,0,1,"Microenvironment"
"GENE3789",-0.103425438596492,0.00524176065934318,0.00793004638327259,1,1,0,"Plasma cells"
"GENE3790",0.0794245614035075,0.0286412026371333,0.0396280908158192,2,0,1,"Microenvironment"
"GENE3791",0.0683140701754372,0.0804600669012828,0.105157647646774,0,0,0,"Other"
"GENE3792",-0.0599166315789488,0.122141280435823,0.154658158196673,0,0,0,"Other"
"GENE3793",-0.0465441754385976,0.238168994903357,0.28378789979548,0,0,0,"Other"
"GENE3794",0.0976556842105249,0.0114445985113787,0.0166648686004786,2,0,1,"Microenvironment"
"GENE3795",0.238644315789473,1.67315521265551e-09,3.43916796023743e-09,2,0,1,"Microenvironment"
"GENE3796",-0.0684722105263168,0.0497618538337532,0.0668392932622609,1,1,0,"Plasma cells"
"GENE3797",-0.0650591578947378,0.100022646285972,0.128646490399965,0,0,0,"Other"
"GENE3798",-0.673895859649124,2.94802105842354e-53,1.5040923767467e-52,1,1,0,"Plasma cells"
"GENE3799",0.126183999999999,0.000784838341860199,0.00126945142233756,2,0,1,"Microenvironment"
"GENE3800",-0.0787061403508785,0.0410198396141513,0.0557713658927958,1,1,0,"Plasma cells"
"GENE3801",-0.274211298245615,8.03782776690711e-12,1.74073151421919e-11,1,1,0,"Plasma cells"
"GENE3802",0.188369859649122,9.13125769454023e-07,1.71398548935528e-06,2,0,1,"Microenvironment"
"GENE3803",-0.193938140350878,5.74769317947296e-07,1.08600721388247e-06,1,1,0,"Plasma cells"
"GENE3804",0.0805169824561388,0.0218042451577899,0.0307318465930795,2,0,1,"Microenvironment"
"GENE3805",-0.0486545614035099,0.202758410246595,0.245693317475426,0,0,0,"Other"
"GENE3806",0.208916035087718,2.74284947535204e-07,5.22696422172853e-07,2,0,1,"Microenvironment"
"GENE3807",0.451042140350876,2.70900607493217e-28,8.29710895844463e-28,2,0,1,"Microenvironment"
"GENE3808",0.115733368421051,0.00379854159480183,0.00583045524912023,2,0,1,"Microenvironment"
"GENE3809",0.104176736842104,0.00375697697133347,0.00577330306774256,2,0,1,"Microenvironment"
"GENE3810",-0.0464675438596504,0.205791161075728,0.248840581711884,0,0,0,"Other"
"GENE3811",-0.668081508771931,5.49751270242934e-48,2.47635707316637e-47,1,1,0,"Plasma cells"
"GENE3812",0.091704736842104,0.0123474975038601,0.0179339106809877,2,0,1,"Microenvironment"
"GENE3813",0.0609881754385952,0.0929890186447373,0.120335190740521,0,0,0,"Other"
"GENE3814",-0.173272280701756,2.60380094297299e-05,4.59629469192055e-05,1,1,0,"Plasma cells"
"GENE3815",0.898094982456139,9.76200836870065e-69,6.80279328829314e-68,2,0,1,"Microenvironment"
"GENE3816",0.0481590175438581,0.184031094572673,0.22477080253151,0,0,0,"Other"
"GENE3817",0.0805667368421043,0.0413927056334583,0.0562209923714204,2,0,1,"Microenvironment"
"GENE3818",0.434226315789472,1.05832385532573e-31,3.48993851714996e-31,2,0,1,"Microenvironment"
"GENE3819",0.113706701754385,0.00219518070932546,0.00343802773582687,2,0,1,"Microenvironment"
"GENE3820",0.304259754385964,3.14037560074381e-15,7.31595946591452e-15,2,0,1,"Microenvironment"
"GENE3821",-0.0638121052631591,0.0724649734780701,0.0954114199842924,0,0,0,"Other"
"GENE3822",-0.00794719298245725,0.835760524136785,0.861830909138216,0,0,0,"Other"
"GENE3823",0.276325403508771,2.03252187529965e-13,4.56233866509461e-13,2,0,1,"Microenvironment"
"GENE3824",-0.121108912280703,0.00206143012003454,0.00324124232709834,1,1,0,"Plasma cells"
"GENE3825",-0.00971301754386108,0.80249027280496,0.832890786512673,0,0,0,"Other"
"GENE3826",0.175118666666665,8.82096208143603e-07,1.65729677434214e-06,2,0,1,"Microenvironment"
"GENE3827",-0.164058912280703,2.24726266878185e-05,3.99158555733899e-05,1,1,0,"Plasma cells"
"GENE3828",2.21955568421052,3.85651263838115e-166,6.17042022140983e-164,2,0,1,"Microenvironment"
"GENE3829",-0.06400905263158,0.0902848623857548,0.117063030646035,0,0,0,"Other"
"GENE3830",0.575958315789473,6.0134154827567e-40,2.33757647531845e-39,2,0,1,"Microenvironment"
"GENE3831",-0.0671984912280713,0.065295450119711,0.086484039893657,0,0,0,"Other"
"GENE3832",-0.0553763859649136,0.156107988911809,0.193262753217963,0,0,0,"Other"
"GENE3833",0.112603087719297,0.00213701575462486,0.00335086751019187,2,0,1,"Microenvironment"
"GENE3834",0.295557052631578,1.03661285693215e-12,2.29339127639856e-12,2,0,1,"Microenvironment"
"GENE3835",-0.253147473684212,2.18241316294218e-10,4.57289295535292e-10,1,1,0,"Plasma cells"
"GENE3836",-0.428333859649124,9.76416308678768e-26,2.84048380706551e-25,1,1,0,"Plasma cells"
"GENE3837",0.127779298245613,0.00153939685473295,0.00243768306371014,2,0,1,"Microenvironment"
"GENE3838",-0.401778842105264,6.34018887320185e-22,1.6986440383662e-21,1,1,0,"Plasma cells"
"GENE3839",0.0548048421052619,0.157931855235985,0.195278955469533,0,0,0,"Other"
"GENE3840",-0.0405411228070191,0.283547413185838,0.332704503591479,0,0,0,"Other"
"GENE3841",0.0500714035087709,0.196446962872456,0.238546742247664,0,0,0,"Other"
"GENE3842",0.0715105964912266,0.056134803726992,0.0750716198288091,0,0,0,"Other"
"GENE3843",0.219873017543858,1.54768086171906e-08,3.07690032150907e-08,2,0,1,"Microenvironment"
"GENE3844",0.166326736842104,5.91572110144901e-06,1.07803573602716e-05,2,0,1,"Microenvironment"
"GENE3845",0.052848035087718,0.145414568158816,0.181032764592364,0,0,0,"Other"
"GENE3846",0.112831228070174,0.00399655990186813,0.00612499601818871,2,0,1,"Microenvironment"
"GENE3847",-0.490224491228071,1.73912258826244e-29,5.44326318704988e-29,1,1,0,"Plasma cells"
"GENE3848",0.0453194736842091,0.260172162868838,0.307350458202998,0,0,0,"Other"
"GENE3849",-0.037748315789475,0.304557796950926,0.355584117864479,0,0,0,"Other"
"GENE3850",0.141096631578946,0.000704713017137675,0.00114401463821051,2,0,1,"Microenvironment"
"GENE3851",-0.593476210526317,8.33138383052296e-38,3.06582661656779e-37,1,1,0,"Plasma cells"
"GENE3852",0.699305438596491,1.19009600215486e-53,6.12662034571356e-53,2,0,1,"Microenvironment"
"GENE3853",0.113522631578946,0.00356885509516943,0.0054947730487597,2,0,1,"Microenvironment"
"GENE3854",0.151230491228069,3.46655179438146e-05,6.05775761359801e-05,2,0,1,"Microenvironment"
"GENE3855",0.0288279999999987,0.436864219387165,0.492996170485572,0,0,0,"Other"
"GENE3856",0.0180256842105253,0.640548721443597,0.685445394803207,0,0,0,"Other"
"GENE3857",0.0753615087719286,0.05733452988277,0.076599238320334,0,0,0,"Other"
"GENE3858",-0.239226877192984,2.61037369809532e-09,5.3164433769762e-09,1,1,0,"Plasma cells"
"GENE3859",0.098564631578946,0.00927488680275808,0.013674731740152,2,0,1,"Microenvironment"
"GENE3860",0.0189402105263148,0.620087846063378,0.666402843700567,0,0,0,"Other"
"GENE3861",-0.262382842105264,2.81171603166246e-12,6.16604392908433e-12,1,1,0,"Plasma cells"
"GENE3862",-0.910820842105264,4.63198812102473e-69,3.25051797966648e-68,1,1,0,"Plasma cells"
"GENE3863",0.707029192982454,2.905993427936e-52,1.44039327283073e-51,2,0,1,"Microenvironment"
"GENE3864",0.539409614035086,1.0935404847716e-35,3.89854005266166e-35,2,0,1,"Microenvironment"
"GENE3865",-0.146990631578949,8.01647555263119e-05,0.000137621897899248,1,1,0,"Plasma cells"
"GENE3866",0.638340421052631,9.29837106418875e-52,4.54688071598472e-51,2,0,1,"Microenvironment"
"GENE3867",-0.232370596491229,1.90937648190733e-09,3.91666970647657e-09,1,1,0,"Plasma cells"
"GENE3868",-0.242417157894738,6.76954821881897e-10,1.40519942269205e-09,1,1,0,"Plasma cells"
"GENE3869",-0.0510173333333343,0.203711267897581,0.246623811014021,0,0,0,"Other"
"GENE3870",-0.0541032280701768,0.123803067147251,0.15646517175008,0,0,0,"Other"
"GENE3871",0.518409157894736,6.16607811407427e-36,2.20808526914029e-35,2,0,1,"Microenvironment"
"GENE3872",0.00139294736841983,0.970476391952014,0.975843531374574,0,0,0,"Other"
"GENE3873",-0.148980666666668,6.74989438185071e-05,0.000116427673684359,1,1,0,"Plasma cells"
"GENE3874",0.124787649122806,0.00067616574754635,0.00109900974814523,2,0,1,"Microenvironment"
"GENE3875",0.355916210526315,3.513668707869e-19,8.88411809827812e-19,2,0,1,"Microenvironment"
"GENE3876",0.043706140350876,0.246630883087589,0.292823844568226,0,0,0,"Other"
"GENE3877",-0.0562813684210537,0.147359796504902,0.183226355616913,0,0,0,"Other"
"GENE3878",-0.035646456140352,0.369530809255998,0.424504088748992,0,0,0,"Other"
"GENE3879",0.338833649122806,1.79808237737354e-15,4.22085065111159e-15,2,0,1,"Microenvironment"
"GENE3880",0.225295263157894,2.41848505444882e-08,4.7819773691524e-08,2,0,1,"Microenvironment"
"GENE3881",-0.0325122456140363,0.386384003331913,0.440951786969372,0,0,0,"Other"
"GENE3882",-0.213989403508773,3.52512826498429e-09,7.1576208426077e-09,1,1,0,"Plasma cells"
"GENE3883",0.0586452631578938,0.121490290207212,0.153882571510085,0,0,0,"Other"
"GENE3884",-0.0216254736842117,0.548670490864736,0.600295941865138,0,0,0,"Other"
"GENE3885",-0.195643438596493,1.6696934906078e-07,3.21249348842289e-07,1,1,0,"Plasma cells"
"GENE3886",0.129004385964911,0.00102022543521745,0.0016389163617951,2,0,1,"Microenvironment"
"GENE3887",-0.0572758245614045,0.142879750694199,0.178154302611221,0,0,0,"Other"
"GENE3888",-0.170745684210527,1.33044698092825e-05,2.39181479717438e-05,1,1,0,"Plasma cells"
"GENE3889",-0.0510597192982464,0.173313629047084,0.212654759566974,0,0,0,"Other"
"GENE3890",0.00478182456140246,0.89079475239001,0.907585076301589,0,0,0,"Other"
"GENE3891",0.247963578947367,3.6117013702843e-09,7.32968314618834e-09,2,0,1,"Microenvironment"
"GENE3892",-0.220255473684212,3.97808570113265e-09,8.06913935321024e-09,1,1,0,"Plasma cells"
"GENE3893",0.70213642105263,7.95634126345704e-52,3.89539351944041e-51,2,0,1,"Microenvironment"
"GENE3894",0.24011645614035,3.1275244031944e-09,6.35998861859563e-09,2,0,1,"Microenvironment"
"GENE3895",0.955386771929823,3.72264496117082e-80,3.42312180337547e-79,2,0,1,"Microenvironment"
"GENE3896",-0.0926683157894749,0.0132017425263389,0.0190501335156406,1,1,0,"Plasma cells"
"GENE3897",0.762549684210525,2.95161172807239e-59,1.68134137196561e-58,2,0,1,"Microenvironment"
"GENE3898",-0.0842392280701769,0.0249145176258782,0.034821128757342,1,1,0,"Plasma cells"
"GENE3899",0.234772982456139,1.27651161221751e-09,2.62927211579302e-09,2,0,1,"Microenvironment"
"GENE3900",0.0927255087719284,0.0133904572297999,0.0193154810382978,2,0,1,"Microenvironment"
"GENE3901",-0.445505614035089,6.57993956343116e-32,2.17878793491098e-31,1,1,0,"Plasma cells"
"GENE3902",-0.0935748771929839,0.0138007695376356,0.0198858350686392,1,1,0,"Plasma cells"
"GENE3903",-0.338510456140352,1.27461976277569e-16,3.05664211696808e-16,1,1,0,"Plasma cells"
"GENE3904",0.466934666666665,7.57864476631261e-27,2.26397155080287e-26,2,0,1,"Microenvironment"
"GENE3905",-0.940070315789475,1.07994022009194e-78,9.62084828589703e-78,1,1,0,"Plasma cells"
"GENE3906",-0.432461614035089,6.06664221586765e-25,1.73704859437871e-24,1,1,0,"Plasma cells"
"GENE3907",-0.0820788070175451,0.0226189144147335,0.0317904629862733,1,1,0,"Plasma cells"
"GENE3908",-0.261901824561405,6.07443471961432e-11,1.29105945156521e-10,1,1,0,"Plasma cells"
"GENE3909",0.0364093684210514,0.357076298591574,0.412209291303404,0,0,0,"Other"
"GENE3910",-0.45709407017544,5.0815550994119e-29,1.57812270168071e-28,1,1,0,"Plasma cells"
"GENE3911",2.21064115789474,1.46638247739585e-157,1.22198539782988e-155,2,0,1,"Microenvironment"
"GENE3912",-0.731935684210527,5.44173631999147e-51,2.58514789548288e-50,1,1,0,"Plasma cells"
"GENE3913",0.0831299298245603,0.0251948884324501,0.035188391665433,2,0,1,"Microenvironment"
"GENE3914",-0.47360705263158,2.00351221223045e-27,6.03922294568334e-27,1,1,0,"Plasma cells"
"GENE3915",0.862659789473683,2.95836170611637e-63,1.83749174292942e-62,2,0,1,"Microenvironment"
"GENE3916",0.134741543859647,0.000370887535876023,0.000615325650561631,2,0,1,"Microenvironment"
"GENE3917",0.0765514736842097,0.0449641761562274,0.0608240462038924,2,0,1,"Microenvironment"
"GENE3918",0.194353333333332,3.25929329289734e-07,6.19637508155387e-07,2,0,1,"Microenvironment"
"GENE3919",-0.256181192982458,3.38801185119558e-13,7.56252645356156e-13,1,1,0,"Plasma cells"
"GENE3920",-0.799893929824563,8.45661294973426e-61,5.00391298800844e-60,1,1,0,"Plasma cells"
"GENE3921",-0.00456975438596609,0.905000373127899,0.920417363974471,0,0,0,"Other"
"GENE3922",-0.0499759298245625,0.172078461454467,0.211204003012541,0,0,0,"Other"
"GENE3923",-0.0243162105263173,0.520345445224169,0.573541411104072,0,0,0,"Other"
"GENE3924",0.0194432982456126,0.615798625605538,0.662683481953767,0,0,0,"Other"
"GENE3925",0.0340538596491217,0.364428962874434,0.419728146126616,0,0,0,"Other"
"GENE3926",-0.203520877192984,1.01484025675279e-06,1.90134005949001e-06,1,1,0,"Plasma cells"
"GENE3927",-0.94941705263158,6.13674897345641e-76,5.12463379829345e-75,1,1,0,"Plasma cells"
"GENE3928",0.213819859649121,1.04004567220533e-07,2.01754737576203e-07,2,0,1,"Microenvironment"
"GENE3929",0.18491042105263,2.8382700023041e-06,5.23907706931999e-06,2,0,1,"Microenvironment"
"GENE3930",0.0530636842105253,0.169979427876195,0.208884089556,0,0,0,"Other"
"GENE3931",0.0475673684210515,0.211971469220667,0.255564097472859,0,0,0,"Other"
"GENE3932",0.64877842105263,5.18431658996351e-48,2.33791052534995e-47,2,0,1,"Microenvironment"
"GENE3933",0.346469333333332,6.92827790981409e-17,1.67653427944684e-16,2,0,1,"Microenvironment"
"GENE3934",-0.0664737192982469,0.0857739116493038,0.111721148354678,0,0,0,"Other"
"GENE3935",0.145184842105262,0.000171963913176056,0.000290602303635076,2,0,1,"Microenvironment"
"GENE3936",0.0126872631578936,0.730480154832465,0.769939557135668,0,0,0,"Other"
"GENE3937",-0.158290877192984,7.49263615963605e-05,0.000128905568337825,1,1,0,"Plasma cells"
"GENE3938",-0.0212201052631593,0.589838956549891,0.638699465673948,0,0,0,"Other"
"GENE3939",0.12178894736842,0.00147976883609923,0.00234697674242542,2,0,1,"Microenvironment"
"GENE3940",0.152029192982455,4.92876643543645e-05,8.5383567525967e-05,2,0,1,"Microenvironment"
"GENE3941",0.11145940350877,0.00421130706091164,0.00642457217530379,2,0,1,"Microenvironment"
"GENE3942",-0.0249197192982467,0.471593410498022,0.526920011729633,0,0,0,"Other"
"GENE3943",0.165850526315788,2.9266188605878e-05,5.14118376914853e-05,2,0,1,"Microenvironment"
"GENE3944",0.233218175438595,6.83320008457862e-10,1.41767636609515e-09,2,0,1,"Microenvironment"
"GENE3945",0.0282845964912266,0.480355818322718,0.535513732801247,0,0,0,"Other"
"GENE3946",0.136657508771929,0.000594510095595612,0.000969441656087422,2,0,1,"Microenvironment"
"GENE3947",-0.105031263157896,0.00602059811955663,0.00901962265102117,1,1,0,"Plasma cells"
"GENE3948",0.332886596491227,3.27356278321744e-15,7.62179926243873e-15,2,0,1,"Microenvironment"
"GENE3949",0.0119403859649112,0.76279611801578,0.797903889137845,0,0,0,"Other"
"GENE3950",0.00527312280701604,0.882882465495314,0.900900474995219,0,0,0,"Other"
"GENE3951",-0.407460175438598,3.59473606509872e-24,1.01046691921257e-23,1,1,0,"Plasma cells"
"GENE3952",-0.0600070175438611,0.10895862362309,0.139244247441648,0,0,0,"Other"
"GENE3953",-0.00747084210526452,0.846880791350473,0.870828577224137,0,0,0,"Other"
"GENE3954",0.289309824561402,1.39750879162915e-12,3.08671185340508e-12,2,0,1,"Microenvironment"
"GENE3955",0.0594792631578932,0.131937642528255,0.165750807196301,0,0,0,"Other"
"GENE3956",-0.00569880701754494,0.882499359190095,0.900739330635463,0,0,0,"Other"
"GENE3957",-0.11468705263158,0.00215738014219469,0.00338147357710767,1,1,0,"Plasma cells"
"GENE3958",-0.0662675438596503,0.0870320528979807,0.113175621453811,0,0,0,"Other"
"GENE3959",-0.540919473684211,5.60185050125911e-39,2.11990558231187e-38,1,1,0,"Plasma cells"
"GENE3960",-0.095731157894738,0.0103454956834718,0.0151804778921083,1,1,0,"Plasma cells"
"GENE3961",0.264691122807016,7.65287039734554e-11,1.62051252458349e-10,2,0,1,"Microenvironment"
"GENE3962",-0.194408421052633,2.03982540535289e-06,3.78621884984296e-06,1,1,0,"Plasma cells"
"GENE3963",0.0254822807017531,0.516893005898351,0.570207397571264,0,0,0,"Other"
"GENE3964",0.185370210526314,1.48328716498098e-06,2.76346001859521e-06,2,0,1,"Microenvironment"
"GENE3965",0.0520655087719286,0.178720013510723,0.218617753529936,0,0,0,"Other"
"GENE3966",-0.0433697192982467,0.246038961161334,0.292207792353128,0,0,0,"Other"
"GENE3967",-0.0561622807017559,0.141623821589155,0.176919202484891,0,0,0,"Other"
"GENE3968",-0.00430129824561524,0.906740110570923,0.921952323915529,0,0,0,"Other"
"GENE3969",-0.0502918596491239,0.174962986962571,0.21461267950024,0,0,0,"Other"
"GENE3970",-0.0808890526315802,0.031784922282177,0.0437357031746502,1,1,0,"Plasma cells"
"GENE3971",-0.375625263157896,2.55439524478214e-21,6.74427787401224e-21,1,1,0,"Plasma cells"
"GENE3972",-0.162206280701755,3.58470292184061e-05,6.25875673826384e-05,1,1,0,"Plasma cells"
"GENE3973",0.198448666666666,1.33353292365363e-07,2.57563094863087e-07,2,0,1,"Microenvironment"
"GENE3974",0.673165157894735,5.13453886842843e-51,2.44211123349747e-50,2,0,1,"Microenvironment"
"GENE3975",-0.0246134385964925,0.495569653312646,0.54941203249739,0,0,0,"Other"
"GENE3976",-0.217144456140352,1.04702702877736e-08,2.09405405755471e-08,1,1,0,"Plasma cells"
"GENE3977",0.147980526315788,0.000139925164447802,0.000237664822841277,2,0,1,"Microenvironment"
"GENE3978",0.0856853333333322,0.0251169241231801,0.0350917556733219,2,0,1,"Microenvironment"
"GENE3979",0.415226736842104,3.36740675996343e-25,9.69735568024026e-25,2,0,1,"Microenvironment"
"GENE3980",0.413789403508771,1.10707034800346e-26,3.28507521662747e-26,2,0,1,"Microenvironment"
"GENE3981",0.564363894736841,1.12661060608337e-38,4.22346993845688e-38,2,0,1,"Microenvironment"
"GENE3982",-0.105388280701756,0.00391603977772405,0.00600389387155852,1,1,0,"Plasma cells"
"GENE3983",0.120864596491227,0.0047958229774572,0.00728571663875002,2,0,1,"Microenvironment"
"GENE3984",-0.118031964912282,0.00165738881204653,0.00261934225530861,1,1,0,"Plasma cells"
"GENE3985",0.0695116491228059,0.0906769599929756,0.117533324683053,0,0,0,"Other"
"GENE3986",-0.367187122807019,1.63813040861575e-18,4.09788720104002e-18,1,1,0,"Plasma cells"
"GENE3987",-0.0237881754385978,0.487179522370637,0.541662469269336,0,0,0,"Other"
"GENE3988",-0.199604807017545,1.53543760035545e-07,2.96130684735863e-07,1,1,0,"Plasma cells"
"GENE3989",0.0275876140350868,0.461446856119453,0.516957383502112,0,0,0,"Other"
"GENE3990",1.82386115789473,9.72196198775177e-150,5.80415641059807e-148,2,0,1,"Microenvironment"
"GENE3991",-1.20072536842105,1.83199756994597e-97,2.71407047399403e-96,1,1,0,"Plasma cells"
"GENE3992",-0.875666912280703,1.3465717945572e-65,8.70159479520001e-65,1,1,0,"Plasma cells"
"GENE3993",-0.266121438596493,3.73037883095883e-12,8.16722239947199e-12,1,1,0,"Plasma cells"
"GENE3994",1.46767628070175,5.13363047058764e-121,1.45634906967025e-119,2,0,1,"Microenvironment"
"GENE3995",-2.19039533333333,8.56576835392533e-162,1.00052309113213e-159,1,1,0,"Plasma cells"
"GENE3996",0.245285789473683,6.21350552849178e-10,1.2904476694687e-09,2,0,1,"Microenvironment"
"GENE3997",0.214791614035086,2.499675646123e-09,5.09617868730479e-09,2,0,1,"Microenvironment"
"GENE3998",0.115331122807016,0.00202628641223049,0.00318849160067741,2,0,1,"Microenvironment"
"GENE3999",-0.260227684210527,1.64143839321439e-11,3.52997503917074e-11,1,1,0,"Plasma cells"
"GENE4000",0.195274140350876,2.33788009176354e-07,4.47227181590347e-07,2,0,1,"Microenvironment"
"GEP1Q01",-0.86847905263158,1.00835611218606e-34,3.51956758180124e-34,1,1,0,"Plasma cells"
"GEP1Q02",-0.516162315789475,6.04004974053421e-19,1.5214231084469e-18,1,1,0,"Plasma cells"
"GEP1Q03",-0.844130842105264,2.3805991932186e-51,1.14589612188621e-50,1,1,0,"Plasma cells"
"GEP1Q04",-0.53144305263158,1.06035264258901e-09,2.18855034590094e-09,1,1,0,"Plasma cells"
"GEP1Q05",-0.478093368421054,1.1929344301382e-22,3.26607646855085e-22,1,1,0,"Plasma cells"
"GEP1Q06",-2.31020652631579,5.12595438774836e-82,5.0377930100721e-81,1,1,0,"Plasma cells"
"GEP1Q07",-2.34558568421053,6.47760939690728e-107,1.23973385586742e-105,1,1,0,"Plasma cells"
"GEP1Q08",-0.381438000000001,1.01789225573428e-08,2.03680291292503e-08,1,1,0,"Plasma cells"
"GEP1Q09",-0.780541754385966,4.151461268091e-36,1.48931345940484e-35,1,1,0,"Plasma cells"
"GEP1Q10",-0.640369929824562,1.03376880912702e-12,2.28836482374547e-12,1,1,0,"Plasma cells"
"GEP1Q100",-0.689701754385966,3.57630965156874e-38,1.32948314184712e-37,1,1,0,"Plasma cells"
"GEP1Q101",-2.03794171929825,1.78068723666664e-123,5.47903765128197e-122,1,1,0,"Plasma cells"
"GEP1Q102",-0.720768456140353,2.67762308640628e-15,6.24518504118082e-15,1,1,0,"Plasma cells"
"GEP1Q103",-0.540376105263159,5.86085080750454e-20,1.5027822583345e-19,1,1,0,"Plasma cells"
"GEP1Q104",-2.16684992982456,7.56730262757755e-82,7.34689575492965e-81,1,1,0,"Plasma cells"
"GEP1Q105",-0.803148912280705,2.68332672177369e-27,8.07622790601563e-27,1,1,0,"Plasma cells"
"GEP1Q106",-0.990660982456142,1.23665450369457e-69,8.73960779996164e-69,1,1,0,"Plasma cells"
"GEP1Q107",-1.35292347368421,1.2476670143078e-57,6.84590954352701e-57,1,1,0,"Plasma cells"
"GEP1Q108",-0.594030456140352,2.05585292859092e-19,5.2179008339871e-19,1,1,0,"Plasma cells"
"GEP1Q109",-1.49757066666667,1.77427127064892e-51,8.60252737284327e-51,1,1,0,"Plasma cells"
"GEP1Q11",-0.549524666666668,1.08599267217057e-10,2.289916019337e-10,1,1,0,"Plasma cells"
"GEP1Q110",-0.894439368421054,1.42365947858654e-51,6.94468038334899e-51,1,1,0,"Plasma cells"
"GEP1Q111",-1.27834957894737,7.17828219248239e-76,5.98190182706866e-75,1,1,0,"Plasma cells"
"GEP1Q112",-0.812252491228072,1.4088730667772e-43,5.83988835969823e-43,1,1,0,"Plasma cells"
"GEP1Q113",-0.429053122807019,6.98912390103783e-09,1.40555533454758e-08,1,1,0,"Plasma cells"
"GEP1Q114",-2.25063785964912,1.71321577914969e-153,1.18152812355151e-151,1,1,0,"Plasma cells"
"GEP1Q115",-1.74912666666667,1.1156946420155e-82,1.12696428486414e-81,1,1,0,"Plasma cells"
"GEP1Q116",-0.37802807017544,7.43230337303634e-12,1.61221331302307e-11,1,1,0,"Plasma cells"
"GEP1Q117",-0.56208003508772,4.70476613067483e-20,1.21022922975558e-19,1,1,0,"Plasma cells"
"GEP1Q118",-0.395173929824563,1.76075748672539e-07,3.38281937891526e-07,1,1,0,"Plasma cells"
"GEP1Q119",-0.999480982456141,1.17245613574994e-36,4.25960448955474e-36,1,1,0,"Plasma cells"
"GEP1Q12",-1.85323466666667,7.62461983376087e-66,4.95105184010446e-65,1,1,0,"Plasma cells"
"GEP1Q120",-0.554050245614037,2.33341167200019e-09,4.76692884984716e-09,1,1,0,"Plasma cells"
"GEP1Q13",-0.746669473684212,1.7957387428808e-18,4.489346857202e-18,1,1,0,"Plasma cells"
"GEP1Q14",-0.40505856140351,0.000405614233835986,0.000669054406327399,1,1,0,"Plasma cells"
"GEP1Q15",-1.09458185964912,3.96660322325991e-42,1.60105074601813e-41,1,1,0,"Plasma cells"
"GEP1Q16",-0.932350385964913,1.81389359952298e-65,1.16649106078648e-64,1,1,0,"Plasma cells"
"GEP1Q17",-0.724235263157895,1.42488900527243e-20,3.6986087093379e-20,1,1,0,"Plasma cells"
"GEP1Q18",-1.50267628070175,1.46598148657827e-94,1.94169733321625e-93,1,1,0,"Plasma cells"
"GEP1Q19",-0.189296456140352,0.000888364378130243,0.00143226824366021,1,1,0,"Plasma cells"
"GEP1Q20",-0.434714000000001,2.0214341458695e-06,3.75382385491087e-06,1,1,0,"Plasma cells"
"GEP1Q21",-1.58957101754386,1.03283048479796e-79,9.41075612572169e-79,1,1,0,"Plasma cells"
"GEP1Q22",-0.723150736842107,8.01432924232125e-35,2.80466465173097e-34,1,1,0,"Plasma cells"
"GEP1Q23",-0.979058175438597,6.55542324743228e-31,2.13531701870758e-30,1,1,0,"Plasma cells"
"GEP1Q24",-0.850091719298247,6.34650378755346e-14,1.44075000852519e-13,1,1,0,"Plasma cells"
"GEP1Q25",-0.887146315789474,4.67199916341725e-23,1.2861663216565e-22,1,1,0,"Plasma cells"
"GEP1Q26",-0.725933403508773,2.23330464951472e-16,5.34283408974814e-16,1,1,0,"Plasma cells"
"GEP1Q27",-1.04136863157895,9.75051988639756e-61,5.75251910701921e-60,1,1,0,"Plasma cells"
"GEP1Q28",-0.681623789473685,1.71704231070701e-14,3.94495648640325e-14,1,1,0,"Plasma cells"
"GEP1Q29",-1.55050210526316,3.39802195134504e-73,2.62903052328436e-72,1,1,0,"Plasma cells"
"GEP1Q30",-0.501366456140352,1.60517340308642e-20,4.16117538065176e-20,1,1,0,"Plasma cells"
"GEP1Q31",-0.89875056140351,7.86613455495817e-19,1.97765796479149e-18,1,1,0,"Plasma cells"
"GEP1Q32",-0.616906210526318,9.31462022757755e-21,2.42252801757544e-20,1,1,0,"Plasma cells"
"GEP1Q33",-0.963030842105265,6.66695134625816e-31,2.16987838771624e-30,1,1,0,"Plasma cells"
"GEP1Q34",-0.95043757894737,6.10522777872827e-38,2.25910371090778e-37,1,1,0,"Plasma cells"
"GEP1Q35",-0.598263578947369,1.08842281502454e-15,2.57006567892453e-15,1,1,0,"Plasma cells"
"GEP1Q36",-1.26755687719298,7.81525270847731e-74,6.14165242316488e-73,1,1,0,"Plasma cells"
"GEP1Q37",-0.585090035087721,7.76142445925413e-17,1.87360880126835e-16,1,1,0,"Plasma cells"
"GEP1Q38",-2.67291954385965,6.30825447670508e-93,7.98513224899377e-92,1,1,0,"Plasma cells"
"GEP1Q39",-0.743484315789474,1.1285785770972e-24,3.21074986371892e-24,1,1,0,"Plasma cells"
"GEP1Q40",-2.34025603508772,5.83519789984949e-58,3.22832525579501e-57,1,1,0,"Plasma cells"
"GEP1Q41",-0.158496701754387,0.139992684227881,0.175100292967957,0,0,0,"Other"
"GEP1Q42",-0.709538807017546,3.44883768161438e-36,1.23836182463712e-35,1,1,0,"Plasma cells"
"GEP1Q43",-1.050374,4.43353384212265e-63,2.74097919142049e-62,1,1,0,"Plasma cells"
"GEP1Q44",-0.544401122807019,4.9609498850682e-22,1.33538354914353e-21,1,1,0,"Plasma cells"
"GEP1Q45",-0.771477122807018,1.86058516635393e-26,5.48440727001896e-26,1,1,0,"Plasma cells"
"GEP1Q46",-0.886389473684212,4.43126938496041e-35,1.56168084051468e-34,1,1,0,"Plasma cells"
"GEP1Q47",-0.483872245614036,5.71859025648071e-07,1.08101895207575e-06,1,1,0,"Plasma cells"
"GEP1Q48",-0.748438140350878,2.77835483172823e-22,7.51414423726363e-22,1,1,0,"Plasma cells"
"GEP1Q49",-0.645627719298247,2.80655630592369e-27,8.44077084488328e-27,1,1,0,"Plasma cells"
"GEP1Q50",-0.869440912280703,4.49918967513837e-34,1.55278332187692e-33,1,1,0,"Plasma cells"
"GEP1Q51",-0.964900561403511,7.10622619476968e-58,3.90989061610436e-57,1,1,0,"Plasma cells"
"GEP1Q52",-1.49352694736842,1.39166665895825e-68,9.63091113465917e-68,1,1,0,"Plasma cells"
"GEP1Q53",-0.944966701754387,4.63365578438051e-25,1.33055442480417e-24,1,1,0,"Plasma cells"
"GEP1Q54",-0.5124150877193,3.44705917739122e-19,8.72121234001573e-19,1,1,0,"Plasma cells"
"GEP1Q55",-1.00904466666667,1.49884991896602e-28,4.60830105754349e-28,1,1,0,"Plasma cells"
"GEP1Q56",-0.437448596491229,4.04283050513622e-06,7.42484941255505e-06,1,1,0,"Plasma cells"
"GEP1Q57",-2.07641554385965,5.68757631895067e-121,1.6021341743523e-119,1,1,0,"Plasma cells"
"GEP1Q58",-0.673605017543861,3.86103802357021e-35,1.36312022014835e-34,1,1,0,"Plasma cells"
"GEP1Q59",-0.687317754385966,2.50458323444876e-12,5.50457853725002e-12,1,1,0,"Plasma cells"
"GEP1Q60",-1.29855628070176,3.41075171289837e-52,1.68849094697939e-51,1,1,0,"Plasma cells"
"GEP1Q61",-0.368568666666668,1.89229327477753e-11,4.06726120317579e-11,1,1,0,"Plasma cells"
"GEP1Q62",-1.73524389473684,1.05810375501319e-39,4.08140310516176e-39,1,1,0,"Plasma cells"
"GEP1Q63",-1.03041561403509,3.19073325404302e-62,1.94556905734331e-61,1,1,0,"Plasma cells"
"GEP1Q64",-0.463360912280703,9.49009692811778e-17,2.28264508192851e-16,1,1,0,"Plasma cells"
"GEP1Q65",-1.7695772631579,9.95250120500568e-68,6.6683425159167e-67,1,1,0,"Plasma cells"
"GEP1Q66",-1.24840792982456,5.01129007868477e-72,3.75377533983878e-71,1,1,0,"Plasma cells"
"GEP1Q67",-0.852976350877195,4.76973352404523e-24,1.33699608242333e-23,1,1,0,"Plasma cells"
"GEP1Q68",-0.994483964912281,1.53876207251022e-36,5.57522490039936e-36,1,1,0,"Plasma cells"
"GEP1Q69",-0.610629403508773,1.63811597148485e-32,5.49703346135857e-32,1,1,0,"Plasma cells"
"GEP1Q70",-1.52021396491228,2.91614664408073e-76,2.46608595693931e-75,1,1,0,"Plasma cells"
"GEP1Q71",-0.447912526315791,3.37572816167132e-11,7.21694957064954e-11,1,1,0,"Plasma cells"
"GEP1Q72",-0.620519473684212,1.54882249076447e-34,5.38252820422058e-34,1,1,0,"Plasma cells"
"GEP1Q73",-0.914979473684212,1.87513054410872e-60,1.09337057965523e-59,1,1,0,"Plasma cells"
"GEP1Q74",-1.81767403508772,7.18311124566024e-99,1.1136606582419e-97,1,1,0,"Plasma cells"
"GEP1Q75",-0.585422842105264,2.32644311431031e-31,7.64648517439708e-31,1,1,0,"Plasma cells"
"GEP1Q76",-0.731744315789474,5.62952771773518e-43,2.3142971090381e-42,1,1,0,"Plasma cells"
"GEP1Q77",-0.98909852631579,1.54554465733085e-53,7.9360444535602e-53,1,1,0,"Plasma cells"
"GEP1Q78",-1.11837515789474,5.67130659380754e-50,2.65946381890154e-49,1,1,0,"Plasma cells"
"GEP1Q79",-1.94907940350877,2.51912185547895e-102,4.30619120594692e-101,1,1,0,"Plasma cells"
"GEP1Q80",-1.03985522807018,1.5939881933831e-47,7.10017012642807e-47,1,1,0,"Plasma cells"
"GEP1Q81",-0.606467438596492,1.47312207975511e-28,4.5326833223234e-28,1,1,0,"Plasma cells"
"GEP1Q82",-0.552307894736843,1.81236221086416e-10,3.80748363626923e-10,1,1,0,"Plasma cells"
"GEP1Q83",-1.80672603508772,8.80259929747953e-48,3.94735394505808e-47,1,1,0,"Plasma cells"
"GEP1Q84",-1.1034358245614,2.67238530542186e-46,1.16317097080386e-45,1,1,0,"Plasma cells"
"GEP1Q85",-0.501730736842106,3.05105819685815e-08,6.02380690396477e-08,1,1,0,"Plasma cells"
"GEP1Q86",-1.08888757894737,9.79625339042963e-39,3.67589245419498e-38,1,1,0,"Plasma cells"
"GEP1Q87",-0.746947789473685,3.75470445715755e-34,1.29696181594389e-33,1,1,0,"Plasma cells"
"GEP1Q88",-1.15536982456141,1.54346757489694e-67,1.03069621028177e-66,1,1,0,"Plasma cells"
"GEP1Q89",-0.387105859649124,5.44586950705143e-05,9.41377615739227e-05,1,1,0,"Plasma cells"
"GEP1Q90",-1.65269484210526,6.00226799070175e-41,2.37009594894442e-40,1,1,0,"Plasma cells"
"GEP1Q91",-1.12608221052632,1.15474152940951e-38,4.32487464198318e-38,1,1,0,"Plasma cells"
"GEP1Q92",-1.14466024561404,1.52087552142018e-47,6.78205360722489e-47,1,1,0,"Plasma cells"
"GEP1Q93",-1.75797821052632,5.33881727750266e-97,7.76555240364023e-96,1,1,0,"Plasma cells"
"GEP1Q94",-1.82860035087719,9.76768515817794e-98,1.45244388969189e-96,1,1,0,"Plasma cells"
"GEP1Q95",-0.647159368421054,3.54078803439085e-21,9.30561901285375e-21,1,1,0,"Plasma cells"
"GEP1Q96",-0.765376877192984,1.63895284463919e-17,4.01458137082471e-17,1,1,0,"Plasma cells"
"GEP1Q97",-1.81568410526316,2.08988745919135e-122,6.23847002743687e-121,1,1,0,"Plasma cells"
"GEP1Q98",-0.423318842105265,5.7316735355194e-11,1.21885667953629e-10,1,1,0,"Plasma cells"
"GEP1Q99",-0.664334105263159,4.03592011323565e-10,8.42132522323557e-10,1,1,0,"Plasma cells"
"IG01",-1.17976771929825,6.669787647905e-99,1.03809924481012e-97,1,1,0,"Plasma cells"
"IG02",-0.90995561403509,1.23366087167939e-72,9.38145149566074e-72,1,1,0,"Plasma cells"
"IG03",-0.596530140350879,1.72263613841111e-42,7.00258592850045e-42,1,1,0,"Plasma cells"
"IG04",-1.28132810526316,6.15569690946607e-99,9.65599515210364e-98,1,1,0,"Plasma cells"
"IG05",-2.33749992982456,9.49144838675931e-181,4.74572419337965e-178,1,1,0,"Plasma cells"
"IG06",-0.554877298245616,5.31476297073336e-38,1.97025504012358e-37,1,1,0,"Plasma cells"
"IG07",-0.304761228070177,6.73136930015201e-17,1.63184710306715e-16,1,1,0,"Plasma cells"
"IG08",-0.760886421052634,2.10777012098277e-59,1.20616315936067e-58,1,1,0,"Plasma cells"
"IG09",-0.476743192982458,1.58905784946643e-31,5.227163978508e-31,1,1,0,"Plasma cells"
"IG10",-2.09576754385965,9.89693006653276e-158,8.4229192055598e-156,1,1,0,"Plasma cells"
"IG11",-1.76047670175439,1.83028257245175e-132,6.65557299073364e-131,1,1,0,"Plasma cells"
"IG12",-1.28889361403509,1.23043393192798e-108,2.53697717923295e-107,1,1,0,"Plasma cells"
"IG13",-0.543514140350879,4.63745646856479e-35,1.63290720724112e-34,1,1,0,"Plasma cells"
"IG14",-0.599814000000002,1.8604414435145e-44,7.82520060363617e-44,1,1,0,"Plasma cells"
"IG15",-1.82581203508772,2.80666048142546e-147,1.62704955444954e-145,1,1,0,"Plasma cells"
"IG16",-1.75027971929825,5.29634168720043e-142,2.8247155665069e-140,1,1,0,"Plasma cells"
"IG17",-2.32483368421053,4.71612220080809e-174,1.88644888032324e-171,1,1,0,"Plasma cells"
"IG18",-0.271836771929826,1.07081755767524e-11,2.31028599282684e-11,1,1,0,"Plasma cells"
"IG19",-1.31880554385965,7.8985707050395e-109,1.63700947254705e-107,1,1,0,"Plasma cells"
"IG20",-0.89051210526316,3.69385510342586e-73,2.84690181381569e-72,1,1,0,"Plasma cells"
"IG21",-1.37555063157895,3.15765193209987e-115,7.60879983638523e-114,1,1,0,"Plasma cells"
"IG22",-0.409644771929827,4.15437565444075e-24,1.16695945349459e-23,1,1,0,"Plasma cells"
"IG23",-0.776289614035089,7.3585882197766e-60,4.24126122177326e-59,1,1,0,"Plasma cells"
"IG24",-0.799056877192984,2.26697129229002e-62,1.38652678427524e-61,1,1,0,"Plasma cells"
"IG25",-1.28943333333334,3.60276452944761e-103,6.23855329774478e-102,1,1,0,"Plasma cells"
"IG26",-0.740328947368422,2.90300799535025e-55,1.52589119335099e-54,1,1,0,"Plasma cells"
"IG27",-1.46619421052632,8.36842181624177e-119,2.18782269705667e-117,1,1,0,"Plasma cells"
"IG28",-1.10613733333333,9.1024825886334e-95,1.21772342322855e-93,1,1,0,"Plasma cells"
"IG29",-0.592492842105265,4.31365269778801e-42,1.73937608781775e-41,1,1,0,"Plasma cells"
"IG30",-1.18509,6.85888950737631e-97,9.90453358465894e-96,1,1,0,"Plasma cells"
"IG31",-0.493315649122808,3.18637262551717e-32,1.06301005021423e-31,1,1,0,"Plasma cells"
"MEHIGH001",2.83666859649123,2.47113776733731e-134,9.88455106934925e-133,2,0,1,"Microenvironment"
"MEHIGH002",0.713808350877191,2.55234230156599e-14,5.84060023241645e-14,2,0,1,"Microenvironment"
"MEHIGH003",0.50908992982456,4.97047730331594e-10,1.03390063511512e-09,2,0,1,"Microenvironment"
"MEHIGH004",0.751084350877192,7.60436816795182e-20,1.94360847743178e-19,2,0,1,"Microenvironment"
"MEHIGH005",0.756086315789472,2.46489738615483e-30,7.91299321398019e-30,2,0,1,"Microenvironment"
"MEHIGH006",1.00335035087719,3.2815933505682e-28,1.00201323681472e-27,2,0,1,"Microenvironment"
"MEHIGH007",0.45238792982456,7.3395927637449e-09,1.47307431284393e-08,2,0,1,"Microenvironment"
"MEHIGH008",0.981037754385963,8.14839807507415e-39,3.07154438308944e-38,2,0,1,"Microenvironment"
"MEHIGH009",1.00483231578947,8.08918937278077e-17,1.95155352781201e-16,2,0,1,"Microenvironment"
"MEHIGH010",0.816986245614034,1.57403827585395e-48,7.1956035467609e-48,2,0,1,"Microenvironment"
"MEHIGH011",1.47447592982456,6.6878534980886e-52,3.29045682562785e-51,2,0,1,"Microenvironment"
"MEHIGH012",1.62320505263158,2.75809439566992e-48,1.25367927075906e-47,2,0,1,"Microenvironment"
"MEHIGH013",1.33538063157895,4.51801624699084e-69,3.17610983971236e-68,2,0,1,"Microenvironment"
"MEHIGH014",0.247568842105262,4.12531708664728e-05,7.18070859294565e-05,2,0,1,"Microenvironment"
"MEHIGH015",0.727623999999998,1.32542064528778e-22,3.62384318602265e-22,2,0,1,"Microenvironment"
"MEHIGH016",1.44977610526316,5.53563429054154e-56,2.94057598435141e-55,2,0,1,"Microenvironment"
"MEHIGH017",1.48133270175439,1.10532034268693e-53,5.69752753962333e-53,2,0,1,"Microenvironment"
"MEHIGH018",2.5021567368421,8.68545443289215e-61,5.13173083184174e-60,2,0,1,"Microenvironment"
"MEHIGH019",0.600834245614034,3.82278332309755e-14,8.71289646290039e-14,2,0,1,"Microenvironment"
"MEHIGH020",0.260675228070174,1.52533227346787e-05,2.72868027454001e-05,2,0,1,"Microenvironment"
"MEHIGH021",0.884983999999998,5.43570058583838e-22,1.46022849854624e-21,2,0,1,"Microenvironment"
"MEHIGH022",0.472880982456139,8.12187899043566e-09,1.62844691537557e-08,2,0,1,"Microenvironment"
"MEHIGH023",1.85037498245614,1.52289455014864e-64,9.60816750882424e-64,2,0,1,"Microenvironment"
"MEHIGH024",1.15240438596491,3.54576987102587e-48,1.60623776716914e-47,2,0,1,"Microenvironment"
"MEHIGH025",2.03022480701754,2.72603271428891e-105,5.00189488860351e-104,2,0,1,"Microenvironment"
"MEHIGH026",0.965092210526314,5.83788799519763e-39,2.20714101897831e-38,2,0,1,"Microenvironment"
"MEHIGH027",1.15199975438596,6.55209410086105e-40,2.53957135692289e-39,2,0,1,"Microenvironment"
"MEHIGH028",0.88272298245614,9.03372650441078e-39,3.39613778361307e-38,2,0,1,"Microenvironment"
"MEHIGH029",1.57532143859649,7.71784985534971e-77,6.62476382433452e-76,2,0,1,"Microenvironment"
"MEHIGH030",0.563130596491227,9.52479635053561e-15,2.20226505214696e-14,2,0,1,"Microenvironment"
"MEHIGH031",1.84408242105263,5.09559505826965e-59,2.88293921259952e-58,2,0,1,"Microenvironment"
"MEHIGH032",1.07034312280702,1.20318920511898e-36,4.36729294054074e-36,2,0,1,"Microenvironment"
"MEHIGH033",1.84520435087719,1.4603928394988e-75,1.20943506376712e-74,2,0,1,"Microenvironment"
"MEHIGH034",0.925628526315788,1.19461118541988e-33,4.10166930616268e-33,2,0,1,"Microenvironment"
"MEHIGH035",0.279109684210525,6.4481149476668e-06,1.17398542515554e-05,2,0,1,"Microenvironment"
"MEHIGH036",1.64780133333333,1.37337546740771e-82,1.38375361955437e-81,2,0,1,"Microenvironment"
"MEHIGH037",2.00274221052631,1.2341644088126e-68,8.57058617230972e-68,2,0,1,"Microenvironment"
"MEHIGH038",1.02815628070175,1.89816582815904e-30,6.1083373392085e-30,2,0,1,"Microenvironment"
"MEHIGH039",1.33559305263158,6.0717902427532e-74,4.79036705542659e-73,2,0,1,"Microenvironment"
"MEHIGH040",1.28133845614035,7.01697995966178e-31,2.28009096983324e-30,2,0,1,"Microenvironment"
"MEHIGH041",0.473014596491227,5.76245784415341e-12,1.25612160090538e-11,2,0,1,"Microenvironment"
"MEHIGH042",0.492647333333332,1.08010588935367e-13,2.4409172640761e-13,2,0,1,"Microenvironment"
"MEHIGH043",0.333215473684209,0.00029942495665084,0.000498833747023474,2,0,1,"Microenvironment"
"MEHIGH044",0.583461684210525,9.71520156006184e-15,2.24499169498829e-14,2,0,1,"Microenvironment"
"MEHIGH045",2.15398792982456,3.05492243223303e-85,3.28486283035809e-84,2,0,1,"Microenvironment"
"MEHIGH046",0.568973789473683,2.29906867592856e-16,5.4968766908035e-16,2,0,1,"Microenvironment"
"MEHIGH047",1.107596,1.45348615744251e-68,1.00413551464077e-67,2,0,1,"Microenvironment"
"MEHIGH048",0.572019228070174,2.58097287066306e-22,6.98977080748289e-22,2,0,1,"Microenvironment"
"MEHIGH049",0.796086456140348,4.51967039099324e-27,1.3552235055452e-26,2,0,1,"Microenvironment"
"MEHIGH050",0.73375245614035,2.21812582528432e-29,6.92082940806339e-29,2,0,1,"Microenvironment"
"MEHIGH051",0.997676456140349,7.05112480729288e-27,2.10795958364511e-26,2,0,1,"Microenvironment"
"MEHIGH052",1.36401761403509,5.70635492773748e-27,1.7084894993226e-26,2,0,1,"Microenvironment"
"MEHIGH053",0.885181157894736,4.33472313897937e-23,1.19496158207564e-22,2,0,1,"Microenvironment"
"MEHIGH054",1.52298729824561,4.07526396128157e-75,3.31997064055525e-74,2,0,1,"Microenvironment"
"MEHIGH055",1.58359312280702,2.90655376946654e-36,1.04458356494754e-35,2,0,1,"Microenvironment"
"MEHIGH056",0.81548238596491,3.77662262443188e-13,8.40650556356568e-13,2,0,1,"Microenvironment"
"MEHIGH057",3.4375618245614,1.77994832367006e-132,6.53192045383506e-131,2,0,1,"Microenvironment"
"MEHIGH058",0.903525298245613,7.23336157245507e-20,1.84996459653582e-19,2,0,1,"Microenvironment"
"MEHIGH059",0.89898192982456,4.851397255904e-42,1.95423857236818e-41,2,0,1,"Microenvironment"
"MEHIGH060",2.94511701754386,4.15583686622869e-98,6.29672252458892e-97,2,0,1,"Microenvironment"
"MEHIGH061",3.09580028070175,3.60836325852626e-114,8.49026649065003e-113,2,0,1,"Microenvironment"
"MEHIGH062",1.7221890877193,1.80387918525892e-60,1.05336010818039e-59,2,0,1,"Microenvironment"
"MEHIGH063",1.19018189473684,1.85485487366189e-64,1.16291841608896e-63,2,0,1,"Microenvironment"
"MEHIGH064",1.88629589473684,1.29503712130412e-42,5.28586580124132e-42,2,0,1,"Microenvironment"
"MEHIGH065",1.06844256140351,1.28974180006838e-49,6.01979836671355e-49,2,0,1,"Microenvironment"
"MEHIGH066",1.43281929824561,1.71526767258596e-39,6.57820775680139e-39,2,0,1,"Microenvironment"
"MEHIGH067",3.20229340350877,1.66409092495726e-116,4.08365871155155e-115,2,0,1,"Microenvironment"
"MEHIGH068",1.16188101754386,8.61061786016348e-50,4.02835923282502e-49,2,0,1,"Microenvironment"
"MEHIGH069",0.546857192982455,8.78819482161729e-16,2.07881604296092e-15,2,0,1,"Microenvironment"
"MEHIGH070",0.756523859649122,7.01041451150561e-29,2.17208815228679e-28,2,0,1,"Microenvironment"
"MEHIGH071",0.542161508771929,9.84509342524334e-10,2.03411021182714e-09,2,0,1,"Microenvironment"
"MEHIGH072",0.31696842105263,7.52328285145519e-08,1.46581253803316e-07,2,0,1,"Microenvironment"
"MEHIGH073",0.743237298245613,6.62047119273284e-24,1.84671441917234e-23,2,0,1,"Microenvironment"
"MEHIGH074",0.913778807017543,9.69288762180044e-26,2.82180134550231e-25,2,0,1,"Microenvironment"
"MEHIGH075",0.680476421052631,1.55452520929437e-28,4.77580709460636e-28,2,0,1,"Microenvironment"
"MEHIGH076",1.32869392982456,2.33688639753456e-67,1.55533204494813e-66,2,0,1,"Microenvironment"
"MEHIGH077",0.763966070175438,1.26350966819911e-16,3.03363665834121e-16,2,0,1,"Microenvironment"
"MEHIGH078",0.61789396491228,1.94499695339634e-07,3.72783316415206e-07,2,0,1,"Microenvironment"
"MEHIGH079",0.618907087719297,7.15248534869134e-15,1.65471031780019e-14,2,0,1,"Microenvironment"
"MEHIGH080",1.54168357894737,3.86425588313115e-59,2.19559993359724e-58,2,0,1,"Microenvironment"
"MEHIGH081",1.17256845614035,1.46950773783367e-56,7.91121258591479e-56,2,0,1,"Microenvironment"
"MEHIGH082",0.748835298245613,7.67452860532025e-30,2.43635828740325e-29,2,0,1,"Microenvironment"
"MEHIGH083",1.32876529824561,1.4147449578572e-59,8.13071814860457e-59,2,0,1,"Microenvironment"
"MEHIGH084",0.74372494736842,1.98386614402726e-12,4.36494201106108e-12,2,0,1,"Microenvironment"
"MEHIGH085",0.890983298245614,6.03696953274008e-41,2.38144754743199e-40,2,0,1,"Microenvironment"
"MEHIGH086",0.190454491228069,0.027637357290337,0.0383585805556378,2,0,1,"Microenvironment"
"MEHIGH087",2.13267242105263,1.170276264276e-80,1.09371613483738e-79,2,0,1,"Microenvironment"
"MEHIGH088",0.811064385964912,2.38499006446317e-21,6.30532733499846e-21,2,0,1,"Microenvironment"
"MEHIGH089",0.77294940350877,1.89415268515829e-11,4.06907128927666e-11,2,0,1,"Microenvironment"
"MEHIGH090",0.918943298245612,9.61185219172252e-27,2.85641967064562e-26,2,0,1,"Microenvironment"
"MEHIGH091",2.55491087719298,1.44898419700566e-92,1.82262163145365e-91,2,0,1,"Microenvironment"
"MEHIGH092",0.893312070175436,4.885676690289e-51,2.32651270966143e-50,2,0,1,"Microenvironment"
"MEHIGH093",0.607193087719297,8.76580449885436e-21,2.28276158824332e-20,2,0,1,"Microenvironment"
"MEHIGH094",2.205466,7.05292337615782e-96,9.72817017401078e-95,2,0,1,"Microenvironment"
"MEHIGH095",0.635599122807016,9.82130554013122e-25,2.80008711051496e-24,2,0,1,"Microenvironment"
"MEHIGH096",0.219241649122806,0.000731140791883719,0.00118595424474245,2,0,1,"Microenvironment"
"MEHIGH097",0.828922596491227,6.31383158505444e-22,1.69271624264194e-21,2,0,1,"Microenvironment"
"MEHIGH098",1.03908,1.5799501886096e-32,5.30629786266867e-32,2,0,1,"Microenvironment"
"MEHIGH099",1.51525119298245,4.42547583339852e-63,2.74023271417865e-62,2,0,1,"Microenvironment"
"MEHIGH100",0.676687649122805,9.19352091407648e-26,2.6783746290099e-25,2,0,1,"Microenvironment"
"MEMGUS001",1.38114884210526,3.22313802848852e-28,9.84916127880372e-28,2,0,1,"Microenvironment"
"MEMGUS002",2.33597003508772,5.84669141908209e-89,6.79847839428149e-88,2,0,1,"Microenvironment"
"MEMGUS003",2.58093533333333,2.50427927878388e-137,1.07710936721887e-135,2,0,1,"Microenvironment"
"MEMGUS004",1.12821863157895,2.24837906055768e-41,8.93099924749822e-41,2,0,1,"Microenvironment"
"MEMGUS005",0.434324807017543,9.19639590871726e-10,1.90401571609053e-09,2,0,1,"Microenvironment"
"MEMGUS006",0.962693228070174,9.41446280925535e-27,2.79984024067073e-26,2,0,1,"Microenvironment"
"MEMGUS007",0.621886210526315,3.15098573060835e-24,8.86353229425697e-24,2,0,1,"Microenvironment"
"MEMGUS008",0.721237228070174,3.94828440175689e-30,1.26244105571763e-29,2,0,1,"Microenvironment"
"MEMGUS009",3.35418192982456,3.21885888957524e-153,2.18227721327135e-151,2,0,1,"Microenvironment"
"MEMGUS010",2.56282207017544,1.92809008026794e-70,1.40480151567792e-69,2,0,1,"Microenvironment"
"MEMGUS011",1.56330266666667,1.94284349956505e-83,2.00810697629462e-82,2,0,1,"Microenvironment"
"MEMGUS012",1.89031670175438,4.73909318958833e-41,1.87315936347365e-40,2,0,1,"Microenvironment"
"MEMGUS013",1.4278109122807,3.88450725753335e-86,4.29227321274404e-85,2,0,1,"Microenvironment"
"MEMGUS014",1.94848936842105,1.36547799398833e-50,6.44093393390723e-50,2,0,1,"Microenvironment"
"MEMGUS015",1.61640333333333,2.95495746122957e-59,1.68134137196561e-58,2,0,1,"Microenvironment"
"MEMGUS016",0.48893996491228,2.52784435740481e-06,4.67254040185732e-06,2,0,1,"Microenvironment"
"MEMGUS017",0.361750666666666,2.57793588700653e-07,4.91972497520331e-07,2,0,1,"Microenvironment"
"MEMGUS018",0.515295649122806,7.597279365124e-11,1.60959308583136e-10,2,0,1,"Microenvironment"
"MEMGUS019",0.468383999999999,5.17310999466129e-05,8.94614785068965e-05,2,0,1,"Microenvironment"
"MEMGUS020",0.447308070175437,1.28627093215435e-12,2.84415905396208e-12,2,0,1,"Microenvironment"
"MEMGUS021",1.89946164912281,4.31516731089278e-81,4.08053646420121e-80,2,0,1,"Microenvironment"
"MEMGUS022",0.971754596491226,1.72265823165336e-41,6.86318020579029e-41,2,0,1,"Microenvironment"
"MEMGUS023",0.747667052631578,4.62066387609837e-30,1.47625043964804e-29,2,0,1,"Microenvironment"
"MEMGUS024",1.26634887719298,1.06438424533181e-34,3.70865590707946e-34,2,0,1,"Microenvironment"
"MEMGUS025",2.36495266666667,3.63179397607891e-75,2.96472977639095e-74,2,0,1,"Microenvironment"
"MEMGUS026",0.490303719298244,2.1365674535892e-07,4.09108176848099e-07,2,0,1,"Microenvironment"
"MEMGUS027",0.848413228070174,7.0693864310972e-40,2.73213002168008e-39,2,0,1,"Microenvironment"
"MEMGUS028",1.40259470175438,6.11289594959514e-82,5.99303524470112e-81,2,0,1,"Microenvironment"
"MEMGUS029",0.858052877192981,9.24631473643041e-30,2.92142645700803e-29,2,0,1,"Microenvironment"
"MEMGUS030",0.641328315789472,8.19068391889482e-13,1.81813183549275e-12,2,0,1,"Microenvironment"
"MEMGUS031",1.18484301754386,1.406772706583e-49,6.55838091647085e-49,2,0,1,"Microenvironment"
"MEMGUS032",0.493863157894736,1.9069444494826e-21,5.04816531960978e-21,2,0,1,"Microenvironment"
"MEMGUS033",0.421121122807016,1.04748711988903e-10,2.20988843858446e-10,2,0,1,"Microenvironment"
"MEMGUS034",1.59031785964912,7.626240945681e-86,8.35752432403397e-85,2,0,1,"Microenvironment"
"MEMGUS035",0.664040105263157,1.91704828388971e-25,5.54862021386312e-25,2,0,1,"Microenvironment"
"MEMGUS036",0.832229543859648,5.45361048903587e-30,1.73681862708149e-29,2,0,1,"Microenvironment"
"MEMGUS037",0.970152105263157,6.02921156927579e-35,2.11737017358237e-34,2,0,1,"Microenvironment"
"MEMGUS038",1.35655112280702,2.02968574403934e-59,1.16314369285922e-58,2,0,1,"Microenvironment"
"MEMGUS039",1.127844,2.05203895109194e-36,7.42147902745729e-36,2,0,1,"Microenvironment"
"MEMGUS040",0.581597824561402,9.9217371104783e-10,2.04888737438891e-09,2,0,1,"Microenvironment"
"MEMGUS041",0.716541263157893,2.3736183928648e-24,6.70513670300791e-24,2,0,1,"Microenvironment"
"MEMGUS042",0.948587122807017,3.98008096075549e-40,1.54866963453521e-39,2,0,1,"Microenvironment"
"MEMGUS043",0.664868385964912,6.45710640182838e-20,1.65354837434786e-19,2,0,1,"Microenvironment"
"MEMGUS044",1.3333169122807,6.24376014334298e-71,4.59945498588801e-70,2,0,1,"Microenvironment"
"MEMGUS045",1.14121684210526,7.17157987874201e-49,3.30107244130818e-48,2,0,1,"Microenvironment"
"MEMGUS046",1.58139249122807,9.0491408132216e-68,6.08345600888847e-67,2,0,1,"Microenvironment"
"MEMGUS047",1.2136781754386,8.43292503114706e-30,2.6686471617554e-29,2,0,1,"Microenvironment"
"MEMGUS048",1.56292743859649,1.22170757704509e-85,1.33156139187476e-84,2,0,1,"Microenvironment"
"MEMGUS049",0.860694631578946,6.40973767785924e-53,3.23724125144406e-52,2,0,1,"Microenvironment"
"MEMGUS050",0.908941578947367,1.18762355036598e-21,3.15647455246772e-21,2,0,1,"Microenvironment"
"MEMGUS051",1.26541049122807,2.28195614536586e-32,7.63196035239418e-32,2,0,1,"Microenvironment"
"MEMGUS052",0.498609894736841,8.3828341056941e-14,1.89979243188535e-13,2,0,1,"Microenvironment"
"MEMGUS053",0.250809719298245,0.0245110871865693,0.0343052304920495,2,0,1,"Microenvironment"
"MEMGUS054",1.32126301754386,1.87789184616445e-27,5.67098276895342e-27,2,0,1,"Microenvironment"
"MEMGUS055",0.871384947368421,5.02787709314922e-20,1.29168326092466e-19,2,0,1,"Microenvironment"
"MEMGUS056",1.70810028070175,1.19487685086765e-61,7.19805331847984e-61,2,0,1,"Microenvironment"
"MEMGUS057",1.92377526315789,1.91745759923009e-98,2.94993476804629e-97,2,0,1,"Microenvironment"
"MEMGUS058",1.15840129824561,1.99491963786703e-34,6.92680429814942e-34,2,0,1,"Microenvironment"
"MEMGUS059",1.91828943859649,1.53243468095141e-108,3.08027071548023e-107,2,0,1,"Microenvironment"
"MEMGUS060",0.73978445614035,1.76893256412777e-23,4.90688644695637e-23,2,0,1,"Microenvironment"
"MEMGUS061",1.11717431578947,8.87984007839291e-20,2.26382156236913e-19,2,0,1,"Microenvironment"
"MEMGUS062",0.241454280701753,8.42123943128457e-05,0.000144446645476579,2,0,1,"Microenvironment"
"MEMGUS063",0.963703298245612,5.96467029760486e-43,2.4470442246584e-42,2,0,1,"Microenvironment"
"MEMGUS064",3.37926635087719,1.73206487224646e-130,6.1312030875981e-129,2,0,1,"Microenvironment"
"MEMGUS065",0.708984105263157,3.17758042014516e-34,1.09950879589798e-33,2,0,1,"Microenvironment"
"MEMGUS066",1.27590147368421,5.136222770037e-48,2.32145661922576e-47,2,0,1,"Microenvironment"
"MEMGUS067",0.873274596491227,1.64527906026458e-20,4.2623809851414e-20,2,0,1,"Microenvironment"
"MEMGUS068",0.739447368421051,1.55968271382863e-14,3.58547750305433e-14,2,0,1,"Microenvironment"
"MEMGUS069",0.521789333333332,5.2291393172874e-13,1.16332354110954e-12,2,0,1,"Microenvironment"
"MEMGUS070",2.40118540350877,5.89068062187334e-90,7.03364850372936e-89,2,0,1,"Microenvironment"
"MEMGUS071",0.905763368421052,8.15495033710247e-39,3.07154438308944e-38,2,0,1,"Microenvironment"
"MEMGUS072",1.31214610526316,3.49858994909896e-53,1.78272099317145e-52,2,0,1,"Microenvironment"
"MEMGUS073",3.39155978947368,2.25847508911428e-117,5.61111823382429e-116,2,0,1,"Microenvironment"
"MEMGUS074",1.20694866666667,2.56431429440209e-51,1.22841403324651e-50,2,0,1,"Microenvironment"
"MEMGUS075",0.814929508771928,8.2778119560423e-27,2.46914599732805e-26,2,0,1,"Microenvironment"
"MEMGUS076",0.620772245614033,1.87254394649738e-32,6.27317905024249e-32,2,0,1,"Microenvironment"
"MEMGUS077",0.533037719298244,3.62314667455986e-18,8.99601905539381e-18,2,0,1,"Microenvironment"
"MEMGUS078",0.712719859649122,4.70641089054305e-08,9.22825664812363e-08,2,0,1,"Microenvironment"
"MEMGUS079",1.59132852631579,4.04629864440744e-48,1.83090436398527e-47,2,0,1,"Microenvironment"
"MEMGUS080",0.733217999999999,1.51149158402553e-17,3.70918180128964e-17,2,0,1,"Microenvironment"
"MEOTH001",0.654330877192981,2.07249261284823e-33,7.06130362128868e-33,2,0,1,"Microenvironment"
"MEOTH002",0.571855228070174,2.77556177490436e-22,7.51166921489679e-22,2,0,1,"Microenvironment"
"MEOTH003",1.00175350877193,4.61167195015994e-62,2.8034479940182e-61,2,0,1,"Microenvironment"
"MEOTH004",2.00882884210526,7.07858041444596e-139,3.29236298346323e-137,2,0,1,"Microenvironment"
"MEOTH005",1.59578003508772,1.34666647485141e-87,1.52165703373041e-86,2,0,1,"Microenvironment"
"MEOTH006",0.892245754385964,1.38949605725664e-48,6.35924968996174e-48,2,0,1,"Microenvironment"
"MEOTH007",0.359365859649122,7.56777120101819e-09,1.51810856590134e-08,2,0,1,"Microenvironment"
"MEOTH008",0.723769999999998,1.22078559517835e-26,3.6117917017111e-26,2,0,1,"Microenvironment"
"MEOTH009",1.38669754385965,3.83931058539297e-90,4.61178448695853e-89,2,0,1,"Microenvironment"
"MEOTH010",1.03273561403509,4.04597481836431e-70,2.91601788710941e-69,2,0,1,"Microenvironment"
"MEOTH011",0.510524350877192,2.57110539521344e-11,5.50557900473971e-11,2,0,1,"Microenvironment"
"MEOTH012",1.21919231578947,2.79237908073572e-25,8.04720196177442e-25,2,0,1,"Microenvironment"
"MEOTH013",0.151632666666666,0.0762720419063643,0.0999961218044763,0,0,0,"Other"
"MEOTH014",1.93651375438596,2.68570084615027e-111,6.03528280033769e-110,2,0,1,"Microenvironment"
"MEOTH015",0.326903789473683,0.00230049132225036,0.00359732810359712,2,0,1,"Microenvironment"
"MEOTH016",1.00046477192982,1.96844593659631e-33,6.71251811286039e-33,2,0,1,"Microenvironment"
"MEOTH017",1.34007810526316,7.15884543353542e-63,4.4122313920095e-62,2,0,1,"Microenvironment"
"MEOTH018",0.488004771929824,8.50072947104505e-07,1.59863271669865e-06,2,0,1,"Microenvironment"
"MEOTH019",2.70592712280702,1.98761975707539e-141,1.01929218311558e-139,2,0,1,"Microenvironment"
"MEOTH020",0.686328842105263,6.7356589041038e-19,1.69557178202739e-18,2,0,1,"Microenvironment"
"MEOTH021",2.53793463157895,1.27204590058223e-93,1.65200766309381e-92,2,0,1,"Microenvironment"
"MEOTH022",0.782518350877192,1.78927548556379e-21,4.74294363303854e-21,2,0,1,"Microenvironment"
"MEOTH023",1.01515171929824,1.23486423055175e-52,6.18979564186343e-52,2,0,1,"Microenvironment"
"MEOTH024",0.932785508771928,2.0422059112981e-23,5.65316515238227e-23,2,0,1,"Microenvironment"
"MEOTH025",0.903536877192982,1.74519177802955e-30,5.62965089686953e-30,2,0,1,"Microenvironment"
"MEOTH026",1.22966361403509,4.01126430392207e-59,2.27589464052316e-58,2,0,1,"Microenvironment"
"MEOTH027",0.529260982456138,5.96980889671676e-06,1.08739688464786e-05,2,0,1,"Microenvironment"
"MEOTH028",1.627336,5.80486082301444e-97,8.41284177248469e-96,2,0,1,"Microenvironment"
"MEOTH029",1.58376621052632,2.68735925213695e-110,5.74836203665658e-109,2,0,1,"Microenvironment"
"MEOTH030",1.05627614035088,7.08491441930884e-38,2.61195001633506e-37,2,0,1,"Microenvironment"
"MEOTH031",0.857219999999999,1.18318114081259e-56,6.38694273043233e-56,2,0,1,"Microenvironment"
"MEOTH032",1.82027694736842,3.08575619137293e-101,5.07943405987313e-100,2,0,1,"Microenvironment"
"MEOTH033",0.566522175438595,7.87807602713957e-10,1.63360830008078e-09,2,0,1,"Microenvironment"
"MEOTH034",2.3373898245614,1.45072171172016e-141,7.6353774301061e-140,2,0,1,"Microenvironment"
"MEOTH035",0.304319508771929,9.63754090130511e-06,1.74041370678196e-05,2,0,1,"Microenvironment"
"MEOTH036",0.756002526315789,4.66998455662106e-18,1.15808668484093e-17,2,0,1,"Microenvironment"
"MEOTH037",1.72702680701754,2.20692508052514e-96,3.10834518383822e-95,2,0,1,"Microenvironment"
"MEOTH038",0.845090035087718,3.13042091750683e-39,1.19481714408658e-38,2,0,1,"Microenvironment"
"MEOTH039",1.13891147368421,1.6552060129765e-46,7.22797385579256e-46,2,0,1,"Microenvironment"
"MEOTH040",0.610799578947368,2.16465719877481e-13,4.85349147707357e-13,2,0,1,"Microenvironment"
"MEOTH041",1.36953421052631,1.10075318411075e-67,7.36289755258024e-67,2,0,1,"Microenvironment"
"MEOTH042",1.94460543859649,4.70486033000751e-62,2.85575740819879e-61,2,0,1,"Microenvironment"
"MEOTH043",0.553115719298245,3.1610521060281e-21,8.32951806595021e-21,2,0,1,"Microenvironment"
"MEOTH044",0.474917017543859,1.88204751840666e-15,4.41018750651824e-15,2,0,1,"Microenvironment"
"MEOTH045",0.902056210526314,1.47295948218145e-56,7.91913700097553e-56,2,0,1,"Microenvironment"
"MEOTH046",0.618641578947367,4.40418873269735e-21,1.15519704464193e-20,2,0,1,"Microenvironment"
"MEOTH047",1.26915231578947,1.57027782028388e-51,7.63196996492775e-51,2,0,1,"Microenvironment"
"MEOTH048",0.659681228070174,3.53684334013181e-26,1.03643760882983e-25,2,0,1,"Microenvironment"
"MEOTH049",1.76256343859649,2.86931229255764e-80,2.64452745857847e-79,2,0,1,"Microenvironment"
"MEOTH050",0.677847894736841,1.17653802366097e-13,2.65734166834775e-13,2,0,1,"Microenvironment"
"MEOTH051",0.457421578947367,6.79678147935753e-05,0.00011718588757513,2,0,1,"Microenvironment"
"MEOTH052",2.10796757894737,8.39665355210407e-82,8.13235210857537e-81,2,0,1,"Microenvironment"
"MEOTH053",0.440416842105262,1.51999121604934e-05,2.72034222111739e-05,2,0,1,"Microenvironment"
"MEOTH054",1.74662803508772,8.68441044450441e-100,1.37302931928923e-98,2,0,1,"Microenvironment"
"MEOTH055",2.03050810526316,1.72816803843603e-63,1.07506565377047e-62,2,0,1,"Microenvironment"
"MEOTH056",2.22033649122807,1.38835523259798e-140,6.94177616298991e-139,2,0,1,"Microenvironment"
"MEOTH057",0.725676526315787,1.10374527361562e-09,2.27693712968668e-09,2,0,1,"Microenvironment"
"MEOTH058",1.30224922807017,5.63353163682453e-28,1.71492591684156e-27,2,0,1,"Microenvironment"
"MEOTH059",0.262325192982455,0.00403019966156222,0.00616474135611811,2,0,1,"Microenvironment"
"MEOTH060",3.16513694736842,2.6177925764745e-122,7.75642244881334e-121,2,0,1,"Microenvironment"
"MEOTH061",0.750133333333332,6.16187107038931e-18,1.52144964700971e-17,2,0,1,"Microenvironment"
"MEOTH062",0.54961842105263,6.57750438072578e-11,1.39575689776674e-10,2,0,1,"Microenvironment"
"MEOTH063",2.32291757894737,1.76421260927662e-136,7.35088587198592e-135,2,0,1,"Microenvironment"
"MEOTH064",0.676747333333332,5.49589140159804e-14,1.24906622763592e-13,2,0,1,"Microenvironment"
"MEOTH065",1.54256866666667,7.06352145585077e-44,2.93701515835791e-43,2,0,1,"Microenvironment"
"MEOTH066",0.750087614035086,4.00239576983185e-47,1.77097157957161e-46,2,0,1,"Microenvironment"
"MEOTH067",1.41595364912281,1.17022428764851e-75,9.73159490767989e-75,2,0,1,"Microenvironment"
"MEOTH068",0.425952701754384,8.04088659921854e-08,1.56589807190235e-07,2,0,1,"Microenvironment"
"MEOTH069",0.0760963859649109,0.458146462992882,0.513617110978567,0,0,0,"Other"
"MEOTH070",1.34658098245614,3.29648722088504e-66,2.15105202015337e-65,2,0,1,"Microenvironment"
"MEOTH071",0.526283368421051,3.60866806511983e-22,9.73999477765137e-22,2,0,1,"Microenvironment"
"MEOTH072",0.938764701754385,2.64936396037947e-45,1.1297927336373e-44,2,0,1,"Microenvironment"
"MEOTH073",1.72956828070175,7.27341475563934e-70,5.2045901650371e-69,2,0,1,"Microenvironment"
"MEOTH074",0.698207298245613,4.92530519549085e-14,1.12066102286481e-13,2,0,1,"Microenvironment"
"MEOTH075",0.35776192982456,5.15994911690255e-07,9.76800590043076e-07,2,0,1,"Microenvironment"
"MEOTH076",1.46422203508772,6.12402265731035e-79,5.48010976045669e-78,2,0,1,"Microenvironment"
"MEOTH077",0.936256315789473,3.93005569863563e-38,1.45840631809914e-37,2,0,1,"Microenvironment"
"MEOTH078",0.901172947368421,7.21910552820347e-42,2.89342906942023e-41,2,0,1,"Microenvironment"
"MEOTH079",0.71581038596491,3.04050319719426e-32,1.01519305415501e-31,2,0,1,"Microenvironment"
"MEOTH080",0.639683859649121,6.03732341484404e-08,1.17916472946173e-07,2,0,1,"Microenvironment"
"MEOTH081",1.80679550877193,8.91983085434782e-78,7.80729177623441e-77,2,0,1,"Microenvironment"
"MEOTH082",0.398310701754384,1.57033835438487e-13,3.5308338490947e-13,2,0,1,"Microenvironment"
"MEOTH083",0.59441340350877,7.04231586841214e-16,1.66879522948155e-15,2,0,1,"Microenvironment"
"MEOTH084",1.42977266666667,2.33893677881612e-56,1.25076833091771e-55,2,0,1,"Microenvironment"
"MEOTH085",2.52219031578947,6.42111436816778e-111,1.41123392706984e-109,2,0,1,"Microenvironment"
"MEOTH086",1.55972221052632,3.11525738499881e-38,1.16024483612619e-37,2,0,1,"Microenvironment"
"MEOTH087",0.468719157894736,6.5482995055167e-24,1.82913394008846e-23,2,0,1,"Microenvironment"
"MEOTH088",0.446092035087718,2.69657997860702e-13,6.03599323694911e-13,2,0,1,"Microenvironment"
"MEOTH089",2.03792957894737,5.66050930526602e-150,3.43061170016122e-148,2,0,1,"Microenvironment"
"MEOTH090",1.22664670175438,6.52314027983565e-75,5.29260874631696e-74,2,0,1,"Microenvironment"
"MEOTH091",0.289974877192981,3.74551253592536e-05,6.5309721637757e-05,2,0,1,"Microenvironment"
"MEOTH092",1.39754084210526,6.57467608546659e-99,1.02729313835415e-97,2,0,1,"Microenvironment"
"MEOTH093",0.656521789473683,4.72887769282578e-09,9.5726269085542e-09,2,0,1,"Microenvironment"
"MEOTH094",1.13585610526316,4.05818985193776e-19,1.02544279265641e-18,2,0,1,"Microenvironment"
"MEOTH095",2.21448877192982,7.6611507539918e-92,9.48749319379789e-91,2,0,1,"Microenvironment"
"MEOTH096",0.3750509122807,0.000388818343313797,0.000643206523265172,2,0,1,"Microenvironment"
"MEOTH097",1.90612501754386,8.24417179270855e-83,8.34852839767954e-82,2,0,1,"Microenvironment"
"MEOTH098",2.23847831578947,3.6893503820699e-127,1.19978874213655e-125,2,0,1,"Microenvironment"
"MEOTH099",0.512160175438595,1.3200618258093e-05,2.37421191692321e-05,2,0,1,"Microenvironment"
"MEOTH100",0.935730280701753,1.78110145779154e-60,1.04157979987809e-59,2,0,1,"Microenvironment"
"MEOTH101",1.4013550877193,3.60860695541294e-57,1.9585383747153e-56,2,0,1,"Microenvironment"
"MEOTH102",1.15595364912281,4.44293518984276e-53,2.25330033752623e-52,2,0,1,"Microenvironment"
"MEOTH103",0.701122526315788,2.52675160036902e-25,7.28695486768283e-25,2,0,1,"Microenvironment"
"MEOTH104",2.89351449122807,1.55016209823535e-124,4.84425655698547e-123,2,0,1,"Microenvironment"
"MEOTH105",0.96841743859649,1.28728558193321e-45,5.53076512108792e-45,2,0,1,"Microenvironment"
"MEOTH106",0.604396771929824,1.85244290587003e-30,5.96599969684391e-30,2,0,1,"Microenvironment"
"MEOTH107",3.32227119298246,2.12777291992462e-159,1.93433901811329e-157,2,0,1,"Microenvironment"
"MEOTH108",0.687289087719297,2.69457525582472e-26,7.90777771335207e-26,2,0,1,"Microenvironment"
"MEOTH109",1.28237792982456,3.92063721658613e-78,3.44671403655924e-77,2,0,1,"Microenvironment"
"MEOTH110",0.521203684210525,8.14047135984033e-19,2.04406060510743e-18,2,0,1,"Microenvironment"
"MEOTH111",2.01332856140351,1.11292772328021e-127,3.67909991167011e-126,2,0,1,"Microenvironment"
"MEOTH112",0.323550631578946,6.58970607246588e-09,1.3265638797113e-08,2,0,1,"Microenvironment"
"MEOTH113",0.227866701754385,0.00151927296170714,0.00240772260175458,2,0,1,"Microenvironment"
"MEOTH114",1.467296,2.35116200086879e-78,2.07608123697024e-77,2,0,1,"Microenvironment"
"MEOTH115",0.408367192982455,1.79380938443981e-08,3.56091192940905e-08,2,0,1,"Microenvironment"
"MEOTH116",0.938963157894736,3.57125245581927e-52,1.76576141202436e-51,2,0,1,"Microenvironment"
"MEOTH117",1.01580729824561,1.67445049066508e-73,1.31072445453235e-72,2,0,1,"Microenvironment"
"MEOTH118",0.412450210526314,4.98010398737109e-17,1.20949702182662e-16,2,0,1,"Microenvironment"
"MEOTH119",0.491077333333332,2.10159290468282e-11,4.50985601863267e-11,2,0,1,"Microenvironment"
"MEOTH120",0.95677042105263,1.3248703851432e-26,3.91394500780856e-26,2,0,1,"Microenvironment"
"MEOTH121",0.66295642105263,6.20431889935856e-33,2.09605368221573e-32,2,0,1,"Microenvironment"
"MEOTH122",0.704699824561402,4.6059757858893e-25,1.32355626031302e-24,2,0,1,"Microenvironment"
"MEOTH123",1.26915003508772,1.98960109088131e-81,1.89485818179173e-80,2,0,1,"Microenvironment"
"MEOTH124",1.6161927368421,4.09532245118996e-65,2.62100636876157e-64,2,0,1,"Microenvironment"
"MEOTH125",1.62417494736842,1.86182002514674e-45,7.96500545517323e-45,2,0,1,"Microenvironment"
"MEOTH126",1.02091561403509,2.32360025507548e-53,1.18854232996188e-52,2,0,1,"Microenvironment"
"MEOTH127",0.970873754385964,2.05287348347124e-34,7.11567931879114e-34,2,0,1,"Microenvironment"
"MEOTH128",1.37088070175439,6.95263387588218e-83,7.07647213830247e-82,2,0,1,"Microenvironment"
"MEOTH129",2.2596747368421,1.07029850726276e-118,2.77999612276042e-117,2,0,1,"Microenvironment"
"MEOTH130",0.591125508771929,4.48185404135661e-31,1.46226885525501e-30,2,0,1,"Microenvironment"
"MEOTH131",2.5834530877193,2.18362582380542e-170,7.27875274601807e-168,2,0,1,"Microenvironment"
"MEOTH132",0.428666350877192,4.64256947696552e-06,8.49121074890812e-06,2,0,1,"Microenvironment"
"MEOTH133",1.84826859649123,4.75124086183306e-137,2.02180462205662e-135,2,0,1,"Microenvironment"
"MEOTH134",2.01549329824561,2.93812194011307e-87,3.31055993252177e-86,2,0,1,"Microenvironment"
"MEOTH135",0.398639473684209,9.67684372897157e-09,1.93827616003437e-08,2,0,1,"Microenvironment"
"MEOTH136",1.39466487719298,1.87775596960328e-61,1.12440477221753e-60,2,0,1,"Microenvironment"
"MEOTH137",0.79677049122807,8.34547916640359e-22,2.22694574153531e-21,2,0,1,"Microenvironment"
"MEOTH138",1.07327322807017,2.56250029318202e-56,1.36666682303041e-55,2,0,1,"Microenvironment"
"MEOTH139",1.15506712280702,1.56248409837129e-57,8.54984458753101e-57,2,0,1,"Microenvironment"
"MEOTH140",0.857531649122805,1.29352523208903e-39,4.97988539784035e-39,2,0,1,"Microenvironment"
"MEOTH141",0.954656245614033,3.79150155775671e-21,9.9514476581541e-21,2,0,1,"Microenvironment"
"MEOTH142",0.550338807017542,9.21180199895405e-17,2.21704019228738e-16,2,0,1,"Microenvironment"
"MEOTH143",0.567063228070174,2.66860663224704e-09,5.43227813180059e-09,2,0,1,"Microenvironment"
"MEOTH144",0.816296035087718,1.00549083747586e-21,2.6759569859637e-21,2,0,1,"Microenvironment"
"MEOTH145",1.70292940350877,3.67089772474719e-76,3.09128229452395e-75,2,0,1,"Microenvironment"
"MEOTH146",0.885660947368419,1.19387627367001e-15,2.81740713550444e-15,2,0,1,"Microenvironment"
"MEOTH147",1.06970442105263,3.59903476616126e-33,1.22208311244865e-32,2,0,1,"Microenvironment"
"MEOTH148",1.49724877192982,2.83131304790721e-45,1.2060971450084e-44,2,0,1,"Microenvironment"
"MEOTH149",1.04330375438596,1.28200807283841e-60,7.50809998734063e-60,2,0,1,"Microenvironment"
"MEOTH150",0.458698807017543,1.37078930286126e-17,3.37010277286113e-17,2,0,1,"Microenvironment"
"MEOTH151",1.42846884210526,1.48895363893399e-74,1.19835302932313e-73,2,0,1,"Microenvironment"
"MEOTH152",1.95915080701754,1.70480509813687e-103,2.99088613708222e-102,2,0,1,"Microenvironment"
"MEOTH153",1.50697287719298,4.03655684611924e-54,2.08877456461539e-53,2,0,1,"Microenvironment"
"MEOTH154",0.677263684210525,8.16583693119861e-12,1.76654125066492e-11,2,0,1,"Microenvironment"
"MEOTH155",2.055086,4.7277953350641e-133,1.78407371134494e-131,2,0,1,"Microenvironment"
"MEOTH156",1.78552726315789,4.10470379438708e-112,9.27616676697645e-111,2,0,1,"Microenvironment"
"MEOTH157",0.404807157894736,1.65763426891169e-07,3.19082631166831e-07,2,0,1,"Microenvironment"
"MEOTH158",0.488500210526315,3.26238645110246e-23,9.00589772561066e-23,2,0,1,"Microenvironment"
"MEOTH159",1.72682796491228,1.03775107996902e-93,1.36098502291018e-92,2,0,1,"Microenvironment"
"MEOTH160",0.853245157894735,6.37907060513439e-55,3.33110736560543e-54,2,0,1,"Microenvironment"
"MEOTH161",1.34236298245614,1.15535570650359e-25,3.35371758056195e-25,2,0,1,"Microenvironment"
"MEOTH162",2.69531178947368,1.72798696667453e-96,2.45104534280075e-95,2,0,1,"Microenvironment"
"MEOTH163",1.8469261754386,3.64004433073818e-88,4.16005066370078e-87,2,0,1,"Microenvironment"
"MEOTH164",1.18000996491228,1.55817948231257e-72,1.18043900175194e-71,2,0,1,"Microenvironment"
"MEOTH165",0.554178736842104,5.68061275073902e-22,1.52499671160779e-21,2,0,1,"Microenvironment"
"MEOTH166",0.471572526315788,2.81742546523934e-05,4.95807384995924e-05,2,0,1,"Microenvironment"
"MEOTH167",2.32203115789473,1.90647964420896e-80,1.77346943647345e-79,2,0,1,"Microenvironment"
"MEOTH168",1.26101856140351,3.28744916601163e-23,9.06882528554932e-23,2,0,1,"Microenvironment"
"MEOTH169",0.715529192982455,1.96542723142583e-29,6.14196009820571e-29,2,0,1,"Microenvironment"
"MEOTH170",1.05885996491228,6.32901794536984e-49,2.91659813150684e-48,2,0,1,"Microenvironment"
"MEOTH171",1.04593515789474,1.48899402437589e-56,7.99459878859541e-56,2,0,1,"Microenvironment"
"MEOTH172",0.960979438596489,1.04696638821963e-62,6.44287008135157e-62,2,0,1,"Microenvironment"
"MEOTH173",0.781273859649122,2.42741649776136e-21,6.4132536268464e-21,2,0,1,"Microenvironment"
"MEOTH174",2.01895343859649,6.28753801965729e-104,1.10793621491758e-102,2,0,1,"Microenvironment"
"MEOTH175",1.34949231578947,5.64764558141936e-51,2.67978438027016e-50,2,0,1,"Microenvironment"
"MEOTH176",1.10438242105263,2.03856033881923e-34,7.07219545123759e-34,2,0,1,"Microenvironment"
"MEOTH177",0.954888982456139,1.94134011787745e-39,7.4309669583826e-39,2,0,1,"Microenvironment"
"MEOTH178",0.33533740350877,1.77859338524339e-14,4.08402614292398e-14,2,0,1,"Microenvironment"
"MEOTH179",1.15474196491228,6.62604378816433e-20,1.69572457790514e-19,2,0,1,"Microenvironment"
"MEOTH180",1.93242392982456,5.97332943065708e-95,8.04488812209708e-94,2,0,1,"Microenvironment"
"MEOTH181",0.58894094736842,1.75310245600317e-32,5.87796297067282e-32,2,0,1,"Microenvironment"
"MEOTH182",1.08096645614035,3.08242769734533e-24,8.68289492209952e-24,2,0,1,"Microenvironment"
"MEOTH183",0.343819684210525,2.26524783657006e-05,4.01996066826984e-05,2,0,1,"Microenvironment"
"MEOTH184",0.884289964912279,3.26180219885992e-21,8.58368999699978e-21,2,0,1,"Microenvironment"
"MEOTH185",0.864729789473684,3.8384889413908e-40,1.49502977269359e-39,2,0,1,"Microenvironment"
"MEOTH186",1.0399310877193,1.939278392203e-68,1.33513142320344e-67,2,0,1,"Microenvironment"
"MEOTH187",1.72332610526316,2.39561278348597e-49,1.11036513718932e-48,2,0,1,"Microenvironment"
"MEOTH188",1.41024768421052,2.94356208938221e-33,1.00206369000245e-32,2,0,1,"Microenvironment"
"MEOTH189",0.837638140350876,1.00341096631718e-21,2.67219964398716e-21,2,0,1,"Microenvironment"
"MEOTH190",0.870805263157893,4.33648424666006e-15,1.0084847085256e-14,2,0,1,"Microenvironment"
"MEOTH191",0.410284456140349,1.54458160422234e-11,3.32525641382634e-11,2,0,1,"Microenvironment"
"MEOTH192",0.24793842105263,0.001384297673616,0.0022007912140159,2,0,1,"Microenvironment"
"MEOTH193",0.868635438596489,6.95104032483157e-52,3.41574463136687e-51,2,0,1,"Microenvironment"
"MEOTH194",0.592810736842104,3.75909737601809e-21,9.87287557719787e-21,2,0,1,"Microenvironment"
"MEOTH195",1.33155217543859,2.62508298487768e-71,1.94450591472421e-70,2,0,1,"Microenvironment"
"MEOTH196",0.930687263157894,7.25872220581314e-38,2.67356250674517e-37,2,0,1,"Microenvironment"
"MEOTH197",0.739322035087719,1.86213486823311e-39,7.13461635338356e-39,2,0,1,"Microenvironment"
"MEOTH198",1.90063126315789,4.88323520568005e-77,4.20063243499359e-76,2,0,1,"Microenvironment"
"MEOTH199",1.07075487719298,4.65113133099616e-32,1.54651083324893e-31,2,0,1,"Microenvironment"
"MEOTH200",1.45889764912281,3.81802281926992e-41,1.51208824525541e-40,2,0,1,"Microenvironment"
"MEOTH201",1.44218726315789,4.31250935262309e-73,3.31731488663314e-72,2,0,1,"Microenvironment"
"MEOTH202",2.72788859649123,1.15799479079191e-100,1.87529520776018e-99,2,0,1,"Microenvironment"
"MEOTH203",0.294550070175437,4.00495269502406e-06,7.35866365645211e-06,2,0,1,"Microenvironment"
"MEOTH204",0.419969614035087,1.62152905586617e-11,3.48903508524189e-11,2,0,1,"Microenvironment"
"MEOTH205",0.478832982456139,6.96530293309745e-12,1.51255221131324e-11,2,0,1,"Microenvironment"
"MEOTH206",0.878501438596489,2.18061963302069e-44,9.13348537390867e-44,2,0,1,"Microenvironment"
"MEOTH207",1.01426210526316,1.55947282628453e-51,7.58867555369602e-51,2,0,1,"Microenvironment"
"MEOTH208",1.63846214035088,4.42550099087628e-57,2.39539972442559e-56,2,0,1,"Microenvironment"
"MEOTH209",0.579577122807016,7.2566990426059e-12,1.57497537549775e-11,2,0,1,"Microenvironment"
"MEOTH210",0.648932807017543,6.88012546473832e-36,2.45938354414238e-35,2,0,1,"Microenvironment"
"MEOTH211",1.83704375438596,2.5933778895646e-95,3.52840529192463e-94,2,0,1,"Microenvironment"
"MEOTH212",2.18320242105263,1.10879289520627e-80,1.03868186904569e-79,2,0,1,"Microenvironment"
"MEOTH213",0.839965649122806,5.63154759735766e-34,1.94191296460609e-33,2,0,1,"Microenvironment"
"MEOTH214",1.60062333333333,4.0737479254039e-101,6.67827528754738e-100,2,0,1,"Microenvironment"
"MEOTH215",0.919143263157893,9.05355983278329e-49,4.16255624495783e-48,2,0,1,"Microenvironment"
"MEOTH216",0.664874035087718,2.65833746945401e-14,6.0796740296261e-14,2,0,1,"Microenvironment"
"MEOTH217",0.721937228070174,3.55213972904624e-37,1.29995964466468e-36,2,0,1,"Microenvironment"
"MEOTH218",1.68205722807017,4.04350113814941e-70,2.91601788710941e-69,2,0,1,"Microenvironment"
"MEOTH219",0.95084392982456,2.28176630179003e-47,1.01074919237654e-46,2,0,1,"Microenvironment"
"MEOTH220",1.19548996491228,1.28832572394211e-33,4.41585509491724e-33,2,0,1,"Microenvironment"
"MEOTH221",1.52894438596491,1.34000065455582e-69,9.45326740427389e-69,2,0,1,"Microenvironment"
"MEOTH222",0.990575859649122,9.40429634686582e-53,4.73172143238532e-52,2,0,1,"Microenvironment"
"MEOTH223",0.897770736842103,2.44150675597846e-59,1.39315649413892e-58,2,0,1,"Microenvironment"
"MEOTH224",0.881593122807017,2.26987050974994e-25,6.55558269963881e-25,2,0,1,"Microenvironment"
"MEOTH225",0.577782070175437,1.47523387000249e-20,3.82680640726976e-20,2,0,1,"Microenvironment"
"MEOTH226",1.29064459649123,3.79459866907847e-65,2.4363394344003e-64,2,0,1,"Microenvironment"
"MEOTH227",0.855189087719296,3.88118757360029e-37,1.41908137974416e-36,2,0,1,"Microenvironment"
"MEOTH228",1.24367301754386,1.01521259106081e-60,5.98063382068226e-60,2,0,1,"Microenvironment"
"MEOTH229",0.879616666666666,4.91659800743856e-31,1.60280293641029e-30,2,0,1,"Microenvironment"
"MEOTH230",0.720552070175437,2.05317827654126e-26,6.04765324459872e-26,2,0,1,"Microenvironment"
"MEOTH231",1.16981136842105,9.7575696967457e-53,4.90330135514859e-52,2,0,1,"Microenvironment"
"MEOTH232",0.568711473684209,2.51761706458906e-15,5.8822828611894e-15,2,0,1,"Microenvironment"
"MEOTH233",0.703056140350876,2.40824260660278e-39,9.20054481987691e-39,2,0,1,"Microenvironment"
"MEOTH234",1.88110621052631,6.45061910398247e-46,2.79247580258981e-45,2,0,1,"Microenvironment"
"MEOTH235",1.76817112280702,5.64803690852947e-53,2.85615014337773e-52,2,0,1,"Microenvironment"
"MEOTH236",1.09944726315789,8.38616484798621e-47,3.69028156127006e-46,2,0,1,"Microenvironment"
"MEOTH237",1.05718014035088,1.50931663999595e-30,4.87662888528577e-30,2,0,1,"Microenvironment"
"MEOTH238",3.189516,3.90731021226559e-142,2.11205957419761e-140,2,0,1,"Microenvironment"
"MEOTH239",0.960899859649122,1.54112507705162e-23,4.28387790702326e-23,2,0,1,"Microenvironment"
"MEOTH240",0.568127052631577,1.01155154578371e-13,2.28728444496034e-13,2,0,1,"Microenvironment"
"PCADV001",-1.16941628070176,9.04706939711917e-72,6.72644564841574e-71,1,1,0,"Plasma cells"
"PCADV002",-0.963996280701755,1.88444724070714e-52,9.38703482294962e-52,1,1,0,"Plasma cells"
"PCADV003",-0.477548526315791,4.05709234027039e-15,9.44058717922138e-15,1,1,0,"Plasma cells"
"PCADV004",-0.532509298245615,3.71105389909815e-11,7.92536871136817e-11,1,1,0,"Plasma cells"
"PCADV005",-0.725761438596492,9.9654861983194e-18,2.4560656064866e-17,1,1,0,"Plasma cells"
"PCADV006",-1.05240235087719,2.0655930288643e-22,5.61302453495733e-22,1,1,0,"Plasma cells"
"PCADV007",-1.06914814035088,4.37949735677972e-35,1.54479624577768e-34,1,1,0,"Plasma cells"
"PCADV008",-1.03779305263158,4.8995756156012e-42,1.96967863943767e-41,1,1,0,"Plasma cells"
"PCADV009",-1.05961778947369,4.76989591209998e-53,2.41513717068353e-52,1,1,0,"Plasma cells"
"PCADV010",-0.728165438596492,1.98389727272552e-18,4.95046106731259e-18,1,1,0,"Plasma cells"
"PCADV011",-0.663452526315791,7.83067691096302e-32,2.59079467691084e-31,1,1,0,"Plasma cells"
"PCADV012",-0.336083017543861,2.36357090353274e-07,4.51925602969931e-07,1,1,0,"Plasma cells"
"PCADV013",-0.843999649122808,1.08126441615715e-18,2.70993588009311e-18,1,1,0,"Plasma cells"
"PCADV014",-0.760653824561405,6.88952365077869e-23,1.8914272205295e-22,1,1,0,"Plasma cells"
"PCADV015",-0.701196421052633,5.97598195287913e-30,1.90015324415871e-29,1,1,0,"Plasma cells"
"PCADV016",-0.676967473684212,1.80479351778049e-21,4.78090998087548e-21,1,1,0,"Plasma cells"
"PCADV017",-1.59598992982456,2.33468412968927e-105,4.30356521601709e-104,1,1,0,"Plasma cells"
"PCADV018",-0.759211192982457,4.79001296089754e-15,1.112662708687e-14,1,1,0,"Plasma cells"
"PCADV019",-2.21904357894737,1.8870120366016e-140,9.3185779585264e-139,1,1,0,"Plasma cells"
"PCADV020",-0.943576491228071,1.32789677689294e-48,6.08429221944071e-48,1,1,0,"Plasma cells"
"PCADV021",-0.909024175438597,4.97798925798457e-32,1.65244456696583e-31,1,1,0,"Plasma cells"
"PCADV022",-0.499919964912283,5.3431329787382e-08,1.046134699704e-07,1,1,0,"Plasma cells"
"PCADV023",-1.41334761403509,2.48842137449663e-49,1.15204693263733e-48,1,1,0,"Plasma cells"
"PCADV024",-0.944397087719299,4.02924365642596e-27,1.20907536576923e-26,1,1,0,"Plasma cells"
"PCADV025",-0.868506526315791,6.68058300006477e-41,2.63015078742707e-40,1,1,0,"Plasma cells"
"PCADV026",-1.26813971929825,7.8961816772894e-61,4.67921877172705e-60,1,1,0,"Plasma cells"
"PCADV027",-0.415242175438598,1.35743217177113e-13,3.06072643014911e-13,1,1,0,"Plasma cells"
"PCADV028",-0.533982035087721,3.24919708279635e-21,8.55614768346636e-21,1,1,0,"Plasma cells"
"PCADV029",-0.433005473684212,5.36999149563011e-17,1.30339599408498e-16,1,1,0,"Plasma cells"
"PCADV030",-1.08065014035088,1.74098958530802e-56,9.33506480057919e-56,1,1,0,"Plasma cells"
"PCADV031",-1.95682575438597,7.80530481976208e-70,5.57521772840149e-69,1,1,0,"Plasma cells"
"PCADV032",-1.97980494736842,4.8713437020315e-102,8.2916488545217e-101,1,1,0,"Plasma cells"
"PCADV033",-1.09834733333333,2.21341366670374e-75,1.81427349729814e-74,1,1,0,"Plasma cells"
"PCADV034",-0.768279964912281,2.0374512150417e-23,5.64390918294101e-23,1,1,0,"Plasma cells"
"PCADV035",-1.32191778947368,1.3817795447016e-65,8.90035133463188e-65,1,1,0,"Plasma cells"
"PCADV036",-0.600051859649124,4.12178448408949e-33,1.39721507935237e-32,1,1,0,"Plasma cells"
"PCADV037",-1.79508701754386,8.37991339593579e-105,1.50989430557402e-103,1,1,0,"Plasma cells"
"PCADV038",-0.634350771929826,7.71500581704431e-27,2.302986811058e-26,1,1,0,"Plasma cells"
"PCADV039",-0.951331192982457,3.5641402544927e-32,1.18804675149757e-31,1,1,0,"Plasma cells"
"PCADV040",-0.86224856140351,5.21093309920499e-58,2.88694354526592e-57,1,1,0,"Plasma cells"
"PCADV041",-0.502185263157895,2.24474924460765e-10,4.70104553844533e-10,1,1,0,"Plasma cells"
"PCADV042",-0.688225122807019,1.268401688297e-19,3.22953962647232e-19,1,1,0,"Plasma cells"
"PCADV043",-0.514120666666668,9.15179084366193e-14,2.0717126980559e-13,1,1,0,"Plasma cells"
"PCADV044",-0.410334210526317,0.000176472636875208,0.00029809567039731,1,1,0,"Plasma cells"
"PCADV045",-0.377988210526317,8.44758994120065e-05,0.000144836518494653,1,1,0,"Plasma cells"
"PCADV046",-0.601406631578949,3.40995452544213e-17,8.30177608141723e-17,1,1,0,"Plasma cells"
"PCADV047",-0.648543824561405,5.53770883177715e-32,1.83519762444976e-31,1,1,0,"Plasma cells"
"PCADV048",-0.88174354385965,1.20553486800146e-56,6.498840258768e-56,1,1,0,"Plasma cells"
"PCADV049",-1.12269515789474,5.58463869470359e-20,1.4328771506616e-19,1,1,0,"Plasma cells"
"PCADV050",-0.441601508771931,3.48389782083226e-14,7.94503493918418e-14,1,1,0,"Plasma cells"
"PCADV051",-1.12792077192983,6.1032685642258e-30,1.93908453192242e-29,1,1,0,"Plasma cells"
"PCADV052",-0.465358736842107,1.24019439047432e-06,2.31703762816315e-06,1,1,0,"Plasma cells"
"PCADV053",-1.03987182456141,2.22693749232e-51,1.07451748724728e-50,1,1,0,"Plasma cells"
"PCADV054",-1.49604021052632,1.73524661334635e-53,8.89870058126333e-53,1,1,0,"Plasma cells"
"PCADV055",-1.29979768421053,6.58481040816192e-41,2.59499917563031e-40,1,1,0,"Plasma cells"
"PCADV056",-2.82017884210526,7.05212478706728e-138,3.16949428632237e-136,1,1,0,"Plasma cells"
"PCADV057",-2.76425140350877,9.6594529796868e-138,4.24591339766453e-136,1,1,0,"Plasma cells"
"PCADV058",-1.57755312280702,3.30116504355472e-82,3.2765906139501e-81,1,1,0,"Plasma cells"
"PCADV059",-0.667619578947369,6.76395913150268e-38,2.49823051948391e-37,1,1,0,"Plasma cells"
"PCADV060",-0.632314175438598,1.19271263449441e-14,2.74976976252314e-14,1,1,0,"Plasma cells"
"PCADV061",-0.862739754385966,1.04194389066784e-29,3.28171304147351e-29,1,1,0,"Plasma cells"
"PCADV062",-0.773309298245616,3.32166596331222e-21,8.73547919345751e-21,1,1,0,"Plasma cells"
"PCADV063",-1.3073590877193,2.00711523954147e-32,6.71837737085012e-32,1,1,0,"Plasma cells"
"PCADV064",-0.898927157894738,1.17982280672567e-26,3.49577127918718e-26,1,1,0,"Plasma cells"
"PCADV065",-1.92926501754386,2.82527987796577e-95,3.83088797012308e-94,1,1,0,"Plasma cells"
"PCADV066",-0.772328385964914,7.0101091173993e-40,2.7118410512183e-39,1,1,0,"Plasma cells"
"PCADV067",-1.63531428070175,1.15123457837434e-83,1.1992026858066e-82,1,1,0,"Plasma cells"
"PCADV068",-0.866419508771932,1.43674131079298e-25,4.16446756751589e-25,1,1,0,"Plasma cells"
"PCADV069",-0.444079508771931,1.16294315303152e-09,2.3978209340856e-09,1,1,0,"Plasma cells"
"PCADV070",-0.867058736842106,2.60576544880841e-26,7.65276196419503e-26,1,1,0,"Plasma cells"
"PCADV071",-0.804314491228071,5.73056069872565e-19,1.44619828359007e-18,1,1,0,"Plasma cells"
"PCADV072",-0.664543684210527,3.93040502727717e-38,1.45840631809914e-37,1,1,0,"Plasma cells"
"PCADV073",-0.675395894736843,2.45088232809484e-31,8.04227179030301e-31,1,1,0,"Plasma cells"
"PCADV074",-0.831941438596492,4.61321667935346e-41,1.82520936868584e-40,1,1,0,"Plasma cells"
"PCADV075",-0.407200421052633,4.27142862524065e-11,9.11238106718005e-11,1,1,0,"Plasma cells"
"PCADV076",-0.891101368421053,2.52565582485559e-51,1.21279991589704e-50,1,1,0,"Plasma cells"
"PCADV077",-1.4055101754386,1.96936729623835e-80,1.82348823725774e-79,1,1,0,"Plasma cells"
"PCADV078",-0.577341929824563,4.72677225669413e-18,1.17144293846199e-17,1,1,0,"Plasma cells"
"PCADV079",-0.738511894736843,4.92814780938343e-29,1.53166987082624e-28,1,1,0,"Plasma cells"
"PCADV080",-0.868549719298247,3.03235003927524e-13,6.77998890838512e-13,1,1,0,"Plasma cells"
"PCFAV001",-0.592965122807019,4.69772727038309e-21,1.23138329498902e-20,1,1,0,"Plasma cells"
"PCFAV002",-0.507714456140352,2.41637152728133e-06,4.47062262216713e-06,1,1,0,"Plasma cells"
"PCFAV003",-1.24954943859649,8.97949591412866e-79,8.0174070661863e-78,1,1,0,"Plasma cells"
"PCFAV004",-0.455420736842106,1.27289725470676e-16,3.05434254278767e-16,1,1,0,"Plasma cells"
"PCFAV005",-1.13622919298246,3.27393947390358e-68,2.23096386637382e-67,1,1,0,"Plasma cells"
"PCFAV006",-1.12150396491228,1.01714099828435e-45,4.38895792139958e-45,1,1,0,"Plasma cells"
"PCFAV007",-0.881314000000001,1.12781045637053e-36,4.10112893225648e-36,1,1,0,"Plasma cells"
"PCFAV008",-0.725982035087721,8.50816630003568e-30,2.69032926483342e-29,1,1,0,"Plasma cells"
"PCFAV009",-0.696836280701757,2.67754023740122e-24,7.55300490099075e-24,1,1,0,"Plasma cells"
"PCFAV010",-0.594325684210528,4.11912440354012e-08,8.08860953076115e-08,1,1,0,"Plasma cells"
"PCFAV011",-0.975007929824563,5.92714583085808e-19,1.49392459504929e-18,1,1,0,"Plasma cells"
"PCFAV012",-0.9417310877193,1.85686869195113e-41,7.39052215701942e-41,1,1,0,"Plasma cells"
"PCFAV013",-1.66542831578947,3.92183179138857e-63,2.43214374659756e-62,1,1,0,"Plasma cells"
"PCFAV014",-0.985282666666668,1.5359772637441e-51,7.48344586477026e-51,1,1,0,"Plasma cells"
"PCFAV015",-0.336325122807018,3.32694550979449e-08,6.55232990604528e-08,1,1,0,"Plasma cells"
"PCFAV016",-0.84012807017544,7.43490765295262e-21,1.93869821458999e-20,1,1,0,"Plasma cells"
"PCFAV017",-0.777366385964913,1.18712753057524e-29,3.73604258245551e-29,1,1,0,"Plasma cells"
"PCFAV018",-0.386271929824563,2.4409958767085e-06,4.5140931608109e-06,1,1,0,"Plasma cells"
"PCFAV019",-0.952855684210527,4.86537987807114e-42,1.95789934731233e-41,1,1,0,"Plasma cells"
"PCFAV020",-0.695197859649123,2.69158850633505e-13,6.02819374319161e-13,1,1,0,"Plasma cells"
"PCFAV021",-0.850101017543861,9.38641020216793e-39,3.52541228250439e-38,1,1,0,"Plasma cells"
"PCFAV022",-2.22569585964912,7.55795206832185e-82,7.34689575492965e-81,1,1,0,"Plasma cells"
"PCFAV023",-0.523751122807019,1.18863149195846e-13,2.68314106536899e-13,1,1,0,"Plasma cells"
"PCFAV024",-1.33247459649123,3.57183048702643e-76,3.01420294263834e-75,1,1,0,"Plasma cells"
"PCFAV025",-0.944525649122809,1.19602693611135e-17,2.94406630427409e-17,1,1,0,"Plasma cells"
"PCFAV026",-1.20030845614035,7.64330216015237e-78,6.70465101767752e-77,1,1,0,"Plasma cells"
"PCFAV027",-0.533714315789475,1.51817132834393e-13,3.41738059278319e-13,1,1,0,"Plasma cells"
"PCFAV028",-1.72059940350877,4.15162116217166e-89,4.84154071390281e-88,1,1,0,"Plasma cells"
"PCFAV029",-1.62546087719298,9.58644534230057e-93,1.20964609997484e-91,1,1,0,"Plasma cells"
"PCFAV030",-0.796036385964914,1.66764466669402e-41,6.65062678641684e-41,1,1,0,"Plasma cells"
"PCFAV031",-2.04024740350877,2.15202288161765e-83,2.21858029032748e-82,1,1,0,"Plasma cells"
"PCFAV032",-1.14782414035088,2.89872977135426e-69,2.04135899391145e-68,1,1,0,"Plasma cells"
"PCFAV033",-0.497554105263159,7.8029828002467e-06,1.41614932853842e-05,1,1,0,"Plasma cells"
"PCFAV034",-0.545113649122808,1.13706521864567e-07,2.2036147648172e-07,1,1,0,"Plasma cells"
"PCFAV035",-1.58121189473684,1.93410232859524e-98,2.96414149976282e-97,1,1,0,"Plasma cells"
"PCFAV036",-1.82367171929825,2.72900379916741e-103,4.74609356376941e-102,1,1,0,"Plasma cells"
"PCFAV037",-0.480565719298247,7.35801537136541e-17,1.77729839888053e-16,1,1,0,"Plasma cells"
"PCFAV038",-0.889545157894738,2.77360583417399e-60,1.61490878263406e-59,1,1,0,"Plasma cells"
"PCFAV039",-1.37140789473684,1.17019597697954e-38,4.37865660235561e-38,1,1,0,"Plasma cells"
"PCFAV040",-1.87034192982456,3.23519261709189e-118,8.34888417314035e-117,1,1,0,"Plasma cells"
"PCFAV041",-0.557111508771932,6.87989413229023e-15,1.59256808617829e-14,1,1,0,"Plasma cells"
"PCFAV042",-1.04044645614035,2.04706073510371e-40,8.00414754683759e-40,1,1,0,"Plasma cells"
"PCFAV043",-1.28019298245614,1.62852815562033e-75,1.34311600463532e-74,1,1,0,"Plasma cells"
"PCFAV044",-1.0368761754386,6.26204083763633e-28,1.90480329661941e-27,1,1,0,"Plasma cells"
"PCFAV045",-0.51663207017544,1.3104050812114e-12,2.89592283140641e-12,1,1,0,"Plasma cells"
"PCFAV046",-2.00457207017544,1.36567025638831e-95,1.87078117313467e-94,1,1,0,"Plasma cells"
"PCFAV047",-0.856014701754386,6.24180073650582e-36,2.23320241019886e-35,1,1,0,"Plasma cells"
"PCFAV048",-1.37215438596491,1.68092871977703e-80,1.56729950561961e-79,1,1,0,"Plasma cells"
"PCFAV049",-2.81781985964912,5.20506239112609e-105,9.46374980204744e-104,1,1,0,"Plasma cells"
"PCFAV050",-1.19190063157895,5.25087379540642e-25,1.50562689474019e-24,1,1,0,"Plasma cells"
"PCFAV051",-1.85314796491228,4.67966579973571e-110,9.90405460261527e-109,1,1,0,"Plasma cells"
"PCFAV052",-0.997050421052632,1.08585937441008e-51,5.30334248796132e-51,1,1,0,"Plasma cells"
"PCFAV053",-1.22248136842105,9.73839408538329e-37,3.54445644599938e-36,1,1,0,"Plasma cells"
"PCFAV054",-1.58358729824561,4.23190721584523e-96,5.91875135083249e-95,1,1,0,"Plasma cells"
"PCFAV055",-1.01623143859649,2.85832213142296e-54,1.48291679970063e-53,1,1,0,"Plasma cells"
"PCFAV056",-1.07316371929825,8.41826622108503e-22,2.24487099228934e-21,1,1,0,"Plasma cells"
"PCFAV057",-0.632166807017545,4.15284516015184e-17,1.0098103732892e-16,1,1,0,"Plasma cells"
"PCFAV058",-1.22007049122807,5.95541476955001e-24,1.66585028518881e-23,1,1,0,"Plasma cells"
"PCFAV059",-1.98015421052632,2.98320053126779e-107,5.7369240985919e-106,1,1,0,"Plasma cells"
"PCFAV060",-1.59949705263158,3.64583474566703e-58,2.03677918752348e-57,1,1,0,"Plasma cells"
"PCFAV061",-0.824814385964913,1.23507789269604e-29,3.88389274432717e-29,1,1,0,"Plasma cells"
"PCFAV062",-1.4966810877193,2.1190682221961e-82,2.1190682221961e-81,1,1,0,"Plasma cells"
"PCFAV063",-2.13663964912281,2.12859175303937e-92,2.66908056807445e-91,1,1,0,"Plasma cells"
"PCFAV064",-0.516962631578949,2.63260750402533e-19,6.67750793665271e-19,1,1,0,"Plasma cells"
"PCFAV065",-0.849904350877195,3.50546671982346e-34,1.21191589276524e-33,1,1,0,"Plasma cells"
"PCFAV066",-0.914423929824563,5.56826517853392e-45,2.35693764170748e-44,1,1,0,"Plasma cells"
"PCFAV067",-0.649412210526317,1.57153716971027e-08,3.1227762935127e-08,1,1,0,"Plasma cells"
"PCFAV068",-0.271212701754387,3.40671762938398e-06,6.27966383296586e-06,1,1,0,"Plasma cells"
"PCFAV069",-1.10584821052632,1.98283954554146e-68,1.36277631995976e-67,1,1,0,"Plasma cells"
"PCFAV070",-0.529198210526317,2.31214607740747e-12,5.08443337527756e-12,1,1,0,"Plasma cells"
"PCFAV071",-2.04520978947369,5.67697156671578e-62,3.43538370149215e-61,1,1,0,"Plasma cells"
"PCFAV072",-0.764157122807019,6.32631765604842e-39,2.38728968152771e-38,1,1,0,"Plasma cells"
"PCFAV073",-0.786782807017545,2.97026877989626e-18,7.38872830819965e-18,1,1,0,"Plasma cells"
"PCFAV074",-1.34052463157895,1.07657164178451e-41,4.31059716430235e-41,1,1,0,"Plasma cells"
"PCFAV075",-0.851745929824563,1.3482151591876e-17,3.31664245802607e-17,1,1,0,"Plasma cells"
"PCFAV076",-1.65745715789474,1.43933097665464e-66,9.43823591248944e-66,1,1,0,"Plasma cells"
"PCFAV077",-2.03308136842105,1.29104859462903e-54,6.70674594612485e-54,1,1,0,"Plasma cells"
"PCFAV078",-1.68379912280702,2.16628465838058e-73,1.68911084474119e-72,1,1,0,"Plasma cells"
"PCFAV079",-0.788345543859651,3.32196490874417e-29,1.03407467976472e-28,1,1,0,"Plasma cells"
"PCFAV080",-0.8433090877193,6.98435423101574e-24,1.94685832223435e-23,1,1,0,"Plasma cells"
"PCOTH001",-1.43464007017544,1.8454834924761e-109,3.86488689523792e-108,1,1,0,"Plasma cells"
"PCOTH002",-1.10251807017544,4.76894259783136e-85,5.08687210435346e-84,1,1,0,"Plasma cells"
"PCOTH003",-1.44439568421053,5.9704051583872e-122,1.74318398785028e-120,1,1,0,"Plasma cells"
"PCOTH004",-0.995435263157896,1.16161619663221e-83,1.20687397052698e-82,1,1,0,"Plasma cells"
"PCOTH005",-1.19246273684211,2.4018405744245e-97,3.54515213937195e-96,1,1,0,"Plasma cells"
"PCOTH006",-0.943202736842108,2.02970347528638e-78,1.80018046588592e-77,1,1,0,"Plasma cells"
"PCOTH007",-1.06865452631579,2.34246037352703e-82,2.33080634181794e-81,1,1,0,"Plasma cells"
"PCOTH008",-0.59652810526316,1.67119209377675e-44,7.03659828958631e-44,1,1,0,"Plasma cells"
"PCOTH009",-1.29173143859649,3.64129363289576e-103,6.27809247050993e-102,1,1,0,"Plasma cells"
"PCOTH010",-0.771060280701756,6.73554518545176e-60,3.89337871991431e-59,1,1,0,"Plasma cells"
"PCOTH011",-1.26007778947369,6.36176725937691e-105,1.15145108767003e-103,1,1,0,"Plasma cells"
"PCOTH012",-1.311126,2.99108430295163e-114,7.07948947444173e-113,1,1,0,"Plasma cells"
"PCOTH013",-0.359970350877194,3.44648574390107e-20,8.89415675845436e-20,1,1,0,"Plasma cells"
"PCOTH014",-0.290802771929826,1.81152230005343e-14,4.15725140574511e-14,1,1,0,"Plasma cells"
"PCOTH015",-2.17681445614035,4.82645922420773e-150,2.9701287533586e-148,1,1,0,"Plasma cells"
"PCOTH016",-1.25582540350877,1.50393653450667e-101,2.49616022324759e-100,1,1,0,"Plasma cells"
"PCOTH017",-1.78122789473684,2.79373853881868e-145,1.55207696601038e-143,1,1,0,"Plasma cells"
"PCOTH018",-1.33052792982456,8.95473916631571e-108,1.75583120908151e-106,1,1,0,"Plasma cells"
"PCOTH019",-1.00112340350877,6.76354650324745e-72,5.05685719868968e-71,1,1,0,"Plasma cells"
"PCOTH020",-1.39840175438597,3.49475639571852e-112,7.94262817208755e-111,1,1,0,"Plasma cells"
"PCOTH021",-2.05333985964912,6.01707165114652e-157,4.91189522542573e-155,1,1,0,"Plasma cells"
"PCOTH022",-0.615825298245615,7.1181722897098e-41,2.79692427886436e-40,1,1,0,"Plasma cells"
"PCOTH023",-2.06520950877193,1.58735701482799e-153,1.11393474724771e-151,1,1,0,"Plasma cells"
"PCOTH024",-1.78382347368421,3.18322627939012e-139,1.49798883736006e-137,1,1,0,"Plasma cells"
"PCOTH025",-1.27321259649123,5.23724186970727e-108,1.03707759796184e-106,1,1,0,"Plasma cells"
"PCOTH026",-0.391846245614036,4.99957919049489e-22,1.34487671566776e-21,1,1,0,"Plasma cells"
"PCOTH027",-1.33084280701754,2.37332004170626e-108,4.72302495861941e-107,1,1,0,"Plasma cells"
"PCOTH028",-0.57382757894737,2.44208357866254e-38,9.10375984589951e-38,1,1,0,"Plasma cells"
"PCOTH029",-1.4666118245614,5.57390610676208e-117,1.37627311278076e-115,1,1,0,"Plasma cells"
"PCOTH030",-0.647669192982457,3.60143202759581e-46,1.56244339592009e-45,1,1,0,"Plasma cells"
"PCOTH031",-0.750611824561405,8.14771644339393e-56,4.31667096338751e-55,1,1,0,"Plasma cells"
"PCOTH032",-1.05661557894737,3.51527116740655e-82,3.48046650238272e-81,1,1,0,"Plasma cells"
"PCOTH033",-2.66625564912281,1.50209414695211e-191,3.00418829390423e-188,1,1,0,"Plasma cells"
"PCOTH034",-2.53687066666667,1.08501452007498e-179,4.82228675588879e-177,1,1,0,"Plasma cells"
"PCOTH035",-1.29339094736842,1.48412539711507e-101,2.47354232852512e-100,1,1,0,"Plasma cells"
"PCOTH036",-0.883654947368422,2.64104055497617e-71,1.95271020700641e-70,1,1,0,"Plasma cells"
"PCOTH037",-1.52134164912281,2.66191467956187e-121,7.66018612823559e-120,1,1,0,"Plasma cells"
"PCOTH038",-0.870440912280703,2.48180160049894e-70,1.80494661854468e-69,1,1,0,"Plasma cells"
"PCOTH039",-1.46366621052632,8.02683384866523e-119,2.11232469701716e-117,1,1,0,"Plasma cells"
"PCOTH040",-0.960199684210528,3.24746362703578e-74,2.57735208494903e-73,1,1,0,"Plasma cells"
"PCOTH041",-0.90127554385965,2.44769406865435e-74,1.94647639654421e-73,1,1,0,"Plasma cells"
"PCOTH042",-1.2063878245614,3.34320582238807e-97,4.91647915057069e-96,1,1,0,"Plasma cells"
"PCOTH043",-1.37113073684211,1.04937953895221e-101,1.77110470709234e-100,1,1,0,"Plasma cells"
"PCOTH044",-1.5405012631579,9.08818307212281e-123,2.73328814199182e-121,1,1,0,"Plasma cells"
"PCOTH045",-0.627167333333335,1.90482742776326e-42,7.73533980817566e-42,1,1,0,"Plasma cells"
"PCOTH046",-1.44326912280702,1.65169541885022e-115,4.00411010630356e-114,1,1,0,"Plasma cells"
"PCOTH047",-1.70210796491228,3.17113151929102e-135,1.29433939562899e-133,1,1,0,"Plasma cells"
"PCOTH048",-0.497440456140352,1.00639435579706e-29,3.17224383229965e-29,1,1,0,"Plasma cells"
"PCOTH049",-1.12884301754386,5.57038853566123e-93,7.09603635116081e-92,1,1,0,"Plasma cells"
"PCOTH050",-1.01249705263158,4.42973773662717e-85,4.75038899370206e-84,1,1,0,"Plasma cells"
"PCOTH051",-0.844348456140352,6.4336785259331e-67,4.24665249236508e-66,1,1,0,"Plasma cells"
"PCOTH052",-0.68849354385965,5.32330387614862e-45,2.25802921575763e-44,1,1,0,"Plasma cells"
"PCOTH053",-0.339778666666668,1.43478978496269e-17,3.52311794957075e-17,1,1,0,"Plasma cells"
"PCOTH054",-0.653277929824563,1.17511071739981e-45,5.05423964473039e-45,1,1,0,"Plasma cells"
"PCOTH055",-1.61812301754386,3.43487245483496e-128,1.17431536917435e-126,1,1,0,"Plasma cells"
"PCOTH056",-1.16793919298246,1.08230712671024e-94,1.44307616894698e-93,1,1,0,"Plasma cells"
"PCOTH057",-1.83508080701754,1.10490294488723e-139,5.32483346933605e-138,1,1,0,"Plasma cells"
"PCOTH058",-0.556101684210528,4.54533755784675e-33,1.53818529876371e-32,1,1,0,"Plasma cells"
"PCOTH059",-0.244236877192984,1.35423605685746e-10,2.8495235283692e-10,1,1,0,"Plasma cells"
"PCOTH060",-0.670959508771931,1.03991172301386e-54,5.4162068906972e-54,1,1,0,"Plasma cells"
"PCOTH061",-1.34642992982456,1.52772552385369e-110,3.30319032184582e-109,1,1,0,"Plasma cells"
"PCOTH062",-0.218149754385966,3.10172545983256e-08,6.1208198516676e-08,1,1,0,"Plasma cells"
"PCOTH063",-1.13488470175439,1.73334980369364e-86,1.93670369127781e-85,1,1,0,"Plasma cells"
"PCOTH064",-1.2411638245614,4.47945616746716e-95,6.05331914522589e-94,1,1,0,"Plasma cells"
"PCOTH065",-2.66887456140351,1.59190134217777e-183,9.09657909815869e-181,1,1,0,"Plasma cells"
"PCOTH066",-2.7514918245614,1.55666968224631e-190,1.24533574579705e-187,1,1,0,"Plasma cells"
"PCOTH067",-0.993143368421053,1.28903949171017e-77,1.11847244400015e-76,1,1,0,"Plasma cells"
"PCOTH068",-2.19345792982456,2.89714198200863e-155,2.10701235055173e-153,1,1,0,"Plasma cells"
"PCOTH069",-0.573801684210528,1.39467858641654e-39,5.35928560311601e-39,1,1,0,"Plasma cells"
"PCOTH070",-0.99196101754386,4.39022716705406e-76,3.68153221555896e-75,1,1,0,"Plasma cells"
"PCOTH071",-2.19826456140351,2.12564142852648e-156,1.63510879117421e-154,1,1,0,"Plasma cells"
"PCOTH072",-1.2389530877193,7.27863433076474e-95,9.76997896746945e-94,1,1,0,"Plasma cells"
"PCOTH073",-0.666435789473685,4.38999911512328e-51,2.09796851379846e-50,1,1,0,"Plasma cells"
"PCOTH074",-0.905133298245615,5.74285564793751e-75,4.66898833165651e-74,1,1,0,"Plasma cells"
"PCOTH075",-1.19084582456141,1.31206146447276e-93,1.69846144268319e-92,1,1,0,"Plasma cells"
"PCOTH076",-0.902652771929825,3.80836641676063e-66,2.48102046694504e-65,1,1,0,"Plasma cells"
"PCOTH077",-1.0032670877193,1.29882622344812e-78,1.15451219862055e-77,1,1,0,"Plasma cells"
"PCOTH078",-0.321000807017545,3.03942600583632e-14,6.93932878044822e-14,1,1,0,"Plasma cells"
"PCOTH079",-0.966117403508773,5.13231356213769e-83,5.25044865691835e-82,1,1,0,"Plasma cells"
"PCOTH080",-1.2188809122807,4.49420647500555e-105,8.20859630137999e-104,1,1,0,"Plasma cells"
"PCOTH081",-0.980826982456142,1.67425673832095e-74,1.34478452877185e-73,1,1,0,"Plasma cells"
"PCOTH082",-2.05817354385965,4.19187565310589e-161,4.29935964421117e-159,1,1,0,"Plasma cells"
"PCOTH083",-0.910307228070177,9.4486216968546e-73,7.22647930925782e-72,1,1,0,"Plasma cells"
"PCOTH084",-0.821471614035089,3.33973955946918e-56,1.77882266815935e-55,1,1,0,"Plasma cells"
"PCOTH085",-0.865538526315791,5.32187487163282e-68,3.60805076042903e-67,1,1,0,"Plasma cells"
"PCOTH086",-0.836450105263159,3.72921185290931e-61,2.22307711052716e-60,1,1,0,"Plasma cells"
"PCOTH087",-2.21512480701754,6.80607554494877e-168,1.296395341895e-165,1,1,0,"Plasma cells"
"PCOTH088",-1.10900298245614,9.49241701223311e-90,1.12004920498326e-88,1,1,0,"Plasma cells"
"PCOTH089",-0.415537122807019,2.42084592991852e-23,6.69666923905537e-23,1,1,0,"Plasma cells"
"PCOTH090",-0.800988596491229,4.46270262799128e-59,2.52844341529251e-58,1,1,0,"Plasma cells"
"PCOTH091",-0.617632140350879,3.63276147009868e-45,1.54585594472284e-44,1,1,0,"Plasma cells"
"PCOTH092",-1.2850538245614,7.74268198262149e-107,1.46780701092351e-105,1,1,0,"Plasma cells"
"PCOTH093",-0.7602190877193,1.12290411713389e-56,6.06975198450754e-56,1,1,0,"Plasma cells"
"PCOTH094",-0.448010456140352,1.34579064297834e-25,3.90367119065509e-25,1,1,0,"Plasma cells"
"PCOTH095",-0.990587403508773,2.49101391316e-79,2.24922249495259e-78,1,1,0,"Plasma cells"
"PCOTH096",-1.26313705263158,2.0808197255507e-100,3.32931156088112e-99,1,1,0,"Plasma cells"
"PCOTH097",-0.980180280701755,1.60696294421018e-75,1.32806854893403e-74,1,1,0,"Plasma cells"
"PCOTH098",-2.23529631578947,5.62211000507887e-170,1.4992293346877e-167,1,1,0,"Plasma cells"
"PCOTH099",-2.68972410526316,5.0040841699696e-187,3.33605611331307e-184,1,1,0,"Plasma cells"
"PCOTH100",-0.539223438596492,6.81112637165623e-33,2.29524056332139e-32,1,1,0,"Plasma cells"
"PCOTH101",-1.29291754385965,5.67790843897172e-96,7.88598394301627e-95,1,1,0,"Plasma cells"
"PCOTH102",-0.767989052631581,7.30411894978064e-64,4.5650743436129e-63,1,1,0,"Plasma cells"
"PCOTH103",-0.580749789473685,1.57606106469119e-41,6.29166093689098e-41,1,1,0,"Plasma cells"
"PCOTH104",-1.96562273684211,9.55135027497129e-144,5.23361658902536e-142,1,1,0,"Plasma cells"
"PCOTH105",-1.43807782456141,2.06191577231661e-121,5.97656745599019e-120,1,1,0,"Plasma cells"
"PCOTH106",-0.849420315789475,7.4815250397133e-65,4.75772657533437e-64,1,1,0,"Plasma cells"
"PCOTH107",-0.996674140350879,6.42325894519189e-82,6.28191583881847e-81,1,1,0,"Plasma cells"
"PCOTH108",-2.13144168421053,1.98805267898355e-159,1.84935132928702e-157,1,1,0,"Plasma cells"
"PCOTH109",-0.488652596491229,8.8955857232256e-28,2.69972252601687e-27,1,1,0,"Plasma cells"
"PCOTH110",-0.781304736842107,3.30279018513046e-57,1.79743683544515e-56,1,1,0,"Plasma cells"
"PCOTH111",-0.769842631578948,8.32059906033654e-59,4.67449385412165e-58,1,1,0,"Plasma cells"
"PCOTH112",-1.13544754385965,1.25028687089445e-89,1.46232382560755e-88,1,1,0,"Plasma cells"
"PCOTH113",-1.26416884210526,4.17749006430241e-98,6.30564538007911e-97,1,1,0,"Plasma cells"
"PCOTH114",-1.88283701754386,3.35978256052079e-146,1.91987574886902e-144,1,1,0,"Plasma cells"
"PCOTH115",-1.04385329824562,6.00296313527354e-85,6.38613099497186e-84,1,1,0,"Plasma cells"
"PCOTH116",-0.50359305263158,1.26669037044369e-33,4.34542151095604e-33,1,1,0,"Plasma cells"
"PCOTH117",-1.68025270175439,1.32128031364816e-132,4.93936565849778e-131,1,1,0,"Plasma cells"
"PCOTH118",-0.310283052631581,5.70305242833833e-16,1.35464428226564e-15,1,1,0,"Plasma cells"
"PCOTH119",-0.670994631578949,5.72591380406821e-50,2.68192684031298e-49,1,1,0,"Plasma cells"
"PCOTH120",-0.636907157894738,6.49372376703724e-47,2.86382525558423e-46,1,1,0,"Plasma cells"
"PCOTH121",-1.3587730877193,5.62812199062088e-109,1.17252541471268e-107,1,1,0,"Plasma cells"
"PCOTH122",-1.50834831578948,1.06473214340221e-120,2.95758928722835e-119,1,1,0,"Plasma cells"
"PCOTH123",-1.12491961403509,2.358487500319e-88,2.71090517278046e-87,1,1,0,"Plasma cells"
"PCOTH124",-1.01455270175439,1.29932332029586e-79,1.17852455355634e-78,1,1,0,"Plasma cells"
"PCOTH125",-0.658065122807019,2.45155875448785e-46,1.06821732221693e-45,1,1,0,"Plasma cells"
"PCOTH126",-0.943287964912282,8.70833254793808e-72,6.49875563278961e-71,1,1,0,"Plasma cells"
"PCOTH127",-0.309039192982457,2.19239231965125e-15,5.12540577358563e-15,1,1,0,"Plasma cells"
"PCOTH128",-1.63779301754386,6.84422139173442e-123,2.07400648234376e-121,1,1,0,"Plasma cells"
"PCOTH129",-0.858497333333334,9.8339670895385e-70,6.97444474435355e-69,1,1,0,"Plasma cells"
"PCOTH130",-0.787903228070177,6.12464473548231e-63,3.78064489844587e-62,1,1,0,"Plasma cells"
"PCOTH131",-1.39141049122807,1.00126004746624e-112,2.31505213286992e-111,1,1,0,"Plasma cells"
"PCOTH132",-0.995319403508773,8.36037599917348e-77,7.16092162670106e-76,1,1,0,"Plasma cells"
"PCOTH133",-1.11985340350877,7.24294003964986e-94,9.53018426269718e-93,1,1,0,"Plasma cells"
"PCOTH134",-0.806561438596493,7.0134871839045e-68,4.73884269182737e-67,1,1,0,"Plasma cells"
"PCOTH135",-0.474768210526317,2.88983785477687e-28,8.8441862426224e-28,1,1,0,"Plasma cells"
"PCOTH136",-0.436015649122808,4.53346870808122e-28,1.38110242439641e-27,1,1,0,"Plasma cells"
"PCOTH137",-1.35811719298246,7.49582263268743e-110,1.57806792267104e-108,1,1,0,"Plasma cells"
"PCOTH138",-0.317547333333335,1.29955712111003e-15,3.05958121509131e-15,1,1,0,"Plasma cells"
"PCOTH139",-0.400909438596492,9.86716620684067e-26,2.86836226943043e-25,1,1,0,"Plasma cells"
"PCOTH140",-0.740739298245615,6.31484591165312e-58,3.47925394581439e-57,1,1,0,"Plasma cells"
"PCOTH141",-0.714461964912282,7.83650644657768e-55,4.08683517422565e-54,1,1,0,"Plasma cells"
"PCOTH142",-1.0369572631579,4.43228464067779e-82,4.3667828972195e-81,1,1,0,"Plasma cells"
"PCOTH143",-0.613780315789475,3.24714778239088e-40,1.26594455453835e-39,1,1,0,"Plasma cells"
"PCOTH144",-1.53194596491228,1.80997279109629e-119,4.8265941095901e-118,1,1,0,"Plasma cells"
"PCOTH145",-0.957068140350879,3.35473069521421e-77,2.89825546022826e-76,1,1,0,"Plasma cells"
"PCOTH146",-0.916306245614036,3.8451670316285e-67,2.54646823286656e-66,1,1,0,"Plasma cells"
"PCOTH147",-1.04502263157895,1.81764882509027e-82,1.82220433593009e-81,1,1,0,"Plasma cells"
"PCOTH148",-0.715865649122809,3.72323332428899e-56,1.98044325760053e-55,1,1,0,"Plasma cells"
"PCOTH149",-0.977938491228071,7.13395795836739e-88,8.10677040723568e-87,1,1,0,"Plasma cells"
"PCOTH150",-0.801111403508773,7.74299047535379e-62,4.6714874662768e-61,1,1,0,"Plasma cells"
"PCOTH151",-0.672047754385966,3.72523286060801e-52,1.83962116573235e-51,1,1,0,"Plasma cells"
"PCOTH152",-1.13690807017544,3.68779730895593e-98,5.60881719993297e-97,1,1,0,"Plasma cells"
"PCOTH153",-0.44435505263158,1.72559961895679e-26,5.09026436270441e-26,1,1,0,"Plasma cells"
"PCOTH154",-1.09014157894737,2.26384392947086e-92,2.82980491183858e-91,1,1,0,"Plasma cells"
"PCOTH155",-1.51423912280702,1.48295121080412e-127,4.86213511739057e-126,1,1,0,"Plasma cells"
"PCOTH156",-0.974106315789475,1.17462180409596e-75,9.74789878917812e-75,1,1,0,"Plasma cells"
"PCOTH157",-1.35864445614035,4.22733147028114e-110,8.99432227719391e-109,1,1,0,"Plasma cells"
"PCOTH158",-0.86207656140351,8.5985717729858e-71,6.29931998020937e-70,1,1,0,"Plasma cells"
"PCOTH159",-1.16829810526316,3.3596316215269e-93,4.30722002759859e-92,1,1,0,"Plasma cells"
"PCOTH160",-2.80702852631579,1.31941731632068e-190,1.24533574579705e-187,1,1,0,"Plasma cells"
"PCOTH161",-1.37136343859649,1.85727833552745e-110,3.99414695812355e-109,1,1,0,"Plasma cells"
"PCOTH162",-1.07127077192983,9.12288972689223e-82,8.81438620955771e-81,1,1,0,"Plasma cells"
"PCOTH163",-1.24806042105263,1.45216469696871e-96,2.06713835867432e-95,1,1,0,"Plasma cells"
"PCOTH164",-1.17618049122807,2.71766320557743e-98,4.14910413065257e-97,1,1,0,"Plasma cells"
"PCOTH165",-1.090006,5.88424618003578e-90,7.03364850372936e-89,1,1,0,"Plasma cells"
"PCOTH166",-0.791536526315791,9.24869880921414e-68,6.20718040886855e-67,1,1,0,"Plasma cells"
"PCOTH167",-0.285849649122808,7.88870140327819e-14,1.78882117988168e-13,1,1,0,"Plasma cells"
"PCOTH168",-1.38835568421053,1.64199964801609e-113,3.81860383259555e-112,1,1,0,"Plasma cells"
"PCOTH169",-1.07041259649123,8.32744312368481e-90,9.85496227655007e-89,1,1,0,"Plasma cells"
"PCOTH170",-0.571955929824563,2.45331080916409e-36,8.84873150284614e-36,1,1,0,"Plasma cells"
"PCOTH171",-0.333415298245615,1.39543338124893e-15,3.27951440951571e-15,1,1,0,"Plasma cells"
"PCOTH172",-1.58940589473684,4.94048501981326e-122,1.45308382935684e-120,1,1,0,"Plasma cells"
"PCOTH173",-1.0324890877193,8.12467202560669e-86,8.87942297880513e-85,1,1,0,"Plasma cells"
"PCOTH174",-0.620541859649124,1.72976506151899e-43,7.15518122655217e-43,1,1,0,"Plasma cells"
"PCOTH175",-0.66873354385965,1.88335011467601e-51,9.12033953838262e-51,1,1,0,"Plasma cells"
"PCOTH176",-2.38016564912281,2.24752121826697e-161,2.42975266839672e-159,1,1,0,"Plasma cells"
"PCOTH177",-0.830076245614037,9.84599902304987e-65,6.23164495129738e-64,1,1,0,"Plasma cells"
"PCOTH178",-1.68717835087719,3.48321962868651e-133,1.33969985718712e-131,1,1,0,"Plasma cells"
"PCOTH179",-0.644143929824562,1.28929343796174e-50,6.08875295377445e-50,1,1,0,"Plasma cells"
"PCOTH180",-1.3250112631579,6.53542095518351e-102,1.10769846698026e-100,1,1,0,"Plasma cells"
"PCOTH181",-1.02319673684211,2.45885526043684e-79,2.22520838048583e-78,1,1,0,"Plasma cells"
"PCOTH182",-0.783632947368423,1.83727844333386e-59,1.05439221999074e-58,1,1,0,"Plasma cells"
"PCOTH183",-1.19542905263158,5.48560064227042e-98,8.24902352221117e-97,1,1,0,"Plasma cells"
"PCOTH184",-0.584609438596493,6.99541342838116e-40,2.70877577091236e-39,1,1,0,"Plasma cells"
"PCOTH185",-1.24208754385965,1.28236197239228e-96,1.83194567484612e-95,1,1,0,"Plasma cells"
"PCOTH186",-1.07131375438597,1.07884263424226e-86,1.20878726525743e-85,1,1,0,"Plasma cells"
"PCOTH187",-1.37248424561404,1.11222977174737e-110,2.43110332622376e-109,1,1,0,"Plasma cells"
"PCOTH188",-1.17346470175439,2.10863669980009e-91,2.58728429423324e-90,1,1,0,"Plasma cells"
"PCOTH189",-0.713325403508773,1.10470323194649e-50,5.22318312977064e-50,1,1,0,"Plasma cells"
"PCOTH190",-0.408267263157896,1.26005535226158e-24,3.57970270528858e-24,1,1,0,"Plasma cells"
"PCOTH191",-0.560901964912282,1.64927455717699e-37,6.04683613997062e-37,1,1,0,"Plasma cells"
"PCOTH192",-0.759673298245615,1.47160171269355e-52,7.36721758544957e-52,1,1,0,"Plasma cells"
"PCOTH193",-1.6332829122807,1.65881252899882e-132,6.14375010740302e-131,1,1,0,"Plasma cells"
"PCOTH194",-0.219455368421054,1.98126593698455e-09,4.05997118234539e-09,1,1,0,"Plasma cells"
"PCOTH195",-0.813090210526317,1.07090581071921e-60,6.29944594540714e-60,1,1,0,"Plasma cells"
"PCOTH196",-0.947090736842106,1.00328736795386e-69,7.10291941914238e-69,1,1,0,"Plasma cells"
"PCOTH197",-0.548987894736843,5.97664830440548e-39,2.25746867021926e-38,1,1,0,"Plasma cells"
"PCOTH198",-0.873095017543861,1.27210854871656e-60,7.46104720654875e-60,1,1,0,"Plasma cells"
"PCOTH199",-0.517763368421054,6.25350982643292e-35,2.19421397418699e-34,1,1,0,"Plasma cells"
"PCOTH200",-0.571739964912282,6.51933446198915e-40,2.52932471852149e-39,1,1,0,"Plasma cells"
"PCOTH201",-1.33435585964912,1.30223983095506e-108,2.65763230807154e-107,1,1,0,"Plasma cells"
"PCOTH202",-0.403657473684211,4.91098774187831e-23,1.35102826461577e-22,1,1,0,"Plasma cells"
"PCOTH203",-0.809139684210527,7.26079433830474e-67,4.78470796593393e-66,1,1,0,"Plasma cells"
"PCOTH204",-0.445563649122809,1.73944434730063e-28,5.33163018329696e-28,1,1,0,"Plasma cells"
"PCOTH205",-1.72839136842105,5.42059689766409e-131,1.93592746345146e-129,1,1,0,"Plasma cells"
"PCOTH206",-0.977187228070177,4.87750579216021e-70,3.50269715774522e-69,1,1,0,"Plasma cells"
"PCOTH207",-0.354513614035089,4.1861010466157e-20,1.07750348690237e-19,1,1,0,"Plasma cells"
"PCOTH208",-0.650268701754387,2.63031193643664e-45,1.12286528769974e-44,1,1,0,"Plasma cells"
"PCOTH209",-1.33921385964912,5.84509361561586e-120,1.59050166411316e-118,1,1,0,"Plasma cells"
"PCOTH210",-1.05203803508772,1.78707984397145e-85,1.93721392300428e-84,1,1,0,"Plasma cells"
"PCOTH211",-1.55188821052632,7.70278667016682e-126,2.4847698936022e-124,1,1,0,"Plasma cells"
"PCOTH212",-0.53495757894737,2.30245028171088e-36,8.31209487982267e-36,1,1,0,"Plasma cells"
"PCOTH213",-1.80337785964913,9.41017014913353e-138,4.18229784405935e-136,1,1,0,"Plasma cells"
"PCOTH214",-1.37720210526316,3.85319328880487e-118,9.87998279180736e-117,1,1,0,"Plasma cells"
"PCOTH215",-0.510663298245615,1.24986727926231e-34,4.34736444960805e-34,1,1,0,"Plasma cells"
"PCOTH216",-0.441300842105264,2.00149276254889e-27,6.03768555821686e-27,1,1,0,"Plasma cells"
"PCOTH217",-1.64269287719298,3.82212615066176e-133,1.45604805739496e-131,1,1,0,"Plasma cells"
"PCOTH218",-0.229347859649124,1.21896776672013e-08,2.43306939465096e-08,1,1,0,"Plasma cells"
"PCOTH219",-0.623014877192984,4.50507495580682e-43,1.85394031103161e-42,1,1,0,"Plasma cells"
"PCOTH220",-0.680185192982458,7.54037752434127e-53,3.80346911694389e-52,1,1,0,"Plasma cells"
"PCOTH221",-1.84830301754386,7.69679685200694e-149,4.52752756000408e-147,1,1,0,"Plasma cells"
"PCOTH222",-1.28660189473684,2.38392715571201e-101,3.9403754639868e-100,1,1,0,"Plasma cells"
"PCOTH223",-1.99888947368421,1.32671858267835e-154,9.47656130484533e-153,1,1,0,"Plasma cells"
"PCOTH224",-0.880719508771932,1.34065779311067e-68,9.29398816714505e-68,1,1,0,"Plasma cells"
"PCOTH225",-2.73911140350877,1.54135862801138e-190,1.24533574579705e-187,1,1,0,"Plasma cells"
"PCOTH226",-1.16600052631579,1.66208030478705e-93,2.14461974811232e-92,1,1,0,"Plasma cells"
"PCOTH227",-0.670704140350878,1.12031718818331e-46,4.91367187799696e-46,1,1,0,"Plasma cells"
"PCOTH228",-2.72118238596491,3.9209550598477e-203,1.56838202393908e-199,1,1,0,"Plasma cells"
"PCOTH229",-0.654205824561405,1.80324915015021e-45,7.72269443319146e-45,1,1,0,"Plasma cells"
"PCOTH230",-0.764983017543861,2.05353415935685e-68,1.40894281945581e-67,1,1,0,"Plasma cells"
"PCOTH231",-1.32156852631579,1.66545658278943e-100,2.68622029482167e-99,1,1,0,"Plasma cells"
"PCOTH232",-0.800741929824562,6.05840641453572e-59,3.41800079804554e-58,1,1,0,"Plasma cells"
"PCOTH233",-0.717184385964913,3.80616549633686e-51,1.82113181642912e-50,1,1,0,"Plasma cells"
"PCOTH234",-1.15958340350877,1.12756349925607e-89,1.32654529324243e-88,1,1,0,"Plasma cells"
"PCOTH235",-1.52415547368421,5.67895986736194e-130,1.99261749731998e-128,1,1,0,"Plasma cells"
"PCOTH236",-1.21901435087719,1.1833849034814e-93,1.54690837056392e-92,1,1,0,"Plasma cells"
"PCOTH237",-0.870430807017544,3.19872810972514e-67,2.12187602635167e-66,1,1,0,"Plasma cells"
"PCOTH238",-0.987009649122808,3.7837927819523e-77,3.26189032926922e-76,1,1,0,"Plasma cells"
"PCOTH239",-0.500511087719299,2.85458994499108e-31,9.35164601143681e-31,1,1,0,"Plasma cells"
"PCOTH240",-1.30918431578947,1.10954349485232e-106,2.08364975559121e-105,1,1,0,"Plasma cells"
